ticker,name,sector,industry,country,theme,price,market_cap_bil,dollar_volume_mil,revenue_growth_1y,revenue_growth_2y,revenue_growth_3y,gross_margin,fcf_growth,debt_ratio,rsi,gap50,dist_high,above200,acceleration_score,transition_score,persistence_score,upside_score,entry_score,entry_grade,risk_penalty,acceleration_final,transition_final,persistence_final,total_score,best_type
AAL,"American Airlines Group, Inc. - Common Stock",Industrials,Airlines,United States,その他,13.704999923706055,9.064283136,1034.646666261757,0.007784398000405822,0.026956884140334925,0.07794408935900839,0.19166071788113412,-3.2751592356687897,0.5970796775342377,57.92235110222928,0.0921623984576445,0.1571340878973335,True,0,0,14,85,85,S,0,21.25,21.25,45.95,45.95,Persistence
AAOI,"Applied Optoelectronics, Inc. - Common Stock",Technology,Communication Equipment,United States,通信/光通信,170.0,13.641270272,2133.565297,0.8275018547109658,0.14573665493507806,-0.023211769246649732,0.300435579254578,-2.1202507096387455,0.2123220785623015,51.1220542108214,0.051219103194308876,0.23800988189519764,True,66,50,22,65,85,S,-10,57.75,45.75,35.35,57.75,Acceleration
AAON,"AAON, Inc. - Common Stock",Industrials,Building Products & Equipment,United States,その他,128.23500061035156,10.503948288,131.28918003163835,0.20109442086895685,0.027485241990281708,0.31473197207883097,0.26747827437666255,-1.4516879813806176,0.25178979075131486,44.280131884234954,0.1350994299978164,0.13440589707495632,True,27,5,33,65,70,A,0,37.0,20.5,48.400000000000006,48.400000000000006,Persistence
AAPL,Apple Inc. - Common Stock,Technology,Consumer Electronics,United States,その他,290.7699890136719,4273.139351552,14030.32658536118,0.0642551178283274,0.020219940775141214,-0.028004605303199367,0.4690516410716045,-0.09227347505215656,0.2746262258483859,39.19835524710057,0.0245966013231161,0.07750641575899789,True,38,12,29,10,77,A,0,37.7,18.2,33.85,37.7,Acceleration
ABNB,"Airbnb, Inc. - Class A Common Stock",Consumer Cyclical,Travel Services,United States,その他,129.6300048828125,76.936044544,459.4063261865967,0.10259412718429112,0.11949178178884744,0.18073580188117633,0.8295890858589985,,0.09307456772334294,36.86777296454932,-0.04082785955964482,0.10091544272503487,True,20,2,55,40,90,S,0,30.0,16.5,58.25,58.25,Persistence
ABTC,American Bitcoin Corp. - Class A Common Stock,Financial Services,Capital Markets,United States,その他,0.8446999788284302,1.516437632,9.297711665802048,1.5883668591078743,0.1008910296856004,-0.010958737309934399,0.503137758959625,,0.15113773473500455,25.494185438324678,-0.21760524426623143,0.9092696089413058,False,73,40,26,100,16,D,-35,36.349999999999994,11.600000000000001,7.5,36.349999999999994,Acceleration
ACDC,ProFrac Holding Corp. - Class A Common Stock,Energy,Oil & Gas Equipment & Services,United States,電力/エネルギー,6.920000076293945,1.251971584,9.655858782457162,-0.11369756720982245,-0.16695817490494297,0.08426781002638523,0.03651251416211762,-0.8254674977738201,0.4607671680074618,42.706502768756415,0.011370619728001269,0.34282998558620403,True,18,0,17,100,83,S,-5,31.799999999999997,18.3,45.95,45.95,Persistence
ACIW,"ACI Worldwide, Inc. - Common Stock",Technology,Software - Infrastructure,United States,ソフトウェア,41.959999084472656,4.265719296,29.599590394165038,0.10380433146332407,0.09755682823447125,0.02157534174320153,0.4899078408575608,-0.07720188589626295,0.273461652796686,43.38460551304392,-0.01763851343026287,0.21745617455576954,False,43,14,41,85,90,S,0,54.0,32.25,61.8,61.8,Persistence
ACLS,"Axcelis Technologies, Inc. - Common Stock",Technology,Semiconductor Equipment & Materials,United States,半導体,164.58999633789062,5.058491904,81.68182636708832,-0.17567850353435868,-0.09971572716884072,0.2289200628697019,0.4491375940351446,-0.16812425662911915,0.03109337709378404,60.41291557322909,0.18075211163143004,0.037485401532803365,True,4,0,29,85,37,C,0,19.45,16.45,44.6,44.6,Persistence
ACMR,"ACM Research, Inc. - Class A Common Stock",Technology,Semiconductor Equipment & Materials,United States,半導体,80.26000213623047,5.546727424,152.05318803610496,0.15239516287823576,0.4023413056302143,0.43435468274216116,0.4438732998339082,-2.022224895491865,0.1037217310166302,56.52206939427962,0.30101494966226866,0.13568811534895153,True,9,2,69,85,70,A,-10,16.5,11.25,63.2,63.2,Persistence
ACT,"Enact Holdings, Inc. - Common Stock",Financial Services,Insurance - Specialty,United States,その他,42.01499938964844,5.865325568,11.978629680736544,0.02833561052244432,0.04168205213550307,0.05371673244294087,,,0.10799806657492762,39.513360557127605,-0.0068672683250130245,0.043619836892340606,True,0,0,22,85,77,A,-20,0.4499999999999993,0.4499999999999993,28.75,28.75,Persistence
ADBE,Adobe Inc. - Common Stock,Technology,Software - Application,United States,ソフトウェア,232.22999572753906,93.867360256,1175.5142166784287,0.10527784236224134,0.10799113813179453,0.10240826990798592,0.8926753334174765,0.25136542613997204,0.22538649308380798,39.25813139087726,-0.056372259846263546,0.4418353192081772,False,25,26,75,40,45,C,0,29.25,30.0,60.25,60.25,Persistence
ADEA,Adeia Inc.  - Common Stock,Technology,Software - Application,United States,ソフトウェア,30.040000915527344,3.313224448,71.32082748364067,0.179142820671021,-0.032830231385742356,-0.11424294824039204,,-0.2147304431963989,0.41156813749214616,61.05585561585292,0.04333268090863894,0.1050840207593802,True,41,28,17,85,80,S,0,51.5,41.75,46.6,51.5,Acceleration
ADI,"Analog Devices, Inc. - Common Stock",Technology,Semiconductors,United States,半導体,402.29998779296875,195.955113984,2005.7922877730316,0.1689321605654812,-0.23390946142220995,0.024270612678441477,0.614669518890112,0.370454692501696,0.1805401203416052,51.79350027534254,0.0347078464570975,0.08081436824459468,True,46,33,42,25,100,S,0,48.25,38.5,49.35,49.35,Persistence
ADP,"Automatic Data Processing, Inc. - Common Stock",Technology,Software - Application,United States,ソフトウェア,229.14999389648438,91.599101952,596.7687181272904,0.07073521293991439,0.06608853998956263,0.09176096931198972,0.46027168071436564,0.2221634856157142,0.16986169951638863,59.04618230137473,0.0833972131145563,0.2531076883350493,False,31,24,50,40,58,B,0,35.05,29.8,49.1,49.1,Persistence
ADSK,"Autodesk, Inc. - Common Stock",Technology,Software - Application,United States,ソフトウェア,220.3300018310547,46.521634816,522.7091006544792,0.17533844397325068,0.11533563762052028,0.0983016983016983,0.9097973910630031,0.5787375415282392,0.21929894922595652,34.37918846895508,-0.07134300367769486,0.3257749745406698,False,62,26,65,40,53,B,0,57.8,30.8,56.35,57.8,Acceleration
ADTN,"ADTRAN Holdings, Inc. - Common Stock",Technology,Communication Equipment,United States,通信/光通信,14.300000190734863,1.158272768,38.61840677009626,0.1745784203225247,-0.1970063527978418,0.12048723789316027,0.38286798295268437,0.5756139482799031,0.20343663267449458,49.42837906288003,-0.09430615240735116,0.26288657361230305,True,46,54,34,100,73,A,-5,51.8,57.8,53.300000000000004,57.8,Transition
AEHR,Aehr Test Systems - Common Stock,Technology,Semiconductor Equipment & Materials,United States,半導体,92.69999694824219,2.915716608,204.06531441200713,-0.10948684647678879,0.019350071581410385,0.27803025831710243,0.4058641975308642,-13.305858987090367,0.07292536429013925,55.5519829965088,0.06564459287887552,0.20483791823420028,True,4,0,14,100,85,S,-10,16.5,13.5,39.7,39.7,Persistence
AEIS,"Advanced Energy Industries, Inc. - Common Stock",Industrials,Electrical Equipment & Parts,United States,電力/エネルギー,311.1400146484375,12.44891648,318.40110472728884,0.21376518218623483,-0.10496436767725571,-0.10275264952948432,0.37658438959306206,0.7013513513513514,0.2667138031267185,49.372852353371066,-0.10094816644716366,0.20000985526878676,True,46,36,30,65,90,S,0,53.25,45.75,50.75,53.25,Acceleration
AEP,"American Electric Power Company, Inc. - Common Stock",Utilities,Utilities - Regulated Electric,United States,電力/エネルギー,127.95999908447266,69.623676928,684.0776804035655,0.10927437756706049,0.038931619428932675,-0.033478449044018435,0.6100749680014628,-0.6949327817993796,0.43253538354010135,47.83643424773576,-0.023163891934346082,0.06023109207912271,True,50,14,14,40,87,S,0,52.2,25.200000000000003,35.10000000000001,52.2,Acceleration
AEVA,"Aeva Technologies, Inc. - Common Stock",Technology,Software - Infrastructure,United States,ソフトウェア,21.378000259399414,1.443767552,57.52869252984982,0.9943739658025372,1.1022727272727273,0.02862595419847328,-0.036506443940483434,-0.06843420817711122,0.5698020600887029,50.64016729119605,0.16099854649225104,0.434294793821624,True,32,58,22,100,45,C,-15,28.5,48.0,31.1,48.0,Transition
AFRM,"Affirm Holdings, Inc. - Class A Common Stock",Financial Services,Credit Services,United States,その他,63.38999938964844,21.22921984,292.0518282934746,0.38803847956886767,0.46285953582684974,0.1769024051132001,0.6751122375180343,1.0688896376726882,0.7040211551324083,43.628281884656154,0.011559759421324466,0.31232372336964315,False,48,85,87,65,73,A,-30,23.049999999999997,50.8,48.69999999999999,50.8,Transition
AGYS,"Agilysys, Inc. - Common Stock",Technology,Software - Application,United States,ソフトウェア,89.12999725341797,2.510491392,43.45374810345268,0.1585057904971991,0.16069804265067547,0.19891954661348546,0.6261055018289322,0.30191995415034867,0.03954910202521972,64.42377670216273,0.21575942060267814,0.3684098615550298,False,28,33,87,100,23,D,0,38.3,42.05,77.44999999999999,77.44999999999999,Persistence
AIP,"Arteris, Inc.  - Common Stock",Technology,Semiconductors,United States,半導体,32.75,1.51213248,39.042180537499995,0.22269766474949762,0.07561584615957963,0.06526658462027075,0.9023080519701328,3.0,0.05187297337239527,42.1763807188944,0.1368054306815073,0.13679490813305753,True,72,44,65,100,70,A,-5,71.0,50.0,69.75,71.0,Acceleration
AKAM,"Akamai Technologies, Inc. - Common Stock",Technology,Software - Infrastructure,United States,ソフトウェア,136.33999633789062,19.821852672,749.9757865125564,0.05437180294089349,0.04702302251883565,0.053990788170502346,0.589486416320614,-0.1614562347704292,0.4943871512380655,42.929980449959174,0.0929969012607726,0.15390345752571075,True,26,0,37,65,85,S,0,37.75,18.25,53.6,53.6,Persistence
ALAB,"Astera Labs, Inc. - Common Stock",Technology,Semiconductors,United States,半導体,341.125,58.471530496,2070.81955826875,1.151265487395594,2.422370761870218,0.44974459134615385,0.756882202867951,1.7507492848844588,0.0027065790238167205,62.46543149731487,0.5054020158673586,0.061657611316670524,True,62,87,83,40,37,C,0,56.2,74.95,63.050000000000004,74.95,Transition
ALGM,"Allegro MicroSystems, Inc. - Common Stock",Technology,Semiconductors,United States,半導体,46.130001068115234,8.590439424,102.39425594088364,0.22770846034377645,-0.30910158219193096,0.07776281693786184,0.4628377163811544,3.0,0.2160128515190566,52.82663330881655,0.05429399105364292,0.13968664701549732,True,53,42,38,85,85,S,0,61.0,52.75,59.150000000000006,61.0,Acceleration
ALGT,Allegiant Travel Company - Common Stock,Industrials,Airlines,United States,その他,85.19499969482422,2.289609472,52.484324185246656,0.037407630137678706,0.001088508229751735,0.09037508867948053,0.15371527200978755,0.9608375541747167,0.4429898695800186,61.4558326627735,0.03627541689782616,0.2578186338937461,True,27,30,34,100,63,B,0,41.55,43.8,56.300000000000004,56.300000000000004,Persistence
ALKT,"Alkami Technology, Inc. - Common Stock",Technology,Software - Application,United States,ソフトウェア,14.9399995803833,1.598866432,22.524092412370443,0.32886125164370716,0.26061148430508513,0.2964752533411661,0.578395948056866,2.185347235151741,0.43500148130312183,34.82428869435235,-0.10576407652116936,0.515092507648431,False,55,20,85,100,45,C,-5,55.75,29.5,75.75,75.75,Persistence
ALNT,Allient Inc. - Common Stock,Technology,Electronic Components,United States,半導体,86.91999816894531,1.484645248,23.647454701843262,0.04624807535549316,-0.08410497827642344,0.1503932499383683,0.3277118298652065,0.5446264805546056,0.350815017443018,83.23026948049412,0.22194176707754698,0.03207132277214466,True,34,24,30,100,22,D,-5,37.7,30.200000000000003,40.9,40.9,Persistence
ALRM,"Alarm.com Holdings, Inc. - Common Stock",Technology,Software - Application,United States,ソフトウェア,45.43000030517578,2.246994432,21.205831442950057,0.07592886775970471,0.06594781338396383,0.04643354352632872,0.6614918902240634,-0.2974234754614246,0.4987576003081544,63.983915312076405,0.017216331415195418,0.23851826313495353,False,42,12,41,100,70,A,0,53.5,31.0,61.55,61.55,Persistence
AMAL,Amalgamated Financial Corp. - Common Stock,Financial Services,Banks - Regional,United States,その他,43.599998474121094,1.30221632,4.824407411159134,0.044177125595621786,0.10766323084192289,0.07206108588795918,,0.09905143511325537,0.009228468260292524,66.1464689738361,0.055833436879943216,0.0,True,2,12,42,100,40,C,-25,0.0,3.0,31.1,31.1,Persistence
AMAT,"Applied Materials, Inc. - Common Stock",Technology,Semiconductor Equipment & Materials,United States,半導体,509.25,404.323827712,4163.5982343375,0.04386223138062997,0.02485198174755817,0.028388598022105877,0.4867456288776086,-0.23894750901562709,0.19422022645251935,71.41897339001235,0.21651431621459208,0.0,True,26,0,45,10,10,D,0,22.0,2.5,29.250000000000004,29.250000000000004,Persistence
AMBA,"Ambarella, Inc. - Ordinary Shares",Technology,Semiconductor Equipment & Materials,United States,半導体,65.3550033569336,2.86700544,115.83287150845909,0.3715338844715918,0.2578265054708267,-0.32917661415970095,0.5919242798859489,1.4730334683436368,0.016823190583521164,36.23742140310922,-0.048898962509894076,0.3157260821362496,False,74,68,46,100,63,B,0,76.8,72.3,62.9,76.8,Acceleration
AMD,"Advanced Micro Devices, Inc. - Common Stock",Technology,Semiconductors,United States,半導体,469.8900146484375,766.365925376,14251.596440540881,0.34337793290672874,0.13690476190476192,-0.03902377017922969,0.4951644100580271,1.8004158004158004,0.05000909965421314,54.49635674891736,0.25169821409499793,0.13387525301935682,True,67,32,46,10,70,A,0,58.75,32.5,41.8,58.75,Acceleration
AMKR,"Amkor Technology, Inc. - Common Stock",Technology,Semiconductor Equipment & Materials,United States,半導体,71.25,17.660915712,349.0286985,0.061777148996817195,-0.028505481645962328,-0.08298849975005587,0.13992272786699902,-0.44651550980664906,0.19185370172150543,53.87543189125012,0.0607228905870019,0.08668157490627584,True,30,12,25,65,85,S,0,40.75,27.25,47.0,47.0,Persistence
AMSC,American Superconductor Corporation - Common Stock,Industrials,Specialty Industrial Machinery,United States,その他,40.3927001953125,1.926507392,52.643493121124266,0.34259799477600555,0.5299336029497593,0.3741602506038647,0.3054570373217897,-0.29416312330885197,0.005409199154542172,26.876501412977007,-0.12454045625696153,0.394230653712562,False,21,20,84,100,24,D,-5,28.15,27.4,71.0,71.0,Persistence
AMZN,"Amazon.com, Inc. - Common Stock",Consumer Cyclical,Internet Retail,United States,その他,242.61000061035156,2609.78245632,9414.064839837145,0.12377754683294695,0.10990892246666145,0.11829574129883673,0.5028566486824266,-0.7659529168440903,0.18701607007953136,29.358609823061386,-0.043492111751346506,0.11774970280345787,True,31,14,63,10,73,A,0,32.05,19.3,51.75000000000001,51.75000000000001,Persistence
ANDE,"The Andersons, Inc. - Common Stock",Consumer Defensive,Food Distribution,United States,その他,73.9800033569336,2.519319296,20.20639135388985,-0.02208473816856033,-0.2367822020605674,-0.1486415539188049,0.06482474951239575,-1.3078395559431546,0.25434924068743214,66.46882593537286,0.009806003063508878,0.0684965366083181,True,18,0,6,100,67,A,-20,15.200000000000003,1.6999999999999993,21.700000000000003,21.700000000000003,Persistence
AOSL,Alpha and Omega Semiconductor Limited - Common Shares,Technology,Semiconductors,United States,半導体,41.064998626708984,1.229058048,40.24687297856865,0.0591655839117324,-0.04924919104149881,-0.1109006214375373,0.23127375524662364,0.33977851995078223,0.04921961939586369,50.53664182850478,0.06762996378696025,0.2298387310250647,True,35,12,10,100,85,S,-5,44.75,27.5,42.5,44.75,Acceleration
APA,APA Corporation - Common Stock,Energy,Oil & Gas E&P,United States,電力/エネルギー,37.5,13.237460992,189.49959375,-0.08390674745814933,0.17610822563111486,-0.2524604966139955,0.40560538116591927,1.5091678420310297,0.2584313946286808,41.33333478655134,-0.024853075194928048,0.14956059679211392,True,16,24,30,65,100,S,0,31.75,37.75,52.75,52.75,Persistence
APLD,Applied Digital Corporation - Common Stock,Technology,Information Technology Services,United States,その他,41.5,11.85943552,863.1304543,0.05544657365793673,1.4663850375505487,3.0,0.29642215641535996,-5.225871968128735,0.37585196434396206,53.30661177105247,0.11411190785086454,0.16414906899108367,True,0,0,26,65,70,A,-10,6.75,6.75,34.55,34.55,Persistence
APP,Applovin Corporation - Class A Common Stock,Communication Services,Advertising Agencies,United States,その他,500.6300048828125,168.181399552,2283.9912797595334,0.6999436734698942,0.7505291128821205,-0.3462108341397302,0.8786399662671873,0.901546112822155,0.4882825661433603,53.45067565279819,0.04171738970993884,0.31757085394809115,False,52,56,45,25,73,A,0,50.05,53.05,45.60000000000001,53.05,Transition
APPF,"AppFolio, Inc. - Class A Common Stock",Technology,Software - Application,United States,ソフトウェア,166.5,5.887195648,61.685652600000004,0.1972042377128237,0.2800522205836134,0.31482804000144105,0.6367974237028592,0.3013543456758743,0.05538726818555896,52.70012010425462,0.032705435464431755,0.48171206225680935,False,22,14,97,85,65,A,0,35.75,29.75,87.6,87.6,Persistence
APPN,Appian Corporation - Class A Common Stock,Technology,Software - Infrastructure,United States,ソフトウェア,22.770000457763672,1.671593984,23.352043793964956,0.17813789459695117,0.13139688611071892,0.16532796570874225,0.7254246241421196,3.0,0.43347145987460134,55.4125662049084,0.019599431524821243,0.5010955135348202,False,53,63,71,100,65,A,-5,56.25,63.75,72.05000000000001,72.05000000000001,Persistence
APPS,"Digital Turbine, Inc. - Common Stock",Technology,Software - Application,United States,ソフトウェア,10.0600004196167,1.213859584,98.56211922816394,0.15238345708309378,-0.09913275369984682,-0.18236124459394523,0.4858761859775569,1.717189203051869,0.43829293272532416,85.27529196967096,1.0842830073271552,0.0,True,65,67,30,100,10,D,-5,59.75,61.25,38.5,61.25,Transition
ARCB,ArcBest Corporation - Common Stock,Industrials,Trucking,United States,その他,158.52000427246094,3.5292544,52.34750619087982,-0.04040685146442263,-0.056110039135455834,-0.11961901830341093,0.06863968950849318,1.1983815381930811,0.1894199037617087,76.11103298901713,0.28305311075219014,0.0848631615555332,True,42,12,30,85,35,C,0,47.75,25.25,44.75,47.75,Acceleration
ARRY,"Array Technologies, Inc. - Common Stock",Technology,Solar,United States,その他,7.25,1.115241344,38.390296424999995,0.40219609590230254,-0.41910727911751666,-0.03724780861117795,0.2324923820670783,-0.4105347897694961,0.5277567309917675,39.32346808297004,-0.09685455922277199,0.3938127109635627,False,32,26,17,100,53,B,-5,39.3,34.8,39.95,39.95,Persistence
ASO,"Academy Sports and Outdoors, Inc. - Common Stock",Consumer Cyclical,Specialty Retail,United States,その他,49.30500030517578,3.180573696,76.86835920478057,0.020218254135452394,-0.03666672024426188,-0.036869321116428225,0.34783892197031296,-0.32451590067191094,0.3586200662644712,45.900606777240974,-0.08944509010545712,0.19194713581585737,False,34,0,25,85,80,S,0,46.25,20.75,51.0,51.0,Persistence
ASST,"Strive, Inc. - Class A Common Stock",Financial Services,Asset Management,United States,その他,14.095000267028809,1.116192384,68.20123183431764,0.48995464414780515,,,-2.836164383561644,-0.24325916199881384,0.0047107616491421506,34.19178974983849,-0.05777675117272273,0.9209034763837697,False,24,38,10,100,45,C,-35,2.5,13.0,4.5,13.0,Transition
ASTE,"Astec Industries, Inc. - Common Stock",Industrials,Farm & Heavy Construction Machinery,United States,その他,52.0,1.195616768,9.597673799999999,0.08068347253084054,-0.024734718278284263,0.04998038446449588,0.2653148043108338,3.0,0.2544616734932709,65.80459612618172,-0.05117669061620429,0.19816380142985376,True,30,24,26,100,70,A,-25,19.5,15.0,28.299999999999997,28.299999999999997,Persistence
ATEX,Anterix Inc. - Common Stock,Communication Services,Telecom Services,United States,その他,64.5999984741211,1.210144512,22.618917495731733,0.43903602958721066,1.183949973944763,0.7702952029520295,,-2.9243561143784222,0.016181132619242037,62.86508224945154,0.24701274595549771,0.04930093634401194,True,24,38,48,100,37,C,-15,21.700000000000003,32.2,43.800000000000004,43.800000000000004,Persistence
ATLC,Atlanticus Holdings Corporation - Common Stock,Financial Services,Credit Services,United States,その他,88.45500183105469,1.337262464,9.479563327230835,0.3446726786907148,0.16799369579888973,-0.12382889272469366,,0.353544361185246,0.8582619012137863,58.52411051041721,0.1704840587961811,0.017166646321614583,True,49,32,28,100,45,C,-45,11.25,0.0,4.400000000000006,11.25,Acceleration
ATRO,Astronics Corporation - Common Stock,Industrials,Aerospace & Defense,United States,防衛/宇宙,83.93000030517578,3.008081152,49.418429008689124,0.08385695212376765,0.1541193779508594,0.2884908037854229,0.2994427741588256,0.9478724365344656,0.535398017201611,48.02386675579957,0.08246213198519364,0.048088895903628553,True,15,54,49,85,72,A,0,31.2,60.45,62.6,62.6,Persistence
AUR,"Aurora Innovation, Inc.  - Class A Common Stock",Consumer Cyclical,Auto Parts,United States,その他,6.050000190734863,11.865278464,196.98983240288473,,,-1.0,-4.666666666666667,0.05116279069767442,0.03585147247119078,32.107027144954046,0.004449491074818335,0.27976184934715315,True,2,12,10,65,73,A,-10,8.55,16.05,26.35,26.35,Persistence
AVAV,"AeroVironment, Inc. - Common Stock",Industrials,Aerospace & Defense,United States,防衛/宇宙,173.64999389648438,8.787570688,217.95636439668732,0.14497572273691262,0.3259431379223586,0.21269282887474986,0.38828359291127396,-1.6258296159286258,0.057373633169636444,54.03598484800781,-0.05929912862415175,0.5762877300686133,False,9,2,61,85,55,B,-10,15.0,9.75,55.80000000000001,55.80000000000001,Persistence
AVGO,Broadcom Inc. - Common Stock,Technology,Semiconductors,United States,半導体,380.75,1811.448725504,10816.5291217125,0.23874432853763525,0.4398503587481504,0.07878806131976027,0.6776652527118193,0.38631915112805193,0.3807074556379024,40.45691216491418,-0.05691409125630848,0.20935690718035377,True,36,43,75,10,90,S,0,37.5,42.75,61.75,61.75,Persistence
AVPT,"AvePoint, Inc. - Class A Common Stock",Technology,Software - Infrastructure,United States,ソフトウェア,10.34000015258789,2.192257792,18.672494962550928,0.26934901144389106,0.21578957049572337,0.16994994383207296,0.7406393847870187,-0.05539999291106937,0.012606740405559688,49.86072112613199,0.017967028731415275,0.4645261295410777,False,57,47,92,100,65,A,0,64.25,56.75,88.6,88.6,Persistence
AVT,"Avnet, Inc. - Common Stock",Technology,Electronics & Computer Distribution,United States,その他,86.01499938964844,7.05530112,120.28114305725022,-0.065511914339481,-0.10475051683730277,0.09157170576850333,0.107426801810425,0.24492455329596596,0.23746308655827145,53.503204963678186,0.08813676779075828,0.07441085648142637,True,23,12,30,85,72,A,0,37.2,28.95,52.15,52.15,Persistence
AXON,"Axon Enterprise, Inc. - Common Stock",Industrials,Aerospace & Defense,United States,防衛/宇宙,438.0,35.30371072,504.16079790000003,0.33469450081295504,0.3343546705674829,0.3146680728437939,0.5965474093517767,-0.7721552406934789,0.272796944936605,58.47036533270326,0.07011605430642966,0.49711239797807594,False,52,8,84,40,50,B,0,50.0,17.0,66.2,66.2,Persistence
AXTI,AXT Inc - Common Stock,Technology,Semiconductor Equipment & Materials,United States,半導体,83.44999694824219,5.459564544,697.8339929302826,-0.11105967129960448,0.3109176067022891,-0.4628962995507306,0.12727849104453956,-0.05004753117485881,0.1494313557778541,41.3731219829859,-0.08294691179744662,0.40744162562497055,True,0,0,10,85,65,A,-10,9.25,9.25,29.75,29.75,Persistence
BAND,Bandwidth Inc. - Class A Common Stock,Technology,Software - Infrastructure,United States,ソフトウェア,62.625,2.005083904,67.48922152499999,0.007121032162215242,0.2451602599826656,0.048791594550834684,0.3914093208298566,-0.03338290344084919,0.456149234249169,54.976000166666644,0.5072165855873002,0.14435034962410717,True,4,0,41,100,70,A,0,25.0,22.0,61.55,61.55,Persistence
BANF,BancFirst Corporation - Common Stock,Financial Services,Banks - Regional,United States,その他,113.09500122070312,3.79845248,16.003055767730714,0.09371936609290694,0.035393136830506475,0.09408345592192602,,0.05530666049129807,0.006618687795646212,56.656953825697755,0.012721822986674106,0.16055138764304547,False,20,24,42,85,90,S,-20,16.75,19.75,42.35,42.35,Persistence
BANR,Banner Corporation - Common Stock,Financial Services,Banks - Regional,United States,その他,65.37000274658203,2.232373248,13.81791118057251,0.08468628046100543,-0.021393420804902908,-0.012222884882997621,,-0.11268966504437446,0.01619775562524489,58.71986060424409,0.0195274866154978,0.02746602586083313,True,18,12,25,100,75,A,-20,16.0,11.5,33.75,33.75,Persistence
BATRA,"Atlanta Braves Holdings, Inc. - Series A Common Stock",Communication Services,Entertainment,United States,その他,54.16999816894531,3.474670592,2.2902560610847473,0.10523456879537924,0.03446564283785492,0.08853118028547594,0.3019036385380318,0.6238649793894671,0.518402037948998,54.34378391184876,0.030278788419180993,0.02114206686694172,True,42,46,18,85,75,A,0,51.75,54.75,46.15,54.75,Transition
BATRK,"Atlanta Braves Holdings, Inc. - Series C Common Stock",Communication Services,Entertainment,United States,その他,49.529998779296875,3.1770432,15.231777263601684,0.10523456879537924,0.03446564283785492,0.08853118028547594,0.3019036385380318,0.6238649793894671,0.518402037948998,42.97187924413834,0.02426977164446743,0.032239185542014215,True,42,46,18,85,87,S,0,52.95,55.95,48.55,55.95,Transition
BCPC,Balchem Corporation - Common Stock,Basic Materials,Specialty Chemicals,United States,その他,163.0800018310547,5.23973376,29.48025732100296,0.08753108996271301,0.03387215848419245,-0.021137402133796286,0.3573533906500534,0.18265248944225013,0.10715302339152155,55.66266322761877,-0.017702783469144844,0.11011673731676609,True,36,24,34,85,100,S,0,49.75,40.75,59.95,59.95,Persistence
BELFA,Bel Fuse Inc. - Class A Common Stock,Technology,Electronic Components,United States,半導体,245.49000549316406,3.169353472,29.089338200912476,0.263023755029993,-0.1641432731126126,-0.02204107710861421,0.39146649295659963,0.144339182066849,0.23673652694610778,61.62523905046914,0.04678545841083328,0.0933298986594628,True,36,36,34,85,80,S,0,47.75,47.75,55.95,55.95,Persistence
BELFB,Bel Fuse Inc. - Class B Common Stock,Technology,Electronic Components,United States,半導体,282.760009765625,4.0216128,97.80650358392334,0.263023755029993,-0.1641432731126126,-0.02204107710861421,0.39146649295659963,0.144339182066849,0.23673652694610778,65.3782845684345,0.08620647053635769,0.06596637431366198,True,36,36,34,85,52,B,0,44.95,44.95,50.35,50.35,Persistence
BFC,Bank First Corporation - Common Stock,Financial Services,Banks - Regional,United States,その他,145.6999969482422,1.635169792,14.398518083415984,0.10013062765943688,0.12488542954826508,0.16185904208115348,,-0.12937122581965815,0.027066894950062082,55.773411788171934,0.025995630717213433,0.03683454639428576,True,5,14,55,100,87,S,-25,2.450000000000003,9.200000000000003,47.650000000000006,47.650000000000006,Persistence
BGC,"BGC Group, Inc. - Class A Common Stock",Financial Services,Capital Markets,United States,その他,10.930000305175781,5.236089344,33.44994121795349,0.30863842254695584,0.11445373915581933,0.1159243530529027,0.3889234615870773,0.34946875192667337,0.4516652240066782,43.59404180783592,-0.005685603194692953,0.0727928426747758,True,44,32,63,85,87,S,-20,34.45,25.450000000000003,53.30000000000001,53.30000000000001,Persistence
BHRB,Burke & Herbert Financial Services Corp. - Common Stock,Financial Services,Banks - Regional,United States,その他,65.80999755859375,1.326058624,11.421983176269531,0.3146172525754912,1.3505703422053232,-0.07921710887079765,,0.184607051408312,0.06785953534480735,64.20022589358095,0.0372124849174972,0.044801122782647675,True,16,32,38,100,67,A,-25,8.700000000000003,20.700000000000003,34.300000000000004,34.300000000000004,Persistence
BKNG,Booking Holdings Inc. - Common Stock,Consumer Cyclical,Travel Services,United States,その他,160.8300018310547,124.62370816,1125.3383386295127,0.1338725304351489,0.11111631172478352,0.25014628437682856,,0.15112743856093236,0.6592741935483871,56.318267441204675,-0.05014466183193326,0.3028185098566718,False,28,14,57,25,63,B,-10,21.05,10.55,40.2,40.2,Persistence
BKR,Baker Hughes Company - Common Stock,Energy,Oil & Gas Equipment & Services,United States,電力/エネルギー,63.29999923706055,62.79794688,457.5650129750805,-0.0034496388659312227,0.09107660942523328,0.20561542824730572,0.23596437457180977,0.23515092502434273,0.14889557496147354,41.1376284360612,-0.013239480413436611,0.08839275619630536,True,5,12,30,40,100,S,0,19.75,25.0,46.5,46.5,Persistence
BL,"BlackLine, Inc. - Common Stock",Technology,Software - Application,United States,ソフトウェア,27.75,1.627840384,44.263644825,0.07207776702952233,0.10735666004515285,0.1282331748696786,0.7524581433896752,-0.1774433522768848,0.5231014839851118,37.469583740043646,-0.0948292737448119,0.5283019014738232,False,18,0,52,100,45,C,-5,28.0,14.5,57.6,57.6,Persistence
BLBD,Blue Bird Corporation - Common Stock,Industrials,Farm & Heavy Construction Machinery,United States,その他,71.05999755859375,2.2488064,34.13741468914185,0.09868582211090937,0.18923227809493878,0.414864664011281,0.2050626343237851,0.5998288975367505,0.14445946054009964,65.46720348247372,0.07964710772818245,0.023095963081029437,True,9,24,67,100,40,C,-20,5.75,17.0,49.849999999999994,49.849999999999994,Persistence
BLKB,"Blackbaud, Inc. - Common Stock",Technology,Software - Application,United States,ソフトウェア,27.209999084472656,1.24981248,19.25600480409851,-0.02274246854387229,0.042945405932723925,0.04628557657321343,0.5878346102546606,-0.11025095183350891,0.4667542567351074,32.67327548570837,-0.20728334698580045,0.6200251521777068,False,14,42,25,100,33,D,-5,23.8,44.8,40.35,44.8,Transition
BOKF,BOK Financial Corporation - Common Stock,Financial Services,Banks - Regional,United States,その他,131.14999389648438,7.968672768,32.294630239558415,0.08261782457445242,-0.019634800309903232,0.08584797765412278,,,0.05950347816217319,52.817867364292994,0.0013229928168047775,0.04580404705698456,True,18,12,10,85,87,S,-20,14.950000000000003,10.450000000000003,24.150000000000006,24.150000000000006,Persistence
BPOP,"Popular, Inc. - Common Stock",Financial Services,Banks - Regional,United States,その他,157.49000549316406,10.164043776,70.23610910629654,0.08873118648428455,0.05837050304480258,-0.0997856517399114,,0.476202553597364,0.020463961035759457,69.74899502878637,0.07215859018353261,0.0,True,35,24,30,65,40,C,-20,20.0,11.75,20.75,20.75,Persistence
BRUN,Boost Run Inc. - Class A Common Stock,Technology,Software - Infrastructure,United States,ソフトウェア,28.104999542236328,1.726452736,64.99751059734498,2.3884057971014494,,,0.8552832223751256,3.0,0.5941834336338043,55.560683415934264,0.35291906842259646,0.2830357399174488,True,52,35,37,100,53,B,-5,54.3,41.55,50.95,54.3,Acceleration
BRZE,"Braze, Inc. - Class A Common Stock",Technology,Software - Application,United States,ソフトウェア,21.6200008392334,2.435096832,72.16347121620225,0.24396622908275897,0.25775752437473504,0.3274211790921317,0.6714563617102557,1.9581295843520783,0.07421187925193737,46.38554569875083,-0.04871273610072401,0.4025973567382956,False,33,17,97,100,65,A,0,46.25,34.25,91.35,91.35,Persistence
BSY,"Bentley Systems, Incorporated - Class B Common Stock",Technology,Software - Application,United States,ソフトウェア,32.375,9.8354176,83.27149306875,0.10988437618940282,0.10149843741477825,0.11767183886188656,0.815199173779897,0.23492923374940058,0.3613700847245713,44.7044671562246,-0.026921003176400362,0.44495864581846856,False,43,26,71,85,65,A,0,51.5,38.75,73.30000000000001,73.30000000000001,Persistence
BULL,Webull Corporation - Class A Ordinary Shares,Technology,Software - Application,United States,ソフトウェア,5.460000038146973,2.90372992,75.23262663062215,0.46323267288603315,0.0016095941050902206,0.0032694884585113206,0.7745187667477075,2.0718133318920744,0.01997567297325036,24.414726386439582,-0.1405635088444038,0.6922209634390077,False,69,77,72,100,16,D,0,68.35,74.35,67.8,74.35,Transition
BUSE,First Busey Corporation - Common Stock,Financial Services,Banks - Regional,United States,その他,28.360000610351562,2.398608384,19.133848639790344,0.5594144480924054,0.0471560028593149,-0.020855414164172505,,0.0064945267899230085,0.01784759523695899,69.28746698458937,0.06826904715077736,0.0,True,50,34,38,100,40,C,-20,36.5,24.5,33.900000000000006,36.5,Acceleration
BWIN,"The Baldwin Insurance Group, Inc. - Class A Common Stock",Financial Services,Insurance Brokers,United States,その他,19.3700008392334,1.888380416,27.537349102595616,0.0814579983331432,0.13952021090649552,0.24574544786903643,0.2896545097957535,-7.62677816224529,0.4584000911392929,44.61980008143857,-0.09958903909259806,0.5651100035680351,False,0,0,29,100,55,B,-35,0.0,0.0,16.950000000000003,16.950000000000003,Persistence
CACC,Credit Acceptance Corporation - Common Stock,Financial Services,Credit Services,United States,その他,566.9500122070312,5.93033728,78.86994696315308,0.07196738977650752,0.1353867432705607,0.03115743280307186,0.618995585471393,-0.07314496963295485,0.7361122374503284,54.03927526175117,0.09353545105315202,0.011662370599279588,True,22,26,39,85,60,B,-30,5.25,8.25,24.700000000000003,24.700000000000003,Persistence
CAKE,The Cheesecake Factory Incorporated - Common Stock,Consumer Cyclical,Restaurants,United States,その他,68.7249984741211,3.41462656,70.58832904900017,0.04749338233056435,0.041342019471999294,0.041277796144051325,0.4333286422592213,0.4407007960189698,0.6529887125376187,78.1114625562436,0.12300159469210253,0.0,True,39,12,36,85,10,D,-30,13.0,0.0,13.049999999999997,13.049999999999997,Persistence
CALM,"Cal-Maine Foods, Inc. - Common Stock",Consumer Defensive,Farm Products,United States,その他,78.2300033569336,3.70627072,55.00444629729996,0.8319318375734974,-0.2605586327961485,0.7703632595620313,0.4342878796588833,2.4950440709604904,,49.866196425824775,0.02069318208000324,0.31057007772705286,False,66,64,32,85,73,A,-20,49.55,48.05,33.45,49.55,Acceleration
CAR,"Avis Budget Group, Inc. - Common Stock",Industrials,Rental & Leasing Services,United States,その他,181.210205078125,6.401247744,169.03848775272218,-0.017897091722595078,-0.08228048010107392,-0.026819334511642205,0.676274750306641,-0.8303789731051344,0.9135553635985539,81.18587635935334,-0.21075214612186,0.7461935200164409,True,30,18,12,85,18,D,-20,17.049999999999997,8.05,11.450000000000003,17.049999999999997,Acceleration
CARG,"CarGurus, Inc. - Class A Common Stock",Consumer Cyclical,Auto & Truck Dealerships,United States,その他,27.760000228881836,2.503593728,43.31580076913977,0.1365037516728401,0.1426403272524738,-0.5780022778974463,0.9278186950098127,0.6463771704478628,0.28831222984845073,47.463365239322876,-0.15748324824547438,0.28875221375597665,False,35,33,41,100,51,B,0,46.35,44.85,57.75,57.75,Persistence
CART,Maplebear Inc. - Common Stock,Consumer Cyclical,Internet Retail,United States,その他,41.7400016784668,9.810144256,149.0653667622803,0.10775606867969213,0.11045364891518737,0.1924735397883183,0.7370390165686799,0.4606741573033708,0.009764035801464606,51.83947405688362,0.019023110273688835,0.1937415238672792,True,22,14,72,85,100,S,0,39.25,33.25,80.85,80.85,Persistence
CASH,"Pathward Financial, Inc. - Common Stock",Financial Services,Banks - Regional,United States,その他,81.45999908447266,1.719623296,14.863680192947388,0.04008683447872293,0.07838612300217619,0.15827263207225137,,0.11574102456484525,0.00591940375419807,45.40228769080533,-0.0648562383286303,0.18482939221752898,True,2,24,42,100,90,S,-25,0.5,17.0,41.099999999999994,41.099999999999994,Persistence
CASY,"Caseys General Stores, Inc. - Common Stock",Consumer Cyclical,Specialty Retail,United States,その他,855.5,31.71076096,466.94285040000005,0.07252858171207757,-0.015340844911797198,0.16536309252030906,0.23539469135335467,0.5760387546536047,0.36036263123897583,50.568244825501466,0.07573313335660942,0.036989492878338484,True,27,24,26,40,72,A,0,33.45,31.2,38.7,38.7,Persistence
CATY,Cathay General Bancorp - Common Stock,Financial Services,Banks - Regional,United States,その他,59.32500076293945,3.976879616,22.274915247712897,0.12083144333640758,-0.09915460756162056,0.02470174355575065,,0.11716366786577742,0.007132605503810942,64.59890921208168,0.07359041795451511,0.0,True,25,26,30,85,40,C,-20,15.5,16.25,25.75,25.75,Persistence
CBRL,"Cracker Barrel Old Country Store, Inc. - Common Stock",Consumer Cyclical,Restaurants,United States,その他,45.68000030517578,1.020994752,48.75872954574394,0.003723101728093139,0.0081195349842338,0.05355981083216588,0.3295324719463648,0.4687231166277498,0.5456393590035358,86.81988315791753,0.46881115317450345,0.3505035212971165,True,9,24,38,100,18,D,-25,0.0,9.799999999999997,24.500000000000007,24.500000000000007,Persistence
CBSH,"Commerce Bancshares, Inc. - Common Stock",Financial Services,Banks - Regional,United States,その他,54.224998474121094,7.904765952,61.085569682316205,0.06262059530350043,0.0488368442255789,0.05097513559930719,,0.11408507389144033,0.0003888186357326878,68.1270928118022,0.058496741105962084,0.12124290947176558,True,20,24,42,85,65,A,-20,14.25,17.25,37.35,37.35,Persistence
CCB,Coastal Financial Corporation - Common Stock,Financial Services,Banks - Regional,United States,その他,72.75,1.109350784,8.450716387500002,-0.10663269023965305,0.2984053167576494,0.6463491194365905,,-0.01495882122247745,0.011182263942344905,58.645419440810436,-0.036747901174022754,0.388501309123799,False,0,12,33,100,73,A,-25,0.0,6.300000000000001,32.75000000000001,32.75000000000001,Persistence
CCC,CCC Intelligent Solutions Holdings Inc. - Common Stock,Technology,Software - Application,United States,ソフトウェア,4.65500020980835,2.732208384,47.59920260362265,0.11875635055038103,0.09051707222482565,0.10726591415659571,0.7349169962942325,0.10236752514358481,0.38126456582915247,52.23367832738024,-0.07860093461253535,0.5358922897568815,False,37,14,58,100,55,B,0,48.25,31.0,67.9,67.9,Persistence
CDNS,"Cadence Design Systems, Inc. - Common Stock",Technology,Software - Application,United States,ソフトウェア,386.45001220703125,106.589093888,905.7442063277923,0.14123200059294191,0.13478725844049344,0.14831831155638936,0.8636432203164237,0.419407178296418,0.2576973171276534,61.4932155082214,0.13367479420885847,0.07190374741979562,True,43,26,71,25,37,C,0,39.7,26.95,52.7,52.7,Persistence
CDW,CDW Corporation - Common Stock,Technology,Information Technology Services,United States,その他,130.63999938964844,16.68971008,269.283586489904,0.06788039259573211,-0.01765063622754491,-0.09990862657745476,0.21732867762808764,-0.05767731878409977,0.361088581375326,71.58662903592409,0.05727671168581269,0.2716868779196651,False,30,0,21,65,23,D,0,34.55,12.05,32.4,34.55,Acceleration
CECO,CECO Environmental Corp. - Common Stock,Industrials,Pollution & Treatment Controls,United States,その他,100.55000305175781,3.6070336,99.67863169781113,0.38794622293357806,0.02402151070487937,0.2891864457311057,0.3476660713524738,-1.73485254691689,0.26857163316248384,66.60344793340118,0.3450569766671734,0.0,True,36,20,37,85,25,D,0,42.25,30.25,46.6,46.6,Persistence
CEG,Constellation Energy Corporation - Common Stock When-Issued,Utilities,Utilities - Independent Power Producers,United States,電力/エネルギー,245.77499389648438,87.766745088,998.3595919632339,0.08337576374745417,-0.054177702865398504,0.01955810147299509,0.18380135510907453,1.2561145356929808,0.15706824573354994,31.293148384107496,-0.14079879708769705,0.3891086789742709,False,30,25,30,40,41,C,0,32.6,28.85,34.7,34.7,Persistence
CELH,"Celsius Holdings, Inc. - Common Stock",Consumer Defensive,Beverages - Non-Alcoholic,United States,その他,28.059999465942383,7.173267968,275.4594448472624,0.8554244152165413,0.028539909287761737,1.0165329465547945,0.5038558500104761,0.350163668854485,0.13085460818291042,47.60302968372671,-0.12818156089240282,0.5673758988299478,False,59,36,58,85,43,C,-20,41.3,24.049999999999997,41.75000000000001,41.75000000000001,Persistence
CENT,Central Garden & Pet Company - Common Stock,Consumer Defensive,Packaged Foods,United States,その他,41.439998626708984,2.59293312,2.7255833016761777,-0.0223080432187873,-0.033117900668956035,-0.008538040632746538,0.31873301408983645,-0.17247417961831604,0.3972556040404419,72.19175691296014,0.08972905060487735,0.0,True,25,12,25,100,25,D,-20,16.25,6.5,23.75,23.75,Persistence
CENTA,Central Garden & Pet Company - Class A Common Stock Nonvoting,Consumer Defensive,Packaged Foods,United States,その他,36.720001220703125,2.297599232,10.097596415679932,-0.0223080432187873,-0.033117900668956035,-0.008538040632746538,0.31873301408983645,-0.17247417961831604,0.3972556040404419,71.84642464614682,0.08033047567661282,0.014757156702582683,True,25,12,25,100,25,D,-20,16.25,6.5,23.75,23.75,Persistence
CENX,Century Aluminum Company - Common Stock,Basic Materials,Aluminum,United States,その他,59.95000076293945,5.933494272,109.4647057255766,0.13853983695896951,0.01596961654617004,-0.21312065675296152,0.10142806281894062,1.7932647333956968,0.24161635746706034,51.68442630738565,-0.04141654464615068,0.12825354530559238,True,47,27,30,85,100,S,0,58.0,43.0,57.75,58.0,Acceleration
CEVA,"CEVA, Inc. - Common Stock",Technology,Semiconductors,United States,半導体,42.72999954223633,1.19043072,40.324853921502495,0.02486464245972003,0.09772221024646116,-0.1921000472703449,0.8708188105622365,-13.164728682170542,0.04154732959696695,57.949933262158346,0.321012523801923,0.146424323411336,True,15,0,25,100,70,A,-15,18.25,7.0,37.75,37.75,Persistence
CG,The Carlyle Group Inc. - Common Stock,Financial Services,Asset Management,United States,その他,44.58000183105469,16.047661056,146.02587729678726,-0.05560780625440865,1.569400392689926,-0.6053408041009746,,-3.031175346392738,0.4771671932957824,45.584732816087666,-0.06375389138169411,0.3438847340764723,False,0,0,10,65,63,B,-30,0.0,0.0,4.350000000000001,4.350000000000001,Persistence
CGNX,Cognex Corporation - Common Stock,Technology,Scientific & Technical Instruments,United States,その他,60.439998626708984,10.058391552,122.21134536716767,0.08730747992105105,0.09189693235125909,-0.16752278623184805,0.6691677754211507,0.7664468285113177,0.037978631874657526,42.495384329299874,0.023356542788375945,0.11546909107149836,True,24,31,42,65,100,S,0,37.75,43.0,59.35,59.35,Persistence
CHCO,City Holding Company - Common Stock,Financial Services,Banks - Regional,United States,その他,129.19000244140625,1.823021568,10.941540552770995,0.07058464474395044,0.009344139818640834,0.1476970716602053,,-0.005743478597414661,0.022314727511887057,69.45054453688515,0.04040788550166828,0.0123004616406184,True,18,12,37,100,55,B,-25,9.0,4.5,31.35,31.35,Persistence
CHDN,"Churchill Downs, Incorporated - Common Stock",Consumer Cyclical,Gambling,United States,その他,88.95999908447266,6.200237056,65.3014431679535,0.07007277913908495,0.11073648291830848,0.3602055475743176,0.3358282921494241,0.37173238812583076,0.686565568842274,58.95643487639476,-0.012499178294070167,0.24347306867117083,False,9,12,51,85,90,S,-10,18.5,20.75,57.3,57.3,Persistence
CHEF,"The Chefs' Warehouse, Inc. - Common Stock",Consumer Defensive,Food Distribution,United States,その他,82.94000244140625,3.38209664,30.833389636605833,0.09364922149842972,0.10497200884277685,0.31390690820651573,0.24197639399287196,-0.15220897107817102,0.4807202342003751,73.37229118531897,0.1403509112386158,0.0,True,0,12,44,85,10,D,-20,0.0,2.75,27.450000000000003,27.450000000000003,Persistence
CHRD,Chord Energy Corporation - Common Stock,Energy,Oil & Gas E&P,United States,電力/エネルギー,135.2550048828125,7.614746624,89.76053676192628,-0.07121503720566542,0.3475919388006234,0.06851141029627668,0.17764970599488306,-0.24552797358171632,0.1243710358219508,37.061705203254334,-0.019365550971976068,0.08827089160807693,True,0,0,33,85,90,S,0,21.75,21.75,57.400000000000006,57.400000000000006,Persistence
CHRN,ChronoScale Corporation - Common Stock,Technology,Information Technology Services,United States,その他,19.100000381469727,2.733083648,7.411322533020686,,,,-0.3665023229354319,,0.7229454306377383,59.47638116972267,0.3857952594384384,0.18236301873186142,True,0,0,0,100,70,A,-20,2.0,2.0,19.0,19.0,Persistence
CHRW,"C.H. Robinson Worldwide, Inc. - Common Stock",Industrials,Integrated Freight & Logistics,United States,その他,186.9949951171875,22.041667584,322.4986182904175,-0.08418599177340694,0.007303351023840443,-0.2874960445000076,0.08373509796206598,0.9410850145815509,0.27585624728544567,59.479543722070325,0.06944652684898615,0.061382899036023876,True,9,24,26,65,72,A,0,23.7,34.95,44.95,44.95,Persistence
CHTR,"Charter Communications, Inc. - Class A Common Stock",Communication Services,Telecom Services,United States,その他,133.8699951171875,20.974532608,406.4449813522095,-0.005645820096214941,0.00875345651656381,0.010828921550479435,0.5653777339613685,0.3976589686807972,0.6297847781963907,36.07363793678601,-0.23851922592392155,0.6799053256026806,False,13,12,28,65,33,D,-10,12.8,12.05,28.25,28.25,Persistence
CHYM,"Chime Financial, Inc. - Class A Common Stock",Technology,Software - Application,United States,ソフトウェア,16.739999771118164,6.37826048,67.34040218727151,0.30688490613284536,0.3088211943322213,0.2672550003072842,0.8797098002990712,-0.51561273177508,0.06854558549937519,43.290041383683665,-0.15331820557704212,0.5489086635463793,False,29,8,95,85,43,C,-20,18.799999999999997,3.0500000000000007,62.099999999999994,62.099999999999994,Persistence
CIFR,Cipher Digital Inc. - Common Stock,Technology,Information Technology Services,United States,その他,22.7549991607666,9.297687552,541.6082335375474,0.4804125074370331,0.19258605193863232,3.0,0.28398871136276355,-0.79406827513433,0.6447127944028623,59.606919539224066,0.1551171351766092,0.1344618346008846,True,32,8,38,85,70,A,-20,23.75,5.75,36.150000000000006,36.150000000000006,Persistence
CINF,Cincinnati Financial Corporation - Common Stock,Financial Services,Insurance - Property & Casualty,United States,その他,165.33999633789062,25.57590528,98.4189304321228,0.11413954308900062,0.13222810346549485,0.52567423434405,,0.17700799390940236,0.021608702014535876,43.93304467944328,0.013464204287271502,0.03668727849617657,True,7,26,67,65,87,S,-20,3.700000000000003,17.950000000000003,50.5,50.5,Persistence
CLBK,"Columbia Financial, Inc. - Common Stock",Financial Services,Banks - Regional,United States,その他,20.954999923706055,2.18054016,8.1849370546999,0.43822966932775914,-0.22884396904675142,-0.21509739986607307,,1.2632270531400966,0.10740486730261654,62.56157388615784,0.09397024313074191,0.0,True,44,55,30,100,40,C,-20,32.0,40.25,29.5,40.25,Transition
CLMT,"Calumet, Inc - Common Stock",Basic Materials,Specialty Chemicals,United States,その他,34.349998474121094,2.993504256,27.537694754233932,-0.012483887907576263,0.0020090887347524516,-0.10782493651708171,0.05938942737666481,1.4597887896019497,0.9145375432332924,61.71648120139779,0.02325936682198392,0.08179634818957893,True,12,43,20,100,80,S,-20,12.0,35.25,32.0,35.25,Transition
CLSK,"CleanSpark, Inc. - Common Stock",Financial Services,Capital Markets,United States,その他,15.879300117492676,4.074765056,374.3389012394194,1.0221074074855925,1.2502968980095956,0.2804257745675727,0.4160618232212905,0.01553086462485746,0.2589612301174351,52.901088470259594,0.1843165751134339,0.3155474312372066,True,31,57,48,85,53,B,-30,11.299999999999997,30.799999999999997,28.250000000000007,30.799999999999997,Transition
CMCSA,Comcast Corporation - Class A Common Stock,Communication Services,Telecom Services,United States,その他,23.854999542236328,85.108350976,729.2429955889978,-0.00019396917506526255,0.017759023459349193,0.001194133100546007,0.7174695045551182,0.5335246751175955,0.36289710267724506,34.72426964899604,-0.09961766580449305,0.2686770826864691,False,21,24,38,40,53,B,0,27.05,29.3,41.5,41.5,Persistence
CME,CME Group Inc. - Class A Common Stock,Financial Services,Financial Data & Stock Exchanges,United States,その他,256.7950134277344,92.785876992,854.5365222282089,0.06370206032528017,0.09880083887504705,0.11146750607642347,0.8609023709474588,0.16602252189628805,0.017247392203168767,24.11797638209137,-0.09615050938918437,0.19041483516457086,False,17,24,57,40,53,B,-20,4.050000000000001,9.3,31.950000000000003,31.950000000000003,Persistence
CNOB,"ConnectOne Bancorp, Inc. - Common Stock",Financial Services,Banks - Regional,United States,その他,31.899999618530273,1.604203008,9.129673025824644,0.4322496355064094,-0.018736041797500623,-0.14667271262866166,,0.7749837454091764,0.0812556864033365,68.35442339423975,0.0960455885905435,0.0,True,53,32,30,100,40,C,-25,33.75,18.0,24.5,33.75,Acceleration
CNXC,Concentrix Corporation - Common Stock,Technology,Information Technology Services,United States,その他,26.973800659179688,1.645531904,31.637622043373103,0.02150672114275021,0.3519743472182828,0.12494843443872715,0.34959200657129097,0.33527161616868423,0.43104515659478976,59.56885840519642,0.025163933883738897,0.548996099793595,False,9,12,53,100,65,A,-5,23.25,25.5,62.150000000000006,62.150000000000006,Persistence
CNXN,"PC Connection, Inc. - Common Stock",Technology,Electronics & Computer Distribution,United States,その他,73.27999877929688,1.851339648,8.15203346420288,0.025205219765905645,-0.017022820106614506,-0.08779275237472305,0.18774023182000776,-0.6509233701959793,0.0013235375761052612,81.88009383942315,0.12925213432864255,0.0,True,30,0,25,100,10,D,-5,33.5,11.0,35.75,35.75,Persistence
COCO,"The Vita Coco Company, Inc. - Common Stock",Consumer Defensive,Beverages - Non-Alcoholic,United States,その他,75.41999816894531,4.30743552,68.4857138422966,0.18171441417173598,0.04538179784932295,0.15387330610794625,0.36504149037357736,-0.0691711389385808,0.03212998581830956,41.91852785707662,0.1817093335585759,0.048087908955703196,True,27,14,49,85,57,B,-20,18.700000000000003,8.95,39.6,39.6,Persistence
COHU,"Cohu, Inc. - Common Stock",Technology,Semiconductor Equipment & Materials,United States,半導体,55.25,2.606437888,86.57899591249999,0.12737599526107637,-0.3685916878561483,-0.21709944326535635,0.4274565299940833,2.366344195519348,0.2636964976162165,66.99768630556298,0.21297943138830458,0.04063205671797067,True,42,34,30,100,37,C,0,50.2,44.2,48.9,50.2,Acceleration
COIN,"Coinbase Global, Inc. - Class A Common Stock",Financial Services,Financial Data & Stock Exchanges,United States,その他,156.27999877929688,41.17364736,1437.81967684319,0.09404240810672959,1.1117178931939855,-0.026868945290976668,0.7463949897825262,,0.2639358095583717,31.147018604214708,-0.16153221329350664,0.6277097545529736,False,12,0,26,40,33,D,-20,0.0,0.0,10.900000000000002,10.900000000000002,Persistence
COKE,"Coca-Cola Consolidated, Inc. - Common Stock",Consumer Defensive,Beverages - Non-Alcoholic,United States,その他,189.78909301757812,12.633177088,108.21959128227996,0.047587320985385484,0.03694969144216784,0.07303727473033599,0.39739072267712405,0.22607857648879373,0.6756315015716949,66.49574799457156,0.016910194612636063,0.12389623447089304,True,27,12,36,65,80,S,-30,8.0,0.0,22.049999999999997,22.049999999999997,Persistence
COLB,"Columbia Banking System, Inc. - Common Stock",Financial Services,Banks - Regional,United States,その他,30.25,8.757083136,83.858550875,0.19284603421461896,-0.03405107661492238,0.5730057406438848,,0.1332263242375602,0.054390112520948046,60.90282488348176,0.04514007143832123,0.04356686324759935,True,25,26,38,85,67,A,-20,18.200000000000003,18.950000000000003,35.550000000000004,35.550000000000004,Persistence
COLM,Columbia Sportswear Company - Common Stock,Consumer Cyclical,Apparel Manufacturing,United States,その他,65.8499984741211,3.36762112,31.346209306144335,0.008540388804547433,-0.034016086818002854,0.006654153743831102,0.5053119327381834,-0.4974062986246542,0.16311768544435654,70.47892058473144,0.08223624520008334,0.028617825862307832,True,26,0,33,85,25,D,0,34.75,15.25,44.400000000000006,44.400000000000006,Persistence
CORZ,"Core Scientific, Inc. - Common Stock",Technology,Software - Infrastructure,United States,ソフトウェア,26.834999084472656,8.530450944,346.61516598881036,-0.37529568881787134,0.01646496815286624,-0.21538372639630932,0.11879543224698215,-7.814459996940492,0.49518708969503045,64.61415266723813,0.2031851347802257,0.07624785579209598,True,0,18,2,85,37,C,0,16.45,29.95,29.75,29.95,Transition
COST,Costco Wholesale Corporation - Common Stock,Consumer Defensive,Discount Stores,United States,その他,970.22998046875,430.27644416,2355.4501239885253,0.08167323631476146,0.05020017334599034,0.06757316460604351,0.12843206714262356,0.1822295972243174,0.10600656299044087,18.89459815643181,-0.034363888345578554,0.11339459382159006,True,20,24,42,10,73,A,0,23.8,26.8,40.2,40.2,Persistence
CPB,The Campbell's Company - Common Stock,Consumer Defensive,Packaged Foods,United States,その他,22.59000015258789,6.736479232,190.1202108181984,0.06403071814030718,0.02981724911830715,0.09285213735108619,0.3042036477128645,0.05538922155688623,0.48415682062298604,81.50848374764365,0.08283842607289242,0.30575212658974,False,24,24,38,85,23,D,-20,13.049999999999997,13.049999999999997,26.750000000000007,26.750000000000007,Persistence
CPRT,"Copart, Inc. - Common Stock",Industrials,Specialty Business Services,United States,その他,31.020000457763672,29.881827328,327.20488344457857,0.09680248620251543,0.09492267512387847,0.10528572338536059,0.4518317144247914,0.2799430933032715,0.010280448665540504,36.9170910848222,-0.057778632579524626,0.3857425651927986,False,31,24,50,65,53,B,0,38.3,33.05,54.35,54.35,Persistence
CROX,"Crocs, Inc. - Common Stock",Consumer Cyclical,Footwear & Accessories,United States,その他,124.36000061035156,6.1794048,155.160994339521,-0.014982784461062458,0.03527227675920357,0.11458895044564182,0.5833360350458726,-0.28591468890383787,0.3865738068147793,78.63819417338067,0.18486167115867608,0.02668855069504998,True,8,0,29,85,10,D,0,19.75,13.75,39.2,39.2,Persistence
CRUS,"Cirrus Logic, Inc. - Common Stock",Technology,Semiconductors,United States,半導体,161.8699951171875,8.16678144,86.13518446072997,0.05342715512080997,0.059918161541514574,-0.05729659883949185,0.5277776526137503,0.5296970980214767,0.053819554635020694,46.240468460529065,-0.017906684004399473,0.09519284158919995,True,17,24,38,85,100,S,0,35.5,40.75,62.150000000000006,62.150000000000006,Persistence
CRVL,CorVel Corp. - Common Stock,Financial Services,Insurance Brokers,United States,その他,61.13999938964844,3.09925888,13.443282702797697,0.07027553933779893,0.1260865246425612,0.10680915495113852,0.2429383835823091,0.20448885976408912,0.043713237924309395,41.81531178849682,0.05989056575173174,0.43540494161283383,False,5,24,50,85,50,B,-20,1.5,15.75,38.75,38.75,Persistence
CRWD,"CrowdStrike Holdings, Inc. - Class A Common Stock",Technology,Software - Infrastructure,United States,ソフトウェア,643.9099731445312,163.916824576,2411.822724114926,0.21711245176577237,0.29391354434791717,0.3633347849133246,0.7466899972049074,0.16254614170161044,0.07396954761225268,49.05041784755645,0.21078860701214883,0.17676465830510682,True,23,17,97,25,70,A,0,28.0,23.5,73.6,73.6,Persistence
CRWV,"CoreWeave, Inc. - Class A Common Stock",Technology,Software - Infrastructure,United States,ソフトウェア,97.29000091552734,53.078540288,2641.9142507566853,1.6793733681462142,3.0,3.0,0.7168193334632625,-0.21804132370233495,0.6048841831974362,46.805447080545,-0.10091071956042752,0.47004030970071814,False,37,10,50,40,55,B,-10,29.25,9.0,38.5,38.5,Persistence
CSCO,"Cisco Systems, Inc. - Common Stock",Technology,Communication Equipment,United States,通信/光通信,119.16000366210938,469.779611648,3449.7235975313415,0.05298961024478189,-0.05605459840696165,0.10553368116841554,0.6493804497475907,0.30146914789422136,0.22972254703943873,55.90474440406529,0.18894350186920766,0.08338458721454327,True,35,12,42,10,70,A,0,34.75,17.5,39.6,39.6,Persistence
CSGP,"CoStar Group, Inc. - Common Stock",Real Estate,Real Estate Services,United States,その他,33.54999923706055,13.700333568,280.1799958186027,0.18676900584795322,0.11446028513238289,0.124908357771261,0.7887280566676933,1.1673469387755102,0.11235528563294743,46.08844133213442,-0.05562126027782848,0.6535164865988817,False,50,27,75,65,55,B,0,52.75,35.5,68.5,68.5,Persistence
CSWC,Capital Southwest Corporation - Common Stock,Financial Services,Asset Management,United States,その他,23.6200008392334,1.467764096,14.35311866997528,0.3903153794566985,-0.001907189554469517,0.7747058727808244,,0.11480696497414627,0.5195020201899594,56.20916499306249,0.015938257698994325,0.020106762354298077,True,34,32,10,100,75,A,-35,13.0,11.5,10.5,13.0,Acceleration
CTAS,Cintas Corporation - Common Stock,Industrials,Specialty Business Services,United States,その他,179.3800048828125,71.776559104,376.16107208529047,0.07748211218226426,0.0885737818220963,0.12239035177343213,0.5003939486165667,0.05906459855180524,0.2701695561462564,62.78699635900777,0.038859400626295684,0.199706945722669,False,10,24,46,40,70,A,0,20.5,31.0,49.3,49.3,Persistence
CTSH,Cognizant Technology Solutions Corporation - Class A Common Stock,Technology,Information Technology Services,United States,その他,52.2400016784668,24.709521408,467.44822617107167,0.06951763275233076,0.019790213403606677,-0.0038604076590487957,0.33717074095129806,0.42036124794745483,0.05567369031509762,53.712491058358864,-0.045013385737268555,0.39012607817005085,False,39,12,34,65,73,A,0,46.3,26.05,49.550000000000004,49.550000000000004,Persistence
CVBF,CVB Financial Corporation - Common Stock,Financial Services,Banks - Regional,United States,その他,20.84000015258789,3.677326336,28.569827129184723,0.0830747119795092,-0.13045202075568224,-0.009886302993026222,,-0.11153987654825655,0.03198760621004828,59.00000381469242,0.02905449819507964,0.017396394457607885,True,18,12,25,85,75,A,-20,13.75,9.25,30.0,30.0,Persistence
CVCO,"Cavco Industries, Inc. - Common Stock",Consumer Cyclical,Residential Construction,United States,その他,578.905029296875,4.448293888,83.21444292901612,0.11364513673815083,0.12294795162893528,-0.16237405569481306,0.23474530018868303,0.47759901699253193,0.02061980807959553,85.67722111749462,0.13064010203581147,0.17033790817085226,True,10,26,30,85,35,C,0,23.75,35.75,44.75,44.75,Persistence
CVLT,"Commvault Systems, Inc. - Common Stock",Technology,Software - Application,United States,ソフトウェア,122.19999694824219,5.040826368,81.66883638044585,0.18889856461156326,0.1863241691659309,0.06966313616028753,0.8115047013998598,0.1646400754324104,0.48640119174788804,80.63843896550492,0.2151658740848621,0.37464820296742485,False,52,14,57,85,8,D,0,52.55,24.05,54.2,54.2,Persistence
CWST,"Casella Waste Systems, Inc. - Class A Common Stock",Industrials,Waste Management,United States,その他,87.95500183105469,5.594812416,50.249325822094725,0.17951650406509287,0.23149962595153029,0.16538090423919144,0.33766450117348207,0.0794496968451341,0.3751149598919392,51.43685281883352,0.045605813244413845,0.25726225982901446,False,11,14,75,85,73,A,0,28.3,30.55,77.1,77.1,Persistence
CZR,"Caesars Entertainment, Inc. - Common Stock",Consumer Cyclical,Resorts & Casinos,United States,その他,29.420000076293945,5.992664576,335.71975697161133,0.021431747443308138,-0.024548924358084662,0.06533592089455688,0.5,3.0,0.7870033819020829,89.45148052855268,0.05923355275799401,0.0663281541544456,True,38,25,28,85,37,C,-10,34.95,25.200000000000003,34.050000000000004,34.95,Acceleration
DASH,"DoorDash, Inc. - Common Stock",Consumer Cyclical,Internet Retail,United States,その他,154.02000427246094,67.109400576,718.2687243615227,0.27933221413915316,0.24169079328314996,0.31171198541698314,0.5087847196908946,0.013318534961154272,0.16735337504450887,43.19887159785826,-0.05709408352675774,0.4533257272269579,False,43,36,93,40,55,B,0,43.75,38.5,72.15,72.15,Persistence
DAVE,Dave Inc.  - Class A Common Stock,Technology,Software - Application,United States,ソフトウェア,282.5899963378906,3.59291904,163.41553551378325,0.5967165692816558,0.3395807682955541,0.2648678467862408,0.8668668415791202,1.4090920688921964,0.15429056784936132,63.58098105659728,0.16222828492418356,0.0,True,85,64,100,85,25,D,0,79.0,63.25,81.25,81.25,Persistence
DBX,"Dropbox, Inc. - Class A Common Stock",Technology,Software - Infrastructure,United States,ソフトウェア,27.225000381469727,6.351610368,100.4613295176384,-0.010674201397064594,0.018628078030060762,0.07600326895780464,0.8013486711622372,0.06770713793894882,1.260852754051109,47.75920413446714,0.0724119464206418,0.1537145809429714,False,23,38,35,85,75,A,-20,17.5,28.75,35.5,35.5,Persistence
DDOG,"Datadog, Inc. - Class A Common Stock",Technology,Software - Application,United States,ソフトウェア,225.08999633789062,80.123076608,1337.2412221182083,0.2767536858183308,0.2611946574802465,0.2705862336576921,0.7995549081775629,0.1801231578254761,0.1925097880082675,55.29547262956422,0.30426768894648254,0.18883561836672388,True,44,17,100,40,70,A,0,46.0,25.75,79.0,79.0,Persistence
DGII,Digi International Inc. - Common Stock,Technology,Communication Equipment,United States,通信/光通信,65.58509826660156,2.472702464,22.64567854592514,0.014562099394876972,-0.04676418290251299,0.14585356429905338,0.629158037380788,0.30251279895135164,0.18553594769825046,57.29304793206427,0.09675357550485446,0.06065456096724376,True,35,24,42,100,72,A,0,48.45,40.2,62.5,62.5,Persistence
DIOD,Diodes Incorporated - Common Stock,Technology,Semiconductors,United States,半導体,102.66999816894531,4.717146112,70.75726231058884,0.13038699737628898,-0.2109952284925611,-0.16937138229913326,0.312019718326965,1.9551399452715952,0.03905436869408929,54.810034366838174,0.044398358568576886,0.11658925236135732,True,39,26,34,85,100,S,0,52.0,42.25,59.95,59.95,Persistence
DJT,Trump Media & Technology Group Corp. - Common Stock,Communication Services,Internet Content & Information,United States,その他,8.119999885559082,2.248865024,34.550527651054914,0.0176301536420913,-0.12401055408970976,1.8093165589935396,0.5451040026068539,1.1942656796751419,0.3611366992794125,50.898195043980344,-0.10282192636530005,0.6116690605062802,False,48,55,42,100,55,B,0,56.5,61.75,59.1,61.75,Transition
DKNG,DraftKings Inc. - Class A Common Stock,Consumer Cyclical,Gambling,United States,その他,29.155000686645508,14.464636928,336.1326473079455,0.26990504224364836,0.30073337292890556,0.6359994661812903,0.4125142765121954,0.7122798154322859,0.4171079442321682,67.12102690834925,0.20776151426197834,0.39550070571504614,False,32,74,71,65,23,D,0,36.05,67.55,59.900000000000006,67.55,Transition
DLTR,"Dollar Tree, Inc. - Common Stock",Consumer Defensive,Discount Stores,United States,その他,111.88999938964844,21.502414848,455.5088757062332,0.10429217510026453,0.04751774317535799,0.08886870194335399,0.364046610824344,-0.10371318822023047,0.5239488497126138,69.72358447121698,0.10707641240633807,0.2076340622490704,True,27,37,33,65,50,B,0,35.0,42.5,44.400000000000006,44.400000000000006,Persistence
DOCU,"DocuSign, Inc. - Common Stock",Technology,Software - Application,United States,ソフトウェア,44.6349983215332,8.522812416,171.88016810432072,0.08155266551753446,0.07779369285146867,0.09776443162825453,0.7940481441217581,0.15025579060377015,0.04376801314560651,39.110916965630054,-0.0631107101206271,0.4749441571592411,False,35,12,57,85,45,C,0,43.5,26.25,61.6,61.6,Persistence
DORM,"Dorman Products, Inc. - Common Stock",Consumer Cyclical,Auto Parts,United States,その他,127.12999725341797,3.798998784,30.70381399965897,0.06028378501461031,0.041149079588016925,0.11307230746780532,0.4214096574268924,-0.6051423084550114,0.21518821312449912,72.39699637696592,0.1014211803382154,0.23572201483535202,False,25,12,41,85,25,D,0,34.0,24.25,48.8,48.8,Persistence
DOX,Amdocs Limited - Ordinary Shares,Technology,Software - Infrastructure,United States,ソフトウェア,57.720001220703125,6.127785984,66.80334586480409,-0.09432108641997015,0.024028194084970998,0.06792081713078231,0.37979550898064884,0.042348687176156384,0.1322279165993315,31.770839985638105,-0.09207308329986405,0.36929253997966854,False,9,24,34,85,53,B,0,24.8,36.05,50.550000000000004,50.550000000000004,Persistence
DPZ,Domino's Pizza Inc - Common Stock,Consumer Cyclical,Restaurants,United States,その他,316.30999755859375,10.5210624,217.31004509821474,0.04962969699236107,0.05068985332273062,-0.012739252192672152,0.3995065581051313,0.31150051170675686,2.9411037490554683,50.517656832689184,-0.05991955022980712,0.3400460109056709,False,9,24,24,65,63,B,-40,0.0,0.0,2.0500000000000043,2.0500000000000043,Persistence
DRS,"Leonardo DRS, Inc. - Common Stock",Industrials,Aerospace & Defense,United States,防衛/宇宙,47.2599983215332,12.60717568,39.39553761684418,0.1280148423005566,0.14437367303609341,0.049387300408466395,0.2382127192982456,0.22043010752688172,0.10477039679001338,62.03207883440193,0.06981738016097233,0.03076292148553204,True,10,26,50,65,52,B,0,22.45,34.45,54.15,54.15,Persistence
DRVN,Driven Brands Holdings Inc. - Common Stock,Consumer Cyclical,Auto & Truck Dealerships,United States,その他,13.279999732971191,2.190309376,19.977604918298482,0.06274665102403684,0.024815793782601576,-0.15893908795717476,0.5080244281957306,3.0,0.6396709552106772,53.78589753262472,0.013183576856846345,0.3086933698135703,False,50,60,28,100,73,A,-10,49.8,57.3,45.00000000000001,57.3,Transition
DSGR,"Distribution Solutions Group, Inc. - Common Stock",Industrials,Industrial Distribution,United States,その他,27.3700008392334,1.264361728,1.7133360510352136,0.09751045394278822,0.1488166724189093,0.3638804886479501,0.33435874229743795,0.30348767288033673,0.4684325534235263,53.07444404459371,0.0062278355550799405,0.1770895303529375,False,9,47,63,100,90,S,-5,25.75,54.25,72.65,72.65,Persistence
DUOL,"Duolingo, Inc. - Class A Common Stock",Technology,Software - Application,United States,ソフトウェア,120.98999786376953,5.637301248,164.02932214085618,0.38710656342577243,0.40841898743948984,0.43739157498748293,0.7223062310799363,0.36331622366883154,0.04707351035196584,68.4649465365686,0.14790289676155746,0.7510596259439731,False,34,39,97,85,15,D,0,39.75,43.5,77.6,77.6,Persistence
DXPE,"DXP Enterprises, Inc. - Common Stock",Industrials,Industrial Distribution,United States,その他,162.83999633789062,2.524884992,23.21624483388977,0.11893465183902688,0.07353747170260931,0.1335519491745181,0.315383375529728,-0.3002864809509612,0.5362135827268115,70.6513338283182,0.050567079482206595,0.1028593396174786,True,27,14,41,100,50,B,0,40.25,30.5,57.55,57.55,Persistence
EA,Electronic Arts Inc. - Common Stock,Communication Services,Electronic Gaming & Multimedia,United States,その他,203.1300048828125,50.93515264,375.0079303763916,0.009111617312072893,-0.013091774662787622,0.01831403178023162,0.789669366617979,0.2502691065662002,0.11788896504455106,63.758255729876886,0.005130370993252629,0.006228461939793949,True,38,12,45,40,55,B,0,40.0,20.5,45.75,45.75,Persistence
EBAY,eBay Inc. - Common Stock,Consumer Cyclical,Internet Retail,United States,その他,108.19000244140625,48.036360192,510.62516053822327,0.07945152192939804,0.016910601265822785,0.032363450740173556,0.7145045045045045,-0.2668711656441718,0.4077228847245883,20.39045008727922,0.02419727415181046,0.08801330073319442,True,30,12,41,40,73,A,0,35.8,22.3,47.15,47.15,Persistence
EBC,"Eastern Bankshares, Inc. - Common Stock",Financial Services,Banks - Regional,United States,その他,20.700000762939453,4.450085888,38.95432541573868,-0.004203668932444681,1.3183180397813592,-0.5151100179279284,,0.5278970909777023,0.006526234667597088,63.81149233060702,0.03839983265522629,0.04432086690531137,True,9,12,38,85,67,A,-20,6.199999999999999,8.45,35.550000000000004,35.550000000000004,Persistence
ECPG,Encore Capital Group Inc - Common Stock,Financial Services,Credit Services,United States,その他,81.56500244140625,1.7487872,21.936205947595216,0.3437058679192106,0.07661939346353912,-0.12562475551490437,0.5460368090945171,-0.00015754358049295387,0.7493338701824038,52.9505702459709,0.018191787338054433,0.03370455037641719,True,62,65,23,100,87,S,-35,35.2,37.45,20.049999999999997,37.45,Transition
EEFT,"Euronet Worldwide, Inc. - Common Stock",Technology,Software - Infrastructure,United States,ソフトウェア,65.19999694824219,2.482496256,44.40900888138733,0.0637625946162715,0.08183297180043383,0.09801119447421698,0.41317562791574386,-0.2945094217024042,0.33555257601676763,43.68265900489074,-0.07237474139004489,0.42167821373362774,False,4,12,37,100,55,B,0,23.5,29.5,56.35,56.35,Persistence
EFSC,Enterprise Financial Services Corporation - Common Stock,Financial Services,Banks - Regional,United States,その他,62.68000030517578,2.29319808,12.256948699676514,0.15980212663067714,-0.017993713841190417,0.09890107658757072,,-0.24338855892466396,0.010902506484639744,61.238767406233094,0.06336776284290031,0.0,True,23,14,25,100,40,C,-20,16.25,9.5,26.75,26.75,Persistence
ENPH,"Enphase Energy, Inc. - Common Stock",Technology,Solar,United States,電力/エネルギー,51.9900016784668,6.852189696,528.9979603373897,0.1071886817555546,-0.4192460579032699,-0.017189844232991098,0.4664025770798752,-0.8002432882236419,0.3454871399786654,48.93028411756839,0.17556882849457878,0.28121111071028576,True,34,21,29,85,53,B,0,43.55,33.8,47.800000000000004,47.800000000000004,Persistence
ENTG,"Entegris, Inc. - Common Stock",Technology,Semiconductor Equipment & Materials,United States,半導体,135.02999877929688,20.565069824,386.45914448681793,-0.013760335678143897,-0.08022361588013281,0.07369426206256914,0.44419070262153537,0.25340082252451757,0.4546075085324232,56.5645760320186,-0.02213175978276066,0.13626079609829533,True,37,34,26,65,100,S,0,47.5,45.25,50.55,50.55,Persistence
ENVX,Enovix Corporation - Common Stock,Industrials,Electrical Equipment & Parts,United States,電力/エネルギー,6.75,1.47253568,58.5244760625,0.3790846840599809,2.018576661433804,0.2325056433408578,0.19185443574997643,0.38581654682097816,0.6147842657641003,54.24836485878191,0.015556826279543906,0.5762711945581777,False,29,68,38,100,65,A,-25,18.25,47.5,33.900000000000006,47.5,Transition
EOSE,"Eos Energy Enterprises, Inc. - Common Stock",Industrials,Electrical Equipment & Parts,United States,電力/エネルギー,6.289899826049805,2.13550912,182.736335987899,3.0,-0.04713640249114666,-0.08625306851149298,-1.2594853024876755,-0.4208965273992369,0.942624071251936,44.20824723368141,-0.10584950927399289,0.6722303464824427,False,65,40,8,100,55,B,-30,39.25,20.5,10.399999999999999,39.25,Acceleration
ERIE,Erie Indemnity Company - Class A Common Stock,Financial Services,Insurance Brokers,United States,その他,228.6199951171875,12.02667008,40.70464703063965,0.07409012625297613,0.16716587856459053,0.16063891649907652,,0.17384931044974958,,55.517457280269504,-0.007803126669499385,0.3708397420209634,False,2,12,40,65,73,A,-20,0.0,6.050000000000001,32.85,32.85,Persistence
EVCM,EverCommerce Inc. - Common Stock,Technology,Software - Application,United States,ソフトウェア,8.979999542236328,1.589017216,1.1252114536413191,0.047532395919492695,0.051066518842861175,-0.13834160832288891,0.7757489722485893,-0.1554383805805466,0.3815376069584792,31.232863254585084,-0.18228345486736597,0.32985076135238994,False,18,42,36,100,41,C,-5,27.6,45.6,48.0,48.0,Persistence
EVLV,"Evolv Technologies Holdings, Inc. - Class A Common Stock",Industrials,Security & Protection Services,United States,その他,5.980000019073486,1.075630976,19.781919896095346,0.4047561738795552,0.3054106705209577,0.5092281720062976,0.5161029436962407,0.7311749086801531,0.13875739547779467,51.89873672401318,-0.06690800285393977,0.3173516138324577,False,59,68,73,100,63,B,-5,60.55,67.3,72.75,72.75,Persistence
EVRG,"Evergy, Inc. - Common Stock",Utilities,Utilities - Regulated Electric,United States,電力/エネルギー,82.45999908447266,19.008104448,161.24079380679436,0.019547483453901802,0.06156276097454704,-0.05988974415865918,0.522661701556629,-1.1300651742703316,0.4478018174587979,49.95972382048331,0.008344488174152072,0.020316016652873872,True,8,0,10,65,75,A,0,23.25,17.25,36.75,36.75,Persistence
EWBC,"East West Bancorp, Inc. - Common Stock",Financial Services,Banks - Regional,United States,その他,128.5850067138672,17.615665152,92.52303940619736,0.12861419870456148,0.0016864262009981177,0.10486412690774066,,,0.039458582934987864,66.87921325496885,0.06796704936829197,0.0005829080219766405,True,23,14,22,65,40,C,-20,11.0,4.25,16.35,16.35,Persistence
EXC,Exelon Corporation - Common Stock,Utilities,Utilities - Regulated Electric,United States,電力/エネルギー,45.27000045776367,46.320631808,364.73613151765875,0.05341323606044815,0.05987941271229346,0.13885103260299822,0.42930167367466404,-0.48887434554973824,0.42961310800377456,56.44573225165543,-0.013291162704368724,0.09135541591882697,True,7,12,18,40,100,S,0,21.25,25.0,39.9,39.9,Persistence
EXE,Expand Energy Corporation - Common Stock,Energy,Oil & Gas E&P,United States,電力/エネルギー,89.625,21.440884736,265.096141125,1.8877043354655294,-0.45710610932475887,-0.3205453115441755,0.5084912626138322,3.0,0.17888075794534591,24.621752262056432,-0.07277527538894653,0.26227206950362353,False,73,87,46,65,36,C,0,68.1,78.6,48.75,78.6,Transition
EXLS,"ExlService Holdings, Inc. - Common Stock",Technology,Information Technology Services,United States,その他,29.084999084472656,4.44369152,71.51782119403724,0.1356129227381618,0.1273735671516213,0.15482803652010843,0.3837160789565829,0.3412893733999811,0.23711297206319926,47.03861845853607,-0.03526901548641098,0.3963262992892058,False,32,26,64,85,73,A,0,44.05,39.55,71.05000000000001,71.05000000000001,Persistence
EXPE,"Expedia Group, Inc. - Common Stock",Consumer Cyclical,Travel Services,United States,その他,226.1750030517578,27.14599424,332.0919201333847,0.07610839237455262,0.0663603084352364,0.10045427273506471,0.9011742347111925,0.33533705452984114,0.26235072795681336,60.99381397568985,-0.03779613982605772,0.24613547036541256,False,41,24,53,65,70,A,0,47.5,34.75,59.400000000000006,59.400000000000006,Persistence
EXPO,"Exponent, Inc. - Common Stock",Industrials,Engineering & Construction,United States,その他,56.959999084472656,2.763222272,33.69715667438011,0.042075937219120736,0.040516724233651165,0.04573021646505992,,-0.11088823965464614,0.10653630329290989,46.12506553402662,-0.08317833834422665,0.27938020911103917,False,18,0,37,100,63,B,0,34.8,21.3,57.95,57.95,Persistence
EXTR,"Extreme Networks, Inc. - Common Stock",Technology,Communication Equipment,United States,通信/光通信,28.844999313354492,3.772293888,61.935596002643976,0.0204653943822206,-0.1487678806266734,0.1799237809948747,0.6220046716552624,2.407413354743744,0.19375521367165618,70.28355242482775,0.3095470162303084,0.025835909531512415,True,45,37,42,85,10,D,0,47.5,41.5,46.35,47.5,Acceleration
EYE,"National Vision Holdings, Inc. - Common Stock",Consumer Cyclical,Specialty Retail,United States,その他,17.270000457763672,1.383614848,51.43117527824974,0.0900379527455411,0.03811780085187014,0.0679137215559305,0.5876860640164872,0.9256763842281879,0.3501576364712418,53.26252215231181,-0.18385283373698336,0.4137813647500726,False,35,47,46,100,43,C,-5,40.55,49.55,53.9,53.9,Persistence
EZPW,"EZCORP, Inc. - Class A Non-Voting Common Stock",Financial Services,Credit Services,United States,その他,31.8700008392334,1.961151616,20.647939330722618,0.09700224345343758,0.1072989520905284,0.18371858162430535,0.5854796434064726,0.41867516316357467,0.39157260959743423,41.34970953315848,0.01668423749300685,0.0802308965143687,True,13,24,54,100,100,S,-25,9.75,18.0,49.7,49.7,Persistence
FA,First Advantage Corporation - Common Stock,Industrials,Specialty Business Services,United States,その他,15.875499725341797,2.723236352,11.448036377415276,0.8302486035305537,0.12627510438474862,-0.057111958549325145,0.45673782019564413,3.0,0.544924333598866,57.01496333480802,0.1467248521331257,0.14601938703417447,True,82,75,38,100,70,A,0,83.5,78.25,59.900000000000006,83.5,Acceleration
FANG,"Diamondback Energy, Inc. - Common Stock",Energy,Oil & Gas E&P,United States,電力/エネルギー,196.9499969482422,55.404654592,431.4875167615623,0.35434999546402973,0.32186113442858855,-0.12826677817269497,0.3497220175497354,0.8691849646445851,0.2093893806555116,44.30379359225066,0.006452965972498899,0.07326864968119481,True,57,20,29,40,87,S,0,57.45,29.700000000000003,43.35000000000001,57.45,Acceleration
FAST,Fastenal Company - Common Stock,Industrials,Industrial Distribution,United States,その他,46.630001068115234,53.5328768,301.2939767759943,0.08673469387755102,0.027127826098792655,0.05244534853737501,0.45011889518931775,0.10963244613434728,0.0874547289675236,70.40111306858384,0.03481169605528415,0.059677065744583466,True,28,24,50,40,52,B,0,32.2,29.2,47.9,47.9,Persistence
FBNC,First Bancorp - Common Stock,Financial Services,Banks - Regional,United States,その他,59.790000915527344,2.473836032,11.215539909736634,0.11689860256801757,-0.1382546803338262,0.019031663252953586,,0.15548093235109572,-0.0002174712880670465,52.57249625934539,0.023384321862587452,0.035051557816231434,True,25,26,30,100,87,S,-20,22.450000000000003,23.200000000000003,38.900000000000006,38.900000000000006,Persistence
FCEL,"FuelCell Energy, Inc. - Common Stock",Industrials,Electrical Equipment & Parts,United States,電力/エネルギー,18.3700008392334,1.240272,222.83881621639026,0.41049834124068063,-0.09126861921973516,-0.0543361638208516,-0.16696804542178273,0.3041904555702512,0.15443932602832602,46.69288765517752,0.2717555938466048,0.3036390665791224,True,47,50,10,100,53,B,-15,40.55,42.8,26.1,42.8,Transition
FCFS,"FirstCash Holdings, Inc. - Common Stock",Financial Services,Credit Services,United States,その他,229.36000061035156,10.054382592,69.38956540065307,0.08042729054682968,0.07510574922996285,0.1549516259414821,0.5027548160455914,0.12576079098943638,0.4845828798608804,52.66271551692753,0.0631336359149455,0.013801871589004403,True,31,24,50,65,60,B,-20,19.0,13.75,35.75,35.75,Persistence
FCNCA,"First Citizens BancShares, Inc. - Class A Common Stock",Financial Services,Banks - Regional,United States,その他,2107.455078125,24.419026944,137.59732264208984,-0.026105263157894736,0.08521818597212703,0.9341581970835174,,-0.06331727460426703,0.1572194794904614,68.82222576932448,0.06513156283098707,0.041593966667047864,True,0,0,33,65,52,B,-20,0.0,0.0,24.800000000000004,24.800000000000004,Persistence
FELE,"Franklin Electric Co., Inc. - Common Stock",Industrials,Specialty Industrial Machinery,United States,電力/エネルギー,102.94999694824219,4.548560896,25.436421970985414,0.054374299042071576,-0.021205413888597004,0.010481912560043959,0.35468621700879766,-0.1189506125068853,0.12035167932276787,66.33165764926844,0.039459793244726225,0.06029265490792494,True,22,0,29,85,67,A,0,35.95,19.45,50.6,50.6,Persistence
FFBC,First Financial Bancorp. - Common Stock,Financial Services,Banks - Regional,United States,その他,31.5,3.305275392,25.995806549999998,0.07648119026589978,-0.005491601919561243,0.18539921894399422,,0.3153421464155201,0.05629053272223476,64.24013142906324,0.057940540375094995,0.0,True,23,24,30,85,40,C,-20,14.0,14.75,25.75,25.75,Persistence
FFIN,"First Financial Bankshares, Inc. - Common Stock",Financial Services,Banks - Regional,United States,その他,33.349998474121094,4.77845248,25.624049450110245,0.14910332062781523,0.12339320864597562,-0.08036904585564043,,-0.023607047634003706,0.0013630940804880026,63.858086562291184,0.0462350808706683,0.10617293139529926,True,35,14,25,85,80,S,-20,27.0,11.25,31.0,31.0,Persistence
FFIV,"F5, Inc. - Common Stock",Technology,Software - Infrastructure,United States,ソフトウェア,395.1000061035156,22.291245056,271.2434635401764,0.09656974844821954,0.0010489949235186367,0.04352030624906106,0.8141306290785966,0.18949825920234328,0.04142595639016554,57.968824198645045,0.14802791313187944,0.03429227534488824,True,35,24,57,65,57,B,0,41.7,33.45,59.0,59.0,Persistence
FHB,"First Hawaiian, Inc. - Common Stock",Financial Services,Banks - Regional,United States,その他,27.93000030517578,3.397656064,37.88211576891708,0.09386092860554272,-0.038003762502871546,0.056727342392702114,,0.05039845673774585,0.0,60.96866081384506,0.04969140836129402,0.0,True,20,24,30,85,55,B,-20,13.25,16.25,28.75,28.75,Persistence
FIBK,"First Interstate BancSystem, Inc. - Common Stock",Financial Services,Banks - Regional,United States,その他,36.209999084472656,3.51754368,36.100318997245786,0.05911773532059618,-0.02544355624878144,-0.07234581298607343,,-0.16325301204819276,0.011110860866497001,58.68463238718675,0.04596369519100223,0.04792628170215993,True,30,12,25,85,87,S,-20,23.950000000000003,10.450000000000003,32.400000000000006,32.400000000000006,Persistence
FISV,"Fiserv, Inc. - Common Stock",,,,その他,53.40999984741211,28.48109568,358.6655098958227,0.03602854908095424,0.07138741947310533,0.07645035800868241,0.5936394092388997,-0.15073093638877913,0.36343329215179765,41.389203130768855,-0.07352155808910449,0.695756200974459,False,8,12,41,65,55,B,0,21.25,24.25,49.8,49.8,Persistence
FITB,Fifth Third Bancorp - Common Stock,Financial Services,Banks - Regional,United States,その他,53.11000061035156,48.13420544,360.4128608329422,0.06611070824268794,-0.01838889547989085,0.04036040483831153,,0.578838174273859,0.06511456506325335,74.28573546119512,0.07064525926755978,0.02705584149747579,True,27,24,30,40,25,D,-20,8.75,6.5,11.5,11.5,Persistence
FIVE,"Five Below, Inc. - Common Stock",Consumer Cyclical,Specialty Retail,United States,その他,192.9499969482422,10.669238272,290.7357433416321,0.22897299567370483,0.08910511947482826,0.1570262145402866,0.3599145870184106,2.8600240028503383,0.4116226816222502,30.977953463277444,-0.13156391788558555,0.22106498841961983,True,43,29,53,65,68,A,0,48.8,38.3,59.00000000000001,59.00000000000001,Persistence
FIVN,"Five9, Inc. - Common Stock",Technology,Software - Infrastructure,United States,ソフトウェア,21.539899826049805,1.649180544,72.85713013296623,0.10283721296276746,0.14437312737784572,0.16902186054752802,0.5507445904926341,1.0635844036814033,0.44975783069935815,46.74155251535021,0.1031282053304309,0.2633413134522026,True,31,63,60,100,53,B,-5,38.55,62.55,63.599999999999994,63.599999999999994,Persistence
FIZZ,National Beverage Corp. - Common Stock,Consumer Defensive,Beverages - Non-Alcoholic,United States,その他,37.625,3.522907904,11.399419324999998,0.008106107775989474,0.01599581220394703,0.03068418374834031,0.3695338759433106,0.016753476883423723,0.10719020301399994,61.996933475064566,0.07823779236423174,0.21105051198454092,True,6,24,46,85,65,A,-20,3.75,17.25,39.55,39.55,Persistence
FLEX,Flex Ltd. - Ordinary Shares,Technology,Electronic Components,United States,半導体,146.13999938964844,53.542469632,830.4579371916046,0.08139309650176267,-0.022790081393147834,-0.07322293172408954,0.09196102314250913,-0.014058106841611996,0.1956482320942883,63.40300789070516,0.30134497319194414,0.09756701749757371,True,30,12,25,40,50,B,0,33.5,20.0,33.75,33.75,Persistence
FLNC,"Fluence Energy, Inc. - Class A Common Stock",Utilities,Utilities - Renewable,United States,電力/エネルギー,25.539899826049805,4.707276288,349.76665506666757,-0.16146821899960054,0.21667663069696813,0.8504692546239246,0.13071463609727643,-3.888107395816175,0.165805685193042,61.8193450366066,0.4465200533634208,0.20757368325182174,True,0,0,18,85,50,B,-10,7.75,7.75,31.15,31.15,Persistence
FLYW,Flywire Corporation - Voting Common Stock,Technology,Software - Infrastructure,United States,ソフトウェア,14.130000114440918,1.743894656,29.817502805996273,0.2659404564517702,0.22091621309173542,0.3929814254859611,0.6142048874443241,-0.022817760851689965,0.001073953593396063,29.68036887599034,-0.016605646448592352,0.2030456582482987,True,42,24,92,100,73,A,-5,48.8,35.3,85.19999999999999,85.19999999999999,Persistence
FMBH,"First Mid Bancshares, Inc. - Common Stock",Financial Services,Banks - Regional,United States,その他,45.91999816894531,1.222197248,4.61872066382904,0.07419577566456391,0.15896219723781221,0.07958878343196196,,0.03806494810847004,0.046151347277616286,67.78523593028262,0.06354736811234246,0.0,True,2,24,50,100,40,C,-25,0.0,12.0,35.5,35.5,Persistence
FORM,"FormFactor, Inc. - Common Stock",Technology,Semiconductor Equipment & Materials,United States,半導体,122.50499725341797,9.549848576,205.50512813979148,0.028017323228553208,0.15155586923278772,-0.11342532860387974,0.39344427275147675,-0.851576525323017,0.026428458250092702,47.909679876965406,-0.050808726765955214,0.2100529029727777,True,4,0,29,85,90,S,0,24.75,21.75,55.2,55.2,Persistence
FOX,Fox Corporation - Class B Common Stock,Communication Services,Entertainment,United States,その他,60.5,25.42127104,57.349447375,0.1659513590844063,-0.06256286461476564,0.06719622155431516,,1.0020066889632107,0.3218366027161026,61.83610757442926,0.055038109466802994,0.10234444042837852,True,38,26,26,65,65,A,0,44.75,35.75,43.55,44.75,Acceleration
FOXA,Fox Corporation - Class A Common Stock,Communication Services,Entertainment,United States,その他,67.54000091552734,28.379383808,168.51186327423477,0.1659513590844063,-0.06256286461476564,0.06719622155431516,,1.0020066889632107,0.3218366027161026,61.83206450407121,0.05704011409037038,0.10824711476849498,True,38,26,26,65,65,A,0,44.75,35.75,43.55,44.75,Acceleration
FRHC,Freedom Holding Corp. - Common Stock,Financial Services,Financial Conglomerates,United States,その他,139.8699951171875,8.572993024,22.433440802856445,0.08971844658728398,0.21344133955397054,1.0580299185741235,0.5455829305136649,-1.0232826521538976,0.18484324002019273,42.40646318328193,-0.05533075777887996,0.2643841613223321,False,8,12,38,85,63,B,-20,5.050000000000001,8.05,34.75000000000001,34.75000000000001,Persistence
FRME,First Merchants Corporation - Common Stock,Financial Services,Banks - Regional,United States,その他,40.814998626708984,2.572273152,12.176318132806777,0.057819313846414054,-0.03731324942166076,0.0363897450266181,,,0.0450025994605758,57.53007992099812,0.024291107949120504,0.022486433506709997,True,18,12,10,100,75,A,-20,16.0,11.5,25.5,25.5,Persistence
FROG,JFrog Ltd. - Ordinary shares,Technology,Software - Application,United States,ソフトウェア,82.36000061035156,9.975420928,191.585454563797,0.24120162058213998,0.22465031467392235,0.24941436937580347,0.7678756768953069,0.31998218609959084,0.009285980004130084,61.11526314200079,0.36585559851400257,0.06737625538144036,True,50,24,100,85,37,C,0,53.95,34.45,83.65,83.65,Persistence
FRPT,"Freshpet, Inc. - Common Stock",Consumer Defensive,Packaged Foods,United States,その他,50.84000015258789,2.498419456,86.14028907253591,0.13006664431175058,0.2715912869428018,0.288154411567094,0.4080035208232193,1.3773015485916351,0.278428935045211,59.107534482243814,-0.121292410257486,0.40538011517441064,False,24,39,77,100,43,C,-20,17.299999999999997,28.549999999999997,55.94999999999999,55.94999999999999,Persistence
FRSH,Freshworks Inc. - Class A Common Stock,Technology,Software - Application,United States,ソフトウェア,9.270000457763672,2.562544896,98.05265811445713,0.1643333055717498,0.2078828768409475,0.19765702340767752,0.8496141553083002,0.5130356751424814,0.02651942457534479,51.02041724209166,0.059089719974501013,0.416614206578096,False,39,71,90,100,50,B,0,49.25,73.25,84.5,84.5,Persistence
FSLR,"First Solar, Inc. - Common Stock",Technology,Solar,United States,その他,257.6000061035156,27.679985664,750.2287966557494,0.24085054545705253,0.2674882375168821,0.2669713005556024,0.4062437732020073,3.0,0.049194486127865804,56.64109948694866,0.12643735782735743,0.19057342936837196,True,25,42,89,65,70,A,0,35.5,48.25,79.2,79.2,Persistence
FSLY,"Fastly, Inc. - Class A Common Stock",Technology,Software - Application,United States,ソフトウェア,18.684999465942383,2.924202496,136.68235558132324,0.1477755133572201,0.07448397985722982,0.1693061413137674,0.5708216750157848,3.0,0.28689136278849225,56.60615646021895,-0.18610477799911573,0.4422388219121677,True,49,59,54,100,53,B,0,57.05,64.55,65.30000000000001,65.30000000000001,Persistence
FSUN,FirstSun Capital Bancorp - Common Stock,Financial Services,Banks - Regional,United States,その他,36.599998474121094,1.710563328,5.655014524238586,0.08370248301734827,0.03422065734131605,0.13082641068623288,,0.08636686588372967,0.00774634591537557,55.390315066987625,0.0028358440482986534,0.11594209842618865,False,20,24,42,100,90,S,-25,14.0,17.0,41.099999999999994,41.099999999999994,Persistence
FTAI,FTAI Aviation Ltd. - Common Stock,Industrials,Aerospace & Defense,United States,防衛/宇宙,230.72000122070312,23.667943424,220.58262580706787,0.44527497534441446,0.4816866741367295,0.6528484170912083,0.3716557609867397,0.25827936723745404,0.7885417986088851,44.012606136375474,-0.0692582346135551,0.2533185068292091,True,33,54,59,65,73,A,-20,21.799999999999997,37.55,43.300000000000004,43.300000000000004,Persistence
FTDR,"Frontdoor, Inc. - Common Stock",Consumer Cyclical,Personal Services,United States,その他,66.31999969482422,4.657979904,29.1182468420105,0.13503253796095444,0.03653738055087127,0.0703971119133574,0.5527950310559007,0.6883116883116883,0.5560224089635855,64.66368219288688,0.07603643992994862,0.04410489593155758,True,40,26,42,85,52,B,0,47.95,37.45,54.75,54.75,Persistence
FTNT,"Fortinet, Inc. - Common Stock",Technology,Software - Infrastructure,United States,ソフトウェア,138.5500030517578,101.508431872,839.4314071496522,0.14167702071929883,0.12271904690091992,0.2008873998279531,0.8045620330607682,0.18444018731375053,0.09589766295768683,58.72271102642656,0.30205399914493897,0.07429675454819884,True,40,26,82,25,57,B,0,39.45,28.95,62.75,62.75,Persistence
FULT,Fulton Financial Corporation - Common Stock,Financial Services,Banks - Regional,United States,その他,22.614999771118164,4.32248576,32.22648774884224,0.11394611781193321,0.08949465971141368,0.07256404867739134,,-0.23996824480369516,0.01925852470857826,68.56699839007075,0.05317814549963853,0.0,True,35,14,37,85,40,C,-20,23.0,7.25,29.6,29.6,Persistence
FWONA,Liberty Media Corporation - Series A Liberty Formula One Common Stock,Communication Services,Entertainment,United States,その他,82.08000183105469,20.569716736,10.711850638961792,0.22693676430331233,0.02267637178051512,0.3882627283326856,0.33712628290941543,-0.44779411764705884,0.331211845694246,47.51959888885679,0.002829644413078356,0.17366354255524571,False,34,40,62,65,90,S,0,44.25,48.75,68.35,68.35,Persistence
FWONK,Liberty Media Corporation - Series C Liberty Formula One Common Stock,Communication Services,Entertainment,United States,その他,87.99500274658203,22.052050944,150.87741964182663,0.22693676430331233,0.02267637178051512,0.3882627283326856,0.33712628290941543,-0.44779411764705884,0.331211845694246,42.2895011758071,-0.01088979396834005,0.18771345648259072,False,34,40,62,65,90,S,0,44.25,48.75,68.35,68.35,Persistence
GABC,"German American Bancorp, Inc. - Common Stock",Financial Services,Banks - Regional,United States,その他,44.84000015258789,1.684383872,5.120340151424217,0.6816980570237475,-0.14266795376036123,-0.034741661115752914,,0.6975980246260348,0.01654960554454879,63.99369975216466,0.03789677533316783,0.0022251552553822756,True,45,34,38,100,55,B,-25,29.25,21.0,31.900000000000006,31.900000000000006,Persistence
GCT,GigaCloud Technology Inc - Class A Ordinary Shares,Technology,Software - Infrastructure,United States,ソフトウェア,33.060001373291016,1.20377728,23.873198929677205,0.11098220391682644,0.6496033849034782,0.43618169612158236,0.2330930299085896,0.28233783726901546,0.3906004279563794,32.136910612908125,-0.1977441410012554,0.36177602586453156,False,10,26,63,100,41,C,-5,21.6,33.6,62.85000000000001,62.85000000000001,Persistence
GEN,Gen Digital Inc. - Common Stock,Technology,Software - Infrastructure,United States,ソフトウェア,24.65999984741211,14.856018944,197.07067853559207,0.27064803049555275,0.035526315789473684,0.14561350618028338,0.7846,0.26285240464344944,0.5298607992815447,47.5,0.133800271135314,0.21823543415035523,True,47,29,64,65,70,A,0,52.0,38.5,65.45,65.45,Persistence
GFS,GlobalFoundries Inc. - Ordinary Share,Technology,Semiconductors,United States,半導体,75.76499938964844,41.550770176,477.42290022595216,0.006074074074074074,-0.08685064935064934,-0.08830784410458806,0.24885878368428802,-0.08021877848678213,0.09958578846041655,54.969533473549824,0.14818417697089353,0.1577923503700248,True,30,35,25,40,70,A,0,35.5,39.25,37.75,39.25,Transition
GIII,"G-III Apparel Group, LTD. - Common Stock",Consumer Cyclical,Apparel Manufacturing,United States,その他,34.09600067138672,1.438529792,20.268144270301434,-0.07035471624084035,0.026645433119814398,-0.03981928442682495,0.3936504146753547,-0.03381030492984563,0.10904581702300427,75.2722341503603,0.10788636634380283,0.023596722244143258,True,4,0,29,100,10,D,-5,14.0,11.0,37.95,37.95,Persistence
GLXY,Galaxy Digital Inc. - Class A common stock,Financial Services,Capital Markets,United States,その他,32.064998626708984,12.502146048,196.48513778836556,0.41810906217957444,-0.1749112800548723,,-0.001918842550121238,-4.714301941659346,0.4705275720185642,60.84321661894363,0.19693752311696902,0.25186658492569797,True,14,8,2,65,33,D,-30,0.0,0.0,0.0,0.0,Acceleration
GNTX,Gentex Corporation - Common Stock,Consumer Cyclical,Auto Parts,United States,その他,24.780000686645508,5.276946944,46.918720924102026,0.09551431418032026,0.0061322184876935765,0.19815805894615904,0.3419956413347784,0.29555933792700295,0.001296160038340106,79.13909062373487,0.07212941961912667,0.13433869398042939,True,27,12,46,85,50,B,0,38.0,26.75,56.55,56.55,Persistence
GOOG,Alphabet Inc. - Class C Capital Stock,Communication Services,Internet Content & Information,United States,その他,362.8800048828125,4425.297952768,7955.4211956539375,0.15090081081544376,0.13866243322901553,0.08682770227269514,0.5965231508603998,0.0068990159969215545,0.09960170070941286,33.459486032774066,0.017002375395084538,0.09007017053572125,True,45,26,58,10,90,S,0,44.25,30.0,52.400000000000006,52.400000000000006,Persistence
GOOGL,Alphabet Inc. - Class A Common Stock,Communication Services,Internet Content & Information,United States,その他,365.0450134277344,4451.700047872,11121.021171307662,0.15090081081544376,0.13866243322901553,0.08682770227269514,0.5965231508603998,0.0068990159969215545,0.09960170070941286,32.59695599939053,0.015205163655854457,0.09278464748709858,True,45,26,58,10,90,S,0,44.25,30.0,52.400000000000006,52.400000000000006,Persistence
GPRE,"Green Plains, Inc. - Common Stock",Basic Materials,Chemicals,United States,その他,14.920000076293945,1.04485024,20.40636907634869,-0.14930722190860893,-0.25394789581590554,-0.10022416976512,0.06546221219306969,1.589089077081784,0.2889775442918,40.214482147112335,-0.07717808387251103,0.1824657492441674,True,30,25,26,100,90,S,-5,41.5,37.75,52.3,52.3,Persistence
GSAT,"Globalstar, Inc. - Common Stock",Communication Services,Telecom Services,United States,その他,81.08000183105469,10.442206208,99.0643732532013,0.09042177120739447,0.11858825421790106,0.507083984269784,0.6480185797073843,0.6034294349425201,0.23485501436852638,41.29610348818948,0.010884359992325197,0.03967782141433594,True,27,37,69,65,87,S,0,38.7,46.2,71.60000000000001,71.60000000000001,Persistence
GSHD,"Goosehead Insurance, Inc. - Class A Common Stock",Financial Services,Insurance Brokers,United States,その他,36.45500183105469,1.298018816,18.16632395420456,0.16152048457099252,0.20372709318881183,0.247795978795549,,0.22969876676325898,0.8491650275753018,38.1458296686041,-0.11902732155829471,0.6632021198213915,False,10,14,75,100,45,C,-45,0.0,0.0,30.25,30.25,Persistence
GT,The Goodyear Tire & Rubber Company - Common Stock,Consumer Cyclical,Auto Parts,United States,その他,5.84499979019165,1.68007872,45.65884010705967,-0.03167708443691069,-0.0592046247383634,-0.03552030761836097,0.18440919037199124,0.9387755102040817,0.398506151142355,59.10652211458706,-0.09566324245999375,0.5104690120932137,False,27,12,6,100,55,B,-5,35.75,24.5,34.3,35.75,Acceleration
GTLB,GitLab Inc. - Class A Common Stock,Technology,Software - Infrastructure,United States,ソフトウェア,29.3799991607666,4.962281984,214.0456261408324,0.2581169023600953,0.30926219076884875,0.3666198484220052,0.8735971876753515,3.0,0.00010854756966635264,59.10325349292862,0.19260242073566686,0.42437306752028986,False,46,44,100,85,35,C,0,50.75,49.25,83.25,83.25,Persistence
HAS,"Hasbro, Inc. - Common Stock",Consumer Cyclical,Leisure,United States,その他,83.40499877929688,11.801030656,178.01500875759888,0.13681537903518318,-0.1734455259528711,-0.1457134563832875,0.645821368557633,0.06924142175719342,0.5935698847262247,27.693401733323697,-0.08320611434362674,0.20079452227045633,False,40,21,34,65,53,B,0,45.05,30.8,45.550000000000004,45.550000000000004,Persistence
HBAN,Huntington Bancshares Incorporated - Common Stock,Financial Services,Banks - Regional,United States,その他,16.90999984741211,34.27877888,347.1688122903118,0.1010155721056195,0.0033967391304347825,0.014612627515853323,,0.3083284111045481,0.08200581059589704,68.85813811054969,0.04041049458489337,0.11354228929542805,True,28,26,42,40,80,S,-20,15.0,13.5,29.1,29.1,Persistence
HBT,"HBT Financial, Inc. - Common Stock",Financial Services,Banks - Regional,United States,その他,30.0,1.091432448,2.7004155,0.060144357250466574,-0.014846089776533343,0.2571765937775005,,-0.10782677127799108,0.012858407655494845,69.10233003561851,0.07083304641989603,0.0,True,18,12,33,100,40,C,-25,7.5,3.0,26.150000000000006,26.150000000000006,Persistence
HFWA,Heritage Financial Corporation - Common Stock,Financial Services,Banks - Regional,United States,その他,28.559999465942383,1.177209344,6.483352642764569,0.13512454055350331,-0.11066041063416154,-0.020716856243172033,,0.4037591767173571,0.006078351166512376,65.61796799255234,0.05614378012785594,0.0,True,28,26,30,100,40,C,-25,15.0,13.5,24.5,24.5,Persistence
HIVE,HIVE Digital Technologies Ltd - Common Shares,Financial Services,Capital Markets,United States,その他,3.755000114440918,1.004202752,140.02517952403915,1.5832198405607265,0.007111344078976106,0.07662860475178239,-0.20997276613463806,0.26375173621020986,0.1111889928122839,47.56871643365505,0.253212335871042,0.4604884922614674,True,58,44,30,100,45,C,-25,38.0,27.5,25.5,38.0,Acceleration
HLIT,Harmonic Inc. - Common Stock,Technology,Communication Equipment,United States,通信/光通信,13.720000267028809,1.488571136,68.64591120003759,-0.2615260139287177,0.2566862814750748,-0.3783860329590676,0.4846986183960524,0.8373632208757656,0.18536416310476378,55.94936529566151,0.13382809542155344,0.19812976168287225,True,17,12,38,100,70,A,-5,29.75,26.0,54.900000000000006,54.900000000000006,Persistence
HLMN,Hillman Solutions Corp. - Common Stock,Industrials,Tools & Accessories,United States,その他,7.466000080108643,1.464900864,12.100005222430564,0.054073930714147476,-0.002629231610109741,-0.006627743001544746,0.4872679458634836,-0.6424167065849955,0.32449492698818516,64.67991669565757,-0.05883478981480751,0.30484169094806773,False,38,12,29,100,43,C,-5,42.8,23.3,44.550000000000004,44.550000000000004,Persistence
HLNE,Hamilton Lane Incorporated - Class A Common Stock,Financial Services,Asset Management,United States,その他,80.0250015258789,4.444093952,74.89162174799804,0.06456155508771143,0.28730396033525807,0.04744937617375221,0.6987719254327773,0.4517674528171161,0.1546616420003332,39.46550269470931,-0.12743055694434485,0.49607561077976414,False,17,24,62,85,33,D,-20,8.8,14.049999999999997,41.95,41.95,Persistence
HON,Honeywell International Inc. - Common Stock,Industrials,Conglomerates,United States,その他,211.5500030517578,134.049316864,984.1304766892753,0.0784918051674972,0.051743463903783815,-0.06927761800033835,0.3693445862934672,0.03750478377344049,0.482661744547441,44.6831772076074,-0.04523291695894172,0.14242603623497682,True,36,12,26,25,100,S,0,40.75,22.75,40.55,40.75,Acceleration
HOOD,"Robinhood Markets, Inc. - Class A Common Stock",Financial Services,Capital Markets,United States,その他,89.6500015258789,80.730284032,2360.608360275999,0.515757370382921,0.5823056300268097,0.37334315169366716,0.833445115135256,3.0,0.30484831004011853,62.48875690157494,0.12926815243820788,0.4119769278632422,False,55,61,96,40,15,D,-20,28.75,33.25,45.80000000000001,45.80000000000001,Persistence
HOPE,"Hope Bancorp, Inc. - Common Stock",Financial Services,Banks - Regional,United States,その他,12.819999694824219,1.638894464,9.468851774597168,0.052287085216554625,-0.17065018427195952,-0.0926934447729344,,0.4167040820144423,0.024560284132649775,62.222209271090904,0.046480103951184445,0.0,True,23,12,30,100,55,B,-25,12.75,4.5,27.5,27.5,Persistence
HTLD,"Heartland Express, Inc. - Common Stock",Industrials,Trucking,United States,その他,15.680000305175781,1.215038464,9.349144517959974,-0.2308348074626424,-0.13246589115314983,0.24737912140132812,0.08383175563385788,-2.920429736872343,0.135462988527354,73.63895885076047,0.20133006272383214,0.03090234799563361,True,0,0,10,100,22,D,-5,12.2,12.2,29.9,29.9,Persistence
HTO,H2O America  - Common Stock,Utilities,Utilities - Regulated Water,United States,その他,58.130001068115234,2.432173568,24.10839194848194,0.06967969333506137,0.11646824183315607,0.08001475757937032,0.5702469428796263,-0.5023283201521241,0.3839463364485473,55.535382095336736,0.007742078631941896,0.044616070409766485,True,8,12,26,100,87,S,0,29.700000000000003,32.7,56.7,56.7,Persistence
HTZ,"Hertz Global Holdings, Inc - Common Stock",Industrials,Rental & Leasing Services,United States,その他,5.25,1.657763712,32.6927383125,-0.06022764946402918,-0.03436132749973322,0.0789867587795049,0.11418156161806209,-0.0297441998810232,0.8663439558961947,62.4161054495135,-0.09498362559615099,0.34127978190652425,False,10,40,0,100,43,C,-25,1.8000000000000007,24.299999999999997,8.600000000000001,24.299999999999997,Transition
HUBG,"Hub Group, Inc. - Class A Common Stock",Industrials,Integrated Freight & Logistics,United States,その他,44.244998931884766,2.70573696,34.533460589330296,-0.060961289301703595,-0.21307127248623253,0.2618163337297215,0.11107974629978284,-0.49104186607111205,0.1772838882936943,66.36214923957625,0.07656542008190631,0.15226134932152394,True,18,0,25,100,65,A,0,35.0,21.5,51.75,51.75,Persistence
HURN,Huron Consulting Group Inc. - Common Stock,Industrials,Consulting Services,United States,その他,111.00499725341797,1.799593984,26.525676440178678,0.11653135585702505,0.08797108857519723,0.20690428754720824,0.3180503347864188,-0.038083159491750423,0.35917082983173326,58.25897645529721,-0.06640585404501557,0.40184828021247193,False,27,2,45,100,55,B,-5,35.75,17.0,55.75,55.75,Persistence
HUT,Hut 8 Corp. - Common Stock,Financial Services,Capital Markets,United States,その他,114.13500213623047,12.850929664,478.73305180955236,0.447904670997937,0.8721537521472958,0.09537159815621646,0.5416174006243674,-1.3633705659335216,0.1559094606568569,62.05787670582223,0.26428113040386025,0.14197114366008348,True,22,8,38,65,50,B,-30,1.25,0.0,17.150000000000006,17.150000000000006,Persistence
HWC,Hancock Whitney Corporation - Common Stock,Financial Services,Banks - Regional,United States,その他,70.87999725341797,5.752476672,61.86226833885269,0.04927584600515912,0.052344677765493446,-0.008489596218204823,,-0.15019699271330045,0.037724832365745864,70.53983233983024,0.06081676593593483,0.033201952039844176,True,0,12,25,85,37,C,-20,0.0,5.449999999999999,22.4,22.4,Persistence
HWKN,"Hawkins, Inc. - Common Stock",Basic Materials,Specialty Chemicals,United States,その他,155.7100067138672,3.249383936,21.692825225846097,0.11213210581354657,0.06012977037780065,-0.017042064040346572,0.2261289143818931,0.22982857142857144,0.2650914031370084,51.39927644008084,-0.01368248233468436,0.15287731353002382,True,40,14,26,85,100,S,0,52.75,33.25,55.55,55.55,Persistence
IBKR,"Interactive Brokers Group, Inc. - Class A Common Stock",Financial Services,Capital Markets,United States,その他,86.30000305175781,146.383978496,468.76302755649107,0.09725203950193216,0.19635289585206112,0.8575858778625954,0.8976716885149677,0.8148703170028818,9.348553434363315e-05,55.85312058353601,0.07159541654628614,0.027276804955460227,True,24,24,65,25,60,B,-20,7.75,7.75,34.0,34.0,Persistence
IBOC,International Bancshares Corporation - Common Stock,Financial Services,Banks - Regional,United States,その他,75.09500122070312,4.669500416,21.272562754045104,0.01023342182066381,0.00023876886454006398,0.23516989028675422,,0.028566706031522334,0.007190974361944302,62.768503547029084,0.04783673254423603,0.0,True,20,24,42,85,55,B,-20,13.25,16.25,35.35,35.35,Persistence
ICFI,"ICF International, Inc. - Common Stock",Industrials,Consulting Services,United States,その他,71.94999694824219,1.302595712,19.67261133558655,-0.07274826503982845,0.028803945318906825,0.10296500378659344,0.371634475994086,-0.19920193985904047,0.27867870533726213,64.85296158905652,0.04936345153010178,0.28048164072796966,False,4,0,25,100,53,B,-5,18.3,15.3,44.35,44.35,Persistence
ICHR,Ichor Holdings - Ordinary Shares,Technology,Semiconductor Equipment & Materials,United States,半導体,72.66000366210938,2.53344,74.70827826634368,0.11614529350796193,0.04675017260084821,-0.3663466578754739,0.09262366353893624,-1.613334634908239,0.1698956069654749,58.202573026179024,0.10168533659356356,0.05575040229070225,True,35,2,10,100,57,B,0,46.95,22.2,41.9,46.95,Acceleration
IDCC,"InterDigital, Inc. - Common Stock",Technology,Software - Application,United States,ソフトウェア,260.38751220703125,6.729722368,77.10423155716553,-0.039724081076226575,0.5803037912035925,0.2005137682014181,0.8877214438589234,1.2272323547518458,0.23650165432182493,43.95147579328074,-0.13560898433464533,0.3404206371477007,False,30,31,53,85,51,B,0,40.35,41.1,60.60000000000001,60.60000000000001,Persistence
IESC,"IES Holdings, Inc. - Common Stock",Industrials,Engineering & Construction,United States,その他,728.7000122070312,14.518537216,138.53519968071288,0.16887986858774118,0.2133288070512408,0.09711012697017918,0.25493256943266257,0.1564004333007477,0.05520909516495045,68.46348955794393,0.17112919762757406,0.01804365260799465,True,7,26,57,65,25,D,0,17.5,31.75,52.6,52.6,Persistence
IMKTA,"Ingles Markets, Incorporated - Class A Common Stock",Consumer Defensive,Grocery Stores,United States,その他,92.55000305175781,1.7579296,13.225450966098023,-0.054184040326931616,-0.042963121580624666,0.03767439955455991,0.23887004156108263,-0.23351805514965165,0.21186971660291334,72.3043106124765,0.0351713010810862,0.02814239431590499,True,0,0,25,100,40,C,-25,0.0,0.0,21.75,21.75,Persistence
INDB,Independent Bank Corp. - Common Stock,Financial Services,Banks - Regional,United States,その他,81.21499633789062,3.918607616,23.622579606071472,0.24288075325751377,-0.05402650780264413,0.0026116077007022603,,0.14100703626972685,0.03314937773593243,58.86688263050348,0.03694912979755744,0.04748119683472408,True,29,29,30,85,87,S,-20,23.200000000000003,23.200000000000003,35.150000000000006,35.150000000000006,Persistence
INOD,Innodata Inc. - Common Stock,Technology,Information Technology Services,United States,その他,99.61000061035156,3.252800256,190.17571697578506,0.4763670282351975,0.9644021895707289,0.098403817673194,0.3952865538438308,0.31430888913468275,0.02627629854145783,52.848175335914604,0.45599280465722075,0.1801646040300283,True,23,32,54,85,70,A,0,37.0,43.75,64.95,64.95,Persistence
INTA,"Intapp, Inc. - Common Stock",Technology,Software - Application,United States,ソフトウェア,23.331600189208984,1.797970304,28.53425655298023,0.17094789360847157,0.2270052127122919,0.2896376313535805,0.7398476553201618,0.9611826778127998,0.01802136304312087,59.495216355266216,0.02559946306298372,0.5935969299560848,False,29,32,97,100,65,A,-5,38.25,40.5,86.35,86.35,Persistence
INTC,Intel Corporation - Common Stock,Technology,Semiconductors,United States,半導体,108.99939727783203,548.437131264,13013.940904269737,-0.004670345191239336,-0.020782621523935976,-0.13997525930155105,0.34766238434904356,0.6838911599386817,0.22033401283646048,40.76343203267093,0.1753529495044759,0.15791567350152894,True,49,44,14,10,70,A,0,45.25,41.5,24.200000000000003,45.25,Acceleration
INTU,Intuit Inc. - Common Stock,Technology,Software - Application,United States,ソフトウェア,290.0,79.325724672,1960.564923,0.15634019035922628,0.13342149220489977,0.12902718843312902,0.7956560989857151,0.31268882175226587,0.17963634395800637,30.098733725423244,-0.21817689100959253,0.6383847258462191,False,58,26,75,40,33,D,0,52.8,28.8,57.85,57.85,Persistence
IOSP,Innospec Inc. - Common Stock,Basic Materials,Specialty Chemicals,United States,その他,83.62000274658203,2.059648256,15.84623301848526,-0.03652324699252195,-0.05305829228243021,-0.007587717064724754,0.2769403824521935,-0.486088379705401,0.02876009604889762,75.7261175986419,0.08110775361322721,0.04315026767631882,True,18,12,25,100,37,C,0,32.2,27.7,46.15,46.15,Persistence
IPAR,"Interparfums, Inc. - Common Stock",Consumer Defensive,Household & Personal Products,United States,その他,96.16999816894531,3.079919104,20.352519222992708,0.024914533592687586,0.10218756521904111,0.21259960631406713,0.6363542309787849,0.008530461612922742,0.1310337562324633,62.5745906194928,0.044159330903787104,0.29848707054490214,True,14,24,62,85,63,B,0,29.55,37.05,67.95,67.95,Persistence
IPGP,IPG Photonics Corporation - Common Stock,Technology,Semiconductor Equipment & Materials,United States,半導体,106.48999786376953,4.5198208,59.55187437986641,0.027266475222436228,-0.24102501167045584,-0.09940771447178721,0.38002763562026226,-1.0231234769568593,0.007115514709522003,32.618117242197485,-0.07692176138041537,0.30810216795553247,True,22,35,14,85,63,B,0,35.55,45.3,41.550000000000004,45.3,Transition
IRDM,Iridium Communications Inc - Common Stock,Communication Services,Telecom Services,United States,その他,45.0099983215332,4.758805504,100.99757515370179,0.04932934624802271,0.05053476375418446,0.09665147551987839,0.7154816275630722,-0.020492379069805434,0.6955826707846554,49.42675041617471,0.08346609076901114,0.13558673736640683,True,15,12,39,85,85,S,-10,22.5,20.25,49.7,49.7,Persistence
ITRI,"Itron, Inc. - Common Stock",Technology,Scientific & Technical Instruments,United States,その他,81.62999725341797,3.619420928,52.043363927411264,-0.03017120766360064,0.12292967580083666,0.21055723995357448,0.37686729520267453,0.8450723220607572,0.34078200729054986,50.83432300258072,-0.05509681859147447,0.41027309396589956,False,16,24,38,85,55,B,0,30.25,36.25,53.150000000000006,53.150000000000006,Persistence
JBHT,"J.B. Hunt Transport Services, Inc. - Common Stock",Industrials,Integrated Freight & Logistics,United States,その他,279.4049987792969,26.347667456,273.6127375711029,-0.00728936154300035,-0.0578706458820242,-0.1339499212872905,0.13306202400580844,0.5338476455324928,0.18503447958315436,66.52002296672205,0.11790097417771618,0.030416123260637386,True,39,24,30,65,37,C,0,42.7,31.45,40.15,42.7,Acceleration
JBLU,JetBlue Airways Corporation - Common Stock,Industrials,Airlines,United States,その他,4.849999904632568,1.804291584,111.24445023755717,-0.023386140747925423,-0.03494539781591264,0.04990172526752566,0.14798057823879937,0.17559322033898306,0.568255884127942,53.1914877427432,-0.025987090642857372,0.24922602538810928,False,20,30,2,100,90,S,-15,24.0,31.5,29.1,31.5,Transition
JJSF,J & J Snack Foods Corp. - Common Stock,Consumer Defensive,Packaged Foods,United States,その他,78.48999786376953,1.471955584,17.906331360650636,0.0053836946064625925,0.010216643390647723,0.12904952428410843,0.2967863858320285,-0.17331175814346161,0.11839513688372284,70.12048945855119,-0.0010029723941878273,0.3255233879756558,False,0,0,37,100,38,C,-25,0.0,0.0,27.950000000000003,27.950000000000003,Persistence
JKHY,"Jack Henry & Associates, Inc. - Common Stock",Technology,Information Technology Services,United States,その他,128.29989624023438,9.115807744,227.50214581256103,0.07210196326589012,0.06634300780381402,0.0693906584232512,0.4271233635668601,0.22263406611087605,,28.37347383113365,-0.11516360567643677,0.3284266664451587,False,27,24,36,85,36,C,0,36.6,34.35,48.25,48.25,Persistence
KALU,Kaiser Aluminum Corporation - Common Stock,Basic Materials,Aluminum,United States,その他,180.26499938964844,2.945639424,36.897667585569764,0.11541005291005291,-0.02040816326530612,-0.09944864202573003,0.1311592054550845,-0.8613138686131386,0.4243605739238927,61.495475228160856,0.09143784771722147,0.05293158107640762,True,35,14,2,100,52,B,0,46.45,30.7,36.5,46.45,Acceleration
KDP,Keurig Dr Pepper Inc. - Common Stock,Consumer Defensive,Beverages - Non-Alcoholic,United States,その他,31.899999618530273,43.401846784,319.43807250006415,0.08155820467721972,0.03624949372215472,0.05385217329444405,0.5420104800337289,-0.06825297432686286,0.29104383418381147,87.0669810049133,0.12411812817920705,0.0698681147952527,True,26,12,41,40,22,D,-20,7.699999999999999,0.0,16.949999999999996,16.949999999999996,Persistence
KEEL,Keel Infrastructure Corp. - Common Stock,Technology,Information Technology Services,United States,その他,5.566800117492676,3.361393408,264.1482010497821,0.7203355493194471,0.10692691029900332,-0.15466060044373298,-0.0824508452694569,0.27931248585329793,0.5274664749480076,67.33043243353512,0.45917367902523676,0.13959809922532015,True,67,44,10,85,50,B,-10,58.0,40.75,26.75,58.0,Acceleration
KHC,The Kraft Heinz Company - Common Stock,Consumer Defensive,Packaged Foods,United States,その他,23.65999984741211,28.055498752,332.24712243027443,-0.0349763986690397,-0.029804804804804803,0.00585236926562205,0.33313286825435007,0.21225165562913909,0.2594453818501944,56.12896327840166,0.047434698473533404,0.12759796511208799,True,9,12,30,65,100,S,-20,6.5,8.75,32.75,32.75,Persistence
KLAC,KLA Corporation  - Common Stock,Technology,Semiconductor Equipment & Materials,United States,半導体,2203.570068359375,287.391645696,2183.257118755225,0.23887647752854163,-0.0651491379238068,0.13940396333735458,0.6090980853989936,0.2343973045578454,0.37890901414407807,69.5401407673009,0.20743145909206545,0.0,True,47,36,46,25,25,D,0,41.5,33.25,36.55,41.5,Acceleration
KMB,Kimberly-Clark Corporation - Common Stock,Consumer Defensive,Household & Personal Products,United States,その他,100.9800033569336,33.519337472,442.7119411763157,-0.021303183576316574,-0.01988802052956958,-0.1501363073110285,0.36012646683285704,-0.34779148428173495,0.42671657503801613,61.86894779308717,0.04829216340315089,0.22553151027678206,False,4,0,21,40,70,A,0,16.0,13.0,35.55,35.55,Persistence
KTOS,"Kratos Defense & Security Solutions, Inc. - Common Stock",Industrials,Aerospace & Defense,United States,防衛/宇宙,56.654998779296875,10.623944704,267.5953632250717,0.18525037402094519,0.09565133545463311,0.154514082155182,0.22861597861597863,-15.16470588235294,0.05909533073929961,51.34352173204251,-0.09844898119816942,0.5665927306438551,False,23,14,30,65,55,B,-10,22.5,15.75,33.75,33.75,Persistence
LASR,"nLIGHT, Inc. - Common Stock",Technology,Semiconductors,United States,半導体,65.29499816894531,3.6832064,71.23218420419997,0.3162056530410782,-0.05417752392566728,-0.13276570078245709,0.29833161137259406,2.1950247789330484,0.1148662796231084,43.11904813942204,-0.07416863133652005,0.2313713888803569,True,66,81,30,85,90,S,0,71.25,82.5,55.75,82.5,Transition
LAUR,"Laureate Education, Inc. - Common Stock",Consumer Defensive,Education & Training Services,United States,その他,35.939998626708984,5.030819328,37.80414885147858,0.08635540219143877,0.05548384141083132,0.19481819989358198,0.2833112995246573,0.6360205661280596,0.23363065696738958,67.15544629772572,0.08778882450959954,0.0008341004441465556,True,27,12,50,85,40,C,0,37.0,25.75,56.75,56.75,Persistence
LBRDA,Liberty Broadband Corporation - Class A Common Stock,Communication Services,Telecom Services,United States,その他,31.864999771118164,4.584139264,5.957133028710747,,,-1.0,,,0.19773499433748584,39.770855917848934,-0.22283331901711223,0.6609497971231533,False,0,0,10,85,33,D,-10,6.050000000000001,6.050000000000001,23.35,23.35,Persistence
LBRDK,Liberty Broadband Corporation - Class C Common Stock,Communication Services,Telecom Services,United States,その他,31.959999084472656,4.586187264,67.95555689134254,,,-1.0,,,0.19773499433748584,39.75901802225644,-0.22149039471914866,0.6613761878740652,False,0,0,10,85,33,D,-10,6.050000000000001,6.050000000000001,23.35,23.35,Persistence
LCID,"Lucid Group, Inc. - Common Stock",Consumer Cyclical,Auto Manufacturers,United States,その他,5.054999828338623,1.972748032,73.76464066054643,0.6758311133998158,0.35708274046610705,-0.021227233340074748,-0.9280508793830653,-0.30878263070795225,0.3811512151988898,38.317762007200145,-0.25491932748852403,0.8384984041036881,False,58,58,14,100,25,D,-15,46.0,46.0,22.700000000000003,46.0,Acceleration
LECO,"Lincoln Electric Holdings, Inc. - Common Shares",Industrials,Tools & Accessories,United States,電力/エネルギー,265.67999267578125,14.555839488,74.77880881451111,0.05596195246802555,-0.04365025970766546,0.11443787652434283,0.3624500148003675,0.10743738261183232,0.3418408148927209,56.79009426210783,0.02185005370967677,0.10819721234096283,True,24,24,30,65,100,S,0,37.75,37.75,52.75,52.75,Persistence
LFUS,"Littelfuse, Inc. - Common Stock",Technology,Electronic Components,United States,半導体,455.7149963378906,11.524533248,165.7463468153183,0.08924997991571905,-0.07275241391365737,-0.06016157384331976,0.37968624151089514,0.25495982779423054,0.2238748219519025,56.32513395161518,0.08021803810417091,0.06596638237593891,True,30,12,34,65,72,A,0,39.45,25.95,49.35,49.35,Persistence
LGIH,"LGI Homes, Inc. - Common Stock",Consumer Cyclical,Residential Construction,United States,その他,52.869998931884766,1.22829056,20.186704034674644,-0.22568530435422168,-0.06613386020402107,0.023487115174737627,0.2072970805110982,0.032905258389330845,0.42521392875712777,73.38965012745196,0.1754635354175923,0.2163925007361399,True,2,12,2,100,35,C,-15,5.0,12.5,18.1,18.1,Persistence
LIF,"Life360, Inc. - Common Stock",Technology,Software - Application,United States,ソフトウェア,47.150001525878906,3.820644096,34.116812249095915,0.3176368295808164,0.21990818276752114,0.33382098508574054,0.778052672115976,1.952037845705968,0.32342386275539553,72.68072757756876,0.09231261466702376,0.574803843580142,False,65,69,96,85,15,D,0,63.0,66.0,77.05000000000001,77.05000000000001,Persistence
LINC,Lincoln Educational Services Corporation - Common Stock,Consumer Defensive,Education & Training Services,United States,その他,46.790000915527344,1.484212864,23.81203271742363,0.17764916012216406,0.1639749252783876,0.08551280983786361,0.6036805270134937,0.008635703918722787,0.4133797276362427,47.85235016170227,0.05152212887810822,0.10053824483301753,True,52,26,34,100,85,S,-5,57.5,38.0,55.7,57.5,Acceleration
LIND,Lindblad Expeditions Holdings Inc.  - Common Stock,Consumer Cyclical,Travel Services,United States,その他,22.75,1.4924,16.4873128875,0.1958844596239959,0.13200759205187318,0.35122894424673784,0.45783696640420013,0.08503441828843375,0.6774014804716121,73.23760067429524,0.14798107500981617,0.010008683499475188,True,36,32,75,100,10,D,-15,28.0,25.0,53.25,53.25,Persistence
LITE,Lumentum Holdings Inc. - Common Stock,Technology,Communication Equipment,United States,通信/光通信,863.7650146484375,67.285315584,5023.676414402136,0.21027074749852856,-0.23078664402942842,0.03176456849235081,0.2795744680851064,0.06767586821015138,0.6182473273757318,49.695629077687016,-0.03389802762205929,0.17978041508011033,True,39,74,0,40,100,S,-10,35.25,61.5,20.0,61.5,Transition
LKFN,Lakeland Financial Corporation - Common Stock,Financial Services,Banks - Regional,United States,その他,60.92499923706055,1.517860224,10.785774991184043,0.06100038260828406,0.026853738259083895,0.00875999493358502,,0.10563552865712672,0.026351848391893473,55.94441180997736,0.018470149016499363,0.09060921026813924,True,32,24,42,100,100,S,-25,24.0,18.0,43.099999999999994,43.099999999999994,Persistence
LKQ,LKQ Corporation - Common Stock,Consumer Cyclical,Auto Parts,United States,その他,25.295000076293945,6.444934144,80.11576099764251,-0.012443029733053607,0.041751450749868114,0.03712677817727059,0.3856860303274485,0.04567901234567901,0.3343463037590011,47.135122295019904,-0.09708244050624014,0.3371144320484392,False,6,12,30,85,63,B,0,23.55,28.05,50.35,50.35,Persistence
LLYVA,"Liberty Live Holdings, Inc. - Series A Liberty Live Group Common Stock",Communication Services,Entertainment,United States,その他,93.58000183105469,8.609774592,36.047367630329134,0.1217587439389356,,,0.19249065979667548,,0.882287138551522,44.26471743203671,-0.0031297147619530103,0.05436537291017537,True,5,20,0,85,87,S,-30,0.0,6.450000000000003,8.650000000000006,8.650000000000006,Persistence
LLYVK,"Liberty Live Holdings, Inc. - Series C Liberty Live Group Common Stock",Communication Services,Entertainment,United States,その他,97.30999755859375,8.952950784,35.71838389086304,0.1217587439389356,,,0.19249065979667548,,0.882287138551522,47.83216604131684,0.009087047451934118,0.04509102866145807,True,5,20,0,85,87,S,-30,0.0,6.450000000000003,8.650000000000006,8.650000000000006,Persistence
LNT,Alliant Energy Corporation - Common Stock,Utilities,Utilities - Regulated Electric,United States,電力/エネルギー,72.72000122070312,18.781906944,167.53058989622653,0.09570459683496609,-0.011422895455674199,-0.04233055885850178,0.45667125171939477,,0.4848145332319635,50.93379135611531,0.007706706152678895,0.018093388901754492,True,38,12,10,65,75,A,0,45.75,26.25,36.75,45.75,Acceleration
LOPE,"Grand Canyon Education, Inc. - Common Stock",Consumer Defensive,Education & Training Services,United States,その他,150.3699951171875,3.986954496,37.31016407646484,0.07073364814395325,0.07503702262152422,0.05441970095664903,0.5319373999837261,-0.05434050210465402,0.10815525468479953,33.19983158491671,-0.07597563852101502,0.3182045203513361,False,8,0,45,85,53,B,0,24.05,18.05,56.6,56.6,Persistence
LPLA,LPL Financial Holdings Inc. - Common Stock,Financial Services,Capital Markets,United States,その他,288.9849853515625,23.113846784,314.6395696291504,0.3717668325352377,0.23199982731261828,0.1688236884252383,0.2366910133029977,-2.4455433035494942,0.4035453239439255,53.860294355840146,-0.04613671124764863,0.27307327524496794,False,44,8,57,65,73,A,-30,20.049999999999997,0.0,32.2,32.2,Persistence
LQDT,"Liquidity Services, Inc. - Common Stock",Consumer Cyclical,Internet Retail,United States,その他,37.86000061035156,1.180521472,5.542649192354583,0.31198839584055843,0.15536376414320333,0.12287805748973397,0.43807128216854885,-0.03842515575561862,0.0367740955102759,74.11596997667479,0.09454233830807078,0.0,True,48,20,66,100,25,D,-5,48.5,27.5,61.30000000000001,61.30000000000001,Persistence
LRCX,Lam Research Corporation - Common Stock,Technology,Semiconductor Equipment & Materials,United States,半導体,335.7250061035156,419.847962624,3004.1717483049056,0.23684089764599187,-0.14477021451510846,0.011695393503201566,0.48705023885591736,0.27222466214509405,0.21009371635669932,66.04523537422783,0.1975889038171208,0.023231752204113956,True,43,36,38,10,25,D,0,36.25,31.0,28.400000000000002,36.25,Acceleration
LSCC,Lattice Semiconductor Corporation - Common Stock,Technology,Semiconductors,United States,半導体,138.72999572753906,19.00709888,294.360370867598,0.02721039024265755,-0.30896257769746893,0.11629787569129378,0.6821496688083598,0.09319364624017522,0.047679817012410544,49.991651569072324,0.11870908516569238,0.10265206823698615,True,32,12,42,65,70,A,0,40.75,25.75,53.35,53.35,Persistence
LSTR,"Landstar System, Inc. - Common Stock",Industrials,Integrated Freight & Logistics,United States,その他,217.6750030517578,7.385323008,116.69276112850798,-0.015663241856348868,-0.09127807061309873,-0.286858362775702,0.1310420425991197,-0.15871233316246874,0.08159003872403243,78.46728221573109,0.1777252193050487,0.03414381786461174,True,30,0,25,85,22,D,0,37.45,14.95,39.4,39.4,Persistence
LUNR,"Intuitive Machines, Inc. - Class A Common Stock",Industrials,Aerospace & Defense,United States,防衛/宇宙,27.549999237060547,4.420461056,464.4835168246031,-0.09152631578947368,1.8660859071539013,-0.07440718590743024,0.02927118938647819,0.17257526071671245,0.49152352097459695,42.464911548998145,-0.06008947992681251,0.3971553878090458,True,2,30,10,85,73,A,-10,11.55,32.55,31.35,32.55,Transition
LWLG,"Lightwave Logic, Inc. - Common Stock",Basic Materials,Specialty Chemicals,United States,その他,9.699999809265137,1.494572416,70.34754966172882,1.4774331886407615,1.360500716014024,,0.9711933461400435,0.14697310133362823,0.0328177410921572,39.602928746290196,-0.20911879973553374,0.46761799260028264,True,52,70,25,100,43,C,-15,43.3,56.8,32.35,56.8,Transition
LYFT,"Lyft, Inc. - Class A Common Stock",Technology,Software - Application,United States,ソフトウェア,13.979999542236328,5.307961344,202.59650931814272,0.09164250496369176,0.3139318860138855,0.07532205897974059,0.41458198133357693,0.45591027670511713,0.14138709927837634,57.7777688820486,0.004339174300093145,0.43101344257723867,False,9,24,61,85,65,A,0,26.0,37.25,67.80000000000001,67.80000000000001,Persistence
MANH,"Manhattan Associates, Inc. - Common Stock",Technology,Software - Application,United States,ソフトウェア,147.16000366210938,8.7066624,82.74402315910339,0.03745375842325817,0.12234730409970658,0.21072138123073875,0.5632120452157959,0.30623969713056354,0.06692971545935848,60.83871520297641,0.06426065001301758,0.3543914973856421,False,13,24,58,85,38,C,0,26.3,34.55,60.75000000000001,60.75000000000001,Persistence
MAR,Marriott International - Class A Common Stock,Consumer Cyclical,Lodging,United States,その他,394.92999267578125,104.1385472,528.3028470667999,0.04326693227091633,0.058491123012693456,0.14152987050498242,0.1994195371572596,0.3046523261630815,0.6202977487291212,72.98134998235048,0.08929863929221718,0.0,True,5,24,32,25,25,D,-10,0.0,14.25,18.85,18.85,Persistence
MARA,"MARA Holdings, Inc. - Common Stock",Financial Services,Capital Markets,United States,その他,13.510000228881836,5.150964736,515.8844641689393,0.38196740292940956,0.6938437400002064,2.290854585445806,0.802621120436383,-0.30018485082967933,0.5002612222290991,52.6162830992858,0.1263214236631582,0.4084938643333992,True,29,8,55,85,45,C,-30,9.0,0.0,30.5,30.5,Persistence
MAT,"Mattel, Inc. - Common Stock",Consumer Cyclical,Leisure,United States,その他,14.270000457763672,4.146419712,55.2554481345253,-0.005934143885004422,-0.011334408705108176,0.001201909143985661,0.4872551786092625,-0.3122071223822887,0.4040833795405144,34.020602339454385,-0.03407472509444088,0.35604690631664637,False,26,0,25,85,63,B,0,38.55,19.05,47.6,47.6,Persistence
MBIN,Merchants Bancorp - Common Stock,Financial Services,Banks - Regional,United States,その他,48.8849983215332,2.245552384,5.136608308384514,0.015405605991318886,0.1924355925839844,0.2718288978225674,,0.558762236885725,0.19757330771137538,65.17809013715465,0.04436156717577702,0.020144339154346828,True,9,12,37,100,55,B,-30,0.0,0.0,26.35,26.35,Persistence
MCHB,Mechanics Bancorp - Class A Common Stock,Financial Services,Banks - Regional,United States,その他,15.170000076293945,3.358654464,6.453265695955181,0.748640061174175,,,,-0.34563051781791726,0.01247380765698908,68.58431775980308,0.05558312750790274,0.0,True,22,22,25,85,40,C,-20,13.25,13.25,23.0,23.0,Persistence
MCHP,Microchip Technology Incorporated - Common Stock,Technology,Semiconductors,United States,半導体,90.25,48.911814656,965.92360265,0.07076972010178118,-0.42345174473436026,-0.09531088911799211,0.5773482421336276,0.12809221603419246,0.3851886904057731,45.315901969149344,0.03700304691564842,0.11870416392936013,True,31,47,34,40,100,S,0,39.25,51.25,48.7,51.25,Transition
MCRI,"Monarch Casino & Resort, Inc. - Common Stock",Consumer Cyclical,Resorts & Casinos,United States,その他,126.37999725341797,2.243183872,16.869044058389665,0.04392879165661278,0.04129393512776233,0.04940255718082324,0.5504297179545976,0.3767836276117883,0.018654722108048128,83.71312944622339,0.12472947291726971,0.0,True,37,31,50,100,10,D,0,43.75,39.25,54.5,54.5,Persistence
MDB,"MongoDB, Inc. - Class A Common Stock",Technology,Software - Infrastructure,United States,ソフトウェア,351.1300048828125,28.24206336,1026.9958530854003,0.22794268264784995,0.19217462036790015,0.3107153982741971,0.7174856532417241,3.0,0.008741774075461417,54.177905263211606,0.20667046877372422,0.20306400358896687,True,57,42,97,65,70,A,0,59.5,48.25,83.6,83.6,Persistence
MDLZ,"Mondelez International, Inc. - Class A Common Stock",Consumer Defensive,Confectioners,United States,その他,63.529998779296875,81.550270464,451.49888653713225,0.05751763123953788,0.011800310972900933,0.14351028702057403,0.2837532760723461,-0.08174850979279023,0.30500650467917245,61.10380642784279,0.05910867946726398,0.07858064528979217,True,18,0,33,40,52,B,0,24.7,11.2,38.550000000000004,38.550000000000004,Persistence
META,"Meta Platforms, Inc. - Class A Common Stock",Communication Services,Internet Content & Information,United States,その他,589.52001953125,1496.451383296,9798.202581833959,0.2216703849824621,0.21941112807816043,0.15687468377226457,0.8199944269179861,-0.14726660748631454,0.22921362435488674,44.66859284455208,-0.053006664738840456,0.25201956813709064,False,54,5,85,10,63,B,0,48.3,11.55,61.85000000000001,61.85000000000001,Persistence
MGEE,MGE Energy Inc. - Common Stock,Utilities,Utilities - Regulated Electric,United States,電力/エネルギー,77.44999694824219,2.923467776,24.264042341425323,0.09854581767472642,-0.019534175029800226,-0.03371218959887701,0.4153773125674037,-2.9576103184121,0.28787451432772815,59.804443649211294,0.006143919373423831,0.12933757352239278,False,34,12,10,100,90,S,0,49.5,33.0,48.5,49.5,Acceleration
MGNI,"Magnite, Inc. - Common Stock",Communication Services,Advertising Agencies,United States,その他,15.762700080871582,2.257455104,36.74137771164908,0.06851998742834907,0.07819786674412225,0.07389237682148929,0.6265594513924586,-0.1927699315902217,0.1979411416156429,75.41420698852893,0.17911434380142174,0.4056297206338439,False,18,26,49,100,0,D,0,28.5,34.5,51.95,51.95,Persistence
MGRC,McGrath RentCorp - Common Stock,Industrials,Rental & Leasing Services,United States,その他,113.57499694824219,2.789603072,17.03923088590622,0.036547881204291824,0.0950901733742706,0.30861696019129575,0.4818461505875126,-0.5191091270396596,0.21845500244578442,62.891554873885134,0.01255456210384239,0.09964320195175966,True,8,0,53,100,80,S,0,29.0,23.0,70.15,70.15,Persistence
MIDD,The Middleby Corporation - Common Stock,Industrials,Specialty Industrial Machinery,United States,その他,160.91000366210938,7.275464704,83.19817143698577,0.016177502722809285,-0.028330798959930167,-0.19608029352917153,0.3910765393748973,-0.14105463305673752,0.3471839061712709,88.21471768285211,0.10009040972703684,0.04708040340818779,True,34,0,25,85,22,D,0,40.45,14.95,39.4,40.45,Acceleration
MKSI,MKS Inc. - Common Stock,Technology,Scientific & Technical Instruments,United States,その他,327.4100036621094,22.114623488,333.6041752983917,0.096207473508087,-0.009939260077305357,0.021144629264166902,0.46731111676418213,0.2121951219512195,0.5055707139608913,56.849126254241256,0.1242424564731589,0.023094108236103986,True,31,24,30,65,45,C,0,37.5,32.25,41.75,41.75,Persistence
MKTX,"MarketAxess Holdings, Inc. - Common Stock",Financial Services,Capital Markets,United States,その他,116.18000030517578,4.128973568,80.27111485585213,0.03570077971158871,0.08577537349826655,0.04767785048030071,0.5942018367703849,-0.013834461104079447,0.14726345634833266,7.2446880452665,-0.22040578776847236,0.4784417352787011,False,8,0,45,85,16,D,-20,0.3500000000000014,0.0,29.200000000000003,29.200000000000003,Persistence
MLKN,"MillerKnoll, Inc. - Common Stock",Consumer Cyclical,"Furnishings, Fixtures & Appliances",United States,その他,15.1850004196167,1.0382704,10.672633287423611,0.011437548230625068,-0.1122311663526706,0.03575772934617334,0.3876399901904684,-0.628696604600219,0.45871095134423573,53.66814187453409,-0.021067878798161317,0.32195442326620793,False,22,0,21,100,73,A,-5,33.8,17.3,46.15,46.15,Persistence
MNST,Monster Beverage Corporation - Common Stock,Consumer Defensive,Beverages - Non-Alcoholic,United States,その他,90.80500030517578,88.808030208,472.31146231558574,0.10698854045979898,0.04939505130722895,0.13135326134319963,0.5584764218214752,0.19638073878351445,,65.7947770129623,0.1180251947341865,0.0,True,36,33,40,40,25,D,-20,15.5,13.25,17.0,17.0,Persistence
MORN,"Morningstar, Inc. - Common Stock",Financial Services,Financial Data & Stock Exchanges,United States,その他,185.27499389648438,7.045640192,87.70875597810975,0.07489780668981583,0.11601098793289512,0.08981075590719555,0.6103455326109181,-0.014034306081532635,0.35126176814662136,61.09511482072491,0.0462244844626904,0.40461002050539036,False,15,12,45,85,45,C,-20,8.5,6.25,35.0,35.0,Persistence
MPWR,"Monolithic Power Systems, Inc. - Common Stock",Technology,Semiconductors,United States,半導体,1535.7099609375,75.449434112,1060.96810859209,0.26431018078020935,0.21197843907324918,0.015006565790559085,0.551787716644466,0.06271900941650364,0.004761815068860586,48.78342387544598,0.022858929529487437,0.09123673870752642,True,49,17,65,40,100,S,0,52.75,28.75,65.75,65.75,Persistence
MQ,"Marqeta, Inc. - Class A Common Stock",Technology,Software - Infrastructure,United States,ソフトウェア,3.949899911880493,1.674877312,18.535575437019265,0.23252497559147525,-0.25019706553519744,-0.09627696115775602,0.6997650763981795,2.5814438010714866,0.01067386738516478,48.584823892113796,-0.03632725433520905,0.4216837546116367,False,51,17,42,100,65,A,-5,54.75,29.25,56.1,56.1,Persistence
MRCY,Mercury Systems Inc - Common Stock,Industrials,Aerospace & Defense,United States,防衛/宇宙,109.4800033569336,6.573538816,68.03569668014642,0.09187991978689652,-0.1423242240846427,-0.014485977998314102,0.27904431920352624,3.0,0.2645997722982597,68.11558538390125,0.21380108982258306,0.07078591376245774,True,40,52,26,85,37,C,0,46.45,55.45,42.949999999999996,55.45,Transition
MRTN,"Marten Transport, Ltd. - Common Stock",Industrials,Trucking,United States,その他,17.764999389648438,1.449430912,15.751065792591096,-0.08307080567972872,-0.1482577742817876,-0.10477514443640921,0.1311262804814565,0.48113111689156235,0.000204260623921446,75.32465602279474,0.14812153685962784,0.017965768944062706,True,23,12,10,100,10,D,-5,28.25,20.0,27.5,28.25,Acceleration
MRVL,"Marvell Technology, Inc. - Common Stock",Technology,Semiconductors,United States,半導体,265.3699951171875,232.529313792,13562.513244241021,0.42087285211450765,0.04713401238266427,-0.06958240421650111,0.5101774339198984,0.0016551525618883132,0.21495335490211037,65.67825249499813,0.5064784464921387,0.16136269867095235,True,64,85,46,25,50,B,0,56.75,72.5,41.55,72.5,Transition
MSFT,Microsoft Corporation - Common Stock,Technology,Software - Infrastructure,United States,ソフトウェア,402.43499755859375,2989.462126592,14156.746708647888,0.1493215623240672,0.15669962013071279,0.06882029555656428,0.6882374238616519,-0.0332113782721983,0.0978799779645656,42.28675618424141,-0.01949352009788863,0.25289409568900245,False,17,14,57,10,73,A,0,21.55,19.3,48.45,48.45,Persistence
MSTR,Strategy Inc - Class A Common Stock,Technology,Software - Application,United States,ソフトウェア,119.94000244140625,42.377334784,2113.6654636331455,0.029726662293723675,-0.06610432816602554,-0.006014853864889117,0.686909748487636,-0.01988624827676108,0.13361689530368723,23.284789566360487,-0.2259458364924993,0.7369159814714988,False,36,7,22,40,16,D,-10,24.6,2.8499999999999996,15.3,24.6,Acceleration
MTCH,"Match Group, Inc. - Common Stock",Communication Services,Internet Content & Information,United States,その他,34.970001220703125,8.157330944,96.07494475770265,0.0022486810123548123,0.034141436598083996,0.05508612371320883,0.7280411746167481,0.1603757222484841,0.8905732612298526,41.6666614723612,-0.006886426279086369,0.09568133238789603,True,14,24,44,85,100,S,-20,13.25,20.75,45.45,45.45,Persistence
MTSI,"MACOM Technology Solutions Holdings, Inc. - Common Stock",Technology,Semiconductors,United States,半導体,363.8500061035156,27.760218112,596.5798403200149,0.3257773671903484,0.12518526172604552,-0.03963890575706859,0.5469088909060458,0.11815753364668788,0.2557764719306253,46.975727251730234,0.14582042538248985,0.11186776848176536,True,57,27,42,65,70,A,0,59.5,37.0,53.35,59.5,Acceleration
MU,"Micron Technology, Inc. - Common Stock",Technology,Semiconductors,United States,半導体,924.20751953125,1042.260230144,48800.63127341091,0.48851101111066864,0.615894465894466,-0.49476558944014565,0.39790786023864305,3.0,0.18452136525036836,63.62351571953439,0.4156342633550357,0.14391140406590489,True,40,62,42,10,50,B,0,36.5,53.0,35.6,53.0,Transition
MXL,"MaxLinear, Inc - Common Stock",Technology,Semiconductors,United States,半導体,75.19999694824219,6.733855744,366.3914480111435,0.29710036391070876,-0.4799549377364723,-0.3811544188271925,0.568414659963519,0.9974396648288503,0.18210412910160273,31.554636832465235,0.17581199714040674,0.2646915085887947,True,54,65,18,85,43,C,0,57.55,65.8,39.75,65.8,Transition
MYRG,"MYR Group, Inc. - Common Stock",Industrials,Engineering & Construction,United States,その他,425.6199951171875,6.627344384,102.06084445613403,0.0879159739344316,-0.07728384795981234,0.21118634873636466,0.11585534716881786,3.0,0.06295865344670178,41.9835677524258,0.08031082514620454,0.11131062655055463,True,33,31,30,85,85,S,0,46.0,44.5,54.75,54.75,Persistence
MZTI,The Marzetti Company - Common Stock,Consumer Defensive,Packaged Foods,United States,その他,110.3949966430664,3.02729344,36.87941917930641,0.019961437343162233,0.027013042879474487,0.0871736290481332,0.2386678274096679,0.10609478358707881,0.043580414270069444,48.43363288871795,-0.09577633187713905,0.40061744754711465,False,2,24,42,85,55,B,-20,0.0,16.25,35.35,35.35,Persistence
NBN,Northeast Bank - Common Stock,Financial Services,Banks - Regional,United States,その他,127.48999786376953,1.090722816,18.84510614573021,0.35103209719769574,0.24499357728665064,0.1602892984417247,,3.0,0.07927777731038628,58.95861148856466,0.04431138465507363,0.013155335132961242,True,56,32,85,100,75,A,-25,39.5,21.5,61.75,61.75,Persistence
NBTB,NBT Bancorp Inc. - Common Stock,Financial Services,Banks - Regional,United States,その他,47.25,2.45748352,14.3493123375,0.2088116969366741,0.1094327888925584,0.0051599527101399475,,0.2380376078043263,0.01121298175862502,63.56465551712165,0.05601626911969174,0.0,True,44,29,50,100,40,C,-20,32.0,20.75,40.5,40.5,Persistence
NCNO,"nCino, Inc. - Common Stock",Technology,Software - Application,United States,ソフトウェア,15.630000114440918,1.712312704,64.07377564314022,0.10010783176764566,0.13453980018592235,0.16709648188286005,0.6055489331367344,0.5466346964389412,0.1691001671009025,51.23838872172526,-0.06619666882620129,0.5218721085637915,False,29,56,72,100,55,B,-5,37.25,57.5,70.6,70.6,Persistence
NDAQ,"Nasdaq, Inc. - Common Stock",Financial Services,Financial Data & Stock Exchanges,United States,その他,87.82499694824219,49.668620288,271.6251373877739,0.11648648648648649,0.22031662269129287,-0.026019916479280435,0.4222948438634713,0.14838337182448036,0.3048336714649148,42.25998753568088,-0.011908881986714094,0.1275191530247875,False,14,33,38,40,90,S,-20,5.5,19.75,28.900000000000006,28.900000000000006,Persistence
NDSN,Nordson Corporation - Common Stock,Industrials,Specialty Industrial Machinery,United States,その他,290.2300109863281,16.171020288,116.40523513388824,0.03783233782702169,0.0233159301111757,0.014806904895922368,0.5515604005749928,0.34432259756843975,0.3535773557243116,64.76529876176204,0.03439971108419686,0.027290365003773624,True,43,24,46,65,55,B,0,47.5,33.25,52.55,52.55,Persistence
NEXT,NextDecade Corporation - Common Stock,Energy,Oil & Gas Equipment & Services,United States,電力/エネルギー,8.21500015258789,2.176917504,20.978177634654998,,,,,-0.8833935449086239,0.6966999704164584,39.53488512759881,0.02969380655632909,0.3154166539510091,True,0,0,0,100,73,A,-20,2.3000000000000007,2.3000000000000007,19.6,19.6,Persistence
NMIH,NMI Holdings Inc - Common Stock,Financial Services,Insurance - Specialty,United States,その他,36.810001373291016,2.796525312,19.78765243672886,0.08520963299440375,0.12429641988038058,0.10400260840715558,,0.06676769270155858,0.10857077845970084,36.46618724845064,-0.03428405925093699,0.1469293146788308,False,2,24,50,100,80,S,-20,4.5,21.0,48.5,48.5,Persistence
NMRK,"Newmark Group, Inc. - Class A Common Stock",Real Estate,Real Estate Services,United States,その他,15.260000228881836,3.802934016,19.66757279999018,0.20285616004662402,0.10854010414642677,-0.08691800155755237,,3.0,0.41894900089995013,63.51351656123088,-0.002310857469887985,0.21453777154955667,False,51,42,22,85,70,A,0,58.0,51.25,47.35,58.0,Acceleration
NN,NextNav Inc. - Common stock,Technology,Software - Infrastructure,United States,ソフトウェア,21.15999984741211,2.887005696,58.00968569968357,-0.1933321573469748,0.46789228379078196,-0.0163015792154865,-0.8674830527006342,-0.32007731958762886,1.1683271327306806,43.17032116408359,0.08468320055240298,0.10300976216438062,True,0,0,0,100,85,S,-30,0.0,0.0,12.0,12.0,Persistence
NNE,Nano Nuclear Energy Inc. - common stock,Industrials,Specialty Industrial Machinery,United States,電力/エネルギー,24.239900588989258,1.26342912,70.59052949898243,,,,,-2.6546444728361833,0.01222592633627717,49.834593653602596,-0.026275308567988084,0.5719600894968513,False,0,0,10,100,65,A,-15,6.5,6.5,28.5,28.5,Persistence
NOVT,Novanta Inc. - Common Shares,Technology,Scientific & Technical Instruments,United States,その他,157.10000610351562,5.594622976,75.41769600006408,0.03303151451943387,0.07665409193092138,0.02411305338696694,0.4438955741382827,-0.6573823841528121,0.16706656942094156,53.46534862879302,0.11440257598090817,0.06815345206691023,True,4,0,41,85,57,B,0,21.45,18.45,55.199999999999996,55.199999999999996,Persistence
NSIT,"Insight Enterprises, Inc. - Common Stock",Technology,Electronics & Computer Distribution,United States,その他,109.31999969482422,3.301892096,55.69305744652824,-0.052233253785640456,-0.051672871366545185,-0.1203458933883964,0.21357930832114735,-0.5234181308152878,0.17456862115912058,69.31920553856887,0.2821204444358672,0.25460250262445755,True,0,0,25,85,33,D,0,16.05,16.05,41.6,41.6,Persistence
NSSC,"NAPCO Security Technologies, Inc. - Common Stock",Industrials,Security & Protection Services,United States,その他,35.400001525878906,1.264747776,13.921815240084838,-0.03812625781167249,0.11072548339088337,0.183880829845466,0.5562682729420056,0.17446429387307535,0.026925270388258867,41.9902984535672,-0.12271568085342709,0.24782476718177998,False,10,12,38,100,68,A,-5,24.3,25.8,54.50000000000001,54.50000000000001,Persistence
NTAP,"NetApp, Inc. - Common Stock",Technology,Software - Infrastructure,United States,ソフトウェア,165.66000366210938,32.456093696,703.1990668910431,0.05371272063298844,0.048500319081046586,-0.014775227915749764,0.7074368231046931,0.3968609865470852,0.2543745346239762,74.57108864612312,0.34410650847144875,0.08515572130009129,True,50,24,38,40,35,C,0,47.0,27.5,37.900000000000006,47.0,Acceleration
NTCT,"NetScout Systems, Inc. - Common Stock",Technology,Software - Infrastructure,United States,ソフトウェア,40.65999984741211,2.906995456,25.0257114910841,0.044735552992114784,-0.008169219547775346,-0.09302592588542749,0.7940759666869114,0.3529029781062032,0.016815338347525202,59.09520066902859,0.10947390890508762,0.06378080677640605,True,53,54,45,100,57,B,0,60.45,61.2,61.15,61.2,Transition
NTNX,"Nutanix, Inc. - Class A Common Stock",Technology,Software - Infrastructure,United States,ソフトウェア,50.494998931884766,13.649833984,238.44396445472069,0.18108158167102256,0.1534820803104845,0.1784537663303804,0.8680884044340125,0.2551436473424698,0.45163520644835486,62.48001835654239,0.14236651719033927,0.37752715455853014,False,49,63,82,65,23,D,0,48.8,59.3,65.95,65.95,Persistence
NTRS,Northern Trust Corporation - Common Stock,Financial Services,Asset Management,United States,その他,170.81500244140625,31.608848384,173.32382216751404,-0.024606774100164045,0.22394626116483354,0.0018192036916523694,,3.0,0.07900404611909602,61.547120827407596,0.05977522847479683,0.008388436732315957,True,12,25,30,40,40,C,-20,0.0,8.75,14.5,14.5,Persistence
NVDA,NVIDIA Corporation - Common Stock,Technology,Semiconductors,United States,半導体,205.74749755859375,4984.204689408,35382.12630914558,0.654735357900948,1.1420340763599357,1.2585452658115222,0.7106808435754708,0.5886809195931179,0.05338413852797107,36.04523127656881,0.0006944742177383066,0.12620986513794666,True,39,34,80,10,90,S,0,39.75,36.0,64.5,64.5,Persistence
NVTS,Navitas Semiconductor Corporation - Common Stock,Technology,Semiconductors,United States,半導体,22.75749969482422,5.468045824,841.0495682239848,-0.4488007490816547,0.04840414820781313,1.0940885011728119,0.3103057757644394,0.32358142513034727,0.012931869906028145,49.60980101538741,0.23406745822354635,0.2841302598481945,True,9,12,22,85,53,B,-10,14.8,17.05,33.95,33.95,Persistence
NWBI,"Northwest Bancshares, Inc. - Common Stock",Financial Services,Banks - Regional,United States,その他,14.479999542236328,2.11863616,13.637543756869317,0.25247518094326826,-0.04991502543760531,0.03414810032432106,,0.13103167702358826,0.04122334278882854,64.39023641373497,0.06564684777977994,0.0,True,29,29,30,100,40,C,-20,20.75,20.75,29.5,29.5,Persistence
NWE,"NorthWestern Energy Group, Inc.  - Common Stock",Utilities,Utilities - Regulated Electric,United States,電力/エネルギー,69.4490966796875,4.27167616,36.3955005508667,0.0638490836238637,0.06451882827535628,-0.03768615889303083,0.5686721194318246,0.08773148635467323,0.40638269175552627,43.917933749931755,-0.0183898538488695,0.053311121839224866,True,10,12,10,85,87,S,0,28.950000000000003,30.450000000000003,44.150000000000006,44.150000000000006,Persistence
NWL,Newell Brands Inc. - Common Stock,Consumer Defensive,Household & Personal Products,United States,その他,4.449999809265137,1.890928512,39.4426698744174,-0.049854919546293855,-0.0677486782245174,-0.14018395179194418,0.3375902276513048,-0.9282700421940928,0.48707419505366306,75.18218687861179,0.14782598958755502,0.264318137708338,True,34,0,21,100,18,D,-5,37.3,11.8,35.15,37.3,Acceleration
NWPX,"NWPX Infrastructure, Inc. - Common Stock",Basic Materials,Steel,United States,その他,124.66000366210938,1.201349504,17.093660187156676,0.06792231417039557,0.10845607678545308,-0.02908240743775469,0.19702739337988567,0.375277356066799,0.1773614202163449,72.54843014207266,0.23434056522323846,0.0,True,5,24,30,100,10,D,-5,14.75,29.0,38.5,38.5,Persistence
NWS,News Corporation - Class B Common Stock,Communication Services,Entertainment,United States,その他,31.450000762939453,17.14224128,37.41275265008869,0.024236548715462918,0.029955067398901646,-0.22850264805007223,,0.05740740740740741,0.18962848297213622,64.85568914553363,0.050686899182359975,0.09970007944373009,True,2,24,30,65,65,A,0,17.75,34.25,45.75,45.75,Persistence
NWSA,News Corporation - Class A Common Stock,Communication Services,Entertainment,United States,その他,27.600000381469727,15.043746816,107.03838081941672,0.024236548715462918,0.029955067398901646,-0.22850264805007223,,0.05740740740740741,0.18962848297213622,66.66665508592965,0.060005542691705965,0.10682123368653268,True,2,24,30,65,65,A,0,17.75,34.25,45.75,45.75,Persistence
NXST,"Nexstar Media Group, Inc. - Common Stock",Communication Services,Broadcasting,United States,その他,179.69500732421875,5.487699456,55.55816525775451,-0.08470501202145367,0.09608757348469492,-0.0533486854730378,0.5483936148716912,-0.32760180995475113,0.5876820947814863,34.00433921613154,-0.0589144774059641,0.2847927765144894,False,8,0,25,85,53,B,0,24.05,18.05,45.6,45.6,Persistence
NXT,Nextpower Inc. - Class A Common Stock,Technology,Solar,United States,電力/エネルギー,117.99500274658203,17.956868096,299.4794645257648,0.20282292797674503,0.18375408675991792,0.3142276292401651,0.32592522876110797,-0.1740532230857426,,46.29805269177998,-0.05129722617779471,0.24555621898119287,True,31,17,74,65,90,S,0,42.0,31.5,74.95,74.95,Persistence
OCFC,OceanFirst Financial Corp. - Common Stock,Financial Services,Banks - Regional,United States,その他,18.295000076293945,1.05379328,17.370679043189334,0.05405860825149417,-0.047414820109602095,-0.076193234476367,,-0.06099721290566394,0.10850498516339627,42.38312097421483,-0.014373178710575203,0.08391453911255593,True,30,0,25,100,100,S,-25,22.5,0.0,33.75,33.75,Persistence
ODFL,"Old Dominion Freight Line, Inc. - Common Stock",Industrials,Trucking,United States,その他,233.72000122070312,48.606347264,427.25868454154204,-0.054760344706017906,-0.008752245083318674,-0.06292654227735538,0.3302830276386915,0.07560433125179483,0.00731148631849891,68.76889558940486,0.09878727971137766,0.06034653947921107,True,6,12,34,40,52,B,0,15.7,20.2,39.1,39.1,Persistence
OKTA,"Okta, Inc. - Class A Common Stock",Technology,Software - Infrastructure,United States,ソフトウェア,120.62000274658203,21.15028992,585.3700433431892,0.11839080459770115,0.15333627927529828,0.21797631862217437,0.7735525865022268,0.1821917808219178,0.04346035015447992,68.34340541197851,0.38579489012507995,0.13713421174799104,True,28,40,82,65,50,B,0,35.75,44.75,71.35,71.35,Persistence
OLED,Universal Display Corporation - Common Stock,Technology,Electronic Components,United States,半導体,89.18000030517578,4.169244672,62.9752821305027,0.004519179105860265,0.12361453015028737,-0.0651780110570709,0.7631057575110166,-0.3161631999545246,0.009785809074623095,47.19057545794517,-0.04464398309222851,0.44068554175359353,False,15,12,40,85,65,A,0,30.5,28.25,56.25,56.25,Persistence
OLLI,"Ollie's Bargain Outlet Holdings, Inc. - Common Stock",Consumer Defensive,Discount Stores,United States,その他,78.38999938964844,4.73893376,160.05521526329574,0.1661716640144737,0.08039475674169219,0.15087665140127937,0.40500710026204156,0.820954162768943,0.23212822674336953,41.89756109122799,-0.08028365370050684,0.4432528573111435,False,36,26,54,85,55,B,0,45.25,37.75,61.95,61.95,Persistence
OLPX,"Olaplex Holdings, Inc. - Common Stock",Consumer Cyclical,Specialty Retail,United States,その他,2.0450000762939453,1.37447936,8.395516319216156,0.0006861144628196938,-0.0777438359153393,-0.3492589531915135,0.6942642330243994,-0.589750826838041,0.23525412908425916,55.555594801414976,0.00486467630259023,0.0072814887874979774,True,42,0,37,100,75,A,-5,49.0,17.5,55.35,55.35,Persistence
ON,ON Semiconductor Corporation - Common Stock,Technology,Semiconductors,United States,半導体,115.26000213623047,44.786241536,1354.0779052664986,-0.15346709402312808,-0.1418514479583182,-0.008791525545867263,0.33090369283117055,0.1700758825470142,0.23992143148010636,53.968257965004774,0.16294089424273067,0.13940111670689953,True,6,12,34,40,70,A,0,17.5,22.0,42.7,42.7,Persistence
ONB,Old National Bancorp - Common Stock,Financial Services,Banks - Regional,United States,その他,24.459999084472656,9.450683392,67.6718687760708,0.33886596516536904,0.026673091949610536,0.06296177320912304,,0.07667542207545416,0.09826210281973324,60.328444267819165,0.039201737390005285,0.043223069692431504,True,34,32,50,85,67,A,-20,24.950000000000003,23.450000000000003,42.15,42.15,Persistence
ONDS,Ondas Inc - Common Stock,Technology,Communication Equipment,United States,通信/光通信,9.90999984741211,5.051301376,898.6224207895821,3.0,-0.5415969099055982,3.0,0.3973113086672843,-0.16140669829275914,0.01373890952040048,52.8089897491213,-0.025038138622289253,0.2926481309413194,True,57,40,22,85,83,S,-10,53.8,41.05,39.95,53.8,Acceleration
OPEN,Opendoor Technologies Inc  - Common Stock,Real Estate,Real Estate Services,United States,その他,4.684999942779541,4.519791104,166.95277224841476,-0.15175625849019989,-0.2581341779441405,-0.5537997045031156,0.08007320979180965,2.67258064516129,0.5484004985459078,54.939338384776654,-0.03899408786481508,0.5546578194944801,False,42,25,22,85,65,A,0,50.75,38.0,46.35,50.75,Acceleration
ORLY,"O'Reilly Automotive, Inc. - Common Stock",Consumer Cyclical,Auto Parts,United States,その他,90.1500015258789,74.70866432,613.9412712715698,0.0642495944723634,0.056679409951145475,0.0973215562122047,0.5159231316716373,-0.21370711221904767,0.5134459486137986,42.15315347102481,-0.01808721270568557,0.16388423501167512,False,26,12,37,40,90,S,0,34.5,24.0,48.35,48.35,Persistence
OSBC,"Old Second Bancorp, Inc. - Common Stock",Financial Services,Banks - Regional,United States,その他,22.06999969482422,1.135112448,6.787012653151702,0.19006141501041446,-0.0038720652556879856,0.14724159331057798,,-0.02473787951567754,0.04565635786126393,65.9883751554572,0.04936229116122985,0.0,True,23,2,33,100,55,B,-25,12.75,0.0,29.150000000000006,29.150000000000006,Persistence
OSIS,"OSI Systems, Inc. - Common Stock",Technology,Electronic Components,United States,半導体,220.00999450683594,3.626400512,62.916753151607516,0.1133433587347718,0.20363384064948567,0.08044971586395275,0.34274670405553226,1.4419260554780868,0.28985252472161827,55.78312999523443,-0.12696247563581922,0.28955696296087524,False,21,39,50,85,51,B,0,33.6,47.1,58.95,58.95,Persistence
OTTR,Otter Tail Corporation - Common Stock,Industrials,Conglomerates,United States,その他,90.4800033569336,3.798726144,20.238399762872696,-0.01990909008919633,-0.013799636219709064,-0.07604596328333821,0.4320191279835713,0.040773376133331915,0.27842616526233394,65.1369307962288,0.02980743688665537,0.008884723652350839,True,6,12,30,85,55,B,0,22.75,27.25,48.75,48.75,Persistence
OUST,"Ouster, Inc. - Common Stock",Technology,Electronic Components,United States,半導体,40.93000030517578,2.60613376,234.29840240543862,0.5245947381211691,0.33408182134751857,1.0297594384459772,0.49258489585793225,-0.7316154873164219,0.0488675768777395,62.64454653305762,0.3483020297659708,0.13081333250056443,True,54,58,56,100,50,B,-10,50.5,53.5,55.80000000000001,55.80000000000001,Persistence
OZK,Bank OZK - Common Stock,Financial Services,Banks - Regional,United States,その他,51.130001068115234,5.581650944,44.3569146431242,0.04204718910439849,0.06152426899798596,0.24292040151343353,,-0.009635270042011347,0.011366150605210044,71.06824514347842,0.06579920701825186,0.010028143473216579,True,0,0,45,85,25,D,-20,0.0,0.0,31.0,31.0,Persistence
PAGP,"Plains GP Holdings, L.P. - Class A Shares representing limited partner interests",Energy,Oil & Gas Midstream,United States,電力/エネルギー,24.479999542236328,5.703850496,39.67443905010796,-0.09464296672053019,0.03280801081629204,-0.1744968783788497,0.06497672947449279,0.12208436724565756,0.3664471159994884,41.999979972829806,0.0251321118474864,0.05664744421905799,True,2,24,26,85,87,S,0,22.950000000000003,39.45,52.95,52.95,Persistence
PANW,"Palo Alto Networks, Inc. - Common Stock",Technology,Software - Infrastructure,United States,ソフトウェア,262.7699890136719,214.157541376,2509.5645862014176,0.1487387106820305,0.1646379502952399,0.2528764882304826,0.734143035297945,0.1190015479876161,0.014344975017178341,56.69853860771829,0.24830163316784168,0.12549926981456366,True,22,21,79,25,70,A,0,27.25,26.5,63.7,63.7,Persistence
PATK,"Patrick Industries, Inc. - Common Stock",Consumer Cyclical,Recreational Vehicles,United States,その他,88.44999694824219,2.90940544,33.68490323528213,0.06326965997906711,0.07140564785059017,-0.2896075521848996,0.23105858018165054,0.08321840521564694,0.4853158501437175,44.87489971470012,-0.09046841706790024,0.38788153791957447,False,2,12,22,100,63,B,0,22.8,30.3,49.7,49.7,Persistence
PAYO,Payoneer Global Inc. - Common Stock,Technology,Software - Infrastructure,United States,ソフトウェア,6.552000045776367,2.193469696,42.57536509305811,0.13912355903283533,0.20051160009925575,0.049163857977289366,,0.2508044931478637,0.008075953915045113,80.94868363628814,0.29510738779961393,0.11698113498552909,True,10,14,50,100,35,C,0,26.0,29.0,59.5,59.5,Persistence
PAYX,"Paychex, Inc. - Common Stock",Technology,Software - Application,United States,ソフトウェア,100.7699966430664,36.10497024,298.4355649442673,0.055586078851145256,0.05416308841445148,0.0857384478608756,0.7235314177001633,-0.015665495594079364,0.3032039169046311,62.4309325983869,0.08541050062627703,0.32448636030783246,False,30,0,45,40,38,C,0,32.3,9.8,42.35,42.35,Persistence
PCAR,PACCAR Inc. - Common Stock,Industrials,Farm & Heavy Construction Machinery,United States,その他,117.22000122070312,61.691273216,332.5212772058029,-0.15503300281014026,-0.0416654805080934,0.21886764955915572,0.16655065249184386,,0.3526756916470063,61.88245149098056,-0.002230705273746724,0.09187435167699551,True,0,0,6,40,80,S,-20,0.0,0.0,9.3,9.3,Persistence
PCT,"PureCycle Technologies, Inc. - Common stock",Industrials,Pollution & Treatment Controls,United States,その他,10.84000015258789,1.960560896,55.22709619739723,,,,-12.083542788749252,0.08394291702010878,0.45425430220686575,43.333337073232336,0.1944640488065025,0.35933805533633195,True,2,30,2,100,53,B,-15,6.800000000000001,27.799999999999997,21.700000000000003,27.799999999999997,Transition
PCTY,Paylocity Holding Corporation - Common Stock,Technology,Software - Application,United States,ソフトウェア,112.58000183105469,6.027990016,72.16004914664535,0.13740031300913003,0.19403830076332498,0.3775835599794054,0.6876777575019386,0.12040887040887041,0.049640408727515295,49.73246071505439,0.04992802143566551,0.4085942347652382,False,19,26,89,85,65,A,0,33.5,38.75,83.2,83.2,Persistence
PDFS,"PDF Solutions, Inc. - Common Stock",Technology,Software - Application,United States,ソフトウェア,60.0,2.512063232,62.787357,0.2204273813835567,0.08219012874242469,0.11636564365966785,0.7232129812258017,-0.08784954219252661,0.17391813172771717,76.1691957624844,0.32156261066208125,0.0,True,42,5,42,100,10,D,0,47.5,19.75,50.1,50.1,Persistence
PEBO,Peoples Bancorp Inc. - Common Stock,Financial Services,Banks - Regional,United States,その他,35.70009994506836,1.282471552,6.054074713829613,0.022941267920753263,0.050547489312951804,0.3052897612640308,,-0.05620943790562094,0.07400760443664679,64.13581364655134,0.048271860629321775,0.0,True,0,0,45,100,55,B,-25,0.0,0.0,35.75,35.75,Persistence
PEGA,Pegasystems Inc. - Common Stock,Technology,Software - Application,United States,ソフトウェア,33.82500076293945,5.652700672,57.19070582246437,0.16606687238675377,0.04506720572714531,0.08708990814549511,0.7586326591866708,0.4509245625550687,0.04655285676817147,47.42073622068567,-0.09147556089391376,0.491808606874569,False,49,33,57,85,55,B,0,55.0,43.0,63.6,63.6,Persistence
PENG,"Penguin Solutions, Inc. - Common Stock",Technology,Information Technology Services,United States,その他,62.7400016784668,3.29762432,224.1666003930702,0.16911400448925346,-0.18765238508239376,0.03250575265997839,0.2880448044044612,0.7325184813282318,0.32437175364828097,66.47764296501694,0.5762948087871723,0.12141158855930628,True,35,56,26,85,50,B,0,44.0,59.75,45.55,59.75,Transition
PENN,"PENN Entertainment, Inc. - Common Stock",Consumer Cyclical,Resorts & Casinos,United States,その他,20.9950008392334,2.8100416,70.31164790581826,0.05820829722868306,0.033821056436530515,-0.006060890076073543,0.33793995115644304,0.022614451185879757,0.7900059571783999,79.47464846300583,0.2373510145729037,0.0,True,36,12,4,100,10,D,-10,33.0,15.0,19.2,33.0,Acceleration
PEP,"PepsiCo, Inc. - Common Stock",Consumer Defensive,Beverages - Non-Alcoholic,United States,その他,143.19000244140625,195.7322752,1124.2365367888642,0.022546650118666578,0.004187119414896525,0.058790165756088524,0.541485227575193,0.06718597857838364,0.4646318867028557,39.46091853990222,-0.046390686251552654,0.14370782059994017,False,28,12,42,25,80,S,-20,12.75,0.75,25.35,25.35,Persistence
PFBC,Preferred Bank - Common Stock,Financial Services,Banks - Regional,United States,その他,100.30000305175781,1.187747456,9.330493038892365,-0.0019756373279241016,-0.03132941943010749,0.15228260784113332,,0.019443171052229456,0.050493970332179346,72.74792790597074,0.06380404120340945,0.004119717237589602,True,20,24,30,100,25,D,-25,7.5,10.5,21.5,21.5,Persistence
PFG,Principal Financial Group Inc - Common Stock,Financial Services,Asset Management,United States,その他,107.54750061035156,23.231592448,112.3137154591507,-0.031138972079093732,0.18015044856503096,-0.22070471769663721,,-0.0210405593171743,0.01158251959346938,71.23928757209488,0.09104710645111112,0.0,True,0,0,25,65,25,D,-20,0.0,0.0,15.0,15.0,Persistence
PGY,Pagaya Technologies Ltd. - Class A Ordinary Shares,Technology,Software - Infrastructure,United States,ソフトウェア,15.100000381469727,1.25134976,55.93104995798025,0.2556278930864566,0.2998599921844066,0.1275141739153271,0.4060535572854605,3.0,0.5553245523360291,59.08096873711066,0.09831763950862452,0.6553298354682199,False,35,74,73,100,50,B,-5,41.25,70.5,70.15,70.5,Transition
PI,"Impinj, Inc. - Common Stock",Technology,Semiconductors,United States,半導体,126.95500183105469,3.866945792,57.16404771771927,-0.01369073471606476,0.19037585476963897,0.19293638479441427,0.5253119158069653,-0.5873576862893217,0.5579710410758897,43.34960077061087,-0.021429039351301436,0.4751973878336153,False,8,0,33,85,65,A,0,25.25,19.25,52.400000000000006,52.400000000000006,Persistence
PLAB,"Photronics, Inc. - Common Stock",Technology,Semiconductor Equipment & Materials,United States,半導体,30.389999389648438,1.791988608,65.48513651279907,-0.020361129758946925,-0.02817024558445693,0.08189567872861407,0.3530344026921184,-0.5432433883125148,0.00330223758599173,21.809734627336184,-0.32487071882093604,0.44705240364106474,False,22,12,29,100,8,D,-5,27.299999999999997,19.8,37.550000000000004,37.550000000000004,Persistence
PLMR,"Palomar Holdings, Inc. - Common stock",Financial Services,Insurance - Property & Casualty,United States,その他,110.76000213623047,2.935568896,26.27037297267723,0.5815589775810985,0.4733298574719493,0.14931852784894492,,0.5912541959592121,,41.355707667502564,-0.05968247008007189,0.31756007360696803,False,57,34,57,100,63,B,-20,44.05,26.799999999999997,48.95,48.95,Persistence
PLPC,Preformed Line Products Company - Common Stock,Industrials,Electrical Equipment & Parts,United States,電力/エネルギー,375.760009765625,1.836719488,35.54118537167969,0.12737445975671788,-0.11343494420461146,0.051266755727048245,0.31156007876439107,-0.36900187397073575,0.07212742552641363,66.79452604369939,0.10633228583493881,0.030846980855831835,True,27,2,29,100,37,C,-5,33.95,15.2,43.35,43.35,Persistence
PLTR,Palantir Technologies Inc. - Class A Common Stock,Technology,Software - Infrastructure,United States,ソフトウェア,131.77000427246094,315.893809152,5079.7118238251605,0.5618339093221548,0.2878613688375613,0.16745152216493142,0.8236651721415028,0.8406361201194149,0.0257671796927596,45.80147472273036,-0.06108133654373105,0.36398296683662124,False,82,64,90,10,63,B,0,69.3,55.8,64.60000000000001,69.3,Acceleration
PLUG,"Plug Power, Inc. - Common Stock",Industrials,Electrical Equipment & Parts,United States,電力/エネルギー,2.9149999618530273,4.066626304,231.6904636349966,0.12898090691365013,-0.29452958467027174,0.27072878649635035,-0.3409403044572691,0.3776643136502238,0.3843306477224725,41.649048220842765,-0.10011423483258922,0.2958937063136812,True,38,62,6,85,73,A,-10,38.55,56.55,29.150000000000006,56.55,Transition
PLUS,ePlus inc. - Common Stock,Technology,Software - Application,United States,ソフトウェア,82.1500015258789,2.168148736,18.838736929916383,0.22117192155858909,-0.08175419798195707,0.05345554858060916,0.25222871680363423,-1.4064350532549161,0.06646096064747978,48.43750884756499,-0.015507385357973944,0.1146161984089747,True,27,17,10,100,100,S,-10,35.25,27.75,40.5,40.5,Persistence
PLXS,Plexus Corp. - Common Stock,Technology,Electronic Components,United States,半導体,286.8900146484375,7.67614976,79.45968350066529,0.018213115594293817,-0.05925413954570987,0.10467029161183071,0.10079777513621488,-0.5489071838743701,0.05329809920595707,69.47026699989917,0.14129026793816277,0.0022951597028285035,True,18,12,25,85,25,D,0,28.75,24.25,40.0,40.0,Persistence
POOL,Pool Corporation - Common Stock,Industrials,Industrial Distribution,United States,その他,192.7899932861328,7.025846272,167.3933722510643,-0.0040589702074185175,-0.04162014726806993,-0.10326216675914648,0.2972849830112928,-0.4838905470977639,0.42332533397901784,65.01368692476456,-0.028028308306214,0.41144689106246196,False,30,0,17,85,45,C,0,39.75,17.25,39.6,39.75,Acceleration
POWI,"Power Integrations, Inc. - Common Stock",Technology,Semiconductors,United States,半導体,77.13999938964844,4.298239488,106.43447727986299,0.058550312311294525,-0.05750914432511956,-0.31729065113693256,0.5448631804899167,0.36351827216527116,,60.42109236613371,0.11584586572835717,0.11185305181945103,True,43,12,28,85,50,B,0,50.0,26.75,46.650000000000006,50.0,Acceleration
POWL,"Powell Industries, Inc. - Common Stock",Industrials,Electrical Equipment & Parts,United States,電力/エネルギー,292.2699890136719,10.647877632,164.99317484846344,0.09083958607446392,0.4476539664925898,0.31305226237462025,0.293738760031078,0.6052184012942299,0.001500472504562735,61.11926839650867,0.1066657836546271,0.09215774729382595,True,12,24,67,65,50,B,0,23.75,32.75,63.1,63.1,Persistence
PPC,Pilgrim's Pride Corporation - Common Stock,Consumer Defensive,Packaged Foods,United States,その他,29.760000228881836,7.080557056,39.21537428560237,0.03463765076874518,0.029723969006953434,-0.006077267510313064,0.1274840515391414,-0.5636754660251762,0.3241622540854041,56.9987391782675,-0.05559785701463357,0.3825069374323898,False,30,0,21,85,63,B,-20,21.549999999999997,0.0,25.4,25.4,Persistence
PPLI,People Incorporated - Common Stock,Communication Services,Internet Content & Information,United States,その他,42.28499984741211,3.145475328,45.039744960971454,-0.08730794650590114,-0.1018297234057785,-0.44235972097003406,0.6616376725783045,-0.8760662613695273,0.1999548713743013,55.96331223166703,-0.004859801223672963,0.06820187633000577,True,48,25,37,85,87,S,0,57.45,40.2,59.0,59.0,Persistence
PRCH,"Porch Group, Inc. - Common Stock",Financial Services,Insurance - Property & Casualty,United States,その他,9.630000114440918,1.053553536,13.701512642325925,0.11264229816308488,0.05582854324447661,0.5723324684360822,,2.1704476470985004,0.49262687431889973,48.57881506273924,0.0540256677490268,0.4942227073850853,False,35,45,49,100,50,B,-25,21.25,28.75,36.95,36.95,Persistence
PRDO,Perdoceo Education Corporation - Common Stock,Consumer Defensive,Education & Training Services,United States,その他,34.79499816894531,2.181755392,21.73469560623169,0.2419520801804883,-0.04048005363350066,0.021282839092760727,0.7665276753465328,0.38029802062827694,0.09483801214538233,61.17807361634132,0.005934467451611994,0.07886861196296327,True,47,29,45,100,67,A,0,56.95,43.45,63.15,63.15,Persistence
PRGS,Progress Software Corporation - Common Stock,Technology,Software - Infrastructure,United States,ソフトウェア,31.777000427246094,1.337131904,19.50185498795509,0.29787539039220395,0.0849174657529315,0.15352824606777596,0.808166237315037,0.11244958504614908,0.5818205787786583,60.65410954674864,0.08954671474293256,0.5085524493116083,False,44,29,64,100,30,D,-5,46.0,34.75,61.2,61.2,Persistence
PSKY,Paramount Skydance Corporation - Class B Common Stock,Communication Services,Entertainment,United States,その他,10.369999885559082,11.605825536,82.93538744524427,-0.014805072170511264,-0.016647874245539564,0.054852025467011824,0.2963749015849108,2.326530612244898,0.3416547459738821,53.87096119225199,-0.024917733506600835,0.46966257928431854,False,36,26,26,65,65,A,0,43.25,35.75,43.55,43.55,Persistence
PSMT,"PriceSmart, Inc. - Common Stock",Consumer Defensive,Discount Stores,United States,その他,177.2949981689453,5.477684736,40.14300051416397,0.07248746310973488,0.11379736627014295,0.08503224102350831,0.17350202861656738,1.6424802786599733,0.14501288363916645,75.69844715589159,0.098843536145523,0.0,True,12,24,42,85,25,D,0,24.25,33.25,49.35,49.35,Persistence
PTC,PTC Inc. - Common Stock,Technology,Software - Application,United States,ソフトウェア,136.5,15.766540288,197.34819195000003,0.19175956896581728,0.0960485977226136,0.08467491867729901,0.8375515565345831,0.16460170254184986,0.20701698550377715,31.359784212765263,-0.028110051225760716,0.369602361014509,False,62,40,65,65,63,B,0,62.55,46.05,64.6,64.6,Persistence
PTEN,"Patterson-UTI Energy, Inc. - Common Stock",Energy,Oil & Gas Drilling,United States,電力/エネルギー,11.760000228881836,4.464303616,89.74732139472886,-0.1025095060145101,0.29698976668268035,0.5661234812614633,0.04762293478837382,-0.25135271044956253,0.22986766277722545,44.930996120217436,0.03907983270705938,0.07658751637336637,True,0,18,33,85,87,S,0,21.450000000000003,34.95,56.80000000000001,56.80000000000001,Persistence
PTON,"Peloton Interactive, Inc. - Common Stock",Consumer Cyclical,Leisure,United States,その他,5.650100231170654,2.446447872,90.61329346154665,-0.0776181306473115,-0.035674749134021355,-0.21827368656133103,0.5091938333065682,3.0,0.9300334070484167,59.09246154426895,0.06565411338428626,0.37221108542548287,False,30,65,28,100,58,B,-20,23.299999999999997,49.55,32.00000000000001,49.55,Transition
PWP,Perella Weinberg Partners - Class A Common Stock,Financial Services,Capital Markets,United States,その他,15.305000305175781,1.455162368,18.67020790902672,-0.1447953906375457,0.3536364645449332,0.02714934276262971,0.4332237319600534,-0.8527615661113902,0.2332715257692409,30.036266683033304,-0.18739162369060317,0.3665598411455531,False,14,57,29,100,41,C,-25,4.600000000000001,36.85,24.150000000000006,36.85,Transition
PYPL,"PayPal Holdings, Inc. - Common Stock",Financial Services,Credit Services,United States,その他,41.290000915527344,36.408905728,576.4855218574714,0.0432430732459037,0.06805280306338383,0.08187368268042736,0.4662064391655613,-0.17777449386729718,0.12456812143739164,28.22749827627132,-0.10420573779281783,0.46755826671125356,False,8,12,45,40,28,D,-20,0.0,0.0,20.35,20.35,Persistence
PZZA,"Papa John's International, Inc. - Common Stock",Consumer Cyclical,Restaurants,United States,その他,32.71500015258789,1.076389376,38.450049274587066,-0.0027090585693704,-0.03573794793588839,0.01598875031337665,0.2072608539844036,0.5100445121236968,1.1180382754552793,52.1367517651938,-0.03968027292944477,0.38564255814751486,False,27,12,20,100,73,A,-45,0.0,0.0,5.600000000000001,5.600000000000001,Persistence
QCOM,QUALCOMM Incorporated - Common Stock,Technology,Semiconductors,United States,半導体,203.30999755859375,214.288744448,4554.754688545166,0.1365946306657769,0.08771635957565606,-0.18959276018099547,0.5542859723602204,0.14864259474957442,0.29537522685120554,50.450789164821,0.12628613236452974,0.18707309379749376,True,45,14,34,25,70,A,0,44.5,21.25,38.95,44.5,Acceleration
QCRH,"QCR Holdings, Inc. - Common Stock",Financial Services,Banks - Regional,United States,その他,94.8499984741211,1.565953408,8.527579220314408,0.06509490048537228,-0.014929417420567283,0.1284065242192406,,-0.11483400700417701,0.06640833295911323,61.44890402704734,0.0472724390962226,0.004533821941754056,True,18,12,25,100,55,B,-25,9.0,4.5,24.75,24.75,Persistence
QLYS,"Qualys, Inc. - Common Stock",Technology,Software - Infrastructure,United States,ソフトウェア,111.05000305175781,3.910848768,74.53403021826477,0.10131161625554873,0.09579264795530049,0.13218697100197457,0.828480478236503,0.31347083189506386,0.04773528168235957,68.72325697951001,0.18824449674490606,0.27795838200089945,False,46,26,65,85,23,D,0,49.55,34.55,61.6,61.6,Persistence
QRVO,"Qorvo, Inc. - Common Stock",Technology,Semiconductors,United States,半導体,98.37000274658203,8.657905664,121.2026542470909,-0.010877740106066973,-0.013406265966946333,0.05606181881039357,0.4589083046238471,0.4023074605552598,0.2659222499351997,49.49381486081148,0.08403027655741385,0.09110228499055013,True,37,31,34,85,85,S,0,49.0,44.5,56.95,56.95,Persistence
QS,QuantumScape Corporation - Common Stock,Consumer Cyclical,Auto Parts,United States,その他,7.315000057220459,4.49978624,179.59270019033616,,,,,0.17236239689788066,0.05427487241582808,46.235419176213604,-0.029003777227548797,0.6033080344162639,False,2,30,10,85,65,A,-10,10.75,31.75,29.75,31.75,Transition
QUBT,Quantum Computing Inc. - Common Stock,Technology,Computer Hardware,United States,その他,9.869999885559082,2.226030336,257.4468760049486,0.8284182305630027,0.04189944134078212,1.6323529411764706,0.09824046920821114,-0.6622769562676974,0.0011167939119907098,51.64718103596801,0.027868023360484023,0.5991064358604462,False,40,28,30,100,65,A,-10,41.5,32.5,44.5,44.5,Persistence
RBCAA,"Republic Bancorp, Inc. - Class A Common Stock",Financial Services,Banks - Regional,United States,その他,87.37000274658203,1.714001152,6.367831595180512,0.0848719782351125,0.06968978462754397,0.14751496462905858,,0.12513443676234373,0.07645063000732313,78.54406242265861,0.13534476592532166,0.0,True,20,24,50,100,10,D,-25,6.0,9.0,29.5,29.5,Persistence
RCAT,"Red Cat Holdings, Inc. - Common Stock",Industrials,Aerospace & Defense,United States,防衛/宇宙,11.6899995803833,1.779127552,220.41161569874654,1.283527696793003,2.8599092717894647,-0.28124738002069694,0.03127992339610597,-4.080142144902938,0.06736042853436716,61.894464217329514,-0.009406013618614787,0.32661295107255395,True,25,10,18,100,63,B,-15,25.049999999999997,13.8,32.5,32.5,Persistence
REAL,"The RealReal, Inc. - Common Stock",Consumer Cyclical,Luxury Goods,United States,その他,9.494999885559082,1.144030976,27.002537728545,0.15381092585314513,0.09317245095611902,-0.08979225939654643,0.7459417329994443,3.0,1.1325516523116717,50.980397490051864,-0.08336150026105371,0.43816567456320304,False,65,39,32,100,55,B,-25,44.25,24.75,28.6,44.25,Acceleration
RELY,"Remitly Global, Inc. - Common stock",Technology,Software - Infrastructure,United States,ソフトウェア,18.440000534057617,3.882746368,96.58674602933654,0.29366682410798417,0.33853974170933565,0.4448329151110839,0.6020504578487439,,0.13170651115058274,21.660660011375242,-0.09205496718477761,0.2405271823488872,True,27,54,77,85,63,B,0,39.3,59.55,76.2,76.2,Persistence
REYN,Reynolds Consumer Products Inc. - Common Stock,Consumer Cyclical,Packaging & Containers,United States,その他,23.280000686645508,4.906664448,22.92017568403244,0.0070365358592692825,-0.016240681576144837,-0.015981137018600995,0.24563289438323033,-0.14363143631436315,0.3411669367909238,73.05395752884729,0.0852521535632262,0.06151813167645471,True,18,0,21,85,37,C,0,29.95,16.45,40.199999999999996,40.199999999999996,Persistence
RGTI,"Rigetti Computing, Inc.  - Common stock",Technology,Computer Hardware,United States,その他,20.579999923706055,6.840767488,1259.5894275014641,-0.3430954587581094,-0.1014323784143904,-0.08349870248816975,0.291196388261851,-0.25101660591332525,0.010751994527239286,56.86202042306641,0.08334034025511786,0.6347177872210079,False,0,0,10,85,50,B,-10,7.75,7.75,26.75,26.75,Persistence
RIOT,"Riot Platforms, Inc. - Common Stock",Financial Services,Capital Markets,United States,その他,25.469999313354492,9.631511552,387.12977985037134,0.7188935320635697,0.34195768816936134,0.08298382149237377,0.3792813178156881,0.2513444391317826,0.22017000244108936,57.69888557962683,0.21039021373636568,0.09840710395205338,True,71,52,34,85,70,A,-30,43.0,28.75,23.950000000000003,43.0,Acceleration
RIVN,"Rivian Automotive, Inc. - Class A Common Stock",Consumer Cyclical,Auto Manufacturers,United States,その他,15.710000038146973,21.109860352,517.8103635098455,0.08390342052313883,0.12088407758231845,1.6743063932448734,0.026731019120103953,0.1288064403220161,0.44745694294940797,62.25247698582295,0.01221618310007144,0.30022273923121195,True,12,60,22,65,63,B,-10,15.05,51.05,30.950000000000003,51.05,Transition
RKLB,Rocket Lab Corporation - Common Stock,Industrials,Aerospace & Defense,United States,防衛/宇宙,110.8499984741211,69.261156352,2807.6723227416637,0.37959579472460764,0.7834352717995683,0.1592257673131244,0.3442694321525958,-1.7745962770406007,0.10925248593447646,38.012891047502016,0.11848583122588358,0.2621313876946288,True,24,15,52,40,43,C,-10,18.3,11.55,37.2,37.2,Persistence
RMBS,"Rambus, Inc. - Common Stock",Technology,Semiconductors,United States,半導体,148.33670043945312,16.040681472,328.20301182195897,0.27128905688579724,0.20712096929846438,0.013905227213259659,0.795917357941297,0.6667016838250743,0.016332307973939964,57.43319606107525,0.15296849804520168,0.13080571161157523,True,66,36,72,65,70,A,0,66.25,43.75,69.85,69.85,Persistence
ROAD,"Construction Partners, Inc. - Common Stock",Industrials,Engineering & Construction,United States,その他,111.26000213623047,6.29005568,57.56606974328842,0.5419556782238393,0.16650656071959416,0.20118247733303424,0.1561299494089653,0.2659782581779462,0.5215366166325394,48.12165275449984,-0.05825829538211737,0.20800109965820876,False,44,34,67,85,80,S,0,53.75,46.25,74.1,74.1,Persistence
ROCK,"Gibraltar Industries, Inc. - Common Stock",Industrials,Building Products & Equipment,United States,その他,38.9900016784668,1.156518272,13.620566387846946,0.10958226780631235,-0.022577884580486304,-0.2467456038493028,0.26877211028435904,-0.23213605061875842,0.04138840114437182,66.75394543645544,0.01171821888726894,0.47720567550010995,False,35,2,25,100,45,C,-5,40.75,16.0,42.75,42.75,Persistence
ROKU,"Roku, Inc. - Class A Common Stock",Communication Services,Entertainment,United States,その他,119.87000274658203,17.70404864,240.09001990768394,0.15180366738975778,0.18030062971016345,0.11453097903301228,0.43789615538632004,1.246356533824137,0.1180390225923952,42.651590137039,0.017199145658430778,0.09127435813259542,True,27,56,64,65,100,S,0,40.0,61.75,71.45,71.45,Persistence
ROP,"Roper Technologies, Inc. - Common Stock",Technology,Software - Application,United States,ソフトウェア,335.6499938964844,33.872910336,340.3875593003357,0.12264177747471304,0.13943475023471139,0.1500428161882423,0.6924391015501423,0.06721584436070459,0.2703907221563467,60.75167422492303,-0.02250726946394815,0.4096894393536402,False,19,14,68,40,45,C,0,24.75,21.0,56.400000000000006,56.400000000000006,Persistence
ROST,"Ross Stores, Inc. - Common Stock",Consumer Cyclical,Apparel Retail,United States,その他,231.2050018310547,74.162987008,797.3645507848206,0.07673449738014453,0.036918102673016526,0.08991909371871128,0.2770614559404892,0.348664902338834,0.3352258128747049,62.08288121627104,0.0336454337818493,0.013422300089149934,True,23,24,38,40,55,B,0,28.75,29.5,41.900000000000006,41.900000000000006,Persistence
RRR,"Red Rock Resorts, Inc. - Class A Common Stock",Consumer Cyclical,Resorts & Casinos,United States,その他,60.529998779296875,6.133079552,47.75717634488525,0.03737575495961601,0.12466025476687358,0.036242641782056106,0.624004776575293,0.1581462667538018,0.8261299958028093,83.16913113511079,0.09433755295780445,0.07564596410931204,True,14,24,44,85,37,C,-20,6.949999999999999,14.450000000000003,32.85,32.85,Persistence
RUM,Rumble Inc. - Class A Common Stock,Communication Services,Internet Content & Information,United States,その他,7.474999904632568,1.617567488,27.080366117003678,0.05376717267339553,0.17939871411854716,1.0557299200869057,-0.06719694994112638,0.1783122814092984,0.005683806440695334,50.87572988095297,0.047711143472150205,0.25399205956714227,True,12,60,30,100,83,S,-15,17.299999999999997,53.3,43.1,53.3,Transition
RUN,Sunrun Inc. - Common Stock,Technology,Solar,United States,その他,12.104999542236328,2.88763904,95.88277655208891,0.45113089685084157,-0.0982798134181899,-0.026539336665199174,0.3034490735026109,0.15730347772842287,0.6535357581905404,39.910885180897615,-0.10863533301030844,0.43461001268061683,False,48,85,12,100,45,C,-20,35.5,63.25,20.6,63.25,Transition
RUSHA,"Rush Enterprises, Inc. - Class A Common Stock",Consumer Cyclical,Auto & Truck Dealerships,United States,その他,69.0,5.36214784,30.23468565,-0.04747765013749326,-0.015176988738456817,0.11593808216940522,0.19647910769087978,1.4772148437290553,0.3255883712489866,46.47888598442903,-0.018611587093891952,0.09210854420836685,True,12,12,26,85,100,S,0,31.75,31.75,55.55,55.55,Persistence
RUSHB,"Rush Enterprises, Inc. - Class B Common Stock",Consumer Cyclical,Auto & Truck Dealerships,United States,その他,69.4000015258789,5.393232896,3.490389796742249,-0.04747765013749326,-0.015176988738456817,0.11593808216940522,0.19647910769087978,1.4772148437290553,0.3255883712489866,64.11379651718951,0.011644063264048337,0.11295130143555975,True,12,12,26,85,80,S,0,29.75,29.75,51.55,51.55,Persistence
SAFT,"Safety Insurance Group, Inc. - Common Stock",Financial Services,Insurance - Property & Casualty,United States,その他,71.1500015258789,1.044726336,6.6155057968757625,0.13006324922031076,0.19848997673730434,0.17945739248287712,,0.544296262930133,0.02503370957481421,45.52086312929062,-0.015231693238493983,0.09287711249706486,False,14,26,67,100,90,S,-25,9.5,18.5,54.849999999999994,54.849999999999994,Persistence
SAIA,"Saia, Inc. - Common Stock",Industrials,Trucking,United States,その他,451.30499267578125,12.005579776,159.38436051985474,0.007856471991608794,0.11370765865456528,0.03201080780227624,0.1597313904830927,1.059440475802155,0.08757448643731654,43.6252000916464,0.03429449863172726,0.06410975999888617,True,12,25,42,65,87,S,0,27.450000000000003,37.2,56.75,56.75,Persistence
SAIC,Science Applications International Corporation - Common Stock,Technology,Information Technology Services,United States,その他,113.30500030517578,4.790175232,65.10547806910515,-0.02901457414092793,0.004701773240193444,-0.03374870197300104,0.12007711374277058,0.259825327510917,0.5014942099364961,78.67280706241199,0.14397618706318968,0.05014512502894922,True,5,12,22,85,22,D,0,18.7,23.95,37.75,37.75,Persistence
SAIL,"SailPoint, Inc. - Common Stock",Technology,Software - Infrastructure,United States,ソフトウェア,15.119999885559082,8.576405504,73.01260003137902,0.24350315861798422,0.23162590841257225,0.554483540169098,0.6447458316844251,1.4313506484846463,0.002379842688989269,50.65666185624876,0.10832563499493378,0.3767518655025184,False,51,48,97,85,43,C,0,55.3,53.05,83.19999999999999,83.19999999999999,Persistence
SANM,Sanmina Corporation - Common Stock,Technology,Electronic Components,United States,半導体,246.08999633789062,13.189866496,195.9244029304138,0.07399969980159422,-0.1529616852645895,0.12821647295792651,0.08813033147310252,1.066911511033281,0.051291417989875,57.26395934558041,0.1716373021048949,0.12956283504759034,True,30,24,30,65,70,A,0,39.25,34.75,46.75,46.75,Persistence
SATS,EchoStar Corporation - Common stock,Communication Services,Telecom Services,United States,その他,115.20999908447266,33.3894144,828.2521202237149,-0.051848356792915946,-0.06994065092511001,-0.08686415323700246,0.25822524761597626,-0.3986920807594349,0.700132310141108,24.54528576476436,-0.08365970299729496,0.18751765440780457,True,30,0,0,40,63,B,-20,14.799999999999997,0.0,2.6000000000000014,14.799999999999997,Acceleration
SBCF,Seacoast Banking Corporation of Florida - Common Stock,Financial Services,Banks - Regional,United States,その他,31.020000457763672,3.016594688,19.893588491570664,0.2662539120176795,-0.09163506006429417,0.31263866300523074,,0.017166283803761912,0.045472888804999785,54.44443455450115,0.00016123076650142405,0.11038309605714408,False,29,29,45,85,90,S,-20,23.5,23.5,44.0,44.0,Persistence
SBET,"Sharplink, Inc. - Common Stock",Financial Services,Capital Markets,United States,その他,5.40500020980835,1.06592768,39.29136174944065,3.0,-0.2606090586495313,0.41914005595498843,0.9322045981108537,0.23067145862552596,,33.45259666445962,-0.1956725197307545,0.8554039578554544,False,73,44,23,100,33,D,-35,38.05,16.299999999999997,9.25,38.05,Acceleration
SBGI,"Sinclair, Inc. - Class A Common Stock",Communication Services,Broadcasting,United States,その他,14.050000190734863,1.013926464,5.446589353939819,-0.1068207440811725,0.13209955328653478,-0.20213849287169042,0.4632376143893973,3.0,0.7596234661287611,63.11199636627522,-0.018064295659494016,0.15236470940350036,False,20,12,28,100,70,A,-15,22.0,16.0,39.400000000000006,39.400000000000006,Persistence
SBUX,Starbucks Corporation - Common Stock,Consumer Cyclical,Restaurants,United States,その他,98.12999725341797,111.838756864,752.7558320564518,0.027869151541621288,0.0055760015121360034,0.11551210376337584,0.22771108314239305,-0.2640366474789789,0.8310977304596857,28.438937513241385,-0.01601795269406069,0.0813518298655014,True,18,0,27,25,73,A,-40,0.0,0.0,0.0,0.0,Acceleration
SCSC,"ScanSource, Inc. - Common Stock",Technology,Electronics & Computer Distribution,United States,その他,49.290000915527344,1.001796032,11.539491596837998,-0.06718154345852778,-0.1393745737872457,0.07302854018558415,0.13438721919488558,-0.7133977063664305,0.08238435578733494,73.82601933718855,0.17101751803174373,0.0,True,18,0,25,100,10,D,-5,24.5,11.0,35.75,35.75,Persistence
SEIC,SEI Investments Company - Common Stock,Financial Services,Asset Management,United States,その他,90.68000030517578,10.906353664,52.99088487633628,0.08104365289807641,0.10696882424303036,-0.035782358640246266,0.5349526264907736,-0.019058745760255364,0.008761768968085589,51.760532488145216,0.05253686643604557,0.02161152287480175,True,8,12,33,65,60,B,-20,1.75,4.75,26.400000000000006,26.400000000000006,Persistence
SENEA,Seneca Foods Corp. - Class A Common Stock,Consumer Defensive,Packaged Foods,United States,その他,148.0,1.018395264,20.1132296,0.08246520814779622,-0.03362303823097594,0.08956456456456456,0.09513093717283125,3.0,0.3172556285650682,61.5931207648093,0.02395501603027136,0.11546740663704402,True,30,25,26,100,80,S,-25,20.5,16.75,30.299999999999997,30.299999999999997,Persistence
SEZL,Sezzle Inc. - Common Stock,Financial Services,Credit Services,United States,その他,124.87000274658203,4.199005952,66.47347832361946,0.6607617066477826,0.7013898850812565,0.26906277250392074,0.7006145078939946,0.6040066881347536,0.3518360738477222,67.94457234868156,0.3585023309376653,0.31450373168522333,True,49,48,83,85,33,D,-20,32.8,32.05,53.5,53.5,Persistence
SFD,"Smithfield Foods, Inc. - Common Stock",Consumer Defensive,Packaged Foods,United States,その他,26.761899948120117,10.530198528,31.4482940003952,0.09821807382265592,-0.03401639344262295,-0.0962405086733749,0.13450518318202306,-0.08767471410419314,0.1967643918863431,57.55668060008387,-0.004772818559162151,0.08421508964592313,True,30,12,25,65,100,S,-20,22.25,8.75,30.0,30.0,Persistence
SFM,"Sprouts Farmers Market, Inc. - Common Stock",Consumer Defensive,Grocery Stores,United States,その他,83.5,7.852699136,175.093099725,0.14079908903539057,0.12898295605453783,0.06763677654572615,0.38795449866394643,0.12750006629077787,0.4673017607400865,41.99999950778088,0.043147578930562085,0.5181487492926002,False,41,26,46,85,65,A,-20,30.0,18.75,39.55,39.55,Persistence
SFNC,Simmons First National Corporation - Common Stock,Financial Services,Banks - Regional,United States,その他,21.875,3.173279488,23.139746875,-0.8768810226155359,-0.024048519279120203,-0.10694758204125288,,0.0813506302327721,0.025262626107453293,59.742345111596805,0.041076721980548625,0.0,True,2,12,30,85,75,A,-20,1.75,9.25,32.75,32.75,Persistence
SHLS,"Shoals Technologies Group, Inc. - Class A Common Stock",Technology,Solar,United States,その他,9.449999809265137,1.585443712,51.08080311400632,0.19068505641169517,-0.1835218708264221,0.49550070349299563,0.35029905476394346,-1.2219042989096465,0.19401704013157822,48.49699117930736,0.07451076289081877,0.2599843797562358,True,27,14,22,100,68,A,-5,37.05,27.299999999999997,45.7,45.7,Persistence
SHOO,"Steven Madden, Ltd. - Common Stock",Consumer Cyclical,Footwear & Accessories,United States,その他,45.08000183105469,3.29469184,41.341551089206696,0.11002629519034117,0.15207293970171307,-0.0661764394024719,0.41413727665226713,-0.30574091819844934,0.25395384262570153,80.25380473543467,0.14485786582482968,0.014212416127425251,True,9,2,25,85,10,D,0,20.5,15.25,37.0,37.0,Persistence
SIGI,"Selective Insurance Group, Inc. - Common Stock",Financial Services,Insurance - Property & Casualty,United States,その他,90.95500183105469,5.44543232,44.610699748077394,0.09783938814924857,0.14865884377714997,0.1894517362537793,,0.11711119300930334,0.059507142852429876,56.39986536671248,0.08333318097287784,0.0,True,2,24,50,85,60,B,-20,0.25,16.75,40.75,40.75,Persistence
SITM,SiTime Corporation - Common Stock,Technology,Semiconductors,United States,半導体,686.969970703125,18.133827584,400.58455537646483,0.6115680054465532,0.40768648475967584,-0.4922762292625306,0.5356823608645075,3.0,0.002788292877340602,48.509432196090415,0.1365786672829501,0.2379531597075339,True,78,83,46,65,70,A,0,75.25,79.0,55.55,79.0,Transition
SKWD,"Skyward Specialty Insurance Group, Inc. - Common Stock",Financial Services,Insurance - Property & Casualty,United States,その他,47.29499816894531,1.91748416,16.956037211036683,0.23660684722866035,0.2817424109590877,0.4069704040665928,,0.3314522534738493,0.025038335908538076,49.5546122243421,0.039087407347809036,0.20951033392085067,True,14,29,85,100,100,S,-25,10.5,21.75,66.75,66.75,Persistence
SKYT,"SkyWater Technology, Inc. - Common Stock",Technology,Semiconductors,United States,半導体,35.790000915527344,1.761032704,34.90857550998002,0.2917880380636283,0.1938977682589071,0.3462978007992824,0.19660785409113424,-8.801666666666666,0.3411099771496934,52.1854318354697,0.0648426596907326,0.10323224624497009,True,27,40,61,100,85,S,-15,28.75,38.5,60.55000000000001,60.55000000000001,Persistence
SKYW,"SkyWest, Inc. - Common Stock",Industrials,Airlines,United States,その他,87.6500015258789,3.476223488,32.44586999234276,0.15031009773464252,0.20184013801035078,-0.02312636754661098,0.2337520409284703,-0.21192933126108662,0.33495039227624196,62.386382552244086,-0.00019846064833495034,0.2915454198103283,False,5,14,29,85,53,B,0,21.8,28.55,47.800000000000004,47.800000000000004,Persistence
SLAB,"Silicon Laboratories, Inc. - Common Stock",Technology,Semiconductors,United States,半導体,217.80999755859375,7.183771136,85.13274735425719,0.3428863798927421,-0.25294979405771495,-0.236155241742554,0.5823190156531135,3.0,0.018873142012594175,55.38639112777145,0.011232599513940069,0.006023854765688845,True,62,73,38,85,75,A,0,66.75,75.0,57.150000000000006,75.0,Transition
SLDE,"Slide Insurance Holdings, Inc. - Common Stock",Financial Services,Insurance - Property & Casualty,United States,その他,16.975000381469727,1.944643328,18.536549339061548,0.36499987010134455,0.8073847992657888,0.9326244060190074,,0.46115837130699266,0.014848901734302108,30.058460850682792,-0.06829568566475716,0.27145918724024654,True,19,32,75,100,63,B,-25,10.549999999999997,20.299999999999997,53.849999999999994,53.849999999999994,Persistence
SLM,SLM Corporation - Common Stock,Financial Services,Credit Services,United States,その他,21.8799991607666,4.126414592,44.6837970480998,0.07319596549579514,0.021953442408760376,-0.007727242065592165,,,0.19702988220885997,49.905116286162794,-0.010099876022903475,0.3503119532210058,False,30,12,10,85,73,A,-30,12.549999999999997,0.0,11.350000000000001,12.549999999999997,Acceleration
SMCI,"Super Micro Computer, Inc. - Common Stock",Technology,Computer Hardware,United States,その他,35.42559814453125,21.30561024,1469.1107212022462,0.4658532304249225,1.1042028322665798,0.370928844889214,0.11059154174200105,1.587035499651183,0.34089711479082285,52.71833975897004,0.10560878630519607,0.4164783614106199,False,26,33,64,65,35,C,0,32.75,38.0,58.45,58.45,Persistence
SMPL,The Simply Good Foods Company - Common Stock,Consumer Defensive,Packaged Foods,United States,その他,12.6899995803833,1.174779904,26.086138628916885,0.08983483322204036,0.07133740842313982,0.06331427476173933,0.36235423041932013,-0.25531111546568147,0.12705395766773997,69.8162711920408,0.029664700415613317,0.6273127793033455,False,34,0,41,100,45,C,-25,20.0,0.0,31.549999999999997,31.549999999999997,Persistence
SMTC,Semtech Corporation - Common Stock,Technology,Semiconductors,United States,半導体,165.05999755859375,15.337805824,633.4787137942017,0.15472342615697793,0.04665165673294519,0.1483411827375673,0.516339912855068,2.7767043508050704,0.3526086318376388,59.945149956926514,0.35508560651523996,0.02533220189138698,True,46,39,54,65,45,C,0,48.75,43.5,54.95,54.95,Persistence
SNDK,Sandisk Corporation - Common Stock When-Issued,Technology,Computer Hardware,United States,その他,1714.97998046875,253.776986112,18662.827687110206,0.10385712141677923,0.09480775550443642,,0.3007477906186268,0.7473684210526316,0.15725837504813245,64.87148961509607,0.3784691878626908,0.06361999428405678,True,28,36,14,25,37,C,0,28.45,34.45,21.35,34.45,Transition
SNEX,StoneX Group Inc. - Common Stock,Financial Services,Capital Markets,United States,その他,122.83499908447266,9.734857728,70.1551522408619,0.3252689517638791,0.6413769531731413,-0.07844054758010782,0.019510765367711604,3.0,0.40908809755235487,65.95333781971945,0.1505918404451794,0.0,True,26,32,30,85,25,D,-20,14.75,19.25,22.75,22.75,Persistence
SNPS,"Synopsys, Inc. - Common Stock",Technology,Software - Infrastructure,United States,ソフトウェア,468.0199890136719,89.616154624,921.3487603692063,0.15124466416295496,0.15220381142283568,0.15215414126611831,0.7698457566565516,0.06439694870886584,0.29639352526926116,41.8824527734219,-0.009884258519375836,0.2747811161087611,True,22,14,86,40,83,S,0,30.8,24.8,73.9,73.9,Persistence
SOFI,"SoFi Technologies, Inc.  - Common Stock",Financial Services,Credit Services,United States,その他,16.559999465942383,21.24219392,1147.7813345922157,0.383185662520451,0.2391250418007651,0.33979542876389784,,-2.111656786845189,0.03818805262753344,56.11814459182659,-0.014960029164559354,0.48587395415588835,False,32,8,65,65,65,A,-30,10.25,0.0,35.0,35.0,Persistence
SONO,"Sonos, Inc. - Common Stock",Technology,Consumer Electronics,United States,その他,15.510000228881836,1.84768576,21.957059085021402,-0.04926036984142877,-0.08288692678771549,-0.055400904849298306,0.43687416682602637,-0.19654089217950527,0.07242146638195117,54.036243407939914,0.05511640930232242,0.19050102544876948,False,22,0,29,100,75,A,-5,34.0,17.5,50.95,50.95,Persistence
SOUN,"SoundHound AI, Inc. - Class A Common Stock",Technology,Software - Application,United States,ソフトウェア,7.110000133514404,3.079155712,171.8105975368276,0.9944977743142881,0.8462494277679681,0.47364194159786693,0.4235792090930618,0.05838309684252817,0.006122007111583861,33.49754070644953,-0.11084986719246744,0.6677569971843433,False,68,70,59,85,45,C,-10,58.25,59.75,52.7,59.75,Transition
SPSC,"SPS Commerce, Inc. - Common Stock",Technology,Software - Application,United States,ソフトウェア,55.1150016784668,2.0234208,31.293449182007596,0.1783415521391108,0.187843400197426,0.19081785417244249,0.6917798284775217,0.10858232861552798,,55.04957563436302,-0.00020132480543524653,0.6185813032632056,False,19,26,77,100,65,A,0,35.75,41.0,80.35,80.35,Persistence
SRCE,1st Source Corporation - Common Stock,Financial Services,Banks - Regional,United States,その他,77.55999755859375,1.866783232,8.797126383087159,0.12051435715687997,0.04834944620467409,0.04098598656446716,,0.17383710038239863,0.022137606057025357,69.20900728096926,0.059814714468903456,0.0,True,37,26,42,100,40,C,-25,21.75,13.5,31.1,31.1,Persistence
SSNC,"SS&C Technologies Holdings, Inc. - Common Stock",Technology,Software - Application,United States,ソフトウェア,68.45500183105469,16.486294528,173.30662452965697,0.06633798027881672,0.06891037290106855,0.04160514858981639,0.4817448423200791,0.2729278841910142,0.3691922922792431,57.106046675794225,0.0032578176516004534,0.23193925593450404,False,13,24,46,65,90,S,0,28.5,36.75,59.55,59.55,Persistence
STBA,"S&T Bancorp, Inc. - Common Stock",Financial Services,Banks - Regional,United States,その他,46.880001068115234,1.686596608,10.736722716625785,0.0474876852423487,-0.056853303196324596,0.08819330449521712,,-0.24398730277942393,0.026876054859801154,63.63636856236403,0.06564311488376894,0.0,True,18,12,25,100,40,C,-25,7.5,3.0,21.75,21.75,Persistence
STEP,StepStone Group Inc. - Class A Common Stock,Financial Services,Asset Management,United States,その他,43.51499938964844,5.484461056,53.820141042356106,0.6969289173752798,0.6508977264902738,3.0,0.4544249782930704,0.06740990840409172,0.19302299583805407,29.218711168663233,-0.14761042415966896,0.42604032491788496,False,46,22,76,85,16,D,-20,28.85,10.850000000000001,46.25,46.25,Persistence
STGW,Stagwell Inc. - Class A Common Stock,Communication Services,Advertising Agencies,United States,その他,6.494999885559082,1.609814144,9.74316848857684,0.023857390638374554,0.12426474283360445,-0.05975722823789936,0.3654321072533517,1.0235445060943356,0.38101271619464677,55.55555769623873,-0.01007454710982592,0.12110960718489726,True,16,24,30,100,100,S,-5,32.0,38.0,56.5,56.5,Persistence
STLD,"Steel Dynamics, Inc. - Common Stock",Basic Materials,Steel,United States,その他,274.3999938964844,39.57198848,287.0279913755981,0.03627006012979187,-0.06676801815941802,-0.1556755394039758,0.13160797401887628,3.0,0.2564689051863058,84.60960749394518,0.205344245446709,0.00884960141960473,True,42,25,26,40,10,D,0,38.5,25.75,26.3,38.5,Acceleration
STRA,"Strategic Education, Inc. - Common Stock",Consumer Defensive,Education & Training Services,United States,その他,81.25,1.846844288,18.614578125,0.039584238439910484,0.07679773753579235,0.06329917032698877,0.4897486240557632,0.19568780048310305,0.05352899624240878,58.87373942274255,0.02392823641427666,0.04445119784111435,True,13,24,50,100,87,S,-5,28.450000000000003,36.7,64.9,64.9,Persistence
STRL,"Sterling Infrastructure, Inc. - Common Stock",Industrials,Engineering & Construction,United States,その他,853.9000244140625,26.20273664,553.0142614613648,0.1769074505755862,0.0727740034245516,0.11460883580982867,0.22984045695486313,-0.1284969362008891,0.13285362652349372,60.27093621515634,0.2996532877577393,0.14072087990273094,True,26,21,45,65,50,B,0,34.25,30.5,51.0,51.0,Persistence
SWKS,"Skyworks Solutions, Inc. - Common Stock",Technology,Semiconductors,United States,半導体,72.77999877929688,10.946545664,364.9808278243561,-0.02180469123982767,-0.12454949291760958,-0.1299972655181843,0.41158335168465093,-0.34460282651072127,0.15196412782619678,48.8762123465554,0.09477059638304827,0.12754734623824746,True,34,0,29,65,85,S,0,43.75,18.25,49.2,49.2,Persistence
SYBT,"Stock Yards Bancorp, Inc. - Common Stock",Financial Services,Banks - Regional,United States,その他,74.5999984741211,2.20183296,11.643646091839218,0.1288495195706851,0.036046124148531526,0.06666730711344233,,0.15775071417831904,0.03427031779368641,64.00625155960651,0.05064501575352213,0.0887394968947341,True,25,26,42,100,65,A,-20,20.25,21.0,41.1,41.1,Persistence
SYM,Symbotic Inc. - Class A Common Stock,Industrials,Specialty Industrial Machinery,United States,その他,42.5099983215332,25.660471296,115.26059133454531,0.25654199048305565,0.5194091891262658,0.9835954775902055,0.18808396553151377,3.0,,34.121915133268004,-0.206324048138739,0.513058455492491,False,24,30,58,65,33,D,0,31.05,35.55,54.75000000000001,54.75000000000001,Persistence
SYNA,Synaptics Incorporated - Common Stock,Technology,Semiconductors,United States,半導体,132.6300048828125,5.124516352,120.28456529431152,0.11976235146966854,-0.29200796989152095,-0.2210725987239179,0.4471749045890347,3.0,0.3405819532580096,51.59495838086729,0.23888667855501153,0.10124010096836487,True,39,27,30,85,70,A,0,49.0,40.0,51.75,51.75,Persistence
TBBK,"The Bancorp, Inc. - Common Stock",Financial Services,Banks - Regional,United States,その他,55.35499954223633,2.304674304,21.418825496374893,0.31619900702190723,0.1723329811069263,0.2866434994527874,,0.2584849588175672,0.023883217454296612,52.61043262599784,-0.026740681868208844,0.3109907634370984,False,37,32,85,100,73,A,-20,30.049999999999997,26.299999999999997,66.35,66.35,Persistence
TBLA,Taboola.com Ltd. - Ordinary Shares,Communication Services,Internet Content & Information,United States,その他,4.724999904632568,1.291457536,12.653395000859142,0.08256049642739863,0.2268100313610269,0.027502408735681404,0.297854647392314,0.09565881911299405,0.12056485151620752,42.857133363106634,0.11378259914502012,0.10000001816522508,True,2,47,50,100,70,A,-5,18.5,52.25,61.5,61.5,Persistence
TCBI,"Texas Capital Bancshares, Inc. - Common Stock",Financial Services,Banks - Regional,United States,その他,102.01000213623047,4.454872576,43.326070644807814,0.3469023302507867,-0.13313845484416229,0.10113118767026939,,-0.16294398273798485,0.02918728607113559,60.802048155678136,0.02237151883990986,0.035521092812877825,True,32,20,33,85,67,A,-20,23.450000000000003,14.450000000000003,32.800000000000004,32.800000000000004,Persistence
TCBK,TriCo Bancshares - Common Stock,Financial Services,Banks - Regional,United States,その他,51.66999816894531,1.66122304,5.5223085593032835,0.058076514483116966,-0.054403716585994695,0.021392778974408663,,0.2166524013314313,0.008168243270278352,58.19814174286874,0.03849243962127031,0.0,True,23,24,30,100,75,A,-25,14.75,15.5,31.5,31.5,Persistence
TENB,"Tenable Holdings, Inc. - Common Stock",Technology,Software - Infrastructure,United States,ソフトウェア,26.81999969482422,2.957494272,106.78327629294891,0.11042409010456422,0.12684328479673473,0.16908741479322767,0.7809326549296831,0.20986758746094847,0.23727746761825907,55.02283158047838,0.21504809268620015,0.24365481141345402,True,25,32,75,100,70,A,0,40.75,46.0,80.25,80.25,Persistence
TER,"Teradyne, Inc. - Common Stock",Technology,Semiconductor Equipment & Materials,United States,半導体,367.7300109863281,57.565249536,1261.4588600804352,0.13126232321942777,0.05364948148524566,-0.1517401495065839,0.582235431457569,-0.04993872355146062,0.06770223436806444,56.06498431312187,0.017730310047758227,0.12009925464090514,True,46,14,33,40,100,S,0,50.5,26.5,48.150000000000006,50.5,Acceleration
TFSL,TFS Financial Corporation - Common Stock,Financial Services,Banks - Regional,United States,その他,16.579999923706055,4.649564672,15.052927216732979,0.060410344372608525,-0.006019751078702671,0.047376373626373626,,-0.1703376356154134,0.2807320284531971,68.39826571745165,0.08978572030033326,0.006590809276913757,True,18,12,21,85,40,C,-20,10.25,5.75,20.799999999999997,20.799999999999997,Persistence
TH,Target Hospitality Corp. - Common Stock,Industrials,Specialty Business Services,United States,その他,16.65999984741211,1.65909376,22.555658086414148,-0.1699243020462265,-0.3146442208059502,0.1227586481667779,0.1330453631075834,-0.9481022144262997,0.020173329183994868,32.75860722367581,0.054643975031163194,0.10718113699649215,True,18,0,25,100,75,A,-5,31.0,17.5,48.75,48.75,Persistence
THRM,Gentherm Inc - Common Stock,Consumer Cyclical,Auto Parts,United States,その他,36.70500183105469,1.12564288,10.432530532434084,0.029171966123764183,-0.008816426107294653,0.2194983464159063,0.24167590861349444,0.6925686180286627,0.17675370534413135,77.45634980279642,0.17285238437673386,0.06005115113498724,True,27,12,30,100,22,D,-5,32.45,21.2,40.9,40.9,Persistence
TILE,"Interface, Inc. - Common Stock",Consumer Cyclical,"Furnishings, Fixtures & Appliances",United States,その他,31.270000457763672,1.815417088,16.99713708382225,0.05411436710756139,0.04293308431721651,-0.028061073148632543,0.3874813066119433,0.061687688630693814,0.2192517003419747,72.81556149520814,0.11428806785551904,0.10126365360085798,True,36,24,34,100,35,C,-5,40.5,31.5,45.7,45.7,Persistence
TLN,Talen Energy Corporation - Common Stock,Utilities,Utilities - Independent Power Producers,United States,電力/エネルギー,345.29998779296875,15.778485248,254.2411697220764,0.26676314520019295,-0.14054726368159204,0.3588732394366197,0.3811881188118812,3.0,0.6245758826226502,50.352998932731296,-0.033136595295743726,0.22550692932611008,False,43,17,39,65,90,S,-10,41.0,21.5,45.7,45.7,Persistence
TMUS,"T-Mobile US, Inc. - Common Stock",Communication Services,Telecom Services,United States,その他,181.2100067138672,196.10632192,846.6199467424393,0.08487714987714988,0.03617709208482904,-0.012730768747407976,0.6288713494660794,0.5454818673612503,0.5577023951249105,32.84126452300187,-0.050247097338849835,0.28719097479108413,False,51,12,34,25,53,B,0,47.3,18.05,35.550000000000004,47.3,Acceleration
TOWN,Towne Bank - Common Stock,Financial Services,Banks - Regional,United States,その他,35.0,3.195431936,18.0912515,0.2046722530247398,-0.0033655923269679425,0.011661246896744642,,1.6102403472641846,0.017083160189077844,54.462232774950465,0.01679226602559966,0.04408832939561954,True,39,29,30,85,87,S,-20,30.700000000000003,23.200000000000003,35.150000000000006,35.150000000000006,Persistence
TPG,TPG Inc. - Class A Common Stock,Financial Services,Asset Management,United States,その他,43.65999984741211,16.779077632,92.53256925960673,0.2703070070802288,0.3954778973967287,0.2254890655272615,,0.9911966905746853,0.1341992679872837,64.1509454332669,0.041269531572725476,0.35665693172333907,False,18,29,85,65,53,B,-20,8.55,16.799999999999997,53.60000000000001,53.60000000000001,Persistence
TRIN,Trinity Capital Inc. - Common Stock,Financial Services,Asset Management,United States,その他,17.225000381469727,1.548314752,16.38491644286499,0.16593159880109862,0.40901317532577014,3.0,,-0.6899936658798912,0.5209040462157867,55.88720921699567,0.06395492870050964,0.0037594291854110454,True,5,14,40,100,60,B,-35,0.0,0.0,24.0,24.0,Persistence
TRIP,"TripAdvisor, Inc. - Common Stock",Consumer Cyclical,Travel Services,United States,その他,11.869999885559082,1.38120704,45.2839249284091,0.030517711171662125,0.026286353467561523,0.19839142091152814,0.923320994182972,1.3285714285714285,0.4765714285714286,84.15490888552118,0.0887111532033574,0.3798327970700573,False,45,24,49,100,23,D,-5,46.05,30.299999999999997,51.550000000000004,51.550000000000004,Persistence
TRMB,Trimble Inc. - Common Stock,Technology,Scientific & Technical Instruments,United States,その他,52.459999084472656,12.229029888,146.82566446561125,-0.02606358428583064,-0.030378813804722668,0.033294344857601396,0.6907423410364341,-0.2750100441944556,0.14950601374570446,34.260082260599546,-0.1485480330644114,0.38456123417184773,False,33,7,37,65,41,C,0,38.6,19.1,44.800000000000004,44.800000000000004,Persistence
TRMK,Trustmark Corporation - Common Stock,Financial Services,Banks - Regional,United States,その他,45.36000061035156,2.658347776,14.778601182856752,0.5073409461663948,-0.2285324706121481,0.1010464398478923,,1.5320451869962872,0.02634211053181917,60.783136052863696,0.03000920265038055,0.0,True,48,34,38,100,55,B,-20,36.5,26.0,36.900000000000006,36.900000000000006,Persistence
TROW,"T. Rowe Price Group, Inc. - Common Stock",Financial Services,Asset Management,United States,その他,108.5199966430664,23.252211712,198.58268436508712,0.031183038231645428,0.09799551118334494,-0.00429998150545589,0.5127002788866408,0.17192204088100144,0.03118158111255212,74.90693321289898,0.08127063264737278,0.0,True,10,12,38,65,25,D,-20,0.0,1.25,22.150000000000006,22.150000000000006,Persistence
TRS,TriMas Corporation - Common Stock,Consumer Cyclical,Packaging & Containers,United States,その他,40.439998626708984,1.448871552,16.144646319748308,0.023652504755865566,-0.03273786705512535,-0.26213185793648097,0.21396270829461686,3.0,0.34010289007999567,58.41312798333014,0.042134175367730654,0.05337084571264472,True,42,24,26,100,87,S,-5,50.2,36.7,51.7,51.7,Persistence
TSCO,Tractor Supply Company - Common Stock,Consumer Cyclical,Specialty Retail,United States,その他,30.475000381469727,15.98260224,367.05467015209365,0.04305617510068882,0.022499026329198906,0.02471179116064051,0.3642418993089817,0.16285011652229628,0.5435402850220863,44.30722349080332,-0.14323330295387487,0.5052741786419281,False,24,12,38,65,43,C,0,32.05,23.05,45.75000000000001,45.75000000000001,Persistence
TSLA,"Tesla, Inc.  - Common Stock",Consumer Cyclical,Auto Manufacturers,United States,その他,392.9200134277344,1475.69901568,17887.64506584429,-0.029306991503736307,0.009475783534663594,0.18795266504627925,0.18026511436616155,0.7369449874336778,0.10680957287781374,40.31359463061556,-0.011460308908354574,0.19792600328374818,False,9,12,30,10,90,S,0,17.25,19.5,37.0,37.0,Persistence
TTAN,"ServiceTitan, Inc. - Class A Common Stock",Technology,Software - Application,United States,ソフトウェア,70.70230102539062,6.744159744,118.59692351875306,0.2449700600353942,0.2564325024701265,0.31344097286064304,0.7011067000359014,3.0,0.02943972603760221,61.24123017072426,0.10761457091359224,0.4089424895335004,False,39,49,97,85,15,D,0,43.5,51.0,77.6,77.6,Persistence
TTD,"The Trade Desk, Inc. - Class A Common Stock",Communication Services,Advertising Agencies,United States,その他,20.354999542236328,9.569055744,397.31731699972914,0.18465611733489964,0.25625912071198076,0.23344287439115982,0.7862547319254604,0.23808575033918727,0.07091084017798811,46.843849429714524,-0.0758019673345313,0.7732286201225446,False,28,26,100,85,55,B,0,39.25,37.75,87.25,87.25,Persistence
TTEK,"Tetra Tech, Inc. - Common Stock",Industrials,Engineering & Construction,United States,その他,28.040000915527344,7.277072896,107.74218935786438,0.0469178804846385,0.14950171916286167,0.2906643972913613,0.1766335513055365,0.2891568033872327,0.2305270640567151,56.186618383280326,-0.05302578443113706,0.33912007566766644,False,5,12,57,85,63,B,0,22.8,28.05,65.2,65.2,Persistence
TTMI,"TTM Technologies, Inc. - Common Stock",Technology,Electronic Components,United States,半導体,183.75999450683594,19.083485184,470.77679722700117,0.18978259365560088,0.09414543886028952,-0.10520006444770959,0.20702497466749473,-1.0133515785358225,0.26779280223501567,56.18450104604347,0.2279186780268253,0.06697132594966497,True,38,14,6,65,57,B,0,43.95,25.95,30.950000000000003,43.95,Acceleration
TTWO,"Take-Two Interactive Software, Inc. - Common Stock",Communication Services,Electronic Gaming & Multimedia,United States,ソフトウェア,213.27999877929688,39.598985216,594.485503389476,0.18155353592729337,0.05308808135187677,-5.607581450120563e-05,0.5723363980530016,3.0,0.3152762383834939,26.007397252538695,-0.017233440331320318,0.18685427644580352,False,65,59,34,40,63,B,0,61.05,56.55,41.300000000000004,61.05,Acceleration
TW,Tradeweb Markets Inc. - Class A Common Stock,Financial Services,Capital Markets,United States,その他,100.38999938964844,21.88763136,198.05467130986634,0.18915970286491662,0.28973583546489773,0.12570692162812158,0.6731526401156873,0.3160957481529834,0.01699334896869269,35.89030877825628,-0.09747536914930563,0.3111073532460624,False,22,26,89,65,53,B,-20,11.55,14.549999999999997,55.80000000000001,55.80000000000001,Persistence
TXN,Texas Instruments Incorporated - Common Stock,Technology,Semiconductors,United States,半導体,287.8949890136719,262.011158528,2258.007584822928,0.13049037785307846,-0.10719789942348308,-0.12527461553824645,0.5702409229725144,0.7376502002670227,0.40618765360705505,42.447410123820866,0.0734830047233709,0.11386938338132008,True,52,26,30,25,85,S,0,51.25,31.75,39.75,51.25,Acceleration
TXRH,"Texas Roadhouse, Inc. - Common Stock",Consumer Cyclical,Restaurants,United States,その他,164.8699951171875,10.836841472,180.67499340710447,0.09393482479772328,0.16012791924816783,0.15361530332243314,0.1593309033994973,-0.1583243172847669,0.27441349023178657,35.05904303988231,-0.012966140011766845,0.14605175826122996,False,0,0,41,65,80,S,-20,0.0,0.0,34.8,34.8,Persistence
UCTT,"Ultra Clean Holdings, Inc. - Common Stock",Technology,Semiconductor Equipment & Materials,United States,半導体,96.8499984741211,4.341625856,105.12757414370728,-0.020785659801678107,0.20933986739694435,-0.26946889609569136,0.15720545277507303,3.0,0.37807981492192017,65.5043756978732,0.21093073927522044,0.0,True,12,12,26,85,25,D,0,24.25,24.25,40.55,40.55,Persistence
UFPI,"UFP Industries, Inc. - Common Stock",Basic Materials,Lumber & Wood Production,United States,その他,82.93000030517578,4.683905536,37.7342987193592,-0.04990237224398326,-0.07842129207867024,-0.25017350112016123,0.16773614976275814,-0.32643914042754396,0.0887023343648464,63.118821353402645,-0.04467983101101592,0.27700529445346483,False,30,0,25,85,53,B,0,40.55,18.05,45.6,45.6,Persistence
ULCC,"Frontier Group Holdings, Inc. - Common Stock",Industrials,Airlines,United States,その他,6.165500164031982,1.41676608,25.96829627378168,-0.013509933774834438,0.051825020897185846,0.07907396271797955,0.0037593984962406013,-2.949367088607595,0.7566481994459834,78.76778400296905,0.3309199945678663,0.05437113771956724,True,0,0,0,100,22,D,-25,0.0,0.0,4.399999999999999,4.399999999999999,Persistence
ULTA,"Ulta Beauty, Inc. - Common Stock",Consumer Cyclical,Specialty Retail,United States,その他,479.5400085449219,20.615094272,422.887775337436,0.09713169330434519,0.007883341781693597,0.097831725861971,0.39097025535753765,0.10766408026991735,0.31175444266235997,44.6786914471184,-0.07547787834892619,0.32155286554451395,False,24,12,42,65,63,B,0,34.05,25.05,51.95,51.95,Persistence
UMBF,UMB Financial Corporation - Common Stock,Financial Services,Banks - Regional,United States,その他,132.65499877929688,10.078957568,78.49238064095611,0.6565526691640903,0.10630054581752332,-0.024668318332014157,,3.0,0.0034776409419694536,55.55556697252734,0.054668140878990606,0.01291019137012663,True,60,34,38,65,60,B,-20,40.75,21.25,29.150000000000006,40.75,Acceleration
UPBD,"Upbound Group, Inc. - Common Stock",Technology,Software - Application,United States,ソフトウェア,18.860000610351562,1.099419776,13.65411141887741,0.08667780410150157,0.08219365080716849,-0.05958907917101648,0.48385079554876925,3.0,0.5667387344818398,65.1685475129239,0.01796755449297218,0.26787599029083875,False,50,12,30,100,53,B,-5,52.8,24.3,47.1,52.8,Acceleration
UPST,"Upstart Holdings, Inc. - Common stock",Financial Services,Credit Services,United States,その他,31.780000686645508,3.041713664,144.10921452065458,0.6283868238676662,0.2375723009767397,-0.39347903934300993,,-1.94210648686352,0.6219883320083165,59.43517274906288,0.04863724881648595,0.6222512572903434,False,48,45,8,85,65,A,-40,15.25,13.0,0.0,15.25,Acceleration
UPWK,Upwork Inc. - Common Stock,Communication Services,Internet Content & Information,United States,その他,8.885000228881836,1.097458688,31.13502348980303,0.02399376076430637,0.11636164704789766,0.1145332983998525,0.77817269708448,0.603806812872433,0.28559149879191736,53.87263904108645,-0.09511246854263189,0.5981456362003891,False,30,26,53,100,55,B,-5,38.0,35.0,60.150000000000006,60.150000000000006,Persistence
URBN,"Urban Outfitters, Inc. - Common Stock",Consumer Cyclical,Apparel Retail,United States,その他,74.47000122070312,6.678390272,100.70665022627105,0.11074526912626341,0.07712220493643122,0.07465584650124164,0.3597109081425042,-0.016333960962114327,0.2447405580263491,59.138386792189735,0.05652787356969228,0.09951627607301856,True,39,14,41,85,85,S,0,50.5,31.75,60.8,60.8,Persistence
UVSP,Univest Financial Corporation - Common Stock,Financial Services,Banks - Regional,United States,その他,41.65999984741211,1.160056064,7.096239394008636,0.09635224329517922,0.008099157404631074,0.0021574572391299942,,0.34617093969611956,0.03880549922560392,71.87497843254988,0.09584456492034146,0.0,True,35,24,42,100,25,D,-25,18.75,10.5,28.1,28.1,Persistence
VC,Visteon Corporation - Common Stock,Consumer Cyclical,Auto Parts,United States,その他,119.27999877929688,3.18406272,48.613798050489805,-0.025349198137609934,-0.02225594334850784,0.052715654952076675,0.14118895966029724,-0.04482758620689655,0.12728883638511518,69.08632236011164,0.1050256158697516,0.06445872977765928,True,0,0,25,85,37,C,0,16.45,16.45,42.4,42.4,Persistence
VCTR,"Victory Capital Holdings, Inc. - Common Stock",Financial Services,Asset Management,United States,その他,89.88500213623047,5.620608512,43.712537170133594,0.4618518439758382,0.0882418139210843,-0.03950865699578849,0.5444698885486984,0.12585436712616732,0.22835410854903068,69.86304499575145,0.13781939253644065,0.0,True,54,32,53,85,25,D,-20,35.75,19.25,35.400000000000006,35.75,Acceleration
VECO,Veeco Instruments Inc. - Common Stock,Technology,Semiconductor Equipment & Materials,United States,半導体,69.97000122070312,4.270512896,83.92886602873078,-0.07389784762603147,0.07632552311928395,0.03141439044660807,0.39953544665464386,0.16609776377401428,0.19762482133361492,68.87567651192096,0.3479358338657122,0.0,True,6,12,34,85,25,D,0,19.75,24.25,44.95,44.95,Persistence
VERX,"Vertex, Inc. - Class A Common Stock",Technology,Software - Application,United States,ソフトウェア,12.84000015258789,2.077729408,18.42295034693451,0.12248191296627353,0.16490416449010897,0.16427798480139294,0.6434696517040687,-0.38759201111854635,0.2760169494859679,45.22111230800333,0.0068219307970606375,0.6629036465961914,False,17,37,70,100,65,A,0,34.25,49.25,76.5,76.5,Persistence
VIAV,Viavi Solutions Inc. - Common Stock,Technology,Communication Equipment,United States,通信/光通信,48.9900016784668,12.075262976,315.8888560022993,0.08386645341863255,-0.0955609800198897,-0.14415041782729804,0.5728119524116941,-0.36016511867905054,0.34722640184572173,51.45950009076952,0.03944328817602449,0.11458521494263683,True,38,35,29,65,100,S,0,48.25,46.0,52.2,52.2,Persistence
VICR,Vicor Corporation - Common Stock,Technology,Electronic Components,United States,半導体,292.0,13.309770752,237.59888160000003,0.2608018760200302,-0.11356617184163295,0.014984501815430028,0.5730692002005738,3.0,0.009131734431449,57.46508753234093,0.142716701108717,0.15567891773075368,True,57,51,38,65,70,A,0,59.5,55.0,51.150000000000006,59.5,Acceleration
VISN,"Vistance Networks, Inc.  - Common Stock",Technology,Communication Equipment,United States,通信/光通信,12.175000190734863,2.7463104,69.92982862052823,0.39707796904383047,-0.25818220839145833,-0.6780334438916529,0.494874715261959,0.01937046004842615,0.7762351936826379,58.14649475236381,0.11772116134640495,0.04845641905917551,True,64,85,28,100,57,B,-10,58.7,74.45,41.800000000000004,74.45,Transition
VLY,Valley National Bancorp - Common Stock,Financial Services,Banks - Regional,United States,その他,14.319999694824219,7.935162368,77.5889266464901,0.09923952845771987,-0.01974704336923721,0.009653847145361428,,,0.05206125266001094,70.51282835038332,0.0733023284488049,0.0,True,18,12,10,85,25,D,-20,8.75,4.25,11.75,11.75,Persistence
VNOM,"Viper Energy, Inc.  - Class A Common Stock",Energy,Oil & Gas Midstream,United States,電力/エネルギー,45.38999938964844,16.294769664,69.81227239074632,0.6209302325581395,0.03990326481257558,-0.04477763647725081,0.4971305595408895,-17.039473684210527,0.1725199273932602,35.758335759652795,-0.024887220913893993,0.09642119881850778,True,56,10,26,65,90,S,0,60.75,26.25,48.55,60.75,Acceleration
VRNS,"Varonis Systems, Inc. - Common Stock",Technology,Software - Infrastructure,United States,ソフトウェア,32.750999450683594,3.84653056,57.12634181689796,0.13173972229784917,0.10375430723615674,0.05389393497933003,0.788344463475812,0.29510176430738416,0.2912165133968739,56.81611048159309,0.1939402704118728,0.4826883787669532,False,55,14,53,85,35,C,0,57.5,26.75,57.400000000000006,57.5,Acceleration
VRSK,"Verisk Analytics, Inc. - Common Stock",Industrials,Consulting Services,United States,その他,181.72999572753906,23.810598912,341.94554971038133,0.06628032064406426,0.07469978369508466,0.07384861834201041,0.6987991017671754,0.29540267362243233,0.7909611815027036,68.04693956036576,0.03361977285912817,0.4165692310887782,False,17,12,44,65,45,C,-10,17.0,13.25,39.45,39.45,Persistence
VRSN,"VeriSign, Inc. - Common Stock",Technology,Software - Infrastructure,United States,ソフトウェア,286.94000244140625,26.1115392,219.4764050543976,0.06369590342879157,0.04306476458375193,0.04786300793038108,0.881504285886756,0.2216123499142367,1.3560600346934157,37.534937439481254,0.02072120663012991,0.07438708889868952,True,38,24,47,65,77,A,-20,25.950000000000003,15.450000000000003,37.5,37.5,Persistence
VSAT,"ViaSat, Inc. - Common Stock",Technology,Communication Equipment,United States,通信/光通信,63.26499938964844,8.640034816,172.273775567482,0.026708065876163912,0.05504816098388378,0.675858065111781,0.33041562147111814,3.0,0.4557529470145527,38.110330868079686,-0.03388172830372587,0.2702157387478535,True,19,50,46,85,73,A,0,34.3,57.55,61.15,61.15,Persistence
VSEC,VSE Corporation - Common Stock,Industrials,Aerospace & Defense,United States,防衛/宇宙,182.8800048828125,5.131091968,73.78141092192995,0.414647392197961,0.44527039447079153,-0.18736033269200894,0.11879706007956665,1.1103380298022845,0.16898684694401694,60.33361662010124,-0.02174020749232933,0.1967587324131316,False,26,33,38,85,70,A,0,39.25,44.5,56.150000000000006,56.150000000000006,Persistence
WABC,Westamerica Bancorporation - Common Stock,Financial Services,Banks - Regional,United States,その他,57.060001373291016,1.340222848,8.797710721738815,-0.12150468085106383,-0.0923697260887701,0.2215231438147287,,-0.14429870984352205,0.0037257264042361137,64.19750262385963,0.05054142659567068,0.0,True,0,0,25,100,40,C,-25,0.0,0.0,21.75,21.75,Persistence
WAFD,"WaFd, Inc. - Common Stock",Financial Services,Banks - Regional,United States,その他,36.435001373291016,2.692126976,16.97059838689785,0.004193519785876968,-0.027986388566827048,0.1224267395391861,,-0.497662536907312,0.06806252759628488,62.978307093292514,0.05846557960550835,0.0,True,18,12,25,100,40,C,-20,12.5,8.0,26.75,26.75,Persistence
WBD,"Warner Bros. Discovery, Inc. - Series A Common Stock",Communication Services,Entertainment,United States,その他,26.575000762939453,66.627162112,543.3557290091537,-0.05149919890135042,-0.04840153916894557,0.22190022769612916,0.44002037752037754,-0.30246216399367515,0.3253934155967428,31.428583405644915,-0.020720529771855036,0.11357567816169761,True,7,42,25,40,90,S,0,20.25,46.5,41.75,46.5,Transition
WBTN,WEBTOON Entertainment Inc. - Common stock,Communication Services,Internet Content & Information,United States,その他,11.40999984741211,1.543028352,4.137554617667771,0.025381949130797832,0.05124155329027993,0.1884030580291795,0.23300776376739796,-2.4142374313476975,0.014836635307832606,47.26840392369975,-0.03619547094074954,0.46457061786193105,False,3,0,22,100,65,A,-5,18.75,16.5,45.1,45.1,Persistence
WDAY,"Workday, Inc. - Class A Common Stock",Technology,Software - Application,United States,ソフトウェア,140.533203125,34.707972096,774.7594012682617,0.1309495619228037,0.1635211461633834,0.1677927927927928,0.7570142378559463,0.26861580630424853,0.21140865331415293,60.28252429175666,0.09784819972453417,0.4439393601838034,False,28,33,82,40,30,D,0,30.0,33.75,61.1,61.1,Persistence
WDC,Western Digital Corporation - Common Stock,Technology,Computer Hardware,United States,その他,500.69000244140625,172.57889792,3136.3615295271607,0.5070444831407314,0.00991207034372502,-0.6671633054860853,0.3878151260504202,2.63764404609475,0.3364519354377946,57.84571270992113,0.14117813498962373,0.15702387363905213,True,74,100,30,25,70,A,0,66.25,85.75,36.75,85.75,Transition
WDFC,WD-40 Company - Common Stock,Basic Materials,Specialty Chemicals,United States,その他,216.34500122070312,2.911009024,29.47289586129761,0.04983092233264528,0.09921173372048654,0.03553255464322887,0.5505665459648217,-0.050450881267932776,0.20533449346271299,61.7278972732531,0.03721167344763076,0.14044085368910766,True,8,12,45,100,80,S,0,29.0,32.0,65.75,65.75,Persistence
WEN,Wendy's Company (The) - Common Stock,Consumer Cyclical,Restaurants,United States,その他,6.889999866485596,1.312411648,70.61893098954648,-0.030982082286516045,0.02975552558744175,0.04107506305162718,0.27037045033490426,-0.07014820691478965,0.8362685337676667,36.9721292721861,-0.021097012785799285,0.4050194231445482,False,0,0,15,100,55,B,-45,0.0,0.0,0.0,0.0,Acceleration
WERN,"Werner Enterprises, Inc. - Common Stock",Industrials,Trucking,United States,その他,42.564998626708984,2.551776512,43.19642058583718,-0.01843473394014635,-0.07712534707639625,-0.0019693140805196875,0.0969648964024965,0.18474989591387617,0.26032705663567435,68.90019498571642,0.17335519846818984,0.043698040174565904,True,20,12,6,100,37,C,0,33.7,27.7,35.7,35.7,Persistence
WFRD,Weatherford International plc - Ordinary shares,Energy,Oil & Gas Equipment & Services,United States,電力/エネルギー,102.43000030517578,7.36731136,100.3828906555767,-0.10792671866497369,0.07361246348588121,0.1856384206880628,0.3119154127694185,-0.0872210953346856,0.3159515104868193,32.66175302973781,-0.015110345357862024,0.0806856759245146,True,4,0,25,85,90,S,0,24.75,21.75,53.0,53.0,Persistence
WINA,Winmark Corporation - Common Stock,Consumer Cyclical,Specialty Retail,United States,その他,387.6199951171875,1.386776832,16.966127186279298,0.05863762792305487,-0.023478109401935288,0.022511755197099158,0.9639256899891582,0.06533136334389819,2.50662873079597,69.34408989514002,0.0015493755935139916,0.2282944344441981,False,35,24,35,100,70,A,-25,23.25,15.0,33.25,33.25,Persistence
WING,Wingstop Inc. - Common Stock,Consumer Cyclical,Restaurants,United States,その他,145.53500366210938,3.9632896,180.3071072238327,0.11352701391962698,0.36028735694645203,0.28679154511203536,0.4868315125284673,-0.0005393590143923695,1.8321163988353195,66.92270579564106,-0.0695550055056375,0.6161710996872878,False,13,14,70,85,35,C,-40,0.0,0.0,26.75,26.75,Persistence
WLDN,"Willdan Group, Inc. - Common Stock",Industrials,Engineering & Construction,United States,その他,99.4000015258789,1.50199424,31.006259955973817,0.20458538206214938,0.10920122722238014,0.18865027100839357,0.3751467239476958,0.11054037071944706,0.1273054017651242,69.49540180707976,0.17511870347166775,0.2633763174189918,True,33,29,71,100,33,D,-5,38.05,35.05,65.65,65.65,Persistence
WLFC,Willis Lease Finance Corporation - Common Stock,Industrials,Rental & Leasing Services,United States,その他,183.2550048828125,1.459922304,25.173584253997802,0.28287332029802026,0.35997180776719906,0.341836391206917,0.6826499744604864,0.5150007833307222,0.6860065822984187,55.223708532782,-0.04670803594057868,0.23147726990583808,True,30,29,67,100,100,S,-15,32.5,31.75,66.85,66.85,Persistence
WMG,Warner Music Group Corp. - Class A Common Stock,Communication Services,Entertainment,United States,その他,29.34000015258789,15.304199168,76.97715349933338,0.043728602552131964,0.06443597813483519,0.019935799966210508,0.4584762188758014,-0.23725055432372505,0.4688167667107539,20.169717560355394,-0.02478792400234657,0.1510416959860799,False,8,0,37,65,63,B,0,22.05,16.05,49.2,49.2,Persistence
WMT,Walmart Inc. - Common Stock,Consumer Defensive,Discount Stores,United States,その他,118.38999938964844,942.156939264,2994.1901979161566,0.04725214211766779,0.05070009643201543,0.06025954990192855,0.24926699786724774,0.1787519747235387,0.2356956173507384,26.68413355315417,-0.05721313823317251,0.11780922442711603,True,2,24,42,10,63,B,0,9.3,25.8,38.2,38.2,Persistence
WSBC,"WesBanco, Inc. - Common Stock",Financial Services,Banks - Regional,United States,その他,36.06999969482422,3.469232896,23.882433742938996,0.6230863819038542,0.009211460011367191,0.015180923214538726,,0.3952489398069477,0.058462901930013626,67.53260344266016,0.0512270113694293,0.026789515157553415,True,41,34,50,85,40,C,-20,27.5,22.25,36.75,36.75,Persistence
WSC,WillScot Holdings Corporation - Class A Common Stock,Industrials,Rental & Leasing Services,United States,その他,27.329999923706055,4.946584576,54.70519410178594,-0.04769843529163282,0.013088393063671813,0.10367852860722582,0.5100212759802336,0.6007844422760261,0.6706913676997239,79.45448352304585,0.19356004215693243,0.1256020307760354,True,17,12,28,85,35,C,-10,19.0,15.25,33.650000000000006,33.650000000000006,Persistence
WSFS,WSFS Financial Corporation - Common Stock,Financial Services,Banks - Regional,United States,その他,74.00499725341797,3.851519744,26.932046610458375,0.018389482003786463,0.030919942934611262,0.0996203782350188,,0.03875686268788812,0.01420103784935364,59.94586115927047,0.050731942345375106,0.0,True,2,24,42,85,60,B,-20,0.25,16.75,36.35,36.35,Persistence
WTFC,Wintrust Financial Corporation - Common Stock,Financial Services,Banks - Regional,United States,その他,156.6999969482422,10.569063424,60.133741353885654,0.11225937018026326,0.07873783544677086,0.16129246606675987,,0.3538365917941859,0.06299336681995342,65.10303537085039,0.05906158190626933,0.025162866148037734,True,28,26,50,65,40,C,-20,14.75,13.25,31.75,31.75,Persistence
WULF,TeraWulf Inc. - Common Stock,Financial Services,Capital Markets,United States,その他,24.8700008392334,12.328851456,626.3961673886183,0.20281183283232537,1.0230105880483613,3.0,0.5092873467691669,-3.0476156272018935,0.7922509622331311,62.63650854721073,0.1394249654441397,0.06993264577004779,True,17,5,46,65,37,C,-40,0.0,0.0,8.949999999999996,8.949999999999996,Persistence
WWD,"Woodward, Inc. - Common Stock",Industrials,Aerospace & Defense,United States,防衛/宇宙,378.0299987792969,22.5241088,254.32563565125275,0.07304356562940983,0.14056398105241055,0.22317367455797615,0.26808938667767107,-0.007126417334434043,0.15602131510841025,63.556708349794796,0.02710646870148837,0.061699320344276484,True,0,12,45,65,67,A,0,16.45,25.45,54.4,54.4,Persistence
WYNN,"Wynn Resorts, Limited - Common Stock",Consumer Cyclical,Resorts & Casinos,United States,その他,108.1500015258789,11.22453504,143.9338520907501,0.0013977349202668196,0.09125434770327824,0.7386748118424468,0.4142669493258824,-0.3107589330639191,0.9288846750452411,75.41562907533653,0.049967956780607045,0.18348038489461663,False,4,0,39,65,55,B,-20,0.0,0.0,28.700000000000003,28.700000000000003,Persistence
XEL,Xcel Energy Inc. - Common Stock,Utilities,Utilities - Regulated Electric,United States,電力/エネルギー,77.80500030517578,48.571293696,414.13315362511105,0.09136224983260174,-0.05385048571026327,-0.0721097322011757,0.47201581566568956,-1.506426735218509,0.42743729338462105,41.53275672263651,-0.02512338773583479,0.06590285095884564,True,38,12,10,40,87,S,0,43.2,23.700000000000003,32.900000000000006,43.2,Acceleration
XMTR,"Xometry, Inc. - Class A Common Stock",Industrials,Industrial Distribution,United States,その他,81.94000244140625,4.52684544,79.94020751782226,0.25865169404376304,0.17721609128927981,0.21654096256179103,0.39143732222984395,0.28036796989337237,0.48232535667595067,34.85081136566686,0.24524337065217974,0.1403692540521954,True,39,24,61,85,60,B,0,48.0,36.75,66.80000000000001,66.80000000000001,Persistence
XPEL,"XPEL, Inc. - Common Stock",Consumer Cyclical,Auto Parts,United States,その他,46.05500030517578,1.269321088,11.095315068271255,0.13273073263558516,0.06083125364313778,0.22315296935427617,0.42213145737085256,0.564419523384733,0.059768486325112544,53.35184845563058,0.017315692664782556,0.16187443738422708,True,36,26,54,100,100,S,-5,47.0,39.5,69.7,69.7,Persistence
Z,"Zillow Group, Inc. - Class C Capital Stock",Communication Services,Internet Content & Information,United States,その他,35.4900016784668,8.12017664,164.05656974640368,0.15518783542039355,0.14961439588688946,-0.006639427987742594,0.7413859852884244,-0.6070038910505836,0.08038698328935796,43.11797233591023,-0.11986147723512101,0.607063753339444,False,53,51,37,85,55,B,0,58.0,56.5,52.6,58.0,Acceleration
ZBRA,Zebra Technologies Corporation - Class A Common Stock,Technology,Communication Equipment,United States,通信/光通信,232.75,11.086671872,283.0550954,0.08331660309174864,0.08660558464223386,-0.20705760249091854,0.48054114158636024,-0.1289308176100629,0.3172194777699365,41.5243494021951,-0.0022360163991630012,0.3181684732019964,False,8,0,29,65,73,A,0,23.05,17.05,46.800000000000004,46.800000000000004,Persistence
ZD,"Ziff Davis, Inc. - Common Stock",Communication Services,Advertising Agencies,United States,その他,47.209999084472656,1.738999168,25.417497629587174,0.03537163762549155,0.027609403912529654,-0.019388251735985053,0.8576431093361115,0.014770163564579808,0.2365349768760786,65.80310522391342,0.05813581832603755,0.021148672350088448,True,47,12,45,100,40,C,-5,49.25,23.0,52.75,52.75,Persistence
ZG,"Zillow Group, Inc. - Class A Common Stock",Communication Services,Internet Content & Information,United States,その他,35.790000915527344,8.188816896,41.21853698989219,0.15518783542039355,0.14961439588688946,-0.006639427987742594,0.7413859852884244,-0.6070038910505836,0.08038698328935796,42.416130475879356,-0.1172335342417258,0.5874827105314046,False,53,51,37,85,55,B,0,58.0,56.5,52.6,58.0,Acceleration
ZION,Zions Bancorporation N.A. - Common Stock,Financial Services,Banks - Regional,United States,その他,66.2699966430664,9.747774464,86.31879126748657,0.08146964856230032,0.004815409309791332,-0.011738578680203046,,-0.09419600380589914,0.03901561973255422,71.07207803700327,0.07844078592374797,0.0,True,30,12,25,85,25,D,-20,17.75,4.25,20.0,20.0,Persistence
ZM,"Zoom Communications, Inc. - Class A Common Stock",Technology,Software - Application,United States,ソフトウェア,96.52749633789062,28.304971776,496.5301629888855,0.04358352161524986,0.030528420948466434,0.03056344696969697,0.7701603834562699,0.06349087877360472,0.004889043993118634,46.750910385438495,0.005512038251072125,0.13722292896336588,True,41,31,57,65,100,S,0,50.5,43.0,67.6,67.6,Persistence
ZS,"Zscaler, Inc. - Common Stock",Technology,Software - Infrastructure,United States,ソフトウェア,128.21499633789062,20.733585408,942.4135397502945,0.23311687443000206,0.34065266006659445,0.4821558537269489,0.7687424596397835,0.24231643730233354,0.2798453804801579,33.31408891077413,-0.09874987438435247,0.6187141269610065,False,29,35,96,65,45,C,0,36.0,40.5,78.05000000000001,78.05000000000001,Persistence
AA,Alcoa Corporation Common Stock ,Basic Materials,Aluminum,United States,その他,70.2300033569336,18.53298688,302.0843130378696,0.07868852459016394,0.12738129087290304,-0.15259818488474822,0.16935546722780764,3.0,0.1672763345526691,57.77778254141261,0.016335092358157575,0.16183312340889247,True,12,24,30,65,100,S,0,28.75,37.75,52.75,52.75,Persistence
AAMI,Acadian Asset Management Inc. Common Stock,Financial Services,Asset Management,United States,その他,78.01499938964844,2.77959552,31.606185496728514,0.1149129746835443,0.18518518518518517,0.022531160115052733,0.4270001773993259,-1.3115468409586057,0.3861152141802068,67.45128556670176,0.14836866630598378,0.0,True,9,2,30,100,25,D,-30,0.0,0.0,16.5,16.5,Persistence
AAP,Advance Auto Parts Inc.,Consumer Cyclical,Auto Parts,United States,その他,60.349998474121094,3.640867584,156.04291139463805,-0.05421156806685727,-0.012487783689868607,0.006571956286642487,0.4340193000813859,-2.1041666666666665,0.4417385421951632,68.37434017963086,0.07925171726306618,0.07846249860054408,True,10,49,6,85,52,B,-10,15.45,44.7,24.950000000000003,44.7,Transition
ABCB,Ameris Bancorp Common Stock,Financial Services,Banks - Regional,United States,その他,86.72000122070312,5.835606016,32.59107617076416,0.06330930428708746,0.058794696256818886,-0.005795423551334845,,1.6268796725319083,0.025161507651636352,58.73875694378575,0.033013078089139954,0.006188412815808707,True,42,24,30,85,75,A,-20,31.75,18.25,32.75,32.75,Persistence
ABG,Asbury Automotive Group Inc Common Stock,Consumer Cyclical,Auto & Truck Dealerships,United States,その他,201.0399932861328,3.743123456,49.45493366841888,0.04714752801275264,0.16118005498996804,-0.040896986503735286,0.17065948108228235,0.5699724517906336,0.5253309462739495,72.4537401137767,0.024488004084516332,0.24412530599904422,False,9,24,22,85,55,B,0,25.0,36.25,44.35,44.35,Persistence
ABM,ABM Industries Incorporated Common Stock,Industrials,Specialty Business Services,United States,その他,44.63999938964844,2.615052288,25.354379101335905,0.04623537574467067,0.03248357294600069,0.03712243486280839,,-0.07292289300657502,0.31851219280766674,82.25603933636802,0.11574819187389768,0.08313568150392567,True,18,12,33,100,35,C,0,32.0,27.5,50.150000000000006,50.150000000000006,Persistence
ACA,"Arcosa, Inc. Common Stock ",Industrials,Engineering & Construction,United States,その他,127.86000061035156,6.277460992,31.123930675572968,0.12198918245846142,0.11352311625287058,0.02902621722846442,0.22445723798293682,-0.43804034582132567,0.30546417395490655,67.73743378890663,0.06349355136368817,0.02686657124358725,True,38,21,33,85,40,C,0,45.25,32.5,47.400000000000006,47.400000000000006,Persistence
ACEL,"Accel Entertainment, Inc. ",Consumer Cyclical,Gambling,United States,その他,12.880000114440918,1.04834048,3.2707027930607318,0.08122686787351784,0.05173527451684011,0.20687112870013002,0.31346697120875155,-0.03933982287930908,0.5505019517071433,74.2972010603025,0.08756228168494092,0.013782565037701899,True,22,12,41,100,25,D,-5,29.0,21.5,47.55,47.55,Persistence
ACHR,Archer Aviation Inc. Class A Common Stock,Industrials,Aerospace & Defense,United States,防衛/宇宙,5.255000114440918,4.00885504,278.4218911418409,,,,0.0,-0.19374167776298268,0.049434283628695404,41.32231274684204,-0.12028122636548869,0.6147360716883398,False,0,0,10,85,43,C,-10,7.050000000000001,7.050000000000001,25.35,25.35,Persistence
ACI,"Albertsons Companies, Inc. Class A Common Stock",Consumer Defensive,Grocery Stores,United States,その他,15.425000190734863,7.628199936,89.85188324854613,0.03460093119992437,0.014553678362698564,0.02045081951379078,0.27180498361838346,-0.296370429677075,0.5715070294665974,29.71288107365814,-0.061918930597237576,0.29816966707515646,False,18,0,29,85,36,C,-20,9.850000000000001,0.0,24.400000000000006,24.400000000000006,Persistence
ACM,AECOM Common Stock,Industrials,Engineering & Construction,United States,その他,71.0,9.125127168,186.43973425,0.002118779562109784,0.12011278536694574,0.09357027458244797,0.0753867098002667,-0.03244275617925308,0.26470803997524966,48.34156216853588,-0.09573261905322893,0.46794039266052445,False,0,12,33,85,55,B,0,18.25,27.25,50.400000000000006,50.400000000000006,Persistence
ACVA,ACV Auctions Inc. Class A Common Stock,Consumer Cyclical,Auto & Truck Dealerships,United States,その他,5.824999809265137,1.016956992,17.974271811447142,0.1921821343595603,0.324004538332703,0.14163912803152334,0.52421650171273,0.07776993195532161,0.1750166496102195,46.529556553631316,0.07633175674181043,0.6551213724237805,False,18,39,85,100,50,B,-5,28.5,44.25,76.75,76.75,Persistence
AD,"Array Digital Infrastructure, Inc. Common Shares",Communication Services,Telecom Services,United States,その他,51.339900970458984,4.43797248,20.204974613622092,0.5831754636511128,0.02452497785386537,-0.9759009354761333,0.5122452611361,-0.7994071976714042,0.2564062497327968,50.516085206725336,0.02857956076846902,0.07943517035937156,True,66,75,29,85,87,S,0,70.95,77.7,54.60000000000001,77.7,Transition
ADM,Archer-Daniels-Midland Company Common Stock,Consumer Defensive,Farm Products,United States,その他,80.90950012207031,38.99486208,279.50376145399474,-0.06151058108266105,-0.08947676584872519,-0.07504234117137343,0.06270166564925438,2.426242868785656,,62.881996168775174,0.07217932439089231,0.038051366841713695,True,30,12,20,40,52,B,-20,13.700000000000003,0.1999999999999993,11.399999999999999,13.700000000000003,Acceleration
ADT,ADT Inc. Common Stock,Industrials,Security & Protection Services,United States,その他,6.800000190734863,5.171749376,64.70946413505155,0.046986534096731904,0.05278987556804212,0.06182700488189609,0.8083354797901262,0.09556508295852574,0.4861161711111747,40.000010596380164,-0.01887225262835397,0.21984458638338109,False,17,24,49,85,90,S,0,34.5,39.75,66.2,66.2,Persistence
AEE,Ameren Corporation Common Stock,Utilities,Utilities - Regulated Electric,United States,電力/エネルギー,108.56500244140625,30.045540352,190.8169423935852,0.15426997245179064,0.0164,-0.057433706170667335,0.47403113990226164,0.5015179113539769,0.40906840498390956,51.72482024886358,-0.008295752060875003,0.043647103900063905,True,55,33,10,40,87,S,0,55.95,39.45,32.900000000000006,55.95,Acceleration
AEO,"American Eagle Outfitters, Inc. Common Stock",Consumer Cyclical,Apparel Retail,United States,その他,18.014999389648438,3.018833408,109.38085931765595,0.04102050574892112,0.012710931872734841,0.054498216673784475,0.36510453133776893,-0.2315464485172658,0.4240545380179965,62.35655466172905,0.04987562016112824,0.35369448797604147,False,22,0,33,85,53,B,0,34.55,18.05,50.00000000000001,50.00000000000001,Persistence
AES,The AES Corporation Common Stock,Utilities,Utilities - Diversified,United States,その他,14.670000076293945,10.46202368,135.09670405559444,-0.0036650920345333115,-0.030786233028102305,0.004042165332487913,0.1807406196354124,0.6502155172413793,0.5775189306135065,41.66666666666667,0.017903213596161652,0.14057399246045887,True,27,12,2,65,100,S,0,40.0,28.75,37.35,40.0,Acceleration
AESI,Atlas Energy Solutions Inc. Common Stock,Energy,Oil & Gas Equipment & Services,United States,電力/エネルギー,16.875,2.10778176,49.6023564375,0.03726761601087923,0.719911720633266,0.2718654966399019,0.13755649085646987,0.7368600188899194,0.27903167614120805,33.448476998279546,0.03840402188134693,0.14556962025316456,True,9,12,26,100,90,S,0,30.75,33.0,57.3,57.3,Persistence
AFG,"American Financial Group, Inc. Common Stock",Financial Services,Insurance - Property & Casualty,United States,その他,133.1199951171875,11.06041856,53.32386313209229,-0.019328340178787148,0.07116977225672878,0.14100103351542892,,,0.05575638747625758,39.09814577726683,0.012075418977741198,0.06310245146291577,True,0,0,10,65,77,A,-20,0.0,0.0,17.15,17.15,Persistence
AFL,AFLAC Incorporated Common Stock,Financial Services,Insurance - Life,United States,その他,116.12999725341797,59.10841344,290.13222895110397,-0.0926913425345044,0.015232737115864339,-0.01618714427445042,,,0.07219884948913884,46.678841466164485,0.019284738840726,0.017845066377475786,True,0,0,10,40,75,A,-20,0.0,0.0,10.5,10.5,Persistence
AGCO,AGCO Corporation Common Stock,Industrials,Farm & Heavy Construction Machinery,United States,その他,112.05999755859375,8.114099712,70.85390038033448,-0.1354753513578405,-0.19084260775443368,0.13919408128744645,0.2545923427891291,1.4956169925826028,0.21486778785693925,44.09071686647371,-0.038093233676387415,0.20031865454260758,False,30,47,30,85,90,S,-20,24.25,37.0,35.75,37.0,Transition
AGM,Federal Agricultural Mortgage Corporation Common Stock,Financial Services,Credit Services,United States,その他,175.4600067138672,1.903565312,23.33329457583389,0.08879456525216761,0.06839325695469124,0.13570206171892946,,,0.9383052780907928,50.205548449092944,0.02443084158811413,0.14090526096533137,True,18,12,12,100,100,S,-45,0.0,0.0,6.600000000000001,6.600000000000001,Persistence
AGX,"Argan, Inc. Common Stock",Industrials,Engineering & Construction,United States,その他,612.0,8.579779072,205.625115,0.08056359166715284,0.5247317004254072,0.25996176160337553,0.20503575035517455,1.5517916037788586,0.002120783509812417,45.55416571082246,-0.05376377271351102,0.1739887136319927,True,15,31,57,85,90,S,0,33.0,45.0,70.6,70.6,Persistence
AI,"C3.ai, Inc. Class A Common Stock",Technology,Software - Infrastructure,United States,ソフトウェア,11.210000038146973,1.628714496,84.30155382637325,,0.25266757249293265,0.16412226615941078,,0.5081666076487252,0.004674026837394554,70.75269315598135,0.1962182034433061,0.6155692696568433,False,9,12,10,100,0,D,-15,6.75,9.0,15.5,15.5,Persistence
AIG,"American International Group, Inc. New Common Stock",Financial Services,Insurance - Diversified,United States,その他,73.81500244140625,39.137173504,268.624877400177,-0.01818848551521819,-0.023910086620373684,-0.06795663052543786,,,0.056997035732446945,32.80295936967718,-0.030570200426465872,0.1425059942102129,False,30,35,10,40,80,S,-20,16.5,20.25,11.5,20.25,Transition
AIN,Albany International Corporation Common Stock,Consumer Cyclical,Textile Manufacturing,United States,その他,69.00499725341797,1.95663424,15.526031225272751,-0.03884399263782743,0.07204926522921241,0.10921192362064651,0.2062202562873421,-0.409993150385473,0.27192503210258395,79.64254504786642,0.15484366075883269,0.03005226032444898,True,0,0,21,100,22,D,-5,12.2,12.2,35.949999999999996,35.949999999999996,Persistence
AIR,AAR Corp. Common Stock,Industrials,Aerospace & Defense,United States,防衛/宇宙,121.0199966430664,4.812271616,42.96850076611099,0.1990598990900858,0.16498367244410952,0.09368131868131868,0.18978600971048373,-0.8992805755395683,0.368276734866062,74.66227602754492,0.06475637264556025,0.039447585562126034,True,35,2,48,85,37,C,0,42.7,17.95,55.050000000000004,55.050000000000004,Persistence
AIT,"Applied Industrial Technologies, Inc. Common Stock",Industrials,Industrial Distribution,United States,その他,322.4700012207031,11.918343168,61.06098461114502,0.01875650476871264,0.015095198189627705,0.1580081854243184,0.3030967536656686,0.3424504154053485,0.18022108967786307,68.79057319526397,0.07658883709743912,0.0010532398019330604,True,27,24,46,65,40,C,0,34.0,31.75,49.55,49.55,Persistence
AIZ,"Assurant, Inc. Common Stock",Financial Services,Insurance - Property & Casualty,United States,その他,253.61000061035156,12.565776384,108.87544532852554,0.0788718164596927,0.06700743828380466,0.09208280192288826,,0.43818607162137846,0.06081356642123363,47.07060057883453,0.06895198808289368,0.01429220071625579,True,23,24,42,65,60,B,-20,13.0,13.75,31.35,31.35,Persistence
AJG,Arthur J. Gallagher & Co. Common Stock,Financial Services,Insurance Brokers,United States,その他,222.14990234375,57.079640064,382.74355515239256,0.2065772392903505,0.14723987291501192,0.17792903421982084,0.4257638789269832,-0.2687423187218353,0.19082997240500954,70.80050887206083,0.05747236734361912,0.3108444602820049,False,31,17,66,40,23,D,-20,11.55,1.0500000000000007,30.900000000000006,30.900000000000006,Persistence
ALB,Albemarle Corporation Common Stock,Basic Materials,Specialty Chemicals,United States,その他,149.19000244140625,17.594671104,301.53972978251954,-0.04366189954265214,-0.4408430392911536,0.313806880339405,0.13003183326841972,1.6975912025652469,0.20133189928968181,25.86126835812391,-0.1829995476970297,0.3080882765055122,True,40,65,30,65,34,D,0,43.15,61.9,39.55,61.9,Transition
ALG,"Alamo Group, Inc. Common Stock",Industrials,Farm & Heavy Construction Machinery,United States,その他,153.10000610351562,1.86297344,25.26538974723511,-0.015227388421216164,-0.03618380363755592,0.11630096404900582,0.24805966147351619,-0.21348454636091724,0.1318883915011428,52.00341599272573,-0.05571107064643972,0.33775496127934906,False,18,0,25,100,63,B,-25,9.799999999999997,0.0,26.35,26.35,Persistence
ALK,"Alaska Air Group, Inc. Common Stock",Industrials,Airlines,United States,その他,43.880001068115234,4.889503744,138.19233609584083,0.2133787814230933,0.12555150585075772,0.08086253369272237,0.14172343563452489,-2.8524590163934427,0.3385393644712932,61.76299574637899,0.07732801283230203,0.3128718971386545,False,39,5,26,85,38,C,0,45.8,20.3,43.15,45.8,Acceleration
ALL,Allstate Corporation (The) Common Stock,Financial Services,Insurance - Property & Casualty,United States,その他,219.6999969482422,56.55537664,367.9338587841896,0.05595528615287727,0.12235161068014348,0.11802358891281585,,0.13312693498452013,0.06254279463584896,48.86080764886738,0.0300787898086848,0.01657590978069313,True,2,24,42,40,75,A,-20,0.0,11.5,28.1,28.1,Persistence
ALLY,Ally Financial Inc. Common Stock,Financial Services,Credit Services,United States,その他,43.20000076293945,13.241796608,132.052384252129,-0.014274474541980444,-0.019073869900771773,-0.0183982683982684,,-1.5112359550561798,0.10889684799134702,54.30268557036534,0.013740829261520161,0.0691719997567026,True,18,12,10,65,87,S,-20,11.950000000000003,7.450000000000003,19.150000000000006,19.150000000000006,Persistence
ALSN,"Allison Transmission Holdings, Inc. Common Stock",Consumer Cyclical,Auto Parts,United States,その他,117.55999755859375,9.74995456,112.57517739611511,-0.06666666666666667,0.06260296540362438,0.09606356085229324,0.48604651162790696,0.004559270516717325,0.47517264057875697,71.01778717029698,-0.03531808868999014,0.1334401553425664,True,10,12,30,85,65,A,0,26.75,28.25,50.75,50.75,Persistence
AM,Antero Midstream Corporation Common Stock,Energy,Oil & Gas Midstream,United States,電力/エネルギー,21.434999465942383,10.181195776,42.815977374480724,0.0698746245321256,0.05791038282410874,0.12293457776001179,0.653011918055624,0.28015058463737524,0.5476659535603989,39.96888915783591,-0.006000014756833015,0.08229159887155175,True,38,24,46,65,90,S,0,47.25,36.75,59.55,59.55,Persistence
AMC,"AMC Entertainment Holdings, Inc. Class A Common Stock",Communication Services,Entertainment,United States,その他,2.0850000381469727,1.572448,63.23766626599064,0.04565254895195377,-0.03644599592735735,0.2304034361098328,0.669574542679783,-0.23489706378670266,1.014742198608097,67.60125029393821,0.33713848345689496,0.4110169320296911,True,30,0,12,100,25,D,-35,5.0,0.0,1.6000000000000014,5.0,Acceleration
AME,"AMETEK, Inc.",Industrials,Specialty Industrial Machinery,United States,その他,227.9199981689453,52.239949824,247.46397846793366,0.06626193240918692,0.052180174171397385,0.07258236282076504,0.3604103759487083,-0.017780279743538064,0.14591166801296254,55.605985829543066,-0.004661399421337836,0.05576272450736705,True,22,12,41,40,87,S,0,31.200000000000003,23.700000000000003,49.95,49.95,Persistence
AMG,"Affiliated Managers Group, Inc. Common Stock",Financial Services,Asset Management,United States,その他,344.67498779296875,9.103584256,114.84322427270507,0.016414327012592482,-0.008212654290990377,-0.11667239010989011,0.5083879676050906,0.04134812102939593,0.2922974998370876,87.71212390814183,0.15007619722833263,0.0,True,40,24,34,85,10,D,-20,23.75,11.75,21.950000000000003,23.75,Acceleration
AMP,"Ameriprise Financial, Inc. Common Stock",Financial Services,Asset Management,United States,その他,453.2950134277344,40.749899776,271.4624048926468,0.07043558850787766,0.11129707112970712,0.08956375368214335,,0.2713818351768188,0.03070653312659766,46.940677536157,-0.007464702446864275,0.16352876712945913,False,5,24,42,40,90,S,-20,0.0,13.0,31.1,31.1,Persistence
AMPX,"Amprius Technologies, Inc. Common Stock",Industrials,Electrical Equipment & Parts,United States,電力/エネルギー,17.25,2.443068672,152.2733977875,2.0513429795901046,1.6808099192355819,1.102104256336681,0.11491983145833044,0.028036871905686697,0.2541382233525186,56.200227753460354,-0.07886024697697858,0.2470536833308385,True,67,70,44,100,90,S,-10,64.25,66.5,57.2,66.5,Transition
AMR,"Alpha Metallurgical Resources, Inc. Common Stock",Basic Materials,Coking Coal,United States,その他,201.5449981689453,2.56256896,54.324045793711086,-0.27992026470225223,-0.14810436199396385,-0.1536415616180254,0.011664344504599947,-0.9533603974062577,0.0058825953926685045,61.74944126067826,0.03715584194788345,0.19268975326907264,True,0,0,25,100,80,S,0,23.0,23.0,54.75,54.75,Persistence
AMRC,"Ameresco, Inc. Class A Common Stock",Industrials,Engineering & Construction,United States,その他,26.2450008392334,1.389709952,18.593743254570008,0.09164101590573176,0.2875640261800786,-0.2465378075905684,0.1573463635394379,-0.3604418421938718,0.4288493912623366,41.96011148194525,-0.10024029431866804,0.39289842430852545,False,3,0,2,100,63,B,-15,8.55,6.300000000000001,23.700000000000003,23.700000000000003,Persistence
AMTM,"Amentum Holdings, Inc. Common Stock",Industrials,Specialty Business Services,United States,その他,22.43000030517578,5.48001536,45.714072217971804,0.7159036719122556,0.06649713922441196,0.024622199062011463,0.10512054470923365,3.0,0.3636125654450262,49.34579752451209,-0.10260615039281815,0.40234476326311225,False,64,57,46,85,55,B,0,66.25,61.0,57.55,66.25,Acceleration
AN,"AutoNation, Inc. Common Stock",Consumer Cyclical,Auto & Truck Dealerships,United States,その他,194.27999877929688,6.500899328,65.89503515396729,0.032355204854027965,-0.006809183306183184,-0.0013377802482860848,0.17908973124778332,-13.31159420289855,0.7076194049554619,63.34351857305512,-0.012459644789997658,0.14481906398965966,False,18,0,0,85,70,A,-10,23.25,9.75,25.25,25.25,Persistence
ANET,"Arista Networks, Inc. Common Stock",Technology,Computer Hardware,United States,その他,151.6300048828125,190.927863808,1457.70101100011,0.28595907526666764,0.19502747346506946,0.33754516343285457,0.6405609780472368,0.15673793591208313,,57.9344762939818,-0.01724659816358364,0.14685191848391183,True,41,29,87,25,100,S,0,44.5,35.5,74.1,74.1,Persistence
ANF,Abercrombie & Fitch Company Common Stock,Consumer Cyclical,Apparel Retail,United States,その他,86.0999984741211,3.825570304,132.4294691630623,0.06420115479428774,0.15602905802049535,0.15764338918439885,0.6147414537591155,-0.2826779759343132,0.3297957521922011,66.69601909386593,0.02499266075653417,0.3369272666380724,False,12,0,53,85,53,B,0,27.05,18.05,61.00000000000001,61.00000000000001,Persistence
AOS,A.O. Smith Corporation Common Stock,Industrials,Specialty Industrial Machinery,United States,その他,58.452999114990234,8.05649664,89.01039162813493,0.0031691155286660906,-0.009006436877076411,0.026345933562428408,0.38833481280350896,0.15238497256226255,0.06112383861524755,60.44537595676409,-0.038455035252456284,0.2694752452316453,False,24,24,34,85,53,B,0,36.05,36.05,50.550000000000004,50.550000000000004,Persistence
APAM,Artisan Partners Asset Management Inc. Class A Common Stock,Financial Services,Asset Management,United States,その他,35.209999084472656,2.499672576,26.892122698753358,0.07634992561625181,0.14015655332463023,-0.018276728230064886,0.4571860000267405,-0.5345897426144977,0.19655269918315696,41.621607689194875,-0.0383131252314212,0.20026218667674056,False,8,12,33,100,90,S,-20,10.0,13.0,41.150000000000006,41.150000000000006,Persistence
APD,"Air Products and Chemicals, Inc. Common Stock",Basic Materials,Specialty Chemicals,United States,その他,283.3299865722656,63.092117504,321.28056495769044,-0.005231145563029932,-0.039634920634920634,-0.007764635471626794,0.3141319066568084,-0.1954920634920635,0.4482811529609469,40.13466761062092,-0.03471132477090459,0.0746898260059588,True,22,0,6,40,87,S,0,31.200000000000003,14.700000000000001,30.700000000000003,31.200000000000003,Acceleration
APG,APi Group Corporation Common Stock,Industrials,Engineering & Construction,United States,その他,43.65999984741211,18.91473408,104.26800829159241,0.12724422912510686,0.012990762124711317,0.05641964013418725,0.3143723928706864,0.23694029850746268,0.3437779767233662,61.53844063832527,-0.01011649392270778,0.11619436237182733,True,32,26,42,65,80,S,0,41.75,37.25,55.35,55.35,Persistence
APH,Amphenol Corporation Common Stock,Technology,Electronic Components,United States,半導体,159.10000610351562,195.785670656,1667.4290549521834,0.5171224552806006,0.21251005599496603,-0.005410758139903351,0.3688162219037268,1.0369887870469454,0.42779597592509294,80.00666540166284,0.14188027617182045,0.04111600398312726,True,67,41,41,25,22,D,0,56.2,36.7,33.2,56.2,Acceleration
APO,"Apollo Global Management, Inc. (New) Common Stock",Financial Services,Asset Management,United States,その他,134.52499389648438,77.556015104,428.1755404183044,0.22727272727272727,-0.20003676020095576,1.976294675419402,0.9549751942338295,,0.028992361410915306,54.271800735068425,0.08251508544445249,0.12415277452837264,True,42,5,33,40,85,S,-20,26.0,0.0,25.150000000000006,26.0,Acceleration
AR,Antero Resources Corporation Common Stock,Energy,Oil & Gas E&P,United States,電力/エネルギー,35.189998626708984,10.903128064,149.55646485605334,0.21728120193410777,-0.037457343746421456,-0.4844554357269614,0.22104830650968066,0.6633768819477524,0.26624474431023526,34.41339739185436,-0.06314397162002863,0.22059806340119578,False,58,51,26,65,70,A,0,60.25,55.0,44.55,60.25,Acceleration
ARES,Ares Management Corporation Class A Common Stock,Financial Services,Asset Management,United States,その他,132.83999633789062,43.816824832,307.6806054559159,0.4419041897085061,0.06963245522158748,0.18866036774372816,0.5419738919093197,0.18340781843538687,0.49670250119711723,66.3218623979827,0.11535771218075429,0.29253090351530586,False,42,32,57,40,23,D,-20,19.799999999999997,12.299999999999997,25.950000000000003,25.950000000000003,Persistence
ARLO,"Arlo Technologies, Inc. Common Stock",Industrials,Building Products & Equipment,United States,その他,12.854999542236328,1.396179072,16.000200785486413,0.03603739386086133,0.0401281821587374,0.0015537892474521526,0.4399061396531626,0.3759512937595129,0.021713229516854077,46.95787084136616,-0.06406311205541382,0.33873460961509727,False,15,61,46,100,63,B,-5,27.549999999999997,62.05,57.9,62.05,Transition
ARMK,Aramark Common Stock,Industrials,Specialty Business Services,United States,その他,53.86000061035156,14.162679808,164.14472888411865,0.06353755518240328,0.08191703249326067,0.17504901817886387,0.08357316608793579,0.44370070447258175,0.4300748258369324,68.11818783712272,0.12795057668170015,0.009744415981695063,True,5,24,42,65,25,D,0,16.0,30.25,44.35,44.35,Persistence
AROC,"Archrock, Inc. Common Stock",Energy,Oil & Gas Equipment & Services,United States,電力/エネルギー,35.3489990234375,6.195322368,59.17640893337403,0.28699860313357656,0.16888594488542788,0.17120917537087496,0.4857183897630449,0.6956306070097366,0.5566667678322784,39.23936968441925,-0.024544758735609802,0.10715246136216722,True,50,43,85,85,90,S,0,59.25,54.0,86.0,86.0,Persistence
ARW,"Arrow Electronics, Inc. Common Stock",Technology,Electronics & Computer Distribution,United States,その他,220.84500122070312,11.292676096,158.00254023634645,0.104916269997082,-0.15657647055980708,-0.1082118396348366,0.11236269742246564,-1.035852983974328,0.10609537653339426,56.7464918010831,0.15017986923322557,0.037083081126990776,True,23,14,10,65,57,B,0,32.7,25.95,33.15,33.15,Persistence
ASAN,"Asana, Inc. Class A Common Stock",Technology,Software - Application,United States,ソフトウェア,7.699999809265137,1.827697408,51.53079534854293,0.09246058717238864,0.10938170493973984,0.19241537100794573,0.8902904125664196,3.0,0.29548814815516866,60.00000179938593,0.16082733009998745,0.498371360396808,False,37,44,61,100,15,D,-5,39.25,44.5,56.550000000000004,56.550000000000004,Persistence
ASB,Associated Banc-Corp Common Stock,Financial Services,Banks - Regional,United States,その他,28.850000381469727,5.450255872,45.90172675193653,0.43707413272195617,-0.06194667684879988,-0.11057048951785794,,0.082307356023779,0.0854457562570079,62.712955336006836,0.049261457641526715,6.736420460525237e-05,True,46,32,30,85,55,B,-20,32.75,22.25,28.75,32.75,Acceleration
ASH,Ashland Inc. Common Stock,Basic Materials,Specialty Chemicals,United States,その他,65.9800033569336,3.021077504,68.80652401974145,-0.13677236157122574,-0.035600182565038795,-0.0836470096194061,0.30098684210526316,-1.0145985401459854,0.3231403166341358,84.08982253894274,0.18063043418717997,0.0,True,4,0,10,85,10,D,0,16.75,13.75,28.75,28.75,Persistence
ASIC,Ategrity Specialty Insurance Company Holdings Common Stock,Financial Services,Insurance - Property & Casualty,United States,その他,20.959999084472656,1.006764352,1.3441123412895202,0.23413914854261067,0.4248288551111406,,,,,48.43135546281437,0.04162520708212361,0.150729383091741,True,9,17,0,100,100,S,-25,6.75,12.75,20.0,20.0,Persistence
ATEN,"A10 Networks, Inc. Common Stock",Technology,Software - Infrastructure,United States,ソフトウェア,31.8799991607666,2.295301888,31.75351685809622,0.11028445218879922,0.03971394517282479,-0.10215525544164544,0.7933555206035304,-0.1720443853548783,0.3616279752879029,66.94915237114431,0.1538386945627062,0.023284321173206425,True,50,2,36,100,25,D,0,55.0,19.0,49.8,55.0,Acceleration
ATI,ATI Inc. Common Stock,Industrials,Metal Fabrication,United States,その他,188.52999877929688,25.728770048,292.46027135136416,0.05164943490520621,0.04513980401082972,0.08803441084462982,0.2195143218380782,0.9851279000594884,0.34304651345203546,90.40872351727386,0.1667369991788733,0.0,True,27,24,38,65,10,D,0,31.0,28.75,39.150000000000006,39.150000000000006,Persistence
ATKR,Atkore Inc. Common Stock,Industrials,Electrical Equipment & Parts,United States,電力/エネルギー,79.5,2.684497408,38.350056675000005,-0.10982797598915446,-0.09000554456526033,-0.1009691235118291,0.2371938037691843,-0.25933181686090206,0.3267340411133264,58.226842244297224,0.07392483535949917,0.06919568444804133,True,0,0,21,100,72,A,0,22.2,22.2,50.949999999999996,50.949999999999996,Persistence
ATMU,Atmus Filtration Technologies Inc. Common Stock,Consumer Cyclical,Auto Parts,United States,その他,48.415000915527344,3.95417088,38.2699134391838,0.056720172496406325,0.025489834776733614,0.04225081620894949,0.28243496004080937,1.619718309859155,0.4529503220552306,47.981072798233626,-0.12234045955628513,0.2607961991964552,False,30,24,34,85,51,B,0,40.35,35.85,50.150000000000006,50.150000000000006,Persistence
ATO,Atmos Energy Corporation Common Stock,Utilities,Utilities - Regulated Gas,United States,電力/エネルギー,169.00999450683594,28.21111808,317.2283203359428,0.12906215255161413,-0.025768608329082225,0.01753948794548443,0.5813101043962529,-0.25641568983311974,0.32933321845233343,36.338280663720504,-0.06329855489587226,0.11609607308058291,False,31,14,14,65,70,A,0,40.0,27.25,37.95,40.0,Acceleration
AUB,Atlantic Union Bankshares Corporation Common Stock,Financial Services,Banks - Regional,United States,その他,39.119998931884766,5.598685184,36.62561782399025,0.6813315602685043,0.164594167177193,-0.00127208359894363,,3.0,0.03782927967867826,62.28031582140169,0.049891238184651014,0.045616507338649616,True,60,34,38,85,67,A,-20,44.45,24.950000000000003,35.550000000000004,44.45,Acceleration
AVA,Avista Corporation Common Stock,Utilities,Utilities - Diversified,United States,その他,42.349998474121094,3.499737344,31.942818796593855,0.013415892672858616,0.10616438356164383,0.02456140350877193,0.6481670061099797,-102.0,0.39310922359133865,58.686128134945726,0.03618604274714611,0.0016501578935819918,True,15,12,30,85,75,A,0,31.5,29.25,52.75,52.75,Persistence
AVNT,Avient Corporation Common Stock,Basic Materials,Specialty Chemicals,United States,その他,35.56999969482422,3.262130688,26.70459343988571,0.006110356746080731,0.03105511009291078,-0.07480349730636757,0.3115146310042329,0.44551519644180876,0.33198353690918747,61.620187806746294,-0.01163696353964831,0.1715095504915653,True,9,12,30,85,80,S,0,27.5,29.75,53.75,53.75,Persistence
AVY,Avery Dennison Corporation Common Stock,Consumer Cyclical,Packaging & Containers,United States,その他,159.30999755859375,12.185682944,101.3461780823822,0.011398289114519684,0.04679411307581029,-0.07467392386578607,0.28753881768392525,-0.02575107296137339,0.42411125123555676,54.28315742786829,-0.02052896809400975,0.1839684671710846,False,0,0,17,65,90,S,0,18.75,18.75,43.6,43.6,Persistence
AWI,Armstrong World Industries Inc Common Stock,Industrials,Building Products & Equipment,United States,その他,156.46499633789062,6.677744128,63.95558358760071,0.12111779760669572,0.11619827053736875,0.05036087908523234,0.40640424481737414,0.3375,0.25661141996155246,47.94899359237308,-0.05095670101347071,0.2274037354181646,False,44,26,42,85,80,S,0,53.75,40.25,60.35,60.35,Persistence
AWK,"American Water Works Company, Inc. Common Stock",Utilities,Utilities - Regulated Water,United States,その他,126.37999725341797,24.679553024,243.13868531593323,0.09735269000853972,0.10628247520075579,0.11656118143459916,0.6071984435797665,-0.2897196261682243,0.4491281530387676,59.53509902471845,-0.014368768546462112,0.11785270413005582,False,12,12,34,65,90,S,0,27.75,27.75,52.95,52.95,Persistence
AWR,American States Water Company Common Stock,Utilities,Utilities - Regulated Water,United States,その他,79.45999908447266,3.114248192,20.513615851644897,0.10515249580575657,-0.00040288803573616875,0.21193299262707313,0.7438764392400236,0.7865655471289275,0.345615176207657,64.63209880953444,0.035237169868849366,0.009994652155306885,True,44,26,26,85,55,B,0,51.25,37.75,46.55,51.25,Acceleration
AX,"Axos Financial, Inc. Common Stock",Financial Services,Banks - Regional,United States,その他,89.6050033569336,5.097147904,28.312900613455582,0.15682502478033075,0.20586490761377527,0.2620577114202147,,0.618152540108936,0.015037316995088342,63.71181776477976,0.00015071868152869916,0.11290959843674835,True,14,14,85,85,80,S,-20,11.25,11.25,64.0,64.0,Persistence
AXP,American Express Company Common Stock,Financial Services,Credit Services,United States,その他,320.260009765625,218.521878528,896.118508493164,0.09524026141412303,0.08979591836734693,0.14477318300480496,,0.31831287585468326,0.19249663391678776,60.79852071080629,0.014806924102640525,0.16343330121026303,False,23,24,50,25,70,A,-20,8.0,8.75,27.75,27.75,Persistence
AXTA,Axalta Coating Systems Ltd. Common Shares,Basic Materials,Specialty Chemicals,United States,その他,33.34000015258789,7.1353856,97.53394500138569,-0.030136467020470053,0.017746913580246913,0.06142506142506143,0.3443423881180379,0.0389908256880734,0.4250559284116331,86.2775937451019,0.1481507076570195,0.06269326852315983,True,6,12,26,85,22,D,0,19.45,23.95,39.949999999999996,39.949999999999996,Persistence
AYI,Acuity Inc. Common Stock,Industrials,Electrical Equipment & Parts,United States,電力/エネルギー,294.4549865722656,8.926452736,98.79512485774535,0.13137203853163237,-0.028136227923688074,-0.013454481915079504,0.47829988954344627,-0.03998559077809798,0.211221399730821,62.554197832136644,0.01808554763672406,0.2172513923443532,False,31,2,33,85,70,A,0,43.0,21.25,53.400000000000006,53.400000000000006,Persistence
AZO,"AutoZone, Inc. Common Stock",Consumer Cyclical,Auto Parts,United States,その他,3168.110107421875,51.858792448,1175.8725793605956,0.02425324500434499,0.05917664158113705,0.07414237923041946,0.5262486365892685,-0.07317931884313096,0.6349052074767645,35.03590962917811,-0.06409489071620886,0.27245815195123446,False,8,0,35,40,53,B,-10,7.300000000000001,1.3000000000000007,29.85,29.85,Persistence
AZZ,AZZ Inc.,Industrials,Specialty Business Services,United States,その他,144.00999450683594,4.32269312,29.482323716916653,0.04584774209250677,0.026115561440671075,0.16162895148185055,0.23935506157277223,2.31778908569979,0.24323122837675076,64.66891093363893,0.03767088279421235,0.031214258864212273,True,30,24,42,85,67,A,0,41.95,37.45,57.75,57.75,Persistence
BA,Boeing Company (The) Common Stock,Industrials,Aerospace & Defense,United States,防衛/宇宙,212.61000061035156,167.695548416,1502.8288461317559,0.3449644451794278,-0.14495976553461706,0.1679377852510209,0.04794160714485318,0.8690095846645367,0.3235533628555295,40.15602748900621,-0.044585986824401104,0.15681139894203305,False,51,69,14,25,90,S,0,51.0,64.5,31.950000000000003,64.5,Transition
BAC,Bank of America Corporation Common Stock,Financial Services,Banks - Diversified,United States,その他,54.98749923706055,390.22379008,2086.982153837957,0.06840424727932286,0.030038241103834813,0.08234860452869931,,,0.10724856363530845,76.03178059519243,0.06003342002295188,0.029071262613124586,True,18,12,22,10,25,D,-20,0.0,0.0,0.0,0.0,Acceleration
BAH,Booz Allen Hamilton Holding Corporation Common Stock,Industrials,Consulting Services,United States,その他,78.51000213623047,9.401269248,150.82496842789612,-0.06368948247078464,0.12361658225473644,0.15152824279079813,0.527057145404297,0.043907793633369926,0.5790952514751334,52.51185900020285,-0.0029842893360789357,0.3098466634130095,False,10,12,30,85,73,A,0,27.55,29.05,52.35,52.35,Persistence
BALL,Ball Corporation Common Stock,Consumer Cyclical,Packaging & Containers,United States,その他,54.37990188598633,14.465173504,148.18244838833618,0.11581178465451462,-0.02213563256508042,-0.0979658988932097,0.19588177190183118,3.0,0.3591477156320426,33.36776523268941,-0.0698296298810424,0.1921095121214474,False,47,27,26,65,70,A,0,52.0,37.0,44.55,52.0,Acceleration
BAM,Brookfield Asset Management Inc Class A Limited Voting Shares,Financial Services,Asset Management,United States,その他,47.35499954223633,75.615821824,134.62518487487696,0.15517673602406618,0.07404415724286484,,0.7020399305555556,,0.2124714025928316,48.88863379640591,0.007509086349185119,0.22286370967681352,False,23,21,22,40,90,S,-20,12.25,10.75,20.1,20.1,Persistence
BANC,"Banc of California, Inc. Common Stock",Financial Services,Banks - Regional,United States,その他,19.81999969482422,3.056285696,51.668815673436356,0.11894239615210232,2.541458771126318,-0.7924075533718066,,2.649649447354921,0.08668910203227008,65.08875939989639,0.05919068629683033,0.05389759877778805,True,17,26,38,85,52,B,-20,10.7,17.450000000000003,32.550000000000004,32.550000000000004,Persistence
BBAI,"BigBear.ai, Inc. Common Stock",Technology,Information Technology Services,United States,その他,4.054999828338623,1.942139904,193.87697622955483,-0.19315452867868246,0.019798406846949036,0.0009870267271354935,0.22305595588696034,0.05922856620559381,0.12834652623059492,49.57410405803798,0.002496936714090241,0.5448933896989472,False,2,30,10,100,65,A,-15,8.0,29.0,28.5,29.0,Transition
BBT,Beacon Financial Corporation Common stock,Financial Services,Banks - Regional,United States,その他,29.684999465942383,2.48808064,18.625602076660062,0.5552608709103131,-0.042409764453038734,0.13197526949904884,,1.122217887545139,0.03785783449119592,59.7269646790878,0.0018960107618648512,0.07638807454654649,True,48,34,38,100,87,S,-20,39.7,29.200000000000003,43.30000000000001,43.30000000000001,Persistence
BBWI,"Bath & Body Works, Inc.",Consumer Cyclical,Specialty Retail,United States,その他,18.165000915527344,3.661370368,113.72513895106773,-0.002189681127685781,-0.01642212949252928,-0.017328042328042328,0.4373885612398848,0.3106060606060606,0.9773130795028605,59.972076177757046,-0.014917760479219775,0.43866748884931483,False,39,12,24,85,65,A,-20,28.5,8.25,27.450000000000003,28.5,Acceleration
BBY,"Best Buy Co., Inc. Common Stock",Consumer Cyclical,Specialty Retail,United States,その他,75.67500305175781,15.949802496,386.0100895579399,0.003925062608360624,-0.0442787443615944,-0.061471337854766946,0.22482070470845025,-0.09626436781609195,0.28173142467620993,75.67709706021036,0.18643541150707282,0.07331230734246062,True,30,12,21,65,22,D,0,34.45,20.95,32.2,34.45,Acceleration
BC,Brunswick Corporation Common Stock,Consumer Cyclical,Recreational Vehicles,United States,その他,81.9800033569336,5.3266048,47.04238037630081,0.02400183307555708,-0.18188208829318586,-0.060303573001379875,0.24841500708585068,0.5011363636363636,0.4297277963932081,64.18734056164337,0.038747331050354786,0.07131956871297962,True,27,12,22,85,67,A,0,39.7,28.45,46.75,46.75,Persistence
BCAT,BlackRock Capital Allocation Term Trust Common Shares of Beneficial Interest,Financial Services,Asset Management,United States,その他,15.699999809265137,1.644971776,10.383972808848048,0.13118431597820956,-0.04460799312495775,1.6458395319810109,,,,59.11950025041461,0.04623071251430122,0.015056447768889647,True,23,14,8,100,75,A,-25,14.75,8.0,19.4,19.4,Persistence
BCC,"Boise Cascade, L.L.C. Common Stock",Basic Materials,Lumber & Wood Production,United States,その他,70.26000213623047,2.472430848,28.50395591665268,-0.047543875981627216,-0.01666377849872299,-0.18469122448957692,0.16455263759847422,-0.939080531350748,0.1575641521149508,66.57954673331949,-0.04896782100846074,0.2420702137278413,False,0,0,25,100,70,A,0,22.0,22.0,52.75,52.75,Persistence
BCO,Brinks Company (The) Common Stock,Industrials,Security & Protection Services,United States,その他,102.9800033569336,4.240822528,43.463498213819506,0.04974161495640376,0.028166413654453697,0.07476573696395106,0.2581160191591272,1.1444717444717445,0.6290467625899281,37.08657130554395,-0.02673342433636609,0.2385773014291362,False,33,24,32,85,80,S,-10,35.5,28.75,44.85,44.85,Persistence
BDC,Belden Inc Common Stock,Technology,Communication Equipment,United States,通信/光通信,110.58999633789062,4.30682112,59.11955413029785,0.10329832152163834,-0.020343666851904633,-0.036217741517791203,0.3797783878426367,-0.019212830080367393,0.3956924287332082,59.33136553581373,-0.047906875978974583,0.26688190646435556,False,39,14,25,85,73,A,0,49.3,30.55,49.6,49.6,Persistence
BDJ,Blackrock Enhanced Equity Dividend Trust,Financial Services,Asset Management,United States,その他,9.244999885559082,1.635853568,4.646029391988278,0.6714484577347699,0.0998032695068475,3.0,,,,60.58389892450663,0.021028948478385222,0.02712397527266684,True,36,22,20,100,55,B,-25,22.5,12.0,22.0,22.5,Acceleration
BE,Bloom Energy Corporation Class A Common Stock,Industrials,Electrical Equipment & Parts,United States,電力/エネルギー,248.83999633789062,70.78100992,2453.0820653726696,0.37326441660515003,0.10527870893233443,0.11203585948087147,0.2902182516351333,0.725396729620467,0.6804977629869237,39.762643461326,0.01787538768462272,0.19176304926782792,True,44,20,57,40,90,S,-10,38.0,20.0,49.35,49.35,Persistence
BEN,"Franklin Resources, Inc. Common Stock",Financial Services,Asset Management,United States,その他,31.88990020751953,16.57117696,123.64035441750413,0.03452465204057561,0.08008255408056666,-0.05146641209382137,0.8034364417891389,0.1478217073784941,0.41089275618429144,56.14894862712592,0.0978195847414851,0.014222512775993654,True,17,24,37,65,60,B,-20,8.5,13.75,28.6,28.6,Persistence
BEPC,Brookfield Renewable Corporation Brookfield Renewable Corporation Class A Subordinate Voting Shares,Utilities,Utilities - Renewable,United States,その他,38.105098724365234,6.949668352,51.47073645864715,-0.09995171414775471,0.044113940005041596,0.05002646903123346,0.5989806866952789,-0.59,0.33639527092744287,60.16775723418812,-0.018692332552266388,0.12448292110179744,False,8,0,14,85,70,A,0,25.75,19.75,42.95,42.95,Persistence
BF-A,Brown Forman Inc Class A Common Stock,Consumer Defensive,Beverages - Wineries & Distilleries,United States,その他,26.899999618530273,12.339127296,4.4603925017470365,,-0.04858784107228339,-0.011825922421948912,,0.028639618138424822,0.33799159040316595,54.69061169543489,-0.021796858015015047,0.12071281670907545,False,2,12,26,65,90,S,-20,0.25,7.75,28.549999999999997,28.549999999999997,Persistence
BF-B,Brown Forman Inc Class B Common Stock,Consumer Defensive,Beverages - Wineries & Distilleries,United States,その他,26.670000076293945,12.2336256,72.15466907941035,,-0.04858784107228339,-0.011825922421948912,,0.028639618138424822,0.33799159040316595,59.92293430305525,-0.00884494584195951,0.12836314172890503,False,2,12,26,65,90,S,-20,0.25,7.75,28.549999999999997,28.549999999999997,Persistence
BFH,"Bread Financial Holdings, Inc. Common Stock",Financial Services,Credit Services,United States,その他,97.41000366210938,3.936052224,59.586337275636296,0.0018238665971860343,-0.10640279394644936,0.10981912144702842,,,0.19384018002912234,71.50406265399461,0.1372253148250282,0.0,True,18,12,10,85,10,D,-20,7.25,2.75,8.75,8.75,Persistence
BG,Bunge Limited Common Shares,Consumer Defensive,Farm Products,United States,その他,126.79000091552734,24.599556096,212.81950796023062,0.32426376440460947,-0.10802821632515956,-0.11440980485483103,0.04847218075047278,-2.677480916030534,0.3560680919870643,66.37338535762237,0.018049552074575446,0.03515716169113964,True,44,8,6,65,67,A,-20,29.450000000000003,2.4499999999999993,12.950000000000003,29.450000000000003,Acceleration
BH-A,Biglari Holdings Inc. Class A Common Stock,Consumer Cyclical,Restaurants,United States,その他,1667.199951171875,1.046674816,31.854939387048336,0.09153747162495789,-0.008770441095155453,-0.007910795125885653,0.3780160450942542,3.0,0.3497590656369376,93.87769524691821,0.049415137226370746,0.3230991771049681,False,34,12,30,100,38,C,-25,19.299999999999997,2.8000000000000007,24.1,24.1,Persistence
BHE,"Benchmark Electronics, Inc. Common Stock",Technology,Electronic Components,United States,半導体,87.14099884033203,3.126360832,33.05363526622391,0.001130602894087395,-0.0644144226650736,-0.016406642204237838,0.10156187714075547,-0.4523375990562409,0.14927970304795785,57.679668270053476,0.14534999316419767,0.02099767723899067,True,18,0,25,85,45,C,0,30.75,17.25,44.0,44.0,Persistence
BILL,"BILL Holdings, Inc. Common Stock",Technology,Software - Application,United States,ソフトウェア,33.81999969482422,3.368361216,92.65378184593582,0.13362404392592617,0.2189050590098142,0.6488093476374659,0.8139555713572684,0.2008546677110882,0.17615711156876077,35.58673000817191,-0.10423885070420714,0.39939621967642613,False,31,56,82,85,53,B,0,41.3,60.05,76.94999999999999,76.94999999999999,Persistence
BIPC,Brookfield Infrastructure Corporation Brookfield Infrastructure Corporation,Utilities,Utilities - Regulated Gas,United States,その他,41.20000076293945,5.067215872,43.01489993654766,0.0005455537370430987,0.4646424290850979,0.3271474019088017,0.6363140676117776,,0.5522996878251821,51.40649623139336,0.02442617877640721,0.17583178329622784,False,12,18,41,85,90,S,0,30.75,35.25,61.8,61.8,Persistence
BJ,"BJ's Wholesale Club Holdings, Inc. Common Stock",Consumer Defensive,Discount Stores,United States,その他,90.91999816894531,11.609795584,242.57990575663834,0.04660419151407359,0.026697546343678345,0.03383476144262811,0.18639935343138184,0.04832065045431447,0.36296505880120766,41.12224550622629,-0.01803440323988808,0.20808291871494972,False,20,24,38,65,90,S,0,33.75,36.75,55.150000000000006,55.150000000000006,Persistence
BKE,"Buckle, Inc. (The) Common Stock",Consumer Cyclical,Apparel Retail,United States,その他,44.78499984741211,2.307237632,21.982690304102327,0.06581811940487267,-0.034424653993094925,-0.06250803791591801,0.4899374727912254,0.03023946249856062,0.3871906900075559,37.4669260756507,-0.11991744903350798,0.21568036800385126,False,40,24,34,100,70,A,0,52.0,40.0,57.7,57.7,Persistence
BKH,Black Hills Corporation Common Stock,Utilities,Utilities - Regulated Gas,United States,その他,71.56999969482422,5.448489472,72.43052516465492,0.08567937209193026,-0.08733324754428859,-0.08640959322830943,0.38471861471861474,-4.879518072289157,0.4324918581758634,43.54014026436676,-0.02093141798787127,0.059582926531700255,True,22,12,6,85,87,S,0,37.95,30.450000000000003,41.95,41.95,Persistence
BKSY,BlackSky Technology Inc. Class A Common Stock,Industrials,Specialty Business Services,United States,その他,31.73509979248047,1.177658624,75.48687283794251,0.04390114895242573,0.08044067222622021,0.4459372609028309,0.6687497067792634,-1.0180853957030187,0.5423098232732507,30.44234628602358,-0.16150967272775998,0.38533606167056844,True,12,0,41,100,51,B,-15,14.100000000000001,5.100000000000001,42.75,42.75,Persistence
BKV,BKV Corporation Common Stock,Energy,Oil & Gas E&P,United States,電力/エネルギー,25.940000534057617,2.83748864,17.448572487234497,0.5135772697791228,-0.2004795695518015,-0.5551326538663782,0.8238226142645682,-19.701282487799343,0.1555343679136737,19.887427025100436,-0.07761016000109366,0.1934079397657401,False,73,75,25,100,53,B,0,75.05,76.55,49.35,76.55,Transition
BLD,TopBuild Corp. Common Stock,Industrials,Engineering & Construction,United States,その他,402.3399963378906,11.323682816,308.16200017410125,0.014875409091105244,0.02600903922348458,0.037125075667672376,0.29006693552293306,-0.01385215593545566,0.47706860781141,41.1995725869493,-0.02509495692548484,0.26966785531400256,False,0,0,29,65,73,A,0,17.05,17.05,46.800000000000004,46.800000000000004,Persistence
BLDR,"Builders FirstSource, Inc. Common Stock",Industrials,Building Products & Equipment,United States,その他,78.04000091552734,8.393972736,211.88154069169119,-0.07376937228468512,-0.04075712406557047,-0.24768918709494828,0.30385669120678144,-0.42814097765398695,0.45386050137352246,70.08849199025957,-0.017197773335502948,0.4769787721732305,False,4,0,21,85,30,D,0,18.75,15.75,38.8,38.8,Persistence
BLK,"BlackRock, Inc. Common Stock",Financial Services,Asset Management,United States,その他,1018.8699951171875,165.921456128,688.3705253495667,0.18665163914343116,0.14267316199115293,-0.0007833044256700051,0.4670465807730426,-0.24441608168474793,0.08821280250355887,42.952043755187134,-0.014135147523011673,0.13908260011075826,False,43,2,41,25,90,S,-20,25.0,0.0,26.799999999999997,26.799999999999997,Persistence
BMI,"Badger Meter, Inc. Common Stock",Technology,Scientific & Technical Instruments,United States,その他,131.39999389648438,3.83498368,56.71725027548981,0.10901231371543195,0.17476890015804614,0.24404492474821773,0.4168053035848507,0.19305844630702593,,73.20288853711735,0.01305910563318864,0.4634428153994628,False,11,26,61,85,30,D,0,24.0,35.25,60.800000000000004,60.800000000000004,Persistence
BMNR,"BitMine Immersion Technologies, Inc. Common Stock",Financial Services,Capital Markets,United States,その他,16.06999969482422,9.153099776,576.2120839549999,0.8413897280966768,3.0,0.5088257507558416,0.05086136177194422,-48.18867924528302,,31.917228620676468,-0.21385033952501953,0.8809280000976849,False,22,45,38,85,33,D,-30,2.549999999999997,19.799999999999997,18.750000000000007,19.799999999999997,Transition
BNY,The Bank of New York Mellon Corporation Common Stock,Financial Services,Banks - Diversified,United States,その他,143.72500610351562,98.649833472,491.3798280197418,0.08221053784642349,0.052698339483394835,0.07154330903249723,,3.0,0.07261909803091256,66.44128135637781,0.07049345101122996,0.002048313846646102,True,30,37,42,40,40,C,-20,12.5,17.75,21.1,21.1,Persistence
BOH,Bank of Hawaii Corporation Common Stock,Financial Services,Banks - Regional,United States,その他,78.80999755859375,3.122532096,25.053828260372924,0.1249254748654594,-0.061304803498635756,-0.03504517267608176,,0.14275526782503006,0.02690967094969285,55.15647648550251,0.021500245077174143,0.014372429788787904,True,25,26,30,85,75,A,-20,19.0,19.75,32.75,32.75,Persistence
BOOT,"Boot Barn Holdings, Inc. Common Stock",Consumer Cyclical,Apparel Retail,United States,その他,171.47000122070312,5.20368128,140.64233563923952,0.17934921385753994,0.14642692390982892,0.0056671784461409915,0.38083793174284636,3.0,0.3156964582716856,78.94526834011114,0.07396431287399415,0.17554570274472592,False,51,39,50,85,40,C,0,55.0,46.0,56.75,56.75,Persistence
BOX,"Box, Inc. Class A Common Stock",Technology,Software - Infrastructure,United States,ソフトウェア,26.579999923706055,3.682197504,66.51228605208635,0.07991982607578912,0.05048369487184182,0.04729864745668975,0.7921882552008787,0.04353900500246647,0.3415009766761963,54.86111233754421,0.07175690202615864,0.27098188175693705,False,47,12,53,85,58,B,0,53.8,27.55,62.00000000000001,62.00000000000001,Persistence
BRC,Brady Corporation Common Stock,Industrials,Security & Protection Services,United States,その他,76.0,3.58057216,36.0339446,0.12838295711994918,0.007155390606991861,0.02288754298950434,0.5026555805510685,-0.12308913016177461,0.09143129635641398,30.440147867740023,-0.07510487953902385,0.20871919782973264,False,31,2,45,85,70,A,0,43.0,21.25,60.0,60.0,Persistence
BRK-A,Berkshire Hathaway Inc. Common Stock,Financial Services,Insurance - Diversified,United States,その他,729278.875,1048.632295424,143.667938375,-0.032317222651756586,-0.034381351900704925,0.8765382003323068,,1.1558195592286502,0.10561572146728458,55.610870183125584,0.017581603455834077,0.05311207696852055,False,30,12,38,10,77,A,-20,11.7,0.0,18.800000000000004,18.800000000000004,Persistence
BRK-B,Berkshire Hathaway Inc. New Common Stock,Financial Services,Insurance - Diversified,United States,その他,485.9750061035156,1048.177016832,2380.4391744241975,-0.032317222651756586,-0.034381351900704925,0.8765382003323068,,1.1558195592286502,0.10561572146728458,55.64580962494806,0.017425471902208316,0.05417370543068089,False,30,12,38,10,77,A,-20,11.7,0.0,18.800000000000004,18.800000000000004,Persistence
BRO,"Brown & Brown, Inc. Common Stock",Financial Services,Insurance Brokers,United States,その他,60.560001373291016,20.526682112,180.31418532490102,0.2248671625929862,0.12050488211478924,0.1785012629806343,0.4907166406385563,0.26556776556776557,0.26401253709446165,61.91927194779937,-0.00775661267220448,0.4492900218702972,False,40,29,71,65,45,C,-20,24.25,16.0,44.30000000000001,44.30000000000001,Persistence
BROS,Dutch Bros Inc. Class A Common Stock,Consumer Cyclical,Restaurants,United States,その他,59.470001220703125,10.388422656,187.49965436968688,0.2787976721584056,0.3264100578187903,0.30684752074391214,0.2587941707734109,1.2034097351583382,0.3618838047475272,62.763466460595616,0.09178164454509306,0.19894931395565724,True,21,29,81,65,65,A,-20,12.0,18.0,53.80000000000001,53.80000000000001,Persistence
BST,BlackRock Science and Technology Trust Common Shares of Beneficial Interest,Financial Services,Asset Management,United States,その他,45.630001068115234,1.58427456,6.287773080185318,-0.07960208154094707,-0.05872340228309766,1.4458309394142819,,,,51.50539041378804,0.053408171970608376,0.08447028634798381,True,0,0,8,100,85,S,-25,0.0,0.0,21.4,21.4,Persistence
BSTZ,BlackRock Science and Technology Term Trust Common Shares of Beneficial Interest,Financial Services,Asset Management,United States,その他,29.360000610351562,2.01832832,6.372872924482728,0.15302130376586628,-0.028455445523854667,1.2115133955496706,,,,60.62670660836177,0.09913617346835495,0.0697084566799478,True,23,14,8,100,52,B,-20,17.450000000000003,10.7,19.799999999999997,19.799999999999997,Persistence
BTT,BlackRock Municipal 2030 Target Term Trust,Financial Services,Asset Management,United States,その他,22.700000762939453,1.44429696,1.6873807217123031,,3.0,0.9962430766262386,,,0.02897715031861973,54.92970989380592,-0.0033066149878110363,0.014047171296257942,True,0,0,10,100,75,A,-25,0.0,0.0,20.5,20.5,Persistence
BTU,Peabody Energy Corporation Common Stock ,Energy,Thermal Coal,United States,電力/エネルギー,27.4950008392334,3.349826816,104.70604289720583,-0.08855949205749758,-0.14353003012109083,-0.007065577390152351,0.1363718762139065,-1.4299019607843138,0.07919479267116683,62.47360350744959,0.012125722389838061,0.30172542659743645,False,18,0,10,85,53,B,0,31.55,18.05,37.35,37.35,Persistence
BTX,BlackRock Technology and Private Equity Term Trust Common Shares of Beneficial Interest,Financial Services,Asset Management,United States,その他,8.835000038146973,1.031135488,7.076703830805159,-0.7178162771595705,-0.8112511716657763,1.1303788822444711,,,,53.60826701851047,0.09803391014374493,0.05406853385339555,True,18,0,0,100,72,A,-25,10.700000000000003,0.0,14.399999999999999,14.399999999999999,Persistence
BURL,"Burlington Stores, Inc. Common Stock",Consumer Cyclical,Apparel Retail,United States,その他,327.25,20.561207296,363.287719025,0.0876448061241828,0.09327772584579315,0.11776509651593936,0.43918280681703237,3.0,0.6054141033769641,57.21658028626621,0.02172264345122635,0.05913980475839769,True,16,37,36,65,87,S,-10,20.450000000000003,36.2,43.45,43.45,Persistence
BW,"Babcock & Wilcox Enterprises, Inc. Common Stock",Industrials,Specialty Industrial Machinery,United States,その他,15.664999961853027,2.3315712,59.137758285739366,0.011422641165222989,-0.010909901812585965,-0.03608084182614446,0.24477943628802265,0.3407803601662306,0.5561017772401039,35.14200773563742,-0.0920998578876542,0.28306637581855587,True,38,37,2,100,63,B,-10,39.8,39.05,28.700000000000003,39.8,Acceleration
BWA,BorgWarner Inc. Common Stock,Consumer Cyclical,Auto Parts,United States,その他,74.33999633789062,15.248243712,281.7142261742981,0.016328269203464432,-0.00788843499084378,0.12370399683419074,0.18678401788208998,0.6570644718792867,0.2946473963250781,71.609405761148,0.21476086348283568,0.03492149141938237,True,27,12,26,65,22,D,0,32.2,20.95,34.95,34.95,Persistence
BWXT,"BWX Technologies, Inc. Common Stock",Industrials,Aerospace & Defense,United States,防衛/宇宙,187.02499389648438,17.13422848,171.55106957147217,0.18300085735822705,0.0830606307151879,0.11800026334246075,0.22913121301890774,0.15899929743583704,0.47196192433796597,29.478938522692488,-0.11041701015564576,0.21451473228267182,False,25,26,42,65,53,B,0,33.8,34.55,49.95,49.95,Persistence
BX,Blackstone Inc. Common Stock,Financial Services,Asset Management,United States,その他,121.80000305175781,148.871512064,605.3702716378441,0.13535214179720306,0.5600239144275673,-0.017662904801481416,,0.32956772496069736,0.27890276410256143,57.78264952343177,0.01857523055202023,0.3350592685779823,False,10,26,41,25,73,A,-20,0.0,10.55,23.400000000000006,23.400000000000006,Persistence
BY,"Byline Bancorp, Inc. Common Stock",Financial Services,Banks - Regional,United States,その他,34.900001525878906,1.584783232,7.48564374228325,0.0940848490855925,0.05194009619019069,0.19793959947412632,,-0.20358361375958123,0.051301835884681096,72.57019082544922,0.06060285924354088,0.0,True,18,12,45,100,25,D,-25,6.0,1.5,29.75,29.75,Persistence
BYD,Boyd Gaming Corporation Common Stock,Consumer Cyclical,Resorts & Casinos,United States,その他,88.03500366210938,6.543655936,94.17058563533936,0.04116717902475043,0.05127789493731697,0.05150368020044006,0.49540773447826963,-0.4548632505501415,0.41243876137125857,74.53122884727159,0.041707389427435425,0.014613685286255371,True,8,12,37,85,40,C,0,22.75,25.75,49.6,49.6,Persistence
C,"Citigroup, Inc. Common Stock",Financial Services,Banks - Diversified,United States,その他,135.3000030517578,230.764560384,1330.2719503999353,0.05628966679888933,0.03306441285695992,0.04846938775510204,,-1.8335817188276204,0.13838052206794968,72.6643644289422,0.07034126082662041,0.0,True,18,12,22,25,25,D,-30,0.0,0.0,0.0,0.0,Acceleration
CACI,"CACI International, Inc. Class A Common Stock",Technology,Information Technology Services,United States,その他,533.5750122070312,11.787367424,146.3133115373291,0.12637248440957974,0.14282423425367016,0.08054742631571565,0.08857215909828481,0.11013847732592327,0.38565957853267463,72.17650119111376,0.026221639653619976,0.19422671704524183,False,7,26,46,65,55,B,0,20.5,34.75,52.55,52.55,Persistence
CAG,"ConAgra Brands, Inc. Common Stock",Consumer Defensive,Packaged Foods,United States,その他,13.279999732971191,6.351252992,194.104399673028,-0.036354131226713354,-0.018416551274741386,0.06424292859681516,0.2586370212179664,-0.19963133640552996,0.3853844720763928,41.176462338458286,-0.04850704931920438,0.3569781166159487,False,0,12,21,85,73,A,-20,0.05000000000000071,9.05,27.4,27.4,Persistence
CALX,"Calix, Inc Common Stock",Technology,Software - Infrastructure,United States,ソフトウェア,39.9900016784668,2.550654208,37.67263106870175,0.202631813141748,-0.20015044349086614,0.1979265452676628,0.568310316896831,1.294482183291622,0.014730917260104183,58.23171795442369,-0.07782770093801539,0.41552173708450074,False,53,66,38,100,55,B,0,60.25,70.0,56.900000000000006,70.0,Transition
CALY,Callaway Golf Company Common Stock,Consumer Cyclical,Leisure,United States,その他,15.949999809265137,2.867133184,40.39878316189928,-0.008470905328006931,-0.025788906081492945,-0.46625122006156616,0.4211446046308432,-0.09052504526252263,0.22965962119132582,55.685121792262514,0.060181044234209544,0.0896119068194897,True,34,18,29,100,85,S,0,49.0,37.0,57.95,57.95,Persistence
CARR,Carrier Global Corporation Common Stock ,Industrials,Building Products & Equipment,United States,その他,70.52999877929688,58.580836352,461.0964051505402,-0.0328648937116428,0.18653369215344837,0.09619389171679778,0.25861038304133904,3.0,0.32941650981446624,71.55280812886579,0.11249697061602783,0.11608864520300304,True,12,12,26,40,35,C,0,18.5,18.5,31.3,31.3,Persistence
CAT,"Caterpillar, Inc. Common Stock",Industrials,Farm & Heavy Construction Machinery,United States,その他,886.489990234375,408.310153216,2287.2390735581416,0.04289527689055533,-0.033566954965702354,0.12844330018341832,0.3177736022133779,-0.15498866213151927,0.43951919663234773,52.819951550442674,0.04532537093458429,0.05740684688202033,True,22,0,21,10,87,S,-20,6.700000000000003,0.0,11.450000000000003,11.450000000000003,Persistence
CAVA,"CAVA Group, Inc. Common Stock",Consumer Cyclical,Restaurants,United States,その他,81.5,9.492619264,271.20444484999996,0.22408227345693169,0.32250994922464665,0.2917487267757335,0.24622858712311302,-0.5058038415003024,0.3428226057276804,51.97074725329233,-0.024764987094301964,0.16315842991305515,True,9,5,76,85,100,S,-20,9.5,6.5,63.05000000000001,63.05000000000001,Persistence
CBOE,"Cboe Global Markets, Inc. Common Stock",Financial Services,Financial Data & Stock Exchanges,United States,その他,290.7250061035156,30.425470976,418.77947210565645,0.15134937110758334,0.08506691400556513,-0.04673487432108122,0.4090407704382504,0.6173896316245071,0.1709455901475503,21.524008089464658,-0.08228583487922433,0.20552397557046,True,51,33,34,40,63,B,-20,30.549999999999997,17.049999999999997,21.300000000000004,30.549999999999997,Acceleration
CBRE,CBRE Group Inc Common Stock Class A,Real Estate,Real Estate Services,United States,その他,135.63999938964844,39.717638144,394.88984925307847,0.13372661950960382,0.119502957839056,0.036363046581030234,0.18658446362515413,-0.14846538187009278,0.32357418142954303,59.85177587586529,-0.022989008231633287,0.20960317634620068,False,35,14,33,40,90,S,0,41.25,25.5,46.150000000000006,46.150000000000006,Persistence
CBT,Cabot Corporation Common Stock,Basic Materials,Specialty Chemicals,United States,その他,85.01499938964844,4.388594688,39.42040953248749,-0.07035553329994992,0.01602645637242432,-0.09025688498032863,0.25316455696202533,-0.13303769401330376,0.31847968545216254,66.63115675337465,0.07343221536434831,0.028511058001095196,True,0,0,21,85,40,C,0,16.75,16.75,40.8,40.8,Persistence
CBZ,"CBIZ, Inc. Common Stock",Industrials,Specialty Business Services,United States,その他,34.1349983215332,1.831299328,19.56428995899582,0.5208346199996471,0.13969258305398335,0.12692469222275968,0.12885937626337432,0.5844842838830815,0.4146709126237547,63.16606278763193,0.11025816464462727,0.561303182205753,False,60,41,59,100,15,D,-5,56.5,42.25,55.45,56.5,Acceleration
CC,Chemours Company (The) Common Stock,Basic Materials,Specialty Chemicals,United States,その他,20.489999771118164,3.081239296,48.06422538160257,0.004496713939813214,-0.04870023033892728,-0.11023276240667546,0.1553030303030303,1.051359516616314,0.5952316445407748,38.7626220359935,-0.11836287193230388,0.2640376757736686,True,42,25,22,85,63,B,0,50.55,37.8,45.95,50.55,Acceleration
CCK,"Crown Holdings, Inc.",Consumer Cyclical,Packaging & Containers,United States,その他,95.29499816894531,10.64889344,97.80865151264648,0.047792559952546394,-0.017402164862614488,-0.07208529707177624,0.22029923170238577,0.4157160963244613,0.43231502242152464,43.355732111718,-0.04492257810688303,0.17366824898265745,False,35,24,22,65,90,S,0,45.0,36.75,46.35,46.35,Persistence
CCL,Carnival Corporation Ltd. Common Shares,Consumer Cyclical,Travel Services,United States,その他,27.084999084472656,37.516505088,655.0873976147309,0.06394628512049878,0.15875515213263558,0.7744268222532665,0.40096164682017954,1.010023130300694,0.541586859365024,58.05957983518984,0.015873230080189794,0.1945613090356827,False,19,24,46,40,90,S,0,29.25,33.0,53.3,53.3,Persistence
CCO,"Clear Channel Outdoor Holdings, Inc. Common Stock",Communication Services,Advertising Agencies,United States,その他,2.3949999809265137,1.219015552,17.72976285980234,0.06571088803704417,0.04953611316802702,0.038088716845546065,0.5336921964417071,1.510479018021038,1.6899739479612157,44.444326707074126,0.00179859571491406,0.00622410969707684,True,50,60,40,100,75,A,-25,35.0,42.5,37.0,42.5,Transition
CE,Celanese Corporation Common Stock,Basic Materials,Chemicals,United States,その他,50.375,5.524250112,86.45545650625002,-0.07051032333463186,-0.06022332051986088,0.12953582135842034,0.20452640402347025,0.512241054613936,0.5961742336943996,38.27391180126571,-0.16164291655614912,0.27245809424902967,True,9,30,22,85,51,B,0,24.6,40.35,43.550000000000004,43.550000000000004,Persistence
CET,Central Securities Corporation Common Stock,Financial Services,Asset Management,United States,その他,52.599998474121094,1.5542912,1.6276753927825929,-0.07898466813325454,0.28534068147782066,2.5096436510925955,,0.2626584407066699,0.0015236068461532645,48.874605958762125,0.0007267330022512394,0.027187002570740516,True,5,12,38,100,75,A,-25,1.25,6.5,35.900000000000006,35.900000000000006,Persistence
CF,"CF Industries Holdings, Inc. Common Stock",Basic Materials,Agricultural Inputs,United States,その他,107.97000122070312,16.587353088,286.3875508373825,0.19339622641509435,-0.10481073744533254,-0.40720543536563564,0.3845285149632976,0.029142857142857144,0.2580919931856899,20.53055542355908,-0.10746309806432355,0.21213078105133598,True,44,33,30,65,63,B,0,49.05,40.8,45.35,49.05,Acceleration
CFG,"Citizens Financial Group, Inc. Common Stock",Financial Services,Banks - Regional,United States,その他,66.73999786376953,28.22313984,263.8375473070221,0.05608912792931233,-0.05046206225680934,0.02530856501683082,,0.08408728046833422,0.049842943039792184,67.28555084705745,0.05597750230119995,0.013209926079959173,True,20,24,30,65,40,C,-20,8.75,11.75,20.75,20.75,Persistence
CFR,"Cullen/Frost Bankers, Inc. Common Stock",Financial Services,Banks - Regional,United States,その他,144.66000366210938,9.08422144,69.26759295152893,0.08311923671446085,0.03849827345529351,0.1716318780544319,,-0.8522470397653163,0.004205128429432815,63.605970282208375,0.0403124346693675,0.00217154488915459,True,18,12,37,85,55,B,-20,11.75,7.25,32.6,32.6,Persistence
CHD,"Church & Dwight Company, Inc. Common Stock",Consumer Defensive,Household & Personal Products,United States,その他,97.84500122070312,23.183747072,187.0777832789612,0.01573578294116684,0.04076415753506365,0.0915804747377037,0.447317513541398,0.11941827120032773,0.24741932588303936,54.96116842725658,0.03170992439087032,0.06740985488166845,True,6,24,46,65,87,S,0,22.950000000000003,36.45,58.95,58.95,Persistence
CHH,"Choice Hotels International, Inc. Common Stock",Consumer Cyclical,Lodging,United States,その他,109.33499908447266,4.974249472,66.50359813537558,0.007542722005200528,0.02634044936907649,0.10144163589403038,0.5271647608675639,-0.2817557951265046,0.6930460286690131,45.332693472641814,-0.008518220319430522,0.18493886397513154,True,8,12,35,85,100,S,-10,18.75,21.75,50.5,50.5,Persistence
CHWY,"Chewy, Inc. Class A Common Stock",Consumer Cyclical,Internet Retail,United States,その他,20.25,8.281918976,185.15453242499999,0.062404626811563654,0.06401320451752379,0.10166024310702639,0.2978931079633377,0.2428729281767956,0.15408151140684412,50.69444375457589,-0.15096475473453916,0.5577637127075653,False,5,12,42,85,43,C,0,20.8,26.05,52.95,52.95,Persistence
CIEN,Ciena Corporation Common Stock,Technology,Communication Equipment,United States,通信/光通信,441.6099853515625,62.51118592,1280.1606423458925,0.18793535668519323,-0.08471215071346519,0.20753051275635134,0.42036147551518427,0.7605394148047983,0.2771775447779047,34.05484270558402,-0.15219976728449347,0.29567785430372806,True,36,26,38,40,51,B,0,38.1,30.6,41.1,41.1,Persistence
CL,Colgate-Palmolive Company Common Stock,Consumer Defensive,Household & Personal Products,United States,その他,88.6500015258789,70.9367808,456.8500658809841,0.013979404009750758,0.03309862774322866,0.08292981577336228,0.6010695711902659,0.024816694867456288,0.5238211879975505,45.38546224487936,0.025454584901875684,0.10025275241189575,True,14,12,46,40,100,S,0,26.5,25.0,55.3,55.3,Persistence
CLF,Cleveland-Cliffs Inc. Common Stock,Basic Materials,Steel,United States,その他,12.795000076293945,7.298455552,233.389258246902,-0.029971331769611677,-0.12779596290234588,-0.04319457131671669,-0.046211714132187,-0.7338983050847457,0.36243254047571455,67.06045432265546,0.18873973519575377,0.20920891007641182,True,18,0,6,85,50,B,-10,21.25,7.75,24.549999999999997,24.549999999999997,Persistence
CLH,"Clean Harbors, Inc. Common Stock",Industrials,Waste Management,United States,その他,289.6099853515625,15.304738816,141.96988468518066,0.02391954976882664,0.08888639106462529,0.04694514095813402,0.3127655414994635,0.3043435549218124,0.3981734919050962,48.38650934204352,-0.021761727267746056,0.0767931970610513,True,9,12,42,65,87,S,0,25.200000000000003,27.450000000000003,56.75,56.75,Persistence
CLX,Clorox Company (The) Common Stock,Consumer Defensive,Household & Personal Products,United States,その他,100.01000213623047,12.093344768,251.74634749434435,0.0015508247568024813,-0.040059547976722155,0.03967918953144787,0.45228040540540543,0.5755693581780539,0.5178924653839238,61.92451234848011,0.04327436516149571,0.20476531329769476,False,41,38,30,65,70,A,0,47.5,45.25,46.75,47.5,Acceleration
CMG,"Chipotle Mexican Grill, Inc. Common Stock",Consumer Cyclical,Restaurants,United States,半導体,30.649999618530273,39.315795968,597.6993577785371,0.05407070429499128,0.14609555100672644,0.14325962412845358,0.253757190098847,-0.04226539276586482,0.5643222531558344,36.13444416077155,-0.06471616734979067,0.47372941732138435,False,0,12,37,40,45,C,-20,0.0,0.0,19.35,19.35,Persistence
CMI,Cummins Inc. Common Stock,Industrials,Specialty Industrial Machinery,United States,その他,661.885009765625,91.33289472,619.823673542041,-0.012667878716790804,0.0010861588140319977,0.21340029920923273,0.25292545292545293,3.0,0.23870322428806778,48.46730224666864,0.025251100733572365,0.07325866240968623,True,12,12,30,40,87,S,0,23.700000000000003,23.700000000000003,43.900000000000006,43.900000000000006,Persistence
CMS,CMS Energy Corporation Common Stock,Utilities,Utilities - Regulated Electric,United States,電力/エネルギー,72.71499633789062,22.46308864,225.50849129657746,0.1362608117099135,0.007102653444116859,-0.13192182410423453,0.4152711090291603,-1.2314356435643565,0.47314789314238503,49.11152826829643,-0.025573136729832458,0.08331557204555405,True,39,14,6,65,100,S,0,49.0,30.25,39.55,49.0,Acceleration
CNA,CNA Financial Corporation Common Stock,Financial Services,Insurance - Property & Casualty,United States,その他,44.54999923706055,12.052174848,19.864530582310678,0.05100364311736553,0.06659047619047619,0.10377596501555798,,-0.029079159935379646,0.042783289892429764,50.914625813748614,-0.008970895773666167,0.09147992312071519,True,0,12,37,65,100,S,-20,0.0,8.75,36.6,36.6,Persistence
CNK,"Cinemark Holdings Inc Cinemark Holdings, Inc. Common Stock",Communication Services,Entertainment,United States,その他,32.31999969482422,3.77458048,63.684363254671865,0.02147893097229054,-0.005608634688753383,0.24931763555627978,0.6412520064205457,-0.43781725888324874,0.6747558582737545,82.75316538104256,0.12731158764394895,0.0,True,30,0,27,85,10,D,-10,26.25,3.75,28.1,28.1,Persistence
CNM,"Core & Main, Inc. Class A Common Stock",Industrials,Industrial Distribution,United States,その他,51.09000015258789,9.94826752,102.06553571433392,0.02768445101464857,0.11026559236048941,0.007668019846639603,0.2692559173532104,0.030716723549488054,0.40049301561216105,72.89505224420404,0.024981545079525682,0.23723503147153563,False,2,24,34,85,55,B,0,19.75,36.25,50.95,50.95,Persistence
CNO,"CNO Financial Group, Inc. Common Stock",Financial Services,Insurance - Life,United States,その他,49.029998779296875,4.576877056,35.19955053313446,0.00940255533561274,0.07205556091444006,0.1593603220755983,,,0.104450562765206,65.05016199706435,0.08821098020704878,0.0,True,0,0,22,85,40,C,-20,0.0,0.0,21.35,21.35,Persistence
CNP,"CenterPoint Energy, Inc (Holding Co) Common Stock",Utilities,Utilities - Regulated Electric,United States,電力/エネルギー,42.56999969482422,27.847993344,219.02492166785433,0.08261020479000347,-0.00609475620975161,-0.06705289132067374,0.45057176445441915,-0.004212299915754001,0.4938324665835733,54.47283332663017,0.0016867500545383394,0.03028850026559713,True,38,12,10,65,87,S,0,46.95,27.450000000000003,39.150000000000006,46.95,Acceleration
CNR,"Core Natural Resources, Inc. Common Stock",Energy,Thermal Coal,United States,電力/エネルギー,92.72000122070312,4.673793536,60.80567944453582,0.9242115388702489,-0.13652925136687233,0.09939263637392336,-0.0002662808915247522,-0.929052084101313,0.07381469621877658,63.59671263943147,0.02985133677103293,0.1802632304937592,True,40,10,33,85,80,S,0,50.75,28.25,55.400000000000006,55.400000000000006,Persistence
CNS,Cohen & Steers Inc Common Stock,Financial Services,Asset Management,United States,その他,78.5199966430664,4.036368128,17.69676617541733,0.07706223067622275,0.06446341632705675,-0.12108435414938193,0.48564756756756755,-2.486664785154872,0.15778139236723418,72.01774705365506,0.14011847685262124,0.0,True,38,12,18,85,10,D,-30,12.25,0.0,3.1499999999999986,12.25,Acceleration
CNX,CNX Resources Corporation Common Stock,Energy,Oil & Gas E&P,United States,電力/エネルギー,33.45000076293945,4.732425728,50.66615921311169,0.48866481238417975,-0.044549676823147644,-0.6162289496064445,0.47234760951479904,0.9385544224478757,0.28642239450319457,22.69503162345933,-0.09206881114171424,0.21497300436993663,False,71,85,34,85,53,B,0,71.3,81.8,50.550000000000004,81.8,Transition
COF,Capital One Financial Corporation Common Stock,Financial Services,Credit Services,United States,その他,183.27000427246094,114.047606784,834.4180205147743,0.3661791777459603,0.06320167450458042,0.07407299270072992,,0.5417281038041876,0.07535474111708512,43.37350258960461,-0.029819778647610443,0.2837057254183503,False,41,20,57,25,73,A,-20,21.799999999999997,6.050000000000001,32.2,32.2,Persistence
COHR,Coherent Corp. Common Stock,Technology,Scientific & Technical Instruments,United States,その他,368.3399963378906,72.06178816,2114.893870986305,0.23417588421322738,-0.08767504505726634,0.5558328127223652,0.3516835725282546,-0.030922755951034362,0.26112767166326784,51.958753768072505,0.0772669992034781,0.13715480873630967,True,37,54,33,40,85,S,0,42.25,55.0,45.150000000000006,55.0,Transition
COMP,"Compass, Inc. Class A Common Stock",Real Estate,Real Estate Services,United States,その他,8.25,6.164012544,97.64349870000001,0.23671634897230462,0.15232343909928353,-0.1882685277500831,0.18413870374626523,0.9215500945179584,0.3093212081844755,48.589339959024905,0.052430157419913595,0.39248895093156005,False,51,35,26,85,58,B,0,56.8,44.8,47.15,56.8,Acceleration
COP,ConocoPhillips Common Stock,Energy,Oil & Gas E&P,United States,電力/エネルギー,119.41000366210938,145.47648512,722.8028425471801,0.07670106859073889,-0.02486596248730874,-0.2847733584732591,0.2508821932681867,-0.09530352235823132,0.19226006445845872,43.35286925715354,-0.010267311793663834,0.10091611576291491,True,30,0,25,25,100,S,0,36.25,13.75,40.0,40.0,Persistence
COTY,Coty Inc. Class A Common Stock,Consumer Defensive,Household & Personal Products,United States,その他,2.0199999809265137,1.778542208,15.853273455308319,-0.03679306963059824,0.10152860049332925,0.04707412713973305,0.6483904359483447,-0.24851109907958852,0.3565088136247974,54.02298519831496,-0.08140064273724261,0.6077670012582019,False,12,0,33,100,55,B,-5,24.5,15.5,49.150000000000006,49.150000000000006,Persistence
COUR,"Coursera, Inc. Common Stock",Consumer Defensive,Education & Training Services,United States,その他,5.360000133514404,1.534882304,38.67821361545122,0.09039873326615805,0.09263919471531928,0.2139240409656405,0.5457425742574258,0.16318537859007834,,53.21637361672107,-0.06444178526173781,0.5779527390540526,False,13,37,48,100,55,B,-5,25.25,43.25,57.400000000000006,57.400000000000006,Persistence
CPAY,"Corpay, Inc. Common Stock",Technology,Software - Infrastructure,United States,ソフトウェア,358.1600036621094,23.410026496,188.76942976612702,0.13933868382366077,0.057713203142651166,0.096462665980767,0.7859781914286339,-0.26410269917848134,0.3787350753849145,56.68988624497843,0.09092416329685452,0.016395246589537282,True,38,14,48,65,60,B,0,44.25,26.25,54.650000000000006,54.650000000000006,Persistence
CPK,Chesapeake Utilities Corporation Common Stock,Utilities,Utilities - Regulated Gas,United States,その他,125.13999938964844,3.003955712,15.760237892131805,0.18140243902439024,0.1738741425589025,-0.014837667107389452,0.4143010752688172,-0.8541846419327006,0.40742965855612295,45.269214479027326,-0.009477801632012926,0.09046532779424749,False,39,14,14,85,90,S,0,51.0,32.25,46.95,51.0,Acceleration
CPNG,"Coupang, Inc. Class A Common Stock",Consumer Cyclical,Internet Retail,United States,その他,15.720000267028809,28.21840896,351.2984560653541,0.14094092771243558,0.24135668293483165,0.18461837438662973,0.2936526321885678,-0.4816285998013903,0.26058357227188395,50.88028529645343,-0.1365483761542897,0.5311660948602499,False,5,14,58,65,43,C,0,17.8,24.55,56.75000000000001,56.75000000000001,Persistence
CR,Crane Company Common Stock,Industrials,Specialty Industrial Machinery,United States,その他,200.04750061035156,11.551880192,94.11726783065491,0.0815503003003003,0.1445142580956984,0.04806664040074295,0.4220390455531453,0.5429475587703436,0.315617376861992,86.21017247921243,0.10235729704522306,0.04590450641801295,True,13,24,42,65,22,D,0,21.7,29.95,43.75,43.75,Persistence
CRBG,Corebridge Financial Inc. Common Stock,Financial Services,Asset Management,United States,その他,27.46500015258789,12.544175104,140.4422096177578,-0.050732272679380463,-0.0014729089952656496,-0.2624636275460718,,,0.026371851325242356,49.50494743542994,0.035309461053106395,0.21602482226643102,False,0,0,10,65,90,S,-20,0.0,0.0,19.75,19.75,Persistence
CRC,California Resources Corporation Common Stock,Energy,Oil & Gas E&P,United States,電力/エネルギー,59.624000549316406,5.294307328,39.76089678071747,0.15082854244166385,0.05119089939566299,-0.13044822256568778,0.42844548927416987,,0.1835742266648656,44.44010101215585,-0.055791516950978115,0.14412120281559246,True,39,2,14,85,90,S,0,51.0,23.25,46.95,51.0,Acceleration
CRCL,"Circle Internet Group, Inc. Class A Common Stock",Financial Services,Capital Markets,United States,その他,83.36820220947266,22.283544576,1172.0433130476247,0.6385605275575942,0.15566514485689426,0.8787154233134555,0.08669240476188743,0.5907168437661632,0.000467786809905992,28.38364474415434,-0.1893120380371439,0.683552103448156,False,45,22,68,65,16,D,-20,25.1,7.850000000000001,36.85000000000001,36.85000000000001,Persistence
CRGY,Crescent Energy Company Class A Common Stock,Energy,Oil & Gas E&P,United States,電力/エネルギー,11.585000038146973,3.825965056,73.47169952192688,0.2213855108244206,0.23013369417133034,-0.2206243570221765,0.7855137547481942,-3.233984338145108,0.4588498768846327,28.00899822352669,-0.08035175234845075,0.16001430521681967,True,24,40,17,85,63,B,0,37.05,49.05,43.2,49.05,Transition
CRI,"Carter's, Inc. Common Stock",Consumer Cyclical,Apparel Retail,United States,その他,39.7599983215332,1.465160576,32.88763966364956,0.01910058078085807,-0.034455529173402714,-0.08315007814219233,0.4535689370713622,-0.7171319995713497,0.47247560875784944,63.94545315759265,0.08925546341220933,0.09128275851005471,True,38,0,25,100,65,A,-5,45.0,16.5,46.75,46.75,Persistence
CRK,"Comstock Resources, Inc. Common Stock",Energy,Oil & Gas E&P,United States,電力/エネルギー,13.109999656677246,3.850352384,34.83940129013085,0.5382751798848099,-0.19904620061605932,-0.56860958909962,0.22907707154973342,0.05756788873729149,0.4149298236550497,36.302886193064936,-0.17201397002287033,0.5735198518448014,False,60,87,2,85,33,D,0,61.05,81.3,28.950000000000003,81.3,Transition
CRM,"Salesforce, Inc. Common Stock",Technology,Software - Application,United States,ソフトウェア,174.58999633789062,142.989213696,2677.7480723819426,0.09579100145137881,0.08715609490202829,0.11179510079101812,0.7767609873570138,0.15827569567315425,0.15294065268687948,46.551504161641844,-0.034885942111045204,0.35825166537572123,False,35,24,57,25,73,A,0,37.3,29.05,52.2,52.2,Persistence
CRS,Carpenter Technology Corporation Common Stock,Industrials,Metal Fabrication,United States,その他,527.9349975585938,26.23077376,299.7064543902741,0.042540855890132984,0.08210798729561228,0.38882535533409573,0.2671439991658267,0.6045989904655076,0.201732247332798,89.8919052859892,0.19911669507576268,0.0,True,15,31,57,65,10,D,0,22.0,34.0,49.6,49.6,Persistence
CSL,Carlisle Companies Incorporated Common Stock,Industrials,Building Products & Equipment,United States,その他,343.29998779296875,13.891659776,114.72337198067628,0.003257654488768087,0.09084566918834071,-0.15827430542812052,0.3570987469869918,0.058451472191930205,0.46009899409228805,62.31084586052901,-0.008847818998034135,0.20113972609276953,False,6,12,26,65,70,A,0,21.25,25.75,44.55,44.55,Persistence
CSW,"CSW Industrials, Inc. Common Stock",Industrials,Specialty Industrial Machinery,United States,その他,276.45001220703125,4.51152128,34.189291779675294,0.2325489780838232,0.10779097926441653,0.04609554772108341,0.41908680346109045,-0.1295234588680833,0.40781479045048874,59.78464612297297,-0.0038417721198065594,0.17359300428360366,True,43,5,41,85,100,S,0,55.0,26.5,63.8,63.8,Persistence
CTOS,"Custom Truck One Source, Inc. Common Stock",Industrials,Rental & Leasing Services,United States,その他,10.5,2.388044544,8.715626325,0.07860987193998713,-0.03368184011581148,0.1856313005137672,0.21188328754185407,0.46849441975594575,0.702463842317811,72.34849579516226,0.18123522619530827,0.0,True,23,12,0,100,10,D,-10,23.25,15.0,17.0,23.25,Acceleration
CTRI,"Centuri Holdings, Inc. Common Stock",Utilities,Utilities - Regulated Gas,United States,その他,29.290000915527344,2.95637632,34.9023780799553,0.13102843932021072,-0.09038359921580422,0.05033787663563049,0.08266312545238823,-1.1392940217668133,0.38962772032798026,48.391817472266055,-0.10320626153319802,0.2992822619585514,True,23,37,6,100,73,A,0,39.55,50.05,42.900000000000006,50.05,Transition
CTS,CTS Corporation Common Stock,Technology,Electronic Components,United States,半導体,66.41500091552734,1.898998144,16.993941680010607,0.05160114695117687,-0.06479755533027386,-0.06210414930759676,0.3842953679722455,0.08512776702932234,0.10832501429391962,69.34547995952062,0.14202834657766045,0.009322792235452399,True,24,24,34,100,25,D,-5,30.5,30.5,43.7,43.7,Persistence
CTVA,"Corteva, Inc. Common Stock ",Basic Materials,Agricultural Inputs,United States,その他,74.91000366210938,50.101305344,242.40168161873933,0.029157795126567305,-0.018460466736328805,-0.013119450014322544,0.4729038561002241,0.8184754521963824,0.06021706150075855,28.681041862553855,-0.06940103711973561,0.12142929238337329,True,38,24,38,40,63,B,0,40.8,30.3,43.5,43.5,Persistence
CUBI,"Customers Bancorp, Inc Common Stock",Financial Services,Banks - Regional,United States,その他,76.79000091552734,2.59742848,24.14497248186798,0.16569187737000346,-0.0721246958251624,0.16968821532875522,,3.0,0.0685022510562797,54.09835761816417,0.023934932869752016,0.05442677279613978,True,35,26,30,100,87,S,-20,29.950000000000003,23.200000000000003,38.900000000000006,38.900000000000006,Persistence
CVI,CVR Energy Inc. Common Stock,Energy,Oil & Gas Refining & Marketing,United States,電力/エネルギー,31.84000015258789,3.200894208,22.94348382195282,-0.058869908015768725,-0.17703038823402184,-0.15133994126284875,0.04705389555989947,-2.383720930232558,0.48057204533189424,43.64341021085527,-0.02644504742836999,0.201819832020655,True,18,12,2,85,100,S,0,36.25,31.75,42.35,42.35,Persistence
CVLG,"Covenant Logistics Group, Inc. Class A Common Stock",Industrials,Trucking,United States,その他,44.22999954223633,1.113312768,9.085644680467034,0.029161908869476682,0.025284235841217573,-0.09309631855154833,0.14593051614809116,-0.12813861451993747,0.3239430423089136,90.32632863081965,0.29068735292560277,0.018855418240751053,True,30,0,6,100,10,D,-5,33.5,11.0,25.3,33.5,Acceleration
CVNA,Carvana Co. Class A Common Stock,Consumer Cyclical,Auto & Truck Dealerships,United States,その他,69.8949966430664,76.663324672,685.2129191171803,0.48628684268265926,0.26942716553709034,-0.20824757424286974,0.20627890955614606,0.07496977025392987,0.41822589197788046,59.69654562426448,-0.027276388242307763,0.2695684516690745,False,49,32,30,40,73,A,0,50.05,37.3,41.1,50.05,Acceleration
CVSA,Covista Inc. Common Shares,Consumer Defensive,Education & Training Services,United States,その他,126.7699966430664,4.314095616,33.03212208479271,0.12850644810343217,0.0922412473997571,0.04992177108526156,0.568621420463124,0.16481557991267082,0.281214030763507,51.85726985396005,0.05859204432028549,0.1792165804603521,True,48,33,46,85,85,S,0,57.25,46.0,63.55,63.55,Persistence
CVX,Chevron Corporation Common Stock,Energy,Oil & Gas Integrated,United States,電力/エネルギー,189.3300018310547,377.069207552,1651.4678697882318,-0.04643924431530293,-0.017769268661794804,-0.16462113466572204,0.30410124056562854,0.10289816538154746,0.12579163734676493,46.37681640162848,0.00676757503555197,0.09512612442580883,True,6,12,34,10,100,S,0,16.0,20.5,41.2,41.2,Persistence
CWAN,"Clearwater Analytics Holdings, Inc. Class A Common Stock",Technology,Software - Application,United States,ソフトウェア,24.344999313354492,7.266697216,57.8124959069109,0.6187763250797361,0.22716531583407576,0.21336998147818578,0.6729143194670809,1.2313718108366396,0.283758623635316,43.678090360600535,0.005630179402271936,0.016363664106889206,True,72,22,83,85,75,A,0,74.25,36.75,81.9,81.9,Persistence
CWEN,"Clearway Energy, Inc. Class C Common Stock",Utilities,Utilities - Renewable,United States,電力/エネルギー,38.665000915527344,9.283341312,37.86987257094994,0.04230488694383661,0.04337899543378995,0.10420168067226891,0.629111266620014,-0.2919254658385093,0.5645151606124287,61.13228033465654,-0.005838595985898471,0.06289378360569527,True,12,12,41,85,67,A,0,28.45,28.45,57.199999999999996,57.199999999999996,Persistence
CWK,Cushman & Wakefield Ltd. Common Shares,Real Estate,Real Estate Services,United States,その他,13.6899995803833,3.207574016,27.514521203643323,0.0891017837294236,-0.0049717180867312,-0.060559882046765684,0.18273361715363232,0.7544910179640718,0.3903290519240289,62.17007378802388,0.01719343573438871,0.20406982714321104,False,39,12,26,85,70,A,0,49.0,28.75,49.55,49.55,Persistence
CWT,California Water Service Group Common Stock,Utilities,Utilities - Regulated Water,United States,その他,46.66999816894531,2.79335168,23.442179068767548,-0.03536437867836413,0.3047624560802988,-0.061196955215487146,0.6433659287699722,-0.19172136295176537,0.2830901587240012,66.63335951412715,0.04769185509735849,0.04339272007149147,True,12,0,18,100,67,A,0,30.7,21.7,48.3,48.3,Persistence
CXM,"Sprinklr, Inc. Class A Common Stock",Technology,Software - Application,United States,ソフトウェア,5.480000019073486,1.283573632,18.638662922873046,0.07635165508529698,0.08743514118739418,0.18468432035458354,0.674035230984601,1.3987524722349003,0.03877977961281628,56.86274326475608,0.019041954913174012,0.4139037651876454,False,27,19,62,100,65,A,-5,36.75,30.75,67.1,67.1,Persistence
CXT,"Crane NXT, Co. Common Stock",Industrials,Specialty Industrial Machinery,United States,その他,38.9900016784668,2.243577088,34.03587942869854,0.11427226257734732,0.06864083950262345,0.03836107172177028,0.42482042614836724,0.1754593953764078,0.38817225003208833,50.624316558431836,-0.06522445169973051,0.4278330339732209,False,41,14,42,100,55,B,0,51.25,31.0,59.1,59.1,Persistence
CXW,"CoreCivic, Inc. Common Stock",Industrials,Security & Protection Services,United States,その他,25.25,2.496933632,24.679012912500003,0.12720745741076628,0.03427702219984341,0.02780317222565732,0.2345596156263935,-0.7274146134497076,0.41487768608084824,80.15626555309255,0.20674823521573632,0.0,True,35,14,29,100,10,D,0,42.25,26.5,42.95,42.95,Persistence
D,"Dominion Energy, Inc. Common Stock",Utilities,Utilities - Regulated Electric,United States,電力/エネルギー,66.41000366210938,58.40842752,659.5287471855148,0.14157272287156789,0.004585562426179393,0.03264456880470656,0.49018538713195203,-0.013927576601671309,0.42242592161026093,47.03864628607978,0.04511421149952217,0.017792034635317228,True,34,21,22,40,75,A,0,39.0,29.25,37.1,39.0,Acceleration
DAL,"Delta Air Lines, Inc. Common Stock",Industrials,Airlines,United States,その他,79.40499877929688,52.168638464,536.3503864016175,0.027918822899599304,0.06193150496141125,0.14760191372424974,0.24165141089577677,0.3320623916811092,0.24932056027644897,64.02972203240436,0.09951973451383443,0.03739846241198195,True,5,24,42,40,52,B,0,14.95,29.2,43.5,43.5,Persistence
DAN,Dana Incorporated Common Stock ,Consumer Cyclical,Auto Parts,United States,その他,36.380001068115234,3.937614848,35.1006146565525,-0.030256012412723042,0.01589386575594378,-0.25039385584875934,0.08026666666666667,1.1594202898550725,0.4505635245901639,64.013455791413,0.026346666505036285,0.062246068789147034,True,15,54,22,85,67,A,0,30.7,59.95,46.75,59.95,Transition
DAR,Darling Ingredients Inc. Common Stock,Consumer Defensive,Packaged Foods,United States,その他,58.97999954223633,9.373535232,116.10021519790708,0.07361139422677346,-0.15805721205407125,0.039171464945062955,0.24013812532422016,0.34021167779514133,0.40408341491255956,50.0,-0.03552436562439568,0.09037626660428856,True,23,12,22,85,100,S,-20,20.0,11.75,33.35,33.35,Persistence
DBD,Diebold Nixdorf Incorporated Common stock,Technology,Software - Application,United States,ソフトウェア,81.66500091552734,2.827927552,22.046201982154845,0.014555730319106395,,,0.25256851564758126,1.1966911764705883,0.2434879618098796,77.87442001867223,0.025371568764726685,0.08003825612506672,True,12,47,30,100,65,A,0,30.5,56.75,54.5,56.75,Transition
DBRG,"DigitalBridge Group, Inc.",Financial Services,Asset Management,United States,その他,15.675000190734863,2.898002688,35.51470999214631,-0.8764771630165096,-0.2519595154276248,0.2713205845863239,2.920271178843568,3.0,0.09679683620234314,41.86050637852416,0.0041447123368858535,0.0022278706128022185,True,27,24,45,100,75,A,-20,22.75,20.5,44.75,44.75,Persistence
DCH,Dauch Corporation Common Stock,Consumer Cyclical,Auto Parts,United States,その他,6.139999866485596,1.456244992,24.26800225529187,-0.04705382945027674,0.007467719384817831,0.047756100923755686,0.12070176640910103,-0.2692119432207538,0.6258133189409613,55.87044393727681,0.005206090303864336,0.3177777926127116,False,0,0,15,100,73,A,-15,7.300000000000001,7.300000000000001,32.85,32.85,Persistence
DCI,"Donaldson Company, Inc. Common Stock",Industrials,Specialty Industrial Machinery,United States,その他,85.55500030517578,9.916770304,66.90427545914841,0.029166550483785518,0.04532470560802145,0.03756124115405553,0.3484786908342139,-0.16465962152863112,0.22447265887410991,59.04829442314714,-0.003212138221250213,0.22413170408716065,False,4,0,41,85,90,S,0,24.75,21.75,61.8,61.8,Persistence
DCO,Ducommun Incorporated Common Stock,Industrials,Aerospace & Defense,United States,防衛/宇宙,157.38999938964844,2.374316032,31.977044218494417,0.04882368947741855,0.038903977849171455,0.062389742567754376,0.268676675084471,-3.4259637923295596,0.2914915944252222,72.23441054984234,0.10376313732964845,0.0,True,21,0,18,100,10,D,-10,21.75,6.0,26.9,26.9,Persistence
DCOM,"Dime Commercial Bancshares, Inc. Common Stock",Financial Services,Banks - Regional,United States,その他,39.46500015258789,1.740939008,9.757553561476707,0.4420007704577219,-0.10963866691989557,-0.15607424542903553,,0.965936765878575,0.05385555160334648,72.55230446080277,0.08448286485682205,0.0,True,53,32,30,100,25,D,-25,32.25,16.5,21.5,32.25,Acceleration
DD,"DuPont de Nemours, Inc. Common Stock",Basic Materials,Specialty Chemicals,United States,その他,46.349998474121094,18.774448128,158.27027142211648,0.019348117279357046,0.015875415784699122,-0.4918952139509872,0.34501387063804934,0.075,0.1480417149478563,45.3124913076546,-0.0201569810840378,0.09333084398748731,True,36,12,34,65,100,S,0,46.75,28.75,54.95,54.95,Persistence
DDS,"Dillard's, Inc. Common Stock",Consumer Cyclical,Department Stores,United States,その他,611.0700073242188,9.54311168,79.6875314636261,-0.00408104055836586,-0.041340069416765345,-0.017408698846447686,0.40322086207379904,0.023050485994340317,0.1590751330305108,76.95204735015687,0.05311576928095593,0.12692515575219665,True,24,12,34,85,50,B,0,35.75,26.75,49.95,49.95,Persistence
DE,Deere & Company Common Stock,Industrials,Farm & Heavy Construction Machinery,United States,その他,572.125,154.535133184,869.523012625,-0.11585969357456748,-0.16149913690081,0.17483717483717484,0.3648270457852905,-0.2704899525852337,0.6061549492433677,54.82282485978356,-0.003486170166652387,0.1338761859231004,True,22,0,19,25,100,S,-30,0.25,0.0,6.700000000000003,6.700000000000003,Persistence
DEC,Diversified Energy Company Common Stock,Energy,Oil & Gas Integrated,United States,電力/エネルギー,14.100000381469727,1.01976096,10.88698112454281,1.0273928999636406,-0.08456299005832328,-0.5476257835338961,0.2855773198755162,0.6613408484129338,0.49079885277240454,26.390807009497422,-0.08533905617031844,0.21414065282214556,True,74,87,30,100,63,B,-5,71.8,81.55,49.1,81.55,Transition
DECK,Deckers Outdoor Corporation Common Stock,Consumer Cyclical,Footwear & Accessories,United States,その他,112.0,15.55466752,249.30804640000002,0.09761770470706504,0.16275363167227294,0.18208572469885198,0.5770385958654284,0.1450197839624689,0.10174021392360956,72.63156996539921,0.06844333909335813,0.09611817698421514,True,10,24,58,65,50,B,0,22.25,32.75,58.150000000000006,58.150000000000006,Persistence
DELL,Dell Technologies Inc. Class C Common Stock ,Technology,Computer Hardware,United States,その他,392.4523010253906,254.7736576,4556.244884509085,0.1880460828528676,0.08076901328809725,-0.13563894781087185,0.19999471542567246,3.0,0.31103015224216574,72.47899739907717,0.5394415932972579,0.15775536908252813,True,47,26,26,25,35,C,0,42.5,26.75,27.55,42.5,Acceleration
DFH,"Dream Finders Homes, Inc. Class A Common Stock",Consumer Cyclical,Residential Construction,United States,その他,14.899999618530273,1.363877888,10.170169814623355,-0.028541173953650592,0.1870748063403107,0.12154706215864058,0.1745994770114517,0.5518824935370736,0.43090540428879104,61.252898640515475,0.03300052435954619,0.5191997506106254,False,9,12,2,100,45,C,-15,11.25,13.5,20.1,20.1,Persistence
DG,Dollar General Corporation Common Stock,Consumer Defensive,Discount Stores,United States,その他,110.05999755859375,24.277764096,460.33603779359436,0.05200544130611833,0.049641228412082836,0.02237413304944452,0.30660930299520633,0.41938801169035733,0.5076473667739643,61.49303122097951,-0.028689516808945204,0.2922305414208334,False,39,24,38,65,53,B,0,44.3,33.05,47.75000000000001,47.75000000000001,Persistence
DHI,"D.R. Horton, Inc. Common Stock",Consumer Cyclical,Residential Construction,United States,その他,148.71499633789062,42.172542976,329.38794566306615,-0.06931801507551343,0.037816832297436015,0.05915173237753883,0.23696657557284004,0.6218819461595456,0.17002807911770676,63.6025595801916,0.016983052863295822,0.1846726400985669,False,9,12,30,40,70,A,0,19.75,22.0,40.5,40.5,Persistence
DINO,HF Sinclair Corporation Common Stock,Energy,Oil & Gas Refining & Marketing,United States,電力/エネルギー,70.83999633789062,12.770711552,143.73614482148741,-0.05986703988803359,-0.10586910274058316,-0.16335558173014003,0.051806915032193236,0.240625,0.19576014536644457,49.23411776735761,0.0752371733918333,0.04251785648915102,True,38,24,30,65,72,A,0,45.45,34.95,47.15,47.15,Persistence
DIS,Walt Disney Company (The) Common Stock,Communication Services,Entertainment,United States,その他,99.29000091552734,172.418220032,772.9366297505483,0.03353728615054564,0.027705910144210217,0.07465970358550325,0.3776436325125761,0.1773571678934455,0.22720921048634526,27.9262599577676,-0.028640855153782088,0.19392159952391463,False,24,24,46,25,63,B,0,28.05,28.05,44.150000000000006,44.150000000000006,Persistence
DK,"Delek US Holdings, Inc. Common Stock",Energy,Oil & Gas Refining & Marketing,United States,電力/エネルギー,47.3302001953125,2.900751616,50.19555158305664,-0.09528188859452254,-0.280254080839487,-0.1683652340790869,0.05489186693898106,0.987535182951347,0.4828482556186749,60.194041385996925,0.07794746851767666,0.034865430022320336,True,33,37,2,100,52,B,0,44.95,47.95,36.5,47.95,Transition
DKS,Dick's Sporting Goods Inc Common Stock,Consumer Cyclical,Specialty Retail,United States,その他,219.53500366210938,19.648940032,298.51024048401183,0.2806154409679079,0.035307756639333096,0.049821404864314106,0.3292025847046085,-0.21423409978989533,0.44491534014388995,50.26794500656385,0.00668433772175747,0.05831510717608798,True,31,5,41,65,87,S,0,41.7,22.200000000000003,56.2,56.2,Persistence
DLB,Dolby Laboratories Common Stock,Industrials,Specialty Business Services,United States,その他,54.61000061035156,5.1660032,43.477315105926515,0.059203703165763934,-0.02002163502966738,0.03664959048263948,0.8813072127963947,0.44748271627781794,0.012044885617270181,53.15316376833154,-0.06609360846412381,0.27325577027146397,False,38,12,45,85,63,B,0,47.55,28.05,58.6,58.6,Persistence
DLX,Deluxe Corporation Common Stock,Industrials,Conglomerates,United States,その他,23.309999465942383,1.067226432,10.506603471782208,0.0053727966820624,-0.032158007571956394,-0.020424394886528658,0.5300487530470654,0.753,0.5170414862410951,45.54454370428144,-0.12110149531521822,0.2599743861455085,True,35,24,30,100,61,B,-5,42.35,34.1,48.7,48.7,Persistence
DNOW,DNOW Inc. Common Stock,Industrials,Industrial Distribution,United States,その他,13.640000343322754,2.489927168,39.13062053492904,0.18836915297092288,0.02240413614821198,0.08661048689138577,0.16950354609929077,-0.5363321799307958,0.14908256880733944,57.05128440254801,0.06313331287262124,0.19146415739345163,False,23,2,37,100,75,A,0,39.75,24.0,60.35,60.35,Persistence
DOCN,"DigitalOcean Holdings, Inc. Common Stock",Technology,Software - Infrastructure,United States,ソフトウェア,177.0749969482422,18.480287744,523.3530952941429,0.15476515311645306,0.12661715380929564,0.20225151911604972,0.5985975569846477,-0.5728882975405917,0.8717966158877513,62.816351730882644,0.39183971119936495,0.01897508615932306,True,37,21,60,65,25,D,-20,20.0,8.0,34.25,34.25,Persistence
DOV,Dover Corporation Common Stock,Industrials,Specialty Industrial Machinery,United States,その他,220.40499877929688,29.680048128,166.42394647051847,0.044754205090713046,0.007994429288347052,-0.020358803871510244,0.397669541607976,0.9167076987704141,0.26633067665949733,65.42647450207467,0.020764293553126766,0.05082235555961511,True,43,12,30,65,67,A,0,48.7,25.45,46.15,48.7,Acceleration
DOW,Dow Inc. Common Stock ,Basic Materials,Chemicals,United States,その他,33.43000030517578,24.094386176,352.741109453603,-0.06973279955311423,-0.037156559544619244,-0.21580963762257918,0.06337570056044836,-8.582781456953642,0.33479107588233287,33.29407353924212,-0.10763235558577124,0.19345748366639567,True,0,0,6,65,80,S,0,17.75,17.75,35.55,35.55,Persistence
DRI,"Darden Restaurants, Inc. Common Stock",Consumer Cyclical,Restaurants,United States,その他,203.61500549316406,23.321044992,195.6764127552452,0.06028972783143108,0.08602376094128415,0.08907580477673936,0.21881805460100856,0.04371695811305409,0.49493127830301104,58.830909904866594,0.03163488545069548,0.07057082585253892,True,2,24,34,65,87,S,-20,0.0,16.450000000000003,32.35000000000001,32.35000000000001,Persistence
DT,"Dynatrace, Inc. Common Stock",Technology,Software - Application,United States,ソフトウェア,41.38999938964844,12.064181248,261.16515328626633,0.18820698152627655,0.18745010590480451,0.23478028190897085,0.8155933426047631,0.22959149313659238,0.037213368133205756,54.7619076073356,0.08190481113471298,0.2692443531838579,False,46,14,100,65,58,B,0,50.05,26.05,82.85,82.85,Persistence
DTE,DTE Energy Company Common Stock,Utilities,Utilities - Regulated Electric,United States,電力/エネルギー,146.66000366210938,30.50943488,216.05221372683715,0.26948703540178215,-0.022597096900745392,-0.3371645516954441,0.3030858732768433,-0.23786407766990292,0.48625753708430436,58.40898400830162,0.010149739443120575,0.03315972508629781,True,43,17,6,40,87,S,0,46.95,27.450000000000003,30.700000000000003,46.95,Acceleration
DTM,"DT Midstream, Inc. Common Stock ",Energy,Oil & Gas Midstream,United States,電力/エネルギー,142.02000427246094,14.488045568,81.58614664239808,0.2670744138634047,0.06399132321041215,0.002173913043478261,0.7924376508447305,0.06779661016949153,0.3345238095238095,35.38596932361075,0.01101282159090341,0.0602169874189705,True,56,29,61,65,77,A,0,59.45,39.2,65.2,65.2,Persistence
DUK,Duke Energy Corporation (Holding Company) Common Stock,Utilities,Utilities - Regulated Electric,United States,電力/エネルギー,123.95999908447266,96.638746624,383.51296138750075,0.06192970319860329,0.044631796283551274,0.010150166852057841,0.5117721872382666,-36.291666666666664,0.4642426533698451,50.44352955773375,-0.013370725413199119,0.06315624444300422,True,38,12,22,40,87,S,0,43.2,23.700000000000003,39.5,43.2,Acceleration
DV,"DoubleVerify Holdings, Inc. Common Stock",Communication Services,Advertising Agencies,United States,その他,10.5,1.61137408,35.233829925,0.1392131220417478,0.14724832894647213,0.26551772917965244,0.821594807367722,0.3029015583141531,0.0735191812608099,68.66667069329284,0.025290494773664608,0.3546404606897451,False,25,14,82,100,53,B,-5,34.05,25.8,75.69999999999999,75.69999999999999,Persistence
DVN,Devon Energy Corporation Common Stock,Energy,Oil & Gas E&P,United States,電力/エネルギー,46.1150016784668,53.189185536,610.0935058395758,0.07829360100376412,0.04469786341591296,-0.20402733580259794,0.2554689318128927,,0.2717174594132726,40.734905130017616,-0.025091986640134557,0.11436524008563326,True,30,0,6,40,100,S,0,38.5,16.0,33.3,38.5,Acceleration
DXC,DXC Technology Company Common Stock ,Technology,Information Technology Services,United States,その他,8.96500015258789,1.453049472,44.50350375471745,-0.01763654727682387,-0.05824248189068559,-0.05287595287595288,0.23971844353052832,-0.0036496350364963502,0.3294802172226532,48.37934860708563,-0.17245897658115744,0.4479679631195815,False,18,0,21,100,43,C,-5,27.799999999999997,14.3,40.15,40.15,Persistence
DXYZ,Destiny Tech100 Inc. Common Stock,Financial Services,Asset Management,United States,その他,37.880001068115234,1.154039424,243.81428216691398,1.4588484566427868,3.0,-0.02481207231534976,,,,41.21023492417304,-0.05247883557233203,0.4682762183604748,True,25,22,8,100,65,A,-35,5.25,3.0,7.399999999999999,7.399999999999999,Persistence
DY,"Dycom Industries, Inc. Common Stock",Industrials,Engineering & Construction,United States,その他,453.7250061035156,13.620189184,246.48039263065797,0.17947585864270077,0.12607607960007414,0.09639376735280542,0.20557791035991915,3.0,0.5004039014032354,59.33645029424356,0.06813437385078466,0.15223281809642164,True,47,26,42,65,85,S,0,53.5,37.75,56.35,56.35,Persistence
EAT,"Brinker International, Inc. Common Stock",Consumer Cyclical,Restaurants,United States,その他,153.82000732421875,6.597000704,151.41786948883973,0.21949672714094812,0.06820381302622665,0.08651192134801924,0.18245978975520968,0.8551569506726457,0.6322332561786007,77.31661838153747,0.06999416386967462,0.1641125760628063,True,39,36,40,85,50,B,-30,17.0,14.75,23.25,23.25,Persistence
ECAT,BlackRock ESG Capital Allocation Term Trust Common Shares of Beneficial Interest,Financial Services,Asset Management,United States,その他,15.305000305175781,1.522362368,7.343551885927583,-0.1160516485564761,-0.17765033785973627,1.955884027034504,,,0.00021349130274929428,54.393323804575886,0.0376884996054827,0.031941815372397146,True,18,0,18,100,87,S,-25,12.200000000000003,0.0,27.299999999999997,27.299999999999997,Persistence
ECG,"Everus Construction Group, Inc. Common Stock",Industrials,Engineering & Construction,United States,その他,145.0,7.401033216,74.78184325,0.31466705969256253,-0.0016483381738304857,0.057475224599425764,0.12120691215296231,-0.2179862553106456,0.215237651201951,45.003996640057636,0.01069383770552734,0.14282338105388112,True,32,20,33,85,100,S,0,46.75,37.75,59.400000000000006,59.400000000000006,Persistence
ECL,Ecolab Inc. Common Stock,Basic Materials,Specialty Chemicals,United States,その他,261.51910400390625,73.601286144,459.6042779761322,0.021586390028841145,0.02749311366692341,0.0798150523689367,0.44464343456955946,0.046663735297350774,0.36432583018508846,63.43788319408459,0.0017095681610231398,0.14960276891767257,False,6,12,42,40,70,A,0,17.5,22.0,47.1,47.1,Persistence
ECVT,Ecovyst Inc. Common Stock,Basic Materials,Specialty Chemicals,United States,その他,12.680000305175781,1.387870208,23.075916017379377,0.20929474590294087,0.02299754635843685,-0.2869126596184398,0.21849719770840964,-0.2587702553660813,0.3415935884686331,30.421696437394147,-0.0791976910978769,0.15297260661355608,True,39,5,21,100,80,S,-5,47.25,21.75,47.55,47.55,Persistence
ED,"Consolidated Edison, Inc. Common Stock",Utilities,Utilities - Regulated Electric,United States,電力/エネルギー,106.9749984741211,39.423463424,270.2595768762989,0.10894074462506555,0.040441928663984175,-0.06426292278238672,0.5325097529258778,1.031114952463267,0.38036003914051714,52.1503497268344,-0.011104857632401766,0.06572782090665685,True,55,39,34,40,87,S,0,55.95,43.95,46.10000000000001,55.95,Acceleration
EE,"Excelerate Energy, Inc. Class A Common Stock",Energy,Oil & Gas Midstream,United States,電力/エネルギー,32.665000915527344,3.71921152,9.642219928499983,0.4425764912729891,-0.2653458307124559,-0.5313483002038437,0.3219253531206264,1.2734029577679524,0.34634212933390873,26.6719370056431,-0.04054033491731107,0.23501375208054545,True,60,32,30,85,73,A,0,65.05,44.05,52.35,65.05,Acceleration
EFX,"Equifax, Inc. Common Stock",Industrials,Consulting Services,United States,その他,167.5800018310547,20.215947264,239.70521966412736,0.069247152840119,0.07899035174352351,0.02791769161688337,0.5644744423409334,0.39520295202952027,0.4292999106555857,55.2637419364931,-0.03371774021411249,0.37720343065063433,False,13,24,42,65,73,A,0,26.8,35.05,53.95,53.95,Persistence
EIX,Edison International Common Stock,Utilities,Utilities - Regulated Electric,United States,電力/エネルギー,71.31999969482422,27.443505152,183.51867974473,0.09761918290811977,0.077182029624189,-0.05121951219512195,0.48071646736035617,-0.031746031746031744,0.4418884138429796,56.683582116526836,0.0075055531896343775,0.05935109493685725,True,48,26,10,65,87,S,0,54.45,37.95,39.150000000000006,54.45,Acceleration
EL,"Estee Lauder Companies, Inc. (The) Common Stock",Consumer Defensive,Household & Personal Products,United States,その他,87.05000305175781,31.494248448,329.9021799105545,-0.08213736545361353,-0.018981772470144563,-0.10300501775948583,0.7397040346223649,-0.5350451075641915,0.47591996782626184,65.16336047011123,0.09508194615478137,0.2671117208690408,False,12,0,29,40,38,C,0,18.8,9.8,33.550000000000004,33.550000000000004,Persistence
ELF,"e.l.f. Beauty, Inc. Common Stock",Consumer Defensive,Household & Personal Products,United States,その他,59.10499954223633,3.513232384,267.8148096415449,0.2458704379159158,0.2828166323544923,0.7689256518163788,0.7072207773796313,0.6481269510926119,0.38297388894133133,67.10874914517628,-0.009068532782387976,0.5970205203510344,False,30,17,83,85,45,C,0,39.75,30.0,75.9,75.9,Persistence
EME,"EMCOR Group, Inc. Common Stock",Industrials,Engineering & Construction,United States,その他,819.0599975585938,36.474843136,278.29525065747373,0.16616001135786643,0.15761448120790855,0.1360361751226964,0.19327130810714582,-0.10775471437659796,0.05039165791932948,36.29050825641145,-0.033890784202707365,0.13212185689155628,True,35,14,62,40,90,S,0,41.25,25.5,62.1,62.1,Persistence
EMN,Eastman Chemical Company Common Stock,Basic Materials,Specialty Chemicals,United States,その他,73.28500366210938,8.380137472,78.75086672549286,-0.06714986143679386,0.018675352877307275,-0.12948960302457466,0.21069469835466179,-0.38372093023255816,0.3221616528703143,59.16521995731787,-0.0053191212194708334,0.08840243713675436,True,0,0,21,85,100,S,0,22.75,22.75,52.8,52.8,Persistence
EMR,Emerson Electric Company Common Stock,Industrials,Specialty Industrial Machinery,United States,電力/エネルギー,143.24000549316406,80.22872064,367.744470732769,0.02995655156643037,0.15344543356412793,0.09859461025789626,0.528363676731794,-0.08444902162718847,0.3278762749022972,68.94159787223616,0.029533024592723556,0.10710878177985346,True,11,19,41,40,80,S,0,22.25,28.25,48.55,48.55,Persistence
ENR,"Energizer Holdings, Inc. Common Stock",Industrials,Electrical Equipment & Parts,United States,電力/エネルギー,19.854999542236328,1.35954112,22.0185432483551,0.022757187391756147,-0.02456330033449336,-0.029638372512376644,0.4174823043316287,-0.8094663852879108,0.7752759672570062,88.27666889675183,0.08975512434259278,0.29722974630638016,False,37,19,19,100,23,D,-15,30.049999999999997,16.55,25.050000000000004,30.049999999999997,Acceleration
ENS,EnerSys Common Stock,Industrials,Electrical Equipment & Parts,United States,電力/エネルギー,230.02999877929688,8.400183296,111.9995016311508,0.03698523238884348,0.009969091572532902,-0.034166186024350564,0.2925758441702458,2.357187993680885,0.297174048365808,58.6357068362868,0.07449280077480021,0.05469712237569078,True,42,12,26,85,72,A,0,51.45,28.95,49.949999999999996,51.45,Acceleration
ENVA,"Enova International, Inc. Common Stock",Financial Services,Credit Services,United States,その他,182.52999877929688,4.542240256,31.953929748802185,0.18581270223493115,0.25507699848746646,0.2197784094672784,0.47306476950349546,0.18514948961779187,0.7003895225303443,68.8129128719728,0.12911765616077542,0.0,True,15,26,83,85,25,D,-30,0.0,4.75,41.900000000000006,41.900000000000006,Persistence
EOG,"EOG Resources, Inc. Common Stock",Energy,Oil & Gas E&P,United States,電力/エネルギー,139.8800048828125,74.504085504,421.2882067579712,-0.03404910599709128,0.008454835648347855,-0.21395632713956328,0.6337791161101762,-0.4021833304453301,0.1623197359022375,47.16553243148125,0.021382073325023024,0.059536447674626174,True,12,0,37,40,87,S,0,23.700000000000003,14.700000000000001,47.75,47.75,Persistence
EPAC,Enerpac Tool Group Corp. Common Stock,Industrials,Specialty Industrial Machinery,United States,その他,34.900001525878906,1.84189312,14.738279369379043,0.04646061983681363,-0.014533503620838377,0.04723374233880639,0.5054782063190246,0.31521428162728155,0.22910443344160356,60.113431501218685,-4.5800500278119775e-05,0.20855318625470626,False,31,24,38,100,70,A,-5,40.25,35.0,54.900000000000006,54.900000000000006,Persistence
EPAM,"EPAM Systems, Inc. Common Stock",Technology,Information Technology Services,United States,その他,95.03500366210938,4.965051904,227.85387202419432,0.15421430898023242,0.007973495588994017,-0.027806507267397876,0.28834613388611,0.16255298640284466,0.02931456818007497,34.256587206887374,-0.1518313822026342,0.5707542625021795,False,37,14,30,85,33,D,0,43.8,26.55,44.35,44.35,Persistence
EPD,Enterprise Products Partners L.P. Common Stock,Energy,Oil & Gas Midstream,United States,電力/エネルギー,37.69499969482422,81.5538176,134.55542632614973,-0.06444440491648731,0.13082570652720507,-0.14558484858900766,0.1360559738383147,-0.16970036404368524,0.44635567764627354,34.98672797208279,-0.0021444680641137877,0.05288943674843633,True,0,0,17,40,77,A,0,13.7,13.7,34.75,34.75,Persistence
EQH,"Equitable Holdings, Inc. Common Stock",Financial Services,Asset Management,United States,その他,41.599998474121094,11.7112064,183.946509252882,-0.06116700201207243,0.1878585086042065,-0.17273014868712433,,-0.6330275229357798,0.020635869052485926,46.71945971909699,0.020473294660455558,0.23932349309679787,False,0,0,25,65,90,S,-20,0.0,0.0,28.0,28.0,Persistence
EQT,EQT Corporation Common Stock,Energy,Oil & Gas E&P,United States,電力/エネルギー,53.09000015258789,33.206628352,306.0584675536537,0.5995614485258298,0.030021802838747752,-0.582395167430068,0.4587503233784062,3.0,0.1880332996481649,21.98579001928543,-0.07412320455902587,0.21625790571639864,False,78,64,38,40,53,B,0,69.8,59.3,41.5,69.8,Acceleration
ES,Eversource Energy (D/B/A) Common Stock,Utilities,Utilities - Regulated Electric,United States,電力/エネルギー,68.83000183105469,25.885589504,174.7364921149391,0.13834647711764805,-0.0008308492234506689,-0.03080971990675493,0.8469225179674922,0.9805682715211014,0.4721186831532982,49.17910048361219,0.0072823555796396365,0.07645436627997264,True,59,26,17,65,87,S,0,62.7,37.95,43.0,62.7,Acceleration
ESAB,ESAB Corporation Common Stock,Industrials,Metal Fabrication,United States,その他,88.54499816894531,5.3907712,50.250008102611545,0.03712488639278343,-0.012239951044520511,0.06990067399787159,0.3688027144593508,-0.2975429813582768,0.2822382437274632,41.37472535875066,-0.08060395101796795,0.34258457409784004,False,22,0,25,85,63,B,0,35.55,19.05,47.6,47.6,Persistence
ESE,ESCO Technologies Inc. Common Stock,Technology,Scientific & Technical Instruments,United States,その他,310.0950012207031,8.03368448,74.88439220703583,0.1917700165483116,0.07400621411953591,-0.0019929982670594355,0.420933039251845,1.1722105214962686,0.09558751537096932,60.39301645006752,0.014265482350227319,0.08620894167271217,True,51,26,34,85,80,S,0,59.0,40.25,55.95,59.0,Acceleration
ESI,Element Solutions Inc. Common Stock,Basic Materials,Specialty Chemicals,United States,その他,40.970001220703125,9.980587008,109.59949349452211,0.03838170051691155,0.05301731527515858,-0.08480426767082451,0.41960645970523675,-0.22479564032697547,0.32195083702513033,52.266715991944935,0.019428472635228414,0.08905026379699908,True,4,0,25,85,100,S,0,25.75,22.75,55.0,55.0,Persistence
ETR,Entergy Corporation Common Stock,Utilities,Utilities - Regulated Electric,United States,電力/エネルギー,110.67500305175781,50.676629504,383.7586614280296,0.08982021612920849,-0.022042472915218485,-0.11746564666098092,0.47716913810993794,-0.8840804752903052,0.4303049224844427,46.67374133174908,-0.015109339983707958,0.056961464926953226,True,38,12,10,40,87,S,0,43.2,23.700000000000003,32.900000000000006,43.2,Acceleration
ETSY,"Etsy, Inc. Common Stock",Consumer Cyclical,Internet Retail,United States,その他,68.91000366210938,6.53929984,191.4276143881073,0.02676642220364259,0.02181469281688793,0.07102810439610757,0.7163864344073403,-0.09904636437879688,1.0878824470670128,76.3123404911446,0.11902857344039161,0.08800945091782952,True,30,0,39,85,35,C,-20,18.75,0.0,29.700000000000003,29.700000000000003,Persistence
EVR,Evercore Inc. Class A Common Stock,Financial Services,Capital Markets,United States,その他,357.6000061035156,13.832856576,134.3620873332916,0.2940760701209863,0.22821749344277228,-0.12168470642074287,,0.23423829653984657,0.21557672434821543,65.52622314810074,0.06143072953802837,0.061799812933827546,True,44,29,38,65,52,B,-20,27.950000000000003,16.700000000000003,27.550000000000004,27.950000000000003,Acceleration
EVTC,"Evertec, Inc. Common Stock",Technology,Software - Infrastructure,United States,ソフトウェア,23.334999084472656,1.437910656,14.893923691400525,0.10210931937370932,0.2170361978900518,0.12338112802368659,0.4965454627405781,-0.2105036239483558,0.5038924867694677,39.98427973560229,-0.12194142539894415,0.37798544372479254,False,13,14,55,100,41,C,-5,23.85,24.6,58.45,58.45,Persistence
EXP,Eagle Materials Inc Common Stock,Basic Materials,Building Materials,United States,その他,218.82000732421875,6.772073984,94.6171803529724,0.021300521829606442,0.0005360074394822814,0.051780459566242984,0.2826503535820377,-0.4411394214574246,0.4676392233288672,68.56629043990216,0.06726785190837706,0.09357299443707977,True,18,0,29,85,65,A,0,32.75,19.25,50.2,50.2,Persistence
EXPD,"Expeditors International of Washington, Inc. Common Stock",Industrials,Integrated Freight & Logistics,United States,その他,164.05999755859375,21.457594368,188.73677858037414,0.04419539994047459,0.1398268407577975,-0.45521906846608606,0.1292198786720654,0.39611506893446286,0.11659812188805138,63.01717514012984,0.08161631401017375,0.013706858419459478,True,5,24,30,65,40,C,0,17.5,31.75,40.75,40.75,Persistence
F,Ford Motor Company Common Stock,Consumer Cyclical,Auto Manufacturers,United States,その他,14.725000381469727,58.674601984,1263.509739999065,0.01229782909531223,0.04995147311724209,0.11473076168723942,0.008971148146763712,0.8499777415046743,0.5731705630100982,60.54660031536073,0.11692782771486478,0.15567660948667497,True,9,12,34,40,50,B,0,17.75,20.0,38.7,38.7,Persistence
FAF,First American Corporation (New) Common Stock,Financial Services,Insurance - Specialty,United States,その他,67.18000030517578,6.84564224,59.90677100813598,0.2163641413563808,0.020439805938547207,-0.2101735535013563,,0.12264428739693757,0.16452849255644286,48.050415164152675,0.02002804530731699,0.04758331791115114,True,41,29,30,85,87,S,-20,32.2,23.200000000000003,35.150000000000006,35.150000000000006,Persistence
FBIN,"Fortune Brands Innovations, Inc. Common Stock",Industrials,Building Products & Equipment,United States,その他,41.630001068115234,4.96618496,103.32097094994162,-0.031633760034714686,-0.0037179542605161905,-0.02049544780859623,0.4457340025094103,-0.22697576396206534,0.42767536729748795,87.61067757890784,0.07681829888411977,0.34617117239910833,False,4,0,21,85,23,D,0,18.05,15.05,37.4,37.4,Persistence
FBK,FB Financial Corporation Common Stock,Financial Services,Banks - Regional,United States,その他,54.25,2.795148032,17.4141821875,0.2318025870716658,-0.04649352117156808,-0.09367050668953102,,0.11160342976393908,0.011247712617663537,59.35960116714609,0.017229390612536172,0.1130477843520389,False,41,29,30,100,90,S,-20,34.75,25.75,39.5,39.5,Persistence
FBP,First BanCorp. New Common Stock,Financial Services,Banks - Regional,United States,その他,25.030000686645508,3.871749376,33.50171979704933,0.06251574439499538,0.008823319601234106,0.01195051056145405,,0.11006693019267168,0.015157144042834716,68.73402985016416,0.06879841383495472,0.0,True,20,24,42,85,40,C,-20,11.75,14.75,32.35,32.35,Persistence
FCF,First Commonwealth Financial Corporation Common Stock,Financial Services,Banks - Regional,United States,その他,19.540000915527344,1.986914304,12.719803937973786,0.09367464020764531,-0.00862975211752387,0.17364556894256672,,0.5050519237690599,0.03133280985326463,65.78947745814946,0.05486122759470368,0.0,True,27,24,30,100,40,C,-25,14.25,12.0,24.5,24.5,Persistence
FCN,"FTI Consulting, Inc. Common Stock",Industrials,Consulting Services,United States,その他,159.4600067138672,4.806769664,85.86058682905427,0.024388615095445584,0.060015900301555465,0.151980185598242,0.32133041706245447,-0.7397724145025286,0.17954905389671705,62.84687100593572,-0.04863950191715362,0.14740946503434146,False,4,0,41,85,70,A,0,22.75,19.75,57.8,57.8,Persistence
FCX,"Freeport-McMoRan, Inc. Common Stock",Basic Materials,Copper,United States,その他,64.06999969482422,92.10445824,787.9633952123028,0.018071105873109408,0.1137606650623496,0.003292361720807726,0.28157437777349026,-0.5255102040816326,0.18037718981553114,57.054671748666074,0.005168948567463863,0.10666482704507556,True,0,12,37,40,100,S,0,16.0,25.0,50.35,50.35,Persistence
FDS,FactSet Research Systems Inc. Common Stock,Financial Services,Financial Data & Stock Exchanges,United States,その他,244.17999267578125,8.895752192,212.9892584143524,0.05387607033139421,0.0563642047884736,0.13103587411844078,0.5271743531167035,0.004550505403826849,0.3620842270191103,63.25347144931088,0.0664548026591783,0.44848669157910165,False,10,24,46,85,30,D,-20,3.25,13.75,32.55,32.55,Persistence
FDX,FedEx Corporation Common Stock,Industrials,Integrated Freight & Logistics,United States,その他,326.20001220703125,77.833527296,626.5898072681946,0.0026569965675709577,-0.027308524208307913,-0.03589913593977243,0.21603393762937015,-0.04942602040816327,0.4269916806463761,62.96979289869679,0.050151828952819985,0.03630824657129153,True,30,0,17,40,52,B,0,33.7,11.2,29.75,33.7,Acceleration
FE,FirstEnergy Corp. Common Stock,Utilities,Utilities - Regulated Electric,United States,電力/エネルギー,45.810001373291016,26.497933312,206.81176845929775,0.12010095011876484,0.046775446775446775,0.03298820130026487,0.6530815109343936,0.11764705882352941,0.47502862049227246,53.48401993126358,-0.03170604903989084,0.10840919036321835,False,49,26,26,65,90,S,0,55.5,38.25,48.55,55.5,Acceleration
FERG,Ferguson Enterprises Inc. Common Stock,Industrials,Industrial Distribution,United States,その他,231.6999969482422,44.93539328,318.9907464785217,,0.038029357179011306,-0.0033295217596018027,,0.06795469686875416,0.3365108015116476,56.73076693418425,-0.04316970897841401,0.13117817269176493,False,2,12,26,40,90,S,0,16.5,24.0,42.3,42.3,Persistence
FG,"F&G Annuities & Life, Inc. Common Stock",Financial Services,Insurance - Life,United States,その他,28.71500015258789,3.804306688,31.185823977467535,0.0014757424829367274,0.26925778506204634,0.9075480125055828,,-0.21907949790794978,0.0229706390328152,56.23600648071412,0.05186618585661881,0.1706140954941356,True,0,0,45,85,85,S,-20,1.25,1.25,43.0,43.0,Persistence
FHI,"Federated Hermes, Inc. Common Stock",Financial Services,Asset Management,United States,その他,58.369998931884766,4.431021568,43.84530178967285,0.103284555475699,0.013990658397812092,0.11326491512739537,0.6791815014802881,-0.1399789799433626,0.20499682192508356,77.53884886315575,0.04240718616981165,0.0,True,38,14,49,85,40,C,-20,25.25,7.25,36.2,36.2,Persistence
FHN,First Horizon Corporation Common Stock,Financial Services,Banks - Regional,United States,その他,25.06999969482422,11.898669056,93.26690076916695,0.0733204134366925,-0.018700475435816166,0.011217948717948718,,-0.5138888888888888,0.018074300157375173,61.60222770190525,0.03738216280126772,0.03683863766149325,True,18,12,25,65,67,A,-20,9.95,5.449999999999999,23.4,23.4,Persistence
FICO,Fair Isaac Corporation Common Stock,Technology,Software - Application,United States,ソフトウェア,1243.5799560546875,28.839745536,408.315488296051,0.15914926469817633,0.1347613601602054,0.0989544533751552,0.8223278377432166,0.21729367003998926,1.6459631086223518,51.65226513958206,0.11920213108929338,0.35449414309368643,False,58,33,55,65,43,C,-20,37.55,18.799999999999997,35.1,37.55,Acceleration
FIGS,"FIGS, Inc. Class A Common Stock",Consumer Cyclical,Apparel Manufacturing,United States,その他,11.890000343322754,1.986191872,31.089906313718412,0.1359714017258324,0.018165623866023026,0.07870352980715055,0.6652516724819283,-0.17366427090316647,0.1034558859026614,46.089390162718644,-0.12555523813949418,0.30549066819700194,True,41,21,49,100,61,B,-5,46.85,31.85,59.150000000000006,59.150000000000006,Persistence
FIS,"Fidelity National Information Services, Inc. Common Stock",Technology,Information Technology Services,United States,その他,39.540000915527344,20.4374016,271.6285907684131,0.0543102597017873,0.030108839385616926,0.011419753086419753,0.36864287721270017,0.4569377990430622,0.39808289536550406,34.693873011600914,-0.1131068855507342,0.5099120920459004,False,39,12,42,65,45,C,0,43.5,23.25,48.35,48.35,Persistence
FIX,"Comfort Systems USA, Inc. Common Stock",Industrials,Engineering & Construction,United States,その他,1832.8199462890625,64.485879808,757.3748117900695,0.2951507767511408,0.3496831042721385,0.2575609294255288,0.2412640753464128,0.39765930519007137,0.07504196831351576,49.70242009688597,0.03251785783282351,0.10224534019306693,True,17,36,85,40,100,S,0,28.75,43.0,76.75,76.75,Persistence
FLG,"Flagstar Bank, N.A. Common Stock",Financial Services,Banks - Regional,United States,その他,14.475000381469727,6.033399296,54.18139346912985,-0.2020123839009288,-0.2887420864299477,1.451417004048583,,-5.96,0.13922662034920924,65.58601616724667,0.03770784347753746,0.021926673520893416,True,18,18,18,85,55,B,-30,1.75,1.75,12.149999999999999,12.149999999999999,Persistence
FLO,"Flowers Foods, Inc. Common Stock",Consumer Defensive,Packaged Foods,United States,その他,7.744999885559082,1.641887616,84.91833843848785,0.029977934694454988,0.002486235054008875,0.05930473496521511,0.4887100281386076,0.13726762089416059,0.49806673787680805,60.58700771296834,-0.042396681859078134,0.5065130783843844,False,28,12,42,100,45,C,-25,15.5,3.5,32.1,32.1,Persistence
FLOC,Flowco Holdings Inc. Class A Common Stock,Energy,Oil & Gas Equipment & Services,United States,電力/エネルギー,24.15999984741211,2.576596224,16.2433948494112,0.41929800963237795,1.1998660217077712,0.6373369042251815,0.3531976954637175,0.8773338143771985,0.12716790040519912,23.624161726762225,0.000955446847126187,0.1399074504744606,True,27,20,72,100,73,A,0,42.55,37.3,79.19999999999999,79.19999999999999,Persistence
FLR,Fluor Corporation Common Stock,Industrials,Engineering & Construction,United States,その他,49.04999923706055,6.850807808,130.14322746821043,-0.04977015016855654,0.05434923096807548,0.12587310826542492,-0.007740437334709411,-1.658132530120482,0.129917435648373,68.3181188917285,0.02073516304356956,0.13598733765110202,True,0,0,10,85,80,S,-10,10.75,10.75,32.75,32.75,Persistence
FLS,Flowserve Corporation Common Stock,Industrials,Specialty Industrial Machinery,United States,その他,76.07499694824219,9.722918912,155.7436207985756,0.037617660778014685,0.05490678675556529,0.1951406868928279,0.33439417583300557,0.2633485240597289,0.3083761956483655,75.95737091511072,0.005109071413125877,0.17095426335352187,True,9,24,42,85,65,A,0,26.0,37.25,57.35,57.35,Persistence
FLUT,Flutter Entertainment plc Ordinary Shares,Consumer Cyclical,Gambling,United States,その他,117.61000061035156,20.393629696,311.8409701728371,0.16621583143507973,0.19151823579304494,0.24590510408961216,0.45193188060794726,-0.5674814027630181,0.4396174863387978,78.78034968052968,0.14065971434834015,0.6188917748404033,False,13,2,80,65,0,D,0,19.5,11.25,60.25,60.25,Persistence
FMC,FMC Corporation Common Stock,Basic Materials,Agricultural Inputs,United States,その他,11.289999961853027,1.411761536,32.274765792949104,-0.18339181837450838,-0.053646251225817954,-0.22672043844682283,0.3700178808329007,-1.2926061007957559,0.4334379387232637,34.09091204651156,-0.23033922254358774,0.7388024890496449,False,4,0,6,100,33,D,-15,6.300000000000001,3.3000000000000007,19.9,19.9,Persistence
FNB,F.N.B. Corporation Common Stock,Financial Services,Banks - Regional,United States,その他,18.34000015258789,6.52837888,83.80059956521683,0.10588972431077694,0.015913430935709738,0.0887040887040887,,-0.2524850894632207,0.06135897589042187,68.70486466589213,0.0509803905452042,0.01644552284385668,True,23,14,37,85,40,C,-20,14.0,7.25,29.6,29.6,Persistence
FND,"Floor & Decor Holdings, Inc. Common Stock",Consumer Cyclical,Home Improvement Retail,United States,その他,50.369998931884766,5.444702208,139.159273811574,0.05124097518498486,0.00948960144852017,0.03503621666733498,0.4363513238863147,-0.5901464219690524,0.364115312985546,61.3034617943486,0.015876447311768082,0.4429329799612371,False,22,12,37,85,45,C,0,33.75,26.25,50.6,50.6,Persistence
FNF,"Fidelity National Financial, Inc. Common Stock",Financial Services,Insurance - Specialty,United States,その他,48.34000015258789,13.011075072,62.34060321478157,0.058779483339573196,0.15918757052339208,0.005761676123963335,,-0.14814814814814814,0.0437375016052984,44.95530037659738,-0.008100981831416667,0.15525104901654593,False,0,0,37,65,90,S,-20,0.0,0.0,34.6,34.6,Persistence
FOR,Forestar Group Inc Common Stock ,Real Estate,Real Estate - Development,United States,その他,28.985000610351562,1.478488192,4.389645011434936,0.10136478070756592,0.05045584243858306,-0.05411098676848134,0.21865976900866219,-0.24470734744707348,0.26047178833280205,82.50824944007044,0.08159847702159394,0.04371490857595184,True,35,2,6,100,37,C,-15,29.950000000000003,5.199999999999999,20.700000000000003,29.950000000000003,Acceleration
FOUR,"Shift4 Payments, Inc. Class A Common Stock",Technology,Software - Infrastructure,United States,ソフトウェア,37.75,3.742155776,52.1934425625,0.2548784148904233,0.298635477582846,0.2866171749598716,0.3416267942583732,0.19935691318327975,0.5297830827499139,32.6848147377402,-0.13245115985358608,0.6465686652666467,False,15,17,81,85,33,D,0,27.3,28.8,72.4,72.4,Persistence
FSK,FS KKR Capital Corp. Common Stock,Financial Services,Asset Management,United States,その他,11.055000305175781,3.0961344,32.29600824503861,-0.8298192771084337,-0.14762516046213095,3.0,,,0.5560492388374972,53.45455756070054,0.021785169333370463,0.43689907647043225,False,0,0,10,85,65,A,-20,0.0,0.0,19.75,19.75,Persistence
FSS,Federal Signal Corporation Common Stock,Industrials,Farm & Heavy Construction Machinery,United States,その他,110.43499755859375,6.736783872,42.96330014520264,0.17136717700778942,0.08057119637777907,0.2006551435740173,0.2894748910800275,0.19087572102779235,0.2485162584635961,46.29743643033966,-0.026735110999505686,0.14553329465636886,False,25,26,57,85,90,S,-20,20.5,21.25,50.599999999999994,50.599999999999994,Persistence
FTV,Fortive Corporation Common Stock ,Technology,Scientific & Technical Instruments,United States,その他,62.599998474121094,19.084300288,202.64668682047423,0.019162439657918598,0.04266843813076471,-0.32816657225741114,0.6350171912192542,,0.28170765993337704,70.82847037311035,0.04741473483782453,0.0028671600617351466,True,12,0,18,65,40,C,0,22.75,13.75,34.15,34.15,Persistence
FUL,H. B. Fuller Company Common Stock,Basic Materials,Specialty Chemicals,United States,その他,61.72200012207031,3.363064832,42.81128351196976,-0.026661260457484105,0.016463425401901603,-0.0635469114204348,0.3111061786526846,-0.25723809582166557,0.40056854469460546,57.11831828929203,0.011777459490092805,0.08170474552803567,True,4,12,21,85,100,S,0,25.75,31.75,52.8,52.8,Persistence
FUN,Six Flags Entertainment Corporation Common Stock New,Consumer Cyclical,Leisure,United States,その他,23.770000457763672,2.429387776,42.917814984513086,0.1444716466968828,0.5060733831924513,-0.010297774327150634,0.9130068196868099,-3.8938832163976196,0.6924298152554582,79.91453339788974,0.20835326509774876,0.2783848983378504,True,20,2,30,100,18,D,-10,21.8,8.3,35.1,35.1,Persistence
GAB,"Gabelli Equity Trust, Inc. (The) Common Stock",Financial Services,Asset Management,United States,その他,5.574999809265137,1.7349216,6.219384210969114,0.5036296789353978,-0.13155527185643245,2.180637808353388,,,,53.086374692999094,-0.003984100400721765,0.09064745940836974,False,36,22,8,100,90,S,-25,26.0,15.5,22.4,26.0,Acceleration
GAM,"General American Investors, Inc. Common Stock",Financial Services,Asset Management,United States,その他,62.459999084472656,1.49820352,1.8536753608291627,0.3750510032407841,-0.0997555748641208,2.627150822537805,,,0.001015289505874655,37.23403650908182,-0.013145438780320024,0.042318339229873346,True,32,20,18,100,77,A,-25,21.700000000000003,12.700000000000003,25.299999999999997,25.299999999999997,Persistence
GAP,"Gap, Inc. (The) Common Stock",Consumer Cyclical,Apparel Retail,United States,その他,21.545000076293945,7.755746304,197.216789296123,0.0185602545406337,0.013231244542951172,-0.04655481557377049,0.4079135754262658,-0.2078922040423484,0.44418936035465484,45.470909319329174,-0.09002212388763861,0.25511331316421043,False,34,0,21,85,63,B,0,44.55,19.05,45.4,45.4,Persistence
GATX,GATX Corporation Common Stock,Industrials,Rental & Leasing Services,United States,その他,174.27000427246094,6.187066368,38.32775099015579,0.09769788710186061,0.12375079736338507,0.10832678711704635,0.4895426338772696,,0.704919581099475,55.19440820044079,-0.048200038138472165,0.13194855030479197,True,8,12,28,85,100,S,-10,18.75,21.75,46.650000000000006,46.650000000000006,Persistence
GBCI,"Glacier Bancorp, Inc. Common Stock",Financial Services,Banks - Regional,United States,その他,48.415000915527344,6.300856832,36.963892161236956,0.24005125755067425,0.026081878604625828,-0.11508609963390001,,0.656898360030511,0.023786368799135833,53.579191141748794,0.015827557235198984,0.08359139520348619,True,48,29,30,85,100,S,-20,38.75,24.5,37.75,38.75,Acceleration
GD,General Dynamics Corporation Common Stock,Industrials,Aerospace & Defense,United States,防衛/宇宙,345.30999755859375,93.3822464,326.96385004330443,0.10130773744655881,0.12878501135503406,0.07270281929606415,0.1513035204567079,0.23873591989987483,0.17098988628622333,55.87985841091816,0.01653164353463356,0.05570821145572974,True,10,26,50,40,87,S,0,22.200000000000003,34.2,54.900000000000006,54.900000000000006,Persistence
GDDY,GoDaddy Inc. Class A Common Stock,Technology,Software - Infrastructure,United States,ソフトウェア,82.05999755859375,10.86555136,236.6460652154297,0.08263360447826468,0.07500999036223878,0.0397917532324689,0.6361414635131587,0.24930616128776464,0.48072782486403065,32.41187370838662,-0.04311244025070893,0.5442883644090518,False,50,12,46,65,55,B,0,52.75,24.25,52.55,52.75,Acceleration
GEF,Greif Inc. Class A Common Stock,Consumer Cyclical,Packaging & Containers,United States,その他,64.94499969482422,3.689924352,11.953926017328643,0.04301487318276531,-0.3424206630443342,0.14279800579543206,0.2064570943075616,-0.6178180972319144,0.4514411216077983,61.296412596531866,-0.016612136367546472,0.14750117597668658,False,18,0,17,85,70,A,0,33.25,19.75,44.6,44.6,Persistence
GEF-B,"Greif, Inc. Corporation Class B Common Stock",Consumer Cyclical,Packaging & Containers,United States,その他,80.13999938964844,3.035497472,2.07697634318161,0.04301487318276531,-0.3424206630443342,0.14279800579543206,0.2064570943075616,-0.6178180972319144,0.4514411216077983,53.25442117446167,-0.04102508159669083,0.13427676726967483,True,18,0,17,85,100,S,0,36.25,22.75,50.6,50.6,Persistence
GEV,GE Vernova Inc. Common Stock,Industrials,Specialty Industrial Machinery,United States,その他,897.85498046875,241.271586816,2142.5270529153568,0.08968083583798483,0.05102439904930955,0.1208943144263843,0.19793527372071032,1.1823529411764706,0.018598451187000126,27.003852193835684,-0.11260360137367363,0.2189373417083026,True,33,24,42,25,63,B,0,34.8,28.05,41.95,41.95,Persistence
GFF,Griffon Corporation Common Stock,Industrials,Building Products & Equipment,United States,その他,91.68000030517578,4.205052928,28.998090720526122,-0.039486643898274075,-0.02296417041222144,-0.05733041529400861,0.4198555830607724,-0.017107687127469105,0.7714535066002403,74.80836912795469,0.07741111633388398,0.02840689591493156,True,7,0,19,85,25,D,-10,10.5,5.25,26.700000000000003,26.700000000000003,Persistence
GFL,"GFL Environmental Inc. Subordinate voting shares, no par value",Industrials,Waste Management,United States,その他,36.02000045776367,13.002186752,80.89252296503048,0.07771877239851437,-0.18318142505488658,0.11154659606880334,0.2066687827808764,-0.4971198156682028,0.4111437041336706,46.18992910383182,-0.05889183015912567,0.29386201497181147,False,18,35,17,65,63,B,0,29.55,42.3,38.2,42.3,Transition
GGG,Graco Inc. Common Stock,Industrials,Specialty Industrial Machinery,United States,その他,75.63999938964844,12.553832448,103.27413523066407,0.058338648834343754,-0.037479402042078586,0.024298805563369802,0.5245376472544984,0.23877249433454442,0.0157580162906541,52.65622392294304,-0.053660498819965756,0.19958286504415043,False,31,24,38,65,80,S,0,41.0,35.75,53.150000000000006,53.150000000000006,Persistence
GHC,Graham Holdings Company Common Stock,Consumer Defensive,Education & Training Services,United States,その他,1150.5,4.955300352,16.96676865,0.025185017274401658,0.08517270130062514,0.12495473937652583,0.29927051734855076,-0.15049556276922696,0.1575736331149004,66.70713286518128,0.03065574276606403,0.0330568922772454,True,0,0,37,85,67,A,0,19.45,19.45,55.0,55.0,Persistence
GHM,Graham Corporation Common Stock,Industrials,Specialty Industrial Machinery,United States,その他,103.16999816894531,1.204285184,27.67854512026291,0.16864066013644852,0.13131356685872594,0.1808513346656653,0.23543272739132384,-1.022578839335697,0.06239802729160487,57.92722984909607,0.08315868294433591,0.04436829340633317,True,23,14,47,100,72,A,-5,34.45,27.700000000000003,60.25,60.25,Persistence
GIC,Global Industrial Company Common Stock,Industrials,Industrial Distribution,United States,その他,31.3700008392334,1.200250752,3.0144437646446227,0.048027965650885324,0.03264537393078553,0.0927879255638453,0.3554492060039156,0.5927505330490405,0.17837465564738292,80.06043584338772,0.005522273474634607,0.16111632954389424,True,31,24,46,100,65,A,-5,39.75,34.5,58.3,58.3,Persistence
GIS,"General Mills, Inc. Common Stock",Consumer Defensive,Packaged Foods,United States,その他,34.17499923706055,18.23855616,340.6320307468134,-0.018663255645307495,-0.011794448149217186,0.05799039636072617,0.345519485184691,-0.0931777733834289,0.46253980061141,55.162793536518905,-0.009601076838671218,0.3402651084182969,False,4,0,21,65,73,A,-20,0.05000000000000071,0.0,22.400000000000006,22.400000000000006,Persistence
GL,Globe Life Inc. Common Stock,Financial Services,Insurance - Life,United States,その他,161.48500061035156,12.538464256,89.38973948910903,0.03742582513292936,0.060676273094628336,0.042242965978793665,,-0.058200609135530774,0.08520397361017304,65.16296257262175,0.06314160740327944,0.0,True,0,12,37,65,40,C,-20,0.0,2.75,24.6,24.6,Persistence
GLW,Corning Incorporated Common Stock,Technology,Electronic Components,United States,半導体,177.39999389648438,152.677138432,2270.084829896851,0.1914163744473243,0.042103590721321894,-0.11283388540418635,0.35965192910614885,0.45071868583162217,0.3027182334710744,48.616212233341656,0.013348403506415401,0.146956588732074,True,50,33,30,25,100,S,0,51.25,38.5,42.75,51.25,Acceleration
GM,General Motors Company Common Stock,Consumer Cyclical,Auto Manufacturers,United States,その他,82.34539794921875,74.247979008,652.6158567179168,-0.012926665315137482,0.09078106632837141,0.09638561903850448,0.06267464422572817,1.2961538461538462,0.46683067646933346,69.45916870050957,0.05468176535913389,0.04237907027729918,True,12,25,22,40,52,B,0,20.2,29.95,32.5,32.5,Persistence
GME,GameStop Corporation Common Stock,Consumer Cyclical,Specialty Retail,United States,その他,22.18000030517578,9.951971328,130.60277082897034,-0.05051007062516349,-0.2749582764375664,-0.11040626265352949,0.3295132097302956,3.0,0.41988179122867814,45.785892234446436,-0.04654641009125534,0.26434492252716674,False,40,38,26,85,73,A,0,50.05,48.55,50.15,50.15,Persistence
GNK,Genco Shipping & Trading Limited Ordinary Shares New (Marshall Islands),Industrials,Marine Shipping,United States,その他,23.93000030517578,1.042798848,8.65977654543686,-0.19139228776216502,0.1021064287110011,-0.2851542275214458,0.13449338408555375,-1.8628085276178532,0.17100222474492754,47.84810175480784,-0.0009711692493031208,0.10358363999909974,True,0,0,10,100,100,S,-5,20.0,20.0,45.5,45.5,Persistence
GNRC,Generac Holdlings Inc. Common Stock,Industrials,Specialty Industrial Machinery,United States,その他,249.75,14.702452736,202.7277068625,-0.020179317915915745,0.0679069383570651,-0.11875163892246147,0.3829129750041992,-0.5564965396779188,0.26881042126753263,52.132434664914534,0.029693087012654718,0.12463635295952374,True,4,0,25,65,100,S,0,22.75,19.75,50.0,50.0,Persistence
GNW,Genworth Financial Inc Common Stock,Financial Services,Insurance - Life,United States,その他,8.885000228881836,3.403037184,21.754978147418594,-0.005179896402071959,-0.03093203093203093,-0.0033802055164954027,,,0.017176980802197928,37.463126013806054,0.008501627461921435,0.04564985731250493,True,18,0,10,85,77,A,-20,13.950000000000003,0.4499999999999993,22.15,22.15,Persistence
GOLF,Acushnet Holdings Corp. Common Stock,Consumer Cyclical,Leisure,United States,その他,94.2249984741211,5.51725568,28.246633416324233,0.04136558230851035,0.03152651453928325,0.04918170702486328,0.4772891239013104,-0.2959573918960137,0.40248875335670525,71.9717897478445,0.01975572033640384,0.08273695155690068,True,26,0,37,85,65,A,0,38.75,19.25,54.6,54.6,Persistence
GPC,Genuine Parts Company Common Stock,Consumer Cyclical,Auto Parts,United States,その他,99.29000091552734,13.813434368,147.82966040259896,0.034639882904991356,0.01714805282320389,0.04501440149297793,0.3679278239578939,-0.3845348524371557,0.31426108675225556,67.3045697168671,-0.02795194635343959,0.3213775065588002,False,22,0,37,65,53,B,0,31.55,15.05,47.2,47.2,Persistence
GPGI,"GPGI, Inc. Class A Common Stock",Industrials,Metal Fabrication,United States,その他,11.789999961853027,3.417466368,23.024021253504944,-0.8577552898321568,0.0766507350964726,0.03211035838467961,0.48052621021663544,-1.1921342933579946,0.0,46.09928430430611,-0.17988571151332755,0.5463708415346006,False,8,0,18,85,43,C,-10,13.05,7.050000000000001,29.75,29.75,Persistence
GPI,"Group 1 Automotive, Inc. Common Stock",Consumer Cyclical,Auto & Truck Dealerships,United States,その他,334.5400085449219,3.980421632,57.08267874702301,0.1322838911630147,0.1152923009785327,0.10181172597875737,0.16045969678442631,0.24413833528722156,0.5672006647599908,63.95166317851895,0.009060830638551199,0.311605742539004,False,40,14,52,85,53,B,0,48.05,28.55,60.45,60.45,Persistence
GPK,Graphic Packaging Holding Company,Consumer Cyclical,Packaging & Containers,United States,その他,10.569999694824219,3.127529728,74.96393084815026,-0.021573748154876803,-0.06586762834111158,-0.001271186440677966,0.18591157015202506,0.7768595041322314,0.4788110403397028,61.16207094869291,0.04925644777194671,0.5400250434059696,False,27,12,2,85,45,C,0,37.5,26.25,31.35,37.5,Acceleration
GPN,Global Payments Inc. Common Stock,Industrials,Specialty Business Services,United States,その他,63.38639831542969,17.338939392,239.81766503063508,-0.0038898806484513253,0.048265098273879016,-0.17778712419287362,0.7257442954586096,-0.1443101970649684,0.4099362104104796,28.06522845259198,-0.08301944415997595,0.2892604021664593,False,12,0,29,65,36,C,0,22.35,13.35,39.400000000000006,39.400000000000006,Persistence
GPOR,Gulfport Energy Corporation Common Shares,Energy,Oil & Gas E&P,United States,電力/エネルギー,168.9250030517578,3.035521536,43.7986720812561,0.42528677455621555,-0.11677856689712503,-0.5489289570926427,0.7065386652482345,0.40671140939597317,0.2603520666503826,23.717380325556235,-0.09060858197943729,0.2407523983950462,False,71,85,38,85,53,B,0,71.3,81.8,52.75000000000001,81.8,Transition
GRBK,"Green Brick Partners, Inc. Common Stock",Consumer Cyclical,Residential Construction,United States,その他,70.97000122070312,3.061968896,17.79271512953949,-0.010420208831055433,0.17845036042782583,-0.004825937980183105,0.3141215121220945,3.0,0.12976064466674847,72.34950845641336,0.05545098033716077,0.11936959367579114,True,16,12,34,85,50,B,0,29.75,26.75,49.95,49.95,Persistence
GRC,Gorman-Rupp Company (The) Common Stock,Industrials,Specialty Industrial Machinery,United States,その他,81.41500091552734,2.15019008,8.671637940764237,0.03444465161968084,0.00023653889017772258,0.26579044847963734,0.3064923379480033,0.6006196969969916,0.35757131811337645,78.14850179965728,0.12014133613538698,0.0,True,31,24,50,100,10,D,0,39.25,34.0,54.5,54.5,Persistence
GRND,Grindr Inc. Common Stock,Technology,Software - Application,United States,ソフトウェア,11.5,2.043848832,18.418439099999997,0.2764133752713007,0.3271002845689685,0.3316462836192088,0.7441247743795153,0.4830826228630094,0.7543589733932671,30.024816831808522,-0.10567081743277867,0.5098039024387071,False,26,52,87,100,45,C,-10,29.0,48.5,71.85,71.85,Persistence
GTES,Gates Industrial Corporation plc Ordinary Shares,Industrials,Specialty Industrial Machinery,United States,その他,26.25,6.667498496,48.0292824375,0.010269350390235315,-0.04537560920956809,0.004501716279331495,0.39837941449814124,0.3345547819714181,0.3295858153648237,70.25439772581363,0.0459084052334944,0.06417109754079177,True,27,24,30,85,52,B,0,38.2,35.95,48.15,48.15,Persistence
GTLS,"Chart Industries, Inc. Common Stock",Industrials,Specialty Industrial Machinery,United States,その他,206.80999755859375,9.899803648,228.22954683723447,0.024926087061029254,0.2409545115585384,1.0791987099975193,0.33719512195121953,-0.46938775510204084,0.36353809756893457,43.117310739558974,-0.00399635595309989,0.007629541192215206,True,4,0,45,85,75,A,0,23.25,20.25,61.0,61.0,Persistence
GVA,Granite Construction Incorporated Common Stock,Industrials,Engineering & Construction,United States,その他,142.22000122070312,6.221655552,112.47076980435943,0.10400431782419987,0.14203944102511784,0.06297057847073963,0.1607493390597867,0.033468984615769304,0.3715736902083742,75.28632060379063,0.07647010423174515,0.006357881863096695,True,7,26,46,85,25,D,0,20.5,34.75,51.55,51.55,Persistence
GWRE,"Guidewire Software, Inc. Common Stock",Technology,Software - Application,United States,ソフトウェア,120.7699966430664,10.05487104,215.6006329816456,0.22637703124027916,0.08301402454986574,0.11410952801699208,0.6254292246138954,0.5822729811929738,0.263016156339773,40.88862783002,-0.12792001461432456,0.5388346021411248,False,54,66,58,65,43,C,0,54.55,63.55,56.75000000000001,63.55,Transition
GWW,"W.W. Grainger, Inc. Common Stock",Industrials,Industrial Distribution,United States,その他,1337.3699951171875,63.141408768,336.04864855056763,0.045083876980428705,0.04187401383663066,0.0820856317310218,0.3906476424032995,-0.15222929936305732,0.31934835974112924,84.40493645808863,0.11334601613758281,0.0,True,22,0,37,40,10,D,0,23.5,7.0,32.35,32.35,Persistence
GXO,"GXO Logistics, Inc. Common Stock ",Industrials,Integrated Freight & Logistics,United States,その他,49.09000015258789,5.647735296,58.06981543000012,0.1254590485950978,0.19748414808754347,0.08729011453352607,0.11617847928365457,-0.42105263157894735,0.4774098841950742,57.08989680866258,-0.061968546569175845,0.251562694108139,False,5,2,37,85,63,B,0,22.8,20.55,54.2,54.2,Persistence
H,Hyatt Hotels Corporation Class A Common Stock,Consumer Cyclical,Lodging,United States,その他,196.4774932861328,18.500636672,172.79327103995058,0.06814079422382671,-0.002849857507124644,0.13172636224749618,0.1972961554710604,-0.6565874730021598,0.32459390139640926,84.38614636165286,0.1654723535763792,0.0,True,18,0,21,65,10,D,0,24.25,10.75,29.8,29.8,Persistence
HAL,Halliburton Company Common Stock,Energy,Oil & Gas Equipment & Services,United States,電力/エネルギー,40.220001220703125,33.599698944,420.3575569901245,-0.033124128312412834,-0.0032148753149708925,0.13405922057446915,0.1570501262170934,-0.30994634750309535,0.3251899240303878,41.20808718000656,0.011746248669538094,0.060234846985797584,True,0,0,21,40,87,S,0,14.700000000000001,14.700000000000001,38.95,38.95,Persistence
HASI,"HA Sustainable Infrastructure Capital, Inc. Common Stock",Financial Services,Asset Management,United States,その他,36.4900016784668,4.663460864,38.26972670583057,0.05051540827891413,0.3425097554832544,0.8642751931253176,,,0.6288979007604454,26.515173773384888,-0.09235141064334423,0.15746939456414025,True,0,0,20,85,63,B,-30,0.0,0.0,14.850000000000001,14.850000000000001,Persistence
HAYW,"Hayward Holdings, Inc. Common Stock",Industrials,Electrical Equipment & Parts,United States,電力/エネルギー,14.630000114440918,3.174168576,35.571712916254235,0.0670869127791207,0.059603890162949945,-0.244787449700792,0.4800495475224011,0.20014485112818792,0.3068425609269993,75.13809825893978,0.018178285062497846,0.1504064635417826,False,43,24,34,85,55,B,0,50.5,36.25,50.95,50.95,Persistence
HCC,"Warrior Met Coal, Inc. Common Stock",Basic Materials,Coking Coal,United States,その他,98.7699966430664,5.21524992,90.7682095655262,-0.14107931970469834,-0.09030343696413927,-0.03572303590305152,0.08504224670487916,-0.11813128668976196,0.097325992286081,60.291753408603356,0.08607189442399257,0.10437071330827098,True,0,0,10,85,65,A,0,19.25,19.25,39.75,39.75,Persistence
HCI,"HCI Group, Inc. Common Stock",Financial Services,Insurance - Property & Casualty,United States,その他,159.53500366210938,2.036433664,24.54544145368805,0.20323061855697613,0.36262133892354487,0.11793173817247575,,0.34491890506584005,0.026840226372597403,52.491149104489246,0.03444218108816131,0.22124835204123436,False,14,29,77,100,90,S,-20,14.5,25.75,65.35,65.35,Persistence
HD,"Home Depot, Inc. (The) Common Stock",Consumer Cyclical,Home Improvement Retail,United States,その他,321.0299987792969,320.10436608,1670.4214440637923,0.03240467921310982,0.04483555928184504,-0.03007566564804991,0.33315521334928316,-0.22535987748851455,0.6218183548218279,64.43777895620664,0.0020589954641462094,0.22604923026576587,False,4,0,19,10,70,A,-10,1.5,0.0,16.950000000000003,16.950000000000003,Persistence
HE,"Hawaiian Electric Industries, Inc. Common Stock",Utilities,Utilities - Regulated Electric,United States,電力/エネルギー,13.191900253295898,2.277391872,21.94457304531479,-0.041291985651505506,-0.02057884053641928,-0.03899948464110646,0.07623256501028865,-0.6518117712769671,0.3316018294095437,33.37106888215257,-0.09121895003773123,0.22764049694249108,False,10,65,21,100,70,A,0,29.5,70.75,50.55,70.75,Transition
HEI,Heico Corporation Common Stock,Industrials,Aerospace & Defense,United States,防衛/宇宙,328.75,45.912989696,258.15626325,0.16263059376011782,0.2997077259733062,0.34405444495866094,0.3983158247722876,0.4026500181563859,0.2580669410526568,65.99015303185229,0.11593201542869493,0.08180652398025784,True,14,26,85,40,50,B,0,21.5,30.5,66.75,66.75,Persistence
HEI-A,Heico Corporation Common Stock,Industrials,Aerospace & Defense,United States,防衛/宇宙,242.77000427246094,33.905084416,92.23940707380295,0.16263059376011782,0.2997077259733062,0.34405444495866094,0.3983158247722876,0.4026500181563859,0.2580669410526568,64.02718313450025,0.09027008491583774,0.12081266077733674,True,14,26,85,40,65,A,0,23.0,32.0,69.75,69.75,Persistence
HESM,Hess Midstream LP Class A Representing Limited Partner Interests,Energy,Oil & Gas Midstream,United States,電力/エネルギー,38.55009841918945,7.96576768,67.12261025039633,0.08398686239024063,0.10831290394472921,0.057257304429783225,0.8676106851348009,0.14821822768842635,0.859558371123214,38.390680656468795,0.007926356412323777,0.05352077455307491,True,17,24,47,85,77,A,-20,13.200000000000003,18.450000000000003,42.5,42.5,Persistence
HGTY,"Hagerty, Inc. Class A Common Stock",Financial Services,Insurance - Property & Casualty,United States,その他,10.914999961853027,3.74771328,1.9148779300576688,0.1812077543095268,0.1870737296131554,0.2521715228810096,,0.2490429085303186,0.08496133671064043,47.50461853053166,0.03331408457643347,0.21020259024022656,False,10,26,85,85,90,S,-20,9.25,21.25,66.0,66.0,Persistence
HGV,Hilton Grand Vacations Inc. Common Stock ,Consumer Cyclical,Resorts & Casinos,United States,その他,49.33000183105469,3.873167616,54.02997941801071,0.013250351335073279,0.25213675213675213,0.03728813559322034,0.6391915989696849,-0.15846994535519127,0.6370806968882725,52.29133037044067,0.05145818107294387,0.07099805558193675,True,12,12,47,85,72,A,-10,18.95,18.95,51.5,51.5,Persistence
HHH,Howard Hughes Holdings Inc. Common Stock,Real Estate,Real Estate - Development,United States,その他,67.9000015258789,4.048509696,28.156725102750393,-0.15753626143763969,0.9264739703747883,-0.3898898280619541,0.4356678319497292,0.16332444327262402,0.4807288639903845,71.24040882162292,0.058892541307368935,0.24429601915423851,False,6,12,34,85,40,C,0,21.25,25.75,47.95,47.95,Persistence
HIG,"The Hartford Insurance Group, Inc. Common Stock",Financial Services,Insurance - Diversified,United States,その他,129.72999572753906,35.562991616,238.23781821149825,0.06394026682838083,0.08442252363337444,0.11329733687196852,,-0.0019083969465648854,0.05082735444259683,36.9929454094246,-0.03167461145337093,0.08797544673673885,False,0,12,37,40,80,S,-20,0.0,3.0,26.35,26.35,Persistence
HII,"Huntington Ingalls Industries, Inc. Common Stock",Industrials,Aerospace & Defense,United States,防衛/宇宙,296.7200012207031,11.691963392,138.2593105407974,0.08227134807108799,0.007071765322158198,0.07287373548145373,0.1269625120153797,3.0,0.2292728841477763,30.712232911422433,-0.14257033388760623,0.343218372309921,False,30,24,42,65,41,C,0,36.35,31.85,47.550000000000004,47.550000000000004,Persistence
HLF,Herbalife Ltd. Common Shares,Consumer Defensive,Packaged Foods,United States,その他,11.359999656677246,1.17768448,16.206918454193307,0.008892271334441528,-0.013689159292035399,-0.0272846053339482,0.7787394540942928,0.5477356181150551,0.7838759467317563,27.340815809710833,-0.20043921884897664,0.43086171454213884,False,54,12,35,100,16,D,-35,22.1,0.0,12.450000000000003,22.1,Acceleration
HLI,"Houlihan Lokey, Inc. Class A Common Stock",Financial Services,Capital Markets,United States,その他,141.47999572753906,9.7705216,87.067899988694,0.09546265698396596,0.24812526509555977,0.05800501479181208,0.3850008939773434,-0.1571138940055136,0.11420588054412265,35.50236395021999,-0.052442538442709935,0.31547761471375335,False,4,12,49,85,53,B,-20,1.0500000000000007,7.050000000000001,38.800000000000004,38.800000000000004,Persistence
HLIO,"Helios Technologies, Inc. Common Stock",Industrials,Specialty Industrial Machinery,United States,その他,82.89109802246094,2.739248896,31.71416311527786,0.04107209331182529,-0.0355433221637147,-0.05624576462615767,0.3232419547079857,0.09051254089422028,0.2423902277979531,60.72837901753161,0.12687431928545542,0.03547712744160149,True,36,24,34,100,37,C,0,45.7,36.7,51.1,51.1,Persistence
HLT,Hilton Worldwide Holdings Inc. Common Stock ,Consumer Cyclical,Lodging,United States,その他,343.05499267578125,78.095908864,506.91176222469176,0.07741184893502774,0.09174401563263312,0.1666476689843839,0.2820001661267547,0.07107438016528926,0.7805532371527364,68.48713749995623,0.05686289423432288,0.0001311962312259305,True,2,12,40,40,40,C,-10,1.5,9.0,30.0,30.0,Persistence
HLX,"Helix Energy Solutions Group, Inc. Common Stock",Energy,Oil & Gas Equipment & Services,United States,電力/エネルギー,9.640000343322754,1.420766848,13.750705195723008,-0.049380226121776,0.053369392616117506,0.4771824533272248,0.12322199285467612,-0.2600583807036411,0.24073895678128862,40.57508727039059,-0.014254424437747612,0.08625590814787683,True,0,0,40,100,100,S,-5,20.0,20.0,62.0,62.0,Persistence
HMN,Horace Mann Educators Corporation Common Stock,Financial Services,Insurance - Property & Casualty,United States,その他,48.4900016784668,1.958083072,10.637038312197877,0.04805211558307534,0.08207705192629816,0.06837670568935948,,,0.038869165367534354,58.977032996700565,0.06730941773971556,0.0,True,0,12,22,100,60,B,-25,0.0,5.0,24.1,24.1,Persistence
HNI,HNI Corporation Common Stock,Consumer Cyclical,"Furnishings, Fixtures & Appliances",United States,その他,33.19499969482422,2.3898048,21.022041439735414,0.12373337555414819,0.03796220213640099,0.030569904310271828,0.4142655864741106,0.1996547756041427,0.3262231320368475,75.55482795026334,-0.00324246336495922,0.3564100724585695,False,41,14,42,100,38,C,0,49.55,29.3,55.7,55.7,Persistence
HOG,"Harley-Davidson, Inc. Common Stock",Consumer Cyclical,Recreational Vehicles,United States,その他,25.709999084472656,2.706447872,54.13631870521774,-0.13758516326630552,-0.11131302131182538,0.014134867500821007,0.300171131243468,-0.5212067752833605,0.37958560886732634,69.65008425670834,0.09536628678289934,0.14445203129302114,True,4,0,25,100,65,A,0,24.5,21.5,51.75,51.75,Persistence
HOMB,"Home BancShares, Inc. Common Stock",Financial Services,Banks - Regional,United States,その他,27.764999389648438,5.592243712,38.59896462273788,0.07706785507706786,0.023245330233955967,0.06694551086292645,,-0.10684055292988877,0.0340669138229426,65.4901937318272,0.0375630595397649,0.07861946879801344,True,18,12,37,85,67,A,-20,12.950000000000003,8.45,35.0,35.0,Persistence
HP,"Helmerich & Payne, Inc. Common Stock",Energy,Oil & Gas Drilling,United States,電力/エネルギー,38.89500045776367,3.886814464,41.79199538460903,0.358921674362722,-0.04031929859863857,0.3950942813403376,0.16271166170539184,-0.3851132173995601,0.32957192780272654,42.64542346664465,0.030311343687685424,0.06344807124932487,True,32,8,36,85,87,S,0,45.45,27.450000000000003,58.45,58.45,Persistence
HPE,Hewlett Packard Enterprise Company Common Stock,Technology,Communication Equipment,United States,通信/光通信,47.349998474121094,62.70103552,1811.7987719613202,0.13838085438311148,0.034048395400720785,0.022424199887703538,0.3025717284814556,-0.682370820668693,0.3171949516507259,69.80414803967955,0.4343007939019312,0.15672311331464506,True,39,2,37,40,50,B,0,40.25,12.5,40.35,40.35,Persistence
HPQ,HP Inc. Common Stock,Technology,Computer Hardware,United States,その他,25.145000457763672,22.995673088,592.04311681162,0.032412853115256074,-0.0029599017089243828,-0.14611349546971864,0.20602224432588842,-0.1130820399113082,0.26052814288108406,62.754310251163574,0.15888929609271996,0.14297885729404827,True,30,0,21,65,50,B,0,37.25,14.75,37.8,37.8,Persistence
HRB,"H&R Block, Inc. Common Stock",Consumer Cyclical,Personal Services,United States,その他,37.61000061035156,4.767451648,87.90018659948271,0.04172673706987168,0.03979108256040505,0.002574156794012595,0.44533002569798685,-0.08876232154867297,0.6204997827750744,40.18297313003175,0.10230473556623008,0.3086060185811454,False,34,12,31,85,43,C,-10,32.55,16.05,36.9,36.9,Persistence
HRI,Herc Holdings Inc. Common Stock ,Industrials,Rental & Leasing Services,United States,その他,152.19000244140625,5.082088448,71.90002077440796,0.2827504445761707,0.028031687995124923,0.1978102189781022,0.3257855822550832,-11.5625,0.7028890824622532,69.12157739600653,0.23560520121455042,0.15146196118934052,True,31,5,31,85,50,B,-10,31.0,11.5,38.3,38.3,Persistence
HRL,Hormel Foods Corporation Common Stock,Consumer Defensive,Packaged Foods,United States,その他,24.40999984741211,13.43243776,168.47284540936946,0.015549547568002375,-0.015624512283639733,-0.027995941184090996,0.1562688746885883,-0.47109711302715934,0.21335015391112405,83.121569327918,0.13661645248795762,0.18737909061602537,True,30,0,25,65,35,C,-20,15.75,0.0,17.0,17.0,Persistence
HSY,The Hershey Company Common Stock,Consumer Defensive,Confectioners,United States,その他,174.9499969482422,35.487449088,316.79612167643506,0.04376910272504761,0.00333820212320797,0.07156895659149266,0.33548561069861765,-0.09166028788141588,0.4176152367567632,30.99737560587154,-0.08216766044896302,0.25387252754461137,False,22,0,33,40,53,B,0,27.8,11.3,38.75,38.75,Persistence
HTGC,"Hercules Capital, Inc. Common Stock",Financial Services,Asset Management,United States,その他,15.619999885559082,2.922792448,25.42179036174564,0.23964437659896254,-0.17057644286568424,1.3098982874597862,,-2.5851439057856944,0.5023337563966697,49.64027937867062,0.022650245165474217,0.12781016343351498,False,27,17,10,100,90,S,-30,14.25,6.75,18.5,18.5,Persistence
HTH,Hilltop Holdings Inc.,Financial Services,Financial Conglomerates,United States,その他,37.834999084472656,2.214489856,10.591223180214692,0.0865432582668187,-0.008424189799990637,-0.07261035359844684,,-1.2081326531759626,0.031751794920212656,54.46500910863086,0.017445324148626644,0.04467854881404236,True,30,12,10,100,87,S,-30,16.200000000000003,2.700000000000003,17.900000000000006,17.900000000000006,Persistence
HUBB,Hubbell Inc Common Stock,Industrials,Electrical Equipment & Parts,United States,電力/エネルギー,488.0975036621094,25.79193856,325.70631716459195,0.03839388824731278,0.04757207467103426,0.08589502617271974,0.35316360401053964,0.07881105081401085,0.3022676453431849,64.59004498522614,-0.028957802257379903,0.12240858063201371,True,6,24,42,65,80,S,0,22.25,35.75,55.35,55.35,Persistence
HUBS,"HubSpot, Inc. Common Stock",Technology,Software - Application,United States,ソフトウェア,196.74000549316406,10.073307136,422.6410998735329,0.19170875605080487,0.21072098349022914,0.2537659542140847,0.8376097718941795,0.22746401074515799,0.06805779015923351,47.724319631023704,-0.09477151641154422,0.661981972166315,False,28,26,100,65,55,B,0,36.25,34.75,82.25,82.25,Persistence
HUN,Huntsman Corporation Common Stock,Basic Materials,Chemicals,United States,その他,14.600000381469727,2.56009728,62.299717837770935,-0.05848243870112657,-0.012272950417280314,-0.23831484482113924,0.13214851310927328,0.46835443037974683,0.3422665716322167,58.823527578481,0.035769544314511015,0.056237871398962525,True,5,12,26,100,87,S,0,27.450000000000003,32.7,56.7,56.7,Persistence
HXL,Hexcel Corporation Common Stock,Industrials,Aerospace & Defense,United States,防衛/宇宙,94.2750015258789,7.110897664,80.51349100314332,-0.004781923279033105,0.06372275013974288,0.13392913735184128,0.22957917524684512,-0.2252341054706752,0.3672337278106509,74.1917203453247,0.0656991998798712,0.022854495795332327,True,0,0,21,85,25,D,0,15.25,15.25,37.8,37.8,Persistence
HYLN,Hyliion Holdings Corp. Class A Common Stock,Consumer Cyclical,Auto Parts,United States,その他,7.269899845123291,1.29642112,53.49695128664506,1.3028495692511597,1.2455357142857142,-0.6809116809116809,0.04892086330935252,0.040593478290542294,0.021477802504433603,67.82475265261061,1.0548061011281755,0.04594488788632102,True,67,52,18,100,37,C,-15,53.95,42.7,27.299999999999997,53.95,Acceleration
IBM,International Business Machines Corporation Common Stock,Technology,Information Technology Services,United States,その他,278.7409973144531,261.984567296,3405.336061069885,0.07621946361130146,0.014435822825735531,0.021972575582355856,0.5818674484719261,-0.025935374149659865,0.42538188043191993,66.43244249016051,0.12803034674118866,0.15335483396734342,True,29,12,37,25,50,B,0,30.5,17.75,36.6,36.6,Persistence
IBP,"Installed Building Products, Inc. Common Stock",Consumer Cyclical,Residential Construction,United States,その他,202.6699981689453,5.435423232,96.8049294189003,0.010029578757692177,0.05855466781832577,0.040752116263390516,0.3397401373367443,0.19649960222752585,0.47954545454545455,35.30586053023603,-0.18942441345723293,0.4063907718933213,False,6,24,38,85,33,D,0,20.55,34.05,48.75000000000001,48.75000000000001,Persistence
ICE,Intercontinental Exchange Inc. Common Stock,Financial Services,Financial Data & Stock Exchanges,United States,その他,141.30999755859375,79.912574976,609.3583209826447,0.0747385426409319,0.187619913157629,0.027708592777085927,0.5615506329113924,0.003629764065335753,0.1481440896505877,29.710691298667996,-0.08757500302716607,0.24337096260659905,False,13,24,50,40,53,B,-20,1.0500000000000007,9.3,28.1,28.1,Persistence
IDA,"IDACORP, Inc. Common Stock",Utilities,Utilities - Regulated Electric,United States,電力/エネルギー,141.19500732421875,7.823366144,76.0573098625763,-0.007465101090366811,0.03412505746293499,0.07443820822746734,0.1979071118154084,-0.39200264184234757,0.35832532145080936,49.24932192134868,-0.013050151322719335,0.045507222786630025,True,0,12,6,85,87,S,0,21.450000000000003,30.450000000000003,41.95,41.95,Persistence
IDT,IDT Corporation Class B Common Stock,Communication Services,Telecom Services,United States,その他,56.5,1.404834432,7.865463875,0.021328138347191605,-0.026698868470376655,-0.09178722003552638,0.36231978205352033,0.7933658404899695,0.0017614096387273777,66.96738739969868,0.08220872729529262,0.18754642039893074,True,46,31,34,100,65,A,-5,51.0,39.75,51.7,51.7,Persistence
IE,Ivanhoe Electric Inc. Common Stock,Basic Materials,Copper,United States,電力/エネルギー,10.550000190734863,1.669976448,19.28061908857689,0.1182350913478111,-0.25672559569561876,-0.5375592417061611,0.6528976572133169,0.4631345849509865,0.07427892723160615,39.438505230545616,-0.20034561795658262,0.4703815185578223,False,62,62,22,100,33,D,-15,49.8,49.8,28.700000000000003,49.8,Acceleration
IEX,IDEX Corporation Common Stock,Industrials,Specialty Industrial Machinery,United States,その他,222.11000061035156,16.439484416,139.03547421456528,0.057727606461086635,-0.0015577751305782094,0.028913542223199976,0.44506146059291396,0.022885572139303482,0.2668687743611953,73.15032895196593,0.06986649782197558,0.0001350444736621032,True,24,12,30,65,25,D,0,30.25,21.25,37.75,37.75,Persistence
IFF,"International Flavors & Fragrances, Inc. Common Stock",Basic Materials,Specialty Chemicals,United States,その他,75.83999633789062,19.362213888,156.12699599704743,-0.05172413793103448,0.00043557801202195314,-0.0772508038585209,0.3616161616161616,-0.5780730897009967,0.25917224636829944,55.4608693493856,0.027525281711450043,0.08549383746767765,True,4,0,25,65,100,S,0,22.75,19.75,50.0,50.0,Persistence
INGM,Ingram Micro Holding Corporation Common Stock,Technology,Information Technology Services,United States,その他,29.174999237060547,6.723221504,34.561580804949,0.09529475141658086,-0.0011801117909930907,-0.05477922159179561,0.06667085519379488,3.0,0.17222085610954876,69.8028134628081,0.046844565225581676,0.0779077180827746,True,42,24,30,85,67,A,0,50.95,37.45,51.15,51.15,Persistence
INGR,Ingredion Incorporated Common Stock,Consumer Defensive,Packaged Foods,United States,その他,103.30999755859375,6.514631168,80.85387013977356,-0.028398384925975774,-0.08946078431372549,0.02693178957966272,0.2532206676825045,-0.5521472392638037,0.2495884513106243,60.13986635809202,-0.040975110670591224,0.2385083837449756,False,18,12,25,85,70,A,-20,13.25,8.75,29.0,29.0,Persistence
INSW,"International Seaways, Inc. Common Stock ",Energy,Oil & Gas Midstream,United States,電力/エネルギー,83.00900268554688,4.109335552,42.20580290196228,-0.11381832740830569,-0.11211494949966178,0.23952629052870186,0.422890020419731,-0.8544384977744524,0.21592068175499,40.1792022267248,0.03165755495378002,0.09398602709992167,True,4,0,29,85,100,S,0,25.75,22.75,57.2,57.2,Persistence
INVX,"Innovex International, Inc. Common Stock",Energy,Oil & Gas Equipment & Services,United States,電力/エネルギー,29.290000915527344,2.013971072,13.082784575432967,0.4803973347578628,0.18948084652922656,0.18910976071782512,0.3100226833399608,0.9510301208591646,0.06251404431261516,43.11624887925588,0.07083059502573359,0.05668271706211544,True,57,20,89,100,72,A,0,64.95,37.2,88.35000000000001,88.35000000000001,Persistence
IONQ,"IonQ, Inc. Common Stock",Technology,Computer Hardware,United States,その他,59.84000015258789,22.322214912,1854.6849022013191,2.01850347085181,0.9541330187823247,0.9802353786721768,0.40401181393059316,-1.4225106124924196,0.004569157418819492,56.767674743758526,0.219720997960956,0.2710439417455877,True,57,40,52,65,53,B,-10,47.8,35.05,45.45,47.8,Acceleration
IOT,Samsara Inc. Class A Common Stock,Technology,Software - Infrastructure,United States,ソフトウェア,34.20000076293945,19.928684544,231.30870411007405,0.2957383091084767,0.3326424041349072,0.43650629458504775,0.767366330272112,0.8607847006691663,0.02864121882618549,60.04502286725016,0.11071419367728304,0.24369748253607681,True,43,49,100,65,50,B,0,47.0,51.5,81.25,81.25,Persistence
IP,International Paper Company Common Stock,Consumer Cyclical,Packaging & Containers,United States,その他,33.28499984741211,17.624971264,181.61145183519156,0.4925165772023998,-0.012349529096239008,-0.24233259297764756,0.29605652872979604,-1.2100396301188903,0.27175745443051313,69.24169087796376,0.002498812561517833,0.37358535618631145,False,44,8,6,65,53,B,0,48.05,21.05,30.150000000000002,48.05,Acceleration
IR,Ingersoll Rand Inc. Common Stock,Industrials,Specialty Industrial Machinery,United States,その他,73.91000366210938,28.923707392,283.34887342693327,0.057484450587422256,0.05219528511801748,0.16222977198586955,0.4360663451358664,-0.02204232125681308,0.2650405526528649,65.91724453061804,-0.0434460217637483,0.25124675216067255,False,22,0,37,65,53,B,0,31.55,15.05,47.2,47.2,Persistence
IT,"Gartner, Inc. Common Stock",Technology,Information Technology Services,United States,その他,156.14999389648438,10.454537216,263.7155801895126,0.03666825105294674,0.061022123746985756,0.07872938720336548,0.6839304958762401,-0.15035009778156935,0.41407351522497343,47.75857407710651,0.008076195283980783,0.630396729227652,False,12,0,41,65,65,A,0,25.25,16.25,51.8,51.8,Persistence
ITT,ITT Inc. Common Stock ,Industrials,Specialty Industrial Machinery,United States,その他,192.27999877929688,17.274400768,121.9423504598404,0.08477704024017407,0.10590922936338715,0.09883857147638651,0.35353561000380856,0.2482884527612962,0.1374239350912779,48.96229914495585,-0.05696893631057183,0.13091046701780346,True,9,12,46,65,90,S,0,25.5,27.75,59.55,59.55,Persistence
ITW,Illinois Tool Works Inc. Common Stock,Industrials,Specialty Industrial Machinery,United States,その他,256.7900085449219,73.87848704,339.2647064528427,0.00918354510001258,-0.01297572484013162,0.010984182776801407,0.44097481924707055,-0.048171589310829814,0.5704111964329948,64.23840055780394,-0.006232155755156829,0.1374700082424479,False,22,0,21,40,70,A,0,29.5,13.0,35.55,35.55,Persistence
IVZ,Invesco Ltd Common Stock,Financial Services,Asset Management,United States,その他,27.954999923706055,12.392357888,133.76902023967162,0.05111257623207516,0.06133230704639284,-0.054968671989948585,0.3523858807294852,0.2855740922473013,0.3611316158559091,58.38349898138013,0.07259390194168122,0.0352983495417222,True,9,12,30,65,72,A,-20,3.6999999999999993,5.949999999999999,27.15,27.15,Persistence
J,Jacobs Solutions Inc. Common Stock,Industrials,Engineering & Construction,United States,その他,126.2249984741211,14.904759296,158.95664265594252,0.04598249830166071,0.059855852966708506,0.10920350801803196,0.24812866533003963,-0.34929447415749837,0.24082191257347788,77.19941356124978,0.02863729372210788,0.22610469047673398,False,0,0,37,65,55,B,0,15.25,15.25,47.6,47.6,Persistence
JBL,Jabil Inc. Common Stock,Technology,Electronic Components,United States,半導体,371.1199951171875,39.15413504,410.8281831107483,0.03181802444344424,-0.16768485966226732,0.03656132385447159,0.08878598751761627,0.2575107296137339,0.18152402523863453,60.54918722720077,0.1036907997708058,0.024010532236193295,True,23,12,30,40,25,D,0,25.75,17.5,31.5,31.5,Persistence
JBTM,JBT Marel Corporation Common Stock,Industrials,Specialty Industrial Machinery,United States,その他,125.12999725341797,6.515245056,52.12326323290329,1.2134032634032634,0.031002162941600575,0.04659498207885305,0.35137696803749147,0.2229070364663585,0.22976058212362802,41.34453513812193,-0.027117277569858593,0.2565465766274683,False,52,22,54,85,73,A,0,59.05,36.55,65.55000000000001,65.55000000000001,Persistence
JEF,Jefferies Financial Group Inc. Common Stock,Financial Services,Capital Markets,United States,その他,59.849998474121094,12.235273216,100.48865317053641,0.029349117918294212,0.4130500192235358,0.04086239378800304,0.5805129809398414,-2.7121340295190275,0.3125494204250791,84.17564295191205,0.20838839396579506,0.13010878160367897,True,8,0,41,65,35,C,-30,0.0,0.0,15.799999999999997,15.799999999999997,Persistence
JLL,Jones Lang LaSalle Incorporated Common Stock,Real Estate,Real Estate Services,United States,その他,301.75,13.999261696,115.383436575,0.1144843361257036,0.12870891295133136,-0.004855695255990528,,0.6313771257085695,0.14550224424333327,57.15224013596758,-0.035618971968761466,0.15867396163784078,False,14,26,30,65,90,S,0,29.25,38.25,50.75,50.75,Persistence
JOBY,"Joby Aviation, Inc. Common Stock",Industrials,Airports & Air Services,United States,その他,9.140000343322754,8.990496768,260.78338277371836,3.0,-0.8682170542635659,,0.4510435189518016,-0.18228122562300267,0.020514531753375496,42.13198878763522,-0.061293210414057706,0.5517410192781598,False,43,40,18,85,55,B,-10,40.5,38.25,32.15,40.5,Acceleration
JOE,St. Joe Company (The) Common Stock,Real Estate,Real Estate - Diversified,United States,その他,65.0,3.731633408,11.3175985,0.27439495253726376,0.03455565973515548,0.5428164916911394,0.4305342857031521,1.8743691761828485,0.3771958593965066,51.25510823224023,-0.008649869889193577,0.10272376745475825,True,46,36,57,85,100,S,0,57.25,49.75,72.6,72.6,Persistence
JPM,JP Morgan Chase & Co. Common Stock,Financial Services,Banks - Diversified,United States,その他,313.7300109863281,840.643117056,2629.8871040199815,0.07322989394413329,0.09349346894522174,0.21314992131655797,,,0.1129928359962937,64.69853466652822,0.02627780429282826,0.05760252027011171,True,0,0,30,10,67,A,-30,0.0,0.0,2.3999999999999986,2.3999999999999986,Persistence
JXN,Jackson Financial Inc. Class A Common Stock ,Financial Services,Insurance - Life,United States,その他,108.87000274658203,7.59293184,54.51458534529877,1.1057567917205693,-0.02306477093206951,-0.6743827160493827,,,0.013069151923218732,44.82407665337133,0.00300711180078936,0.10143148225741064,True,55,10,18,85,100,S,-20,44.0,10.25,31.15,44.0,Acceleration
KAI,Kadant Inc Common Stock,Industrials,Specialty Industrial Machinery,United States,その他,294.9700012207031,3.483142144,45.14377232782287,-0.0010784291388515489,0.0999423602235421,0.05850637587193655,0.45210634755304835,0.14911366006256518,0.21872784254908076,41.35621519681494,-0.059319549991011446,0.1746851203969882,False,10,12,38,85,80,S,0,28.25,29.75,58.150000000000006,58.150000000000006,Persistence
KBH,KB Home Common Stock,Consumer Cyclical,Residential Construction,United States,その他,52.95000076293945,3.31467008,54.111218107171055,-0.10012458719848498,0.08103058217844146,-0.07143148908655206,0.18784377829240625,-0.11171234126235657,0.25639032779002946,78.09522494708474,0.04501824801622876,0.2106118754970455,False,0,0,21,85,55,B,0,18.25,18.25,43.8,43.8,Persistence
KBR,"KBR, Inc. Common Stock",Industrials,Engineering & Construction,United States,その他,34.75,4.405950976,66.4546854875,0.009857328145265888,0.10839562967222542,0.05971968312004875,0.14770100179809914,0.29396984924623115,0.43863912515188336,67.5871640106146,-0.012380067098822079,0.343167229715723,False,5,24,34,85,53,B,0,21.8,36.05,50.550000000000004,50.550000000000004,Persistence
KD,"Kyndryl Holdings, Inc. Common Stock",Technology,Information Technology Services,United States,その他,11.675000190734863,2.632096,43.73960307082534,0.0023245002324500234,-0.06198604535260404,-0.05720662516151768,0.21793002915451895,0.008902077151335312,0.39486893474623536,43.35766756678642,-0.08735585358946411,0.7310527474827699,False,20,12,26,100,55,B,0,35.5,29.5,50.3,50.3,Persistence
KEX,Kirby Corporation Common Stock,Industrials,Marine Shipping,United States,その他,140.88999938964844,7.533669888,73.08733527737732,0.030060541184049855,0.05635714378129407,0.1102021938023969,0.26260697670962085,,0.1888968874234464,32.68205690063698,-0.020216004019236074,0.07667604187062219,True,0,12,22,85,77,A,0,20.45,29.45,48.75,48.75,Persistence
KEY,KeyCorp Common Stock,Financial Services,Banks - Regional,United States,その他,22.40999984741211,24.18865152,254.00587995299435,0.6571883530482256,-0.2926790024135157,-0.11542840876743524,,2.5075125208681137,0.05959399287345225,67.1245892895127,0.05214792850125113,0.015249133891001226,True,48,57,30,65,40,C,-20,29.75,36.5,20.75,36.5,Transition
KEYS,Keysight Technologies Inc. Common Stock,Technology,Scientific & Technical Instruments,United States,その他,336.0199890136719,57.424257024,633.522729129683,0.07953404298051818,-0.08876281112737922,0.008118081180811807,0.6208372093023256,0.4265033407572383,0.24581895407486062,46.84769349854048,-0.004144430176350148,0.08361515292496194,True,35,24,42,40,100,S,0,42.25,34.0,53.1,53.1,Persistence
KFY,Korn Ferry Common Stock,Industrials,Staffing & Employment Services,United States,その他,74.23500061035156,3.851837952,31.057945892604828,-0.012312265583499224,-0.023859955667852487,0.08336854608835785,0.885525840194764,0.31931612576153556,0.14712200069200854,79.28754948740436,0.11289344009025344,0.007104465500759611,True,41,24,45,85,10,D,0,44.5,31.75,48.0,48.0,Persistence
KGS,"Kodiak Gas Services, Inc. Common Stock",Energy,Oil & Gas Equipment & Services,United States,電力/エネルギー,66.76000213623047,6.73734656,143.16865046720466,0.1283426103953124,0.3632842220134269,0.20125071866175645,0.42197844201513646,3.0,0.6046912274777982,33.483715924900736,0.0001484066547344318,0.12030567040251315,True,27,53,71,85,90,S,-10,32.0,51.5,68.30000000000001,68.30000000000001,Persistence
KKR,KKR & Co. Inc. Common Stock,Financial Services,Asset Management,United States,その他,96.83989715576172,90.297540608,417.22418008276827,-0.11241735784662385,0.5108904849377255,1.5737153408698852,0.1799646014086965,-0.9512940469323831,0.1329724814357429,55.87937754501129,-0.006273272920505687,0.3593369144112814,False,0,0,33,40,73,A,-20,0.0,0.0,22.75,22.75,Persistence
KMI,"Kinder Morgan, Inc. Common Stock",Energy,Oil & Gas Midstream,United States,電力/エネルギー,31.545000076293945,70.18213376,288.0312286491251,0.12165562913907285,-0.01526020607799661,-0.20135416666666667,0.5287240951762414,-0.03825681969394544,0.4368779897729147,29.447236990062237,-0.01897264661081082,0.08058878421233509,True,43,14,25,40,73,A,0,45.55,23.8,38.35,45.55,Acceleration
KMPR,Kemper Corporation,Financial Services,Insurance - Property & Casualty,United States,その他,24.774999618530273,1.458609024,27.991688946501736,0.032421697929932866,-0.0623583225388601,-0.09351435648105678,,0.6800121322414316,0.07564520913675467,27.40314615039253,-0.16812936368423428,0.6060001491160385,False,39,12,30,100,16,D,-25,20.85,0.6000000000000014,19.700000000000003,20.85,Acceleration
KMT,Kennametal Inc. Common Stock,Industrials,Tools & Accessories,United States,その他,34.25,2.610195968,47.908352,-0.03910989257408402,-0.015054008692204348,0.0326605898464364,0.30407581685389545,-0.2960477035866161,0.252752796011019,43.85680142779545,-0.06311357114922665,0.20416487690677015,True,4,0,25,100,90,S,0,27.0,24.0,56.75,56.75,Persistence
KMX,CarMax Inc,Consumer Cyclical,Auto & Truck Dealerships,United States,その他,48.779998779296875,6.918014464,140.4178361960907,-0.01792135517894831,-0.006881961287366163,-0.10607534012357069,0.10844166740626598,3.0,0.7033004482760726,92.00293197187143,0.18117668770448495,0.31842952372089317,True,12,12,20,85,18,D,-10,13.55,13.55,25.85,25.85,Persistence
KN,Knowles Corporation Common Stock,Technology,Electronic Components,United States,半導体,38.25,3.27269504,36.004285125,0.07172538392050587,0.21169001751313485,-0.04594820384294068,0.4320633850303439,-0.29699570815450643,0.1291979830653601,64.13142018576286,0.1591119843366236,0.028201234581780865,True,7,35,29,85,25,D,0,20.5,41.5,42.2,42.2,Persistence
KNF,Knife Riv Holding Co. Common Stock,Basic Materials,Building Materials,United States,その他,75.9800033569336,4.312158208,40.09070440927963,0.08520406139347811,0.024256717367110076,0.1166282470433723,0.1835113788504303,-1.4640920098467614,0.33372309295630026,56.07709461660012,-0.07445753250322085,0.19657392828465928,False,18,0,18,85,80,S,0,34.25,20.75,47.15,47.15,Persistence
KNSL,"Kinsale Capital Group, Inc. Common Stock",Financial Services,Insurance - Property & Casualty,United States,その他,311.67999267578125,7.188219392,84.54692258921814,0.18044566227303507,0.29652194578949387,0.45975579515596016,,0.03958070389496387,0.037129930516131136,50.17917988896302,-0.03805577355663398,0.3623063474280381,False,7,26,85,85,73,A,-20,5.300000000000001,19.549999999999997,62.599999999999994,62.599999999999994,Persistence
KNTK,Kinetik Holdings Inc. Class A Common Stock,Energy,Oil & Gas Midstream,United States,電力/エネルギー,46.619998931884766,7.79299584,38.81991133959331,0.18980005111505677,0.1802887906196375,0.035370707628410616,0.3376783691124803,-0.7940399421256913,0.5447828241993536,28.58852689860855,-0.02045928517333468,0.0906963425855552,True,39,14,41,85,73,A,0,49.3,30.55,58.4,58.4,Persistence
KNX,Knight-Swift Transportation Holdings Inc.,Industrials,Trucking,United States,その他,79.63999938964844,12.941022208,374.9269990266037,0.008044584685883198,0.0375694191044624,-0.03860979120914328,0.13961464794585157,3.0,0.22463145635173823,83.12397647012983,0.19032772535186368,0.013257337467001284,True,12,25,30,65,10,D,0,19.75,29.5,34.75,34.75,Persistence
KO,Coca-Cola Company (The) Common Stock,Consumer Defensive,Beverages - Non-Alcoholic,United States,その他,83.0250015258789,357.213601792,1273.9728269162695,0.018699135164998618,0.028565808453905668,0.06394753976374291,0.6162574831563797,0.11706391056739085,0.4340177072202717,55.06002218410292,0.05926663032382233,0.0,True,14,24,46,10,60,B,-20,0.0,5.5,19.799999999999997,19.799999999999997,Persistence
KOS,Kosmos Energy Ltd. Common Shares (DE),Energy,Oil & Gas E&P,United States,電力/エネルギー,2.884999990463257,1.711350912,30.344184674693345,-0.2309989864852766,-0.015426584736319998,-0.24216527007978694,0.0176007799110802,0.293700324967699,0.6499898011891941,45.64459912946479,0.0010756773878127697,0.11773700082841343,True,5,12,0,100,100,S,-15,13.75,19.0,30.0,30.0,Persistence
KR,Kroger Company (The) Common Stock,Consumer Defensive,Grocery Stores,United States,その他,63.36000061035156,39.065284608,438.6189054732483,0.0035276605289451682,-0.01943494691380241,0.01201284247730308,0.23300957722057408,0.9448508722566122,0.49430464636758553,26.909732110334772,-0.04891041098338215,0.1574896754791158,False,27,12,22,40,63,B,-20,12.549999999999997,1.3000000000000007,14.700000000000003,14.700000000000003,Persistence
KRMN,Karman Holdings Inc. Common Stock,Industrials,Aerospace & Defense,United States,防衛/宇宙,48.0099983215332,6.362587136,159.2110708993574,0.3656730900127733,0.22994246629023352,0.24035450989351573,0.40302439024390246,-4.72641095409462,0.5319356287859027,25.105187719993765,-0.30664073713111584,0.583571880125927,False,36,20,61,85,8,D,-10,30.549999999999997,18.55,46.400000000000006,46.400000000000006,Persistence
KSS,Kohl's Corporation Common Stock,Consumer Cyclical,Department Stores,United States,その他,16.100000381469727,1.825739904,96.09684829689674,-0.04278404537328155,-0.07181277180132753,-0.03436843850149188,0.4056804276421717,3.0,0.4961832061068702,71.4443222998375,0.14819572218726848,0.33842746912975497,False,34,24,26,100,8,D,-5,36.3,28.799999999999997,35.9,36.3,Acceleration
KTB,"Kontoor Brands, Inc. Common Stock ",Consumer Cyclical,Apparel Manufacturing,United States,その他,78.45999908447266,4.336669184,57.29961978738708,0.2089594251830626,4.065240202004087e-05,-0.009109827151936352,0.4515174835112687,0.24426768523119952,0.5009807672054368,77.74951693196972,0.10785147264975502,0.07042597898551158,True,52,17,30,85,22,D,0,53.95,27.7,42.15,53.95,Acceleration
KVUE,Kenvue Inc. Common Stock,Consumer Defensive,Household & Personal Products,United States,その他,17.920000076293945,34.406555648,376.15575852947353,-0.02141701714655451,0.0007122507122507123,0.03304347826086956,0.581327691087014,0.2898876404494382,0.32035751218791547,60.48950792449306,0.03823757536054975,0.17892306308811567,True,13,24,34,40,80,S,0,23.75,32.0,44.7,44.7,Persistence
KVYO,"Klaviyo, Inc. Series A Common Stock",Technology,Software - Application,United States,ソフトウェア,14.869999885559082,4.450290688,99.33479851601004,0.31633748069259193,0.34288116728429635,0.4766831377393453,0.7467437697474674,0.2744118497401314,0.07639358118795093,48.651686910275764,-0.14043262114533514,0.5860244809696298,False,34,45,97,85,43,C,0,42.55,50.8,83.19999999999999,83.19999999999999,Persistence
KW,Kennedy-Wilson Holdings Inc. Common Stock,Real Estate,Real Estate Services,United States,その他,11.005000114440918,1.533032576,14.136761228008078,-0.05720737674068498,-0.05545680767863491,0.04185185185185185,0.7187624750499002,0.2784313725490196,0.6806342015855039,41.86050637852416,0.005344191748748627,0.0031702760446599464,True,17,47,12,100,75,A,-15,20.25,42.75,31.6,42.75,Transition
KWR,Quaker Houghton Common Stock,Basic Materials,Specialty Chemicals,United States,その他,144.66000366210938,2.512229888,20.066866824998474,0.026606714406697665,-0.05817142465134876,0.00500518371977557,0.3597160699214353,-0.50488377236092,0.3237575841620394,59.13661970299759,0.05245988025951141,0.19572494962272505,True,22,0,25,100,85,S,0,40.0,23.5,55.75,55.75,Persistence
L,Loews Corporation Common Stock,Financial Services,Insurance - Property & Casualty,United States,その他,108.05999755859375,22.235383808,95.84598684054565,0.05435350078310807,0.09956627120806226,0.11587188612099644,,0.12829084830756374,0.1098925279103164,47.81760931715479,0.0016101029992087162,0.039850472094555306,True,2,24,42,65,87,S,-20,0.0,16.450000000000003,36.75,36.75,Persistence
LAD,"Lithia Motors, Inc. Common Stock",Consumer Cyclical,Auto & Truck Dealerships,United States,その他,306.8949890136719,6.998991872,84.9367635361557,0.039977119613575696,0.16577057756673957,0.10126721489438693,0.15233201097917093,-0.921302578018996,0.6167155238338007,80.55154172075139,0.09928006025917868,0.13606356559671612,True,0,12,35,85,50,B,-10,7.75,16.75,40.5,40.5,Persistence
LAZ,"Lazard, Inc. Common Stock",Financial Services,Capital Markets,United States,その他,45.099998474121094,4.439539712,53.978481138733294,0.019983151346272234,0.20977288584711148,-0.09714485517596746,0.3375472605555192,-0.3010783990363243,0.43986075753116843,43.478248507587345,-0.02744545594361871,0.20045724506399923,False,4,0,21,85,90,S,-20,4.75,1.75,30.799999999999997,30.799999999999997,Persistence
LB,LandBridge Company LLC Class A Shares Representing Limited Liability Company Interests,Energy,Oil & Gas Equipment & Services,United States,電力/エネルギー,68.36000061035156,5.264882688,24.573294223402407,0.8106935627626098,0.5090098126672614,0.4072850879734245,0.9322125840687517,0.8309852815411621,0.41014790023249414,38.2552308896809,-0.013416239289411413,0.19705180913056652,True,86,64,82,85,90,S,0,86.25,69.75,84.35,86.25,Acceleration
LBRT,Liberty Energy Inc. Class A common stock,Energy,Oil & Gas Equipment & Services,United States,電力/エネルギー,28.260000228881836,4.611789824,87.12499148463793,-0.07161841701850753,-0.09114860208495158,0.14429190201165132,0.08428987078756581,-0.9209094987103286,0.17375857325327648,30.737742516551563,-0.07327909286711749,0.16468833963841448,True,18,0,25,85,80,S,0,34.25,20.75,51.0,51.0,Persistence
LC,LendingClub Corporation Common Stock,Financial Services,Banks - Regional,United States,その他,17.924999237060547,2.06766528,31.440117945568275,0.26916650466130715,-0.08975976701876781,-0.27172561690543257,,-0.06650793981422932,0.0013681061317019564,63.69725294428687,0.0919025168812054,0.16936981925706207,True,39,17,10,100,65,A,-30,20.75,4.25,13.5,20.75,Acceleration
LCII,LCI Industries,Consumer Cyclical,Recreational Vehicles,United States,その他,93.7699966430664,2.277223424,27.237324039913176,0.10178771134884775,-0.011519738914100795,-0.27315074696431424,0.23781925207974638,-0.15130004177453338,0.3889833302214398,19.866306462468998,-0.17290053481923442,0.3914148271388534,False,35,14,21,100,24,D,0,43.65,27.9,41.349999999999994,43.65,Acceleration
LDOS,"Leidos Holdings, Inc. Common Stock",Technology,Information Technology Services,United States,その他,123.93000030517578,15.58859264,147.49780564221118,0.030728604009122553,0.07928488146132918,0.07238121700472354,0.18044718760917666,0.26360808709175737,0.3879789520492107,48.86475966826799,-0.1124628997949913,0.37599862290436414,False,5,24,38,65,63,B,0,19.8,34.05,49.75000000000001,49.75000000000001,Persistence
LEA,Lear Corporation Common Stock,Consumer Cyclical,Auto Parts,United States,その他,142.1999969482422,7.123523072,87.31532719612349,-0.0020123573328756543,-0.00685646591582186,0.12327501615489553,0.06468006070742204,-0.06091913074456715,0.19621911864772185,64.62851389725819,0.07958378103323813,0.02994746912694826,True,18,0,25,85,40,C,0,30.25,16.75,43.0,43.0,Persistence
LEG,"Leggett & Platt, Incorporated Common Stock",Consumer Cyclical,"Furnishings, Fixtures & Appliances",United States,その他,10.395000457763672,1.418215296,24.78210468757725,-0.07493840678894059,-0.07231286902418894,-0.08187770804593235,0.18349732435698257,0.2539045069165551,0.46824454247257097,62.68042631794831,0.0005294239501649481,0.18959217258289507,True,5,47,22,100,80,S,-25,1.75,33.25,28.1,33.25,Transition
LEN,Lennar Corporation Class A Common Stock,Consumer Cyclical,Residential Construction,United States,その他,90.93000030517578,22.395904,220.99298107568816,-0.03539691319644579,0.035289722897830146,0.016701488906926167,0.09907659458435202,-0.9873725063578801,0.17063376221451967,62.09894040147141,0.02235424976627788,0.3524501905533523,False,0,0,25,65,53,B,0,15.05,15.05,40.6,40.6,Persistence
LEN-B,Lennar Corporation Class B,Consumer Cyclical,Residential Construction,United States,その他,88.96499633789062,21.911926784,6.136943343132019,-0.03539691319644579,0.035289722897830146,0.016701488906926167,0.09907659458435202,-0.9873725063578801,0.17063376221451967,60.25161174506359,0.024918290224059027,0.3386405493049068,False,0,0,25,65,53,B,0,15.05,15.05,40.6,40.6,Persistence
LEU,Centrus Energy Corp. Class A Common Stock,Energy,Uranium,United States,電力/エネルギー,153.4600067138672,3.018987008,131.2455274649849,0.015158371040723982,0.38038725796377265,0.089857045609258,0.26186761756184534,-0.0486322188449848,0.4968314321926489,42.2220108978482,-0.19612359490532874,0.6480275075370019,False,0,12,44,85,43,C,0,17.05,26.05,54.050000000000004,54.050000000000004,Persistence
LEVI,Levi Strauss & Co Class A Common Stock,Consumer Cyclical,Apparel Manufacturing,United States,その他,23.889999389648438,9.18800384,54.65658220761108,0.04144562334217507,0.0325054346895808,-0.052929351878870406,0.617287488061127,-0.5406170815322701,0.33662831444924657,75.86207963824573,0.08263913018865622,0.012318926634799679,True,42,12,33,85,25,D,0,46.75,24.25,44.400000000000006,46.75,Acceleration
LHX,"L3Harris Technologies, Inc. Common Stock",Industrials,Aerospace & Defense,United States,防衛/宇宙,306.8299865722656,57.160876032,317.1897788973923,0.025322391559202812,0.09815129512333282,0.13814324229281444,0.25726046192545166,0.24686192468619247,0.269838572642311,48.97373137780176,-0.04830897010746038,0.18319006277625877,False,5,24,38,40,90,S,0,18.75,33.0,48.900000000000006,48.900000000000006,Persistence
LII,"Lennox International, Inc. Common Stock",Industrials,Building Products & Equipment,United States,その他,528.3699951171875,18.387259392,196.66699996604612,-0.027334169584183627,0.07214115096649873,0.05584520176330959,0.3339171943872346,-0.18322465157908197,0.43380371404772405,66.44761175424709,0.055158522453506234,0.19846838155095117,True,4,0,21,65,65,A,0,19.25,16.25,40.8,40.8,Persistence
LION,Lionsgate Studios Corp Common Shares,,,,その他,13.520000457763672,3.929366528,50.23333659281331,0.018222617711920144,0.05489347808342176,-0.20546079512290033,0.3979785698001368,1.0635097493036212,0.7302472264459087,59.19999725341901,0.10403400559320089,0.09565213175556261,True,19,43,24,85,70,A,-10,24.0,42.0,38.45,42.0,Transition
LMND,"Lemonade, Inc. Common Stock",Financial Services,Insurance - Property & Casualty,United States,その他,59.97999954223633,4.607711232,83.87185675189512,0.4015194681861349,0.22498836668217775,0.6743280093494352,,-0.24519230769230768,0.0945630160461131,56.434180654355345,0.025053826516742123,0.37889614029427165,False,32,26,55,85,73,A,-30,14.049999999999997,9.549999999999997,36.099999999999994,36.099999999999994,Persistence
LMT,Lockheed Martin Corporation Common Stock,Industrials,Aerospace & Defense,United States,防衛/宇宙,528.7899780273438,121.919725568,587.2271401681213,0.0563743085173768,0.051382989744121,0.024051285160038797,0.10152169278328536,0.3066010970304521,0.36263368983957217,57.14158564662395,-0.030252482072426423,0.21345984268824633,False,35,12,38,25,90,S,0,39.0,21.75,45.150000000000006,45.150000000000006,Persistence
LNC,Lincoln National Corporation Common Stock,Financial Services,Insurance - Life,United States,その他,35.59000015258789,6.805277696,57.087351426255225,0.019623103007393408,0.5360771923832295,-0.38131966823392677,,,0.015414521433159797,50.90909549475022,-0.00037202336787102723,0.21589596383762566,False,0,0,10,85,90,S,-30,0.0,0.0,14.75,14.75,Persistence
LNG,"Cheniere Energy, Inc. Common Stock",Energy,Oil & Gas Midstream,United States,電力/エネルギー,240.99000549316406,50.499907584,494.53044513590464,0.27211360886454816,-0.2300186329312543,-0.38991264807945436,0.4771225470564678,-0.2202154626108999,0.5328724781755148,47.09340743125329,-0.04723346931514964,0.18645938694862846,True,53,31,25,40,100,S,0,55.75,39.25,43.75,55.75,Acceleration
LNN,Lindsay Corporation Common Stock,Industrials,Farm & Heavy Construction Machinery,United States,その他,114.8949966430664,1.201189248,22.5235440724205,0.11414423941727038,-0.09940897573596169,-0.12541015617397758,0.31163508622525016,0.3538678086909646,0.16235032753117135,74.01717712063288,0.04610601450268697,0.21570775271191023,False,44,26,34,100,55,B,-25,28.5,15.0,29.700000000000003,29.700000000000003,Persistence
LOAR,Loar Holdings Inc. Common Stock,Industrials,Aerospace & Defense,United States,防衛/宇宙,65.58499908447266,6.140360704,41.95458946508903,0.2320248051854555,0.26881317386771325,0.3259478603707076,0.5265644803468988,1.1530802603036876,0.3573091939158815,64.25352598795385,0.07023207668654806,0.2545465266874875,False,29,29,89,85,38,C,0,38.3,38.3,77.8,77.8,Persistence
LOB,"Live Oak Bancshares, Inc. Common Stock",Financial Services,Banks - Regional,United States,その他,38.98500061035156,1.803539328,8.25961563181305,0.12358675839848535,0.13113272012981067,0.08674826084959347,,0.3350888130041964,0.006766138228125976,62.38379138978584,0.06138742685404646,0.06470877864761128,True,10,26,50,100,52,B,-25,2.6999999999999993,14.700000000000003,37.9,37.9,Persistence
LOW,"Lowe's Companies, Inc. Common Stock",Consumer Cyclical,Home Improvement Retail,United States,その他,217.74000549316406,122.1521408,676.7764149397751,0.03121638740827497,-0.031293052548710884,-0.11005676959375225,0.334758825301903,-0.006105481943361912,0.8251514479905437,46.14847863094896,-0.04842747815303947,0.23871679971251172,False,34,0,19,25,90,S,-20,18.25,0.0,14.700000000000003,18.25,Acceleration
LPG,Dorian LPG Ltd. Common Stock,Energy,Oil & Gas Midstream,United States,電力/エネルギー,44.209999084472656,1.891422208,32.83394843505478,0.36273626139491194,-0.36984039854255574,0.43866213046766495,0.5446104433839989,-0.24512454953418364,0.37914499669445473,37.752953396785635,0.14515632753497026,0.07355410826577408,True,50,42,37,100,47,C,-5,52.2,46.2,49.75,52.2,Acceleration
LPX,Louisiana-Pacific Corporation Common Stock,Industrials,Building Products & Equipment,United States,その他,72.08000183105469,5.03586048,70.06850486395645,-0.07922475348520912,0.13948082138705928,-0.33030617540217955,0.21750369276218612,-0.7843601895734598,0.14427103159497526,56.51614922913507,-0.007957796227355238,0.28833834456655066,False,0,0,25,85,73,A,0,20.05,20.05,49.6,49.6,Persistence
LRN,"Stride, Inc. Common Stock",Consumer Defensive,Education & Training Services,United States,その他,98.70999908447266,4.19762688,56.315446288678736,0.17903708158890705,0.11032743754891534,0.08934311831743807,0.39243018695664644,0.7163548303929874,0.23965554746183346,70.98740501828036,0.05945436422024146,0.418703253614898,True,54,33,54,85,25,D,0,55.75,40.0,55.95,55.95,Persistence
LTH,"Life Time Group Holdings, Inc. Common Stock",Consumer Cyclical,Leisure,United States,その他,33.650001525878906,7.490582528,81.43911621540413,0.1427930995671491,0.1824430556263599,0.21619954821714768,0.47630134996853357,-1.414337115970108,0.5188102424702649,53.231104000748736,0.11559785961226643,0.004143219468931837,True,16,14,47,85,45,C,0,29.25,27.75,56.1,56.1,Persistence
LUMN,"Lumen Technologies, Inc. Common Stock",Communication Services,Telecom Services,United States,その他,8.354999542236328,8.608247808,118.67310176299668,-0.05386023802258163,-0.09953974033111218,-0.16712438494106877,0.4647637477826157,-0.6633393829401089,0.5156077106749752,40.284833318489774,-0.059936814497156266,0.29374475096201796,True,38,0,25,85,73,A,0,48.55,20.05,49.6,49.6,Persistence
LUV,Southwest Airlines Company Common Stock,Industrials,Airlines,United States,その他,42.30500030517578,20.677572608,248.3649615121315,0.021103955172288323,0.05335173048177533,0.09561602418745276,0.1744289634037701,0.4780150753768844,0.20580847183510548,61.84629283901975,0.053246139536386364,0.22467620974259533,True,5,12,22,65,65,A,0,20.0,25.25,41.35,41.35,Persistence
LVS,Las Vegas Sands Corp. Common Stock,Consumer Cyclical,Resorts & Casinos,United States,その他,51.20500183105469,33.930344448,188.25260081903002,0.15215082315454062,0.0892788276128037,1.5236009732360096,0.49788737804409616,0.0960591133004926,0.7200729927007299,57.94487486457349,-0.02882021747411814,0.2549769922927261,False,33,26,48,40,73,A,-10,28.049999999999997,22.799999999999997,41.00000000000001,41.00000000000001,Persistence
LW,"Lamb Weston Holdings, Inc. Common Stock ",Consumer Defensive,Packaged Foods,United States,その他,44.255001068115234,6.110411776,66.66782908330937,-0.002520254808584328,0.20876163420924757,0.30537461270096855,0.21679351448545253,2.7524752475247523,0.5620891161431701,61.57338706357484,0.04150721335924729,0.3196484606739438,False,12,25,37,85,53,B,-20,7.050000000000001,16.799999999999997,32.2,32.2,Persistence
LYV,"Live Nation Entertainment, Inc. Common Stock",Communication Services,Entertainment,United States,その他,168.11000061035156,39.121350656,364.83243259608537,0.08834920240762234,0.018890346376845838,0.3623866047480603,0.25546392133835705,-0.7095490653026278,0.4540914791044709,56.94812529429947,0.039904987389928835,0.03418359779213051,True,18,0,44,40,87,S,0,28.200000000000003,14.700000000000001,51.60000000000001,51.60000000000001,Persistence
LZB,La-Z-Boy Incorporated Common Stock,Consumer Cyclical,"Furnishings, Fixtures & Appliances",United States,その他,37.709999084472656,1.555498752,13.837691706047059,0.030375759577181933,-0.12871446004206122,-0.003130501342704188,0.4392257374454001,0.08046779375764994,0.25536713346741846,68.80678980328877,0.0775021944265302,0.06144310344467457,True,24,12,30,100,52,B,-5,33.2,24.2,46.9,46.9,Persistence
M,Macy's Inc Common Stock,Consumer Cyclical,Department Stores,United States,その他,23.34000015258789,6.139305984,166.85600395084,-0.01673476484395375,-0.03603452610408112,-0.062202837046642305,0.40334202731974717,0.7424242424242424,0.32048281808104445,70.56649644603756,0.17330062851339786,0.015189185374054262,True,43,24,30,85,10,D,0,46.0,31.75,39.75,46.0,Acceleration
MA,Mastercard Incorporated Common Stock,Financial Services,Credit Services,United States,その他,492.385009765625,435.063455744,1704.9168000673951,0.16416373770724607,0.12228065981353096,0.1286594414714215,0.7788722515324327,0.20955395259826293,0.350831840759274,46.18291944875081,-0.014570638969801573,0.17419501980563698,False,43,26,71,10,90,S,-20,22.75,10.0,39.550000000000004,39.550000000000004,Persistence
MAIN,Main Street Capital Corporation Common Stock,Financial Services,Asset Management,United States,その他,52.029998779296875,4.838261248,38.093201682275385,-0.01563406963148502,0.1792009884678748,0.6024488667077326,,,0.4325454648176664,57.51591487276163,-0.013721157177269818,0.18268063526229467,False,0,0,10,85,90,S,-30,0.0,0.0,14.75,14.75,Persistence
MAN,ManpowerGroup Common Stock,Industrials,Staffing & Employment Services,United States,電力/エネルギー,33.27000045776367,1.547299328,28.570333425100706,0.005780249693344311,-0.056073382854423856,-0.04604715672676838,0.166931185993284,-1.6253390158853158,0.22803244506064343,74.46778149035573,0.1392832839598856,0.23590445190630713,True,18,0,10,100,35,C,-15,17.0,3.5,22.5,22.5,Persistence
MAS,Masco Corporation Common Stock,Industrials,Building Products & Equipment,United States,その他,72.52999877929688,14.63179776,180.81104575039217,-0.03398058252427184,-0.01744696874607757,-0.08214285714285714,0.3542713567839196,-0.04520396912899669,0.6181503557008268,76.84489322080275,0.07117167011275002,0.05950558871199191,True,4,0,19,65,37,C,-10,6.449999999999999,3.4499999999999993,24.1,24.1,Persistence
MATX,"Matson, Inc. Common Stock",Industrials,Marine Shipping,United States,その他,194.77499389648438,5.894530048,42.028061245498655,-0.022590449471038634,0.10573256640599754,-0.2874510706884642,0.22765734788458664,-0.6641905178064235,0.1568513245318837,59.594694367641765,0.0927410858168283,0.0,True,0,0,25,85,60,B,0,18.75,18.75,47.0,47.0,Persistence
MBC,"MasterBrand, Inc. Common Stock",Consumer Cyclical,"Furnishings, Fixtures & Appliances",United States,その他,9.0649995803833,1.160180224,38.16771977797523,0.012701821952303363,-0.00946372239747634,-0.16769958784918332,0.30262917321826893,-0.443391757460919,0.37866081795897305,74.5270956410973,0.08436900823838428,0.3440665860666937,False,34,0,25,100,23,D,-5,37.8,12.3,38.35,38.35,Persistence
MC,Moelis & Company Class A Common Stock,Financial Services,Capital Markets,United States,その他,70.5,5.243530752,52.86953977500001,0.2697688241129468,0.3975405616626187,-0.13249710493384229,0.32945761987768957,0.2998943169480468,0.1534769358040082,71.81631440599182,0.08739416011805629,0.07498158337064709,True,21,36,49,85,37,C,-20,12.200000000000003,23.450000000000003,35.6,35.6,Persistence
MCB,Metropolitan Bank Holding Corp. Common Stock,Financial Services,Banks - Regional,United States,その他,94.87000274658203,1.1758944,10.645486339197541,0.11922622915521172,0.09443895049129969,-0.031144760553503428,,-0.43479304385988976,0.0013293819700193176,62.399507415891506,0.06658621335718953,0.012976295176801912,True,35,14,25,100,40,C,-25,20.25,4.5,21.75,21.75,Persistence
MCD,McDonald's Corporation Common Stock,Consumer Cyclical,Restaurants,United States,その他,284.55999755859375,202.181541888,1147.8422397039917,0.03722993827160494,0.016669935281427732,0.09977568803381934,0.5740747628789288,0.07703836930455636,0.9210115097034361,57.85003342551849,-0.012839219263113405,0.15530892474631988,False,28,24,40,25,90,S,-40,0.0,0.0,6.25,6.25,Persistence
MCO,Moody's Corporation Common Stock,Financial Services,Financial Data & Stock Exchanges,United States,その他,450.2300109863281,78.644568064,441.1218578640747,0.08888261851015801,0.19810682893847195,0.08193123628383321,0.7443638248250842,0.021420071400238,0.46437144662034113,55.420174690716614,0.005374492817027457,0.1618395862333672,False,17,24,54,40,90,S,-20,7.75,13.0,37.7,37.7,Persistence
MCY,Mercury General Corporation Common Stock,Financial Services,Insurance - Property & Casualty,United States,その他,102.43000030517578,5.673457152,25.13135934137535,0.09438817393349773,0.18273637791003214,0.2708062384815427,,0.03812189763859779,0.06138221080554091,48.60956703424653,0.05721316737929464,0.004857670246940219,True,2,24,57,85,60,B,-20,0.25,16.75,44.599999999999994,44.599999999999994,Persistence
MDU,"MDU Resources Group, Inc. Common Stock (Holding Company)",Utilities,Utilities - Regulated Gas,United States,その他,21.360000610351562,4.46436864,39.116905537746426,0.06660379140125758,-0.02516092254867602,0.03208038926388058,0.3261655856380522,-13.484980005851945,0.3511916366469235,41.39786930987913,-0.022407707934364203,0.06315783661818376,True,22,0,10,85,87,S,0,37.95,21.450000000000003,44.150000000000006,44.150000000000006,Persistence
MET,"MetLife, Inc. Common Stock",Financial Services,Insurance - Life,United States,その他,87.0999984741211,56.043343872,293.6242463610843,0.07875262009667622,0.03234021255924868,0.007788277529706716,,,0.02708524006731386,65.39232231106399,0.10792769953144951,0.0,True,30,0,22,40,25,D,-20,11.0,0.0,7.100000000000001,11.0,Acceleration
MGM,MGM Resorts International Common Stock,Consumer Cyclical,Resorts & Casinos,United States,その他,47.25,12.08897024,289.4360553,0.01723483799381052,0.06658496785096542,0.23132869700479566,0.4441938538859438,0.20508603802605152,0.7583497676523971,80.13469181113605,0.18525021949078133,0.06786345866848022,True,9,12,44,65,22,D,-10,8.7,10.95,34.85,34.85,Persistence
MGY,Magnolia Oil & Gas Corporation Class A Common Stock,Energy,Oil & Gas E&P,United States,電力/エネルギー,27.739999771118164,5.28367616,56.42701400742254,-0.0030709347162292174,0.07246008285390378,-0.27590199546412997,0.47294688015733566,-0.05749318738324108,0.14173267674603493,33.33333333333333,-0.042523346447399676,0.13772542460226128,True,8,0,33,85,90,S,0,27.75,21.75,57.400000000000006,57.400000000000006,Persistence
MH,"McGraw Hill, Inc. Common Stock",Consumer Defensive,Education & Training Services,United States,その他,12.869999885559082,2.458189568,5.182306869418573,0.0718299312718633,0.006522834026347013,0.0880076191752969,0.7990319321524447,3.0,0.5653467667981993,55.514017758655974,0.019858303890236514,0.2846025542356552,False,48,37,49,100,73,A,0,58.3,50.05,66.55000000000001,66.55000000000001,Persistence
MHK,"Mohawk Industries, Inc. Common Stock",Consumer Cyclical,"Furnishings, Fixtures & Appliances",United States,その他,105.57499694824219,6.435127808,65.86877902849274,-0.004752281556533695,-0.02678018158795161,-0.05129035281287541,0.23872086338939677,-0.09315673289183223,0.1795313904130106,62.30603241025402,0.026292300150484532,0.2445438501020237,False,30,0,25,85,70,A,0,42.25,19.75,49.0,49.0,Persistence
MHO,"M/I Homes, Inc. Common Stock",Consumer Cyclical,Residential Construction,United States,その他,140.16000366210938,3.611602432,27.512056174836733,-0.01928864933502343,0.11681362746318212,-0.023694429457570363,0.24104137348591975,-0.25437342034450355,0.21557547688201587,72.1872756600875,0.08454769625719072,0.10851035126659983,True,0,0,25,85,50,B,0,17.75,17.75,45.0,45.0,Persistence
MIR,"Mirion Technologies, Inc. Class A Common Stock",Industrials,Specialty Industrial Machinery,United States,その他,16.639999389648438,4.071070976,63.003570425042724,0.07504646840148699,0.07479086028218254,0.11577040958484257,0.47395720769397015,1.125248508946322,0.34383099690644076,39.61424046835842,-0.1129780570984662,0.44067228942358194,False,41,47,46,85,45,C,0,48.0,52.5,55.55,55.55,Persistence
MKC,"McCormick & Company, Incorporated Common Stock",Consumer Defensive,Packaged Foods,United States,その他,49.83000183105469,13.396457472,176.90962424822615,0.017341642250546574,0.0092311848938789,0.049082749389811824,0.3789599871350672,0.14435857805255023,0.31544498651556013,67.44707154670628,0.013845576800365073,0.33885793496849126,False,24,24,42,65,53,B,-20,13.049999999999997,13.049999999999997,29.950000000000003,29.950000000000003,Persistence
MKL,Markel Group Inc. Common Stock,Financial Services,Insurance - Property & Casualty,United States,その他,1837.8699951171875,22.998573056,131.0031894649536,-0.024902447439287444,0.06596941436343139,0.3301754728431419,,0.09206738734039756,0.062460022886566366,44.726538967467384,-0.014167380453900867,0.16151736986164658,False,2,12,38,65,90,S,-20,0.25,7.75,35.150000000000006,35.150000000000006,Persistence
MLI,"Mueller Industries, Inc. Common Stock",Industrials,Metal Fabrication,United States,その他,136.19000244140625,15.058612224,71.49925418822937,0.1087308153384954,0.10186720930198562,-0.1411466042930805,0.2901640211298329,0.2137757311673045,0.007363993154084793,54.174450125457376,0.04985147139362979,0.03038781888676566,True,40,26,30,65,87,S,0,48.45,37.95,50.150000000000006,50.150000000000006,Persistence
MLM,"Martin Marietta Materials, Inc. Common Stock",Basic Materials,Building Materials,United States,その他,573.0,34.406301696,313.2568653,0.0861886259272342,-0.03230217056913348,-0.050316507060542116,0.3071544715447154,0.6192052980132451,0.304900860456416,63.15757833248042,-0.031136763979255532,0.1886519517140663,False,43,12,30,40,70,A,0,45.25,22.0,40.5,45.25,Acceleration
MMI,"Marcus & Millichap, Inc. Common Stock",Real Estate,Real Estate Services,United States,その他,30.549999237060547,1.155456256,8.439579346734428,0.08490072694882625,0.07761403378400346,-0.5037857894615544,0.3769684674424887,3.0,0.09460456007156846,65.43209985559486,0.07981815344959327,0.06341002063106185,True,49,30,34,100,52,B,-5,51.95,37.7,49.1,51.95,Acceleration
MMM,3M Company Common Stock,Industrials,Conglomerates,United States,その他,162.11000061035156,84.5512704,620.0565433930412,0.015178026449643948,-0.0014221861032100772,-0.05928672451358893,0.39911014911014914,1.188087774294671,0.33397821535525934,76.58339783880857,0.09285149340337048,0.06259914736027473,True,46,12,30,40,37,C,0,44.2,18.7,33.9,44.2,Acceleration
MMS,"Maximus, Inc. Common Stock",Industrials,Specialty Business Services,United States,その他,60.93009948730469,3.201289728,40.29561862260819,0.023572249579124183,0.08185346873465767,0.0591036355289485,0.2455119202191161,-0.08704010292518974,0.35486366235432676,53.75284181491103,-0.039136850281059066,0.37791375450251746,False,0,12,33,85,73,A,0,20.05,29.05,54.00000000000001,54.00000000000001,Persistence
MO,"Altria Group, Inc.",Consumer Defensive,Tobacco,United States,その他,72.27999877929688,120.699731968,540.4749232461716,-0.01491880258266484,-0.0028289922934347867,-0.008990719257540603,0.7220815333432643,0.053768435721751245,0.7341862523916954,45.33331976996528,0.0429502474759469,0.03044941890726607,True,17,12,32,25,87,S,-10,15.200000000000003,11.450000000000003,31.25,31.25,Persistence
MOD,Modine Manufacturing Company Common Stock,Consumer Cyclical,Auto Parts,United States,その他,273.3399963378906,14.436666368,379.86529435870364,0.2313141087671763,0.07297117700805715,0.04782627616519431,0.22982616076200058,-0.1848414539829853,0.16312719659014432,55.20447734097612,0.054263668632712446,0.10932261301815442,True,39,5,45,65,85,S,0,47.5,22.0,58.0,58.0,Persistence
MOG-A,Moog Inc. Class A Common Stock,Industrials,Aerospace & Defense,United States,防衛/宇宙,392.5,12.435402752,114.175875375,0.06973310870721759,0.0882850500122128,0.09236727394546976,0.27388007741753667,1.798417162665969,0.21366340906292397,91.91698379999926,0.2161087702062429,0.0,True,12,24,42,65,10,D,0,19.75,28.75,41.35,41.35,Persistence
MOS,Mosaic Company (The) Common Stock,Basic Materials,Agricultural Inputs,United States,その他,20.885000228881836,6.638227456,161.6813075906396,0.0835760779659798,-0.18788560247077635,-0.2838715412126409,0.15780259533370947,-12.278481012658228,0.2156649686888534,43.25291105072593,-0.10435403627974742,0.42827601258760756,False,33,19,10,85,55,B,0,43.0,32.5,37.75,43.0,Acceleration
MPC,Marathon Petroleum Corporation Common Stock,Energy,Oil & Gas Refining & Marketing,United States,電力/エネルギー,261.1700134277344,76.233416704,596.8816834189362,-0.044395955755271346,-0.06412632515382904,-0.16384056623443954,0.07537358985372912,-0.2226027397260274,0.4092430468703472,52.01614214581108,0.07447140371079537,0.022603862956071977,True,30,12,17,40,60,B,0,34.5,21.0,31.35,34.5,Acceleration
MRSH,Marsh Common Stock,Financial Services,Insurance Brokers,United States,その他,167.0399932861328,80.478953472,453.4109022879776,0.1031564314334778,0.07573891625615764,0.0972972972972973,0.422667803268967,0.2546412443552434,0.36533810253789817,55.876673188653996,-0.003459015727654437,0.22501904333101133,False,32,26,42,40,90,S,-20,19.0,14.5,31.1,31.1,Persistence
MS,Morgan Stanley Common Stock,Financial Services,Capital Markets,United States,その他,207.61000061035156,327.46012672,1181.5418244981086,0.14482567119626524,0.1372490970454142,0.009101772555267874,,-8.898571428571428,0.2608926471727207,61.78160205555133,0.083302909236848,0.04883861022333954,True,35,14,18,10,52,B,-30,2.950000000000003,0.0,0.0,2.950000000000003,Acceleration
MSA,MSA Safety Incorporated Common Stock,Industrials,Security & Protection Services,United States,その他,160.82000732421875,6.20830976,51.04375570068359,0.036874357074120366,0.011463672637830623,0.1699620341725171,0.4646396922574719,0.21974773435725933,0.2454945908469159,33.16789290314193,-0.04163176701085933,0.2035612626465207,False,31,12,50,85,80,S,0,44.0,29.75,64.75,64.75,Persistence
MSCI,MSCI Inc. Common Stock,Financial Services,Financial Data & Stock Exchanges,United States,その他,601.7924194335938,43.766915072,384.93254926072996,0.09745046440495664,0.12938645746010155,0.12466523584918247,0.8244143566720764,0.05198379527287598,1.1065080871252209,58.00988006303905,0.0342451442805232,0.06529300675706742,True,17,24,55,40,87,S,-40,0.0,0.0,17.650000000000006,17.650000000000006,Persistence
MSGE,Madison Square Garden Entertainment Corp. Class A Common Stock,Communication Services,Entertainment,United States,その他,73.94000244140625,3.497748992,29.979136657873536,-0.017232985671321272,0.12656430564559318,0.30299775053941147,0.43181958007242766,0.06878337256703221,0.7191297140687563,74.88586383786655,0.12185666739952168,0.0,True,6,12,32,85,10,D,-10,8.25,12.75,30.85,30.85,Persistence
MSGS,Madison Square Garden Sports Corp. Class A Common Stock (New),Communication Services,Entertainment,United States,その他,387.2650146484375,9.323834368,83.65489723327637,0.011751946406996453,0.1574201050879658,0.08046834860486465,0.27338003502626973,-0.029708866343184825,0.8042694575735893,88.23266265146773,0.11742962912084505,0.0,True,0,0,27,85,10,D,-20,0.0,0.0,18.1,18.1,Persistence
MSI,"Motorola Solutions, Inc. Common Stock",Technology,Communication Equipment,United States,通信/光通信,417.29998779296875,69.26995456,471.1913809815155,0.07996671905334196,0.08408498697133694,0.0950395083406497,0.5166067454203047,0.20524835988753515,0.5036876579503843,66.87713530105847,-0.01327926532188953,0.14185719285643594,False,13,24,42,40,70,A,0,22.75,31.0,47.1,47.1,Persistence
MSM,"MSC Industrial Direct Company, Inc. Common Stock",Industrials,Industrial Distribution,United States,その他,117.86250305175781,6.58077184,82.92547006527482,-0.013459999879611124,-0.04697374741911395,0.08596917624644052,0.40751464178074615,-0.22619743647402743,0.218843620636994,81.27594322102868,0.14308571324016583,0.0,True,22,0,29,85,10,D,0,30.25,13.75,39.2,39.2,Persistence
MTB,M&T Bank Corporation Common Stock,Financial Services,Banks - Regional,United States,その他,227.2100067138672,33.273782272,212.04497706025313,0.04344058065215036,-0.017769738242179187,0.17284412829152626,,-0.15733647613435475,0.060938597723760014,78.01072967203025,0.06208275213462095,0.03201215845621566,True,18,12,25,40,37,C,-20,3.1999999999999993,0.0,11.149999999999999,11.149999999999999,Persistence
MTDR,Matador Resources Company Common Stock,Energy,Oil & Gas E&P,United States,電力/エネルギー,54.6974983215332,6.79223808,89.22571804261302,0.05103712088504662,0.23471467596245202,-0.11858420201589202,0.4578431806906797,-0.13710590310635304,0.29777468541451746,37.9783132456795,-0.061912017747683255,0.1586077715267785,True,8,0,29,85,80,S,0,26.75,20.75,53.2,53.2,Persistence
MTG,MGIC Investment Corporation Common Stock,Financial Services,Insurance - Specialty,United States,その他,25.829999923706055,5.462793728,40.36547463527269,0.004889333800324741,0.04556221009053746,-0.01507778493074178,,0.1767128359429612,0.09731747306945146,41.66666666666667,-0.027363950975196817,0.12506711872702772,False,2,12,30,85,90,S,-20,3.25,10.75,35.75,35.75,Persistence
MTH,Meritage Homes Corporation Common Stock,Consumer Cyclical,Residential Construction,United States,その他,71.23500061035156,4.758545408,52.34799474752503,-0.08326749246316913,0.041601229925604555,-0.02549112009646001,0.1973550557407371,1.3612557271868682,0.2478946279509024,75.30986565629871,0.08464444573369548,0.12324251324186437,True,12,25,30,85,50,B,0,26.75,36.5,47.75,47.75,Persistence
MTN,"Vail Resorts, Inc. Common Stock",Consumer Cyclical,Resorts & Casinos,United States,その他,135.5,4.828343296,101.865952875,0.02743527204958008,-0.0014442624743715225,0.14388941499149613,0.427801805928928,-0.15389664527228214,0.596107745308188,66.51964925552457,0.05695876413973663,0.16213912234017208,False,22,12,21,85,55,B,0,34.75,27.25,43.8,43.8,Persistence
MTZ,"MasTec, Inc. Common Stock",Industrials,Engineering & Construction,United States,その他,347.8450012207031,27.486212096,402.52585278309624,0.16220691993734448,0.025636186394489998,0.22682423610953445,0.12537328212943255,-0.7062728085775671,0.28207377970486747,29.348644395610492,-0.08383605881626884,0.2049439019531361,True,23,14,41,65,63,B,0,33.3,26.55,51.4,51.4,Persistence
MUR,Murphy Oil Corporation Common Stock,Energy,Oil & Gas E&P,United States,電力/エネルギー,39.72999954223633,5.69527808,62.52387700110836,-0.10890916909108135,-0.12475332385772202,-0.1827631310809594,0.2777702804436687,-0.7585809903682388,0.22391647968711512,52.83446803553695,0.02300366079998583,0.06235060264902868,True,30,0,25,85,87,S,0,43.95,21.450000000000003,52.400000000000006,52.400000000000006,Persistence
MUSA,Murphy USA Inc. Common Stock,Consumer Cyclical,Specialty Retail,United States,その他,587.7449951171875,10.856051712,164.81177812454223,-0.04249591242967156,-0.05969046977621299,-0.08174920349226523,0.1217189434585225,-0.03902439024390244,0.5804308265267256,61.73900177153572,0.09477111536150447,0.026640197226975783,True,30,0,17,65,40,C,0,36.25,13.75,33.6,36.25,Acceleration
MWA,MUELLER WATER PRODUCTS Common Stock,Industrials,Specialty Industrial Machinery,United States,その他,26.229999542236328,4.104236032,31.245780056201365,0.08747242716969651,0.030571450968095947,0.02268718935385602,0.36140449045254247,-0.1013584117032393,0.24558159769427376,60.471195038895935,-0.02604803102143272,0.13402000962194813,True,37,12,41,85,80,S,0,48.5,29.75,59.8,59.8,Persistence
NATL,NCR Atleos Corporation Common Stock,Technology,Software - Application,United States,ソフトウェア,44.52000045776367,3.285482752,31.869468699688337,0.011382113821138212,0.028428093645484948,0.015526443474041727,0.2436839687643546,-0.024390243902439025,0.5111150317572336,39.20268980664163,-0.0003906738414569677,0.07500520528230542,True,0,12,29,85,77,A,0,20.45,29.45,52.6,52.6,Persistence
NBHC,National Bank Holdings Corporation Common Stock,Financial Services,Banks - Regional,United States,その他,42.86000061035156,1.919734784,13.095056703481292,0.02526691809861646,-0.04443000340395954,0.2781903872308446,,0.09793750362532007,0.005518278005867951,59.985014664793276,0.031485015772537685,0.0018596490448788137,True,20,12,30,100,75,A,-25,12.5,6.5,31.5,31.5,Persistence
NCLH,Norwegian Cruise Line Holdings Ltd. Ordinary Shares,Consumer Cyclical,Travel Services,United States,その他,18.584999084472656,8.532561408,401.1103691821495,0.036703988364128595,0.10874096658636966,0.7651419558359621,0.4261907698243883,-2.3945648377402486,0.6479710821878374,73.20614910850122,0.02075558844344149,0.31013367794935814,False,4,0,24,85,38,C,-10,9.55,6.550000000000001,32.050000000000004,32.050000000000004,Persistence
NE,Noble Corporation plc A Ordinary Shares,Energy,Oil & Gas Drilling,United States,電力/エネルギー,45.81010055541992,7.308815872,52.33093931898117,0.0744812150363429,0.18107251475269773,0.8311868257314972,0.19727456561544304,3.0,0.26239736236194294,23.091988969425458,-0.06352317269876442,0.14830936951374346,True,12,12,46,85,63,B,0,28.05,28.05,59.15,59.15,Persistence
NEE,"NextEra Energy, Inc. Common Stock",Utilities,Utilities - Regulated Electric,United States,電力/エネルギー,84.6500015258789,176.546496512,1148.3573157399903,0.10742132266795944,-0.11954897915629224,0.341572819240313,0.6226834962790019,-0.32343025705857564,0.44950428025441774,40.20220375994578,-0.06801702627675325,0.1288309978877268,True,35,2,37,25,90,S,0,39.0,14.25,44.6,44.6,Persistence
NET,"Cloudflare, Inc. Class A Common Stock",Technology,Software - Infrastructure,United States,ソフトウェア,222.5500030517578,78.663909376,881.4120912165254,0.29845666035387564,0.2875515232370281,0.3296662055840556,0.745137889154528,0.5610460413983165,0.5828657697751719,54.569534416194294,0.03223946523526731,0.1837819993300146,True,48,17,89,40,100,S,0,52.0,28.75,78.95,78.95,Persistence
NEU,NewMarket Corp Common Stock,Basic Materials,Specialty Chemicals,United States,その他,835.7000122070312,7.686784512,85.30090308598633,-0.022030404534913683,0.03266320019240896,-0.024008978591210428,0.31462268945522276,0.06285679674131953,0.2796577775296245,82.59803492794985,0.1945213190652276,0.0340364685721131,True,6,12,30,85,22,D,0,19.45,23.95,42.15,42.15,Persistence
NFG,National Fuel Gas Company Common Stock,Energy,Oil & Gas Integrated,United States,電力/エネルギー,77.51000213623047,7.366191104,63.76213444282952,0.17108663571248606,-0.10532894219308289,-0.005615160888654676,0.46086590757312385,0.3895416589348673,0.3249257033750257,24.568955594944867,-0.08284560589535817,0.19243593013865895,False,39,33,34,85,53,B,0,47.3,42.8,50.550000000000004,50.550000000000004,Persistence
NGVT,Ingevity Corporation Common Stock ,Basic Materials,Specialty Chemicals,United States,その他,69.40599822998047,2.413363712,15.503950057912062,-0.02708107657695192,-0.012669683257918552,-0.2714140142660193,0.395255224391915,3.0,0.7526497486524135,63.59463840110399,-0.031509793841976566,0.1086940313094194,True,16,30,24,100,80,S,-10,25.0,35.5,44.2,44.2,Persistence
NI,NiSource Inc Common Stock,Utilities,Utilities - Regulated Gas,United States,その他,46.349998474121094,22.22200832,155.7102775763935,0.21761287602427087,-0.009136484179169542,-0.05900249547055003,0.503989641986089,0.07858386535113175,0.45214968752352985,45.22110260438576,-0.016315005599092193,0.039975152319253825,True,49,29,10,65,87,S,0,55.2,40.2,39.150000000000006,55.2,Acceleration
NIC,Nicolet Bankshares Inc. Common Stock,Financial Services,Banks - Regional,United States,その他,149.74000549316406,3.182260224,27.63569347280655,0.1228270178765285,0.267180144243159,-0.07584270605165086,,0.2791491911324146,0.014682463688229216,60.86903474475224,0.026335779956148036,0.06772974942299316,True,10,26,38,85,67,A,-20,6.949999999999999,18.950000000000003,35.550000000000004,35.550000000000004,Persistence
NIQ,NIQ Global Intelligence plc Ordinary Shares,,,,その他,8.369999885559082,2.4702912,14.998945632423162,0.056839349544379,0.18893843713524677,0.19914585127763423,0.5564738948170732,1.1592526690391458,0.5695824757424287,46.05807683693263,-0.1664176991953771,0.5759878428263544,False,23,43,50,100,43,C,0,36.55,51.55,61.1,61.1,Persistence
NJR,NewJersey Resources Corporation Common Stock,Utilities,Utilities - Regulated Gas,United States,その他,55.2599983215332,5.576926208,29.586846880329325,0.1335195061170395,-0.08479648944418577,-0.3244982155755427,0.3568236682950208,-0.6658027127689143,0.4971381258844602,37.29214548581427,-0.013098000247006258,0.05035230064141851,True,39,14,6,85,77,A,0,49.7,30.95,39.95,49.7,Acceleration
NKE,"Nike, Inc. Common Stock",Consumer Cyclical,Footwear & Accessories,United States,その他,44.459999084472656,65.840234496,948.1716777920986,-0.09838012538452552,0.0028310912392369722,0.09648897452365661,0.42734673605562634,-0.506120598458516,0.3012110773941332,53.53518766250781,0.009577765073345915,0.4235231434625306,False,4,0,25,40,65,A,0,15.5,12.5,36.75,36.75,Persistence
NMAX,"Newsmax, Inc. Class B Common Stock",Communication Services,Broadcasting,United States,その他,9.28499984741211,1.199256576,14.217338933605005,0.10664743342972464,0.2642037084663937,,0.39323877343194685,-1.1557441055695443,0.03900494472473373,70.59437805239324,0.32202809024878104,0.41530228082501475,True,9,2,14,100,10,D,-15,7.75,2.5,19.700000000000003,19.700000000000003,Persistence
NNI,"Nelnet, Inc. Common Stock",Financial Services,Credit Services,United States,その他,130.44500732421875,4.687414272,17.766212140286257,0.15865671987383273,0.20406403661123076,-0.3016560004326585,,-0.38200150470336625,0.5532598874712444,58.522956945782305,-0.015327282405804526,0.09328486117639871,True,5,14,17,85,100,S,-20,6.5,13.25,30.6,30.6,Persistence
NOC,Northrop Grumman Corporation Common Stock,Industrials,Aerospace & Defense,United States,防衛/宇宙,547.1400146484375,77.712195584,505.17429345390013,0.022445348865547242,0.04436243318910664,0.07343860991202666,0.19814558802497975,0.2617321632964517,0.3312571773361621,48.57380094103995,-0.07390000745128736,0.2844612855163536,False,5,24,38,40,63,B,0,16.05,30.3,43.5,43.5,Persistence
NOG,"Northern Oil and Gas, Inc. Common Stock",Energy,Oil & Gas E&P,United States,電力/エネルギー,21.18000030517578,2.304048384,55.40312028928567,-0.03175119618109394,0.1346359665843213,-0.03967624098725046,0.3222820932489252,1.9501486333622708,0.4428225072212594,30.123801872927032,-0.1501007081087858,0.30260121665860895,False,16,25,26,100,41,C,0,31.1,37.85,47.5,47.5,Persistence
NOV,NOV Inc. Common Stock,Energy,Oil & Gas Equipment & Services,United States,電力/エネルギー,21.219999313354492,7.61561344,70.27988229385451,-0.014205186020293123,0.03343819177443784,0.18598866933812352,0.2020814272644099,-0.080797481636936,0.20724470817465238,51.285572741866176,0.06136709615132973,0.010722677920942046,True,0,0,25,85,60,B,0,18.75,18.75,47.0,47.0,Persistence
NOW,"ServiceNow, Inc. Common Stock",Technology,Software - Application,United States,ソフトウェア,107.16000366210938,110.484127744,3719.5163705775653,0.20884923525127458,0.22438970014491139,0.23823326432022085,0.7753426720891701,0.3431111111111111,0.09228819417774023,52.42218889681916,0.0773920909784552,0.4871205723875209,False,29,29,100,25,50,B,0,30.5,30.5,71.25,71.25,Persistence
NPKI,NPK International Inc. Common Stock,Industrials,Building Products & Equipment,United States,その他,14.899999618530273,1.258260864,12.221955637093544,0.2738253428909048,0.04739270303590692,0.07593539662060282,0.36369805409268596,3.0,0.060528615214665044,42.72299197749148,-0.00878129251145055,0.08868505988432951,True,46,65,54,100,100,S,-5,54.5,68.75,69.7,69.7,Persistence
NPO,Enpro Inc. Common Stock,Industrials,Specialty Industrial Machinery,United States,その他,333.760009765625,7.051235328,61.72949788616943,0.09020692285687042,-0.010006608137449259,-0.036299126637554587,0.4263972710574652,0.1776923076923077,0.2508449117536613,70.60458719023063,0.13110751967830003,0.0,True,36,12,30,85,10,D,0,40.75,22.75,39.75,40.75,Acceleration
NRG,"NRG Energy, Inc. Common Stock",Utilities,Utilities - Independent Power Producers,United States,電力/エネルギー,122.9000015258789,25.930235904,312.81728785381847,0.09182367579097049,-0.024043298754466917,-0.0862314935167866,0.19379415882525314,-0.5787444933920705,0.5704186684969115,35.0512719744018,-0.155406920050559,0.3301289163263962,False,30,0,17,65,41,C,0,36.35,13.850000000000001,33.800000000000004,36.35,Acceleration
NRP,Natural Resource Partners LP Limited Partnership,Energy,Thermal Coal,United States,電力/エネルギー,105.0,1.391293312,6.002829,-0.17421345402751534,-0.16559852344239517,-0.10493926878705213,,,0.044205701763177056,56.793480514354044,-0.05970283309259321,0.15673424956476648,False,0,0,10,100,80,S,-5,18.0,18.0,41.5,41.5,Persistence
NSP,"Insperity, Inc. Common Stock",Industrials,Staffing & Employment Services,United States,その他,37.86000061035156,1.445085312,24.57691215321121,0.03510104847287646,0.014646931853222325,0.09210304765111972,0.13211978860833823,-1.6410788381742738,0.19745801180208805,70.47638162799505,0.22679607011937078,0.34857597734554463,True,18,0,22,100,18,D,-15,15.3,1.8000000000000007,25.700000000000003,25.700000000000003,Persistence
NUE,Nucor Corporation Common Stock,Basic Materials,Steel,United States,その他,255.2425994873047,58.129190912,345.034227653254,0.0572655690765927,-0.11465114939217606,-0.16375987666216998,0.11934510986643689,-1.2332506203473945,0.20285437556973565,80.30440914791083,0.16028618543662496,0.02683162774418804,True,30,0,10,40,10,D,0,29.5,7.0,17.5,29.5,Acceleration
NVR,"NVR, Inc. Common Stock",Consumer Cyclical,Residential Construction,United States,その他,6345.919921875,17.129490432,199.68008166972658,-0.019132606969687972,0.10578854142927097,-0.09521452585225663,0.23094950659190888,-0.18467794090317785,0.1797687525717398,73.97405860716134,0.006268041331749256,0.2571789860850989,False,0,0,25,65,38,C,0,13.55,13.55,37.6,37.6,Persistence
NWN,Northwest Natural Holding Company Common Stock,Utilities,Utilities - Regulated Gas,United States,その他,50.150001525878906,2.110329728,13.468352112292099,0.11827381582211183,-0.037145660660974134,0.15435632807732758,0.4019480937486185,-0.018808147621549778,0.43505986096087246,51.468732613395986,-0.025301923095030623,0.0928351729154772,True,33,21,6,100,100,S,0,49.75,40.75,48.3,49.75,Acceleration
NYT,New York Times Company (The) Common Stock,Communication Services,Publishing,United States,その他,73.73500061035156,11.934946304,112.62075691848374,0.09242323522121149,0.06585201586710149,0.051046193315401105,0.5080519151352357,0.4436105407524539,0.012210510862203004,46.53464290665558,-0.06083103928074534,0.14121826128356876,True,46,24,50,65,90,S,0,53.25,36.75,61.75,61.75,Persistence
OBDC,Blue Owl Capital Corporation Common Stock,Financial Services,Asset Management,United States,その他,11.204999923706055,5.558620672,36.48560758107243,0.0659541870071348,-0.20613153831019002,0.5656756126021003,,,0.5411310652368898,51.99999820485076,-0.004380558303244295,0.18496649386686853,False,18,12,10,85,90,S,-20,15.25,10.75,24.75,24.75,Persistence
OBK,"Origin Bancorp, Inc. Common Stock",Financial Services,Banks - Regional,United States,その他,49.290000915527344,1.52326272,5.951343716542053,0.10487641381347604,-0.0011065336556467264,0.07963425280666554,,0.7186755212069325,0.002309269097872412,62.07333581859578,0.07201555231382172,0.0,True,32,14,30,100,40,C,-25,18.0,4.5,24.5,24.5,Persistence
OC,Owens Corning Inc Common Stock New,Industrials,Building Products & Equipment,United States,その他,120.61499786376953,9.712923648,125.07316941481018,0.025581159273170236,0.17666029622551363,-0.14230099375064031,0.28090666138770665,-0.22730923694779118,0.43952234206471497,64.0799485213955,0.016790107848132743,0.21995913003499348,False,0,0,17,85,70,A,0,19.75,19.75,44.6,44.6,Persistence
ODC,Oil-Dri Corporation Of America Common Stock,Basic Materials,Specialty Chemicals,United States,その他,93.5602035522461,1.354752384,9.294046076391602,,0.0594788158471361,0.184836584057443,,0.11486060796975901,0.19943599216029104,76.76562317628952,0.24505478196246328,0.051017273277973084,True,2,12,30,100,22,D,-5,13.7,21.2,40.9,40.9,Persistence
OFG,OFG Bancorp Common Stock,Financial Services,Banks - Regional,United States,その他,47.27000045776367,1.997554176,11.669055768503378,0.029175202515213227,0.03248815495336184,0.1329668520901289,,-0.05432023796533942,0.03848549659275881,62.15429686090139,0.061698457546957866,0.0,True,0,12,37,100,40,C,-25,0.0,3.0,28.35,28.35,Persistence
OGE,OGE Energy Corp Common Stock,Utilities,Utilities - Regulated Electric,United States,電力/エネルギー,47.56999969482422,9.81722624,63.5665918282013,0.09205105014571399,0.11629211382417828,-0.2077791272921172,0.45047697923376584,1.2973750449478605,0.3939459309001079,47.99024441014365,-0.003596996791541735,0.04592861787995869,True,20,37,34,85,87,S,0,36.45,49.2,57.35000000000001,57.35000000000001,Persistence
OGS,"ONE Gas, Inc. Common Stock",Utilities,Utilities - Regulated Gas,United States,その他,76.9000015258789,4.826438656,50.732422866651916,0.1650398021077407,-0.1215991635715159,-0.07991256805165234,0.35841145442830846,0.6164556659517137,0.38107375915556657,29.07802915075183,-0.08723039925533543,0.1445264158772544,False,36,26,10,85,53,B,0,45.05,37.55,37.35,45.05,Acceleration
OI,"O-I Glass, Inc. Common Stock",Consumer Cyclical,Packaging & Containers,United States,その他,8.180000305175781,1.253990528,23.023273438941956,-0.01607717041800643,-0.08078817733990148,0.03631855309218203,0.17258014316837847,2.3125,0.540841718056908,35.3846314672864,-0.1354161912969645,0.5081178161166724,False,30,25,22,100,33,D,-5,35.8,32.05,38.7,38.7,Persistence
OII,"Oceaneering International, Inc. Common Stock",Energy,Oil & Gas Equipment & Services,United States,電力/エネルギー,39.90250015258789,3.980084736,32.0333719902462,0.04621854897167064,0.09751903942168659,0.1735757113457149,0.20417031229571905,1.1633048148379441,0.3273550250557315,56.419569213397374,0.06180573006804955,0.0,True,12,24,46,85,60,B,0,27.75,36.75,58.55,58.55,Persistence
OKE,"ONEOK, Inc. Common Stock",Energy,Oil & Gas Midstream,United States,電力/エネルギー,89.46990203857422,56.368975872,304.33936041501084,0.5498663471287676,0.22747072467047577,-0.21038995845803368,0.25995420619108506,-0.14649459365190093,0.4924295853903753,43.238862251292616,0.01981553141670931,0.06058479582757664,True,48,22,25,40,87,S,0,50.7,31.200000000000003,41.150000000000006,50.7,Acceleration
OKLO,Oklo Inc. Class A common stock,Utilities,Utilities - Independent Power Producers,United States,電力/エネルギー,56.025001525878906,9.74784512,816.5122491682647,,,,,-1.978137421919364,0.0009486691480362221,40.520604005505085,-0.12229027280083235,0.6782760897999104,False,0,0,10,85,43,C,-10,7.050000000000001,7.050000000000001,25.35,25.35,Persistence
OLN,Olin Corporation Common Stock,Basic Materials,Chemicals,United States,その他,24.18000030517578,2.754048,44.97675431165161,0.03680371859757496,-0.042865505634421194,-0.2712399479533286,0.07395882491741387,-0.19539110678351185,0.42855387807474954,27.096762549647508,-0.10660793276892212,0.19205206593783242,True,30,0,17,100,63,B,0,43.8,21.3,46.95,46.95,Persistence
OMC,Omnicom Group Inc. Common Stock,Communication Services,Advertising Agencies,United States,その他,75.41999816894531,21.495166976,234.2264203634262,0.10088532803028855,0.06785232980765304,0.028210314155545136,0.08494143666880888,0.7505179232845753,0.19725150830740618,61.91117963535995,-0.0016044400310781923,0.11220858349695582,False,44,14,42,65,70,A,0,49.75,27.25,53.35,53.35,Persistence
OMF,"OneMain Holdings, Inc. Common Stock",Financial Services,Credit Services,United States,その他,55.34000015258789,6.393482752,55.706929256599615,0.09543751377562266,0.060046728971962615,0.01929030721600381,,,0.8286110705418431,55.566322223559844,0.004827042033447343,0.19495886240918414,False,30,12,12,85,90,S,-40,4.25,0.0,5.850000000000001,5.850000000000001,Persistence
ONTO,Onto Innovation Inc. Common Stock,Technology,Semiconductor Equipment & Materials,United States,半導体,286.9200134277344,14.27242496,365.4022202286682,0.01817240796053158,0.2101479651120034,-0.18833883979335106,0.4971534812282955,0.40243155122489743,0.007380452507263252,60.12422008692083,0.06645777310798776,0.06801784226656024,True,13,12,38,65,52,B,0,24.7,23.95,47.550000000000004,47.550000000000004,Persistence
OPFI,OppFi Inc. Class A Common Stock,Financial Services,Credit Services,United States,その他,8.5,1.224267648,5.766531324999999,0.1351558949964161,0.03342967566494875,0.12385753623092398,0.8324059961477264,0.22971981621385087,0.4412961317614608,50.64516079413398,-0.011834730424781314,0.41820669406277344,False,49,40,49,100,65,A,-25,33.25,26.5,39.95,39.95,Persistence
OPLN,"OPENLANE, Inc. Common Stock",Consumer Cyclical,Auto & Truck Dealerships,United States,その他,37.220001220703125,3.943314176,33.29618308601379,0.08163265306122448,0.05472666155569971,0.10888046037143605,0.4047040578960972,0.4032527105921601,0.1245898863323667,66.22074709336817,0.10354727994953085,0.026673650967385835,True,30,24,46,85,25,D,0,37.75,33.25,51.55,51.55,Persistence
OPY,"Oppenheimer Holdings, Inc. Class A Common Stock (DE)",Financial Services,Capital Markets,United States,その他,100.91999816894531,1.080651904,7.920660642290497,0.14350825412426982,0.14707505054751466,0.12411460194555786,0.36245010136923245,2.619885982562039,0.16883313655248006,60.80151725917253,0.006299749834308219,0.12757249252508535,True,24,46,64,100,80,S,-25,16.0,32.5,51.2,51.2,Persistence
ORA,"Ormat Technologies, Inc. Common Stock",Utilities,Utilities - Renewable,United States,その他,137.91000366210938,8.475060224,132.78368885648345,0.12492298108119783,0.060560099538957156,0.1297607194081936,0.2755665999355258,-2.708685626441199,0.45736850092883896,59.909483243448044,0.11954200835049981,0.04955204782194729,True,23,14,22,85,57,B,0,35.7,28.95,44.75,44.75,Persistence
ORCL,Oracle Corporation Common Stock,Technology,Software - Infrastructure,United States,ソフトウェア,209.0800018310547,601.323732992,4417.959134905051,0.08379751137629576,0.06019537974936942,0.17704995287464656,0.70509939197547,-1.033370034725163,0.6183379761346155,58.58644096711844,0.1390047626179531,0.3581764904376625,True,30,12,32,10,53,B,-10,19.3,5.800000000000001,20.700000000000003,20.700000000000003,Persistence
ORI,Old Republic International Corporation Common Stock,Financial Services,Insurance - Property & Casualty,United States,その他,38.20000076293945,9.303764992,50.15389835168553,0.10986928422177948,0.13412601093950208,-0.10209812702575649,,,0.053236981250858094,39.89137135355399,-0.02881356127486083,0.11908428548355485,False,5,14,10,85,80,S,-20,4.5,11.25,22.75,22.75,Persistence
OSK,Oshkosh Corporation (Holding Company)Common Stock,Industrials,Farm & Heavy Construction Machinery,United States,その他,133.07000732421875,8.297089024,106.66174539769897,-0.02869471212092971,0.11102827736878618,0.16613136923448443,0.17452961438454084,1.183346065699007,0.10929867757436162,67.34311866808743,-0.05068050901351678,0.2488318441255248,False,12,12,30,85,60,B,-20,7.75,7.75,29.75,29.75,Persistence
OTF,Blue Owl Technology Finance Corp. Common Stock,Financial Services,Asset Management,United States,その他,11.329999923706055,5.241736192,22.730842937935066,1.2048944717931307,-0.09810465721546893,3.0,,,0.4273323343081429,58.16732689292936,0.004806747589764062,0.2350991375622163,False,43,22,10,85,90,S,-30,24.0,8.25,14.75,24.0,Acceleration
OTIS,Otis Worldwide Corporation Common Stock ,Industrials,Specialty Industrial Machinery,United States,その他,70.86499786376953,27.192037376,228.9533988331833,0.01192062267723161,0.0036596523330283625,0.03829009864815491,0.30282031737232346,0.0048712595685455815,0.79892987890735,47.90047382118195,-0.05612668133071855,0.2846272465300434,False,24,12,36,65,63,B,-10,24.049999999999997,15.05,38.65,38.65,Persistence
OVV,Ovintiv Inc. (DE),Energy,Oil & Gas E&P,United States,電力/エネルギー,57.685001373291016,16.210557952,174.49429682063789,-0.02666083916083916,-0.15905540751630984,-0.12684531450577663,0.5608441850022452,0.0613540197461213,0.3150564001961746,43.293357823567696,-0.004279067468744658,0.08552632056373338,True,28,24,34,65,100,S,0,40.75,37.75,54.95,54.95,Persistence
OWL,Blue Owl Capital Inc. Class A Common Stock,Financial Services,Asset Management,United States,その他,9.725000381469727,15.161765888,211.41624560919544,0.25038957893237296,0.3256042938124564,0.26420397715740856,0.544613609330153,0.2810829534471994,0.309806777265128,49.9337859434202,0.02774592140742792,0.4991169933468737,False,22,17,89,65,65,A,-20,12.75,9.0,58.2,58.2,Persistence
OXY,Occidental Petroleum Corporation Common Stock,Energy,Oil & Gas E&P,United States,電力/エネルギー,57.25,56.94283776,594.0885427625,-0.019346927653390255,-0.04910174468820176,-0.3679095921821259,0.3493261705182235,-0.20691653786707884,0.27737391015133156,42.636365937793364,-0.015148647630607245,0.1357185711608647,True,34,0,25,40,100,S,0,41.5,16.0,43.75,43.75,Persistence
P,"Everpure, Inc. Class A common stock",Technology,Computer Hardware,United States,その他,69.27999877929688,23.02901248,273.7083951052994,0.15614059120676835,0.11924697795996002,0.028032994435312413,0.7038120388998382,0.1686750646742751,0.04636349847109456,42.2086078447677,-0.052031551919409065,0.29807496533533856,False,49,26,62,65,63,B,0,52.8,35.55,62.95,62.95,Persistence
PAG,"Penske Automotive Group, Inc. Common Stock",Consumer Cyclical,Auto & Truck Dealerships,United States,その他,181.31500244140625,11.92132608,47.3197525206604,-0.0017668398985714645,0.030672941633108533,0.11151257603865568,0.1640127638838675,-0.237218574108818,0.49559317410798004,89.9546537980016,0.11449812266174968,0.011816379701563833,True,0,0,17,65,10,D,0,10.75,10.75,27.6,27.6,Persistence
PARR,"Par Pacific Holdings, Inc.  Common Stock",Energy,Oil & Gas Refining & Marketing,United States,電力/エネルギー,55.9900016784668,2.807578112,56.25188651281757,-0.06392999548433204,-0.03128029732912777,0.12430985067165999,0.16216473645783794,3.0,0.32002595933055605,33.934553390185954,-0.0845054015470148,0.1908958938199917,True,18,74,26,100,80,S,0,36.5,78.5,55.3,78.5,Transition
PATH,"UiPath, Inc. Class A Common Stock",Technology,Software - Infrastructure,United States,ソフトウェア,10.630000114440918,5.507618304,466.86185469316166,0.12653882310808692,0.09295512785228947,0.23568437370404344,0.8317467334586718,0.15219766916850433,0.025555485656769,48.65384329705643,-0.010702648770263317,0.4489372934200134,False,50,71,72,85,65,A,0,56.75,72.5,73.85,73.85,Persistence
PAY,"Paymentus Holdings, Inc. Class A Common Stock",Technology,Software - Infrastructure,United States,ソフトウェア,21.100000381469727,2.654155008,16.96472841170759,0.37254242926543885,0.41864798450747776,0.2363959026239384,0.24767260032745317,3.0,0.01026224574589937,25.260035613280465,-0.1657836749722168,0.458001535677757,False,26,32,85,100,16,D,0,36.1,40.6,74.95,74.95,Persistence
PAYC,"Paycom Software, Inc. Common Stock",Technology,Software - Application,United States,ソフトウェア,137.08999633789062,6.392108544,111.85878129239654,0.08947536108751063,0.11188522170396174,0.23160267597440373,0.8316518009455574,0.19875222816399288,0.011883611670417309,49.413404487693136,0.049262698773481946,0.45545406304899977,False,17,12,65,85,65,A,0,32.0,28.25,70.0,70.0,Persistence
PB,"Prosperity Bancshares, Inc. Common Stock",Financial Services,Banks - Regional,United States,その他,71.55999755859375,7.217161216,58.1314455747345,0.04906096397916514,0.07197264747296205,-0.04034385354598969,,0.14489961333528215,0.05069751328697327,62.141496834822135,0.039952985647815666,0.05007230156365424,True,2,24,30,85,67,A,-20,0.9499999999999993,17.450000000000003,31.15,31.15,Persistence
PBF,PBF Energy Inc. Class A Common Stock,Energy,Oil & Gas Refining & Marketing,United States,電力/エネルギー,41.415000915527344,4.899744768,95.92187999646606,-0.11423722569325961,-0.13593025925771302,-0.1816238631825976,-0.0194665948459548,-1.2538129496402877,0.2237882011382576,48.880724468924676,-0.005958778983902865,0.1861186322689331,True,30,18,10,85,100,S,-10,35.25,26.25,36.75,36.75,Persistence
PBI,Pitney Bowes Inc. Common Stock,Industrials,Integrated Freight & Logistics,United States,その他,16.94499969482422,2.295054848,43.879595226737976,-0.06610536475413477,-0.025170220185913392,-0.1626971548800326,0.5409734290238605,1.0219752881665147,0.6693669293087838,74.88653293293432,0.16151581245491164,0.0,True,26,54,28,100,10,D,-10,25.5,46.5,32.400000000000006,46.5,Transition
PBT,Permian Basin Royalty Trust Common Stock,Energy,Oil & Gas Midstream,United States,電力/エネルギー,28.75,1.340002944,5.2940264375,-0.4051790460358992,-0.06813305191197193,-0.46578670731521926,,,,42.59008566734051,0.14744968906441935,0.07225368063420158,True,0,0,0,100,57,B,-5,15.7,15.7,31.4,31.4,Persistence
PCG,Pacific Gas & Electric Co. Common Stock,Utilities,Utilities - Regulated Electric,United States,電力/エネルギー,16.69499969482422,36.766138368,298.0625184033245,0.02113108644907654,-0.000368429670869494,0.12675276752767528,0.39582915580509326,-0.3157669237360754,0.4331231330899436,57.116445412180646,-0.008486825212963334,0.12386755998332413,True,22,12,6,40,100,S,0,32.5,25.0,33.3,33.3,Persistence
PCOR,"Procore Technologies, Inc. Common Stock",Technology,Software - Application,United States,ソフトウェア,44.84000015258789,6.765917184,95.80225438800944,0.14830234747001844,0.2123114493531647,0.3190864242442756,0.7952134919308678,0.6980941176470589,0.03234028489570424,43.82433403769709,-0.13648005636645513,0.43668340437009046,False,32,32,92,85,43,C,0,41.05,41.05,80.44999999999999,80.44999999999999,Persistence
PEG,Public Service Enterprise Group Incorporated Common Stock,Utilities,Utilities - Regulated Electric,United States,電力/エネルギー,78.37000274658203,39.053451264,215.08327896038247,0.1825072886297376,-0.08427516240989588,0.1466326530612245,0.3482084155161078,1.020850040096231,0.4203487564262887,53.85568617403075,-0.0073282758656945035,0.10183537641969569,False,39,39,26,40,90,S,0,44.25,44.25,42.3,44.25,Acceleration
PFGC,Performance Food Group Company Common Stock,Consumer Defensive,Food Distribution,United States,その他,100.75,15.826802688,148.95878936249997,0.08609465831177121,0.017928659131914063,0.12497715845255147,0.11716791287052382,-0.08248631743549648,0.4471623828378409,66.63042707570136,0.09353258122759704,0.07330758950714056,True,18,0,29,65,52,B,-20,8.45,0.0,22.6,22.6,Persistence
PFS,"Provident Financial Services, Inc Common Stock",Financial Services,Banks - Regional,United States,その他,23.290000915527344,3.035005952,19.71041045431404,0.2528676732011279,0.4495131268999735,-0.051565180739342346,,0.013294155841100608,0.09701605759003647,63.25582550692212,0.05518899811217223,0.0,True,11,29,45,85,40,C,-20,5.0,18.5,34.0,34.0,Persistence
PFSI,"PennyMac Financial Services, Inc. Common Stock",Financial Services,Mortgage Finance,United States,その他,81.83999633789062,4.249531648,41.896316589257815,0.5528853551652252,0.07629970858577323,0.1392563249084503,0.5925503376050335,0.6261137686601321,0.7846472838580857,35.24452648029052,-0.06831568557280565,0.4832703687036454,False,53,34,35,85,45,C,-40,17.0,2.75,9.5,17.0,Acceleration
PG,Procter & Gamble Company (The) Common Stock,Consumer Defensive,Household & Personal Products,United States,その他,149.32000732421875,347.706425344,1233.7360738113525,0.0029153131284284676,0.024790868960807746,0.022684475039594948,0.5116036258364577,-0.15008472524812394,0.28318068209948016,62.11268725600708,0.036149336190592504,0.10021291456090647,True,8,12,41,10,80,S,0,15.5,18.5,41.05,41.05,Persistence
PGR,Progressive Corporation (The) Common Stock,Financial Services,Insurance - Property & Casualty,United States,その他,202.35000610351562,118.071238656,633.9025419930039,0.16317375204066734,0.2135850393827618,0.2520015326597697,,0.15949844950788727,0.056055397069221954,49.68537637695843,0.01714521950950927,0.1972104944193362,False,7,26,85,25,90,S,-20,0.0,12.25,51.0,51.0,Persistence
PH,Parker-Hannifin Corporation Common Stock,Industrials,Specialty Industrial Machinery,United States,その他,911.60498046875,114.940985344,720.4718180905518,-0.004014049172102358,0.045371098872279046,0.2019588430126378,0.3685138539042821,0.11963806970509383,0.31480979182206553,68.41657742141929,0.005382353290258277,0.10689382994804872,True,6,24,30,25,80,S,0,16.25,29.75,38.75,38.75,Persistence
PHIN,PHINIA Inc. Common Stock,Consumer Cyclical,Auto Parts,United States,その他,81.87000274658203,3.030873344,23.472264872949605,0.023508668821627974,-0.027714285714285716,0.04540023894862605,0.21877691645133507,-0.07389162561576355,0.26722556981922974,71.3270772841507,0.09660508438867042,0.0008957695210440198,True,18,12,21,85,25,D,0,28.75,24.25,37.8,37.8,Persistence
PHM,"PulteGroup, Inc. Common Stock",Consumer Cyclical,Residential Construction,United States,その他,120.81999969482422,23.014561792,194.88078075675622,-0.03538188940182037,0.11738398306816429,0.003661755726855606,0.26412987604575866,0.11924091486056321,0.1272509515097247,66.14730572053497,0.01195890123524421,0.15068971350098237,False,2,12,30,65,70,A,0,18.25,25.75,46.75,46.75,Persistence
PII,Polaris Inc. Common Stock,Consumer Cyclical,Recreational Vehicles,United States,その他,69.08000183105469,3.929696512,52.27462655760651,-0.0032611422359729073,-0.1968794770773639,0.04021422750029107,0.19137304250559284,3.0,0.3401720579520608,69.16871274011436,0.1092339745000852,0.0415508272269753,True,30,25,26,85,37,C,0,38.95,35.2,42.949999999999996,42.949999999999996,Persistence
PINS,"Pinterest, Inc. Class A Common Stock",Communication Services,Internet Content & Information,United States,その他,21.80500030517578,12.214230016,434.6337702874946,0.15786472694880047,0.19347995513033903,0.09009467725027065,0.8006709039129825,0.3318138103890688,0.0477078846611844,73.90263542857491,0.09327290374409773,0.44332393861424324,False,28,14,65,65,15,D,0,32.25,21.75,55.0,55.0,Persistence
PIPR,Piper Sandler Companies Common Stock,Financial Services,Capital Markets,United States,その他,79.37999725341797,5.364296192,42.32724027545929,0.24444983589581637,0.1352363352684939,-0.05370859630206926,,0.8537330776438505,0.04487731838438414,47.943192713162674,-0.02683730254611046,0.14193772812843206,False,48,29,38,85,90,S,-20,37.75,23.5,40.150000000000006,40.150000000000006,Persistence
PJT,PJT Partners Inc. Class A Common Stock,Financial Services,Capital Markets,United States,その他,162.4149932861328,6.626223616,49.713386034711455,0.1476676911042696,0.294832038654783,0.12450158702297892,0.32428511657138387,-0.08948132481256586,0.22455879560558795,62.33234743706106,0.055529628179773284,0.1487297241032875,False,9,14,66,85,55,B,-20,5.0,8.75,48.55000000000001,48.55000000000001,Persistence
PKG,Packaging Corporation of America Common Stock,Consumer Cyclical,Packaging & Containers,United States,その他,220.57000732421875,19.652489216,137.85376213655394,0.07228656972791145,0.07445145083564031,-0.07968860580325549,0.21020546649906,0.39712368168744006,0.4069647102699175,61.07099788516156,0.023610312486859932,0.09924200683678153,True,5,12,22,65,80,S,0,21.5,26.75,44.35,44.35,Persistence
PL,Planet Labs PBC Class A Common Stock,Industrials,Aerospace & Defense,United States,防衛/宇宙,30.770000457763672,10.966218752,428.16377942726996,0.2593594486642221,0.10718816834016022,0.1539298113523236,0.5605130521533697,1.747535549158161,0.4036708138180968,32.931382766900654,-0.20616901423163037,0.401361876569759,True,57,52,67,65,43,C,0,56.8,53.05,61.7,61.7,Persistence
PLNT,"Planet Fitness, Inc. Common Stock",Consumer Cyclical,Leisure,United States,その他,51.189998626708984,4.066675712,118.55163959857597,0.1205852136073673,0.10298265887320947,0.14363580465684286,0.5193626977126354,0.3492309810817109,0.9349032269498404,55.50404455642488,-0.1585768219533175,0.549185405099674,False,39,26,58,85,43,C,-20,26.299999999999997,16.549999999999997,41.75000000000001,41.75000000000001,Persistence
PLOW,"Douglas Dynamics, Inc. Common Stock",Consumer Cyclical,Auto Parts,United States,その他,46.25,1.06954016,8.009468625,0.1539989164544137,0.0005737638556931103,-0.07773492536538175,0.2662589760278514,0.9074157438252153,0.34952872262849427,65.55851070575446,0.027275553129027102,0.08849037307722987,True,47,14,26,100,80,S,-5,53.25,28.5,50.3,53.25,Acceleration
PM,Philip Morris International Inc Common Stock,Consumer Defensive,Tobacco,United States,その他,181.23500061035156,282.46540288,763.5214362358383,0.07312952109403875,0.076874964462387,0.10742396574523015,0.6711769336744735,-0.010117887310869766,0.705861097058611,38.790342614133394,0.05695304684268698,0.05537892195454701,True,12,12,39,25,62,B,-10,8.95,8.95,30.1,30.1,Persistence
PNC,"PNC Financial Services Group, Inc. (The) Common Stock",Financial Services,Banks - Regional,United States,その他,233.8000030517578,93.885816832,394.7980401832421,0.10899130184054977,-0.03254451624901204,0.01870796627829876,,,0.099553325476139,72.90151253693207,0.0647329864602038,0.02838987075861511,True,23,14,10,40,25,D,-20,5.75,0.0,0.5,5.75,Acceleration
PNFP,"Pinnacle Financial Partners, Inc. Common stock",Financial Services,Banks - Regional,United States,その他,95.97000122070312,14.501721088,98.78818429904938,0.1775920255682453,0.09966321837169444,0.060350959489580365,,-0.17603193891669794,0.03821146804131622,47.337663592285196,0.007749819129890118,0.18516960988094996,True,35,14,45,65,100,S,-20,26.0,10.25,41.0,41.0,Persistence
PNW,Pinnacle West Capital Corporation Common Stock,Utilities,Utilities - Regulated Electric,United States,電力/エネルギー,103.31500244140625,12.520452096,122.07420188244934,0.041956598304557245,0.09133833518846182,0.08593268175705909,0.41600737386700487,-0.28176241687155523,0.47615286818394187,54.32137910874398,0.020712769523093023,0.002095924391675668,True,4,12,18,65,75,A,0,20.25,26.25,41.15,41.15,Persistence
POR,Portland General Electric Co Common Stock,Utilities,Utilities - Regulated Electric,United States,電力/エネルギー,50.95500183105469,5.897022976,62.64325123231888,0.03953488372093023,0.17687307560725282,0.10426898375519456,0.479586129753915,0.8551020408163266,0.3743008314436886,56.821927154183875,0.006007850515881937,0.06021761925748066,True,17,12,34,85,87,S,0,34.2,30.450000000000003,57.35000000000001,57.35000000000001,Persistence
POST,"Post Holdings, Inc. Common Stock",Consumer Defensive,Packaged Foods,United States,その他,92.86000061035156,4.208655104,74.75332659433975,0.02971209309957464,0.13327134887712774,0.1947976483456385,0.2867579460903887,-0.028076463560334528,0.5692321338813163,37.88430749609087,-0.06501404093742727,0.18977401521831544,False,0,0,37,85,70,A,-20,0.0,0.0,35.6,35.6,Persistence
PPG,"PPG Industries, Inc. Common Stock",Basic Materials,Specialty Chemicals,United States,その他,115.74500274658203,25.799561216,202.29195118480607,0.0018933417481855476,-0.024442802610515946,0.04022031510183169,0.41316535433070867,0.6638054363376252,0.357317404289981,77.31536489849074,0.0649625641548883,0.10938600357538783,True,31,24,30,65,50,B,0,38.0,32.75,42.75,42.75,Persistence
PPL,PPL Corporation Common Stock,Utilities,Utilities - Regulated Electric,United States,電力/エネルギー,35.375,26.614392832,305.4128677375,0.0685417159064051,0.018046198267564966,0.051885598582637305,0.42733908427339085,-2.0129032258064514,0.4276810184775882,49.373205308644614,-0.04799197191648261,0.11140420045969927,False,25,12,18,65,90,S,0,37.5,27.75,44.15,44.15,Persistence
PR,Permian Resources Corporation Class A Common Stock,Energy,Oil & Gas E&P,United States,電力/エネルギー,19.674999237060547,16.95072256,175.93131395664346,0.012893507233138176,0.6023407402945247,0.46433831550745686,0.4105420287526028,0.9132592816344464,0.20545768146097196,37.66497115933509,-0.03755377994110141,0.12633220083804764,True,13,12,54,65,90,S,0,28.5,27.75,63.95,63.95,Persistence
PRA,ProAssurance Corporation Common Stock,Financial Services,Insurance - Property & Casualty,United States,その他,24.704999923706055,1.27496896,26.6454047327137,-0.041170855193356504,-0.001963870097954656,0.02597658377200944,,-0.4808169884952613,0.07986867362119786,52.64483409371312,0.00640792901571579,0.002221337022106525,True,0,0,10,100,75,A,-35,0.0,0.0,10.5,10.5,Persistence
PRG,"PROG Holdings, Inc. Common Stock",Industrials,Rental & Leasing Services,United States,その他,36.95500183105469,1.480622976,14.571133644223785,0.00422745209519812,0.02553228415390245,-0.0994962711128459,,1.4953728236911428,0.3738953110019324,64.30165688225065,0.11530373105771517,0.07942246363314999,True,12,12,26,100,37,C,-5,22.7,22.7,41.699999999999996,41.699999999999996,Persistence
PRI,"Primerica, Inc. Common Stock",Financial Services,Insurance - Life,United States,その他,274.1099853515625,8.547848192,48.29690480751343,0.06557482123682846,0.12393492175934062,0.03426441353010836,,0.05074802487813078,0.12123356418348218,44.86698333927231,0.015372075868871798,0.027733830050892767,True,2,24,42,85,75,A,-20,1.75,18.25,39.35,39.35,Persistence
PRIM,Primoris Services Corporation Common Stock,Industrials,Engineering & Construction,United States,その他,97.0,5.262728704,188.5047851,0.18974995288056795,0.11399226637271884,0.292879087200626,0.10734135104093784,-0.10817181770560502,0.21573120377512592,43.26240999309525,-0.30968224182947207,0.5219791007526,False,23,14,62,85,35,C,0,33.5,26.75,62.35,62.35,Persistence
PRK,Park National Corporation Common Stock,Financial Services,Banks - Regional,United States,その他,178.0449981689453,3.221917952,14.40995619755478,0.07027373815565292,0.1177892718578971,-0.03570851811823749,,0.1313293843750921,0.001740232266902655,69.44966835527589,0.04588356998769694,0.0,True,2,24,30,85,55,B,-20,0.0,16.25,28.75,28.75,Persistence
PRLB,"Proto Labs, Inc. Common stock",Industrials,Metal Fabrication,United States,その他,75.7300033569336,1.801923072,14.627515203403473,0.06435944019645032,-0.005928034024176535,0.031693413977944215,0.4448039585314569,-0.1310515584037285,0.003991276042519468,61.40874322399383,0.1201105651600147,0.032204429943340655,True,22,12,29,100,37,C,-5,30.200000000000003,22.7,43.35,43.35,Persistence
PRM,"Perimeter Solutions, SA Common Stock",Basic Materials,Specialty Chemicals,United States,その他,33.529998779296875,5.46964992,41.21734448042908,0.16381326564082085,0.7415525227563426,-0.10650892498023606,0.5746237336527474,0.1184505111161249,0.26652473966333295,50.13901198960734,0.12117965899631969,0.013823565314797795,True,15,14,42,85,45,C,0,28.5,27.75,53.35,53.35,Persistence
PRMB,Primo Brands Corporation Class A Common Stock,Consumer Defensive,Beverages - Non-Alcoholic,United States,その他,23.28499984741211,8.449394688,79.3617131254383,0.29335274138767586,0.09657990508012855,0.058003647744928055,0.30315126050420166,-0.09893733968486625,0.5399705738106915,58.43921848602439,0.08387292638590997,0.22529614320392524,True,43,40,41,85,85,S,-20,33.5,31.25,40.8,40.8,Persistence
PRSU,"Pursuit Attractions and Hospitality, Inc. Common Stock",Consumer Cyclical,Travel Services,United States,その他,46.47999954223633,1.275841792,10.15790642795868,0.23446606710178777,0.04625661960974635,0.1702419093499751,0.9234710455177414,3.0,0.20221249708677524,66.24366133432089,0.1032937261868689,0.0,True,60,31,72,100,25,D,-5,57.5,35.75,64.6,64.6,Persistence
PRU,"Prudential Financial, Inc. Common Stock",Financial Services,Insurance - Life,United States,その他,105.11000061035156,36.507344896,181.00769320807342,-0.13736116024053768,0.30240486501428177,-0.047748569824167336,,,0.029671465867087136,61.9329275710422,0.061779239314058175,0.09039940357254342,True,0,12,10,40,65,A,-20,0.0,1.5,8.5,8.5,Persistence
PSN,Parsons Corporation Common Stock,Technology,Information Technology Services,United States,その他,57.61000061035156,6.163032576,69.74822322345047,-0.057229338651990584,0.24028795007816822,0.2973530679298029,0.22493382954301727,-0.13486919073426462,0.2396125926287981,69.65700410155759,0.057584288277620875,0.3547989694293608,False,0,12,40,85,38,C,0,16.55,25.55,50.85,50.85,Persistence
PSX,Phillips 66 Common Stock,Energy,Oil & Gas Refining & Marketing,United States,電力/エネルギー,181.51499938964844,72.77572096,374.8986202111381,-0.07528308872325414,-0.028806165577785467,-0.1328960527089829,0.09844684837130598,0.1702401372212693,0.26758957654723126,53.19149698383933,0.057240363245752976,0.028931327626914246,True,2,24,26,40,60,B,0,13.5,30.0,36.3,36.3,Persistence
PUMP,ProPetro Holding Corp. Common Stock,Energy,Oil & Gas Equipment & Services,United States,電力/エネルギー,14.850000381469727,1.82086208,81.19966101087284,-0.12125576236285611,-0.11415181191843224,0.27404682812625764,0.09934696862014028,-0.5956088501580385,0.16517673852923176,32.968741524961544,-0.05423648883968312,0.18406594730981063,True,0,35,25,100,80,S,-5,18.0,44.25,49.75,49.75,Persistence
PVH,PVH Corp. Common Stock,Consumer Cyclical,Apparel Manufacturing,United States,その他,78.41500091552734,3.61556608,102.8838256009609,0.03435842318760184,-0.06127341961660718,0.02144234391968263,0.5752497150901655,-0.07523187907935418,0.3680249978597723,43.279388966175524,-0.10396889239980199,0.20609590703406924,True,26,0,29,85,90,S,0,41.25,21.75,55.2,55.2,Persistence
PWR,"Quanta Services, Inc. Common Stock",Industrials,Engineering & Construction,United States,その他,671.739990234375,100.801396736,720.0786014536377,0.20305595515865363,0.13363477977374613,0.22304818060639092,0.1501097782044521,0.09728268154609178,0.2575111121916038,38.50183634699076,-0.0036843134864150426,0.14454179793635194,True,29,29,63,25,90,S,0,34.5,34.5,58.900000000000006,58.900000000000006,Persistence
QBTS,D-Wave Quantum Inc. Common Shares,Technology,Computer Hardware,United States,その他,24.149999618530273,8.946250752,1053.8638246983269,1.7854310637815793,0.007878511075588034,0.22096751707793114,0.8258835970228169,-0.6938807229450686,0.0474518269559397,58.808574160085804,0.13372828501049022,0.46069673343324125,True,68,40,45,85,45,C,-10,58.25,37.25,45.0,58.25,Acceleration
QSR,Restaurant Brands International Inc. Common Shares,Consumer Cyclical,Restaurants,United States,その他,73.25,33.42667776,225.5380501875,0.12229359980965977,0.19709484477356878,0.07947732513451192,0.3384566461734153,0.11290322580645161,0.6130782744485653,35.95891887372446,-0.045470779216453795,0.10309781263282779,True,11,14,44,40,90,S,-30,0.0,0.0,22.200000000000003,22.200000000000003,Persistence
QTWO,"Q2 Holdings, Inc. Common Stock",Technology,Software - Application,United States,ソフトウェア,44.16999816894531,2.765060608,32.85003374071121,0.14120614992303981,0.11501319193626885,0.10421391864204231,0.5406116438037315,0.6245127436281859,0.271744300022644,42.70675941254822,-0.0836252005812894,0.5363703188273395,False,62,63,64,100,55,B,0,67.0,67.75,71.2,71.2,Persistence
QXO,"QXO, Inc. Common Stock",Industrials,Industrial Distribution,United States,その他,15.8100004196167,11.467077632,250.32834439851965,3.0,0.04371113597593411,0.21188541779759226,0.2298529712665517,1.1629279811097992,0.2463917720443373,36.851861368971086,-0.1696602821105495,0.4159586036995941,False,65,52,50,65,33,D,0,61.8,52.05,50.35,61.8,Acceleration
R,"Ryder System, Inc. Common Stock",Industrials,Rental & Leasing Services,United States,その他,278.1600036621094,10.762293248,100.09895098585052,-0.0016525023607176581,0.0608564988730278,-0.038680683733247734,0.20320012611334437,2.098086124401914,0.5296881674498077,98.69750359710504,0.17433510869385746,0.0,True,12,37,22,65,10,D,0,19.75,38.5,30.35,38.5,Transition
RAL,Ralliant Corporation Common Stock,Technology,Electronic Components,United States,半導体,64.78009796142578,7.251040768,102.01074259215927,-0.039866338701443356,-0.0004638864405993413,0.03158348088242331,0.5028518948182521,-0.14707282246549264,0.32002302700439605,71.16946573454484,0.2492876339977166,0.0,True,8,0,29,85,10,D,0,19.75,13.75,39.2,39.2,Persistence
RAMP,"LiveRamp Holdings, Inc. Common Stock",Technology,Software - Infrastructure,United States,ソフトウェア,37.560001373291016,2.256900352,113.3002681045515,0.09034577107755036,0.13024720272988702,0.10573214456328793,0.70709154427141,0.08371978707853904,0.022844634080191505,39.75916904127217,0.18860762835121955,0.0071372044592931585,True,20,61,62,100,35,C,0,33.5,64.25,66.1,66.1,Persistence
RBA,"RB Global, Inc. Common Stock",Industrials,Specialty Business Services,United States,その他,107.49500274658203,20.026318848,101.53032540892983,0.07154194482050324,0.1643113381889336,1.1222747721767217,0.4637201298276951,-0.07998778812395055,0.34493123610310467,58.453060842562365,0.040769103066276714,0.09507525965007989,True,8,12,49,65,100,S,0,25.75,28.75,63.2,63.2,Persistence
RBC,RBC Bearings Incorporated Common Stock,Industrials,Tools & Accessories,United States,その他,592.5700073242188,18.746165248,174.02915962901614,0.14337224225386544,0.04870858168300968,0.06193425440686041,0.4437436527874285,0.4052502050861362,0.19353075526577782,63.27412038961273,0.012038173859006955,0.04913428488459499,True,32,26,46,65,67,A,0,40.45,35.95,54.949999999999996,54.949999999999996,Persistence
RBLX,Roblox Corporation Class A Common Stock,Communication Services,Electronic Gaming & Multimedia,United States,その他,42.58000183105469,30.486376448,438.005418289412,0.3577400090339227,0.2867547085422863,0.2580712720421815,0.7807406568298746,1.1095898955247154,0.18862422751293853,37.977530144684195,-0.15367763101493795,0.6992087979273226,False,74,27,100,40,33,D,0,64.8,29.55,71.6,71.6,Persistence
RBRK,"Rubrik, Inc. Class A Common Stock",Technology,Software - Infrastructure,United States,ソフトウェア,73.70999908447266,15.171622912,320.4363647724667,0.48463133245501633,0.4119370847215763,0.04680245207304203,0.8010341964046251,3.0,0.4133074718709607,57.98595011804124,0.2232075734932103,0.25167513619824716,True,81,68,64,65,53,B,0,75.8,66.05,62.050000000000004,75.8,Acceleration
RCL,Royal Caribbean Cruises Ltd. Common Stock,Consumer Cyclical,Travel Services,United States,その他,274.19000244140625,73.536380928,799.9138930649872,0.08789808917197452,0.18597122302158273,0.5723981900452488,0.4935318389650942,-0.3810716074111167,0.5294456858646291,61.43776829580315,0.014658910068014844,0.23770501191762286,False,11,12,52,40,70,A,0,21.25,22.0,52.6,52.6,Persistence
RDDT,"Reddit, Inc. Class A Common Stock",Communication Services,Internet Content & Information,United States,その他,178.10110473632812,34.286071808,908.5232466130647,0.6939682588514888,0.6171120693407824,0.20598139195831414,0.9118204445300035,2.1700908164210917,0.007166644078596605,67.21608912822262,0.1320252489931358,0.34209630099344746,False,85,87,90,40,23,D,0,72.05,73.55,64.10000000000001,73.55,Transition
RDN,Radian Group Inc. Common Stock,Financial Services,Insurance - Specialty,United States,その他,34.52000045776367,4.590303744,42.32405778125191,-0.007639067925945392,0.02463004394794199,-0.011273794307002618,,1.1738834973351275,0.13927354203445116,25.14999454195474,-0.01710147936322717,0.08611432121105561,True,12,25,30,85,73,A,-20,9.05,18.799999999999997,32.35,32.35,Persistence
RDW,Redwire Corporation Common Stock,Industrials,Aerospace & Defense,United States,防衛/宇宙,15.289999961853027,3.041467136,915.9832347242162,0.10286056277355221,0.24733798195242002,0.5185395113018455,0.051538399611188467,-6.09775686385508,0.08542946595111435,50.94202823684975,0.1658228536207908,0.4096525024303967,True,5,2,47,85,45,C,-10,11.0,8.75,46.1,46.1,Persistence
RES,"RPC, Inc. Common Stock",Energy,Oil & Gas Equipment & Services,United States,電力/エネルギー,7.123000144958496,1.57872704,9.719250714844181,0.14951742015365382,-0.12517975559421665,0.009809197621119741,0.14293364056546123,-0.5911815597577555,0.0527014372933529,51.0891897119986,0.00421590253811589,0.10435646411439477,True,23,2,25,100,100,S,-5,37.25,21.5,53.75,53.75,Persistence
REX,REX American Resources Corporation,Basic Materials,Chemicals,United States,その他,44.599998474121094,1.469022208,8.227825558505248,0.012445310517968345,-0.22905767329346377,-0.02528187134502924,0.14405514637494676,3.0,0.026661869728016086,33.09062492477089,-0.049486410464913526,0.12822520314418742,True,30,37,30,100,90,S,-5,41.5,46.75,54.5,54.5,Persistence
REZI,"Resideo Technologies, Inc. Common Stock ",Industrials,Industrial Distribution,United States,その他,30.704999923706055,4.649543168,49.23346694691763,0.10516195829019376,0.08314642742710669,-0.020094191522762952,0.29389721627408993,-4.4423076923076925,0.3823076010909522,59.768850688251796,-0.12766169097279867,0.3100000017144707,False,35,2,6,85,51,B,-10,34.1,9.350000000000001,24.75,34.1,Acceleration
RF,Regions Financial Corporation Common Stock,Financial Services,Banks - Regional,United States,その他,28.834999084472656,24.607197184,304.94877588795583,0.0625441197232811,-0.06507391763463569,0.05736217725052338,,0.48140495867768596,0.030752956288488422,67.59992709572974,0.04883697598123006,0.05039205180372724,True,23,24,30,65,67,A,-20,13.700000000000003,14.450000000000003,26.15,26.15,Persistence
RGA,"Reinsurance Group of America, Incorporated Common Stock",Financial Services,Insurance - Reinsurance,United States,その他,205.57620239257812,13.467947008,67.4735427478241,0.0742051072708305,0.19846705805609915,0.15843828715365238,,,0.0364646529152564,39.05216772476977,-0.008790864467809339,0.07993094620754913,True,0,12,30,65,77,A,-20,0.0,6.449999999999999,28.15,28.15,Persistence
RH,RH Common Stock,Consumer Cyclical,Specialty Retail,United States,その他,150.82879638671875,2.85078016,126.36492367933958,0.08135903668093687,0.050056352888588986,-0.1563444077207569,0.44068647631540997,2.166608171535801,0.8208345827189802,69.67186768426396,0.12489818041803111,0.39908846061068226,False,46,37,24,100,23,D,-20,31.799999999999997,25.049999999999997,22.800000000000004,31.799999999999997,Acceleration
RHI,Robert Half Inc. Common Stock,Industrials,Staffing & Employment Services,United States,その他,31.088899612426758,3.180195328,58.58345454171781,-0.07200530311670256,-0.09334038532865849,-0.1168290149599165,0.3722805180472049,-0.24662079169619738,0.08596438159337542,75.34617892669348,0.1655318940330312,0.24399143969918352,True,34,0,29,85,35,C,0,41.75,16.25,44.2,44.2,Persistence
RHLD,Resolute Holdings Management Common Stock ,Industrials,Specialty Business Services,United States,その他,123.20989990234375,1.017398592,22.534899716793824,0.09863732877445187,0.0766507350964726,0.03211035838467961,0.563162394087284,0.30674667260678284,0.5859394448360151,68.53400947597764,-0.05662330426923088,0.4557145268366495,False,43,12,42,100,35,C,-5,45.75,22.5,50.1,50.1,Persistence
RJF,"Raymond James Financial, Inc. Common Stock",Financial Services,Asset Management,United States,その他,152.32000732421875,29.684586496,202.0357802107727,0.0951815808212675,0.10211021974189048,0.05686111879089485,,0.1517948717948718,0.047829536438852994,50.46798913204926,0.00811019379520204,0.12797281478763736,False,2,24,42,65,90,S,-20,0.25,16.75,37.35,37.35,Persistence
RKT,"Rocket Companies, Inc. Class A Common Stock",Financial Services,Mortgage Finance,United States,その他,12.96500015258789,36.683558912,296.7641355291813,0.2686536901865369,0.35271530444322546,-0.3586515287787976,,-0.32945285215366704,0.25642250968114033,43.10880841304832,-0.10454666889479391,0.4468856716214603,False,9,5,6,40,55,B,-30,0.0,0.0,0.0,0.0,Acceleration
RL,Ralph Lauren Corporation Common Stock,Consumer Cyclical,Apparel Manufacturing,United States,その他,388.17498779296875,23.102756864,310.7117576664734,0.14627772284220936,0.0674970594444612,0.029145198336333725,0.6986505638055333,-0.3081754833644126,0.38883648814522903,75.67636417592621,0.06946896033114125,0.007631188877171431,True,50,14,45,65,25,D,0,49.75,22.75,46.0,49.75,Acceleration
RLI,RLI Corp. Common Stock (DE),Financial Services,Insurance - Property & Casualty,United States,その他,53.459999084472656,4.915022848,52.78151150609207,0.06329926162911549,0.1708935352918067,-0.10953997427549718,,0.09574822370114616,0.016229851045673073,68.49577858079951,0.037192429991403035,0.21960334370319237,False,2,24,30,85,70,A,-20,1.25,17.75,31.75,31.75,Persistence
RNG,"RingCentral, Inc. Class A Common Stock",Technology,Software - Application,United States,ソフトウェア,38.790000915527344,3.25287552,60.93442306168327,0.04780338235998659,0.08988530390764016,0.10767779996278284,0.7124484422748298,0.3248435813377044,0.870401733430985,39.60641805050719,-0.058381327068305074,0.20877097957150734,True,20,54,44,85,80,S,-20,15.75,41.25,41.45,41.45,Persistence
RNST,Renasant Corporation Common Stock,Financial Services,Banks - Regional,United States,その他,42.13999938964844,3.888347136,29.111308189354705,0.48818403172461056,0.04854364321870518,0.0019522608004745056,,1.562800474291258,0.03924112307134581,57.36995151692222,0.05861308789411801,0.0,True,56,20,57,85,60,B,-20,40.75,13.75,44.599999999999994,44.599999999999994,Persistence
ROG,Rogers Corporation Common Stock,Technology,Electronic Components,United States,半導体,142.99000549316406,2.552162304,38.0560893109787,-0.023250210817973738,-0.08619550858652576,-0.06466227347611203,0.31672422298963987,0.0014084507042253522,0.015245821386110917,59.387331801433426,0.09031326056744049,0.07281802385326075,True,24,12,34,100,72,A,0,40.2,31.2,58.1,58.1,Persistence
ROK,"Rockwell Automation, Inc. Common Stock",Industrials,Specialty Industrial Machinery,United States,ロボティクス,458.54998779296875,51.02467072,303.1530829497803,0.009438528557599225,-0.08765731949657761,0.16720787588268646,0.48141932390314074,1.1251956181533647,0.3250735359657724,65.70502896079138,0.08147239919186944,0.010487507457185269,True,41,12,34,40,40,C,0,40.75,19.0,36.7,40.75,Acceleration
ROL,"Rollins, Inc. Common Stock",Consumer Cyclical,Personal Services,United States,その他,47.790000915527344,23.004332032,218.8203759025074,0.10987727476076428,0.10263633813797515,0.14001475616166195,0.5275239627231757,0.12056936876056965,0.330519789219821,28.759675366055973,-0.09319187889602802,0.2667912963516144,False,33,26,64,65,36,C,0,38.1,32.85,58.650000000000006,58.650000000000006,Persistence
RPM,RPM International Inc. Common Stock,Basic Materials,Specialty Chemicals,United States,その他,107.61360168457031,13.782685696,86.92912673661804,0.005094149818745768,0.010868040329562232,0.0817990830874478,0.41375631320324163,-0.40742127078665913,0.3811685236104301,76.76961022516744,0.04540422717758407,0.1482941222148327,False,4,12,37,65,55,B,0,18.25,24.25,47.6,47.6,Persistence
RRC,Range Resources Corporation Common Stock,Energy,Oil & Gas E&P,United States,電力/エネルギー,39.150001525878906,9.22461184,95.64793053039665,0.2732398255058379,-0.07646545173505724,-0.5233022089460854,0.37034546965963044,0.6761508539227618,0.18494160832169668,31.846359070935335,-0.05941423018104163,0.17838404465493282,True,62,51,34,85,80,S,0,67.25,59.0,55.95,67.25,Acceleration
RRX,Regal Rexnord Corporation Common Stock,Industrials,Specialty Industrial Machinery,United States,その他,209.73800659179688,13.962169344,185.29944941962432,-0.016457290596307468,-0.034700113587278224,0.19793403476494376,0.3737130339539978,0.7865573114622925,0.35494576539041733,62.2063315020341,0.021584531485076244,0.09349521969965964,True,31,24,30,65,80,S,0,41.0,35.75,48.75,48.75,Persistence
RS,"Reliance, Inc. Common Stock",Basic Materials,Steel,United States,その他,405.5249938964844,20.70145024,122.41708703501281,0.03319840983014095,-0.06557520988254682,-0.13034361233480177,0.28735230126693856,-0.497097678142514,0.16769012753897025,94.8234773441846,0.14190676862655813,0.0,True,30,0,25,65,10,D,0,33.25,10.75,32.0,33.25,Acceleration
RSG,"Republic Services, Inc. Common Stock",Industrials,Waste Management,United States,その他,211.11000061035156,64.95096832,378.3002333627243,0.03486776447105788,0.07129969929836284,0.1076160165790837,0.4195648243023326,0.15761653051417587,,48.41247194257395,0.010630064289103836,0.152561843705468,False,6,24,36,40,90,S,0,19.5,33.0,47.8,47.8,Persistence
RSI,"Rush Street Interactive, Inc. Class A Common Stock",Consumer Cyclical,Gambling,United States,その他,28.900999069213867,6.692727296,49.38373102509661,0.22762565700267184,0.33700107500278514,0.16708374703653422,0.34622206080950046,0.7091518117964764,0.009311903199941686,57.8669313109825,0.14023989090742547,0.009221837722883364,True,25,36,89,85,45,C,0,36.0,44.25,79.2,79.2,Persistence
RTX,RTX Corporation Common Stock,Industrials,Aerospace & Defense,United States,防衛/宇宙,179.88499450683594,242.248138752,982.5569249588219,0.09741385716762863,0.17147417295414974,0.02752184154814086,0.20077198288996986,0.8985470303339281,0.23092255624594485,58.7942646150979,-0.013388751789702938,0.14859399610340304,False,12,24,42,25,90,S,0,21.75,30.75,47.35,47.35,Persistence
RVLV,"Revolve Group, Inc. Class A Common Stock",Consumer Cyclical,Internet Retail,United States,その他,20.924999237060547,1.497299712,26.423813872820094,0.08475977311487365,0.05725733331212414,-0.029686331050211727,0.5350360044448723,1.280615881765908,0.04242478114407693,68.66282568469713,-0.05859861877633851,0.33465822799856726,False,50,24,38,100,43,C,-5,51.8,32.3,49.50000000000001,51.8,Acceleration
RVT,"Royce Small-Cap Trust, Inc. Common Stock",Financial Services,Asset Management,United States,その他,17.979999542236328,2.20010112,3.9598656541833877,3.0,-0.8674107337109764,1.1613129676578728,,,,49.596765510261214,-0.005134810746991467,0.04157786125421592,True,43,22,8,100,87,S,-20,35.95,20.200000000000003,26.799999999999997,35.95,Acceleration
RXO,"RXO, Inc. Common Stock",Industrials,Trucking,United States,その他,28.92009925842285,4.769511936,77.882947956779,0.261978021978022,0.1586452762923351,-0.1811926605504587,0.14367816091954022,0.8596491228070176,0.20445529447665547,82.1303105463934,0.39509770945372774,0.006864751890433304,True,48,35,10,85,10,D,0,49.75,40.0,28.75,49.75,Acceleration
RYAN,"Ryan Specialty Holdings, Inc. Class A Common Stock",Financial Services,Insurance - Specialty,United States,その他,35.255001068115234,9.306510336,79.30115394757462,0.2128289826728836,0.21090284753813268,0.20424149645865708,,0.23050781525519004,0.3342169489683573,59.011754025130955,0.05643472910711666,0.4843657470500194,False,44,17,81,85,50,B,-20,30.75,10.5,55.80000000000001,55.80000000000001,Persistence
RYZ,Ryerson Holding Corporation Common Stock,Industrials,Metal Fabrication,United States,その他,29.0,1.504772992,11.383809350000002,-0.0059582055798377805,-0.09982970227259381,-0.19212157631728763,0.17111106249863278,-0.6628679962013295,0.3392107123549715,73.12777240930514,0.1227335448363525,0.04402302817495181,True,30,0,21,100,22,D,-5,34.7,12.2,35.949999999999996,35.949999999999996,Persistence
S,"SentinelOne, Inc. Class A Common Stock",Technology,Software - Infrastructure,United States,ソフトウェア,15.100000381469727,5.15638016,150.76761556382647,0.21889901042167553,0.3224755857645608,0.4713048256782076,0.741153805436652,3.0,0.0061527368420189145,30.789836259125664,-0.016799038272048192,0.2366026361331468,False,39,31,97,85,80,S,0,50.0,44.0,90.6,90.6,Persistence
SAH,"Sonic Automotive, Inc. Common Stock",Consumer Cyclical,Auto & Truck Dealerships,United States,その他,85.11540222167969,2.689996032,24.07493833187332,0.06533186167333366,-0.01030447246110601,0.026519344908614323,0.15724976243268926,3.0,0.7081414239536403,77.19635713554104,0.1341445395390071,0.024733936395102376,True,30,25,20,100,10,D,-10,28.5,24.75,28.0,28.5,Acceleration
SAM,"Boston Beer Company, Inc. (The) Common Stock",Consumer Defensive,Beverages - Brewers,United States,その他,179.57000732421875,1.869941888,53.28176117523193,-0.023812102382303173,0.002141265791275126,-0.039088968557177944,0.4847750171247342,0.24899342467340613,0.0317301932397505,46.799010513296224,-0.14192680172979766,0.3094788857779982,False,13,24,38,100,51,B,-25,4.850000000000001,13.100000000000001,31.10000000000001,31.10000000000001,Persistence
SARO,"StandardAero, Inc. Common Stock",Industrials,Aerospace & Defense,United States,防衛/宇宙,25.459999084472656,8.464736256,85.77303109564971,0.1575953078394955,0.14767369289310067,0.09945986944154384,0.14803316710413653,3.0,0.37351296113664373,44.41988659175667,-0.020618594218496784,0.2312801960883457,False,47,39,46,85,90,S,0,57.0,51.0,64.55,64.55,Persistence
SBH,"Sally Beauty Holdings, Inc. (Name to be changed from Sally Holdings, Inc.) Common Stock",Consumer Cyclical,Specialty Retail,United States,その他,13.234999656677246,1.262731264,19.072574190247536,-0.00419878123157972,-0.0029773631881497725,-0.022915085970229836,0.5162197035519303,0.18796392479516796,0.5443795679419985,59.534201644206505,-0.014027865617313624,0.22147060843075023,False,10,24,30,100,90,S,-5,26.5,37.0,54.5,54.5,Persistence
SBR,Sabine Royalty Trust Common Stock,Energy,Oil & Gas Midstream,United States,電力/エネルギー,76.69000244140625,1.118089984,2.9119845792022705,-0.06670472181531319,-0.11226935298830762,-0.2603378221620821,,,,45.78314360488859,0.014231741244220735,0.031621701035148816,True,30,0,0,100,87,S,-5,41.2,18.700000000000003,37.400000000000006,41.2,Acceleration
SBSI,"Southside Bancshares, Inc. Common Stock",Financial Services,Banks - Regional,United States,その他,33.80500030517578,1.005756608,2.5465120802387236,-0.08074148762894594,0.02789991270065893,-0.009229930726151076,,-0.18975156306857655,0.08621495574067571,60.85625781604833,0.039399002705335306,0.00465080754808532,True,0,0,25,100,55,B,-25,0.0,0.0,24.75,24.75,Persistence
SCCO,Southern Copper Corporation Common Stock,Basic Materials,Copper,United States,その他,171.52999877929688,143.111880704,213.81722934285733,0.17375408889744084,0.1553790496978516,-0.0151374914161168,0.535946348733234,0.009545133160499647,0.3467265941425725,48.35729137741488,-0.05178798947817252,0.20423371767254117,True,48,33,42,25,90,S,0,48.75,37.5,47.35,48.75,Acceleration
SCHW,Charles Schwab Corporation (The) Common Stock,Financial Services,Capital Markets,United States,その他,89.11499786376953,154.98305536,1016.6155500103329,0.22008568805467715,0.040823910389127784,-0.09271746459878624,,3.0,0.06303730180551737,46.671118210438564,-0.02043790429246887,0.16298120060099489,False,51,29,30,25,90,S,-20,31.0,14.5,20.75,31.0,Acceleration
SCI,Service Corporation International Common Stock,Consumer Cyclical,Personal Services,United States,その他,73.04499816894531,10.078091264,108.32634221028061,0.029346363528003558,0.02112333887347071,-0.0021620182341643666,0.26456534966539297,-0.029773147799661445,0.27965202198803163,35.31523313169379,-0.07869065606753409,0.16738863132424212,False,30,12,21,65,70,A,0,39.25,25.75,41.8,41.8,Persistence
SCL,Stepan Company Common Stock,Basic Materials,Specialty Chemicals,United States,その他,53.18000030517578,1.207894528,5.717514782810211,0.06964262289969059,-0.06255740039419237,-0.16136257919351524,0.11572676121321684,-0.354125824273748,0.2867410724510562,68.67625098525083,0.04157621897478182,0.1967931456943264,True,30,0,21,100,80,S,-5,40.5,18.0,47.55,47.55,Persistence
SEB,Seaboard Corporation Common Stock,Industrials,Conglomerates,United States,その他,5088.97998046875,4.874199552,51.60632818593749,0.07098901098901099,-0.048316251830161056,-0.14951525393578227,0.07110609480812641,-0.25,0.22107688576279408,54.24933190913346,-0.046027534341295626,0.14557730050385392,True,30,12,25,85,100,S,0,45.25,31.75,55.0,55.0,Persistence
SEI,"Solaris Energy Infrastructure, Inc. Class A Common Stock",Energy,Oil & Gas Equipment & Services,United States,電力/エネルギー,68.84500122070312,6.430616064,161.24606657733307,0.987297622735882,0.06876329165343902,-0.08455492882923704,0.3232471613053576,-2.3912918823420015,0.5034491994329725,46.308521500882996,-0.005740544847163138,0.12235345173783928,True,62,36,14,85,100,S,0,69.25,49.75,48.95,69.25,Acceleration
SF,Stifel Financial Corporation Common Stock,Financial Services,Capital Markets,United States,その他,71.7699966430664,11.009644544,92.22971001559411,0.11330765968883934,0.1437787255861651,-0.00994234239805505,,1.5319657553480268,0.03703205817616928,44.15094731299781,-0.04185937860835489,0.18421925311304074,False,17,14,30,65,90,S,-20,11.5,9.25,30.75,30.75,Persistence
SFBS,"ServisFirst Bancshares, Inc. Common Stock",Financial Services,Banks - Regional,United States,その他,80.61499786376953,4.4066432,15.511369553211594,0.16357378531830438,0.11992534706347141,-0.1331845646381689,,0.406800687963459,0.0019602655581623485,65.6723357858979,0.03913828512554391,0.08326557405039833,True,40,26,30,85,80,S,-20,30.75,20.25,33.75,33.75,Persistence
SG,"Sweetgreen, Inc. Class A Common Stock",Consumer Cyclical,Restaurants,United States,その他,8.890000343322754,1.05637792,61.37898622889391,0.003912379252570084,0.15886727130458306,0.24236287637868137,0.1523693327485673,-1.6020529421406327,0.44980611695918304,49.09910006662832,0.2210197186495194,0.4532595191768887,True,0,0,22,100,45,C,-35,0.0,0.0,11.100000000000001,11.100000000000001,Persistence
SGI,Somnigroup International Inc. Common Stock,Consumer Cyclical,"Furnishings, Fixtures & Appliances",United States,その他,70.4000015258789,14.807980032,208.32274947527387,0.5162546391125352,0.0011166605757907987,0.000853450377956596,0.42576071691299405,0.11243851018973998,0.5754049324609721,63.34792017512557,-0.03136261156039768,0.27826451578992817,False,54,22,53,65,53,B,0,55.55,31.55,56.00000000000001,56.00000000000001,Persistence
SHAK,"Shake Shack, Inc. Class A Common Stock",Consumer Cyclical,Restaurants,United States,その他,54.334999084472656,2.32453376,140.261358250391,0.15383743357858165,0.1517884974524911,0.2077178323705199,0.47595388104664343,0.5847543190486875,0.4757524091489915,29.794277934213355,-0.3236455911547485,0.6174399806275797,False,40,26,75,100,8,D,-20,25.799999999999997,15.299999999999997,47.849999999999994,47.849999999999994,Persistence
SHW,Sherwin-Williams Company (The) Common Stock,Basic Materials,Specialty Chemicals,United States,その他,309.32000732421875,76.289327104,709.1592514657929,0.02059874017793363,0.0020215253406443722,0.040769519028033,0.48847685827362847,0.2740015360983103,0.4996814880876545,52.284358296717535,-0.023899170673146366,0.1697515864605541,False,31,12,42,40,90,S,0,38.25,24.0,51.1,51.1,Persistence
SITE,"SiteOne Landscape Supply, Inc. Common Stock",Industrials,Industrial Distribution,United States,その他,107.73500061035156,4.773547008,95.39146222517165,0.03616262167995419,0.05565888589230912,0.0714161165774069,0.3475599387859208,0.028499580888516344,0.3043856379674494,38.10702075817389,-0.13046179531125626,0.340061252003972,False,6,24,42,85,41,C,0,21.35,34.85,52.550000000000004,52.550000000000004,Persistence
SJM,The J.M. Smucker Company Common Stock,Consumer Defensive,Packaged Foods,United States,その他,115.5999984741211,12.32854528,218.41468913700368,0.06692995219289129,-0.041094123716175025,0.06629661578467039,0.38788233002142997,0.2701819878674755,0.4419272004691601,76.37822964965997,0.1792432844555469,0.0,True,27,12,26,65,10,D,-20,11.0,0.0,12.549999999999997,12.549999999999997,Persistence
SKY,"Champion Homes, Inc. Common Stock",Consumer Cyclical,Residential Construction,United States,その他,78.125,4.2885824,64.4928984375,0.07255678395521066,0.22650127937108577,-0.22318189491130072,0.26441984067660823,0.41730723761986077,0.05555967358902881,77.05981651955099,0.04529732889436669,0.19838907517035995,False,5,24,30,85,55,B,0,22.0,36.25,48.75,48.75,Persistence
SLB,SLB Limited Common Shares,Energy,Oil & Gas Equipment & Services,United States,電力/エネルギー,56.61000061035156,84.635213824,715.2667859507859,-0.01601036126649949,0.09518635883506865,0.1795592894521377,0.18222807214069675,0.01564945226917058,0.2120726106291463,48.69213209655314,0.042254599627471426,0.024133731282353167,True,2,12,30,40,75,A,0,15.0,22.5,41.5,41.5,Persistence
SLGN,Silgan Holdings Inc. Common Stock,Consumer Cyclical,Packaging & Containers,United States,その他,39.09000015258789,4.131021824,32.04056425107041,0.10734497823455846,-0.022295662890632503,-0.06602106621244111,0.17729362475062338,-0.07915275318185877,0.46257418392494776,61.344770475788835,0.0036508600492455197,0.29745740575309426,False,35,14,17,85,53,B,0,44.3,28.55,41.2,44.3,Acceleration
SLVM,Sylvamo Corporation Common Stock,Basic Materials,Paper & Paper Products,United States,その他,40.220001220703125,1.598187392,15.02594510304718,-0.11184733633713226,0.013974737973662993,0.025633958103638367,0.21933751119068934,-0.8225806451612904,0.3087224031849439,79.22612083043929,-0.015071459069986392,0.25730023247952305,False,0,0,21,100,38,C,-5,13.8,13.8,39.15,39.15,Persistence
SM,SM Energy Company Common Stock,Energy,Oil & Gas E&P,United States,電力/エネルギー,32.18000030517578,7.715113472,118.76595963330497,0.17484088356420815,0.12986463620981387,-0.2934649090560225,0.3333333333333333,1.3302696078431373,0.2934183508051443,41.77867046956514,0.05709910371420741,0.06919546556038428,True,51,27,30,85,72,A,0,58.2,40.2,52.15,58.2,Acceleration
SMG,Scotts Miracle-Gro Company (The) Common Stock,Basic Materials,Agricultural Inputs,United States,その他,60.209999084472656,3.503134208,53.546558485794066,-0.03929405804036367,0.0003942218342578774,-0.09500267577278866,0.3059388825407987,-0.5305912596401028,0.8680525164113786,59.64464476891686,-0.006196816995429997,0.13659495771179603,True,7,42,19,85,100,S,-20,8.0,34.25,31.700000000000003,34.25,Transition
SMR,NuScale Power Corporation Class A Common Stock,Industrials,Specialty Industrial Machinery,United States,電力/エネルギー,9.949999809265137,3.443752448,333.98121500280274,-0.15024969631529222,0.6240683910565541,0.9323957980345645,0.3631309762063598,-3.232526906448349,,47.37469881876412,-0.13631472710744838,0.8137750373866033,False,4,0,12,85,43,C,-10,10.05,7.050000000000001,26.450000000000003,26.450000000000003,Persistence
SN,"SharkNinja, Inc. Ordinary Shares",Consumer Cyclical,"Furnishings, Fixtures & Appliances",United States,その他,131.17999267578125,18.564642816,365.53888054173893,0.1574617188787331,0.29972165474374135,0.14428065463556722,0.4901387488537608,0.605586940112849,0.16852680115316873,81.98029191521766,0.14648584063491116,0.002054045482916598,True,25,26,85,65,10,D,0,29.5,30.25,65.0,65.0,Persistence
SNA,Snap-On Incorporated Common Stock,Industrials,Tools & Accessories,United States,その他,389.0400085449219,20.153018368,113.22355861485596,0.009337561663143059,1.957598418260478e-05,0.05488900361383583,0.517290199957332,-0.11313932980599647,0.15357274467149293,79.4057473533394,0.04374198023386137,0.0,True,26,0,45,65,40,C,0,33.25,13.75,49.0,49.0,Persistence
SNAP,Snap Inc. Class A Common Stock,Communication Services,Internet Content & Information,United States,その他,5.432000160217285,9.001698304,209.5256607755763,0.10632469367131483,0.16397397807045633,0.0009274536941362892,0.5499285418886825,0.9994557611568963,0.539624621734189,44.62243393159843,-0.03562093341245262,0.4751690859893546,False,28,39,42,85,65,A,0,40.25,48.5,57.35,57.35,Persistence
SNDR,"Schneider National, Inc. Common Stock",Industrials,Trucking,United States,その他,37.36000061035156,6.542644224,40.4642692130661,0.07254512805972971,-0.03789848878866683,-0.1673884077281812,0.08626614736619495,0.2452316076294278,0.0830561352038181,75.75345543855983,0.18643854502737134,0.036119653555399374,True,35,12,30,85,22,D,0,41.2,23.95,42.15,42.15,Persistence
SNOW,Snowflake Inc. Common Stock,Technology,Software - Application,United States,ソフトウェア,244.0,84.57039872,2730.123137,0.2916256250006894,0.2921468781812435,0.35864099544019606,0.6716860100436683,0.26374127313777923,0.3001495210235538,71.91464734101213,0.43873183225183404,0.12906911475386978,True,32,31,93,40,35,C,0,33.5,32.75,68.15,68.15,Persistence
SNX,TD SYNNEX Corporation Common Stock,Technology,Electronics & Computer Distribution,United States,その他,277.79998779296875,22.398011392,199.56881657058716,0.06938376357830493,0.015585327365195311,-0.07680624588070571,0.06989466930726371,0.3326357264255543,0.1346081787403063,84.0167551512198,0.21002955044510035,0.00547738822484441,True,35,24,30,65,10,D,0,37.0,28.75,34.75,37.0,Acceleration
SO,Southern Company (The) Common Stock,Utilities,Utilities - Regulated Electric,United States,電力/エネルギー,93.58999633789062,105.504104448,513.4777291924851,0.10585990121239336,0.05825050489050806,-0.13750469619864067,0.4846885256995906,-4.523409363745499,0.47569355253018236,49.89040764566197,0.0005485247831054467,0.04787707420208369,True,43,2,10,25,87,S,0,44.7,13.950000000000001,29.150000000000002,44.7,Acceleration
SOC,Sable Offshore Corp. Common Stock,Energy,Oil & Gas Drilling,United States,電力/エネルギー,12.135000228881836,1.873193984,44.257019327244755,,,,,,0.5419359360118381,36.01918253311126,-0.12214705329407335,0.6170716306602706,False,0,0,2,100,33,D,-15,3.3000000000000007,3.3000000000000007,17.700000000000003,17.700000000000003,Persistence
SON,Sonoco Products Company Common Stock,Consumer Cyclical,Packaging & Containers,United States,その他,50.130001068115234,4.956287488,59.25653120507336,0.4171980627157604,-0.025004658705273214,-0.07132235493939833,0.20939815418860017,-0.2152720092598897,0.4112148050757127,61.69046981967892,-0.013216891043360846,0.11759228203410771,True,44,20,25,85,80,S,0,53.75,35.75,51.0,53.75,Acceleration
SPB,"Spectrum Brands Holdings, Inc. Common Stock",Consumer Defensive,Household & Personal Products,United States,その他,82.47000122070312,1.912833792,29.841802929711914,-0.052262222072269646,0.015451555433739893,-0.06822027134876296,0.3673549305802777,0.39376053962900504,0.19357320392945912,80.03830242270166,0.03747842668888986,0.028595024760271773,True,9,12,34,100,40,C,-5,20.75,23.0,46.7,46.7,Persistence
SPGI,S&P Global Inc. Common Stock,Financial Services,Financial Data & Stock Exchanges,United States,その他,426.6199951171875,126.27951616,889.5461410658387,0.07939189189189189,0.13691285908618067,0.11769966908147751,0.7024647887323944,-0.01958670260557053,0.2219281045751634,57.493000589697075,0.005231402930264842,0.23743987662434574,False,12,12,57,25,90,S,-20,1.75,1.75,35.6,35.6,Persistence
SPH,"Suburban Propane Partners, L.P. Common Stock",Utilities,Utilities - Regulated Gas,United States,その他,19.231000900268555,1.275843328,2.5327083953146934,0.07937629787246868,-0.07138429072610157,-0.0481336561291805,0.6064929027069816,0.129898374787457,0.5790937841041618,29.436214388164558,-0.01113988022251986,0.05914870852251684,True,32,24,34,100,60,B,-5,40.0,34.0,50.7,50.7,Persistence
SPHR,Sphere Entertainment Co. Class A Common Stock,Communication Services,Entertainment,United States,その他,142.05499267578125,5.084461056,91.62159217457885,0.18809822678010962,0.7895321096280961,-0.05937825278048701,0.5164284923916741,1.6172986739320838,0.2283798125754767,59.475183638131455,0.0611484945537702,0.02555224403009555,True,31,76,46,85,60,B,0,42.0,75.75,58.55,75.75,Transition
SPXC,"SPX Technologies, Inc. Common Stock",Industrials,Building Products & Equipment,United States,その他,231.8000030517578,11.605029888,136.87226906198882,0.1417410151721357,0.13938662991040662,0.1918680265589705,0.4051476755993113,-0.02702702702702703,0.13915552349775287,72.76669798711009,0.0853076227087228,0.046247492366995234,True,27,14,66,65,37,C,0,33.7,23.95,59.95,59.95,Persistence
SR,Spire Inc. Common Stock,Utilities,Utilities - Regulated Gas,United States,その他,80.25,4.744122368,34.6735653375,-0.04496721943694562,-0.027491280051007014,0.21278144189219922,0.41544177031174284,-7.739726027397261,0.4469776161308994,23.739831346898768,-0.08765555533289227,0.15694928099831174,False,7,12,6,85,53,B,0,23.3,27.05,35.150000000000006,35.150000000000006,Persistence
SRE,DBA Sempra Common Stock,Utilities,Utilities - Diversified,United States,その他,90.75409698486328,59.326623744,311.5297554871811,0.03921122487675389,-0.21142344497607657,0.1579749290117044,0.4661363304627062,-0.8279927448609432,0.31585165677591587,47.758461128473485,-0.027042026509831674,0.09018449137981673,True,26,0,14,40,100,S,0,35.5,16.0,37.7,37.7,Persistence
SSB,SouthState Bank Corporation Common Stock,Financial Services,Banks - Regional,United States,その他,96.625,9.437174784,63.21088168125001,0.5699702063005246,-0.019702605727967976,0.05414539021599394,,-0.5157207872259547,0.010212089715597976,57.00238428359729,0.01288653976568455,0.09827341097327173,True,36,22,33,85,100,S,-20,29.75,19.25,39.400000000000006,39.400000000000006,Persistence
SSD,"Simpson Manufacturing Company, Inc. Common Stock",Basic Materials,Lumber & Wood Production,United States,その他,191.75999450683594,7.888684544,53.51830645491257,0.045099789932437004,0.008282579795943903,0.04617768551103995,0.4585053720666253,0.8859907606319272,0.1586338090580962,64.55639472264443,0.04607403493617312,0.08185246116505067,True,35,24,50,85,80,S,0,47.0,38.75,64.75,64.75,Persistence
ST,Sensata Technologies Holding plc Ordinary Shares,Technology,Scientific & Technical Instruments,United States,その他,49.73500061035156,7.233062912,131.2576444313034,-0.058050244100895036,-0.02992032756962088,0.006164404300340856,0.2926980699149683,0.24790022906592007,0.42441162966364027,57.41360221935871,0.1316489470245785,0.07124180543533461,True,8,12,22,85,57,B,0,24.45,27.45,44.75,44.75,Persistence
STC,Stewart Information Services Corporation Common Stock,Financial Services,Insurance - Property & Casualty,United States,その他,66.17960357666016,2.013652352,10.306586450376892,0.17315038152214546,0.10325334098835755,-0.26454111952708376,,0.39034695872441955,0.23633725353963733,41.62149608140918,-0.006503082414206492,0.1291632026958285,False,40,26,30,100,90,S,-20,34.0,23.5,39.5,39.5,Persistence
STEL,"Stellar Bancorp, Inc. Common Stock",Financial Services,Banks - Regional,United States,その他,38.439998626708984,1.957391488,11.798469502492905,-0.01769681559398475,-0.06564409597655428,0.491442297744672,,-0.2762668417268436,0.0037223569239299634,62.7499935627045,0.029503100986267867,0.027875414887372038,True,18,0,33,100,55,B,-25,9.0,0.0,29.150000000000006,29.150000000000006,Persistence
STT,State Street Corporation Common Stock,Financial Services,Asset Management,United States,その他,162.1649932861328,44.881924096,279.7170590580559,0.0809660190417215,0.08154039347007117,-0.014845360824742268,,1.7670486700622523,0.0791264509748748,67.90530301240481,0.0836798350842788,0.006646289212050153,True,12,37,30,40,40,C,-20,0.0,17.75,14.5,17.75,Transition
STZ,"Constellation Brands, Inc. Common Stock",Consumer Defensive,Beverages - Brewers,United States,その他,141.5,24.369790976,290.233076725,-0.10478317513493393,0.024784677467927483,0.053868776844466074,0.5155378050114893,-0.07435116867034725,0.5115225679779001,30.27712040511014,-0.05455328202706439,0.17462852541058327,False,8,35,25,65,70,A,-20,2.75,23.0,24.0,24.0,Persistence
SVV,"Savers Value Village, Inc. Common Stock",Consumer Cyclical,Specialty Retail,United States,その他,9.569999694824219,1.473647488,11.907910426271057,0.09191950921458335,0.024907865294361137,0.04384826635143042,0.552771547046554,0.7126307264340294,0.6868924012139916,77.74084184048903,0.15173539292554378,0.30196938962826664,False,35,12,40,100,8,D,-15,27.049999999999997,9.8,33.6,33.6,Persistence
SWK,"Stanley Black & Decker, Inc. Common Stock",Industrials,Tools & Accessories,United States,その他,80.98500061035156,12.589569024,108.07912780429918,-0.015313327736451967,-0.026322626432884907,-0.0688188158655605,0.30325040977105694,-0.08645418326693227,0.2822860424502323,77.45919296275454,0.07764967695258886,0.10005428568206869,True,34,12,25,65,50,B,0,40.25,23.75,40.0,40.25,Acceleration
SWX,"Southwest Gas Holdings, Inc. Common Stock (DE)",Utilities,Utilities - Regulated Gas,United States,その他,88.86000061035156,6.431230976,40.23294698434753,-0.2160764959502524,-0.023466324955734336,-0.48897350791097355,0.46314639400529795,-1.4944912508101102,0.3363555046911748,47.05881692959987,-0.003898252613952656,0.04832813567454177,True,14,26,14,85,87,S,0,31.950000000000003,40.95,46.35000000000001,46.35000000000001,Persistence
SXI,Standex International Corporation Common Stock,Industrials,Specialty Industrial Machinery,United States,その他,300.5299987792969,3.640897536,46.80841884687195,0.09640386603481652,-0.027546123867819627,0.007763766099717274,0.39899406029816215,-0.4298902678349319,0.3852885989992852,86.3289291751712,0.11969437314489317,0.0,True,22,0,25,85,10,D,0,30.25,13.75,37.0,37.0,Persistence
SXT,Sensient Technologies Corporation Common Stock,Basic Materials,Specialty Chemicals,United States,その他,119.29000091552734,5.078051328,39.765470917692184,0.03524403619765378,0.06919427374781147,0.013507636188022733,0.3345303145999252,-0.6077456375907453,0.31619459952756895,61.83971947729612,0.09942447151237498,0.039592271494845836,True,4,12,37,85,52,B,0,20.95,26.95,52.0,52.0,Persistence
SYF,Synchrony Financial Common Stock,Financial Services,Credit Services,United States,その他,71.33999633789062,23.99665152,256.9180164985794,-0.004981402763018066,0.10486534086739561,0.16729484324139113,,,0.1274780637306352,46.1950282116281,-0.01809501370804085,0.18705707594354984,False,0,12,10,65,90,S,-20,0.0,7.75,19.75,19.75,Persistence
SYY,Sysco Corporation Common Stock,Consumer Defensive,Food Distribution,United States,その他,78.65499877929688,37.611450368,249.531524577092,0.032037948353711126,0.03300360301342942,0.11202575907686928,0.1839621482118717,-0.2563745943439963,0.54134608201987,62.350221037327145,0.057275742391651625,0.13067182635205427,True,0,0,29,40,65,A,-20,0.0,0.0,18.950000000000003,18.950000000000003,Persistence
T,AT&T Inc.,Communication Services,Telecom Services,United States,その他,22.885000228881836,158.977982464,963.6497183898377,0.027072979335600315,-0.0007514620838370308,0.013972055888223553,0.5955367375525277,0.05046466392911174,0.3689760541459026,23.19790576649156,-0.10116235274953883,0.2053430759461243,False,28,24,34,25,53,B,0,30.05,27.05,35.550000000000004,35.550000000000004,Persistence
TALO,"Talos Energy, Inc. Common Stock",Energy,Oil & Gas E&P,United States,電力/エネルギー,15.324999809265137,2.558138112,26.557537343215035,-0.0980447595421085,0.3537190150670217,-0.11749173718810155,0.09924047930699355,,0.22366521092993102,41.814774576997884,0.007938527161029888,0.07625077345918078,True,0,0,10,100,87,S,0,23.700000000000003,23.700000000000003,47.900000000000006,47.900000000000006,Persistence
TAP,Molson Coors Beverage Company Class B Common Stock,Consumer Defensive,Beverages - Brewers,United States,その他,40.880001068115234,7.667099648,122.91822227161502,-0.041816461684011354,-0.006417651532630895,0.0935520044855621,0.3836887835703002,-0.1362239119883514,0.27936442317841187,40.93426575679372,-0.02148760299789894,0.23141966773555311,False,4,0,25,85,90,S,-20,4.75,1.75,33.0,33.0,Persistence
TDAY,"USA TODAY Co., Inc. Common Stock",Communication Services,Publishing,United States,その他,7.974999904632568,1.173181952,12.196763485397458,-0.08252810029828858,-0.05790580240656267,-0.09566180457494526,0.3872069901043599,0.2388333070742083,0.6173089086512973,62.47030529116841,0.07481231648575033,0.023867829845826933,True,9,47,24,100,40,C,-15,10.75,39.25,31.200000000000003,39.25,Transition
TDC,Teradata Corporation Common Stock,Technology,Software - Infrastructure,United States,ソフトウェア,33.47999954223633,3.15046784,71.66407963615495,-0.04971428571428571,-0.045280960174577195,0.02116991643454039,0.5935057125676488,0.02888086642599278,0.31309724564362,51.66960087798396,0.122375069771339,0.11615632000555891,True,10,24,34,85,70,A,0,27.25,37.75,53.95,53.95,Persistence
TDG,Transdigm Group Incorporated Common Stock,Industrials,Aerospace & Defense,United States,防衛/宇宙,1250.0450439453125,69.91949824,466.74294354884034,0.11221662468513854,0.20577069096431283,0.21293055811383313,0.6014041444909977,-0.03404255319148936,1.3108385350735519,60.17191223805203,0.0354637289165466,0.17573123045048206,False,20,14,64,40,70,A,-20,8.0,3.5,39.2,39.2,Persistence
TDS,"Telephone and Data Systems, Inc. Common Shares",Communication Services,Telecom Services,United States,その他,39.369998931884766,4.482274304,44.075473645224385,-0.05302402970597805,-0.04290048136207091,-0.749655828560872,0.5902482236300558,-0.7435922698688568,0.16722842698102225,33.72263651738861,-0.08470386215522704,0.17196189323913083,False,11,25,33,85,70,A,0,28.0,38.5,53.400000000000006,53.400000000000006,Persistence
TDW,Tidewater Inc. Common Stock,Energy,Oil & Gas Equipment & Services,United States,電力/エネルギー,73.82499694824219,3.67136512,45.42205486735535,0.005164823325296192,0.3325296910350154,0.5593792651972258,0.2982326842530896,0.38626163237763445,0.28457826873310316,22.051527945730953,-0.10200039020760836,0.1898047111174894,True,5,24,53,85,63,B,0,22.8,37.05,63.00000000000001,63.00000000000001,Persistence
TDY,Teledyne Technologies Incorporated Common Stock,Technology,Scientific & Technical Instruments,United States,その他,622.1500244140625,28.823672832,190.55282495006716,0.07855379188712522,0.006121905775885015,0.032407577034404424,0.4275762828269614,-0.03086085544125609,0.1728523483346745,52.914014284940855,-0.013921245665591905,0.09648702399134752,True,22,12,41,65,100,S,0,36.25,28.75,58.8,58.8,Persistence
TE,T1 Energy Inc. Common Stock,Industrials,Electrical Equipment & Parts,United States,電力/エネルギー,8.100000381469727,2.262098432,390.86523409780824,3.0,,,0.0735884654340357,1.1084563968056649,0.39983951700595,46.99399099207829,0.22943360304197968,0.327242491101878,True,47,83,26,100,53,B,0,55.55,82.55,49.9,82.55,Transition
TEX,Terex Corporation Common Stock,Industrials,Farm & Heavy Construction Machinery,United States,その他,63.099998474121094,7.2070656,66.18521926451453,0.05734347571679345,-0.004852484472049689,0.16613852421910366,0.19387566869581258,0.7037037037037037,0.42091545854373674,69.80273473732268,0.03614754153637961,0.0872925241716251,True,27,12,22,85,80,S,-20,21.0,9.75,29.35,29.35,Persistence
TFC,Truist Financial Corporation Common Stock,Financial Services,Banks - Regional,United States,その他,49.79999923706055,62.044786688,399.5048392495581,0.5302756439222774,-0.33682948756368,0.0024533119711610675,,,0.11744390343683908,60.465109058173674,0.022265273400501027,0.08916361985215795,True,36,22,10,40,80,S,-20,21.0,10.5,11.5,21.0,Acceleration
TFIN,"Triumph Financial, Inc. Common Stock",Financial Services,Banks - Regional,United States,その他,73.87000274658203,1.758567936,15.793853500735855,0.019954709643573078,-0.004589694267912624,-0.13783823972837558,,2.0928331936295055,0.061572695181071085,75.96274957848756,0.11684294050570553,0.0,True,42,37,30,100,10,D,-25,22.5,18.75,18.5,22.5,Acceleration
TGLS,Tecnoglass Inc. Ordinary Shares,Basic Materials,Building Materials,United States,その他,43.70500183105469,1.938964352,12.336759463858032,0.10495505970134164,0.06830480099368148,0.16285219866865763,0.4284320004879983,-0.6208268750893161,0.13617112771264814,66.15207915021958,0.021128201972652933,0.500941446168994,False,27,2,49,100,45,C,-5,34.75,16.0,55.95,55.95,Persistence
TGT,Target Corporation Common Stock,Consumer Defensive,Discount Stores,United States,その他,128.31500244140625,58.279534592,711.3996224995605,-0.01675956684120639,-0.007876214948050497,-0.0156524926686217,0.2793376598587517,-0.36662198391420914,0.3410657253319886,63.11062740539049,0.03133098849126872,0.01947523383398181,True,0,0,21,40,55,B,0,11.5,11.5,32.55,32.55,Persistence
THG,Hanover Insurance Group Inc,Financial Services,Insurance - Property & Casualty,United States,その他,196.05819702148438,6.859446784,54.97287549777221,0.05637948783940291,0.042475056594281885,0.09766423088958015,,0.46998241647827177,0.07189349636195186,52.50048641650088,0.0592200165838156,0.007501246912072558,True,23,24,42,85,60,B,-20,16.0,16.75,36.35,36.35,Persistence
THO,"Thor Industries, Inc. Common Stock",Consumer Cyclical,Recreational Vehicles,United States,その他,77.43499755859375,4.031062528,61.362934051071164,-0.046191292836057246,-0.09694616919050802,-0.31821683031903397,0.13994909958672122,0.12077218517268479,0.1306357960982177,56.42873199501422,-0.0002826614007481633,0.352176971222645,False,32,12,30,85,73,A,0,44.05,29.05,52.35,52.35,Persistence
TIC,"TIC Solutions, Inc. Common Stock",Industrials,Specialty Business Services,United States,その他,8.050000190734863,1.779393024,16.282774428300336,0.45734564885525264,,-1.0,0.29364188366172295,-0.16843134060921974,0.3896063720725727,31.999966939227306,-0.04690865058037463,0.4444444225057665,False,14,8,21,100,55,B,-5,26.0,21.5,42.55,42.55,Persistence
TJX,"TJX Companies, Inc. (The) Common Stock",Consumer Cyclical,Apparel Retail,United States,その他,166.30999755859375,183.72337664,1080.6287790545286,0.07118523775727466,0.039526347824483096,0.08572973405959629,0.30963029218843174,0.1712720343020486,0.3771353482260184,64.22273424466263,0.06067720549906901,0.0,True,24,24,42,25,40,C,0,25.75,25.75,37.35,37.35,Persistence
TKO,"TKO Group Holdings, Inc. Class A Common Stock",Communication Services,Entertainment,United States,その他,208.2100067138672,39.794405376,250.82063223937453,-0.030524701790923092,0.5145891399021829,1.8284037058379314,0.5980797655660822,1.4798979596204302,0.26220198336054606,64.2813273674821,0.07918072295780994,0.07073240943110597,True,30,46,42,40,52,B,0,33.7,45.7,43.5,45.7,Transition
TKR,Timken Company (The) Common Stock,Industrials,Tools & Accessories,United States,その他,138.9149932861328,9.653829632,157.16239449322205,0.001924338508637656,-0.04109876284336339,0.06055551849133809,0.30409446069230434,0.328426561988878,0.3079169662113587,86.56341690260984,0.21333846976624296,0.0,True,27,12,30,85,10,D,0,34.0,22.75,39.75,39.75,Persistence
TMHC,Taylor Morrison Home Corporation Common Stock,Consumer Cyclical,Residential Construction,United States,その他,71.56990051269531,6.58978816,290.5158888750382,-0.005711951906775303,0.10114883986976786,-0.09812694766403114,0.230279210193216,3.0,0.24015864527393685,93.46427870918217,0.16827458014068641,0.004591112742393764,True,12,12,30,85,10,D,0,22.75,22.75,39.75,39.75,Persistence
TMP,Tompkins Financial Corporation Common Stock,Financial Services,Banks - Regional,United States,その他,90.58999633789062,1.302950528,5.33115334198761,-0.13924235032658483,0.36961817397235486,-0.2903458426766504,,-0.6400396588438095,0.0651163531169087,66.9306993517275,0.07600279688311072,0.0,True,0,12,25,100,40,C,-25,0.0,3.0,21.75,21.75,Persistence
TNC,Tennant Company Common Stock,Industrials,Specialty Industrial Machinery,United States,その他,86.80000305175781,1.478976896,12.394901555786133,-0.06466153726587394,0.03465744612415568,0.13861930049441495,0.40240963855421685,-0.3718887262079063,0.2606982425723067,64.92563818221117,0.07103498101608492,0.004358766369439996,True,4,0,25,100,40,C,-5,17.0,14.0,41.75,41.75,Persistence
TNET,"TriNet Group, Inc. Common Stock",Industrials,Staffing & Employment Services,United States,その他,48.11000061035156,2.210396928,20.673468637275697,-0.008509796160696616,0.011814177012414898,0.017729773792541266,0.17684630738522955,0.16417910447761194,0.24809059784040033,68.61018962034294,0.15575694679613833,0.40001912441574194,False,2,12,30,100,15,D,0,18.0,25.5,44.5,44.5,Persistence
TNL,Travel   Leisure Co. Common  Stock,Consumer Cyclical,Travel Services,United States,その他,73.0250015258789,4.55855104,63.20522733569183,0.040631469979296064,0.0304,0.051303616484440706,0.8985327033076349,0.36553524804177545,0.848224852071006,78.38972549044637,0.06089950023897455,0.07258060062153308,True,38,12,47,85,37,C,-20,24.950000000000003,5.449999999999999,34.5,34.5,Persistence
TOL,"Toll Brothers, Inc. Common Stock",Consumer Cyclical,Residential Construction,United States,その他,143.10000610351562,13.375700992,159.16103562855224,0.011061664610749405,0.0852234486320424,-0.02730956314002607,0.2511448497422612,0.09577117084025609,0.20084572405833498,62.89406002218408,0.03147166745622732,0.13697427009270746,True,2,12,30,65,80,S,0,19.25,26.75,48.75,48.75,Persistence
TOST,"Toast, Inc. Class A Common Stock",Technology,Software - Infrastructure,United States,ソフトウェア,24.825000762939453,14.398500864,296.80629906166075,0.24052419354838708,0.2833117723156533,0.4152325155620652,0.25889809848854217,0.9869281045751634,0.006359300476947536,57.52877340343678,-0.05355376311210842,0.4964502809915335,False,21,36,85,65,55,B,0,31.0,42.25,74.0,74.0,Persistence
TPB,"Turning Point Brands, Inc. Common Stock",Consumer Defensive,Tobacco,United States,その他,81.83999633789062,1.585038848,29.095342206065368,0.283929462651805,0.10950458986538035,0.011938523607768913,0.5707961352907386,-0.2977946475760342,0.40454860883797056,30.499998728434235,-0.017199054117128753,0.4270758604011039,False,47,17,45,100,55,B,-5,50.75,28.25,55.75,55.75,Persistence
TPC,Tutor Perini Corporation Common Stock,Industrials,Engineering & Construction,United States,その他,71.75659942626953,3.788135168,33.435952628932576,0.28105822106337947,0.11512084215691505,0.023602686008460057,0.11681588384999636,0.21683846954208544,0.07894199350363207,36.0829659548966,-0.11156987266698935,0.26202274581166285,False,50,66,50,85,53,B,0,55.55,67.55,59.35,67.55,Transition
TPL,Texas Pacific Land Corporation Common Stock,Energy,Oil & Gas E&P,United States,電力/エネルギー,383.9200134277344,26.480664576,159.0965879364578,0.1308642535026487,0.11752467958106065,-0.05367968092151592,0.8545947706686378,-0.508631630453065,0.009964405357554282,43.257197404392514,-0.0710225689447471,0.2876728811334731,True,50,14,40,65,73,A,0,54.55,27.55,52.85,54.55,Acceleration
TPR,"Tapestry, Inc. Common Stock",Consumer Cyclical,Luxury Goods,United States,その他,144.47000122070312,29.189400576,357.43070901862023,0.05089039453171843,0.0015463375820084374,-0.003530555763333084,0.7544039824839175,-0.046045173105432984,0.5925385608996276,65.23599361630549,0.018413454487854974,0.09482834361659442,True,45,0,32,65,80,S,0,51.5,17.75,49.85,51.5,Acceleration
TR,"Tootsie Roll Industries, Inc. Common Stock",Consumer Defensive,Confectioners,United States,その他,39.41999816894531,2.963247872,6.751108306411743,0.012868889973548741,-0.05998193315266486,0.11993973535962268,0.352810283349078,-0.20299937133970816,0.011072726721755176,43.0813058123779,-0.04293446557871913,0.1202857183476547,True,22,12,29,100,100,S,0,41.5,34.0,60.95,60.95,Persistence
TREX,"Trex Company, Inc. Common Stock",Industrials,Building Products & Equipment,United States,その他,44.68000030517578,4.642194944,80.09029232903708,0.019816770000234487,0.05170815381650419,-0.010131613327872425,0.3917030794529694,2.343278108551212,0.12888999278264476,76.15949478357712,0.12135084797847596,0.3476419667285313,True,16,25,34,85,18,D,0,26.55,33.3,43.550000000000004,43.550000000000004,Persistence
TRGP,"Targa Resources, Inc. Common Stock",Energy,Oil & Gas Midstream,United States,電力/エネルギー,268.75,57.685549056,292.7186703125,0.03948356377621097,0.019999626407974945,-0.23265869716863039,0.2939342153943729,-0.14592776721742945,0.6948101386289376,48.06386887546629,0.059302274337403905,0.028906955736224028,True,33,19,15,40,60,B,-10,26.75,16.25,20.25,26.75,Acceleration
TROX,Tronox Holdings plc Ordinary Shares (UK),Basic Materials,Chemicals,United States,その他,7.190000057220459,1.146978304,19.737024697073938,-0.057254391672088484,0.07859649122807018,-0.17486971627099016,0.09282263630089717,-3.0142857142857142,0.5456007720765642,39.28572177138129,-0.18397062299156738,0.31001983200906397,True,0,0,2,100,51,B,-5,15.100000000000001,15.100000000000001,31.300000000000004,31.300000000000004,Persistence
TRU,TransUnion Common Stock,Financial Services,Financial Data & Stock Exchanges,United States,その他,68.62000274658203,13.22993664,122.41306877770155,0.0938142358621349,0.09203382752140321,0.03269629909161972,0.5909359089220549,0.28043352041803754,0.4641812668160426,49.38237301770803,-0.02957906586480071,0.3040963341218656,False,43,24,42,65,73,A,-20,29.299999999999997,15.049999999999997,33.95,33.95,Persistence
TRV,"The Travelers Companies, Inc. Common Stock",Financial Services,Insurance - Property & Casualty,United States,その他,301.70001220703125,64.154906624,425.9489170442444,0.051692943913155855,0.12218113262272497,0.12134106678230702,,,0.06448492777020068,44.54358791883334,0.0064906897005411225,0.02958497288295277,True,0,12,22,40,75,A,-20,0.0,2.5,17.1,17.1,Persistence
TSLX,"Sixth Street Specialty Lending, Inc. Common Stock",Financial Services,Asset Management,United States,その他,17.389999389648438,1.652390784,11.699010793389892,-0.14390016365318176,-0.07473135190888276,1.0030917562934092,,,0.509471001605948,49.23075207592769,-0.042411455003124654,0.25727139187116066,False,0,0,10,100,73,A,-25,0.0,0.0,20.1,20.1,Persistence
TSN,"Tyson Foods, Inc. Common Stock",Consumer Defensive,Farm Products,United States,その他,56.10499954223633,19.756220416,188.4311067773306,0.021234688326548987,0.008093644220041225,-0.007525993769002665,0.06542862915817123,-0.19272976680384088,0.24087511593649408,18.16136841003025,-0.11770968887353495,0.17704911153176212,False,30,0,25,65,53,B,-20,17.549999999999997,0.0,20.6,20.6,Persistence
TTC,Toro Company (The) Common Stock,Industrials,Tools & Accessories,United States,その他,92.48999786376953,8.807779328,96.42129909646873,-0.01601291504864959,0.0067205481858912414,0.008527698407424636,0.333628946434906,0.2399228130360206,0.3027509596370827,61.570246631139895,-0.0049232297040762265,0.08723995558041547,True,9,12,30,85,80,S,0,27.5,29.75,53.75,53.75,Persistence
TTI,"Tetra Technologies, Inc. Common Stock",Industrials,Conglomerates,United States,その他,10.40999984741211,1.53883136,16.17817399636326,0.05311369679408323,-0.04335405948309174,0.13204498086632094,0.24717243696626578,1.8087334437086093,0.3334714492253918,49.90402856701453,0.08392334765438898,0.15503245898735887,True,30,25,26,100,85,S,-5,41.0,37.25,51.3,51.3,Persistence
TWLO,Twilio Inc. Class A Common Stock,Technology,Software - Infrastructure,United States,ソフトウェア,206.76010131835938,31.38077696,605.0586356340256,0.13664851517574106,0.07320535057637981,0.08562376235553681,0.4891703932333706,0.43801020602170493,0.11069329406021355,57.66966779694155,0.20298184965668062,0.12626731807114824,True,39,56,50,40,70,A,0,42.25,55.0,51.5,55.0,Transition
TXNM,"TXNM Energy, Inc. Common Stock",Utilities,Utilities - Regulated Electric,United States,電力/エネルギー,57.665000915527344,6.383933952,84.25132560787927,0.09862373103882459,0.01650218286116219,-0.13796373060449735,0.6239500629385031,0.17248785663726635,0.47313485003464134,17.297295068107857,-0.021106589779701534,0.030514435788120117,True,44,12,14,85,60,B,0,51.75,27.75,40.95,51.75,Acceleration
TXT,Textron Inc. Common Stock,Industrials,Aerospace & Defense,United States,防衛/宇宙,94.13999938964844,16.369907712,112.48989045267793,0.08006130491898993,0.0013885843747716143,0.06325277799362809,0.18210689911480504,0.42923076923076925,0.21391141265375918,70.26316722894404,0.035634444677171986,0.0655891953186156,True,23,24,42,65,52,B,0,32.2,32.95,49.75,49.75,Persistence
TY,Tri Continental Corporation Common Stock,Financial Services,Asset Management,United States,その他,34.95000076293945,1.860506752,1.0086290620178222,-0.20686401711696337,0.2668417127469365,1.8713792324888325,,,,59.715650949246374,0.025895445368711877,0.011315352997100398,True,0,0,8,100,75,A,-25,0.0,0.0,19.4,19.4,Persistence
TYL,"Tyler Technologies, Inc. Common Stock",Technology,Software - Application,United States,ソフトウェア,305.6050109863281,12.572760064,225.52294452567293,0.09099856254294712,0.09532568447512003,0.05488421817269879,0.46464066131010057,0.08013440125840225,0.1139596531810769,44.29432260366211,-0.056748741395537365,0.5004495127044831,False,10,24,50,65,55,B,0,22.75,33.25,54.75,54.75,Persistence
UA,"Under Armour, Inc. Class C Common Stock",Consumer Cyclical,Apparel Manufacturing,United States,その他,5.610000133514404,2.391682816,18.133655317069362,-0.038328450460952186,-0.0942792717979459,-0.034097979643123645,0.4548307919063622,0.2887681302439003,0.4392589250976177,66.66666666666666,-0.02281830172674592,0.2880710593857103,True,31,12,10,100,63,B,-10,34.55,20.3,33.1,34.55,Acceleration
UAA,"Under Armour, Inc. Class A Common Stock",Consumer Cyclical,Apparel Manufacturing,United States,その他,5.770100116729736,2.46049152,46.498267547204875,-0.038328450460952186,-0.0942792717979459,-0.034097979643123645,0.4548307919063622,0.2887681302439003,0.4392589250976177,67.2259570653176,-0.022149847856124574,0.29114252169989746,True,31,12,10,100,63,B,-10,34.55,20.3,33.1,34.55,Acceleration
UBER,"Uber Technologies, Inc. Common Stock",Technology,Software - Application,United States,ソフトウェア,69.3499984741211,141.240041472,1322.3178049780965,0.18279594342625857,0.17963573938467317,0.16952661793769802,0.39754311090604993,0.4159535895576505,0.1954629300022653,32.9655770624651,-0.057951936341937405,0.3071928118755148,False,47,33,79,25,53,B,0,44.3,33.8,60.300000000000004,60.300000000000004,Persistence
UEC,Uranium Energy Corp. Common Stock,Energy,Uranium,United States,電力/エネルギー,9.984999656677246,4.894854144,101.56246145164133,3.0,-0.9986373784133975,3.0,0.36621930966380895,0.36175226311240505,,34.47501496909635,-0.287889507200893,0.5042204588243762,False,62,52,12,85,25,D,-10,51.75,44.25,22.85,51.75,Acceleration
UGI,UGI Corporation Common Stock,Utilities,Utilities - Regulated Gas,United States,その他,34.90999984741211,7.484484608,68.7919543098177,0.010679611650485437,-0.19242831541218638,-0.1165644171779141,0.49855907780979825,0.010362694300518135,0.46138921226232055,48.40254549465362,-0.018797716631762783,0.132016407322878,False,28,24,30,85,90,S,0,42.75,39.75,55.75,55.75,Persistence
UHAL,U-Haul Holding Company Common Stock,Industrials,Rental & Leasing Services,United States,その他,61.59000015258789,11.700738048,16.385844009095575,0.03588368863195946,0.03608296534779655,-0.04075525888746739,0.8583448758566629,0.3194666605273536,0.3778268484148731,77.55599657977177,0.17471811154550168,0.044227221924918424,True,20,12,21,65,22,D,0,26.95,20.95,32.2,32.2,Persistence
UHAL-B,U-Haul Holding Company Series N Non-Voting Common Stock ,Industrials,Rental & Leasing Services,United States,その他,55.18000030517578,10.600397824,24.337210868598174,0.03588368863195946,0.03608296534779655,-0.04075525888746739,0.8583448758566629,0.3194666605273536,0.3778268484148731,78.41681354153667,0.14841100674074456,0.0384755845048468,True,20,12,21,65,22,D,0,26.95,20.95,32.2,32.2,Persistence
UI,Ubiquiti Inc. Common Stock,Technology,Communication Equipment,United States,通信/光通信,567.9998779296875,34.376536064,78.10787841363525,0.334487085751028,-0.006195272175590772,0.14708351165578604,0.43420690137534024,0.18487709166995567,0.2028134591609266,38.8207732174456,-0.2942472022586468,0.4755832982073343,False,44,46,49,40,25,D,0,41.5,43.0,41.95,43.0,Transition
ULS,UL Solutions Inc. Class A Common Stock,Industrials,Specialty Business Services,United States,その他,99.19339752197266,19.993731072,62.71265486106643,0.06376306620209059,0.07169529499626587,0.0626984126984127,0.4945954798558795,0.40418118466898956,0.23382403286545703,39.87865426123874,0.0545944087133021,0.05293106026673279,True,16,12,50,65,62,B,0,27.95,24.95,56.15,56.15,Persistence
UMAC,"Unusual Machines, Inc. Common Stock",Technology,Computer Hardware,United States,その他,23.65999984741211,1.130804224,227.90383887620428,1.0123225640794355,,,0.34885001335361215,,0.014394821466733328,61.19546957545399,0.36180498748745143,0.2920406599723406,True,29,28,14,100,33,D,-15,25.049999999999997,24.299999999999997,24.300000000000004,25.049999999999997,Acceleration
UNF,Unifirst Corporation Common Stock,Industrials,Specialty Business Services,United States,その他,271.52508544921875,4.9102336,53.84574598406067,0.0020272460885602927,0.08704877237245791,0.11606479736828164,0.3658812540290221,0.056914246729748166,0.026074499083024526,61.261175151179174,0.0446497737104893,0.01091114042211176,True,6,24,46,85,55,B,0,22.75,36.25,57.55,57.55,Persistence
UNM,Unum Group Common Stock,Financial Services,Insurance - Life,United States,その他,89.9000015258789,14.363884544,97.28521023622855,0.015167981485680332,0.03911054782389692,0.0365221052631579,,-0.5997117117117117,0.05931416228742715,76.32265548129077,0.11722889689495908,0.0,True,0,0,37,65,10,D,-20,0.0,0.0,18.6,18.6,Persistence
USB,U.S. Bancorp Common Stock,Financial Services,Banks - Regional,United States,その他,57.28990173339844,89.24229632,452.49840516833956,0.04408267788549479,-0.02420304858458573,0.1583278200463116,,,0.09881345283059746,63.24752295904504,0.039902705980365584,0.046276853343148586,True,18,12,10,40,67,A,-20,6.199999999999999,1.6999999999999993,8.899999999999999,8.899999999999999,Persistence
USFD,US Foods Holding Corp. Common Stock,Consumer Defensive,Food Distribution,United States,その他,90.4000015258789,19.908038656,245.60247122557107,0.04084272777675106,0.06405034132089783,0.045218310479490265,0.17410714285714285,0.15126050420168066,0.41045686007315496,76.54462542195189,0.03079148755638955,0.11355169101656404,True,2,24,34,65,65,A,-20,0.0,14.25,27.950000000000003,27.950000000000003,Persistence
UTI,Universal Technical Institute Inc Common Stock,Consumer Defensive,Education & Training Services,United States,その他,39.59000015258789,2.179879936,66.97091339961949,0.1404815425959516,0.20625181097384296,0.45047460986472126,0.4967891950369548,-0.10138480770167378,0.33759936281908975,56.271855617333316,0.04203953822307283,0.11826283280258917,True,13,14,76,100,100,S,0,34.75,35.5,86.80000000000001,86.80000000000001,Persistence
UUUU,Energy Fuels Inc Ordinary Shares (Canada),Energy,Uranium,United States,電力/エネルギー,14.170000076293945,3.540615424,143.17290425486982,-0.15607957600430142,1.0595338536173804,2.0306032760687174,0.20862534510482084,-0.8837655843722915,0.4785827409671835,37.243398205563345,-0.2622020449927727,0.48881672340203297,False,0,0,10,85,25,D,-10,5.25,5.25,21.75,21.75,Persistence
UVE,UNIVERSAL INSURANCE HOLDINGS INC Common Stock,Financial Services,Insurance - Property & Casualty,United States,その他,38.01499938964844,1.061041152,6.322778247234345,0.0548352686158039,0.09266719460297704,0.13816128467649988,,1.9006462035541196,0.03538443389166794,38.89213144450514,0.02351560619517168,0.07499598778951382,True,12,24,42,100,77,A,-25,6.699999999999999,15.700000000000003,38.5,38.5,Persistence
UVV,Universal Corporation Common Stock,Consumer Defensive,Tobacco,United States,その他,54.150001525878906,1.349607296,14.094888007176207,-0.0077406860010776025,0.07229606053759532,0.06955690350778886,0.17507992901277838,-0.696372171136992,0.33968238019320024,47.55351949520013,0.018466408390056123,0.06400049427290287,True,0,0,21,100,87,S,-5,18.700000000000003,18.700000000000003,48.95,48.95,Persistence
UWMC,UWM Holdings Corporation Class A Common Stock,Financial Services,Mortgage Finance,United States,その他,2.424999952316284,3.918092288,48.38183740739914,0.09766002898728926,0.7829349635186401,-0.568800246867703,,0.5666889562884595,0.25953216896584236,16.184978586434568,-0.27588164775591356,0.6261262138820155,False,9,24,14,85,8,D,-30,0.0,1.5500000000000007,0.5500000000000043,1.5500000000000007,Transition
V,Visa Inc.,Financial Services,Credit Services,United States,その他,321.7250061035156,611.83852544,2483.5357068194503,0.1133997661860491,0.10023581294214927,0.11405663596042306,0.803625,0.15428235168244797,0.2526523934274845,40.588151798438886,0.012212963074215452,0.13137538564670823,False,40,26,71,10,90,S,-20,20.5,10.0,39.550000000000004,39.550000000000004,Persistence
VAC,Marriott Vacations Worldwide Corporation Common Stock,Consumer Cyclical,Resorts & Casinos,United States,その他,91.64990234375,3.147538432,49.18608761296387,0.013086370042279041,0.05077215993230379,0.01524914089347079,0.3751987281399046,-1.195945945945946,0.582146151480988,81.10976734977953,0.22500298333991342,0.0,True,4,0,18,85,10,D,0,16.75,13.75,33.15,33.15,Persistence
VFC,V.F. Corporation Common Stock,Consumer Cyclical,Apparel Manufacturing,United States,その他,16.725000381469727,6.55234816,152.21461314676475,0.010575409553030183,-0.041448199507890436,-0.10583848895143534,0.5477981890447545,0.49011977724910305,0.536411093136331,56.123683395256066,-0.07277533292907473,0.2238978666548184,False,46,47,30,85,80,S,0,55.25,56.0,53.75,56.0,Transition
VG,"Venture Global, Inc. Class A common stock",Energy,Oil & Gas Midstream,United States,電力/エネルギー,12.78499984741211,31.762518016,190.88862709601042,1.7693081255028158,-0.37039382043814106,0.22472084367245657,0.50170673251507,0.4122579529737206,0.653014257381282,39.069357675505834,-0.019743160535541964,0.32383654470411316,True,56,34,16,40,73,A,-10,45.3,28.799999999999997,23.400000000000006,45.3,Acceleration
VIRT,"Virtu Financial, Inc. Class A Common Stock",Financial Services,Capital Markets,United States,その他,54.540000915527344,11.73581312,65.53918379916344,0.2624895331825486,0.2544618777669398,-0.030209166732915765,0.6426715761987909,-0.16485152695721142,0.445499161916468,53.41536246668745,0.08492347475225176,0.005042383355305352,True,57,24,44,65,60,B,-20,38.5,13.75,32.45,38.5,Acceleration
VLO,Valero Energy Corporation Common Stock,Energy,Oil & Gas Refining & Marketing,United States,電力/エネルギー,255.56500244140625,75.885625344,685.1104676865937,-0.05538916392697931,-0.10282110440296754,-0.1792519687271449,0.04376176775045441,-0.1291551246537396,0.20181761743809065,52.506898184785015,0.0460221875609999,0.02250912025571033,True,30,0,25,40,75,A,0,36.0,13.5,38.75,38.75,Persistence
VLTO,Veralto Corp Common Stock ,Industrials,Pollution & Treatment Controls,United States,その他,85.59500122070312,21.022068736,204.4059215796112,0.05969574427113422,0.03425612427803226,0.031006160164271046,0.599491186625477,0.23658536585365852,0.3742363187313142,47.98373085800799,-0.02013981173307055,0.217087823631173,False,43,24,46,65,90,S,0,51.0,36.75,59.55,59.55,Persistence
VMC,Vulcan Materials Company (Holding Company) Common Stock,Basic Materials,Building Materials,United States,その他,281.4649963378906,36.521459712,327.33992059726717,0.07056095555226014,-0.04680090980351842,0.06379866579177602,0.2738411555074234,0.40838605632055575,0.2924900002395152,66.6427643515593,-0.004699418856506072,0.14471986953587346,False,23,24,26,40,70,A,0,30.25,31.0,38.3,38.3,Persistence
VMI,"Valmont Industries, Inc. Common Stock",Industrials,Conglomerates,United States,その他,532.155029296875,10.331072512,108.3155530723755,0.007133192017538995,-0.02384996112200504,-0.039273229388412635,0.30212114611186563,-0.3685483560307931,0.2747342274975225,66.66669021826681,0.09631794010422194,0.02738784397114702,True,34,0,25,65,40,C,0,39.25,13.75,38.0,39.25,Acceleration
VNT,Vontier Corporation Common Stock ,Technology,Scientific & Technical Instruments,United States,その他,28.510000228881836,4.014208,59.39600249433851,0.0324269889224572,-0.037542000516929436,-0.028011556337143573,0.47171283651970347,0.279292343387471,0.48880699505585057,51.45049822821172,-0.12545069568570114,0.34591386820301745,False,31,12,30,85,51,B,0,41.1,26.85,47.95,47.95,Persistence
VOYA,"Voya Financial, Inc. Common Stock",Financial Services,Financial Conglomerates,United States,その他,90.08999633789062,8.168127488,100.77671494648132,0.012165758459003929,0.0939969499514765,0.2410529938059188,,,0.0181036458886609,79.56728676960705,0.14900039924495323,0.0,True,0,0,30,85,10,D,-20,0.0,0.0,19.75,19.75,Persistence
VOYG,"Voyager Technologies, Inc. Class A Common Stock",Industrials,Aerospace & Defense,United States,防衛/宇宙,40.68000030517578,2.410784256,112.9715155814968,0.15424469413233458,0.05966397671649689,,0.17951676190819557,-0.9002449055034425,0.4443802394012494,51.00026679479329,0.19251425889151452,0.2797450312520832,True,5,2,2,100,53,B,-10,14.05,11.8,26.700000000000003,26.700000000000003,Persistence
VPG,"Vishay Precision Group, Inc. Common Stock",Technology,Scientific & Technical Instruments,United States,その他,124.55580139160156,1.656716672,88.38802266273652,0.0022184378282798624,-0.1366744778170839,-0.020773346571791054,0.38876700021484234,-0.40377393916635373,0.0975610291101562,71.28109811639305,0.557486491945661,0.06299700402906436,True,22,0,29,100,22,D,-5,28.700000000000003,12.2,40.35,40.35,Persistence
VRT,"Vertiv Holdings, LLC Class A Common Stock",Industrials,Electrical Equipment & Parts,United States,電力/エネルギー,292.489990234375,112.347979776,1702.3328965056885,0.27685414014328863,0.16735633523720714,0.20586840024598085,0.363170705480992,0.6626145172656801,0.26431332088696735,37.596302355347646,-0.0743220186556848,0.22257666402640103,True,40,29,85,25,80,S,0,41.75,33.5,69.0,69.0,Persistence
VSH,"Vishay Intertechnology, Inc. Common Stock",Technology,Semiconductors,United States,半導体,58.935001373291016,8.021396992,504.4385559468212,0.04475135544921734,-0.13652317944060116,-0.02726481750305441,0.19383307136284605,0.39208345573416586,0.2534712906456062,76.34348309297584,0.6499945694046813,0.07870876584855516,True,23,30,6,85,22,D,0,32.2,37.45,28.950000000000003,37.45,Transition
VST,Vistra Corp. Common Stock,Utilities,Utilities - Independent Power Producers,United States,電力/エネルギー,141.0850067138672,47.571390464,701.4547251241494,0.029842080817464003,0.16543744502334393,0.07655885780885781,0.3288984101928064,-0.46961770623742455,0.4829843561973526,47.12610409190594,-0.08360711828559714,0.35079641675651646,False,4,0,33,40,63,B,0,15.3,12.3,40.75,40.75,Persistence
VSTS,Vestis Corporation Common Stock,Industrials,Rental & Leasing Services,United States,その他,13.080599784851074,1.728013696,21.71848896205559,-0.025297773912795547,-0.006889921940646009,0.05146287409215837,0.265009018812442,-0.9853162391857118,0.48803502012453126,70.5409774098967,0.2484333034711235,0.012039274095367146,True,0,0,17,100,10,D,-5,11.0,11.0,31.35,31.35,Persistence
VSXY,Victorias Secret & Co. Common Stock ,Consumer Cyclical,Apparel Retail,United States,その他,74.76000213623047,5.942801408,234.97708990835534,0.05184590690208668,0.007764477515367195,-0.0255359394703657,0.3638028383946284,0.2631578947368421,0.5677239178136845,74.76653225462817,0.38155345664577767,0.06620029457887952,True,39,12,26,85,22,D,0,44.2,23.95,39.949999999999996,44.2,Acceleration
VTOL,"Bristow Group, Inc. Common Stock",Energy,Oil & Gas Equipment & Services,United States,電力/エネルギー,43.400001525878906,1.284892416,8.061903993444442,0.05299998375122131,0.09099688692020912,0.09468834057259341,0.6677369923891925,1.7231349313223807,0.3950380333506255,51.61692698942893,-0.04377008594047688,0.12962075669032727,True,24,37,50,100,100,S,-5,38.0,47.75,67.5,67.5,Persistence
VVV,Valvoline Inc. Common Stock,Consumer Cyclical,Auto & Truck Dealerships,United States,その他,37.625,4.798544896,69.78368009375,0.05639283508338481,0.12157949428472463,0.16778577784968854,0.38502017189966675,-0.06633906633906633,0.520259137207909,82.23537271365267,0.11355113233689305,0.07487087056891986,True,4,0,41,85,22,D,0,17.95,14.95,48.199999999999996,48.199999999999996,Persistence
VVX,"V2X, Inc. Common Stock",Industrials,Aerospace & Defense,United States,防衛/宇宙,86.38999938964844,2.70491264,43.21483915818405,0.036528768635090594,0.09059237581646408,0.37091592121375644,0.0833434894971873,-0.2985399051350794,0.33472190048889916,93.13377223224151,0.19294863416646696,0.0,True,0,12,48,100,10,D,0,16.0,25.0,53.400000000000006,53.400000000000006,Persistence
VZ,Verizon Communications Inc. Common Stock,Communication Services,Telecom Services,United States,その他,46.459999084472656,193.996455936,974.2667778123799,0.025247054633943673,0.006075805753355128,-0.020908393320422408,0.5892279526163064,0.03984779621604482,0.44932444132212596,38.96104056952901,-0.014133883808038336,0.08215660765384841,True,40,12,30,25,90,S,0,42.75,21.75,40.75,42.75,Acceleration
W,Wayfair Inc. Class A Common Stock,Consumer Cyclical,Internet Retail,United States,その他,71.79000091552734,9.476028416,297.98584606266974,0.051134925322757575,-0.0126635007914688,-0.017596988050417418,0.30223970458376814,2.963855421686747,1.2491279069767443,63.60138567898828,0.02112517817543797,0.39697606824658255,False,49,37,24,85,53,B,-20,34.8,25.799999999999997,25.050000000000004,34.8,Acceleration
WAL,Western Alliance Bancorporation Common Stock (DE),Financial Services,Banks - Regional,United States,その他,83.07499694824219,9.070573568,82.83615633201599,0.12275371687136392,0.20821618244298656,0.030337169067353342,,0.01153655601953429,0.06980403992497898,67.54717382272511,0.06571628879270043,0.1264605812826906,True,7,26,30,85,65,A,-30,0.0,8.75,20.75,20.75,Persistence
WBS,Webster Financial Corporation Common Stock,Financial Services,Banks - Regional,United States,その他,72.33000183105469,11.719376896,239.77332679893036,0.1190612383082341,-0.027264997502742458,0.07214781997807096,,-0.2629868991038075,0.04424895820228506,43.52946154605639,0.007362602731973249,0.014912578569561208,True,23,14,25,65,75,A,-20,14.5,7.75,25.0,25.0,Persistence
WCC,"WESCO International, Inc. Common Stock",Industrials,Industrial Distribution,United States,その他,351.4801025390625,17.118800896,173.617761688385,0.07755238601572956,-0.025302431963976198,0.04505581206436945,0.21147637904121067,-0.9749627421758569,0.3960981879247525,50.86972076575768,0.04922440204020544,0.06151844267454654,True,18,0,21,65,87,S,0,31.950000000000003,18.450000000000003,45.2,45.2,Persistence
WD,"Walker & Dunlop, Inc Common Stock",Financial Services,Mortgage Finance,United States,その他,52.61000061035156,1.806166528,17.324591573490142,0.08990454661851319,0.07402033306778953,-0.16231381375059284,0.4227330985995369,-6.842729256516435,0.4888199928925474,62.861283585685065,0.062137940137813125,0.375182703183473,False,34,0,6,100,38,C,-35,9.299999999999997,0.0,0.8999999999999986,9.299999999999997,Acceleration
WEC,"WEC Energy Group, Inc. Common Stock",Utilities,Utilities - Regulated Electric,United States,電力/エネルギー,113.8550033569336,37.085495296,244.82105315112418,0.13955976232281772,-0.03295850669065557,-0.07339487777939858,0.4217814103937715,-3.3652194102623634,0.43313152802014043,59.49067212735501,0.004868531571887968,0.03325184894627958,True,39,14,6,40,87,S,0,43.95,25.200000000000003,30.700000000000003,43.95,Acceleration
WEX,WEX Inc. common stock,Technology,Software - Infrastructure,United States,ソフトウェア,142.11000061035156,4.926689792,70.82895303270492,0.012403926641808082,0.031475667189952906,0.08397855866587255,0.5863650030066145,-0.26869300911854105,0.33739365950206607,46.87040398315481,-0.06634464991347633,0.23154703812972932,False,8,0,41,85,80,S,0,26.75,20.75,59.8,59.8,Persistence
WFC,Wells Fargo & Company Common Stock,Financial Services,Banks - Diversified,United States,その他,82.65499877929688,252.93996032,1275.4405453972092,0.01704821619519782,-0.0036442001525479133,0.11065243115318417,,,0.08984092661792556,74.64888875213194,0.042832957630357854,0.1333529054610236,False,18,12,10,25,55,B,-30,0.0,0.0,0.0,0.0,Acceleration
WH,"Wyndham Hotels & Resorts, Inc. Common Stock ",Consumer Cyclical,Lodging,United States,その他,79.72000122070312,5.967877632,87.86684324945068,0.014914772727272728,0.007874015748031496,-0.06742323097463285,,0.33195020746887965,0.6128646580583453,47.235238786776335,-0.036217968135451514,0.11985554561525232,True,35,12,20,85,100,S,-10,39.0,21.75,42.25,42.25,Persistence
WHD,"Cactus, Inc. Class A Common Stock",Energy,Oil & Gas Equipment & Services,United States,電力/エネルギー,58.880001068115234,4.08735744,42.91934913058033,-0.044930404473656725,0.029950043757292884,0.5935639170270596,0.37015673957950085,-0.20699653711855043,0.020169190598290143,40.355394507697575,0.05487011655930644,0.05925456214672995,True,4,0,37,85,72,A,0,22.95,19.95,56.0,56.0,Persistence
WHR,Whirlpool Corporation Common Stock,Consumer Cyclical,"Furnishings, Fixtures & Appliances",United States,その他,42.27000045776367,2.740073216,116.08892377968692,-0.0652134642018426,-0.14638910305833977,-0.01363820726019063,0.15369750064416388,-0.7890625,0.44934058378648667,53.26461415842662,-0.13763203663962242,0.6039361589878908,False,18,35,17,100,43,C,0,32.8,45.55,42.95,45.55,Transition
WK,Workiva Inc. Class A Common Stock,Technology,Software - Application,United States,ソフトウェア,48.88999938964844,2.743674368,49.29176273763275,0.19749824010396924,0.1724353571763018,0.17134836160818034,0.7847197728156569,0.5972235119323985,0.533853429130587,50.968872044199394,-0.06978957796604379,0.4760475761565839,False,65,39,82,100,55,B,0,69.25,49.75,81.1,81.1,Persistence
WKC,World Kinect Corporation Common Stock,Energy,Oil & Gas Refining & Marketing,United States,電力/エネルギー,31.350000381469727,1.609993472,22.399161452555088,-0.12453519256308102,-0.11617124915637196,-0.19193606026783824,0.025674086996093897,0.18570683359415754,0.11887992632889374,70.03544486330173,0.17567204226316516,0.0,True,2,12,30,100,10,D,-5,12.5,20.0,38.5,38.5,Persistence
WLK,Westlake Corporation Common Stock,Basic Materials,Specialty Chemicals,United States,その他,86.95999908447266,11.141571584,83.61231304371758,-0.0800527096030308,-0.03235575390500478,-0.20552108395593263,0.07278424350940017,-2.7320261437908497,0.3211261960823606,43.58409092228753,-0.14804121866758055,0.29100973637528865,False,0,0,6,65,51,B,0,14.850000000000001,14.850000000000001,29.75,29.75,Persistence
WLY,"John Wiley & Sons, Inc. Common Stock",Communication Services,Publishing,United States,その他,44.5,2.28387328,14.495332099999999,-0.10431359107137422,-0.07273280855487896,-0.030259327254710675,0.7428602254756621,0.1316087720292401,0.3340926469069273,70.1281933405193,0.08437844904993055,0.0,True,17,47,38,100,25,D,0,30.25,52.75,50.900000000000006,52.75,Transition
WM,"Waste Management, Inc. Common Stock",Industrials,Waste Management,United States,その他,222.17999267578125,89.222094848,484.7318452426941,0.1423650455513756,0.08014295505727993,0.03695806680881308,0.4043802571020473,0.30430754979157015,0.4997709174211847,55.91159308093156,-0.000832138269267607,0.09119269198685671,True,44,14,38,40,100,S,0,49.0,26.5,50.900000000000006,50.900000000000006,Persistence
WMB,"Williams Companies, Inc. (The) Common Stock",Energy,Oil & Gas Midstream,United States,電力/エネルギー,72.30000305175781,88.422776832,464.0784281385879,0.1377701609064077,-0.037040432749610344,-0.005289557683538532,0.619581589958159,-0.6084494773519163,0.5018182439007733,29.60530755404008,-0.01577747026955025,0.0894206339757687,True,41,21,29,40,73,A,0,44.05,29.05,40.550000000000004,44.05,Acceleration
WMK,"Weis Markets, Inc. Common Stock",Consumer Defensive,Grocery Stores,United States,その他,81.31999969482422,2.012230528,10.859489023246766,0.0346386378197436,0.016365639051511133,0.00012452306816354566,0.2500878934201261,-0.8489962043261535,0.08488580463548884,82.12056980948721,0.13660736710468593,0.0,True,30,0,37,100,10,D,-20,18.5,0.0,27.35,27.35,Persistence
WMS,"Advanced Drainage Systems, Inc. Common Stock",Industrials,Building Products & Equipment,United States,その他,135.79010009765625,10.400939008,139.87220171827698,0.05031634727786395,0.010357376813071474,-0.06403134230139418,0.38270232915548774,0.5446822250622038,0.3979909104689851,48.428091210133395,-0.04467183766855488,0.2238080551739152,False,43,12,30,65,90,S,0,51.0,27.75,50.75,51.0,Acceleration
WOR,"Worthington Enterprises, Inc. Common Shares",Industrials,Metal Fabrication,United States,その他,59.41999816894531,2.944057856,9.44019474609604,-0.07380651728381485,-0.1218142314112976,0.08349214666484366,0.27651716731873643,-0.2290396175326594,0.19234558316894296,83.1476720481609,0.07975893621018165,0.10914072658758592,True,21,7,25,100,50,B,0,35.75,25.25,48.75,48.75,Persistence
WRB,W.R. Berkley Corporation Common Stock,Financial Services,Insurance - Property & Casualty,United States,その他,68.1500015258789,25.370660864,154.33395527303813,0.06929465563392585,0.13045750692812624,0.07967155397194847,,-0.04481792011464574,0.06443512570865365,49.656240018837444,0.024793565960611687,0.11641164024408941,False,0,12,37,65,90,S,-20,0.0,7.75,34.6,34.6,Persistence
WS,"Worthington Steel, Inc. Common Shares",Basic Materials,Steel,United States,その他,41.9900016784668,2.13335808,8.665781073897362,-0.09832099341223109,-0.049089447570474266,-0.11334758780014255,0.12562635373226005,0.03954214360041623,0.11616882454888368,65.53239100686227,0.10788053163951704,0.13336217552533994,True,2,12,30,100,50,B,0,21.5,29.0,51.5,51.5,Persistence
WSM,"Williams-Sonoma, Inc. Common Stock (DE)",Consumer Cyclical,Specialty Retail,United States,その他,213.20750427246094,25.104459776,258.20831672773136,0.012354858775956712,-0.00504615611693055,-0.10649303578557498,0.46152631239163316,-0.07307217726176937,0.2692033795080186,82.2622531117295,0.12375144311336925,0.02996771480450292,True,38,0,29,65,10,D,0,39.25,10.75,34.2,39.25,Acceleration
WSO,"Watsco, Inc. Common Stock",Industrials,Industrial Distribution,United States,その他,383.8550109863281,15.810327552,135.25067976026457,-0.049752064662050684,0.045930903610727804,0.0012953745382401492,0.28047833420128215,-0.2798730033969842,0.10845054311572085,48.14587261010035,-0.04510530608329441,0.1973318805766629,True,0,0,25,65,100,S,0,19.75,19.75,50.0,50.0,Persistence
WT,"WisdomTree, Inc. Common Stock",Financial Services,Asset Management,United States,その他,17.190000534057617,2.629060352,45.010936866396335,0.15433782908656488,0.22548455026000258,0.15825714712372863,0.5406043102522922,0.30435918690982483,0.6322698637950852,28.631574636017362,-0.023550723032152426,0.13225638579087814,True,21,33,73,100,73,A,-30,8.049999999999997,17.049999999999997,49.75,49.75,Persistence
WTRG,"Essential Utilities, Inc. Common Stock",Utilities,Utilities - Regulated Water,United States,その他,37.88999938964844,10.7468544,56.66036407728576,0.18623248117431798,0.01572140553426194,-0.10236220472440945,0.578350167601829,0.2500572037382643,0.42660170168321404,61.011411737324686,-0.007398596159746786,0.08189419387947702,False,48,26,10,65,70,A,0,52.75,36.25,35.75,52.75,Acceleration
WTS,"Watts Water Technologies, Inc. Class A Common Stock",Industrials,Specialty Industrial Machinery,United States,その他,322.0899963378906,10.754871296,97.24879363929749,0.08271911908356273,0.09526820016534553,0.03879767618085375,0.4945663317613287,0.09361571516267649,0.06861724281549354,79.71514188611066,0.0685121561858724,0.03843965538054503,True,10,24,50,65,37,C,0,20.95,31.45,51.15,51.15,Persistence
WTTR,"Select Water Solutions, Inc. Class A common stock",Energy,Oil & Gas Equipment & Services,United States,電力/エネルギー,18.825000762939453,2.646325504,31.119688767468453,-0.03080488266790627,-0.08406834313872052,0.14266264000807255,0.1438155845337032,-2.294105259747623,0.22105812691305907,40.67650195085623,0.09901298438126273,0.060628747359312105,True,18,0,10,100,72,A,0,35.7,22.2,44.9,44.9,Persistence
WU,Western Union Company (The) Common Stock,Financial Services,Credit Services,United States,その他,7.300000190734863,2.280776192,59.06126620315647,-0.037769912345297765,-0.03380766582510902,-0.026477488548765502,0.3703310538919199,0.42509974610083423,0.37365005598430034,7.333315107545928,-0.15760804177964685,0.27185212708153544,False,9,12,30,100,24,D,-20,4.149999999999999,6.399999999999999,26.299999999999997,26.299999999999997,Persistence
WWW,"Wolverine World Wide, Inc. Common Stock",Consumer Cyclical,Footwear & Accessories,United States,その他,17.270000457763672,1.415959424,22.944558211175156,0.06797720797720798,-0.21753087520620626,-0.16459326579261024,0.4730832844261858,-0.21513445903689807,0.4457965248932311,66.89303874684975,0.02831899740113525,0.4587453288937612,False,29,12,25,100,45,C,-5,36.25,23.5,42.75,42.75,Persistence
XOM,Exxon Mobil Corporation Common Stock,Energy,Oil & Gas Integrated,United States,電力/エネルギー,150.60000610351562,624.22908928,2408.635858527171,-0.04522368657644725,0.013594385369453565,-0.16047657866683387,0.21994103209274324,-0.23128011459825498,,39.58182200847238,-0.009098719861849966,0.11575084722772468,True,0,0,15,10,90,S,0,10.5,10.5,28.75,28.75,Persistence
XPO,"XPO, Inc. Common Stock",Industrials,Trucking,United States,その他,220.7550048828125,25.918840832,373.49704842376707,0.010530227948463826,0.042355371900826444,0.0033687483804094327,0.12001961505455437,3.0,0.49914571637783745,60.340393036261936,0.04000454388979483,0.03334496824097836,True,12,12,34,65,67,A,0,25.45,25.45,48.35,48.35,Persistence
XPRO,Expro Group Holdings N.V. Common Stock,Energy,Oil & Gas Equipment & Services,United States,電力/エネルギー,16.815000534057617,1.906741632,17.314296752415657,-0.061715831719019475,0.13223344817830143,0.18238449044800056,0.11935573192623958,2.7750453615411343,0.07458236240476049,49.05315339395059,0.020705504100948843,0.08564431255377707,True,12,12,30,100,100,S,-5,29.0,29.0,56.5,56.5,Persistence
XXI,"Twenty One Capital, Inc. Class A Common Stock",Financial Services,Shell Companies,United States,その他,5.429999828338623,1.883166464,7.238806890655875,,,,,,0.12333634268776654,11.688314503170588,-0.2647656418583838,0.8566147351071928,False,0,0,10,100,8,D,-25,0.0,0.0,7.100000000000001,7.100000000000001,Persistence
XYL,Xylem Inc. Common Stock New,Industrials,Specialty Industrial Machinery,United States,その他,110.2699966430664,26.210459648,206.454186617445,0.055244101845363235,0.16268332428028245,0.3335747917421224,0.38461538461538464,-0.03397027600849257,0.11698990586367244,60.746332894100725,-0.04852786616524789,0.2717108468169511,False,7,12,56,65,53,B,0,20.3,24.05,57.650000000000006,57.650000000000006,Persistence
XYZ,"Block, Inc. Class A Common Stock,",Technology,Software - Infrastructure,United States,ソフトウェア,67.91999816894531,40.42469376,390.2053374524574,0.003011062576745717,0.1006327769007525,0.2500649827080686,0.428208016117265,0.5608802094498336,0.22671053396435747,43.99514038343831,-0.017835736132811315,0.16261869488536154,True,19,19,54,40,100,S,0,30.25,30.25,59.7,59.7,Persistence
YELP,Yelp Inc. Common Stock,Communication Services,Internet Content & Information,United States,その他,24.1200008392334,1.326375808,31.83862421779585,0.03745651755161239,0.056094631363392274,0.12028092024673524,0.9026618565075377,0.30268686510939036,0.025954690665826445,59.78648556433534,-0.048197775918019096,0.3516128939636211,False,20,24,57,100,73,A,-5,32.3,35.3,65.95,65.95,Persistence
YETI,"YETI Holdings, Inc. Common Stock",Consumer Cyclical,Leisure,United States,その他,48.880001068115234,3.70306688,84.57414038009586,0.02110583630667265,0.10318843585358045,0.039800729929752726,0.5740901496071168,-0.07949332337961013,0.18492688304687158,68.51364685428359,0.17349930929244414,0.037226696328686394,True,8,0,45,85,37,C,0,22.45,16.45,53.4,53.4,Persistence
YOU,"Clear Secure, Inc. Class A Common Stock",Technology,Software - Application,United States,ソフトウェア,53.580101013183594,7.161585152,66.91818937213783,0.1691019198222425,0.2557274613374969,0.4026778896930737,0.6442368216843422,0.21091229927651314,0.0861774508359726,27.966928562640376,-0.027436141837445947,0.14079377022505246,True,25,21,97,85,73,A,0,38.8,35.8,89.19999999999999,89.19999999999999,Persistence
YUM,"Yum! Brands, Inc.",Consumer Cyclical,Restaurants,United States,その他,151.25,41.687707648,307.3674896875,0.08809113789905948,0.06684567552289429,0.034200526161940956,0.4616508400292184,0.14455307262569833,1.609003293888008,48.46887324256028,-0.02055369114668038,0.09615746194035743,False,40,24,40,40,90,S,-40,5.0,0.0,10.0,10.0,Persistence
ZETA,Zeta Global Holdings Corp. Class A Common Stock,Technology,Software - Infrastructure,United States,ソフトウェア,20.899999618530273,5.209484288,194.67752636171844,0.2972038888237084,0.3801595393585766,0.2331152140327365,0.6063465954557021,0.791582513518796,0.13108071437502827,60.47462688477448,0.13998339723635106,0.17227724283048423,True,36,49,97,85,50,B,0,44.75,54.5,84.6,84.6,Persistence
ZWS,Zurn Elkay Water Solutions Corporation Common Stock,Industrials,Pollution & Treatment Controls,United States,その他,48.5099983215332,8.127476736,38.537599075582506,0.08260453239706352,0.02352172492649461,0.1940240287096271,0.4509699864378796,0.1652557968347442,0.20646413376128983,55.857378141703485,-0.0017179509931047967,0.07906538418838605,True,28,24,58,85,87,S,0,42.45,39.45,70.55000000000001,70.55000000000001,Persistence
