ticker,name,sector,industry,country,theme,price,market_cap_bil,dollar_volume_mil,revenue_growth_1y,revenue_growth_2y,revenue_growth_3y,gross_margin,fcf_growth,debt_ratio,rsi,gap50,dist_high,above200,acceleration_score,transition_score,persistence_score,upside_score,entry_score,entry_grade,risk_penalty,acceleration_final,transition_final,persistence_final,total_score,best_type
AAL,"American Airlines Group, Inc. - Common Stock",Industrials,Airlines,United States,その他,13.869999885559082,9.181522944,983.3473459864331,0.007784398000405822,0.026956884140334925,0.07794408935900839,0.19166071788113412,-1.523076923076923,0.5970796775342377,63.80597413263625,-0.020922758392277044,0.23581266242019744,False,0,0,14,85,70,A,0,19.75,19.75,42.95,42.95,Persistence
AAOI,"Applied Optoelectronics, Inc. - Common Stock",Technology,Communication Equipment,United States,通信/光通信,101.4000015258789,8.609498112,669.6243160765839,0.8275018547109658,0.14573665493507806,-0.023211769246649732,0.300435579254578,-2.1202507096387455,0.2123220785623015,45.68082325323029,-0.09221289354381879,0.5454952991851082,False,66,50,22,85,55,B,-10,57.75,45.75,34.35,57.75,Acceleration
AAON,"AAON, Inc. - Common Stock",Industrials,Building Products & Equipment,United States,その他,89.0999984741211,7.346619392,104.01890221862793,0.20109442086895685,0.027485241990281708,0.31473197207883097,0.26747827437666255,-1.4516879813806176,0.25178979075131486,67.87028686957734,0.041762417148460886,0.39779727691378886,False,27,5,33,85,53,B,0,38.3,21.8,50.00000000000001,50.00000000000001,Persistence
AAPL,Apple Inc. - Common Stock,Technology,Consumer Electronics,United States,その他,341.07000732421875,4977.636933632,14629.416913855592,0.0642551178283274,0.020219940775141214,-0.028004605303199367,0.4690516410716045,-0.09227347505215656,0.2746262258483859,74.39873469091043,0.060070357666448,0.0,True,38,12,29,10,25,D,0,32.5,13.0,23.450000000000003,32.5,Acceleration
ABNB,"Airbnb, Inc. - Class A Common Stock",Consumer Cyclical,Travel Services,United States,その他,157.47000122070312,94.29078016,821.7075983198547,0.10259412718429112,0.11949178178884744,0.18073580188117633,0.8295890858589985,,0.09307456772334294,24.54753745338563,-0.06265959438240597,0.17338582036376313,True,20,2,55,40,63,B,0,27.3,13.8,52.85,52.85,Persistence
ABTC,American Bitcoin Corp. - Class A Common Stock,Financial Services,Capital Markets,United States,その他,9.100000381469727,1.108559488,16.74322720187187,1.5883668591078743,0.1008910296856004,-0.010958737309934399,0.503137758959625,,0.15113773473500455,59.928448837677465,0.2040860018035796,0.9160903583444755,False,73,40,26,100,35,C,-35,38.25,13.5,11.299999999999997,38.25,Acceleration
ACIW,"ACI Worldwide, Inc. - Common Stock",Technology,Software - Infrastructure,United States,ソフトウェア,49.5099983215332,4.998294016,37.98679376218796,0.10380433146332407,0.09755682823447125,0.02157534174320153,0.4899078408575608,-0.07720188589626295,0.273461652796686,22.523985023985034,-0.0752570403010605,0.17730146110891437,True,43,14,41,85,63,B,0,51.3,29.55,56.4,56.4,Persistence
ACLS,"Axcelis Technologies, Inc. - Common Stock",Technology,Semiconductor Equipment & Materials,United States,半導体,123.11000061035156,3.801819904,42.492032260665894,-0.17567850353435868,-0.09971572716884072,0.2289200628697019,0.4491375940351446,-0.16812425662911915,0.03109337709378404,59.185541465444466,-0.011212304212208202,0.3574634828360131,True,4,0,29,85,83,S,0,24.05,21.05,53.800000000000004,53.800000000000004,Persistence
ACMR,"ACM Research, Inc. - Class A Common Stock",Technology,Semiconductor Equipment & Materials,United States,半導体,77.30000305175781,5.383883264,84.05602331848145,0.15239516287823576,0.4023413056302143,0.43435468274216116,0.4438732998339082,-2.022224895491865,0.1037217310166302,53.78507163208634,-0.0006295791420223086,0.39081091162757253,True,9,2,69,85,83,S,-10,17.8,12.55,65.80000000000001,65.80000000000001,Persistence
ACT,"Enact Holdings, Inc. - Common Stock",Financial Services,Insurance - Specialty,United States,その他,46.970001220703125,6.45760768,19.959667168731688,0.02833561052244432,0.04168205213550307,0.05371673244294087,,,0.10799806657492762,23.981875849569548,-0.02830680894331454,0.06191329125255703,True,0,0,22,85,60,B,-20,0.0,0.0,25.35,25.35,Persistence
ADBE,Adobe Inc. - Common Stock,Technology,Software - Application,United States,ソフトウェア,235.47000122070312,93.599326208,1315.5367536698914,0.10527784236224134,0.10799113813179453,0.10240826990798592,0.8926753334174765,0.25136542613997204,0.22538649308380798,29.306669390189867,-0.08526209445402798,0.3465882165241548,False,25,26,75,40,36,C,0,28.35,29.1,58.45,58.45,Persistence
ADEA,Adeia Inc.  - Common Stock,Technology,Software - Application,United States,ソフトウェア,25.479999542236328,2.809938176,22.233557128560637,0.179142820671021,-0.032830231385742356,-0.11424294824039204,,-0.2147304431963989,0.41156813749214616,42.511007170064985,-0.039916968371360745,0.23948154622975473,True,41,28,17,100,100,S,0,55.75,46.0,54.35,55.75,Acceleration
ADI,"Analog Devices, Inc. - Common Stock",Technology,Semiconductors,United States,半導体,393.6000061035156,190.724980736,1328.7050606040955,0.1689321605654812,-0.23390946142220995,0.024270612678441477,0.614669518890112,0.370454692501696,0.1805401203416052,67.41085486787759,0.05676424143523604,0.11376671811715801,True,46,33,42,25,65,A,0,44.75,35.0,42.35,44.75,Acceleration
ADP,"Automatic Data Processing, Inc. - Common Stock",Technology,Software - Application,United States,ソフトウェア,263.6700134277344,104.479653888,587.7929691841125,0.06743381855852613,0.07073521293991439,0.06608853998956263,0.46416432014726117,0.08728117103376055,0.08340757643610952,34.575661979056804,-0.019069639954337612,0.07695336049573938,True,10,24,50,25,77,A,0,18.95,29.45,49.15,49.15,Persistence
ADSK,"Autodesk, Inc. - Common Stock",Technology,Software - Application,United States,ソフトウェア,209.39999389648438,43.764596736,495.3409205619812,0.17533844397325068,0.11533563762052028,0.0983016983016983,0.9097973910630031,0.5787375415282392,0.21929894922595652,42.73007078137226,-0.1038974287708921,0.35256470136214285,False,62,26,65,40,63,B,0,58.8,31.8,58.35,58.8,Acceleration
AEHR,Aehr Test Systems - Common Stock,Technology,Semiconductor Equipment & Materials,United States,半導体,104.38999938964844,3.40932992,297.98856055770875,-0.15206552706552706,-0.10948684647678879,0.019350071581410385,0.3530129397412052,0.566171723692705,0.04005772333336036,66.69736318629592,0.1009396793558723,0.28308496015329837,True,13,12,14,85,33,D,-10,15.8,15.05,25.550000000000004,25.550000000000004,Persistence
AEIS,"Advanced Energy Industries, Inc. - Common Stock",Industrials,Electrical Equipment & Parts,United States,電力/エネルギー,279.67999267578125,11.201306624,151.7417784262085,0.21376518218623483,-0.10496436767725571,-0.10275264952948432,0.37658438959306206,0.7013513513513514,0.2667138031267185,49.418493187946694,-0.03673542757172578,0.28064685749827334,False,46,36,30,65,73,A,0,51.55,44.05,47.35,51.55,Acceleration
AEP,"American Electric Power Company, Inc. - Common Stock",Utilities,Utilities - Regulated Electric,United States,電力/エネルギー,118.3499984741211,64.429428736,471.44544367168425,0.10927437756706049,0.038931619428932675,-0.033478449044018435,0.6100749680014628,-0.6949327817993796,0.43253538354010135,24.607741162402874,-0.0521431541379988,0.1401611837732918,False,50,14,14,40,53,B,0,48.8,21.8,28.300000000000004,48.8,Acceleration
AEVA,"Aeva Technologies, Inc. - Common Stock",Technology,Software - Infrastructure,United States,ソフトウェア,15.350000381469727,1.069983424,22.778786566085817,0.9943739658025372,1.1022727272727273,0.02862595419847328,-0.036506443940483434,-0.06843420817711122,0.5698020600887029,47.46269247318929,-0.12427829522236584,0.47593035501298614,False,32,58,22,100,43,C,-15,28.299999999999997,47.8,30.700000000000003,47.8,Transition
AFRM,"Affirm Holdings, Inc. - Class A Common Stock",Financial Services,Credit Services,United States,その他,71.5199966430664,24.132366336,439.088436990509,0.3215069910420877,0.38803847956886767,0.46285953582684974,0.6806605269129937,0.6496510004653328,0.6347503519283036,48.102418801176604,-0.030764334289991365,0.1662392438698908,True,41,46,87,65,100,S,-30,20.5,24.25,54.099999999999994,54.099999999999994,Persistence
AGYS,"Agilysys, Inc. - Common Stock",Technology,Software - Application,United States,ソフトウェア,99.63999938964844,2.810424576,21.223319869995116,0.1585057904971991,0.16069804265067547,0.19891954661348546,0.6261055018289322,0.30191995415034867,0.03954910202521972,26.198220387146677,-0.0783836439258042,0.29393422025768673,True,28,33,87,100,46,C,0,40.6,44.35,82.05,82.05,Persistence
AIP,"Arteris, Inc.  - Common Stock",Technology,Semiconductors,United States,半導体,23.889999389648438,1.174243712,17.599284750366213,0.22269766474949762,0.07561584615957963,0.06526658462027075,0.9023080519701328,3.0,0.05187297337239527,63.09769922712764,-0.07831081553297901,0.5083350624691022,False,72,44,65,100,35,C,-5,67.5,46.5,62.75,67.5,Acceleration
AKAM,"Akamai Technologies, Inc. - Common Stock",Technology,Software - Infrastructure,United States,ソフトウェア,113.94000244140625,16.37507072,568.1891677746582,0.05437180294089349,0.04702302251883565,0.053990788170502346,0.589486416320614,-0.1614562347704292,0.4943871512380655,60.27332789712039,0.005884897290599587,0.2929129770821775,True,26,0,37,65,63,B,0,35.55,16.05,49.2,49.2,Persistence
ALAB,"Astera Labs, Inc. - Common Stock",Technology,Semiconductors,United States,半導体,364.6199951171875,63.256137728,1471.619061992798,1.151265487395594,2.422370761870218,0.44974459134615385,0.756882202867951,1.7507492848844588,0.0027065790238167205,62.74565070732769,0.19535899683532315,0.24512441842884697,True,62,87,83,40,50,B,0,57.5,76.25,65.65,76.25,Transition
ALGM,"Allegro MicroSystems, Inc. - Common Stock",Technology,Semiconductors,United States,半導体,36.7599983215332,6.852139008,85.41571589990616,0.22770846034377645,-0.30910158219193096,0.07776281693786184,0.4628377163811544,3.0,0.2160128515190566,50.734563078719916,-0.07230990292478075,0.4719908521787882,False,53,42,38,85,55,B,0,58.0,49.75,53.150000000000006,58.0,Acceleration
ALGT,Allegiant Travel Company - Common Stock,Industrials,Airlines,United States,その他,79.08999633789062,2.162142976,39.69210556213379,0.037407630137678706,0.001088508229751735,0.09037508867948053,0.15371527200978755,0.9608375541747167,0.4429898695800186,52.528528294309616,-0.08225054282089143,0.33627061172171024,False,27,30,34,100,63,B,0,41.55,43.8,56.300000000000004,56.300000000000004,Persistence
ALKT,"Alkami Technology, Inc. - Common Stock",Technology,Software - Application,United States,ソフトウェア,13.800000190734863,1.475799424,28.80301539809704,0.32886125164370716,0.26061148430508513,0.2964752533411661,0.578395948056866,2.185347235151741,0.43500148130312183,21.545890488143982,-0.26938510484633854,0.46261682138868643,False,55,20,85,100,8,D,-5,52.05,25.8,68.35,68.35,Persistence
ALNT,Allient Inc. - Common Stock,Technology,Electronic Components,United States,半導体,116.01000213623047,1.97246144,26.353992185287474,0.04624807535549316,-0.08410497827642344,0.1503932499383683,0.3277118298652065,0.5446264805546056,0.350815017443018,73.38726683888551,0.189859052414093,0.0,True,34,24,30,100,10,D,-5,36.5,29.0,38.5,38.5,Persistence
ALRM,"Alarm.com Holdings, Inc. - Common Stock",Technology,Software - Application,United States,ソフトウェア,53.380001068115234,2.62043648,24.42695538877487,0.07592886775970471,0.06594781338396383,0.04643354352632872,0.6614918902240634,-0.2974234754614246,0.4987576003081544,18.62346427385539,-0.0327607222588074,0.07326384579509751,True,42,12,41,100,60,B,0,52.5,30.0,59.55,59.55,Persistence
AMAL,Amalgamated Financial Corp. - Common Stock,Financial Services,Banks - Regional,United States,その他,47.58000183105469,1.422649088,12.008478762130737,0.044177125595621786,0.10766323084192289,0.07206108588795918,,0.09905143511325537,0.009228468260292524,39.82076290061661,-0.02178048116320012,0.06851996622036403,True,2,12,42,100,77,A,-25,0.0,6.699999999999999,38.5,38.5,Persistence
AMAT,"Applied Materials, Inc. - Common Stock",Technology,Semiconductor Equipment & Materials,United States,半導体,485.0,384.894763008,3090.330275,0.04386223138062997,0.02485198174755817,0.028388598022105877,0.4867456288776086,-0.23894750901562709,0.19422022645251935,60.0745065025204,-0.01015852862548654,0.3284666523958168,True,26,0,45,10,63,B,0,27.3,7.800000000000001,39.85000000000001,39.85000000000001,Persistence
AMBA,"Ambarella, Inc. - Ordinary Shares",Technology,Semiconductor Equipment & Materials,United States,半導体,72.68000030517578,3.208165888,151.07809963436128,0.3715338844715918,0.2578265054708267,-0.32917661415970095,0.5919242798859489,1.4730334683436368,0.016823190583521164,67.70342671357062,0.01004205291620099,0.23903257586039175,True,74,68,46,85,80,S,0,76.25,71.75,62.55,76.25,Acceleration
AMD,"Advanced Micro Devices, Inc. - Common Stock",Technology,Semiconductors,United States,半導体,630.6300048828125,1029.487722496,13637.651332792968,0.34337793290672874,0.13690476190476192,-0.03902377017922969,0.4951644100580271,1.8004158004158004,0.05000909965421314,80.39075393273433,0.24948238151626687,0.0,True,67,32,46,10,10,D,0,52.75,26.5,29.8,52.75,Acceleration
AMKR,"Amkor Technology, Inc. - Common Stock",Technology,Semiconductor Equipment & Materials,United States,半導体,53.61000061035156,13.288445952,215.71672460594178,0.061777148996817195,-0.028505481645962328,-0.08298849975005587,0.13992272786699902,-0.44651550980664906,,62.076094205021484,0.015957349099063094,0.42588286777421713,False,30,12,15,65,45,C,0,36.75,23.25,33.5,36.75,Acceleration
AMPL,"Amplitude, Inc. - Class A Common Stock",Technology,Software - Application,United States,ソフトウェア,13.300000190734863,1.66138368,21.731335811648368,0.14682963992622097,0.08320423911627166,0.16053043891005472,0.7398532693887778,1.0018758526603002,0.02274391229521446,52.9105998809196,0.11325951678579345,0.06993006899733552,True,53,46,62,100,57,B,-5,55.45,50.2,65.5,65.5,Persistence
AMSC,American Superconductor Corporation - Common Stock,Industrials,Specialty Industrial Machinery,United States,その他,30.010000228881836,1.453748736,21.2790408122921,0.34259799477600555,0.5299336029497593,0.3741602506038647,0.3054570373217897,-0.29416312330885197,0.005409199154542172,52.09472190843234,-0.013957698641174592,0.5499400106248586,False,21,20,84,100,65,A,-5,32.25,31.5,79.2,79.2,Persistence
AMZN,"Amazon.com, Inc. - Common Stock",Consumer Cyclical,Internet Retail,United States,その他,249.6699981689453,2693.018681344,8824.733390580292,0.12377754683294695,0.10990892246666145,0.11829574129883673,0.5028566486824266,-0.7659529168440903,0.18701607007953136,40.045034038433585,-0.025392805039737284,0.12094215961353712,True,31,14,63,10,100,S,0,34.75,22.0,57.150000000000006,57.150000000000006,Persistence
ANDE,"The Andersons, Inc. - Common Stock",Consumer Defensive,Food Distribution,United States,その他,66.97000122070312,2.280600064,26.41095938140869,-0.02208473816856033,-0.2367822020605674,-0.1486415539188049,0.06482474951239575,-1.3078395559431546,0.25434924068743214,40.01708150952632,-0.04082472308037938,0.1718808093705226,False,18,0,6,100,90,S,-20,17.5,4.0,26.299999999999997,26.299999999999997,Persistence
APA,APA Corporation - Common Stock,Energy,Oil & Gas E&P,United States,電力/エネルギー,42.7400016784668,14.974024704,243.154066849041,-0.08390674745814933,0.17610822563111486,-0.2524604966139955,0.40560538116591927,1.5091678420310297,0.2584313946286808,49.893394527549596,0.04571887492685991,0.0985023873439271,True,16,24,30,65,100,S,0,31.75,37.75,52.75,52.75,Persistence
APLD,Applied Digital Corporation - Common Stock,Technology,Information Technology Services,United States,その他,26.25,7.462974976,413.20348125,1.6745140417116933,0.38045598671296993,1.9891500577700751,0.25794072084421843,-2.483140005395198,0.5136222932666432,49.6133993220309,-0.04941244793548479,0.4712991099039987,False,53,32,40,85,65,A,0,59.0,43.25,56.25,59.0,Acceleration
APP,Applovin Corporation - Class A Common Stock,Communication Services,Advertising Agencies,United States,その他,310.75,103.99264768,1521.935415,0.6999436734698942,0.7505291128821205,-0.3462108341397302,0.8786399662671873,0.901546112822155,0.4882825661433603,45.63573437138522,-0.0951318535622891,0.5764040207992112,False,52,56,45,25,55,B,0,48.25,51.25,42.0,51.25,Transition
APPF,"AppFolio, Inc. - Class A Common Stock",Technology,Software - Application,United States,ソフトウェア,204.22000122070312,7.232858112,61.535570767822264,0.1972042377128237,0.2800522205836134,0.31482804000144105,0.6367974237028592,0.3013543456758743,0.05538726818555896,41.34846895042913,0.0035809942326780015,0.27730196431134413,True,22,14,97,85,83,S,0,37.55,31.55,91.19999999999999,91.19999999999999,Persistence
APPN,Appian Corporation - Class A Common Stock,Technology,Software - Infrastructure,United States,ソフトウェア,36.0099983215332,2.579309824,32.68987647628784,0.17813789459695117,0.13139688611071892,0.16532796570874225,0.7254246241421196,3.0,0.43347145987460134,42.79608972504831,0.05138067857283493,0.2109991498005893,True,53,63,71,100,85,S,0,63.25,70.75,81.05000000000001,81.05000000000001,Persistence
APPS,"Digital Turbine, Inc. - Common Stock",Technology,Software - Application,United States,ソフトウェア,11.109999656677246,1.344490496,31.438021578497885,0.15238345708309378,-0.09913275369984682,-0.18236124459394523,0.4858761859775569,1.717189203051869,0.43829293272532416,53.31125566402111,0.026821166877175246,0.22793610899165082,True,65,67,30,100,100,S,-5,68.75,70.25,56.5,70.25,Transition
ARCB,ArcBest Corporation - Common Stock,Industrials,Trucking,United States,その他,125.16000366210938,2.797495552,30.81376710159302,-0.04040685146442263,-0.056110039135455834,-0.11961901830341093,0.06863968950849318,1.1983815381930811,0.1894199037617087,16.15780346072708,-0.1044208438246702,0.2768089857287124,True,42,12,30,100,46,C,0,51.1,28.6,50.7,51.1,Acceleration
ARHS,"Arhaus, Inc. - Class A Common Stock",Consumer Cyclical,Specialty Retail,United States,その他,9.710000038146973,1.376409344,12.226880598034858,0.08505578208600849,-0.012888831594838565,0.04782704926570149,0.3889207103714993,0.48413397418153453,0.4162600215379718,59.91903611685333,0.13275782588880294,0.1416460220650087,True,27,12,26,100,70,A,-5,37.25,26.0,48.3,48.3,Persistence
ASO,"Academy Sports and Outdoors, Inc. - Common Stock",Consumer Cyclical,Specialty Retail,United States,その他,49.13999938964844,3.025986816,109.3035748423767,0.020218254135452394,-0.03666672024426188,-0.036869321116428225,0.34783892197031296,-0.32451590067191094,0.3586200662644712,60.03018487574211,0.030679717408927994,0.18980001669237295,False,34,0,25,85,70,A,0,45.25,19.75,49.0,49.0,Persistence
ASST,"Strive, Inc. - Class A Common Stock",Financial Services,Asset Management,United States,その他,29.440000534057617,2.85575808,304.7368311280918,0.48995464414780515,,,-2.836164383561644,-0.24325916199881384,0.0047107616491421506,61.31890131481253,0.5279299060427343,0.4466165392507605,True,24,38,10,100,25,D,-30,5.5,16.0,5.5,16.0,Transition
ATEX,Anterix Inc. - Common Stock,Communication Services,Telecom Services,United States,その他,81.41999816894531,1.596628736,25.113998435211183,0.07793069142762395,0.43903602958721066,1.183949973944763,,0.542796922752661,0.009498935964403172,40.08179837857353,-0.09792931357140813,0.24753942247448044,True,19,77,30,100,90,S,-5,33.25,76.75,54.5,76.75,Transition
ATLC,Atlanticus Holdings Corporation - Common Stock,Financial Services,Credit Services,United States,その他,92.5,1.403228544,11.544925,0.3446726786907148,0.16799369579888973,-0.12382889272469366,,0.353544361185246,0.8582619012137863,47.96906135832718,-0.0473875762263542,0.1725556915426057,True,49,32,28,100,100,S,-45,16.75,4.0,15.400000000000006,16.75,Acceleration
ATRO,Astronics Corporation - Common Stock,Industrials,Aerospace & Defense,United States,防衛/宇宙,69.22000122070312,2.977087488,44.99057809341431,0.08385695212376765,0.1541193779508594,0.2884908037854229,0.2994427741588256,0.9478724365344656,0.535398017201611,30.11299690729426,-0.06573589640667363,0.259283001806399,True,15,54,49,100,63,B,0,32.55,61.8,64.55000000000001,64.55000000000001,Persistence
AUR,"Aurora Innovation, Inc.  - Class A Common Stock",Consumer Cyclical,Auto Parts,United States,その他,6.039999961853027,12.105097216,201.021134530406,,,-1.0,-4.666666666666667,0.05116279069767442,0.03585147247119078,40.384611857714276,-0.04585881168335484,0.28095235283953135,True,2,12,10,65,83,S,-10,9.55,17.05,28.35,28.35,Persistence
AVAV,"AeroVironment, Inc. - Common Stock",Industrials,Aerospace & Defense,United States,防衛/宇宙,152.0500030517578,7.72728832,349.4215505131531,1.4089446240496597,0.14497572273691262,0.3259431379223586,0.2532530370362876,-5.8211651611833926,0.14602530602220634,56.73462574735131,-0.04176285933456435,0.628992489486987,False,43,10,40,85,65,A,-10,41.5,16.75,46.25,46.25,Persistence
AVGO,Broadcom Inc. - Common Stock,Technology,Semiconductors,United States,半導体,352.80999755859375,1684.184367104,9666.778719006958,0.23874432853763525,0.4398503587481504,0.07878806131976027,0.6776652527118193,0.38631915112805193,0.3807074556379024,47.379613758180604,-0.06168934411845898,0.2648797606945672,False,36,43,75,10,63,B,0,34.8,40.05,56.35,56.35,Persistence
AVO,"Mission Produce, Inc. - Common Stock",Consumer Defensive,Food Distribution,United States,その他,13.140000343322754,1.152094208,11.290216794991494,0.1267514375961772,0.29437047908585806,-0.08796252031742996,0.11551178838412882,-0.39215686274509803,0.20437436419125127,57.6158959219048,0.022950233444404125,0.14341589226737994,True,5,14,33,100,100,S,-25,3.75,10.5,38.150000000000006,38.150000000000006,Persistence
AVPT,"AvePoint, Inc. - Class A Common Stock",Technology,Software - Infrastructure,United States,ソフトウェア,13.0,2.750350592,22.20738,0.26934901144389106,0.21578957049572337,0.16994994383207296,0.7406393847870187,-0.05539999291106937,0.012606740405559688,42.71186111919309,-0.013514844773972667,0.153094483587545,True,57,47,92,100,100,S,0,67.75,60.25,95.6,95.6,Persistence
AVT,"Avnet, Inc. - Common Stock",Technology,Electronics & Computer Distribution,United States,その他,103.08000183105469,8.459671552,136.44957542381286,0.24467317641553976,-0.065511914339481,-0.10475051683730277,0.1042930214195994,-1.6143476075767291,0.22533072577146007,70.0866754115373,0.12061554329666122,0.0,True,39,17,10,85,10,D,-10,33.0,16.5,18.75,33.0,Acceleration
AXON,"Axon Enterprise, Inc. - Common Stock",Industrials,Aerospace & Defense,United States,防衛/宇宙,430.1099853515625,34.941022208,463.46501471557616,0.33469450081295504,0.3343546705674829,0.3146680728437939,,-0.7721552406934789,0.272796944936605,26.752530030010107,-0.20111550677030124,0.43364849893491464,False,44,8,76,40,16,D,0,40.6,13.6,55.00000000000001,55.00000000000001,Persistence
AXTI,AXT Inc - Common Stock,Technology,Semiconductor Equipment & Materials,United States,半導体,78.94000244140625,5.176349696,691.068805072937,-0.11105967129960448,0.3109176067022891,-0.4628962995507306,0.12727849104453956,-0.05004753117485881,0.1494313557778541,65.3532184229467,0.206388057361448,0.4394660128166025,True,0,0,10,85,25,D,-10,5.25,5.25,21.75,21.75,Persistence
BAND,Bandwidth Inc. - Class A Common Stock,Technology,Software - Infrastructure,United States,ソフトウェア,61.810001373291016,1.989094528,61.9722526268959,0.007121032162215242,0.2451602599826656,0.048791594550834684,0.3914093208298566,-0.03338290344084919,0.456149234249169,74.35205246980014,0.19335154183336722,0.21200918600860125,True,4,0,41,100,35,C,-5,16.5,13.5,49.55,49.55,Persistence
BANF,BancFirst Corporation - Common Stock,Financial Services,Banks - Regional,United States,その他,108.70999908447266,3.651176192,15.1568916223526,0.09371936609290694,0.035393136830506475,0.09408345592192602,,0.05530666049129807,0.006618687795646212,31.82604945847777,-0.03236603477401836,0.15430403571751616,False,20,24,42,85,80,S,-20,15.75,18.75,40.35,40.35,Persistence
BANR,Banner Corporation - Common Stock,Financial Services,Banks - Regional,United States,その他,69.02999877929688,2.345978112,20.016283596038818,0.08468628046100543,-0.021393420804902908,-0.012222884882997621,,-0.11268966504437446,0.01619775562524489,37.47043158389314,-0.022935111004048388,0.06728824771234142,True,18,12,25,100,77,A,-20,16.200000000000003,11.7,34.15,34.15,Persistence
BATRA,"Atlanta Braves Holdings, Inc. - Series A Common Stock",Communication Services,Entertainment,United States,その他,59.029998779296875,3.787830784,4.01551566696167,0.10523456879537924,0.03446564283785492,0.08853118028547594,0.3019036385380318,0.6238649793894671,0.518402037948998,72.61053639742495,0.05849420710897962,0.0,True,42,46,18,85,25,D,0,46.75,49.75,36.15,49.75,Transition
BATRK,"Atlanta Braves Holdings, Inc. - Series C Common Stock",Communication Services,Entertainment,United States,その他,54.2599983215332,3.481750016,24.376846845932008,0.10523456879537924,0.03446564283785492,0.08853118028547594,0.3019036385380318,0.6238649793894671,0.518402037948998,76.09289517815992,0.05913879113022247,0.0,True,42,46,18,85,25,D,0,46.75,49.75,36.15,49.75,Transition
BCPC,Balchem Corporation - Common Stock,Basic Materials,Specialty Chemicals,United States,その他,167.88999938964844,5.352000512,35.987221369171145,0.08753108996271301,0.03387215848419245,-0.021137402133796286,0.3573533906500534,0.18265248944225013,0.10715302339152155,40.021463794785824,-0.02119795292072074,0.0838698874707986,True,36,24,34,85,100,S,0,49.75,40.75,59.95,59.95,Persistence
BELFA,Bel Fuse Inc. - Class A Common Stock,Technology,Electronic Components,United States,半導体,203.10000610351562,2.583981824,17.98349004043579,0.263023755029993,-0.1641432731126126,-0.02204107710861421,0.39146649295659963,0.144339182066849,0.23673652694610778,50.660201682614314,-0.060287762843019385,0.3024348501826984,False,36,36,34,100,63,B,0,48.3,48.3,56.300000000000004,56.300000000000004,Persistence
BELFB,Bel Fuse Inc. - Class B Common Stock,Technology,Electronic Components,United States,半導体,252.69000244140625,3.593935872,38.06774886779785,0.263023755029993,-0.1641432731126126,-0.02204107710861421,0.39146649295659963,0.144339182066849,0.23673652694610778,56.888552954028754,-0.03482851624448274,0.24107219210140562,True,36,36,34,85,100,S,0,49.75,49.75,59.95,59.95,Persistence
BFC,Bank First Corporation - Common Stock,Financial Services,Banks - Regional,United States,その他,152.1300048828125,1.686453504,10.579881189575195,0.10013062765943688,0.12488542954826508,0.16185904208115348,,-0.12937122581965815,0.027066894950062082,40.77176983405402,0.000544931126927606,0.03586917672251732,True,5,14,55,100,87,S,-25,2.450000000000003,9.200000000000003,47.650000000000006,47.650000000000006,Persistence
BFST,"Business First Bancshares, Inc. - Common Stock",Financial Services,Banks - Regional,United States,その他,30.860000610351562,1.004489472,6.406073226699829,0.18286927447035153,0.09274033836926385,0.08737804342093698,,0.5375373870035256,0.06436357084947301,32.50000340598062,-0.013677424476518952,0.03952682077902465,True,44,26,50,100,77,A,-25,30.700000000000003,17.200000000000003,42.900000000000006,42.900000000000006,Persistence
BGC,"BGC Group, Inc. - Class A Common Stock",Financial Services,Capital Markets,United States,その他,11.84000015258789,5.629523968,42.384122146224975,0.30863842254695584,0.11445373915581933,0.1159243530529027,0.3889234615870773,0.34946875192667337,0.4516652240066782,41.62436449929176,0.019994506239266067,0.06233750167383897,True,44,32,63,85,87,S,-20,34.45,25.450000000000003,53.30000000000001,53.30000000000001,Persistence
BHRB,Burke & Herbert Financial Services Corp. - Common Stock,Financial Services,Banks - Regional,United States,その他,69.83999633789062,1.409862272,8.640953546905518,0.3146172525754912,1.3505703422053232,-0.07921710887079765,,0.184607051408312,0.06785953534480735,28.692651548613824,-0.024802825576708862,0.05722500763668849,True,16,32,38,100,60,B,-25,8.0,20.0,32.900000000000006,32.900000000000006,Persistence
BJRI,"BJ's Restaurants, Inc. - Common Stock",Consumer Cyclical,Restaurants,United States,その他,60.130001068115234,1.279191424,26.013441062088013,0.030814070855270236,0.018056162894746514,0.03840018817283862,0.1545507695518488,0.6645775679635357,0.48328877202830256,51.023898172297415,-0.07431922558586541,0.19027741262643183,True,27,24,34,100,90,S,-25,19.25,17.0,36.7,36.7,Persistence
BKNG,Booking Holdings Inc. - Common Stock,Consumer Cyclical,Travel Services,United States,その他,163.9499969482422,127.041323008,1397.954898228531,0.1338725304351489,0.11111631172478352,0.25014628437682856,,0.15112743856093236,0.6592741935483871,21.719577249371042,-0.1410677531753633,0.2544570031225771,False,28,14,57,25,24,D,-10,17.15,6.649999999999999,32.400000000000006,32.400000000000006,Persistence
BKR,Baker Hughes Company - Common Stock,Energy,Oil & Gas Equipment & Services,United States,電力/エネルギー,57.83000183105469,57.40634112,492.6078107472992,-0.0034496388659312227,0.09107660942523328,0.20561542824730572,0.23596437457180977,0.23515092502434273,0.14889557496147354,26.66667713222712,-0.04521330419495204,0.1641044676704611,False,5,12,30,40,63,B,0,16.05,21.3,39.1,39.1,Persistence
BL,"BlackLine, Inc. - Common Stock",Technology,Software - Application,United States,ソフトウェア,27.989999771118164,1.626926336,25.20261564391136,0.07207776702952233,0.10735666004515285,0.1282331748696786,0.7524581433896752,-0.1774433522768848,0.5231014839851118,28.348626245223087,-0.07678607383799911,0.5242223542419977,False,18,0,52,100,28,D,-5,26.3,12.8,54.2,54.2,Persistence
BLBD,Blue Bird Corporation - Common Stock,Industrials,Farm & Heavy Construction Machinery,United States,その他,58.119998931884766,1.841011456,32.47832720312118,0.09868582211090937,0.18923227809493878,0.414864664011281,0.2050626343237851,0.5998288975367505,0.14445946054009964,29.486205729036485,-0.11906961196648448,0.28687117874988016,False,9,24,67,100,36,C,-25,0.3500000000000014,11.600000000000001,44.05,44.05,Persistence
BLKB,"Blackbaud, Inc. - Common Stock",Technology,Software - Application,United States,ソフトウェア,43.189998626708984,1.960398208,18.700189655399324,-0.02274246854387229,0.042945405932723925,0.04628557657321343,0.5878346102546606,-0.11025095183350891,,29.98976630392555,-0.0022593250030821395,0.3643855692943298,True,14,42,23,100,56,B,-5,26.1,47.1,43.85,47.1,Transition
BOKF,BOK Financial Corporation - Common Stock,Financial Services,Banks - Regional,United States,その他,131.77000427246094,8.006344192,36.02262491798401,0.08261782457445242,-0.019634800309903232,0.08584797765412278,,,0.05950347816217319,29.778541064785387,-0.050391103198318445,0.09396221295889934,True,18,12,10,85,63,B,-20,12.549999999999997,8.05,19.35,19.35,Persistence
BPOP,"Popular, Inc. - Common Stock",Financial Services,Banks - Regional,United States,その他,160.47999572753906,10.235173888,91.40699836647033,0.08873118648428455,0.05837050304480258,-0.0997856517399114,,0.476202553597364,0.020463961035759457,25.609761596291833,-0.050936462377969186,0.09281523976846176,True,35,24,30,65,63,B,-20,22.299999999999997,14.049999999999997,25.35,25.35,Persistence
BRUN,Boost Run Inc. - Class A Common Stock,Technology,Software - Infrastructure,United States,ソフトウェア,16.770000457763672,1.333004416,38.177157592105864,2.3884057971014494,,,0.8552832223751256,3.0,0.5941834336338043,46.21410441777736,-0.11463308054780304,0.5721938741996556,False,52,35,37,100,55,B,-5,54.5,41.75,51.35,54.5,Acceleration
BRZE,"Braze, Inc. - Class A Common Stock",Technology,Software - Application,United States,ソフトウェア,24.3700008392334,2.76805248,66.3355078344059,0.24396622908275897,0.25775752437473504,0.3274211790921317,0.6714563617102557,1.9581295843520783,0.07421187925193737,24.68312110521913,-0.11145948034949606,0.32660951190951903,False,33,17,97,100,36,C,0,43.35,31.35,85.55,85.55,Persistence
BSY,"Bentley Systems, Incorporated - Class B Common Stock",Technology,Software - Application,United States,ソフトウェア,31.440000534057617,9.497800704,84.3582374329567,0.10988437618940282,0.10149843741477825,0.11767183886188656,0.815199173779897,0.23492923374940058,0.3613700847245713,37.35758350866275,-0.07905588275839832,0.4421764331161908,False,43,26,71,85,45,C,0,49.5,36.75,69.30000000000001,69.30000000000001,Persistence
BULL,Webull Corporation - Class A Ordinary Shares,Technology,Software - Application,United States,ソフトウェア,7.190000057220459,3.80900608,105.0198011357832,0.46323267288603315,0.0016095941050902206,0.0032694884585113206,0.7745187667477075,2.0718133318920744,0.01997567297325036,15.25885569203956,-0.12312794950382183,0.537620580769866,True,69,77,72,85,26,D,0,67.1,73.1,66.05,73.1,Transition
BUSE,First Busey Corporation - Common Stock,Financial Services,Banks - Regional,United States,その他,30.09000015258789,2.484740864,23.470200119018553,0.5594144480924054,0.0471560028593149,-0.020855414164172505,,0.0064945267899230085,0.01784759523695899,38.46156816170577,-0.010244126430500997,0.047181753474282655,True,50,34,38,100,77,A,-20,40.2,28.200000000000003,41.300000000000004,41.300000000000004,Persistence
BWIN,"The Baldwin Insurance Group, Inc. - Class A Common Stock",Financial Services,Insurance Brokers,United States,その他,31.850000381469727,3.084308736,151.04400855906488,0.0814579983331432,0.13952021090649552,0.24574544786903643,0.2896545097957535,-7.62677816224529,0.4584000911392929,56.30689487367608,0.06611593399828042,0.019698407631084863,True,0,0,29,85,60,B,-30,0.0,0.0,19.200000000000003,19.200000000000003,Persistence
CACC,Credit Acceptance Corporation - Common Stock,Financial Services,Credit Services,United States,その他,555.6799926757812,5.812452352,68.75984229370117,0.07196738977650752,0.1353867432705607,0.03115743280307186,0.618995585471393,-0.07314496963295485,0.7361122374503284,23.931510236023243,-0.05302372962136164,0.15447355089103246,True,22,26,39,85,63,B,-30,5.549999999999997,8.549999999999997,25.300000000000004,25.300000000000004,Persistence
CAKE,The Cheesecake Factory Incorporated - Common Stock,Consumer Cyclical,Restaurants,United States,その他,104.48999786376953,5.199488512,146.35078080795287,0.04749338233056435,0.041342019471999294,0.041277796144051325,0.4333286422592213,0.4407007960189698,0.6529887125376187,44.85855905650351,0.013120836292911185,0.10913123839922567,True,39,12,36,85,100,S,-30,22.0,1.75,31.049999999999997,31.049999999999997,Persistence
CALM,"Cal-Maine Foods, Inc. - Common Stock",Consumer Defensive,Farm Products,United States,その他,67.43000030517578,3.14938496,65.87573879814148,-0.31682060872125833,0.8319318375734974,-0.2605586327961485,0.23081522664952164,-0.6910771157681533,,20.92082801801969,-0.16650390822361621,0.2948438189144492,False,0,0,15,85,24,D,-20,0.0,0.0,14.299999999999997,14.299999999999997,Persistence
CAR,"Avis Budget Group, Inc. - Common Stock",Industrials,Rental & Leasing Services,United States,その他,108.29000091552734,3.825425664,48.97848451408386,-0.017897091722595078,-0.08228048010107392,-0.026819334511642205,0.676274750306641,-0.8303789731051344,0.9135553635985539,16.08734773296642,-0.21583990089057625,0.8483269530105275,False,30,18,12,85,16,D,-20,16.85,7.850000000000001,11.05,16.85,Acceleration
CARG,"CarGurus, Inc. - Class A Common Stock",Communication Services,Internet Content & Information,United States,その他,31.299999237060547,2.787999744,35.93850262399673,0.1365037516728401,0.1426403272524738,-0.5780022778974463,0.9278186950098127,0.6463771704478628,0.28831222984845073,36.353457633830125,-0.11017866763368077,0.19805277437868227,False,35,33,41,100,70,A,0,48.25,46.75,61.55,61.55,Persistence
CART,Maplebear Inc. - Common Stock,Consumer Cyclical,Internet Retail,United States,その他,43.189998626708984,9.998487552,173.86717012163163,0.10775606867969213,0.11045364891518737,0.1924735397883183,0.7370390165686799,0.4606741573033708,0.009764035801464606,23.050609973268422,-0.09049560967925276,0.16589417449006233,True,22,14,72,85,63,B,0,35.55,29.55,73.45,73.45,Persistence
CASH,"Pathward Financial, Inc. - Common Stock",Financial Services,Banks - Regional,United States,その他,73.80000305175781,1.533074176,17.873991739120484,0.04008683447872293,0.07838612300217619,0.15827263207225137,,0.11574102456484525,0.00591940375419807,11.911196646844346,-0.11366849753310089,0.2605625819416268,False,2,24,42,100,36,C,-25,0.0,11.600000000000001,30.300000000000004,30.300000000000004,Persistence
CASY,"Caseys General Stores, Inc. - Common Stock",Consumer Cyclical,Specialty Retail,United States,その他,598.4600219726562,22.119182336,453.3185051437378,0.10163805692514581,0.07252858171207757,-0.015340844911797198,0.24605752224760852,0.23431914202144946,0.3250959176056996,16.963566171109292,-0.22341436627011016,0.34636925880618086,False,40,26,26,65,24,D,0,42.15,31.65,35.35,42.15,Acceleration
CATY,Cathay General Bancorp - Common Stock,Financial Services,Banks - Regional,United States,その他,61.45000076293945,4.099564288,31.854451395492553,0.12083144333640758,-0.09915460756162056,0.02470174355575065,,0.11716366786577742,0.007132605503810942,39.63213070497862,-0.014290611378638162,0.047771251098753964,True,25,26,30,85,77,A,-20,19.200000000000003,19.950000000000003,33.15,33.15,Persistence
CBRL,"Cracker Barrel Old Country Store, Inc. - Common Stock",Consumer Cyclical,Restaurants,United States,その他,51.810001373291016,1.158079488,59.277117821216585,0.003723101728093139,0.0081195349842338,0.05355981083216588,0.3295324719463648,0.4687231166277498,0.5456393590035358,43.65079979130174,-0.03678830439102617,0.12245933994108153,True,9,24,38,100,100,S,-25,6.75,18.0,40.900000000000006,40.900000000000006,Persistence
CBSH,"Commerce Bancshares, Inc. - Common Stock",Financial Services,Banks - Regional,United States,その他,56.439998626708984,8.095311872,61.01417831541061,0.06262059530350043,0.0488368442255789,0.05097513559930719,,0.11408507389144033,0.0003888186357326878,31.334640806442337,-0.031703504682695664,0.060050361364005704,True,20,24,42,85,77,A,-20,15.450000000000003,18.450000000000003,39.75,39.75,Persistence
CCC,CCC Intelligent Solutions Holdings Inc. - Common Stock,Technology,Software - Application,United States,ソフトウェア,6.900000095367432,4.064063488,82.20221963614702,0.11875635055038103,0.09051707222482565,0.10726591415659571,0.7349169962942325,0.10236752514358481,0.38126456582915247,35.81395101263574,0.02225252889638985,0.2729188343748047,True,37,14,58,85,73,A,0,47.8,30.55,67.75,67.75,Persistence
CCNE,CNB Financial Corporation - Common Stock,Financial Services,Banks - Regional,United States,その他,34.09000015258789,1.009775936,5.2067361733055115,0.24778386364455335,0.01773639743466322,-0.006761556114085892,,0.06197943072354603,0.0373064282639001,37.724542007400984,-0.005681586801201474,0.04024077297201278,True,41,29,30,100,77,A,-25,28.450000000000003,19.450000000000003,31.9,31.9,Persistence
CDNS,"Cadence Design Systems, Inc. - Common Stock",Technology,Software - Application,United States,ソフトウェア,326.1300048828125,89.951870976,872.2493739093018,0.14123200059294191,0.13478725844049344,0.14831831155638936,0.8636432203164237,0.419407178296418,0.2576973171276534,70.52681482591912,0.02435808365233608,0.21676794973537605,True,43,26,71,40,65,A,0,44.75,32.0,62.050000000000004,62.050000000000004,Persistence
CDW,CDW Corporation - Common Stock,Technology,Information Technology Services,United States,その他,135.42999267578125,16.931108864,217.72064197540283,0.06788039259573211,-0.01765063622754491,-0.09990862657745476,0.21732867762808764,-0.05767731878409977,0.361088581375326,31.7151995954693,-0.04609219605110197,0.15928882909178121,True,30,0,21,65,90,S,0,41.25,18.75,45.8,45.8,Persistence
CECO,CECO Environmental Corp. - Common Stock,Industrials,Pollution & Treatment Controls,United States,その他,73.5,4.304882688,54.25329,0.38794622293357806,0.02402151070487937,0.2891864457311057,0.3476660713524738,-1.73485254691689,0.26857163316248384,49.15730511656156,0.005375688934111556,0.2625664558013329,True,36,20,37,85,83,S,0,48.05,36.05,58.2,58.2,Persistence
CEG,Constellation Energy Corporation - Common Stock When-Issued,Utilities,Utilities - Independent Power Producers,United States,電力/エネルギー,263.2699890136719,93.278502912,759.6207974008179,0.08337576374745417,-0.054177702865398504,0.01955810147299509,0.18380135510907453,1.2561145356929808,0.15706824573354994,22.13893345162377,-0.031228184590466848,0.344617722394472,False,30,25,30,40,46,C,0,33.1,29.35,35.7,35.7,Persistence
CELH,"Celsius Holdings, Inc. - Common Stock",Consumer Defensive,Beverages - Non-Alcoholic,United States,その他,27.989999771118164,7.082450944,204.89631492450715,0.8554244152165413,0.028539909287761737,1.0165329465547945,0.5038558500104761,0.350163668854485,0.13085460818291042,37.249287112721355,-0.05065868044915314,0.5684551417248831,False,59,36,58,85,45,C,-20,41.5,24.25,42.150000000000006,42.150000000000006,Persistence
CENT,Central Garden & Pet Company - Common Stock,Consumer Defensive,Packaged Foods,United States,その他,39.5099983215332,2.473033472,3.3996378055763246,-0.0223080432187873,-0.033117900668956035,-0.008538040632746538,0.31873301408983645,-0.17247417961831604,0.3972556040404419,26.793174408619635,-0.0746812943935699,0.1510529105221545,True,25,12,25,100,63,B,-20,20.049999999999997,10.3,31.35,31.35,Persistence
CENTA,Central Garden & Pet Company - Class A Common Stock Nonvoting,Consumer Defensive,Packaged Foods,United States,その他,34.060001373291016,2.131904,10.835678536891937,-0.0223080432187873,-0.033117900668956035,-0.008538040632746538,0.31873301408983645,-0.17247417961831604,0.3972556040404419,25.062024404627238,-0.08235126063099442,0.1610836784882824,False,25,12,25,100,53,B,-20,19.049999999999997,9.3,29.35,29.35,Persistence
CENX,Century Aluminum Company - Common Stock,Basic Materials,Aluminum,United States,その他,38.38999938964844,3.800352512,60.48478768836975,0.13853983695896951,0.01596961654617004,-0.21312065675296152,0.10142806281894062,1.7932647333956968,0.24161635746706034,20.311422645945115,-0.13955021948732307,0.4417623780192662,False,47,27,30,85,16,D,0,49.6,34.6,40.95,49.6,Acceleration
CEVA,"CEVA, Inc. - Common Stock",Technology,Semiconductors,United States,半導体,36.20000076293945,1.019177408,22.850707481594085,0.02486464245972003,0.09772221024646116,-0.1921000472703449,0.8708188105622365,-13.164728682170542,0.04154732959696695,87.08901000203124,0.15043350132444727,0.276867763286687,True,15,0,25,100,18,D,-15,13.05,1.8000000000000007,27.35,27.35,Persistence
CFFN,"Capitol Federal Financial, Inc. - Common Stock",Financial Services,Banks - Regional,United States,その他,8.680000305175781,1.070846848,8.245522889900208,0.20419112196663142,3.0,-1.098186025293119,,1.076625,0.19949173208179696,35.38461764183734,-0.004960808751566017,0.046479519084835566,True,21,29,38,100,77,A,-25,13.450000000000003,19.450000000000003,36.300000000000004,36.300000000000004,Persistence
CG,The Carlyle Group Inc. - Common Stock,Financial Services,Asset Management,United States,その他,40.029998779296875,14.264001536,130.58906441772461,-0.05560780625440865,1.569400392689926,-0.6053408041009746,,-3.031175346392738,0.4771671932957824,15.300014266956893,-0.1250593261715542,0.38180448863490424,False,0,0,10,65,24,D,-30,0.0,0.0,0.0,0.0,Acceleration
CGNX,Cognex Corporation - Common Stock,Technology,Scientific & Technical Instruments,United States,その他,58.65999984741211,9.868010496,88.90802876873016,0.08730747992105105,0.09189693235125909,-0.16752278623184805,0.6691677754211507,0.7664468285113177,0.037978631874657526,38.95384827743571,-0.05628144003098228,0.18886579907919976,True,24,31,42,85,80,S,0,38.75,44.0,60.35,60.35,Persistence
CHCO,City Holding Company - Common Stock,Financial Services,Banks - Regional,United States,その他,141.97000122070312,1.993991424,18.519986659240722,0.07058464474395044,0.009344139818640834,0.1476970716602053,,-0.005743478597414661,0.022314727511887057,35.29415431258447,-0.009892004813764801,0.0406135604835504,True,18,12,37,100,77,A,-25,11.200000000000003,6.699999999999999,35.75,35.75,Persistence
CHDN,"Churchill Downs, Incorporated - Common Stock",Consumer Cyclical,Gambling,United States,その他,79.7699966430664,5.559987712,86.59671295578003,0.07007277913908495,0.11073648291830848,0.3602055475743176,0.3358282921494241,0.37173238812583076,0.686565568842274,27.60733583215695,-0.07225635063766941,0.3216259960256297,False,9,12,51,85,36,C,-10,13.100000000000001,15.350000000000001,46.5,46.5,Persistence
CHEF,"The Chefs' Warehouse, Inc. - Common Stock",Consumer Defensive,Food Distribution,United States,その他,110.2699966430664,4.498584064,76.01517353588105,0.09364922149842972,0.10497200884277685,0.31390690820651573,0.24197639399287196,-0.15220897107817102,0.4807202342003751,41.76398525495488,0.018036021876280405,0.04544667722092692,True,0,12,44,85,87,S,-20,1.4500000000000028,10.450000000000003,42.85000000000001,42.85000000000001,Persistence
CHRD,Chord Energy Corporation - Common Stock,Energy,Oil & Gas E&P,United States,電力/エネルギー,136.27000427246094,7.453679104,96.28089016868591,-0.07121503720566542,0.3475919388006234,0.06851141029627668,0.17764970599488306,-0.24552797358171632,0.1243710358219508,37.71248553045608,-0.03168026250852951,0.13203818934738257,True,0,0,33,85,90,S,0,21.75,21.75,57.400000000000006,57.400000000000006,Persistence
CHRN,ChronoScale Holdings Corporation - Common Stock,Technology,Information Technology Services,United States,その他,19.850000381469727,2.882514432,2.7567680529785155,-0.15137005783635157,,,-0.23863192000446903,2.4178878809025353,0.36996814719799676,48.57737733603883,-0.06430597166863625,0.33007084226470973,True,22,65,26,100,73,A,0,38.8,71.05,53.9,71.05,Transition
CHRW,"C.H. Robinson Worldwide, Inc. - Common Stock",Industrials,Integrated Freight & Logistics,United States,その他,147.10000610351562,17.188820992,205.70979703536986,-0.08418599177340694,0.007303351023840443,-0.2874960445000076,0.08373509796206598,0.9410850145815509,0.27585624728544567,48.83822622761167,-0.0598649070068029,0.29455402816048026,False,9,24,26,65,63,B,0,22.8,34.05,43.150000000000006,43.150000000000006,Persistence
CHTR,"Charter Communications, Inc. - Class A Common Stock",Communication Services,Telecom Services,United States,その他,112.91000366210938,14.673513472,343.9481468055725,-0.005645820096214941,0.00875345651656381,0.010828921550479435,0.5653777339613685,0.3976589686807972,0.6297847781963907,19.808411711824917,-0.2052262980439802,0.6006578214545684,False,13,12,28,65,16,D,-10,11.100000000000001,10.350000000000001,24.85,24.85,Persistence
CHYM,"Chime Financial, Inc. - Class A Common Stock",Technology,Software - Application,United States,ソフトウェア,26.780000686645508,10.138509312,216.16133664242744,0.30688490613284536,0.3088211943322213,0.2672550003072842,0.8797098002990712,-0.51561273177508,0.06854558549937519,27.159694629503164,-0.08254993028156456,0.22489142465972733,True,29,8,95,65,63,B,-20,17.799999999999997,2.0500000000000007,61.099999999999994,61.099999999999994,Persistence
CIFR,Cipher Digital Inc. - Common Stock,Technology,Information Technology Services,United States,その他,17.729999542236328,7.35849472,605.9071319563293,0.4804125074370331,0.19258605193863232,3.0,0.28398871136276355,-0.79406827513433,0.6447127944028623,49.956023630316004,-0.02610780323031091,0.392392071391052,False,32,8,38,85,73,A,-20,24.049999999999997,6.050000000000001,36.75000000000001,36.75000000000001,Persistence
CINF,Cincinnati Financial Corporation - Common Stock,Financial Services,Insurance - Property & Casualty,United States,その他,162.5399932861328,24.946321408,102.72527575683594,0.11413954308900062,0.13222810346549485,0.52567423434405,,0.17700799390940236,0.021608702014535876,22.374405893140178,-0.05607525919221795,0.14874446809260464,False,7,26,67,65,53,B,-20,0.3000000000000007,14.549999999999997,43.7,43.7,Persistence
CLBK,"Columbia Financial, Inc. - Common Stock",Financial Services,Banks - Regional,United States,その他,11.329999923706055,1.178979712,52.11658339905739,0.43822966932775914,-0.22884396904675142,-0.21509739986607307,,1.2632270531400966,0.10740486730261654,36.09023904225348,0.0010187731647187082,0.04145514245086883,True,44,55,30,100,77,A,-25,30.700000000000003,38.95,31.9,38.95,Transition
CLMT,"Calumet, Inc - Common Stock",Basic Materials,Specialty Chemicals,United States,その他,53.650001525878906,4.71574016,80.15390702968597,-0.012483887907576263,0.0020090887347524516,-0.10782493651708171,0.05938942737666481,1.4597887896019497,0.9145375432332924,52.19966429361432,0.09730310593644673,0.0914478879077196,True,12,43,20,85,85,S,-20,10.25,33.5,29.25,33.5,Transition
CLSK,"CleanSpark, Inc. - Common Stock",Financial Services,Capital Markets,United States,その他,13.949999809265137,3.582598144,242.89872192890644,1.0221074074855925,1.2502968980095956,0.2804257745675727,0.4160618232212905,0.01553086462485746,0.2589612301174351,58.873240571721006,0.06358644288819572,0.3987069245467704,True,31,57,48,85,68,A,-30,12.799999999999997,32.3,31.250000000000007,32.3,Transition
CMCSA,Comcast Corporation - Class A Common Stock,Communication Services,Telecom Services,United States,その他,21.90999984741211,77.750632448,675.8434142432213,-0.00019396917506526255,0.017759023459349193,0.001194133100546007,0.7174695045551182,0.5335246751175955,0.36289710267724506,14.440997330008315,-0.11866452745727635,0.3082892386277028,False,21,24,38,40,36,C,0,25.35,27.6,38.1,38.1,Persistence
CME,CME Group Inc. - Class A Common Stock,Financial Services,Financial Data & Stock Exchanges,United States,その他,264.4800109863281,95.101526016,510.78098841751097,0.06370206032528017,0.09880083887504705,0.11146750607642347,0.8609023709474588,0.16602252189628805,0.017247392203168767,32.84951804241929,-0.012679162911183204,0.16227251465820905,False,17,24,57,40,80,S,-20,6.75,12.0,37.35,37.35,Persistence
CNOB,"ConnectOne Bancorp, Inc. - Common Stock",Financial Services,Banks - Regional,United States,その他,31.059999465942383,1.562934016,12.1989700902462,0.4322496355064094,-0.018736041797500623,-0.14667271262866166,,0.7749837454091764,0.0812556864033365,29.64164807466375,-0.035529425567456134,0.08406105935249755,True,53,32,30,100,73,A,-25,37.05,21.299999999999997,31.1,37.05,Acceleration
CNXC,Concentrix Corporation - Common Stock,Technology,Information Technology Services,United States,その他,27.079999923706055,1.65237696,48.49716566336632,0.02150672114275021,0.3519743472182828,0.12494843443872715,0.34959200657129097,0.33527161616868423,0.43104515659478976,33.69704766180236,0.011384384472246016,0.4118467705821457,False,9,12,53,100,55,B,-5,22.25,24.5,60.150000000000006,60.150000000000006,Persistence
CNXN,"PC Connection, Inc. - Common Stock",Technology,Electronics & Computer Distribution,United States,その他,89.31999969482422,2.254267136,12.438703157501221,0.025205219765905645,-0.017022820106614506,-0.08779275237472305,0.18774023182000776,-0.6509233701959793,0.0013235375761052612,69.89588856337946,0.08182888946682851,0.0,True,30,0,25,100,40,C,0,41.5,19.0,46.75,46.75,Persistence
COCO,"The Vita Coco Company, Inc. - Common Stock",Consumer Defensive,Beverages - Non-Alcoholic,United States,その他,58.59000015258789,3.390260736,91.28995808774948,0.18171441417173598,0.04538179784932295,0.15387330610794625,0.36504149037357736,-0.0691711389385808,0.03212998581830956,60.1645116536559,-0.05977844183134682,0.30266600221980705,False,27,14,49,85,43,C,-20,17.299999999999997,7.550000000000001,36.800000000000004,36.800000000000004,Persistence
COHU,"Cohu, Inc. - Common Stock",Technology,Semiconductor Equipment & Materials,United States,半導体,67.0,3.17167488,67.577205,0.12737599526107637,-0.3685916878561483,-0.21709944326535635,0.4274565299940833,2.366344195519348,0.2636964976162165,72.5609727731283,0.26223615111871673,0.09349212988406129,True,42,34,30,85,35,C,0,47.75,41.75,44.75,47.75,Acceleration
COIN,"Coinbase Global, Inc. - Class A Common Stock",Financial Services,Financial Data & Stock Exchanges,United States,その他,195.11000061035156,51.477221376,1964.623080245819,0.09404240810672959,1.1117178931939855,-0.026868945290976668,0.7463949897825262,,0.2639358095583717,55.07513269152254,0.144744366245058,0.49619127186366213,True,12,0,26,40,45,C,-20,0.0,0.0,13.299999999999997,13.299999999999997,Persistence
COKE,"Coca-Cola Consolidated, Inc. - Common Stock",Consumer Defensive,Beverages - Non-Alcoholic,United States,その他,190.2899932861328,12.666519552,108.81733266067505,0.047587320985385484,0.03694969144216784,0.07303727473033599,0.39739072267712405,0.22607857648879373,0.6756315015716949,51.467877664573365,0.0028101855214503284,0.12035159005603341,True,27,12,36,65,100,S,-30,10.0,0.0,26.049999999999997,26.049999999999997,Persistence
COLB,"Columbia Banking System, Inc. - Common Stock",Financial Services,Banks - Regional,United States,その他,29.639999389648438,8.382695424,87.75099659301758,0.19284603421461896,-0.03405107661492238,0.5730057406438848,,0.1332263242375602,0.054390112520948046,34.81675471095177,-0.03351264468098458,0.10735787881997666,True,25,26,38,85,90,S,-20,20.5,21.25,40.150000000000006,40.150000000000006,Persistence
COLM,Columbia Sportswear Company - Common Stock,Consumer Cyclical,Apparel Manufacturing,United States,その他,57.599998474121094,2.948727808,37.96675099422455,0.008540388804547433,-0.034016086818002854,0.006654153743831102,0.5053119327381834,-0.4974062986246542,0.16311768544435654,49.37368048426775,-0.016225671810533256,0.14607020782293767,False,26,0,33,100,90,S,0,43.5,24.0,61.150000000000006,61.150000000000006,Persistence
CORZ,"Core Scientific, Inc. - Common Stock",Technology,Software - Infrastructure,United States,ソフトウェア,17.34000015258789,5.572043264,197.1362075347519,-0.37529568881787134,0.01646496815286624,-0.21538372639630932,0.11879543224698215,-7.814459996940492,0.49518708969503045,46.913584475423455,-0.09958094091621328,0.405349785894228,False,0,18,2,85,55,B,0,18.25,31.75,33.35,33.35,Persistence
COST,Costco Wholesale Corporation - Common Stock,Consumer Defensive,Discount Stores,United States,その他,922.77001953125,409.03032832,2143.576299970703,0.08167323631476146,0.05020017334599034,0.06757316460604351,0.12843206714262356,0.1822295972243174,0.10600656299044087,53.49648226805676,-0.012338100397261735,0.15542332616310775,False,20,24,42,10,90,S,0,25.5,28.5,43.6,43.6,Persistence
CPB,The Campbell's Company - Common Stock,Consumer Defensive,Packaged Foods,United States,その他,19.3700008392334,5.7768064,172.64859463025093,,0.06403071814030718,0.02981724911830715,,0.05538922155688623,0.48415682062298604,28.752641256835005,-0.12924248719037254,0.363102997551491,False,2,12,22,85,24,D,-20,0.0,4.149999999999999,18.150000000000006,18.150000000000006,Persistence
CPRT,"Copart, Inc. - Common Stock",Industrials,Specialty Business Services,United States,その他,27.59000015258789,26.577678336,285.2114886273766,0.09680248620251543,0.09492267512387847,0.10528572338536059,0.4518317144247914,0.2799430933032715,0.010280448665540504,18.819939337399234,-0.0954513556726692,0.3970716528718728,False,31,24,50,65,36,C,0,36.6,31.35,50.95,50.95,Persistence
CRAI,"CRA International,Inc. - Common Stock",Industrials,Consulting Services,United States,その他,162.07000732421875,1.017290752,20.791150889587403,0.09334840430948453,0.10166737182199316,0.055973843334162575,0.3090743138149745,-0.43959893694129015,0.20231747904584868,34.5992996902517,-0.048139233013341984,0.2667148370149867,False,4,12,41,100,63,B,-5,19.3,25.3,55.15,55.15,Persistence
CRCT,"Cricut, Inc. - Class A common stock",Technology,Computer Hardware,United States,その他,6.139999866485596,1.285988736,4.246976507649421,-0.0052741046793293835,-0.06875672256442227,-0.1366913536786807,0.5508493467648635,-0.2871501901603185,0.020013567352954342,77.77776306058699,0.12840678779573103,0.0,True,41,12,33,100,10,D,-5,41.75,20.0,40.150000000000006,41.75,Acceleration
CROX,"Crocs, Inc. - Common Stock",Consumer Cyclical,Footwear & Accessories,United States,その他,126.13999938964844,6.047791616,144.472556200943,-0.014982784461062458,0.03527227675920357,0.11458895044564182,0.5833360350458726,-0.28591468890383787,0.3865738068147793,63.49953084844897,0.0011873841067225543,0.10659397118435177,True,8,0,29,85,80,S,0,26.75,20.75,53.2,53.2,Persistence
CRSR,"Corsair Gaming, Inc. - Common Stock",Technology,Computer Hardware,United States,その他,13.65999984741211,1.47769728,14.99949943244934,0.11858362979050865,-0.0982933470331364,0.0616516059219052,0.2892283766163208,0.34013421783400183,0.15196158189927453,62.8415282036236,0.14045266137835574,0.048083659631718234,True,31,39,30,100,37,C,-5,36.95,42.95,43.9,43.9,Persistence
CRUS,"Cirrus Logic, Inc. - Common Stock",Technology,Semiconductors,United States,半導体,119.91999816894531,6.010097664,115.39241863807678,0.05342715512080997,0.059918161541514574,-0.05729659883949185,0.5277776526137503,0.5296970980214767,0.053819554635020694,60.681311575913455,-0.01462614363762182,0.32968137361517313,False,17,24,38,85,53,B,0,30.8,36.05,52.75000000000001,52.75000000000001,Persistence
CRVL,CorVel Corp. - Common Stock,Financial Services,Insurance Brokers,United States,その他,74.33000183105469,3.754896896,16.17643829849243,0.07027553933779893,0.1260865246425612,0.10680915495113852,0.2429383835823091,0.20448885976408912,0.043713237924309395,72.4264926564182,0.1181580175460832,0.05480668352041067,True,5,24,50,85,22,D,-20,0.0,12.950000000000003,33.15,33.15,Persistence
CRWD,"CrowdStrike Holdings, Inc. - Class A Common Stock",Technology,Software - Infrastructure,United States,ソフトウェア,252.1300048828125,258.164703232,3086.5717378253175,0.21711245176577237,0.29391354434791717,0.3633347849133246,0.7466899972049074,0.16254614170161044,0.07396954761225268,70.99516216673206,0.18576203576354355,0.03946811587867469,True,23,17,97,25,22,D,0,23.2,18.7,64.0,64.0,Persistence
CRWV,"CoreWeave, Inc. - Class A Common Stock",Technology,Software - Infrastructure,United States,ソフトウェア,87.58999633789062,48.309088256,2551.7821367108154,1.6793733681462142,3.0,3.0,0.7168193334632625,-0.21804132370233495,0.6048841831974362,48.15893072314016,0.02130522835868361,0.3878250264400002,False,37,10,50,40,73,A,-10,31.049999999999997,10.8,42.1,42.1,Persistence
CSCO,"Cisco Systems, Inc. - Common Stock",Technology,Communication Equipment,United States,通信/光通信,106.69999694824219,420.674011136,1935.4141726446533,0.1177498499664631,0.05298961024478189,-0.05605459840696165,0.645242795104619,-0.03920830824804335,0.22781304720103057,44.41964133661579,-0.0511068597547391,0.17616032748632263,True,50,21,37,10,90,S,0,48.0,26.25,40.85,48.0,Acceleration
CSGP,"CoStar Group, Inc. - Common Stock",Real Estate,Real Estate Services,United States,その他,28.09000015258789,11.38200064,213.35253995895386,0.18676900584795322,0.11446028513238289,0.124908357771261,0.7887280566676933,1.1673469387755102,0.11235528563294743,30.997301949300507,-0.07620562970115428,0.6687500101215431,False,50,27,75,65,45,C,0,51.75,34.5,66.5,66.5,Persistence
CSWC,Capital Southwest Corporation - Common Stock,Financial Services,Asset Management,United States,その他,23.1299991607666,1.474164352,15.273201045837402,0.3903153794566985,-0.001907189554469517,0.7747058727808244,,0.11480696497414627,0.5195020201899594,25.26565568491297,-0.03750896491228941,0.08584753045470993,True,34,32,10,100,73,A,-35,12.799999999999997,11.299999999999997,10.100000000000001,12.799999999999997,Acceleration
CTAS,Cintas Corporation - Common Stock,Industrials,Specialty Business Services,United States,その他,199.91000366210938,79.867445248,412.9211094142151,0.08941622975458553,0.07748211218226426,0.0885737818220963,0.5066945494893322,0.0706616483240667,0.2569969627149036,48.98108199652402,-0.010625069394733306,0.07435778648799826,True,28,24,46,40,87,S,0,35.7,32.7,52.7,52.7,Persistence
CTSH,Cognizant Technology Solutions Corporation - Class A Common Stock,Technology,Information Technology Services,United States,その他,57.33000183105469,27.117090816,349.7918399219513,0.06951763275233076,0.019790213403606677,-0.0038604076590487957,0.33717074095129806,0.42036124794745483,0.05567369031509762,36.22788167268515,0.00016208535482100975,0.32677865224891267,False,39,12,34,65,63,B,0,45.3,25.05,47.550000000000004,47.550000000000004,Persistence
CVBF,CVB Financial Corporation - Common Stock,Financial Services,Banks - Regional,United States,その他,22.530000686645508,3.9652224,31.121027898473738,0.0830747119795092,-0.13045202075568224,-0.009886302993026222,,-0.11153987654825655,0.03198760621004828,48.48484653877375,-0.001807613977082033,0.03304714916858425,True,18,12,25,85,87,S,-20,14.950000000000003,10.450000000000003,32.400000000000006,32.400000000000006,Persistence
CVCO,"Cavco Industries, Inc. - Common Stock",Consumer Cyclical,Residential Construction,United States,その他,557.280029296875,4.285150208,57.84288064086914,0.11364513673815083,0.12294795162893528,-0.16237405569481306,0.23474530018868303,0.47759901699253193,0.02061980807959553,46.35106795145789,-0.01549188433123116,0.20132993938121604,False,10,26,30,85,90,S,0,29.25,41.25,55.75,55.75,Persistence
CVLT,"Commvault Systems, Inc. - Common Stock",Technology,Software - Application,United States,ソフトウェア,145.5399932861328,6.031841792,80.14960200263977,0.18889856461156326,0.1863241691659309,0.06966313616028753,0.8115047013998598,0.1646400754324104,0.48640119174788804,61.63649071928687,0.05659922689546864,0.24602396411690558,True,52,14,57,85,65,A,0,58.25,29.75,65.6,65.6,Persistence
CWST,"Casella Waste Systems, Inc. - Class A Common Stock",Industrials,Waste Management,United States,その他,82.23999786376953,5.233757184,41.1360357314682,0.17951650406509287,0.23149962595153029,0.16538090423919144,0.33766450117348207,0.0794496968451341,0.3751149598919392,9.936089555843267,-0.093756153869782,0.2338364014389377,False,11,14,75,85,53,B,0,26.3,28.55,73.1,73.1,Persistence
CZR,"Caesars Entertainment, Inc. - Common Stock",Consumer Cyclical,Resorts & Casinos,United States,その他,29.59000015258789,6.029854208,132.91798478542327,0.021431747443308138,-0.024548924358084662,0.06533592089455688,0.5,3.0,0.7870033819020829,32.00024413689977,-0.005458378621730068,0.026964804305778408,True,38,25,28,85,65,A,-10,37.75,28.0,39.650000000000006,39.650000000000006,Persistence
DASH,"DoorDash, Inc. - Common Stock",Consumer Cyclical,Internet Retail,United States,その他,193.36000061035156,83.78249216,756.5316371880341,0.27933221413915316,0.24169079328314996,0.31171198541698314,0.5087847196908946,0.013318534961154272,0.16735337504450887,29.313065717963923,-0.05949327347787387,0.31369345029969486,True,43,36,93,40,46,C,0,42.85,37.6,70.35000000000001,70.35000000000001,Persistence
DAVE,Dave Inc.  - Class A Common Stock,Technology,Software - Application,United States,ソフトウェア,324.8800048828125,4.144009216,111.66775527832031,0.5967165692816558,0.3395807682955541,0.2648678467862408,0.8668668415791202,1.4090920688921964,0.15429056784936132,30.854203238904375,-0.11509991520121886,0.2658576689061028,True,85,64,100,85,63,B,0,82.8,67.05,88.85,88.85,Persistence
DBX,"Dropbox, Inc. - Class A Common Stock",Technology,Software - Infrastructure,United States,ソフトウェア,32.31999969482422,7.027745792,152.04863056430816,-0.010674201397064594,0.018628078030060762,0.07600326895780464,0.8013486711622372,0.06770713793894882,1.260852754051109,38.6012640816352,-0.047821086456790604,0.14361424861130975,True,23,38,35,85,90,S,-20,19.0,30.25,38.5,38.5,Persistence
DDOG,"Datadog, Inc. - Class A Common Stock",Technology,Software - Application,United States,ソフトウェア,268.1300048828125,96.278781952,986.4127497631836,0.2767536858183308,0.2611946574802465,0.2705862336576921,0.7995549081775629,0.1801231578254761,0.1925097880082675,84.12463456636215,0.10476546678305165,0.06947766593000138,True,44,17,100,40,22,D,0,41.2,20.95,69.4,69.4,Persistence
DGII,Digi International Inc. - Common Stock,Technology,Communication Equipment,United States,通信/光通信,78.30000305175781,2.97133824,29.60444815383911,0.014562099394876972,-0.04676418290251299,0.14585356429905338,0.629158037380788,0.30251279895135164,0.18553594769825046,76.23236488513389,0.06910257212882158,0.08141711621231162,True,35,24,42,100,50,B,0,46.25,38.0,58.1,58.1,Persistence
DIOD,Diodes Incorporated - Common Stock,Technology,Semiconductors,United States,半導体,95.83999633789062,4.413595136,51.48045403289795,0.13038699737628898,-0.2109952284925611,-0.16937138229913326,0.312019718326965,1.9551399452715952,0.03905436869408929,58.32304530942937,0.04121622128461846,0.21928971431970085,True,39,26,34,85,100,S,0,52.0,42.25,59.95,59.95,Persistence
DJT,Trump Media & Technology Group Corp. - Common Stock,Communication Services,Internet Content & Information,United States,その他,9.140000343322754,2.540383488,27.684101339888574,0.0176301536420913,-0.12401055408970976,1.8093165589935396,0.5451040026068539,1.1942656796751419,0.3611366992794125,52.272726451726164,-0.0063165025328580015,0.48127128785537493,False,48,55,42,100,65,A,0,57.5,62.75,61.1,62.75,Transition
DKNG,DraftKings Inc. - Class A Common Stock,Consumer Cyclical,Gambling,United States,その他,22.020000457763672,10.931918848,282.3608143698692,0.26990504224364836,0.30073337292890556,0.6359994661812903,0.4125142765121954,0.7122798154322859,0.4171079442321682,34.33071140495291,-0.08122134870540705,0.47967862437256253,False,32,74,71,65,45,C,0,38.25,69.75,64.30000000000001,69.75,Transition
DLTR,"Dollar Tree, Inc. - Common Stock",Consumer Defensive,Discount Stores,United States,その他,114.06999969482422,21.402988544,329.69823116794583,0.10429217510026453,0.04751774317535799,0.08886870194335399,0.364046610824344,-0.10371318822023047,0.5239488497126138,22.78004866820754,-0.08757284568688348,0.19219606068029277,False,27,37,33,65,53,B,0,35.3,42.8,45.00000000000001,45.00000000000001,Persistence
DOCU,"DocuSign, Inc. - Common Stock",Technology,Software - Application,United States,ソフトウェア,67.5,12.61591552,257.717025,0.08155266551753446,0.07779369285146867,0.09776443162825453,0.7940481441217581,0.15025579060377015,0.04376801314560651,47.927098431368464,0.09971032618519796,0.17823228023414645,True,35,12,57,65,85,S,0,44.5,27.25,64.6,64.6,Persistence
DORM,"Dorman Products, Inc. - Common Stock",Consumer Cyclical,Auto Parts,United States,その他,124.0199966430664,3.68036992,24.418297139053344,0.06028378501461031,0.041149079588016925,0.11307230746780532,0.4214096574268924,-0.6051423084550114,0.21518821312449912,25.06849465394197,-0.05604084773233165,0.21521231664203516,True,25,12,41,85,63,B,0,37.8,28.05,56.4,56.4,Persistence
DOX,Amdocs Limited - Ordinary Shares,Technology,Software - Infrastructure,United States,ソフトウェア,57.709999084472656,6.02578944,55.49826336956024,-0.09432108641997015,0.024028194084970998,0.06792081713078231,0.37979550898064884,0.042348687176156384,0.1322279165993315,30.569938457504307,-0.01402002954022281,0.3068558470299778,False,9,24,34,85,63,B,0,25.8,37.05,52.550000000000004,52.550000000000004,Persistence
DPZ,Domino's Pizza Inc - Common Stock,Consumer Cyclical,Restaurants,United States,その他,292.1400146484375,9.664498688,249.29037799987793,0.04962969699236107,0.05068985332273062,-0.012739252192672152,0.3995065581051313,0.31150051170675686,2.9411037490554683,19.53219624415196,-0.12008999689323188,0.3219793539242581,False,9,24,24,85,24,D,-40,0.0,0.0,0.0,0.0,Acceleration
DRS,"Leonardo DRS, Inc. - Common Stock",Industrials,Aerospace & Defense,United States,防衛/宇宙,37.15999984741211,9.917688832,35.89581665260315,0.1280148423005566,0.14437367303609341,0.049387300408466395,0.2382127192982456,0.22043010752688172,0.10477039679001338,54.96455507676408,-0.10303125639075907,0.2506703663643816,False,10,26,50,85,63,B,0,26.55,38.55,61.35,61.35,Persistence
DRVN,Driven Brands Holdings Inc. - Common Stock,Consumer Cyclical,Auto & Truck Dealerships,United States,その他,12.3100004196167,2.030901504,15.165428116950988,0.06274665102403684,0.024815793782601576,-0.15893908795717476,0.5080244281957306,3.0,0.6396709552106772,31.617665620804885,-0.0671768735959718,0.27969571037407914,False,50,60,28,100,53,B,-10,47.8,55.3,41.00000000000001,55.3,Transition
DSGR,"Distribution Solutions Group, Inc. - Common Stock",Industrials,Industrial Distribution,United States,その他,34.959999084472656,1.617089536,7.69976499835968,0.09751045394278822,0.1488166724189093,0.3638804886479501,0.33435874229743795,0.30348767288033673,0.4684325534235263,91.66781464252031,0.006124205559863333,0.0,True,9,47,63,100,40,C,-5,20.75,49.25,62.650000000000006,62.650000000000006,Persistence
DUOL,"Duolingo, Inc. - Class A Common Stock",Technology,Software - Application,United States,ソフトウェア,143.50999450683594,6.714296832,166.8267808643341,0.38710656342577243,0.40841898743948984,0.43739157498748293,0.7223062310799363,0.36331622366883154,0.04707351035196584,41.14793393404654,0.01845723056449823,0.5867480662108524,True,34,39,97,85,75,A,0,45.75,49.5,89.6,89.6,Persistence
DXPE,"DXP Enterprises, Inc. - Common Stock",Industrials,Industrial Distribution,United States,その他,192.10000610351562,2.980844288,21.961833197784422,0.11893465183902688,0.07353747170260931,0.1335519491745181,0.315383375529728,-0.3002864809509612,0.5362135827268115,60.77129170603112,0.05274583362805616,0.043517179813481736,True,27,14,41,100,52,B,0,40.45,30.7,57.949999999999996,57.949999999999996,Persistence
EBAY,eBay Inc. - Common Stock,Consumer Cyclical,Internet Retail,United States,その他,107.9000015258789,48.015499264,581.0096777164077,0.07945152192939804,0.016910601265822785,0.032363450740173556,0.7145045045045045,-0.2668711656441718,0.4077228847245883,60.86115924857572,0.0018890971434724526,0.0876924620139807,True,30,12,41,40,80,S,0,36.5,23.0,48.55,48.55,Persistence
EBC,"Eastern Bankshares, Inc. - Common Stock",Financial Services,Banks - Regional,United States,その他,21.420000076293945,4.89471744,52.34844528645515,-0.004203668932444681,1.3183180397813592,-0.5151100179279284,,0.5278970909777023,0.006526234667597088,31.891930902586253,-0.04248865537490752,0.08814162186371925,True,9,12,38,85,90,S,-20,8.5,10.75,40.150000000000006,40.150000000000006,Persistence
ECHO,EchoStar Corporation - Common stock,Communication Services,Telecom Services,United States,その他,90.11000061035156,26.205415424,278.5926383370209,-0.051848356792915946,-0.06994065092511001,-0.08686415323700246,0.25822524761597626,-0.3986920807594349,0.700132310141108,50.77383319392452,0.004420751494587773,0.3645275128981422,False,30,0,0,65,73,A,-20,19.549999999999997,0.0,10.850000000000001,19.549999999999997,Acceleration
ECPG,Encore Capital Group Inc - Common Stock,Financial Services,Credit Services,United States,その他,98.41000366210938,2.087213824,38.981678600616455,0.3437058679192106,0.07661939346353912,-0.12562475551490437,0.5460368090945171,-0.00015754358049295387,0.7493338701824038,53.1768789418934,0.014159725627236249,0.05137839128027994,True,62,65,23,100,87,S,-30,40.2,42.45,25.049999999999997,42.45,Transition
EEFT,"Euronet Worldwide, Inc. - Common Stock",Technology,Software - Infrastructure,United States,ソフトウェア,65.61000061035156,2.498107136,40.1802204737854,0.0637625946162715,0.08183297180043383,0.09801119447421698,0.41317562791574386,-0.2945094217024042,0.33555257601676763,21.0451848028371,-0.09175979871137994,0.2665175757544742,False,4,12,37,100,36,C,0,21.6,27.6,52.550000000000004,52.550000000000004,Persistence
EFSC,Enterprise Financial Services Corporation - Common Stock,Financial Services,Banks - Regional,United States,その他,60.93000030517578,2.205210368,19.213361646232606,0.15980212663067714,-0.017993713841190417,0.09890107658757072,,-0.24338855892466396,0.010902506484639744,26.115392377032464,-0.0505712432539219,0.1058915399552958,True,23,14,25,100,63,B,-20,18.549999999999997,11.8,31.35,31.35,Persistence
ENPH,"Enphase Energy, Inc. - Common Stock",Technology,Solar,United States,電力/エネルギー,32.400001525878906,4.270262784,147.43653094352723,0.1071886817555546,-0.4192460579032699,-0.017189844232991098,0.4664025770798752,-0.8002432882236419,0.3454871399786654,32.06867142096567,-0.1407339398003204,0.55205308024798,False,34,21,29,85,33,D,0,41.55,31.8,43.800000000000004,43.800000000000004,Persistence
ENTG,"Entegris, Inc. - Common Stock",Technology,Semiconductor Equipment & Materials,United States,半導体,151.88999938964844,23.13284608,327.65179053337096,-0.013760335678143897,-0.08022361588013281,0.07369426206256914,0.44419070262153537,0.25340082252451757,0.4546075085324232,62.38929681879842,0.08855132959067696,0.17381161576565488,True,37,34,26,65,65,A,0,44.0,41.75,43.55,44.0,Acceleration
EOSE,"Eos Energy Enterprises, Inc. - Common Stock",Industrials,Electrical Equipment & Parts,United States,電力/エネルギー,3.1649999618530273,1.152590848,89.98756376540184,3.0,-0.04713640249114666,-0.08625306851149298,-1.2594853024876755,-0.4208965273992369,0.942624071251936,34.883725384680375,-0.16085585671867803,0.8350703557180253,False,65,40,8,100,33,D,-35,32.05,13.299999999999997,1.0,32.05,Acceleration
ERIE,Erie Indemnity Company - Class A Common Stock,Financial Services,Insurance Brokers,United States,その他,222.86000061035156,11.65331968,67.52100868492127,0.07409012625297613,0.16716587856459053,0.16063891649907652,,0.17384931044974958,,27.200730451159103,-0.09096397520354062,0.3132467526360954,False,2,12,40,65,36,C,-20,0.0,2.3500000000000014,25.450000000000003,25.450000000000003,Persistence
ESQ,"Esquire Financial Holdings, Inc. - Common Stock",Financial Services,Banks - Regional,United States,その他,122.27999877929688,1.480148352,26.460780335845946,0.17414119079664167,0.099538423593249,0.34713009220253704,,0.38898702096613164,,61.49584794885979,0.0021461524479792103,0.07864830342350546,True,28,26,57,100,67,A,-25,17.700000000000003,16.200000000000003,44.75,44.75,Persistence
EVCM,EverCommerce Inc. - Common Stock,Technology,Software - Application,United States,ソフトウェア,8.079999923706055,1.427455232,1.490073185930252,0.047532395919492695,0.051066518842861175,-0.13834160832288891,0.7757489722485893,-0.1554383805805466,0.3815376069584792,51.67363899866566,-0.15906040357319803,0.3970149139009992,False,18,42,36,100,51,B,-5,28.6,46.6,50.0,50.0,Persistence
EVRG,"Evergy, Inc. - Common Stock",Utilities,Utilities - Regulated Electric,United States,電力/エネルギー,78.04000091552734,17.99346176,169.66754639045715,0.019547483453901802,0.06156276097454704,-0.05988974415865918,0.522661701556629,-1.1300651742703316,0.4478018174587979,27.448393300272542,-0.04922347331084048,0.10709608700350794,False,8,0,10,65,63,B,0,22.05,16.05,34.35,34.35,Persistence
EWBC,"East West Bancorp, Inc. - Common Stock",Financial Services,Banks - Regional,United States,その他,127.2300033569336,17.432018944,104.87378331707001,0.12861419870456148,0.0016864262009981177,0.10486412690774066,,,0.039458582934987864,39.23357046031158,-0.023009803289303764,0.0685944533522307,True,23,14,22,65,77,A,-20,14.700000000000003,7.949999999999999,23.75,23.75,Persistence
EXC,Exelon Corporation - Common Stock,Utilities,Utilities - Regulated Electric,United States,電力/エネルギー,40.34000015258789,41.560444928,311.0377388765144,0.05341323606044815,0.05987941271229346,0.13885103260299822,0.42930167367466404,-0.48887434554973824,0.42961310800377456,17.519679865674547,-0.08679518820935077,0.18259920567132923,False,7,12,18,40,53,B,0,16.55,20.3,30.5,30.5,Persistence
EXE,Expand Energy Corporation - Common Stock,Energy,Oil & Gas E&P,United States,電力/エネルギー,86.83999633789062,20.774631424,275.5537291796875,1.8877043354655294,-0.45710610932475887,-0.3205453115441755,0.5084912626138322,3.0,0.17888075794534591,17.987298774444696,-0.06909400744534591,0.28090165618971935,False,73,87,46,65,36,C,0,68.1,78.6,48.75,78.6,Transition
EXLS,"ExlService Holdings, Inc. - Common Stock",Technology,Information Technology Services,United States,その他,34.75,5.309206528,67.61151125,0.1356129227381618,0.1273735671516213,0.15482803652010843,0.3837160789565829,0.3412893733999811,0.23711297206319926,35.35823425708111,0.006330464858066954,0.21076536535495832,True,32,26,64,85,90,S,0,45.75,41.25,74.45,74.45,Persistence
EXPE,"Expedia Group, Inc. - Common Stock",Consumer Cyclical,Travel Services,United States,その他,264.1700134277344,31.705511936,622.2181245272827,0.07610839237455262,0.0663603084352364,0.10045427273506471,0.9011742347111925,0.33533705452984114,0.26235072795681336,30.849247257798666,-0.11258733825103719,0.2199131897429982,True,41,24,53,40,80,S,0,44.75,32.0,55.150000000000006,55.150000000000006,Persistence
EXPO,"Exponent, Inc. - Common Stock",Industrials,Engineering & Construction,United States,その他,64.18000030517578,3.051507712,31.77936895111084,0.042075937219120736,0.040516724233651165,0.04573021646505992,,-0.11088823965464614,0.10653630329290989,29.2537782514826,-0.04007939736720748,0.18442832428650818,False,18,0,37,85,63,B,0,32.55,19.05,54.2,54.2,Persistence
EXTR,"Extreme Networks, Inc. - Common Stock",Technology,Communication Equipment,United States,通信/光通信,21.520000457763672,2.844313344,29.010251817092897,0.12589260104888572,0.0204653943822206,-0.1487678806266734,0.6147906696281453,-0.2519439513658713,0.16519148495399555,48.10126327598682,-0.12737415452725914,0.3616137335442375,True,50,44,37,100,61,B,0,58.6,54.1,57.550000000000004,58.6,Acceleration
EYE,"National Vision Holdings, Inc. - Common Stock",Consumer Cyclical,Specialty Retail,United States,その他,16.530000686645508,1.307015808,39.49595714063644,0.0900379527455411,0.03811780085187014,0.0679137215559305,0.5876860640164872,0.9256763842281879,0.3501576364712418,47.63514471367853,-0.12737750580066914,0.43890016292098605,False,35,47,46,100,43,C,-5,40.55,49.55,53.9,53.9,Persistence
EZPW,"EZCORP, Inc. - Class A Non-Voting Common Stock",Financial Services,Credit Services,United States,その他,31.15999984741211,1.914575616,21.51566829463959,0.09700224345343758,0.1072989520905284,0.18371858162430535,0.5854796434064726,0.41867516316357467,0.39157260959743423,36.32910432770496,0.005868637045113504,0.12447317466093516,True,13,24,54,100,90,S,-25,8.75,17.0,47.7,47.7,Persistence
FA,First Advantage Corporation - Common Stock,Industrials,Specialty Business Services,United States,その他,19.600000381469727,3.366372608,26.018608506393434,0.8302486035305537,0.12627510438474862,-0.057111958549325145,0.45673782019564413,3.0,0.544924333598866,33.81819291548295,-0.06507281604268043,0.18739636403376386,True,82,75,38,85,80,S,0,82.25,77.0,58.150000000000006,82.25,Acceleration
FANG,"Diamondback Energy, Inc. - Common Stock",Energy,Oil & Gas E&P,United States,電力/エネルギー,186.6699981689453,52.512755712,628.727887582779,0.35434999546402973,0.32186113442858855,-0.12826677817269497,0.3497220175497354,0.8691849646445851,0.2093893806555116,37.89310958094709,-0.060783001343773194,0.11752470455166802,True,57,20,29,40,80,S,0,56.75,29.0,41.95,56.75,Acceleration
FAST,Fastenal Company - Common Stock,Industrials,Industrial Distribution,United States,その他,50.43000030517578,57.868304384,340.5938839110947,0.08673469387755102,0.027127826098792655,0.05244534853737501,0.45011889518931775,0.10963244613434728,0.0874547289675236,58.77379748407587,0.02157567890726896,0.037227963405416155,True,28,24,50,40,87,S,0,35.7,32.7,54.900000000000006,54.900000000000006,Persistence
FBNC,First Bancorp - Common Stock,Financial Services,Banks - Regional,United States,その他,63.5,2.628825344,14.69009,0.11689860256801757,-0.1382546803338262,0.019031663252953586,,0.15548093235109572,-0.0002174712880670465,40.25315123209989,-0.008961483814753823,0.042809715023582814,True,25,26,30,100,87,S,-20,22.450000000000003,23.200000000000003,38.900000000000006,38.900000000000006,Persistence
FCEL,"FuelCell Energy, Inc. - Common Stock",Industrials,Electrical Equipment & Parts,United States,電力/エネルギー,16.489999771118164,1.318444544,113.62821857283592,0.41049834124068063,-0.09126861921973516,-0.0543361638208516,-0.16696804542178273,0.3041904555702512,0.15443932602832602,57.26414854138707,-0.1311266505831548,0.542071631776292,True,47,50,10,100,53,B,-15,40.55,42.8,26.1,42.8,Transition
FCFS,"FirstCash Holdings, Inc. - Common Stock",Financial Services,Credit Services,United States,その他,217.4499969482422,9.431197696,85.6035402986145,0.08042729054682968,0.07510574922996285,0.1549516259414821,0.5027548160455914,0.12576079098943638,0.4845828798608804,38.002951374029074,0.012475473080251749,0.08027744497529345,True,31,24,50,85,90,S,-20,25.0,19.75,46.75,46.75,Persistence
FCNCA,"First Citizens BancShares, Inc. - Class A Common Stock",Financial Services,Banks - Regional,United States,その他,2090.360107421875,23.606687744,143.11650475463867,-0.026105263157894736,0.08521818597212703,0.9341581970835174,,-0.06331727460426703,0.1572194794904614,34.11337141536313,-0.035503837832672164,0.08683484592278089,True,0,0,33,65,90,S,-20,0.0,0.0,32.400000000000006,32.400000000000006,Persistence
FELE,"Franklin Electric Co., Inc. - Common Stock",Industrials,Specialty Industrial Machinery,United States,電力/エネルギー,97.06999969482422,4.291606784,30.12033555530548,0.054374299042071576,-0.021205413888597004,0.010481912560043959,0.35468621700879766,-0.1189506125068853,0.12035167932276787,33.77563529138919,-0.05040583317442895,0.1156964934255987,False,22,0,29,85,70,A,0,36.25,19.75,51.2,51.2,Persistence
FFBC,First Financial Bancorp. - Common Stock,Financial Services,Banks - Regional,United States,その他,32.400001525878906,3.40740864,30.738529447631837,0.07648119026589978,-0.005491601919561243,0.18539921894399422,,0.3153421464155201,0.05629053272223476,42.85717641355023,-0.020195726697402,0.09728459440670258,True,23,24,30,85,100,S,-20,20.0,20.75,37.75,37.75,Persistence
FFIN,"First Financial Bankshares, Inc. - Common Stock",Financial Services,Banks - Regional,United States,その他,32.45000076293945,4.650728448,24.877955334911345,0.14910332062781523,0.12339320864597562,-0.08036904585564043,,-0.023607047634003706,0.0013630940804880026,40.7271935213216,-0.03990119571596567,0.10502120197256622,True,35,14,25,85,100,S,-20,29.0,13.25,35.0,35.0,Persistence
FFIV,"F5, Inc. - Common Stock",Technology,Software - Infrastructure,United States,ソフトウェア,443.05999755859375,25.08923904,241.27275227050782,0.09656974844821954,0.0010489949235186367,0.04352030624906106,0.8141306290785966,0.18949825920234328,0.04142595639016554,73.34221002542455,0.0874030928715698,0.028355869542520753,True,35,24,57,65,25,D,0,38.5,30.25,52.6,52.6,Persistence
FHB,"First Hawaiian, Inc. - Common Stock",Financial Services,Banks - Regional,United States,その他,25.25,3.072454144,52.224575,0.09386092860554272,-0.038003762502871546,0.056727342392702114,,0.05039845673774585,0.0,34.469676718314474,-0.05345999175067083,0.15986824202202193,False,20,24,30,85,70,A,-20,14.75,17.75,31.75,31.75,Persistence
FIBK,"First Interstate BancSystem, Inc. - Common Stock",Financial Services,Banks - Regional,United States,その他,36.90999984741211,3.517693184,45.16455221328735,0.05911773532059618,-0.02544355624878144,-0.07234581298607343,,-0.16325301204819276,0.011110860866497001,40.32922585926898,-0.016507067731730208,0.07097669370407204,True,30,12,25,85,87,S,-20,23.950000000000003,10.450000000000003,32.400000000000006,32.400000000000006,Persistence
FIGR,"Figure Technology Solutions, Inc. - Class A Common Stock",Financial Services,Capital Markets,United States,その他,31.899999618530273,7.157654016,147.68838523389817,0.5568764711276862,0.52120234181365,,0.9420499861574982,1.2918337510442774,0.40784147557543116,38.901046621768394,-0.028487554350583692,0.568394019240401,False,55,61,37,85,55,B,-20,39.5,44.0,32.6,44.0,Transition
FISV,"Fiserv, Inc. - Common Stock",,,,その他,46.47999954223633,24.716517376,341.75326023420337,0.03602854908095424,0.07138741947310533,0.07645035800868241,0.5936394092388997,-0.15073093638877913,0.36343329215179765,25.744043437598904,-0.09770700966680508,0.6436948974350847,False,8,12,41,65,28,D,0,18.55,21.55,44.4,44.4,Persistence
FIVE,"Five Below, Inc. - Common Stock",Consumer Cyclical,Specialty Retail,United States,その他,222.60000610351562,12.255029248,291.6961609980774,0.22897299567370483,0.08910511947482826,0.1570262145402866,0.3599145870184106,2.8600240028503383,0.4116226816222502,24.314473106838307,-0.04355064688677215,0.15271009032724503,True,43,29,53,65,73,A,0,49.3,38.8,60.00000000000001,60.00000000000001,Persistence
FIVN,"Five9, Inc. - Common Stock",Technology,Software - Infrastructure,United States,ソフトウェア,35.77000045776367,2.672860672,80.23783422683715,0.10283721296276746,0.14437312737784572,0.16902186054752802,0.5507445904926341,1.0635844036814033,0.44975783069935815,56.80827864077105,0.14167712419719528,0.07451490179597717,True,31,63,60,100,57,B,0,43.95,67.95,69.4,69.4,Persistence
FIZZ,National Beverage Corp. - Common Stock,Consumer Defensive,Beverages - Non-Alcoholic,United States,その他,29.670000076293945,2.777471232,12.682144832611083,-0.01731546238660711,0.008106107775989474,0.01599581220394703,0.370387750814873,-0.0839304051873368,0.06920238079861726,30.906370688377393,-0.060820351781851974,0.13002069186833848,False,4,0,29,100,70,A,-20,5.0,2.0,34.95,34.95,Persistence
FLEX,Flex Ltd. - Ordinary Shares,Technology,Electronic Components,United States,半導体,114.68000030517578,42.363133952,382.0013746165466,0.08139309650176267,-0.022790081393147834,-0.07322293172408954,0.09196102314250913,-0.014058106841611996,0.1956482320942883,56.65380109195698,-0.00454153849661965,0.29240454666136917,True,30,12,25,40,83,S,0,36.8,23.3,40.35,40.35,Persistence
FLNC,"Fluence Energy, Inc. - Class A Common Stock",Utilities,Utilities - Renewable,United States,電力/エネルギー,7.849999904632568,1.459388544,67.16373568404674,-0.16146821899960054,0.21667663069696813,0.8504692546239246,0.13071463609727643,-3.888107395816175,0.165805685193042,28.813555623498118,-0.3183811418103681,0.7564381006476464,False,0,0,18,100,8,D,-15,0.8000000000000007,0.8000000000000007,21.5,21.5,Persistence
FLYW,Flywire Corporation - Voting Common Stock,Technology,Software - Infrastructure,United States,ソフトウェア,17.399999618530273,2.117017472,23.307386489019393,0.2659404564517702,0.22091621309173542,0.3929814254859611,0.6142048874443241,-0.022817760851689965,0.001073953593396063,32.36194964008995,-0.02156495124995017,0.10951899676199765,True,42,24,92,100,90,S,0,55.5,42.0,93.6,93.6,Persistence
FMBH,"First Mid Bancshares, Inc. - Common Stock",Financial Services,Banks - Regional,United States,その他,49.720001220703125,1.32264704,6.582928161621094,0.07419577566456391,0.15896219723781221,0.07958878343196196,,0.03806494810847004,0.046151347277616286,33.194178097464956,-0.018008773404265488,0.04963692569379611,True,2,24,50,100,77,A,-25,0.0,15.700000000000003,42.900000000000006,42.900000000000006,Persistence
FORM,"FormFactor, Inc. - Common Stock",Technology,Semiconductor Equipment & Materials,United States,半導体,129.69000244140625,10.109954048,148.02816878662108,0.028017323228553208,0.15155586923278772,-0.11342532860387974,0.39344427275147675,-0.851576525323017,0.026428458250092702,71.18449664598612,0.15782239513088622,0.18908267128905049,True,4,0,29,65,35,C,0,16.25,13.25,39.2,39.2,Persistence
FOX,Fox Corporation - Class B Common Stock,Communication Services,Entertainment,United States,その他,56.540000915527344,23.841427456,73.3255963873291,0.05067484662576687,0.1659513590844063,-0.06256286461476564,,-0.5095222185098564,0.3366248554399075,41.26395501777946,-0.00360514961446529,0.1569584158650116,False,0,0,21,65,90,S,0,18.75,18.75,45.8,45.8,Persistence
FOXA,Fox Corporation - Class A Common Stock,Communication Services,Entertainment,United States,その他,63.06999969482422,26.594955264,321.6916869434357,0.05067484662576687,0.1659513590844063,-0.06256286461476564,,-0.5095222185098564,0.3366248554399075,40.5012208878837,-0.00812390399828968,0.16358694623892867,True,0,0,21,65,100,S,0,19.75,19.75,47.8,47.8,Persistence
FRHC,Freedom Holding Corp. - Common Stock,Financial Services,Financial Conglomerates,United States,その他,172.0800018310547,10.976581632,15.319422163009644,0.08971844658728398,0.21344133955397054,1.0580299185741235,0.5455829305136649,,0.18484324002019273,60.78993706077487,0.07146327160640689,0.02432382720928446,True,8,12,38,65,40,C,-20,0.0,2.75,25.150000000000006,25.150000000000006,Persistence
FRME,First Merchants Corporation - Common Stock,Financial Services,Banks - Regional,United States,その他,40.709999084472656,2.556645888,20.16569804649353,0.057819313846414054,-0.03731324942166076,0.0363897450266181,,,0.0450025994605758,35.908131986802275,-0.029978673329046555,0.09195325719848997,True,18,12,10,100,90,S,-20,17.5,13.0,28.5,28.5,Persistence
FROG,JFrog Ltd. - Ordinary shares,Technology,Software - Application,United States,ソフトウェア,89.18000030517578,10.996011008,167.1282254719162,0.24120162058213998,0.22465031467392235,0.24941436937580347,0.7678756768953069,0.31998218609959084,0.009285980004130084,52.75069944968478,0.003351631933907633,0.1427472714445173,True,50,24,100,65,100,S,0,57.25,37.75,91.25,91.25,Persistence
FRPT,"Freshpet, Inc. - Common Stock",Consumer Defensive,Packaged Foods,United States,その他,57.90999984741211,2.783042816,63.14448473361969,0.13006664431175058,0.2715912869428018,0.288154411567094,0.4080035208232193,1.3773015485916351,0.278428935045211,0.2421209847526029,-0.12071593896286505,0.32269006026418584,False,24,39,77,100,24,D,-20,15.399999999999999,26.65,52.14999999999999,52.14999999999999,Persistence
FRSH,Freshworks Inc. - Class A Common Stock,Technology,Software - Application,United States,ソフトウェア,12.539999961853027,3.271946496,53.713271536602974,0.1643333055717498,0.2078828768409475,0.19765702340767752,0.8496141553083002,0.5130356751424814,0.02651942457534479,47.0405032551211,0.02817224493526716,0.09913793871244925,True,39,71,90,85,100,S,0,52.0,76.0,90.75,90.75,Persistence
FSBC,Five Star Bancorp - Common Stock,Financial Services,Banks - Regional,United States,その他,43.83000183105469,1.075439872,8.933650123214722,0.25656825948126155,0.06619510405378885,0.07581237378373416,,0.3959693498573048,0.018068456680437137,19.729222804961907,-0.05032029430835743,0.11305479562030273,True,32,29,50,100,63,B,-25,20.299999999999997,18.049999999999997,40.099999999999994,40.099999999999994,Persistence
FSLR,"First Solar, Inc. - Common Stock",Technology,Solar,United States,その他,177.7100067138672,19.098458112,430.8285891266632,0.24085054545705253,0.2674882375168821,0.2669713005556024,0.4062437732020073,3.0,0.049194486127865804,36.233525545126405,-0.1571397382273724,0.4416024926508494,False,25,42,89,65,33,D,0,31.8,44.55,71.8,71.8,Persistence
FSLY,"Fastly, Inc. - Class A Common Stock",Technology,Software - Application,United States,ソフトウェア,24.959999084472656,3.976127744,204.1826517106247,0.1477755133572201,0.07448397985722982,0.1693061413137674,0.5708216750157848,3.0,0.28689136278849225,60.663736914321035,0.050505008599557435,0.2549254004635028,True,49,59,54,85,48,C,0,54.3,61.8,60.550000000000004,61.8,Transition
FSUN,FirstSun Capital Bancorp - Common Stock,Financial Services,Banks - Regional,United States,その他,39.7400016784668,1.746587648,15.641068560619354,0.08370248301734827,0.03422065734131605,0.13082641068623288,,0.08636686588372967,0.00774634591537557,39.44546996181891,0.014627115302281415,0.040096613193950074,True,20,24,42,100,77,A,-25,12.700000000000003,15.700000000000003,38.5,38.5,Persistence
FTAI,FTAI Aviation Ltd. - Common Stock,Industrials,Aerospace & Defense,United States,防衛/宇宙,175.05999755859375,17.979901952,247.31513625091551,0.44527497534441446,0.4816866741367295,0.6528484170912083,0.3716557609867397,0.25827936723745404,0.7885417986088851,36.252918603340795,-0.13399562227391623,0.4321930737121969,False,33,54,59,65,33,D,-20,17.799999999999997,33.55,35.300000000000004,35.300000000000004,Persistence
FTDR,"Frontdoor, Inc. - Common Stock",Consumer Cyclical,Personal Services,United States,その他,73.98999786376953,5.097416192,42.40440767570496,0.13503253796095444,0.03653738055087127,0.0703971119133574,0.5527950310559007,0.6883116883116883,0.5560224089635855,27.911771567793892,-0.06884438127311102,0.18540133907084846,True,40,26,42,85,63,B,0,49.05,38.55,56.95,56.95,Persistence
FTNT,"Fortinet, Inc. - Common Stock",Technology,Software - Infrastructure,United States,ソフトウェア,173.4600067138672,127.269978112,782.310701379776,0.14167702071929883,0.12271904690091992,0.2008873998279531,0.8045620330607682,0.18444018731375053,0.09589766295768683,70.24288133117362,0.07362499086162058,0.02954010639492125,True,40,26,82,25,25,D,0,36.25,25.75,56.35,56.35,Persistence
FULT,Fulton Financial Corporation - Common Stock,Financial Services,Banks - Regional,United States,その他,23.229999542236328,4.434945024,37.933543902492524,0.11394611781193321,0.08949465971141368,0.07256404867739134,,-0.23996824480369516,0.01925852470857826,32.806312191422364,-0.030418902204899637,0.07780869195184456,True,35,14,37,85,77,A,-20,26.700000000000003,10.95,37.0,37.0,Persistence
FWONA,Liberty Media Corporation - Series A Common Stock,Communication Services,Entertainment,United States,その他,86.45999908447266,21.676255232,16.353908826828004,0.22693676430331233,0.02267637178051512,0.3882627283326856,0.33712628290941543,-0.44779411764705884,0.331211845694246,42.81439485222651,-0.048403112590251214,0.12956813157490885,True,34,40,62,65,100,S,0,45.25,49.75,70.35,70.35,Persistence
FWONK,Liberty Media Corporation - Series C Common Stock,Communication Services,Entertainment,United States,その他,94.61000061035156,23.719528448,214.22637048202515,0.22693676430331233,0.02267637178051512,0.3882627283326856,0.33712628290941543,-0.44779411764705884,0.331211845694246,46.77302814298771,-0.044871162570264925,0.12665005989845785,True,34,40,62,65,100,S,0,45.25,49.75,70.35,70.35,Persistence
GABC,"German American Bancorp, Inc. - Common Stock",Financial Services,Banks - Regional,United States,その他,49.5,1.86015104,6.5698875,0.6816980570237475,-0.14266795376036123,-0.034741661115752914,,0.6975980246260348,0.01654960554454879,43.12669849355254,-0.0033948846330822294,0.036590132912276294,True,45,34,38,100,87,S,-25,32.45,24.200000000000003,38.30000000000001,38.30000000000001,Persistence
GCT,GigaCloud Technology Inc - Class A Ordinary Shares,Technology,Software - Infrastructure,United States,ソフトウェア,53.97999954223633,1.927638528,36.784130888061526,0.11098220391682644,0.6496033849034782,0.43618169612158236,0.2330930299085896,0.28233783726901546,0.3906004279563794,65.81558418649901,0.1103728643392528,0.0,True,10,26,63,100,25,D,-5,20.0,32.0,59.650000000000006,59.650000000000006,Persistence
GEN,Gen Digital Inc. - Common Stock,Technology,Software - Infrastructure,United States,ソフトウェア,21.6200008392334,12.941451264,203.34389109329223,0.27064803049555275,0.035526315789473684,0.14561350618028338,0.7846,0.26285240464344944,0.5298607992815447,14.195079009025491,-0.2384197747172224,0.3116841469512237,False,47,29,64,65,24,D,0,47.4,33.9,56.25,56.25,Persistence
GFS,GlobalFoundries Inc. - Ordinary Share,Technology,Semiconductors,United States,半導体,49.0,27.313512448,199.971695,0.006074074074074074,-0.08685064935064934,-0.08830784410458806,0.24885878368428802,-0.08021877848678213,0.09958578846041655,61.771761835315495,0.0011165569120364844,0.4531599596144746,False,30,35,25,65,45,C,0,36.75,40.5,39.0,40.5,Transition
GIII,"G-III Apparel Group, LTD. - Common Stock",Consumer Cyclical,Apparel Manufacturing,United States,その他,27.1200008392334,1.16281088,25.55761759088516,-0.07035471624084035,0.026645433119814398,-0.03981928442682495,0.3936504146753547,-0.03381030492984563,0.10904581702300427,43.076797355763865,-0.1583675846518181,0.2605868028282922,False,4,0,29,100,51,B,-5,18.1,15.100000000000001,46.150000000000006,46.150000000000006,Persistence
GLXY,Galaxy Digital Inc. - Class A common stock,Financial Services,Capital Markets,United States,その他,24.239999771118164,14.284567552,121.43136965340614,0.41810906217957444,-0.1749112800548723,,-0.001918842550121238,-4.714301941659346,0.4705275720185642,42.46575229438794,0.04943695441068739,0.43443771754721555,False,14,8,2,65,65,A,-30,0.0,0.0,0.3500000000000014,0.3500000000000014,Persistence
GNTX,Gentex Corporation - Common Stock,Consumer Cyclical,Auto Parts,United States,その他,22.579999923706055,4.808452608,50.94522162786484,0.09551431418032026,0.0061322184876935765,0.19815805894615904,0.3419956413347784,0.29555933792700295,0.001296160038340106,38.976384161190545,-0.028056372824463622,0.202847036673921,False,27,12,46,85,80,S,0,41.0,29.75,62.55,62.55,Persistence
GO,Grocery Outlet Holding Corp. - Common Stock,Consumer Defensive,Grocery Stores,United States,その他,11.069999694824219,1.09686528,25.065744958992003,0.0725741570229539,0.10128549198088502,0.1093742183353684,0.302701205158977,1.019072593809569,0.5854558524330666,31.754874429821157,0.026920699668450475,0.3278688429666024,True,16,25,38,100,73,A,-25,9.299999999999997,16.049999999999997,35.50000000000001,35.50000000000001,Persistence
GOOG,Alphabet Inc. - Class C Capital Stock,Communication Services,Internet Content & Information,United States,その他,341.0799865722656,4171.3860608,5990.546406362458,0.15090081081544376,0.13866243322901553,0.08682770227269514,0.5965231508603998,0.0068990159969215545,0.09960170070941286,54.49026595666359,-0.0022448807026235096,0.14417898218907454,True,45,26,58,10,100,S,0,45.25,31.0,54.400000000000006,54.400000000000006,Persistence
GOOGL,Alphabet Inc. - Class A Common Stock,Communication Services,Internet Content & Information,United States,その他,343.9200134277344,4206.119354368,9253.176559273528,0.15090081081544376,0.13866243322901553,0.08682770227269514,0.5965231508603998,0.0068990159969215545,0.09960170070941286,53.99123914597289,-0.000625621534540786,0.14473540316256558,True,45,26,58,10,100,S,0,45.25,31.0,54.400000000000006,54.400000000000006,Persistence
GPRE,"Green Plains, Inc. - Common Stock",Basic Materials,Chemicals,United States,その他,14.920000076293945,1.045822272,25.894480732412337,-0.14930722190860893,-0.25394789581590554,-0.10022416976512,0.06546221219306969,1.589089077081784,0.2889775442918,40.501790276958836,-0.050890583843163514,0.22412894272181336,True,30,25,26,100,90,S,-5,41.5,37.75,52.3,52.3,Persistence
GSAT,"Globalstar, Inc. - Common Stock",Communication Services,Telecom Services,United States,その他,82.87999725341797,10.738213888,47.98668960975647,0.09042177120739447,0.11858825421790106,0.507083984269784,0.6480185797073843,0.6034294349425201,0.23485501436852638,56.25001103789796,0.012175875609452656,0.018358439490172466,True,27,37,69,65,75,A,0,37.5,45.0,69.2,69.2,Persistence
GSHD,"Goosehead Insurance, Inc. - Class A Common Stock",Financial Services,Insurance Brokers,United States,その他,45.22999954223633,1.6164384,21.8370437789917,0.16152048457099252,0.20372709318881183,0.247795978795549,,0.22969876676325898,0.8491650275753018,19.598286473643242,-0.2709471790497732,0.4228659186284263,False,10,14,75,100,8,D,-45,0.0,0.0,22.849999999999994,22.849999999999994,Persistence
GT,The Goodyear Tire & Rubber Company - Common Stock,Consumer Cyclical,Auto Parts,United States,その他,5.130000114440918,1.475481088,50.03586651620865,-0.03167708443691069,-0.0592046247383634,-0.03552030761836097,0.18440919037199124,0.9387755102040817,0.398506151142355,24.31192158869939,-0.17300746369759673,0.5132827198284906,False,27,12,6,100,16,D,-5,31.85,20.6,26.5,31.85,Acceleration
GTLB,GitLab Inc. - Class A Common Stock,Technology,Software - Infrastructure,United States,ソフトウェア,46.845001220703125,7.805080064,278.14477122299195,0.2581169023600953,0.30926219076884875,0.3666198484220052,0.8735971876753515,3.0,0.00010854756966635264,39.29723087562192,0.11856638992417048,0.08219043141803745,True,46,44,100,85,60,B,0,53.25,51.75,88.25,88.25,Persistence
GTM,ZoomInfo Technologies Inc. - Common Stock,Technology,Software - Application,United States,ソフトウェア,3.75,1.09166272,20.29280625,0.02898789426006753,-0.020330778539733762,0.12887067395264118,0.8402561024409764,0.2912653603454002,0.2436835158009162,37.9746793420854,-0.006885590461285777,0.6822033949673637,False,48,38,45,100,55,B,-5,51.5,44.0,55.75,55.75,Persistence
GTX,Garrett Motion Inc. - Common Stock,Consumer Cyclical,Auto Parts,United States,その他,25.719999313354492,4.814488064,70.41981492000579,0.03136690647482014,-0.10576428203808544,0.07854565639744657,0.20396205357142858,0.07570977917981073,0.6206168145331643,29.656429072532333,-0.0902667510305244,0.28797747538251045,True,20,24,20,85,46,C,-10,22.35,25.35,31.450000000000003,31.450000000000003,Persistence
HAPN,"Happen, Inc. - Common Stock",Financial Services,Banks - Regional,United States,その他,15.029999732971191,1.734574208,21.101668725099564,0.2741574811993608,-0.09383902042402492,-0.27172561690543257,,-0.06650793981422932,0.0013681061317019564,10.000002804923994,-0.16828528559490535,0.30352178933696655,False,39,17,10,100,24,D,-35,11.649999999999999,0.0,0.29999999999999716,11.649999999999999,Acceleration
HAS,"Hasbro, Inc. - Common Stock",Consumer Cyclical,Leisure,United States,その他,88.08999633789062,12.42460672,138.52019789138794,0.13681537903518318,-0.1734455259528711,-0.1457134563832875,0.645821368557633,0.06924142175719342,0.5935698847262247,32.94930497527773,-0.035661965407958233,0.14956815629500558,False,40,21,34,65,80,S,0,47.75,33.5,50.95,50.95,Persistence
HBAN,Huntington Bancshares Incorporated - Common Stock,Financial Services,Banks - Regional,United States,その他,15.640000343322754,31.59928832,464.2976521920681,0.10220957028602413,0.0023097826086956523,0.014612627515853323,,0.3083284111045481,0.08200581059589704,30.199331147464036,-0.073302612958,0.16452901429809955,False,28,26,42,40,70,A,-20,14.0,12.5,27.1,27.1,Persistence
HBT,"HBT Financial, Inc. - Common Stock",Financial Services,Banks - Regional,United States,その他,36.25,1.31825344,4.55571875,0.060144357250466574,-0.014846089776533343,0.2571765937775005,,-0.10782677127799108,0.012858407655494845,45.47871935685798,0.01884201786600435,0.026061289330736908,True,18,12,33,100,75,A,-25,11.0,6.5,33.150000000000006,33.150000000000006,Persistence
HFWA,Heritage Financial Corporation - Common Stock,Financial Services,Banks - Regional,United States,その他,28.56999969482422,1.168957568,12.425521417274474,0.13512454055350331,-0.11066041063416154,-0.020716856243172033,,0.4037591767173571,0.006078351166512376,38.38707136932933,-0.01957043424650048,0.0782117999091314,True,28,26,30,100,77,A,-25,18.700000000000003,17.200000000000003,31.9,31.9,Persistence
HLIT,Harmonic Inc. - Common Stock,Technology,Communication Equipment,United States,通信/光通信,11.010000228881836,1.200821632,15.971656832027435,-0.2615260139287177,0.2566862814750748,-0.3783860329590676,0.4846986183960524,0.8373632208757656,0.18536416310476378,38.57567462555547,-0.06914217312302895,0.35651666650316904,False,17,12,38,100,53,B,-5,28.049999999999997,24.3,51.50000000000001,51.50000000000001,Persistence
HLMN,Hillman Solutions Corp. - Common Stock,Industrials,Tools & Accessories,United States,その他,7.050000190734863,1.371542272,13.734457871580124,0.054073930714147476,-0.002629231610109741,-0.006627743001544746,0.4872679458634836,-0.6424167065849955,0.32449492698818516,31.13773087704081,-0.11576568767303533,0.34357538724594655,False,38,12,29,100,53,B,-5,43.8,24.3,46.550000000000004,46.550000000000004,Persistence
HLNE,Hamilton Lane Incorporated - Class A Common Stock,Financial Services,Asset Management,United States,その他,86.20999908447266,5.777972224,54.26617707370758,0.06456155508771143,0.28730396033525807,0.04744937617375221,0.6987719254327773,0.4517674528171161,0.1546616420003332,11.990937547821432,-0.09800439362047844,0.42850863519791194,False,17,24,62,85,28,D,-20,8.3,13.549999999999997,40.95,40.95,Persistence
HON,Honeywell International Inc. - Common Stock,Industrials,Conglomerates,United States,その他,212.5500030517578,67.365597184,679.8082395105744,0.0784918051674972,0.051743463903783815,-0.06927761800033835,0.3693445862934672,0.03750478377344049,0.482661744547441,56.197298709051566,-0.047904812988995654,0.17597300441530173,False,36,12,26,40,90,S,0,42.0,24.0,42.3,42.3,Persistence
HOOD,"Robinhood Markets, Inc. - Class A Common Stock",Financial Services,Capital Markets,United States,その他,119.4000015258789,107.3504256,2755.420103213043,0.515757370382921,0.5823056300268097,0.37334315169366716,0.833445115135256,3.0,0.30484831004011853,47.047288439781575,0.1453501256965285,0.2168437867776984,True,55,61,96,25,70,A,-20,32.0,36.5,53.05000000000001,53.05000000000001,Persistence
HOPE,"Hope Bancorp, Inc. - Common Stock",Financial Services,Banks - Regional,United States,その他,13.829999923706055,1.766669696,12.01218473373413,0.052287085216554625,-0.17065018427195952,-0.0926934447729344,,0.4167040820144423,0.024560284132649775,38.97059390700985,-0.006455486656396763,0.04620690181337554,True,23,12,30,100,77,A,-25,14.950000000000003,6.699999999999999,31.9,31.9,Persistence
HTO,H2O America  - Common Stock,Utilities,Utilities - Regulated Water,United States,その他,62.27000045776367,2.606423296,29.218640964794158,0.06967969333506137,0.11646824183315607,0.08001475757937032,0.5702469428796263,-0.5023283201521241,0.3839463364485473,30.841082178760715,-0.012476923463056682,0.041565756439192,True,8,12,26,100,77,A,0,28.7,31.7,54.699999999999996,54.699999999999996,Persistence
HUBG,"Hub Group, Inc. - Class A Common Stock",Industrials,Integrated Freight & Logistics,United States,その他,30.34000015258789,1.855397504,40.379961303081515,-0.060961289301703595,-0.21307127248623253,0.2618163337297215,0.11107974629978284,-0.49104186607111205,0.1772838882936943,17.343476607992073,-0.25101179270118523,0.41645322641033633,False,18,0,25,100,8,D,-5,24.3,10.8,35.35,35.35,Persistence
HURN,Huron Consulting Group Inc. - Common Stock,Industrials,Consulting Services,United States,その他,157.97999572753906,2.513473024,36.752466206054685,0.11653135585702505,0.08797108857519723,0.20690428754720824,0.3180503347864188,-0.038083159491750423,0.35917082983173326,54.45869179037556,0.06030828129797651,0.14872295415020886,True,27,2,45,100,85,S,0,43.75,25.0,66.75,66.75,Persistence
HUT,Hut 8 Corp. - Common Stock,Financial Services,Capital Markets,United States,その他,96.81999969482422,11.933981696,441.52340360832216,0.447904670997937,0.8721537521472958,0.09537159815621646,0.5416174006243674,-1.3633705659335216,0.1559094606568569,52.572461861720704,0.035216836698172514,0.272139553562856,True,22,8,38,65,83,S,-30,4.549999999999997,0.0,23.750000000000007,23.750000000000007,Persistence
HWC,Hancock Whitney Corporation - Common Stock,Financial Services,Banks - Regional,United States,その他,73.8499984741211,5.92447232,59.767542265090945,0.04927584600515912,0.052344677765493446,-0.008489596218204823,,-0.15019699271330045,0.037724832365745864,38.65449208742243,-0.02419338668470704,0.06816654015565428,True,0,12,25,85,77,A,-20,0.4499999999999993,9.45,30.4,30.4,Persistence
HWKN,"Hawkins, Inc. - Common Stock",Basic Materials,Specialty Chemicals,United States,その他,129.02999877929688,2.693516288,24.93698271408081,0.11213210581354657,0.06012977037780065,-0.017042064040346572,0.2261289143818931,0.22982857142857144,0.2650914031370084,49.80313766246249,0.005137874422434308,0.29322829407037454,False,40,14,26,100,73,A,0,52.3,32.8,53.9,53.9,Persistence
IBKR,"Interactive Brokers Group, Inc. - Class A Common Stock",Financial Services,Capital Markets,United States,その他,89.23999786376953,152.048500736,334.6660551887512,0.09725203950193216,0.19635289585206112,0.8575858778625954,0.8976716885149677,0.8148703170028818,9.348553434363315e-05,41.64193341226845,-0.021215843728943872,0.09032704819346915,True,24,24,65,25,100,S,-20,11.75,11.75,42.0,42.0,Persistence
IBOC,International Bancshares Corporation - Common Stock,Financial Services,Banks - Regional,United States,その他,69.94000244140625,4.349674496,26.489076524658202,0.01023342182066381,0.00023876886454006398,0.23516989028675422,,0.028566706031522334,0.007190974361944302,33.93148734492303,-0.034835927616194175,0.09246546965222999,False,20,24,42,85,80,S,-20,15.75,18.75,40.35,40.35,Persistence
ICFI,"ICF International, Inc. - Common Stock",Industrials,Consulting Services,United States,その他,83.55999755859375,1.498555264,15.189536356201172,-0.07274826503982845,0.028803945318906825,0.10296500378659344,0.371634475994086,-0.19920193985904047,0.27867870533726213,31.31310471674243,-0.02508896550005501,0.13432537356822197,True,4,0,25,100,90,S,-5,22.0,19.0,51.75,51.75,Persistence
ICHR,Ichor Holdings - Ordinary Shares,Technology,Semiconductor Equipment & Materials,United States,半導体,57.939998626708984,2.17009792,39.939199853363036,0.11614529350796193,0.04675017260084821,-0.3663466578754739,0.09262366353893624,-1.613334634908239,0.1698956069654749,53.43007526062076,-0.10598011284302572,0.4839686564247412,True,35,2,10,100,65,A,0,47.75,23.0,43.5,47.75,Acceleration
IDCC,"InterDigital, Inc. - Common Stock",Technology,Software - Application,United States,ソフトウェア,334.2099914550781,8.624625664,74.55890699371338,-0.039724081076226575,0.5803037912035925,0.2005137682014181,0.8877214438589234,1.2272323547518458,0.23650165432182493,47.531431456702855,0.04144201839606932,0.1512708044921591,True,30,31,53,85,100,S,0,45.25,46.0,70.4,70.4,Persistence
IESC,"IES Holdings, Inc. - Common Stock",Industrials,Engineering & Construction,United States,その他,324.1300048828125,12.916163584,88.61714333496094,0.16887986858774118,0.2133288070512408,0.09711012697017918,0.25493256943266257,0.1564004333007477,0.05520909516495045,50.56809846714102,-0.029218668198574015,0.1835105146037808,True,7,26,57,65,100,S,0,25.0,39.25,67.6,67.6,Persistence
IMKTA,"Ingles Markets, Incorporated - Class A Common Stock",Consumer Defensive,Grocery Stores,United States,その他,83.7699966430664,1.591158784,9.073966036376953,-0.054184040326931616,-0.042963121580624666,0.03767439955455991,0.23887004156108263,-0.23351805514965165,0.21186971660291334,54.07923542456949,-0.0203072892960618,0.11874270578446292,False,0,0,25,100,90,S,-25,0.0,0.0,31.75,31.75,Persistence
INDB,Independent Bank Corp. - Common Stock,Financial Services,Banks - Regional,United States,その他,81.19999694824219,3.846370816,27.99857094772339,0.24288075325751377,-0.05402650780264413,0.0026116077007022603,,0.14100703626972685,0.03314937773593243,33.73493311419534,-0.027768505094124728,0.06848688018935813,True,29,29,30,85,77,A,-20,22.200000000000003,22.200000000000003,33.15,33.15,Persistence
INOD,Innodata Inc. - Common Stock,Technology,Information Technology Services,United States,その他,69.20999908447266,2.379623424,97.69718075763703,0.4763670282351975,0.9644021895707289,0.098403817673194,0.3952865538438308,0.31430888913468275,0.02627629854145783,75.21399288367984,0.14579641132118915,0.43037037790557486,True,23,32,54,100,10,D,0,33.25,40.0,56.7,56.7,Persistence
INTA,"Intapp, Inc. - Common Stock",Technology,Software - Application,United States,ソフトウェア,36.099998474121094,2.762052352,22.003310069961547,0.14616559549313657,0.17094789360847157,0.2270052127122919,0.7577816045205562,0.19109760145345284,0.02104800851314522,20.68967441563825,-0.019804872933062392,0.24271030289993825,True,22,14,82,100,73,A,0,38.8,32.8,84.69999999999999,84.69999999999999,Persistence
INTC,Intel Corporation - Common Stock,Technology,Semiconductors,United States,半導体,123.0,650.190913536,13001.224845,-0.004670345191239336,-0.020782621523935976,-0.13997525930155105,0.34766238434904356,0.6838911599386817,0.22033401283646048,71.81584206642248,0.24176698516407785,0.12728822286536107,True,49,44,14,10,35,C,0,41.75,38.0,17.200000000000003,41.75,Acceleration
INTU,Intuit Inc. - Common Stock,Technology,Software - Application,United States,ソフトウェア,275.7900085449219,73.701015552,994.8062766725159,0.13897297010249057,0.15634019035922628,0.13342149220489977,0.8017064528161134,0.41657077100115075,0.22891861034089056,24.48668327580333,-0.15049999047482493,0.6005954195625834,False,28,26,75,40,16,D,0,28.6,27.1,54.45,54.45,Persistence
IOSP,Innospec Inc. - Common Stock,Basic Materials,Specialty Chemicals,United States,その他,98.72000122070312,2.431577088,20.045096247863768,-0.03652324699252195,-0.05305829228243021,-0.007587717064724754,0.2769403824521935,-0.486088379705401,0.02876009604889762,71.7411291780841,0.07800465421008156,0.0,True,18,12,25,100,25,D,0,31.0,26.5,43.75,43.75,Persistence
IPAR,"Interparfums, Inc. - Common Stock",Consumer Defensive,Household & Personal Products,United States,その他,117.93000030517578,3.776800256,25.19810316520691,0.024914533592687586,0.10218756521904111,0.21259960631406713,0.6363542309787849,0.008530461612922742,0.1310337562324633,54.032598678303614,0.005737340071596705,0.0760168251468841,True,14,24,62,85,87,S,0,31.950000000000003,39.45,72.75,72.75,Persistence
IPGP,IPG Photonics Corporation - Common Stock,Technology,Semiconductor Equipment & Materials,United States,半導体,78.12000274658203,3.31569536,34.513807813453674,0.027266475222436228,-0.24102501167045584,-0.09940771447178721,0.38002763562026226,-1.0231234769568593,0.007115514709522003,50.334456196636175,-0.053194161257055776,0.4924306355155123,False,22,35,14,85,55,B,0,34.75,44.5,39.95,44.5,Transition
IRDM,Iridium Communications Inc - Common Stock,Communication Services,Telecom Services,United States,その他,48.75,5.166600704,52.426725,0.04932934624802271,0.05053476375418446,0.09665147551987839,0.7154816275630722,-0.020492379069805434,0.6955826707846554,60.770463713639764,0.023923776751157692,0.12223863106942756,True,15,12,39,85,80,S,-10,22.0,19.75,48.7,48.7,Persistence
ITRI,"Itron, Inc. - Common Stock",Technology,Scientific & Technical Instruments,United States,その他,89.75,3.92986112,50.0257525,-0.03017120766360064,0.12292967580083666,0.21055723995357448,0.37686729520267453,0.8450723220607572,0.34078200729054986,24.544175846282172,-0.06384230684732593,0.3504848403734903,False,16,24,38,85,36,C,0,28.35,34.35,49.35000000000001,49.35000000000001,Persistence
JBHT,"J.B. Hunt Transport Services, Inc. - Common Stock",Industrials,Integrated Freight & Logistics,United States,その他,225.4600067138672,21.170694144,274.72076358078004,-0.00728936154300035,-0.0578706458820242,-0.1339499212872905,0.13306202400580844,0.5338476455324928,0.18503447958315436,16.06016381376523,-0.15525552424608982,0.24318796037711765,False,39,24,30,65,41,C,0,43.1,31.85,40.95,43.1,Acceleration
JBLU,JetBlue Airways Corporation - Common Stock,Industrials,Airlines,United States,その他,4.400000095367432,1.660173696,81.05935375691413,-0.023386140747925423,-0.03494539781591264,0.04990172526752566,0.14798057823879937,0.17559322033898306,0.568255884127942,39.823013330756446,-0.13725488003470807,0.31888543817570075,False,20,30,2,100,41,C,-15,19.1,26.6,19.300000000000004,26.6,Transition
JCAP,"Jefferson Capital, Inc. - Common Stock",Financial Services,Credit Services,United States,その他,19.459999084472656,1.117500928,4.729460877494812,0.4152572685252492,0.3413140104992076,,0.6493578068414728,0.6526623785478833,0.675030289267898,27.553454403773017,-0.06501614670726896,0.18034132346998538,False,38,32,32,100,53,B,-35,13.799999999999997,9.299999999999997,18.200000000000003,18.200000000000003,Persistence
JJSF,J & J Snack Foods Corp. - Common Stock,Consumer Defensive,Packaged Foods,United States,その他,77.51000213623047,1.44801152,15.165994567985535,0.0053836946064625925,0.010216643390647723,0.12904952428410843,0.2967863858320285,-0.17331175814346161,0.11839513688372284,22.753695161054196,-0.06308867161354631,0.18888030349191992,False,0,0,37,100,53,B,-25,0.0,0.0,30.950000000000003,30.950000000000003,Persistence
JKHY,"Jack Henry & Associates, Inc. - Common Stock",Technology,Information Technology Services,United States,その他,147.7899932861328,10.361942016,154.96963115997315,0.0711707380326091,0.07210196326589012,0.06634300780381402,0.43653302488386964,0.23436289108003647,0.012715726269832162,27.957507521993165,-0.06145048959406317,0.22359472229118302,False,9,24,46,65,53,B,0,21.8,33.05,52.15,52.15,Persistence
KALU,Kaiser Aluminum Corporation - Common Stock,Basic Materials,Aluminum,United States,その他,152.5500030517578,2.494054144,32.96300465942383,0.11541005291005291,-0.02040816326530612,-0.09944864202573003,0.1311592054550845,-0.8613138686131386,0.4243605739238927,37.043633276797905,-0.06429144420980386,0.21687267377896774,True,35,14,2,100,80,S,0,49.25,33.5,42.1,49.25,Acceleration
KDP,Keurig Dr Pepper Inc. - Common Stock,Consumer Defensive,Beverages - Non-Alcoholic,United States,その他,31.950000762939453,43.478392832,322.44899269981386,0.08155820467721972,0.03624949372215472,0.05385217329444405,0.5420104800337289,-0.06825297432686286,0.29104383418381147,44.71947817974774,0.024097566139466613,0.046268633942105876,True,26,12,41,40,87,S,-20,14.200000000000003,3.700000000000003,29.950000000000003,29.950000000000003,Persistence
KEEL,Keel Infrastructure Corp. - Common Stock,Technology,Information Technology Services,United States,その他,3.799999952316284,2.346778112,127.84892739570736,0.7203355493194471,0.10692691029900332,-0.15466060044373298,-0.0824508452694569,0.27931248585329793,0.5274664749480076,57.53424463661635,0.028834418265132923,0.42942942351675,True,67,44,10,100,75,A,-10,62.75,45.5,35.5,62.75,Acceleration
KLAC,KLA Corporation  - Common Stock,Technology,Semiconductor Equipment & Materials,United States,半導体,187.9199981689453,245.236809728,1814.464361120224,0.11708580389106364,0.23887647752854163,-0.0651491379238068,0.6130145227989652,0.0054688942958017895,0.3426845113802246,52.11292502599414,-0.004628750198748541,0.37644622613394607,True,19,26,38,25,83,S,0,26.3,31.55,43.75,43.75,Persistence
KMB,Kimberly-Clark Corporation - Common Stock,Consumer Defensive,Household & Personal Products,United States,その他,98.43000030517578,32.672888832,465.9415374946213,-0.021303183576316574,-0.01988802052956958,-0.1501363073110285,0.36012646683285704,-0.34779148428173495,0.42671657503801613,25.543086914479957,-0.06651814599753016,0.16785484802892917,False,4,0,21,40,53,B,0,14.3,11.3,32.150000000000006,32.150000000000006,Persistence
KRT,Karat Packaging Inc. - Common Stock,Consumer Cyclical,Packaging & Containers,United States,その他,53.09000015258789,1.05817504,8.938763325691223,0.10673563115043075,0.041863572381184815,-0.040916688930553224,0.3680140590024864,-0.33255909277223666,0.15313918647414196,71.17117024234321,0.15168940504932169,0.01975627211666888,True,39,14,29,100,10,D,-5,40.25,21.5,37.95,40.25,Acceleration
KTOS,"Kratos Defense & Security Solutions, Inc. - Common Stock",Industrials,Aerospace & Defense,United States,防衛/宇宙,45.619998931884766,8.554661376,170.3526033114815,0.18525037402094519,0.09565133545463311,0.154514082155182,0.22861597861597863,,0.05909533073929961,38.32271603148461,-0.11587778201148378,0.6510098033516574,False,23,14,30,85,45,C,0,34.5,27.75,46.75,46.75,Persistence
LASR,"nLIGHT, Inc. - Common Stock",Technology,Semiconductors,United States,半導体,40.33000183105469,2.32664576,44.64853842712402,0.3162056530410782,-0.05417752392566728,-0.13276570078245709,0.29833161137259406,2.1950247789330484,0.1148662796231084,51.1588004755766,-0.22171701249870332,0.5252501085358873,False,66,81,30,100,43,C,0,68.8,80.05,50.1,80.05,Transition
LAUR,"Laureate Education, Inc. - Common Stock",Consumer Defensive,Education & Training Services,United States,その他,37.400001525878906,5.151826432,37.53464153137207,0.08635540219143877,0.05548384141083132,0.19481819989358198,0.2833112995246573,0.6360205661280596,0.23363065696738958,55.74510371957738,0.006789127595960936,0.0756301934709654,True,27,12,50,85,87,S,0,41.7,30.450000000000003,66.15,66.15,Persistence
LCID,"Lucid Group, Inc. - Common Stock",Consumer Cyclical,Auto Manufacturers,United States,その他,4.070000171661377,1.588345216,45.693342477219105,0.6758311133998158,0.35708274046610705,-0.021227233340074748,-0.9280508793830653,-0.30878263070795225,0.3811512151988898,31.28835540338372,-0.2852501350741335,0.8356883287668364,False,58,58,14,100,25,D,-15,46.0,46.0,22.700000000000003,46.0,Acceleration
LECO,"Lincoln Electric Holdings, Inc. - Common Shares",Industrials,Tools & Accessories,United States,電力/エネルギー,271.70001220703125,14.809214976,118.80626433776855,0.05596195246802555,-0.04365025970766546,0.11443787652434283,0.3624500148003675,0.10743738261183232,0.3418408148927209,45.3364891798262,0.009610109485502128,0.08525413471724051,True,24,24,30,65,100,S,0,37.75,37.75,52.75,52.75,Persistence
LFUS,"Littelfuse, Inc. - Common Stock",Technology,Electronic Components,United States,半導体,429.2200012207031,10.901650432,82.44028563446045,0.08924997991571905,-0.07275241391365737,-0.06016157384331976,0.37968624151089514,0.25495982779423054,0.2238748219519025,54.832873917636476,0.01514361426383883,0.12073344434494687,True,30,12,34,65,100,S,0,42.25,28.75,54.95,54.95,Persistence
LGIH,"LGI Homes, Inc. - Common Stock",Consumer Cyclical,Residential Construction,United States,その他,49.9900016784668,1.16138176,15.717356427726745,-0.22568530435422168,-0.06613386020402107,0.023487115174737627,0.2072970805110982,0.032905258389330845,0.42521392875712777,37.30360253985759,-0.10139057655095449,0.24073504770689402,False,2,12,2,100,70,A,-15,8.5,16.0,25.1,25.1,Persistence
LGN,Legence Corp. - Class A Common stock,Industrials,Engineering & Construction,United States,その他,52.52000045776367,8.628245504,44.51989138803482,0.21532858541066863,0.29939407898891807,0.2956764575399458,0.21012620707150115,3.0,0.43353128839484717,48.927037065132346,-0.1257943884114103,0.48645739530955223,False,21,17,77,85,43,C,0,32.8,29.8,72.2,72.2,Persistence
LIF,"Life360, Inc. - Common Stock",Technology,Software - Application,United States,ソフトウェア,41.099998474121094,3.348843008,23.362677632637023,0.3176368295808164,0.21990818276752114,0.33382098508574054,0.778052672115976,1.952037845705968,0.32342386275539553,37.65083868148272,-0.14562431686874056,0.6293624429584245,False,65,69,96,85,33,D,0,64.8,67.8,80.65,80.65,Persistence
LIND,Lindblad Expeditions Holdings Inc.  - Common Stock,Consumer Cyclical,Travel Services,United States,その他,28.450000762939453,1.866880128,26.791081218452454,0.1958844596239959,0.13200759205187318,0.35122894424673784,0.45783696640420013,0.08503441828843375,0.6774014804716121,67.01847788971645,-0.032075861195210054,0.17488395763783054,True,36,32,75,100,80,S,-15,35.0,32.0,67.25,67.25,Persistence
LITE,Lumentum Holdings Inc. - Common Stock,Technology,Communication Equipment,United States,通信/光通信,941.6500244140625,84.466008064,4130.35479383728,0.8322188449848025,0.21027074749852856,-0.23078664402942842,0.4166887856668879,3.0,0.22869654464591174,56.41442476758607,0.09613297535611474,0.10582186235099392,True,78,65,42,40,85,S,0,73.0,63.25,50.1,73.0,Acceleration
LKFN,Lakeland Financial Corporation - Common Stock,Financial Services,Banks - Regional,United States,その他,59.5099983215332,1.479289984,11.501497375602723,0.06100038260828406,0.026853738259083895,0.00875999493358502,,0.10563552865712672,0.026351848391893473,40.398525811090686,-0.023045370339305128,0.06577711760160584,True,32,24,42,100,87,S,-25,22.700000000000003,16.700000000000003,40.5,40.5,Persistence
LKQ,LKQ Corporation - Common Stock,Consumer Cyclical,Auto Parts,United States,その他,23.290000915527344,5.89241856,77.76379920688629,-0.012443029733053607,0.041751450749868114,0.03712677817727059,0.3856860303274485,0.04567901234567901,0.3343463037590011,31.942224818419277,-0.05037644269285275,0.30823945411805015,False,6,12,30,85,53,B,0,22.55,27.05,48.35,48.35,Persistence
LLYVA,"Liberty Live Holdings, Inc. - Series A Liberty Live Group Common Stock",Communication Services,Entertainment,United States,その他,96.31999969482422,8.861958144,12.49125916042328,0.1217587439389356,,,0.19249065979667548,,0.882287138551522,52.79452917114808,-0.020469266544007873,0.08257927750598801,True,5,20,0,85,100,S,-30,0.0,7.75,11.25,11.25,Persistence
LLYVK,"Liberty Live Holdings, Inc. - Series C Liberty Live Group Common Stock",Communication Services,Entertainment,United States,その他,99.36000061035156,9.141654528,29.424967380752562,0.1217587439389356,,,0.19249065979667548,,0.882287138551522,51.50514677705857,-0.025241109327222358,0.08726805021803977,True,5,20,0,85,100,S,-30,0.0,7.75,11.25,11.25,Persistence
LNT,Alliant Energy Corporation - Common Stock,Utilities,Utilities - Regulated Electric,United States,電力/エネルギー,63.599998474121094,16.490507264,146.83077247726442,0.09570459683496609,-0.011422895455674199,-0.04233055885850178,0.45667125171939477,,0.4848145332319635,21.059596157616156,-0.07872189500679719,0.17873086693853873,False,38,12,10,65,53,B,0,43.55,24.05,32.35,43.55,Acceleration
LOPE,"Grand Canyon Education, Inc. - Common Stock",Consumer Defensive,Education & Training Services,United States,その他,147.27999877929688,3.838858496,50.81086317886353,0.07073364814395325,0.07503702262152422,0.05441970095664903,0.5319373999837261,-0.05434050210465402,0.10815525468479953,36.585375116111805,-0.005548897817799171,0.33221493202730185,False,8,0,45,85,63,B,0,25.05,19.05,58.6,58.6,Persistence
LPLA,LPL Financial Holdings Inc. - Common Stock,Financial Services,Capital Markets,United States,その他,314.3599853515625,24.753424384,243.68085804504395,0.3717668325352377,0.23199982731261828,0.1688236884252383,0.2366910133029977,-2.4455433035494942,0.4035453239439255,25.05269388046709,-0.09628104375604325,0.19835489547237492,False,44,8,57,65,53,B,-30,18.049999999999997,0.0,28.200000000000003,28.200000000000003,Persistence
LQDT,"Liquidity Services, Inc. - Common Stock",Consumer Cyclical,Internet Retail,United States,その他,43.61000061035156,1.36637184,10.090918041229248,0.31198839584055843,0.15536376414320333,0.12287805748973397,0.43807128216854885,-0.03842515575561862,0.0367740955102759,66.66666666666666,0.05644892302008843,0.0,True,48,20,66,100,40,C,-5,50.0,29.0,64.30000000000001,64.30000000000001,Persistence
LRCX,Lam Research Corporation - Common Stock,Technology,Semiconductor Equipment & Materials,United States,半導体,315.2099914550781,394.461478912,2924.8067178623965,0.2602085824099699,0.23684089764599187,-0.14477021451510846,0.5046900724797688,-0.09656787360654945,0.15871669316575196,53.355449892360305,0.03591979738964087,0.2718139767174795,True,50,24,41,10,83,S,0,47.3,27.8,41.650000000000006,47.3,Acceleration
LSCC,Lattice Semiconductor Corporation - Common Stock,Technology,Semiconductors,United States,半導体,128.0500030517578,18.150987776,209.8854795021057,0.02721039024265755,-0.30896257769746893,0.11629787569129378,0.6821496688083598,0.09319364624017522,0.047679817012410544,62.79755968631885,0.05444235363564089,0.17530753185875278,True,32,12,42,65,65,A,0,40.25,25.25,52.35,52.35,Persistence
LSTR,"Landstar System, Inc. - Common Stock",Industrials,Integrated Freight & Logistics,United States,その他,163.77000427246094,5.557850112,53.758322752456664,-0.015663241856348868,-0.09127807061309873,-0.286858362775702,0.1310420425991197,-0.15871233316246874,0.08159003872403243,14.357708953101337,-0.09713983494658839,0.2716710949779462,False,30,0,25,85,36,C,0,38.85,16.35,42.2,42.2,Persistence
LUNR,"Intuitive Machines, Inc. - Class A Common Stock",Industrials,Aerospace & Defense,United States,防衛/宇宙,15.609999656677246,2.50466048,109.6116224392271,-0.09152631578947368,1.8660859071539013,-0.07440718590743024,0.02927118938647819,0.17257526071671245,0.49152352097459695,54.79615840781675,0.025907256791777133,0.658424520873614,False,2,30,10,100,65,A,-10,13.0,34.0,33.5,34.0,Transition
LYFT,"Lyft, Inc. - Class A Common Stock",Technology,Software - Application,United States,ソフトウェア,14.864999771118164,5.627000832,148.39565756509782,0.09164250496369176,0.3139318860138855,0.07532205897974059,0.41458198133357693,0.45591027670511713,0.14138709927837634,29.039549581159093,-0.08116528741618753,0.39499389679481584,False,9,24,61,85,36,C,0,23.1,34.35,62.00000000000001,62.00000000000001,Persistence
MANH,"Manhattan Associates, Inc. - Common Stock",Technology,Software - Application,United States,ソフトウェア,206.02999877929688,12.012573696,129.39508043334962,0.03745375842325817,0.12234730409970658,0.21072138123073875,0.5632120452157959,0.30623969713056354,0.06692971545935848,40.286133070951486,0.03917208191583778,0.07923666501072159,True,13,24,58,65,87,S,0,28.200000000000003,36.45,65.55000000000001,65.55000000000001,Persistence
MAR,Marriott International - Class A Common Stock,Consumer Cyclical,Lodging,United States,その他,352.0299987792969,91.797553152,566.5042755355835,0.04326693227091633,0.058491123012693456,0.14152987050498242,0.1994195371572596,0.3046523261630815,0.6202977487291212,65.81093374106405,-0.001205791376329472,0.1237010471236007,True,5,24,32,40,80,S,-10,7.75,22.0,33.6,33.6,Persistence
MARA,"MARA Holdings, Inc. - Common Stock",Financial Services,Capital Markets,United States,その他,12.550000190734863,4.84805632,578.3498162897587,0.38196740292940956,0.6938437400002064,2.290854585445806,0.802621120436383,-0.30018485082967933,0.5002612222290991,59.90415418206105,0.11168197458450685,0.4505253893655126,True,29,8,55,85,45,C,-30,9.0,0.0,30.5,30.5,Persistence
MAT,"Mattel, Inc. - Common Stock",Consumer Cyclical,Leisure,United States,その他,13.289999961853027,3.796953088,52.963972347974774,-0.005934143885004422,-0.011334408705108176,0.001201909143985661,0.4872551786092625,-0.3122071223822887,0.4040833795405144,27.372265060224194,-0.07614665192522294,0.40027075571460075,False,26,0,25,85,28,D,0,35.05,15.55,40.6,40.6,Persistence
MBIN,Merchants Bancorp - Common Stock,Financial Services,Banks - Regional,United States,その他,52.099998474121094,2.393234688,12.345615638427734,0.015405605991318886,0.1924355925839844,0.2718288978225674,,0.558762236885725,0.19757330771137538,45.442834067157456,-0.010175569333482378,0.06302819867803004,True,9,12,37,100,87,S,-30,0.45000000000000284,2.700000000000003,32.75,32.75,Persistence
MBWM,Mercantile Bank Corporation - Common Stock,Financial Services,Banks - Regional,United States,その他,60.029998779296875,1.03767424,6.880038160095215,0.04828599200777622,0.02564159370458332,0.1858281534880544,,-0.8789367952650452,0.07269598823388101,37.602808623104075,0.001521162384035804,0.03395559432050873,True,18,12,37,100,77,A,-25,11.200000000000003,6.699999999999999,35.75,35.75,Persistence
MCBS,"MetroCity Bankshares, Inc. - Common Stock",Financial Services,Banks - Regional,United States,その他,34.97999954223633,1.002528256,2.7072770645713806,0.09849493777835058,0.18322531452535265,-0.12356972608537464,,-0.4048380615607169,0.11016399630903448,38.71859635551428,-0.01355462534649774,0.04867568470152602,True,0,12,25,100,77,A,-25,0.0,6.699999999999999,29.15,29.15,Persistence
MCHB,Mechanics Bancorp - Class A Common Stock,Financial Services,Banks - Regional,United States,その他,15.170000076293945,3.359040256,7.642721888437271,0.748640061174175,,,,-0.34563051781791726,0.01247380765698908,27.89118779713094,-0.046050795525933545,0.10254662420638028,True,22,22,25,85,73,A,-20,16.549999999999997,16.549999999999997,29.6,29.6,Persistence
MCHP,Microchip Technology Incorporated - Common Stock,Technology,Semiconductors,United States,半導体,78.69000244140625,42.729357312,670.0591415390014,0.07076972010178118,-0.42345174473436026,-0.09531088911799211,0.5773482421336276,0.12809221603419246,0.3851886904057731,60.6603966424877,0.036920019469460046,0.22925278428491278,True,31,47,34,40,80,S,0,37.25,49.25,44.7,49.25,Transition
MCRI,"Monarch Casino & Resort, Inc. - Common Stock",Consumer Cyclical,Resorts & Casinos,United States,その他,117.73999786376953,2.110197504,23.167699379653932,0.04392879165661278,0.04129393512776233,0.04940255718082324,0.5504297179545976,0.3767836276117883,0.018654722108048128,39.558017942981046,-0.03206720486398733,0.11829401357694545,True,37,31,50,100,90,S,0,51.75,47.25,70.5,70.5,Persistence
MDB,"MongoDB, Inc. - Class A Common Stock",Technology,Software - Infrastructure,United States,ソフトウェア,410.44000244140625,33.06354688,833.642636758728,0.22794268264784995,0.19217462036790015,0.3107153982741971,0.7174856532417241,3.0,0.008741774075461417,63.19954621627292,0.06326208346589234,0.13095768486415643,True,57,42,97,40,65,A,0,55.25,44.0,76.35,76.35,Persistence
MDLZ,"Mondelez International, Inc. - Class A Common Stock",Consumer Defensive,Confectioners,United States,その他,60.25,77.339901952,483.99337125,0.05751763123953788,0.011800310972900933,0.14351028702057403,0.2837532760723461,-0.08174850979279023,0.30500650467917245,42.04020579290762,-0.029768784769323053,0.0729342671114623,True,18,0,33,40,87,S,0,28.200000000000003,14.700000000000001,45.550000000000004,45.550000000000004,Persistence
META,"Meta Platforms, Inc. - Class A Common Stock",Communication Services,Internet Content & Information,United States,その他,751.6599731445312,1914.85837312,17233.950873561706,0.2216703849824621,0.21941112807816043,0.15687468377226457,0.8199944269179861,-0.14726660748631454,0.22921362435488674,76.56412956361649,0.22157572423407754,0.03334669017785273,True,54,5,85,10,22,D,0,44.2,7.45,53.650000000000006,53.650000000000006,Persistence
MGEE,MGE Energy Inc. - Common Stock,Utilities,Utilities - Regulated Electric,United States,電力/エネルギー,70.05999755859375,2.647147776,12.563509062194825,0.09854581767472642,-0.019534175029800226,-0.03371218959887701,0.4153773125674037,-2.9576103184121,0.28787451432772815,18.022725315772163,-0.10351946882218598,0.1752898707240111,False,34,12,10,100,53,B,0,45.8,29.3,41.1,45.8,Acceleration
MGNI,"Magnite, Inc. - Common Stock",Communication Services,Advertising Agencies,United States,その他,23.969999313354492,3.437876992,55.894682598838806,0.06851998742834907,0.07819786674412225,0.07389237682148929,0.6265594513924586,-0.1927699315902217,0.1979411416156429,48.275862068965516,0.05353373533981195,0.06476784634285794,True,18,26,49,85,72,A,0,33.45,39.45,62.6,62.6,Persistence
MGRC,McGrath RentCorp - Common Stock,Industrials,Rental & Leasing Services,United States,その他,113.2300033569336,2.765718016,16.792009497833252,0.036547881204291824,0.0950901733742706,0.30861696019129575,0.4818461505875126,-0.5191091270396596,0.21845500244578442,58.23295510689946,-0.02058473459483537,0.07797381013456504,True,8,0,53,100,87,S,0,29.700000000000003,23.700000000000003,71.55000000000001,71.55000000000001,Persistence
MIDD,The Middleby Corporation - Common Stock,Industrials,Specialty Industrial Machinery,United States,その他,107.66000366210938,4.868638208,64.67567059997559,0.016177502722809285,-0.028330798959930167,-0.19608029352917153,0.3910765393748973,-0.14105463305673752,0.3471839061712709,40.80072621691096,-0.09959785815242414,0.2532289121966827,False,34,0,25,85,63,B,0,44.55,19.05,47.6,47.6,Persistence
MKSI,MKS Inc. - Common Stock,Technology,Scientific & Technical Instruments,United States,その他,260.82000732421875,17.636012032,348.1255924758911,0.096207473508087,-0.009939260077305357,0.021144629264166902,0.46731111676418213,0.2121951219512195,0.5055707139608913,50.27119533009171,-0.07717829415285526,0.41307871223224985,False,31,24,30,65,55,B,0,38.5,33.25,43.75,43.75,Persistence
MKTX,"MarketAxess Holdings, Inc. - Common Stock",Financial Services,Capital Markets,United States,その他,164.19000244140625,5.779027456,152.0514355609131,0.03570077971158871,0.08577537349826655,0.04767785048030071,0.5942018367703849,-0.013834461104079447,0.14726345634833266,73.68383481457687,0.06465720705246332,0.1431555041678213,True,8,0,45,85,50,B,-20,3.75,0.0,36.0,36.0,Persistence
MLKN,"MillerKnoll, Inc. - Common Stock",Consumer Cyclical,"Furnishings, Fixtures & Appliances",United States,その他,20.059999465942383,1.37878528,15.340984891576767,0.04681326466661217,0.011437548230625068,-0.1122311663526706,0.387536767576854,-0.23697148475909538,0.4503187101612299,18.222215440538193,-0.09987821518801825,0.17428162924055182,True,34,35,21,100,63,B,-5,41.8,42.55,44.15,44.15,Persistence
MNST,Monster Beverage Corporation - Common Stock,Consumer Defensive,Beverages - Non-Alcoholic,United States,その他,43.11000061035156,84.454719488,417.8835576663971,0.10698854045979898,0.04939505130722895,0.13135326134319963,0.5584764218214752,0.19638073878351445,,44.18986802788534,-0.06373384615151627,0.1372823782823801,True,36,33,40,40,90,S,-20,22.0,19.75,30.0,30.0,Persistence
MORN,"Morningstar, Inc. - Common Stock",Financial Services,Financial Data & Stock Exchanges,United States,その他,195.97999572753906,7.351909888,62.315759241485594,0.07489780668981583,0.11601098793289512,0.08981075590719555,0.6103455326109181,-0.014034306081532635,0.35126176814662136,36.3673367779785,-0.01759291656661889,0.15705642248929383,True,15,12,45,85,90,S,-20,13.0,10.75,44.0,44.0,Persistence
MPWR,"Monolithic Power Systems, Inc. - Common Stock",Technology,Semiconductors,United States,半導体,1367.4300537109375,67.199614976,1022.4069397088623,0.26431018078020935,0.21197843907324918,0.015006565790559085,0.551787716644466,0.06271900941650364,0.004761815068860586,64.55288814185468,0.04878406874890341,0.1895824398617673,True,49,17,65,40,80,S,0,50.75,26.75,61.75,61.75,Persistence
MQ,"Marqeta, Inc. - Class A Common Stock",Technology,Software - Infrastructure,United States,ソフトウェア,16.959999084472656,1.784226688,12.842620106735229,0.23252497559147525,-0.25019706553519744,-0.09627696115775602,0.6997650763981795,2.5814438010714866,0.01067386738516478,55.08020299494553,0.02660947157670562,0.21481487106720834,True,51,17,42,100,100,S,-5,58.25,32.75,63.099999999999994,63.099999999999994,Persistence
MRCY,Mercury Systems Inc - Common Stock,Industrials,Aerospace & Defense,United States,防衛/宇宙,82.18000030517578,5.001769472,56.11825680839539,0.07850924321835047,0.09187991978689652,-0.1423242240846427,0.2858465955417833,-0.4280710301727034,0.20997289450209577,49.31896190022988,-0.12926282873401096,0.34886299895959505,False,0,18,25,85,51,B,0,17.85,31.35,45.2,45.2,Persistence
MRTN,"Marten Transport, Ltd. - Common Stock",Industrials,Trucking,United States,その他,12.869999885559082,1.05005216,9.5089350654459,-0.08307080567972872,-0.1482577742817876,-0.10477514443640921,0.1311262804814565,0.48113111689156235,0.000204260623921446,15.802784772218217,-0.12224212123798558,0.29051063968044527,False,23,12,10,100,24,D,-5,29.65,21.4,30.299999999999997,30.299999999999997,Persistence
MRVL,"Marvell Technology, Inc. - Common Stock",Technology,Semiconductors,United States,半導体,261.94000244140625,235.40219904,5262.679809150696,0.42087285211450765,0.04713401238266427,-0.06958240421650111,0.5101774339198984,0.0016551525618883132,0.21495335490211037,70.02192129756001,0.18756167007095473,0.17199816596617032,True,64,85,46,25,35,C,0,55.25,71.0,38.55,71.0,Transition
MSEX,Middlesex Water Company - Common Stock,Utilities,Utilities - Regulated Water,United States,その他,53.470001220703125,1.007585792,6.47307834777832,0.014681280195125003,0.1539807787146517,0.02364037085831784,0.5311052215271144,-1.124213440724893,0.3051919952377361,14.518600149761937,-0.06277028114344022,0.11384231156969608,True,8,0,26,100,63,B,-5,22.3,16.3,46.9,46.9,Persistence
MSFT,Microsoft Corporation - Common Stock,Technology,Software - Infrastructure,United States,ソフトウェア,516.1699829101562,3832.843862016,11258.671277887268,0.1778868679984666,0.1493215623240672,0.15669962013071279,0.6794409337058032,-0.06457108544776641,0.0749311687078705,59.88949612107637,0.08575007147433193,0.0399451775372758,True,35,14,74,10,72,A,0,34.95,19.2,57.6,57.6,Persistence
MSTR,Strategy Inc - Class A Common Stock,Technology,Software - Application,United States,ソフトウェア,158.61000061035156,63.01284352,3934.0006729385377,0.029726662293723675,-0.06610432816602554,-0.006014853864889117,0.686909748487636,-0.01988624827676108,0.13361689530368723,59.23588936586093,0.34799318345017033,0.5590369497795835,True,36,7,22,40,45,C,-10,27.5,5.75,21.1,27.5,Acceleration
MTCH,"Match Group, Inc. - Common Stock",Communication Services,Internet Content & Information,United States,その他,40.54999923706055,9.308292096,144.45288428215028,0.0022486810123548123,0.034141436598083996,0.05508612371320883,0.7280411746167481,0.1603757222484841,0.8905732612298526,42.58209701256863,0.007648662203549332,0.08671176028168273,True,14,24,44,85,100,S,-20,13.25,20.75,45.45,45.45,Persistence
MTSI,"MACOM Technology Solutions Holdings, Inc. - Common Stock",Technology,Semiconductors,United States,半導体,285.57000732421875,21.809246208,377.33792917785644,0.3257773671903484,0.12518526172604552,-0.03963890575706859,0.5469088909060458,0.11815753364668788,0.2557764719306253,56.796987481453826,0.04311105160853882,0.3029437306443777,True,57,27,42,65,83,S,0,60.8,38.3,55.95,60.8,Acceleration
MU,"Micron Technology, Inc. - Common Stock",Technology,Semiconductors,United States,半導体,1082.280029296875,1222.319669248,27059.01377327637,0.48851101111066864,0.615894465894466,-0.49476558944014565,0.39790786023864305,3.0,0.18452136525036836,59.2134411896589,0.14938674127846002,0.10804042875445613,True,40,62,42,10,70,A,0,38.5,55.0,39.6,55.0,Transition
MXL,"MaxLinear, Inc - Common Stock",Technology,Semiconductors,United States,半導体,93.83999633789062,8.510648832,266.7669339894104,0.29710036391070876,-0.4799549377364723,-0.3811544188271925,0.568414659963519,0.9974396648288503,0.18210412910160273,75.40018956339541,0.3134762417904852,0.26704680752472953,True,54,65,18,85,18,D,0,55.05,63.3,34.75,63.3,Transition
MYRG,"MYR Group, Inc. - Common Stock",Industrials,Engineering & Construction,United States,その他,292.5799865722656,4.5552512,83.49355076812743,0.0879159739344316,-0.07728384795981234,0.21118634873636466,0.11585534716881786,3.0,0.06295865344670178,55.118773914385976,-0.0835809271838123,0.4161595120597809,False,33,31,30,85,55,B,0,43.0,41.5,48.75,48.75,Persistence
MZTI,The Marzetti Company - Common Stock,Consumer Defensive,Packaged Foods,United States,その他,100.47000122070312,2.741926912,46.76275736816406,0.010843204363052755,0.019961437343162233,0.027013042879474487,0.24732216374247792,0.012978142076502733,0.15811703280956,40.268134762132775,-0.07132846153836502,0.40762874336614385,False,2,24,42,100,55,B,-20,2.0,18.5,39.1,39.1,Persistence
NAVN,"Navan, Inc. - Class A Common Stock",Technology,Software - Application,United States,ソフトウェア,19.415000915527344,5.055869952,95.33114919540405,,,,0.7126526311292746,,0.10203591959320232,18.42204891999721,-0.2543332066372881,0.36510788214631235,True,12,0,37,85,26,D,0,24.35,15.35,46.800000000000004,46.800000000000004,Persistence
NBN,Northeast Bank - Common Stock,Financial Services,Banks - Regional,United States,その他,130.24000549316406,1.120222336,15.098072636795044,0.08947383880316441,0.35103209719769574,0.24499357728665064,,-2.19784724822164,0.16378405520565828,42.76245907112099,-0.004132747898322594,0.052797857772234044,True,0,12,47,100,87,S,-35,0.0,0.0,33.25,33.25,Persistence
NBTB,NBT Bancorp Inc. - Common Stock,Financial Services,Banks - Regional,United States,その他,51.56999969482422,2.67958016,17.473978696594237,0.2088116969366741,0.1094327888925584,0.0051599527101399475,,0.2380376078043263,0.01121298175862502,42.97186847699113,-0.005693250836252628,0.04212471030838747,True,44,29,50,100,87,S,-20,36.7,25.450000000000003,49.900000000000006,49.900000000000006,Persistence
NCNO,"nCino, Inc. - Common Stock",Technology,Software - Application,United States,ソフトウェア,19.40999984741211,2.0523392,45.14241894512177,0.10010783176764566,0.13453980018592235,0.16709648188286005,0.6055489331367344,0.5466346964389412,0.1691001671009025,23.687940499389782,-0.03792775702801568,0.3065380490842103,True,29,56,72,100,56,B,0,42.35,62.6,75.8,75.8,Persistence
NDAQ,"Nasdaq, Inc. - Common Stock",Financial Services,Financial Data & Stock Exchanges,United States,その他,93.55000305175781,52.292333568,302.47148286712644,0.11648648648648649,0.22031662269129287,-0.026019916479280435,0.4222948438634713,0.14838337182448036,0.3048336714649148,41.42008429843565,-0.011131072905752546,0.06415875356165093,True,14,33,38,40,87,S,-20,5.200000000000003,19.450000000000003,28.300000000000004,28.300000000000004,Persistence
NDSN,Nordson Corporation - Common Stock,Industrials,Specialty Industrial Machinery,United States,その他,325.7699890136719,18.151235584,117.82286077651978,0.03783233782702169,0.0233159301111757,0.014806904895922368,0.5515604005749928,0.34432259756843975,0.3535773557243116,60.10130572478341,0.048666454151904986,0.023757589547538545,True,43,24,46,65,55,B,0,47.5,33.25,52.55,52.55,Persistence
NEXT,NextDecade Corporation - Common Stock,Energy,Oil & Gas Equipment & Services,United States,電力/エネルギー,6.559999942779541,1.746176512,16.148063059146406,,,,,-0.8833935449086239,0.6966999704164584,27.586204061610644,-0.07269977715393501,0.2807017516341346,False,0,0,0,100,36,C,-25,0.0,0.0,7.200000000000003,7.200000000000003,Persistence
NMIH,NMI Holdings Inc - Common Stock,Financial Services,Insurance - Specialty,United States,その他,41.22999954223633,3.101231872,23.971946333847047,0.08520963299440375,0.12429641988038058,0.10400260840715558,,0.06676769270155858,0.10857077845970084,6.521665015779419,-0.06273301820600641,0.09800918030991933,True,2,24,50,85,63,B,-20,0.5500000000000007,17.049999999999997,41.35,41.35,Persistence
NMRK,"Newmark Group, Inc. - Class A Common Stock",Real Estate,Real Estate Services,United States,その他,13.0600004196167,3.196251392,27.055162169280052,0.20285616004662402,0.10854010414642677,-0.08691800155755237,,3.0,0.41894900089995013,14.215698038080276,-0.12704371656175897,0.32166508439409,False,51,42,22,85,24,D,0,53.4,46.65,38.150000000000006,53.4,Acceleration
NN,NextNav Inc. - Common stock,Technology,Software - Infrastructure,United States,ソフトウェア,14.380000114440918,2.427486464,34.792410276889804,-0.1933321573469748,0.46789228379078196,-0.0163015792154865,-0.8674830527006342,-0.32007731958762886,1.1683271327306806,43.670883306305015,-0.05881428450296557,0.3904196684431394,False,0,0,0,100,63,B,-30,0.0,0.0,7.600000000000001,7.600000000000001,Persistence
NOVT,Novanta Inc. - Common Shares,Technology,Scientific & Technical Instruments,United States,その他,143.92999267578125,5.443110912,52.04364605163574,0.03303151451943387,0.07665409193092138,0.02411305338696694,0.4438955741382827,-0.6573823841528121,0.16706656942094156,44.53219961421709,-0.02315440690200119,0.14708152488425927,True,4,0,41,85,100,S,0,25.75,22.75,63.8,63.8,Persistence
NSIT,"Insight Enterprises, Inc. - Common Stock",Technology,Electronics & Computer Distribution,United States,その他,159.02999877929688,4.667347456,58.54291830062866,-0.052233253785640456,-0.051672871366545185,-0.1203458933883964,0.21357930832114735,-0.5234181308152878,0.17456862115912058,47.6190511678098,0.0874693772400958,0.03833825074130202,True,0,0,25,85,72,A,0,19.95,19.95,49.4,49.4,Persistence
NSSC,"NAPCO Security Technologies, Inc. - Common Stock",Industrials,Security & Protection Services,United States,その他,35.65999984741211,1.275502464,14.28914023885727,0.11394607451781456,-0.03812625781167249,0.11072548339088337,0.5920984993772119,0.15204917235611057,0.021699599443578528,37.65989710393081,-0.032512170967713694,0.23550764757731443,False,36,21,38,100,80,S,-5,45.0,33.75,56.900000000000006,56.900000000000006,Persistence
NTAP,"NetApp, Inc. - Common Stock",Technology,Software - Infrastructure,United States,ソフトウェア,201.14999389648438,39.508701184,513.140674679718,0.05371272063298844,0.048500319081046586,-0.014775227915749764,0.7074368231046931,0.3968609865470852,0.2543745346239762,63.16413196818322,0.07297736322848208,0.02863631389866552,True,50,24,38,40,40,C,0,47.5,28.0,38.900000000000006,47.5,Acceleration
NTCT,"NetScout Systems, Inc. - Common Stock",Technology,Software - Infrastructure,United States,ソフトウェア,39.439998626708984,2.86757632,26.356567882270813,0.044735552992114784,-0.008169219547775346,-0.09302592588542749,0.7940759666869114,0.3529029781062032,0.016815338347525202,67.7884359684285,0.008535702952201907,0.12042822273646338,True,53,54,45,100,80,S,0,62.75,63.5,65.75,65.75,Persistence
NTNX,"Nutanix, Inc. - Class A Common Stock",Technology,Software - Infrastructure,United States,ソフトウェア,68.02999877929688,18.406889472,163.74344496185302,0.12436055095359323,0.18108158167102256,0.1534820803104845,0.8679715932287734,0.12064150535943043,0.2993354928419876,49.856739370585956,0.057813543592649584,0.11821130999618777,True,25,26,78,65,85,S,0,37.0,37.75,76.15,76.15,Persistence
NTRS,Northern Trust Corporation - Common Stock,Financial Services,Asset Management,United States,その他,175.72999572753906,32.15079424,171.58452512832642,-0.024606774100164045,0.22394626116483354,0.0018192036916523694,,3.0,0.07900404611909602,31.322813243035625,-0.03881217163890122,0.07787716976252415,True,12,25,30,40,77,A,-20,2.6999999999999993,12.450000000000003,21.9,21.9,Persistence
NTSK,"Netskope, Inc. - Class A Common Stock",Technology,Software - Infrastructure,United States,ソフトウェア,17.670000076293945,7.21974528,136.0961075876236,0.31718214718318755,0.32290609339785636,,0.680777210622894,1.0818861681005956,0.4260883646712844,77.2262756853332,0.19812044300926446,0.2716405643204575,True,38,33,34,85,18,D,0,43.05,39.3,43.550000000000004,43.550000000000004,Persistence
NVDA,NVIDIA Corporation - Common Stock,Technology,Semiconductors,United States,半導体,225.07000732421875,5434.765213696,26121.746587852784,0.654735357900948,1.1420340763599357,1.2585452658115222,0.7106808435754708,0.5886809195931179,0.05338413852797107,43.98492085638155,0.042981776267559994,0.04307943105017807,True,39,34,80,10,87,S,0,39.45,35.7,63.900000000000006,63.900000000000006,Persistence
NVTS,Navitas Semiconductor Corporation - Common Stock,Technology,Semiconductors,United States,半導体,12.199999809265137,3.203176704,136.02603287336825,-0.4488007490816547,0.04840414820781313,1.0940885011728119,0.3103057757644394,0.32358142513034727,0.012931869906028145,53.54609509348204,0.01285157451184367,0.6162315363977787,False,9,12,22,85,65,A,-10,16.0,18.25,36.35,36.35,Persistence
NWBI,"Northwest Bancshares, Inc. - Common Stock",Financial Services,Banks - Regional,United States,その他,15.3100004196167,2.242289152,17.172615070667266,0.25247518094326826,-0.04991502543760531,0.03414810032432106,,0.13103167702358826,0.04122334278882854,39.597345076101846,-0.008479723891148643,0.03158717356775789,True,29,29,30,100,77,A,-20,24.450000000000003,24.450000000000003,36.9,36.9,Persistence
NWE,"NorthWestern Energy Group, Inc.  - Common Stock",Utilities,Utilities - Regulated Electric,United States,電力/エネルギー,68.83999633789062,4.234888448,31.112236344909668,0.0638490836238637,0.06451882827535628,-0.03768615889303083,0.5686721194318246,0.08773148635467323,0.40638269175552627,41.11720344915762,-0.0181781816814649,0.05355032071578186,True,10,12,10,85,87,S,0,28.950000000000003,30.450000000000003,44.150000000000006,44.150000000000006,Persistence
NWL,Newell Brands Inc. - Common Stock,Consumer Defensive,Household & Personal Products,United States,その他,5.429999828338623,2.312636928,37.003276830196384,-0.049854919546293855,-0.0677486782245174,-0.14018395179194418,0.3375902276513048,-0.9282700421940928,0.48707419505366306,31.318679591219706,-0.055362464632692794,0.14353317071732552,True,34,0,21,100,80,S,0,48.5,23.0,52.55,52.55,Persistence
NWS,News Corporation - Class B Common Stock,Communication Services,Entertainment,United States,その他,31.75,17.132903424,40.99290125,0.06814955040227165,0.024236548715462918,0.029955067398901646,,0.4203152364273205,0.18753216675244466,32.2451016181127,-0.0340944891497371,0.09837154722242233,True,23,12,42,65,90,S,0,36.0,27.75,57.35,57.35,Persistence
NWSA,News Corporation - Class A Common Stock,Communication Services,Entertainment,United States,その他,28.489999771118164,15.373745152,129.5404677093029,0.06814955040227165,0.024236548715462918,0.029955067398901646,,0.4203152364273205,0.18753216675244466,31.644994875405374,-0.02282628712698022,0.08349273716759507,True,23,12,42,65,90,S,0,36.0,27.75,57.35,57.35,Persistence
NXST,"Nexstar Media Group, Inc. - Common Stock",Communication Services,Broadcasting,United States,その他,162.10000610351562,4.994025472,64.4452889265442,-0.08470501202145367,0.09608757348469492,-0.0533486854730378,0.5483936148716912,-0.32760180995475113,0.5876820947814863,35.51623447452623,-0.09769179175951405,0.34839848201929147,False,8,0,25,85,53,B,0,24.05,18.05,45.6,45.6,Persistence
NXT,Nextpower Inc. - Common Stock,Technology,Solar,United States,電力/エネルギー,80.8499984741211,12.421660672,169.45310755191804,0.20282292797674503,0.18375408675991792,0.3142276292401651,0.32592522876110797,-0.1740532230857426,,43.08973480844612,-0.11223113521896981,0.4830562555671655,False,31,17,74,65,55,B,0,38.5,28.0,67.95,67.95,Persistence
OCFC,OceanFirst Financial Corp. - Common Stock,Financial Services,Banks - Regional,United States,その他,17.100000381469727,1.652633216,17.44789988923073,0.05405860825149417,-0.047414820109602095,-0.076193234476367,,-0.06099721290566394,0.10850498516339627,11.803294271264889,-0.09710821647460255,0.14676840612694197,False,30,0,25,100,53,B,-25,17.799999999999997,0.0,24.35,24.35,Persistence
ODFL,"Old Dominion Freight Line, Inc. - Common Stock",Industrials,Trucking,United States,その他,173.3000030517578,35.93490432,328.4754252843475,-0.054760344706017906,-0.008752245083318674,-0.06292654227735538,0.3302830276386915,0.07560433125179483,0.00731148631849891,29.043031405421218,-0.14166462365861499,0.3021784104700743,False,6,12,34,40,24,D,0,12.9,17.4,33.5,33.5,Persistence
OKTA,"Okta, Inc. - Class A Common Stock",Technology,Software - Infrastructure,United States,ソフトウェア,195.19000244140625,34.123296768,813.6944188775635,0.11839080459770115,0.15333627927529828,0.21797631862217437,0.7735525865022268,0.1821917808219178,0.04346035015447992,64.30648528470218,0.2338733404560159,0.055410360927516396,True,28,40,82,40,37,C,0,30.7,39.7,62.5,62.5,Persistence
OLED,Universal Display Corporation - Common Stock,Technology,Electronic Components,United States,半導体,77.38999938964844,3.55737344,62.16390395973205,0.004519179105860265,0.12361453015028737,-0.0651780110570709,0.7631057575110166,-0.3161631999545246,0.009785809074623095,41.61280966809347,-0.06142767847033842,0.47796967903226023,False,15,12,40,85,55,B,0,29.5,27.25,54.25,54.25,Persistence
OLLI,"Ollie's Bargain Outlet Holdings, Inc. - Common Stock",Consumer Defensive,Discount Stores,United States,その他,84.25,5.004652544,178.2013875,0.1661716640144737,0.08039475674169219,0.15087665140127937,0.40500710026204156,0.820954162768943,0.23212822674336953,64.6186055718841,0.12697723326608343,0.3658261488196463,False,36,26,54,85,23,D,0,42.05,34.55,55.550000000000004,55.550000000000004,Persistence
ON,ON Semiconductor Corporation - Common Stock,Technology,Semiconductors,United States,半導体,77.19999694824219,30.055397376,859.6717600167084,-0.15346709402312808,-0.1418514479583182,-0.008791525545867263,0.33090369283117055,0.1700758825470142,0.23992143148010636,53.99207380729636,-0.006795512734777055,0.42357947308241456,False,6,12,34,40,65,A,0,17.0,21.5,41.7,41.7,Persistence
ONB,Old National Bancorp - Common Stock,Financial Services,Banks - Regional,United States,その他,25.489999771118164,9.751708672,103.57377096998215,0.33886596516536904,0.026673091949610536,0.06296177320912304,,0.07667542207545416,0.09826210281973324,40.74073122660369,-0.019063761570055175,0.06071592107515024,True,34,32,50,85,87,S,-20,26.950000000000003,25.450000000000003,46.150000000000006,46.150000000000006,Persistence
ONDS,Ondas Inc - Common Stock,Technology,Communication Equipment,United States,通信/光通信,7.639999866485596,4.448792576,492.4772181936121,3.0,-0.5415969099055982,3.0,0.3973113086672843,-0.16140669829275914,0.01373890952040048,50.649350649350644,-0.04497613826933389,0.4546752504160838,False,57,40,22,85,65,A,-10,52.0,39.25,36.35,52.0,Acceleration
OPEN,Opendoor Technologies Inc  - Common Stock,Real Estate,Real Estate Services,United States,その他,2.569999933242798,2.479373056,79.20708954255105,-0.15175625849019989,-0.2581341779441405,-0.5537997045031156,0.08007320979180965,2.67258064516129,0.5484004985459078,22.64150646327917,-0.2407905423398724,0.7257203879795509,False,42,25,22,100,16,D,0,48.1,35.35,40.300000000000004,48.1,Acceleration
ORLY,"O'Reilly Automotive, Inc. - Common Stock",Consumer Cyclical,Auto Parts,United States,その他,86.12000274658203,69.663653888,564.1613729925156,0.0642495944723634,0.056679409951145475,0.0973215562122047,0.5159231316716373,-0.21370711221904767,0.5134459486137986,43.98369560425483,-0.02629190192309326,0.20118723034218977,False,26,12,37,40,90,S,0,34.5,24.0,48.35,48.35,Persistence
OSBC,"Old Second Bancorp, Inc. - Common Stock",Financial Services,Banks - Regional,United States,その他,24.950000762939453,1.26934912,11.807463111057281,0.19006141501041446,-0.0038720652556879856,0.14724159331057798,,-0.02473787951567754,0.04565635786126393,33.89125245700687,-0.006830969389588167,0.03705129641552433,True,23,2,33,100,77,A,-25,14.950000000000003,0.0,33.550000000000004,33.550000000000004,Persistence
OSIS,"OSI Systems, Inc. - Common Stock",Technology,Electronic Components,United States,半導体,197.24000549316406,3.144393728,47.66699212753296,0.042504929469765335,0.1133433587347718,0.20363384064948567,0.33208136243101843,3.0,0.4000272532699928,40.55237124835552,-0.07570292044810635,0.3630844414942104,False,16,24,46,85,63,B,0,31.05,37.05,59.15,59.15,Persistence
OTTR,Otter Tail Corporation - Common Stock,Industrials,Conglomerates,United States,その他,89.33999633789062,3.750991616,23.24671374710083,-0.01990909008919633,-0.013799636219709064,-0.07604596328333821,0.4320191279835713,0.040773376133331915,0.27842616526233394,48.12965540859782,-0.013697045088746087,0.04646254673443992,True,6,12,30,85,87,S,0,25.950000000000003,30.450000000000003,55.150000000000006,55.150000000000006,Persistence
OUST,"Ouster, Inc. - Common Stock",Technology,Electronic Components,United States,半導体,43.720001220703125,3.15275136,90.94088153915405,0.5245947381211691,0.33408182134751857,1.0297594384459772,0.49258489585793225,-0.7316154873164219,0.0488675768777395,69.56521472050952,0.13362342042625977,0.30070376038722474,True,54,58,56,85,33,D,-10,46.55,49.55,48.650000000000006,49.55,Transition
OZK,Bank OZK - Common Stock,Financial Services,Banks - Regional,United States,その他,46.88999938964844,5.112773632,52.39863651794433,0.04204718910439849,0.06152426899798596,0.24292040151343353,,-0.009635270042011347,0.011366150605210044,21.266243417174053,-0.060945436686012024,0.11678283565868915,False,0,0,45,85,53,B,-20,0.0,0.0,36.6,36.6,Persistence
PAGP,"Plains GP Holdings, L.P. - Class A Shares representing limited partner interests",Energy,Oil & Gas Midstream,United States,電力/エネルギー,26.579999923706055,6.193151488,45.82458436846733,-0.09464296672053019,0.03280801081629204,-0.1744968783788497,0.06497672947449279,0.12208436724565756,0.3664471159994884,17.412952319136394,-0.003678367782530827,0.0663856492880873,True,2,24,26,85,60,B,0,20.25,36.75,47.55,47.55,Persistence
PANW,"Palo Alto Networks, Inc. - Common Stock",Technology,Software - Infrastructure,United States,ソフトウェア,374.739990234375,306.537299968,2660.6782887634276,0.24498427502440082,0.14874797558240938,0.1645654097813629,0.7035714285714286,0.1856442778898818,0.051588939331407346,66.97494800921372,0.05109684589029113,0.05368689334753788,True,41,17,79,10,52,B,0,37.45,19.45,56.35,56.35,Persistence
PATK,"Patrick Industries, Inc. - Common Stock",Consumer Cyclical,Recreational Vehicles,United States,その他,68.48999786376953,2.19977984,40.03240375137329,0.06326965997906711,0.07140564785059017,-0.2896075521848996,0.23105858018165054,0.08321840521564694,0.4853158501437175,15.017046183719359,-0.1556297811278359,0.523328803327701,False,2,12,22,100,16,D,0,18.1,25.6,40.300000000000004,40.300000000000004,Persistence
PAX,Patria Investments Limited - Class A Common Shares,Financial Services,Asset Management,United States,その他,10.239999771118164,1.652672896,11.3411069465065,0.02011202445724792,0.1421995806078439,0.2655315072408905,0.8422628559453017,0.8401313352171608,0.13288930773609148,29.54543976744216,-0.06584086025863996,0.39441869447009664,False,24,24,65,100,36,C,-25,11.600000000000001,11.600000000000001,42.95,42.95,Persistence
PAYO,Payoneer Global Inc. - Common Stock,Technology,Software - Infrastructure,United States,ソフトウェア,7.170000076293945,2.429560576,20.891910372304917,0.13912355903283533,0.20051160009925575,0.049163857977289366,,0.2508044931478637,0.008075953915045113,50.0,0.006428799911568313,0.0013927231592972854,True,10,14,50,100,75,A,0,30.0,33.0,67.5,67.5,Persistence
PAYX,"Paychex, Inc. - Common Stock",Technology,Software - Application,United States,ソフトウェア,101.37000274658203,36.085743616,339.976235761528,0.16876357305669723,0.055586078851145256,0.05416308841445148,0.7428593366093366,0.3584927739746065,0.2849114346656775,13.496059059070575,-0.14244218310126086,0.20394215751662542,False,52,26,50,40,41,C,0,49.1,29.6,45.7,49.1,Acceleration
PCAR,PACCAR Inc. - Common Stock,Industrials,Farm & Heavy Construction Machinery,United States,その他,111.30999755859375,58.589683712,379.67394927246096,-0.15503300281014026,-0.0416654805080934,0.21886764955915572,0.16655065249184386,0.046247366421441644,0.3526756916470063,9.741444804122352,-0.11844457160116566,0.19249884600185305,False,2,12,26,40,53,B,-20,0.0,0.3000000000000007,14.900000000000006,14.900000000000006,Persistence
PCT,"PureCycle Technologies, Inc. - Common stock",Industrials,Pollution & Treatment Controls,United States,その他,5.019999980926514,1.008542144,19.74355952498436,,,,-12.083542788749252,0.08394291702010878,0.45425430220686575,24.72324969973336,-0.21021994914657235,0.6682088603465941,False,2,30,2,100,16,D,-15,3.1000000000000014,24.1,14.3,24.1,Transition
PCTY,Paylocity Holding Corporation - Common Stock,Technology,Software - Application,United States,ソフトウェア,143.35000610351562,7.605715968,94.90487154083252,0.11039536214731376,0.13740031300913003,0.19403830076332498,0.691855705838451,0.248130567088061,0.027224048687667857,33.71158215504087,-0.00777647291612294,0.1242592463468955,True,25,26,72,85,90,S,0,40.5,41.25,78.85,78.85,Persistence
PDFS,"PDF Solutions, Inc. - Common Stock",Technology,Software - Application,United States,ソフトウェア,49.54999923706055,2.092358528,31.707292261791228,0.2204273813835567,0.08219012874242469,0.11636564365966785,0.7232129812258017,-0.08784954219252661,0.17391813172771717,60.209420946768184,0.05246387163269547,0.30004239869712923,True,42,5,42,100,48,C,0,51.3,23.55,57.7,57.7,Persistence
PEBO,Peoples Bancorp Inc. - Common Stock,Financial Services,Banks - Regional,United States,その他,39.220001220703125,1.409657728,11.241628949890137,0.022941267920753263,0.050547489312951804,0.3052897612640308,,-0.05620943790562094,0.07400760443664679,40.20354776869131,-0.02171474380109086,0.06181790706846247,True,0,0,45,100,87,S,-25,0.0,0.0,42.150000000000006,42.150000000000006,Persistence
PEGA,Pegasystems Inc. - Common Stock,Technology,Software - Application,United States,ソフトウェア,33.75,5.547844608,80.29681875,0.16606687238675377,0.04506720572714531,0.08708990814549511,0.7586326591866708,0.4509245625550687,0.04655285676817147,34.84467044356812,0.01074448615049539,0.49112059692282845,False,49,33,57,85,55,B,0,55.0,43.0,63.6,63.6,Persistence
PENG,"Penguin Solutions, Inc. - Common Stock",Technology,Information Technology Services,United States,その他,56.220001220703125,2.880864768,81.64071807266235,0.16911400448925346,-0.18765238508239376,0.03250575265997839,0.2880448044044612,0.7325184813282318,0.32437175364828097,58.29613601552332,0.05239908351350202,0.309251730651156,True,35,56,26,100,68,A,0,48.05,63.8,52.9,63.8,Transition
PENN,"PENN Entertainment, Inc. - Common Stock",Consumer Cyclical,Resorts & Casinos,United States,その他,15.649999618530273,2.09969024,47.10743785175323,0.05820829722868306,0.033821056436530515,-0.006060890076073543,0.33793995115644304,0.022614451185879757,0.7900059571783999,32.0706933265388,-0.15358740635524845,0.2905711696552065,False,36,12,4,100,41,C,-10,36.1,18.1,25.4,36.1,Acceleration
PEP,"PepsiCo, Inc. - Common Stock",Consumer Defensive,Beverages - Non-Alcoholic,United States,その他,128.6300048828125,175.708585984,1150.7253099816894,0.022546650118666578,0.004187119414896525,0.058790165756088524,0.541485227575193,0.06718597857838364,0.4646318867028557,19.676542382222465,-0.05978309024210388,0.22256080746955823,False,28,12,42,25,53,B,-20,10.05,0.0,19.950000000000003,19.950000000000003,Persistence
PFBC,Preferred Bank - Common Stock,Financial Services,Banks - Regional,United States,その他,109.4800033569336,1.297679232,17.015382121734618,-0.0019756373279241016,-0.03132941943010749,0.15228260784113332,,0.019443171052229456,0.050493970332179346,71.81556286101421,0.04205536215689125,0.0,True,20,24,30,100,40,C,-25,9.0,12.0,24.5,24.5,Persistence
PFG,Principal Financial Group Inc - Common Stock,Financial Services,Asset Management,United States,その他,114.7699966430664,24.572788736,177.51016300796508,-0.031138972079093732,0.18015044856503096,-0.22070471769663721,,-0.0210405593171743,0.01158251959346938,44.187453622312184,0.01666479104946257,0.03155856405153739,True,0,0,25,65,87,S,-20,0.0,0.0,27.400000000000006,27.400000000000006,Persistence
PGY,Pagaya Technologies Ltd. - Class A Ordinary Shares,Technology,Software - Infrastructure,United States,ソフトウェア,17.6200008392334,1.469963392,42.57397462778091,0.2556278930864566,0.2998599921844066,0.1275141739153271,0.4060535572854605,3.0,0.5553245523360291,24.621207810957102,-0.1311079655879041,0.4913394587270452,True,35,74,73,100,26,D,-5,38.85,68.1,65.35000000000001,68.1,Transition
PI,"Impinj, Inc. - Common Stock",Technology,Semiconductors,United States,半導体,178.27999877929688,5.447240704,73.0225961000061,-0.01369073471606476,0.19037585476963897,0.19293638479441427,0.5253119158069653,-0.5873576862893217,0.5579710410758897,56.50933582891793,0.08389747365456504,0.2630317222089271,True,8,0,33,85,68,A,0,25.55,19.55,53.00000000000001,53.00000000000001,Persistence
PLAB,"Photronics, Inc. - Common Stock",Technology,Semiconductor Equipment & Materials,United States,半導体,30.399999618530273,1.793513856,34.40048756833077,-0.020361129758946925,-0.02817024558445693,0.08189567872861407,0.3530344026921184,-0.5432433883125148,0.00330223758599173,57.829838254101965,0.00981914403842339,0.44687044896405564,False,22,12,29,100,65,A,-5,33.0,25.5,48.95,48.95,Persistence
PLMR,"Palomar Holdings, Inc. - Common stock",Financial Services,Insurance - Property & Casualty,United States,その他,123.98999786376953,3.2631296,27.606373024368285,0.5815589775810985,0.4733298574719493,0.14931852784894492,,0.5912541959592121,,27.76403804294074,-0.06770703941555385,0.1436318474444196,False,57,34,57,85,53,B,-20,40.8,23.549999999999997,43.2,43.2,Persistence
PLPC,Preformed Line Products Company - Common Stock,Industrials,Electrical Equipment & Parts,United States,電力/エネルギー,423.3299865722656,2.069533696,29.49763346435547,0.12737445975671788,-0.11343494420461146,0.051266755727048245,0.31156007876439107,-0.36900187397073575,0.07212742552641363,60.57102713361733,0.053076956709878484,0.11947501664828918,True,27,2,29,100,65,A,0,41.75,23.0,53.95,53.95,Persistence
PLTR,Palantir Technologies Inc. - Class A Common Stock,Technology,Software - Infrastructure,United States,ソフトウェア,189.6699981689453,455.788101632,4999.87185473175,0.5618339093221548,0.2878613688375613,0.16745152216493142,0.8236651721415028,0.8406361201194149,0.0257671796927596,69.35890740586689,0.15704081919424506,0.08451585638502054,True,82,64,90,10,50,B,0,68.0,54.5,62.00000000000001,68.0,Acceleration
PLUG,"Plug Power, Inc. - Common Stock",Industrials,Electrical Equipment & Parts,United States,電力/エネルギー,1.9800000190734863,2.766446592,91.92326308550358,0.12898090691365013,-0.29452958467027174,0.27072878649635035,-0.3409403044572691,0.3776643136502238,0.3843306477224725,35.38460240560819,-0.0746798605757822,0.5217391104038155,False,38,62,6,100,45,C,-10,38.0,56.0,27.299999999999997,56.0,Transition
PLUS,ePlus inc. - Common Stock,Technology,Software - Application,United States,ソフトウェア,90.51000213623047,2.36697984,20.89242379310608,0.22117192155858909,-0.08175419798195707,0.05345554858060916,0.25222871680363423,-1.4064350532549161,0.06646096064747978,44.61748179431737,0.009918617224071283,0.06445965773873127,True,27,17,10,100,87,S,-10,33.95,26.450000000000003,37.900000000000006,37.900000000000006,Persistence
PLXS,Plexus Corp. - Common Stock,Technology,Electronic Components,United States,半導体,263.0899963378906,7.011900928,57.48253329986572,0.018213115594293817,-0.05925413954570987,0.10467029161183071,0.10079777513621488,-0.5489071838743701,0.05329809920595707,63.971910668169535,0.03945494412622797,0.1340596735055156,True,18,12,25,85,80,S,0,34.25,29.75,51.0,51.0,Persistence
POOL,Pool Corporation - Common Stock,Industrials,Industrial Distribution,United States,その他,164.91000366210938,5.992952832,140.7308989251709,-0.0040589702074185175,-0.04162014726806993,-0.10326216675914648,0.2972849830112928,-0.4838905470977639,0.42332533397901784,17.91472054983666,-0.11150239327646222,0.45822789099652694,False,30,0,17,85,28,D,0,38.05,15.55,36.2,38.05,Acceleration
POWI,"Power Integrations, Inc. - Common Stock",Technology,Semiconductors,United States,半導体,52.220001220703125,2.91770368,44.50397384033203,0.058550312311294525,-0.05750914432511956,-0.31729065113693256,0.5448631804899167,0.36351827216527116,,55.640537325320764,-0.08381522445071324,0.3996693900573713,False,43,12,28,100,63,B,0,53.55,30.3,53.00000000000001,53.55,Acceleration
POWL,"Powell Industries, Inc. - Common Stock",Industrials,Electrical Equipment & Parts,United States,電力/エネルギー,189.52999877929688,6.904890368,107.9562873046875,0.09083958607446392,0.4476539664925898,0.31305226237462025,0.293738760031078,0.6052184012942299,0.001500472504562735,58.154503052202834,-0.04653230078534749,0.4110259251170192,False,12,24,67,85,65,A,0,28.25,37.25,71.1,71.1,Persistence
PPC,Pilgrim's Pride Corporation - Common Stock,Consumer Defensive,Packaged Foods,United States,その他,27.81999969482422,6.6241792,37.19186209201813,0.03463765076874518,0.029723969006953434,-0.006077267510313064,0.1274840515391414,-0.5636754660251762,0.3241622540854041,25.818183205344468,-0.05074522264787344,0.36425958039548895,False,30,0,21,85,36,C,-20,18.85,0.0,20.0,20.0,Persistence
PPLI,People Incorporated - Common Stock,Communication Services,Internet Content & Information,United States,その他,40.0,2.978557184,49.4174,-0.08730794650590114,-0.1018297234057785,-0.44235972097003406,0.6616376725783045,-0.8760662613695273,0.1999548713743013,54.34220793725402,0.0017555790980617134,0.1600167808232072,False,48,25,37,100,90,S,0,60.0,42.75,63.35,63.35,Persistence
PRCH,"Porch Group, Inc. - Common Stock",Financial Services,Insurance - Property & Casualty,United States,その他,16.530000686645508,1.876483072,25.43305905647278,0.11264229816308488,0.05582854324447661,0.5723324684360822,,2.1704476470985004,0.49262687431889973,34.36807343841653,0.04351453470049061,0.08471754288709436,True,35,45,49,100,90,S,-25,25.25,32.75,44.95,44.95,Persistence
PRDO,Perdoceo Education Corporation - Common Stock,Consumer Defensive,Education & Training Services,United States,その他,30.489999771118164,1.9079744,20.32112749745369,0.2419520801804883,-0.04048005363350066,0.021282839092760727,0.7665276753465328,0.38029802062827694,0.09483801214538233,22.51525779138754,-0.055240899005053065,0.18868597053321906,False,47,29,45,100,53,B,-5,50.55,37.05,55.35,55.35,Persistence
PRGS,Progress Software Corporation - Common Stock,Technology,Software - Infrastructure,United States,ソフトウェア,39.34000015258789,1.613449216,21.484754283332826,0.29787539039220395,0.0849174657529315,0.15352824606777596,0.808166237315037,0.11244958504614908,0.5818205787786583,32.971805998258986,-0.06307009524272882,0.16065711437800698,True,44,29,64,100,80,S,-5,51.0,39.75,71.2,71.2,Persistence
PSIX,"Power Solutions International, Inc. - Common Stock",Industrials,Specialty Industrial Machinery,United States,電力/エネルギー,46.650001525878906,1.076003328,18.44541060333252,0.5177627860755052,0.03702614315003279,-0.0464543257993946,0.2559492251576332,-0.7554944579896595,0.3604515650566811,66.84901250899156,0.2485079820686462,0.5502313827916993,False,48,22,36,100,15,D,-5,47.5,28.0,42.8,47.5,Acceleration
PSKY,Paramount Skydance Corporation - Class B Common Stock,Communication Services,Entertainment,United States,その他,9.960000038146973,11.146963968,217.4247092327404,-0.014805072170511264,-0.016647874245539564,0.054852025467011824,0.2963749015849108,2.326530612244898,0.3416547459738821,38.272207909771026,0.022817728942748788,0.4797566290348709,False,36,26,26,65,55,B,0,42.25,34.75,41.55,42.25,Acceleration
PSMT,"PriceSmart, Inc. - Common Stock",Consumer Defensive,Discount Stores,United States,その他,174.72999572753906,5.392259072,39.097583843994144,0.07248746310973488,0.11379736627014295,0.08503224102350831,0.17350202861656738,1.6424802786599733,0.14501288363916645,51.772620913208684,-0.01417274967984664,0.11363654307333938,True,12,24,42,85,100,S,0,31.75,40.75,64.35,64.35,Persistence
PTC,PTC Inc. - Common Stock,Technology,Software - Application,United States,ソフトウェア,138.1199951171875,14.98688512,236.73490923095704,0.19175956896581728,0.0960485977226136,0.08467491867729901,0.8375515565345831,0.16460170254184986,0.20701698550377715,46.364077069972794,-0.013647012393749798,0.3290911818472363,False,62,40,65,65,73,A,0,63.55,47.05,66.6,66.6,Persistence
PTEN,"Patterson-UTI Energy, Inc. - Common Stock",Energy,Oil & Gas Drilling,United States,電力/エネルギー,10.90999984741211,4.141628672,93.63927404035569,-0.1025095060145101,0.29698976668268035,0.5661234812614633,0.04762293478837382,-0.25135271044956253,0.22986766277722545,27.327336357596167,-0.034310417301105865,0.1703421928592056,True,0,18,33,85,73,A,0,20.05,33.55,54.00000000000001,54.00000000000001,Persistence
PTON,"Peloton Interactive, Inc. - Common Stock",Consumer Cyclical,Leisure,United States,その他,4.920000076293945,2.159249408,45.67309870824814,-0.0179861891761683,-0.0776181306473115,-0.035674749134021355,0.5260425183973835,0.16682113067655235,0.8314120336592247,30.64514950583876,-0.11333776850581333,0.4533333248562283,False,34,61,28,100,45,C,-20,25.0,45.25,29.400000000000006,45.25,Transition
PTRN,Pattern Group Inc. - Series A Common Stock,Consumer Cyclical,Internet Retail,United States,その他,17.020000457763672,3.388709376,27.495129939498902,0.3925895284442764,0.31450428383136336,0.37947371874794933,0.4359490907782506,0.5817383810649939,0.032538762123551265,24.921118753880876,-0.21158440767286327,0.42108841229248584,True,45,20,89,85,26,D,0,49.1,30.35,75.4,75.4,Persistence
PWP,Perella Weinberg Partners - Class A Common Stock,Financial Services,Capital Markets,United States,その他,14.470000267028809,1.408355584,21.06289413869381,-0.1447953906375457,0.3536364645449332,0.02714934276262971,0.4332237319600534,-0.8527615661113902,0.2332715257692409,30.550922954722424,-0.08450883512046177,0.39863513447313764,False,14,57,29,100,53,B,-25,5.800000000000001,38.05,26.550000000000004,38.05,Transition
PYPL,"PayPal Holdings, Inc. - Common Stock",Financial Services,Credit Services,United States,その他,55.040000915527344,47.44448,797.1192900591659,0.0432430732459037,0.06805280306338383,0.08187368268042736,0.4662064391655613,-0.17777449386729718,0.12456812143739164,50.395265856433234,-0.029111462039624517,0.2689635737454044,True,8,12,45,40,83,S,-20,0.3000000000000007,3.3000000000000007,31.35,31.35,Persistence
QBTS,D-Wave Quantum Inc. - Common Stock,Technology,Computer Hardware,United States,その他,17.40999984741211,6.609299456,280.2800184935188,1.7854310637815793,0.007878511075588034,0.22096751707793114,0.8258835970228169,-0.6938807229450686,0.0474518269559397,55.88652332605836,-0.04380589075652417,0.6112103545777391,False,68,40,45,85,65,A,-10,60.25,39.25,49.0,60.25,Acceleration
QCOM,QUALCOMM Incorporated - Common Stock,Technology,Semiconductors,United States,半導体,201.97000122070312,215.716184064,2941.4739303282167,0.1365946306657769,0.08771635957565606,-0.18959276018099547,0.5542859723602204,0.14864259474957442,0.29537522685120554,72.82591765961921,0.1905825692739151,0.18803579135971293,True,45,14,34,25,35,C,0,41.0,17.75,31.950000000000003,41.0,Acceleration
QCRH,"QCR Holdings, Inc. - Common Stock",Financial Services,Banks - Regional,United States,その他,100.91999816894531,1.652626944,10.85192740310669,0.06509490048537228,-0.014929417420567283,0.1284065242192406,,-0.11483400700417701,0.06640833295911323,39.67662163991651,-0.0064230142832758,0.05178459563743607,True,18,12,25,100,77,A,-25,11.200000000000003,6.699999999999999,29.15,29.15,Persistence
QLYS,"Qualys, Inc. - Common Stock",Technology,Software - Infrastructure,United States,ソフトウェア,172.42999267578125,6.07246848,130.42604645996093,0.10131161625554873,0.09579264795530049,0.13218697100197457,0.828480478236503,0.31347083189506386,0.04773528168235957,50.43790650570175,0.010621359533032967,0.11971621208127135,True,46,26,65,85,100,S,0,57.25,42.25,77.0,77.0,Persistence
QMCO,Quantum Corporation - Common Stock,Technology,Computer Hardware,United States,その他,31.68000030517578,1.2485088,48.90045647106171,0.020152668413255588,-0.1204813863928113,-0.26174607950681983,0.3685550877920889,-0.38522408963585436,0.9803941564898146,77.25490495270374,0.6104107525216282,0.0,True,40,32,4,100,10,D,-35,11.0,5.0,0.0,11.0,Acceleration
QRVO,"Qorvo, Inc. - Common Stock",Technology,Semiconductors,United States,半導体,117.97000122070312,10.407078912,174.5737773564148,-0.010877740106066973,-0.013406265966946333,0.05606181881039357,0.4589083046238471,0.4023074605552598,0.2659222499351997,64.6014336959787,0.18089744033755076,0.013546242719251797,True,37,31,34,65,25,D,0,40.0,35.5,39.95,40.0,Acceleration
QS,QuantumScape Corporation - Common Stock,Consumer Cyclical,Auto Parts,United States,その他,4.909999847412109,3.02036224,55.52605897441864,,,,,0.17236239689788066,0.05427487241582808,31.493517652402744,-0.11097433454322077,0.7337310355092657,False,2,30,10,85,45,C,-10,8.75,29.75,25.75,29.75,Transition
QUBT,Quantum Computing Inc. - Common Stock,Technology,Computer Hardware,United States,その他,8.960000038146973,2.028067968,63.15559066888332,0.8284182305630027,0.04189944134078212,1.6323529411764706,0.09824046920821114,-0.6622769562676974,0.0011167939119907098,69.38776026562762,0.0694293613937357,0.6360682480616048,False,40,28,30,100,30,D,-10,38.0,29.0,37.5,38.0,Acceleration
RBCAA,"Republic Bancorp, Inc. - Class A Common Stock",Financial Services,Banks - Regional,United States,その他,94.55000305175781,1.856409088,11.236795112686158,0.0848719782351125,0.06968978462754397,0.14751496462905858,,0.12513443676234373,0.07645063000732313,39.09531950637788,-0.007855730306847468,0.05552909343624447,True,20,24,50,100,77,A,-25,12.700000000000003,15.700000000000003,42.900000000000006,42.900000000000006,Persistence
RCAT,"Red Cat Holdings, Inc. - Common Stock",Industrials,Aerospace & Defense,United States,防衛/宇宙,6.659999847412109,1.017077696,58.019088170719144,1.283527696793003,2.8599092717894647,-0.28124738002069694,0.03127992339610597,-4.080142144902938,0.06736042853436716,25.641020067648398,-0.20790667638297405,0.616359469282459,False,25,10,18,100,16,D,-15,20.35,9.100000000000001,23.1,23.1,Persistence
RDVT,"Red Violet, Inc. - Common Stock ",Technology,Software - Application,United States,ソフトウェア,78.55000305175781,1.260489984,17.78882644111633,0.2003351554083709,0.2489037273270879,0.12914963051877415,0.8373997252138456,0.2640172305982075,0.02492590079634325,56.698185143058765,0.10842221094614689,0.006450727581391148,True,32,36,82,100,45,C,-5,38.5,41.5,74.1,74.1,Persistence
REAL,"The RealReal, Inc. - Common Stock",Consumer Cyclical,Luxury Goods,United States,その他,8.829999923706055,1.074355968,22.12449195883751,0.15381092585314513,0.09317245095611902,-0.08979225939654643,0.7459417329994443,3.0,1.1325516523116717,29.96108487371602,-0.18671481184811695,0.47751478562021615,False,65,39,32,100,16,D,-25,40.349999999999994,20.85,20.800000000000004,40.349999999999994,Acceleration
RELY,"Remitly Global, Inc. - Common stock",Technology,Software - Infrastructure,United States,ソフトウェア,21.360000610351562,4.521571328,94.9237359123993,0.29366682410798417,0.33853974170933565,0.4448329151110839,0.6020504578487439,2.0168274863143543,0.13170651115058274,22.763309697042615,-0.11124793020448542,0.2065378696205347,True,39,66,97,85,63,B,0,48.3,68.55,87.19999999999999,87.19999999999999,Persistence
REYN,Reynolds Consumer Products Inc. - Common Stock,Consumer Cyclical,Packaging & Containers,United States,その他,21.670000076293945,4.56732928,36.586652978811266,0.0070365358592692825,-0.016240681576144837,-0.015981137018600995,0.24563289438323033,-0.14363143631436315,0.3411669367909238,46.808509199225696,-0.10470150345613988,0.195675203836523,False,18,0,21,85,80,S,0,34.25,20.75,48.8,48.8,Persistence
RGTI,"Rigetti Computing, Inc.  - Common stock",Technology,Computer Hardware,United States,その他,16.65999984741211,5.560587264,280.30141533273695,-0.3430954587581094,-0.1014323784143904,-0.08349870248816975,0.291196388261851,-0.25101660591332525,0.010751994527239286,63.9579238509009,0.03799328006316426,0.7042953531719709,False,0,0,10,85,45,C,-10,7.25,7.25,25.75,25.75,Persistence
RIOT,"Riot Platforms, Inc. - Common Stock",Financial Services,Capital Markets,United States,その他,23.0,8.630956032,376.26252,0.7188935320635697,0.34195768816936134,0.08298382149237377,0.3792813178156881,,0.22017000244108936,55.34759821912755,0.09472201510459907,0.19832695810873455,True,66,40,34,85,85,S,-20,50.75,31.25,36.95,50.75,Acceleration
RIVN,"Rivian Automotive, Inc. - Class A Common Stock",Consumer Cyclical,Auto Manufacturers,United States,その他,15.470000267028809,22.398404608,333.74003966071126,0.08390342052313883,0.12088407758231845,1.6743063932448734,0.026731019120103953,0.1288064403220161,0.44745694294940797,45.78125749714717,-0.031563372368022966,0.3109131518353111,False,12,60,22,65,73,A,-10,16.05,52.05,32.95,52.05,Transition
RKLB,Rocket Lab Corporation - Common Stock,Industrials,Aerospace & Defense,United States,防衛/宇宙,73.94999694824219,47.284441088,1487.6990468558502,0.37959579472460764,0.7834352717995683,0.1592257673131244,0.3442694321525958,-1.7745962770406007,0.10925248593447646,67.21134819587286,0.06424617589140894,0.507754782324831,False,24,15,52,40,30,D,-10,17.0,10.25,34.6,34.6,Persistence
RMBS,"Rambus, Inc. - Common Stock",Technology,Semiconductors,United States,半導体,105.16000366210938,11.37168384,293.5473148225403,0.27128905688579724,0.20712096929846438,0.013905227213259659,0.795917357941297,0.6667016838250743,0.016332307973939964,72.18468907726772,0.12830684533803732,0.3838040466100293,False,66,36,72,65,8,D,0,60.05,37.55,57.45,60.05,Acceleration
ROAD,"Construction Partners, Inc. - Common Stock",Industrials,Engineering & Construction,United States,その他,93.70999908447266,5.318563328,53.38799212841034,0.5419556782238393,0.16650656071959416,0.20118247733303424,0.1561299494089653,0.2659782581779462,0.5215366166325394,32.081008705639334,-0.11123209888132796,0.33292994067124554,False,44,34,67,85,53,B,0,51.05,43.55,68.7,68.7,Persistence
ROCK,"Gibraltar Industries, Inc. - Common Stock",Industrials,Building Products & Equipment,United States,その他,40.560001373291016,1.203978496,14.549886492633819,0.10958226780631235,-0.022577884580486304,-0.2467456038493028,0.26877211028435904,-0.23213605061875842,0.04138840114437182,27.136016312205612,-0.10977271596736426,0.4561544599426107,False,35,2,25,100,28,D,-5,39.05,14.3,39.35,39.35,Persistence
ROKU,"Roku, Inc. - Class A Common Stock",Communication Services,Entertainment,United States,その他,152.67999267578125,22.660608,338.56253995880127,0.15180366738975778,0.18030062971016345,0.11453097903301228,0.43789615538632004,1.246356533824137,0.1180390225923952,39.133680064909605,0.002399599362177213,0.04431648769712334,True,27,56,64,65,77,A,0,37.7,59.45,66.85000000000001,66.85000000000001,Persistence
ROP,"Roper Technologies, Inc. - Common Stock",Technology,Software - Application,United States,ソフトウェア,358.55999755859375,35.46189824,300.720684352417,0.12264177747471304,0.13943475023471139,0.1500428161882423,0.6924391015501423,0.06721584436070459,0.2703907221563467,13.04608889084355,-0.08257914439072721,0.30555032798907916,False,19,14,68,40,36,C,0,23.85,20.1,54.60000000000001,54.60000000000001,Persistence
ROST,"Ross Stores, Inc. - Common Stock",Consumer Cyclical,Apparel Retail,United States,その他,236.1199951171875,75.429265408,478.05208391418455,0.07673449738014453,0.036918102673016526,0.08991909371871128,0.2770614559404892,0.348664902338834,0.3352258128747049,58.783055965026826,-0.00620705268980213,0.07308562401468222,True,23,24,38,40,87,S,0,31.950000000000003,32.7,48.300000000000004,48.300000000000004,Persistence
RRR,"Red Rock Resorts, Inc. - Class A Common Stock",Consumer Cyclical,Resorts & Casinos,United States,その他,50.7599983215332,5.176897024,62.0030841497612,0.03737575495961601,0.12466025476687358,0.036242641782056106,0.624004776575293,0.1581462667538018,0.8261299958028093,28.556986407368257,-0.14088674173654916,0.2417157005378482,False,14,24,44,85,41,C,-20,7.350000000000001,14.850000000000001,33.650000000000006,33.650000000000006,Persistence
RUM,RUM Group Inc. - Class A Common Stock,Communication Services,Internet Content & Information,United States,その他,8.359999656677246,4.144973056,48.90729379150867,0.05376717267339553,0.17939871411854716,1.0557299200869057,-0.06719694994112638,0.1783122814092984,0.005683806440695334,47.55101329830559,0.09457030524251975,0.18279569591752795,True,12,60,30,85,85,S,-10,20.25,56.25,44.75,56.25,Transition
RUN,Sunrun Inc. - Common Stock,Technology,Solar,United States,その他,8.109999656677246,1.953268864,61.78939803425312,0.45113089685084157,-0.0982798134181899,-0.026539336665199174,0.3034490735026109,0.15730347772842287,0.6535357581905404,39.373285107371544,-0.1394769315806076,0.6212050577077642,False,48,85,12,100,33,D,-25,29.299999999999997,57.05,13.200000000000003,57.05,Transition
RUSHA,"Rush Enterprises, Inc. - Class A Common Stock",Consumer Cyclical,Auto & Truck Dealerships,United States,その他,47.970001220703125,5.599558144,30.728863231964112,-0.04747765013749326,-0.015176988738456817,0.11593808216940522,0.19647910769087978,1.4772148437290553,0.3255883712489866,28.819910237371403,-0.06252005509829292,0.1281070989630373,True,12,12,26,85,63,B,0,28.05,28.05,48.15,48.15,Persistence
RUSHB,"Rush Enterprises, Inc. - Class B Common Stock",Consumer Cyclical,Auto & Truck Dealerships,United States,その他,55.189998626708984,6.442351616,12.567176612291336,-0.04747765013749326,-0.015176988738456817,0.11593808216940522,0.19647910769087978,1.4772148437290553,0.3255883712489866,61.536035305904086,0.060064260039554854,0.03175441005773712,True,12,12,26,85,52,B,0,26.95,26.95,45.949999999999996,45.949999999999996,Persistence
SAFT,"Safety Insurance Group, Inc. - Common Stock",Financial Services,Insurance - Property & Casualty,United States,その他,103.51000213623047,1.519576704,13.180446122016907,0.13006324922031076,0.19848997673730434,0.17945739248287712,,0.544296262930133,0.02503370957481421,65.51742281737941,0.036607158898106396,0.0012543154591233322,True,14,26,67,100,55,B,-25,6.0,15.0,47.849999999999994,47.849999999999994,Persistence
SAIA,"Saia, Inc. - Common Stock",Industrials,Trucking,United States,その他,324.2200012207031,8.625907712,116.341484138031,0.007856471991608794,0.11370765865456528,0.03201080780227624,0.1597313904830927,1.059440475802155,0.08757448643731654,23.032623843448505,-0.11372778376728493,0.334441861741355,False,12,25,42,85,36,C,0,25.35,35.1,51.550000000000004,51.550000000000004,Persistence
SAIC,Science Applications International Corporation - Common Stock,Technology,Information Technology Services,United States,その他,132.61000061035156,5.556045312,72.3467119329834,-0.02901457414092793,0.004701773240193444,-0.03374870197300104,0.12007711374277058,0.259825327510917,0.5014942099364961,64.57707832141608,0.057914459637771726,0.008449266011659157,True,5,12,22,85,40,C,0,20.5,25.75,41.35,41.35,Persistence
SAIL,"SailPoint, Inc. - Common Stock",Technology,Software - Infrastructure,United States,ソフトウェア,20.639999389648438,11.783615488,107.76504881324767,0.24350315861798422,0.23162590841257225,0.554483540169098,0.6447458316844251,1.4313506484846463,0.002379842688989269,59.97806549732845,0.12607817030659974,0.12653406167201756,True,51,48,97,65,70,A,0,55.0,52.75,83.6,83.6,Persistence
SANM,Sanmina Corporation - Common Stock,Technology,Electronic Components,United States,半導体,224.77000427246094,12.0470784,135.98922413490294,0.07399969980159422,-0.1529616852645895,0.12821647295792651,0.08813033147310252,1.066911511033281,0.051291417989875,66.27878708658127,0.11881201441232306,0.20497310660027898,True,30,24,30,65,50,B,0,37.25,32.75,42.75,42.75,Persistence
SBCF,Seacoast Banking Corporation of Florida - Common Stock,Financial Services,Banks - Regional,United States,その他,33.029998779296875,3.198063616,26.56536741821289,0.2662539120176795,-0.09163506006429417,0.31263866300523074,,0.017166283803761912,0.045472888804999785,32.47366037179539,-0.03050000197737961,0.08071800392615265,True,29,29,45,85,90,S,-20,23.5,23.5,44.0,44.0,Persistence
SBET,"Sharplink, Inc. - Common Stock",Financial Services,Capital Markets,United States,その他,9.630000114440918,2.091863296,87.29445838738918,3.0,-0.2606090586495313,0.41914005595498843,0.9322045981108537,0.23067145862552596,,58.5585638993249,0.27458508019788935,0.499480237577921,True,73,44,23,100,45,C,-30,44.25,22.5,16.65,44.25,Acceleration
SBUX,Starbucks Corporation - Common Stock,Consumer Cyclical,Restaurants,United States,その他,94.86000061035156,108.140404736,641.7848201293946,0.027869151541621288,0.0055760015121360034,0.11551210376337584,0.22771108314239305,-0.2640366474789789,0.8310977304596857,17.156502303421703,-0.07915464469445753,0.12563367611577525,False,18,0,27,25,53,B,-40,0.0,0.0,0.0,0.0,Acceleration
SCSC,"ScanSource, Inc. - Common Stock",Technology,Electronics & Computer Distribution,United States,その他,58.29999923706055,1.174325888,15.630229795455932,0.06092192540803273,-0.06718154345852778,-0.1393745737872457,0.135569310199246,0.09400074954594813,0.05738736067405323,49.23986383081823,0.0412722334944878,0.010018681587753585,True,32,24,30,100,75,A,-5,41.5,35.5,51.5,51.5,Persistence
SEIC,SEI Investments Company - Common Stock,Financial Services,Asset Management,United States,その他,105.6500015258789,12.680027136,95.32588337677002,0.08104365289807641,0.10696882424303036,-0.035782358640246266,0.5349526264907736,-0.019058745760255364,0.008761768968085589,28.80144125946424,0.0006857650501213581,0.053569791943679036,True,8,12,33,65,60,B,-20,1.75,4.75,26.400000000000006,26.400000000000006,Persistence
SENEA,Seneca Foods Corp. - Class A Common Stock,Consumer Defensive,Packaged Foods,United States,その他,182.66000366210938,1.236691712,17.829442957458497,0.05116768964466741,0.08246520814779622,-0.03362303823097594,0.1393128172684411,-0.3958658843252305,0.22630429939138838,37.39617348389928,-0.002660137061495642,0.11886154861028354,True,3,19,25,100,90,S,-25,1.25,13.25,31.75,31.75,Persistence
SEZL,Sezzle Inc. - Common Stock,Financial Services,Credit Services,United States,その他,111.37999725341797,3.750723072,55.723969525871276,0.6607617066477826,0.7013898850812565,0.26906277250392074,0.7006145078939946,0.6040066881347536,0.3518360738477222,36.46261967516924,-0.1633691395946389,0.4092813818579273,True,49,48,83,85,43,C,-20,33.8,33.05,55.5,55.5,Persistence
SFD,"Smithfield Foods, Inc. - Common Stock",Consumer Defensive,Packaged Foods,United States,その他,19.040000915527344,7.497332224,41.278150784835816,0.09821807382265592,-0.03401639344262295,-0.0962405086733749,0.13450518318202306,-0.08767471410419314,0.1967643918863431,9.41829015908138,-0.16490720781654647,0.3393632014536275,False,30,12,25,85,24,D,-20,17.65,4.149999999999999,19.799999999999997,19.799999999999997,Persistence
SFM,"Sprouts Farmers Market, Inc. - Common Stock",Consumer Defensive,Grocery Stores,United States,その他,62.4900016784668,5.827044352,124.50507934417725,0.14079908903539057,0.12898295605453783,0.06763677654572615,0.38795449866394643,0.12750006629077787,0.4673017607400865,15.020341527665877,-0.20222949533958084,0.45241850530591216,False,41,26,46,85,16,D,-20,25.1,13.850000000000001,29.75,29.75,Persistence
SFNC,Simmons First National Corporation - Common Stock,Financial Services,Banks - Regional,United States,その他,23.229999542236328,3.357055232,31.92440762090683,-0.8768810226155359,-0.024048519279120203,-0.10694758204125288,,0.0813506302327721,0.025262626107453293,45.765432347084506,0.009669351846743746,0.027909661887763854,True,2,12,30,85,75,A,-20,1.75,9.25,32.75,32.75,Persistence
SHLS,"Shoals Technologies Group, Inc. - Class A Common Stock",Technology,Solar,United States,その他,7.46999979019165,1.25720064,31.81626045638323,0.19068505641169517,-0.1835218708264221,0.49550070349299563,0.35029905476394346,-1.2219042989096465,0.19401704013157822,54.8022560058255,-0.07230325004097986,0.4150352762399334,False,27,14,22,100,55,B,-5,35.75,26.0,43.1,43.1,Persistence
SHOO,"Steven Madden, Ltd. - Common Stock",Consumer Cyclical,Footwear & Accessories,United States,その他,45.060001373291016,3.297360128,51.561258371429446,0.11002629519034117,0.15207293970171307,-0.0661764394024719,0.41413727665226713,-0.30574091819844934,0.25395384262570153,55.94783804279265,0.012261660237739053,0.07705638076235732,True,9,2,25,85,87,S,0,28.200000000000003,22.950000000000003,52.400000000000006,52.400000000000006,Persistence
SIGI,"Selective Insurance Group, Inc. - Common Stock",Financial Services,Insurance - Property & Casualty,United States,その他,86.12000274658203,5.132752384,40.436355489616396,0.09783938814924857,0.14865884377714997,0.1894517362537793,,0.11711119300930334,0.059507142852429876,19.062199364295225,-0.06658324777656106,0.1361537051061571,False,2,24,50,85,53,B,-20,0.0,16.049999999999997,39.35,39.35,Persistence
SIRI,SiriusXM Holdings Inc. - Common Stock,Communication Services,Entertainment,United States,その他,25.860000610351562,8.714863616,113.04440666809082,-0.016208759627543395,-0.028370378644029935,-0.005553704320781961,0.4704370179948586,0.22902270483711748,0.3563534897382237,24.13222692351465,-0.10675347257117299,0.19927683793062068,True,31,47,34,85,63,B,0,42.3,54.3,52.550000000000004,54.3,Transition
SITM,SiTime Corporation - Common Stock,Technology,Semiconductors,United States,半導体,662.27001953125,19.915145216,308.55491344970704,0.6115680054465532,0.40768648475967584,-0.4922762292625306,0.5356823608645075,3.0,0.002788292877340602,57.67371992040939,0.10244408204019509,0.26535249381036285,True,78,83,46,65,53,B,0,73.55,77.3,52.15,77.3,Transition
SKWD,"Skyward Specialty Insurance Group, Inc. - Common Stock",Financial Services,Insurance - Property & Casualty,United States,その他,54.779998779296875,2.43203968,21.7602589151001,0.23660684722866035,0.2817424109590877,0.4069704040665928,,0.3314522534738493,0.025038335908538076,31.008896618899954,-0.06550985917381777,0.1653207211364927,True,14,29,85,100,80,S,-20,13.5,24.75,67.75,67.75,Persistence
SKYW,"SkyWest, Inc. - Common Stock",Industrials,Airlines,United States,その他,102.29000091552734,4.056850176,35.78001942024231,0.15031009773464252,0.20184013801035078,-0.02312636754661098,0.2337520409284703,-0.21192933126108662,0.33495039227624196,57.723592364468665,0.0015607574302466702,0.1177333210146976,True,5,14,29,85,100,S,0,26.5,33.25,57.2,57.2,Persistence
SLAB,"Silicon Laboratories, Inc. - Common Stock",Technology,Semiconductors,United States,半導体,221.24000549316406,7.38206208,66.83660565948486,0.3428863798927421,-0.25294979405771495,-0.236155241742554,0.5823190156531135,3.0,,54.18782168209965,0.010726777032662995,0.0032887134456211185,True,62,73,28,85,75,A,0,66.75,75.0,51.650000000000006,75.0,Transition
SLDE,"Slide Insurance Holdings, Inc. - Common Stock",Financial Services,Insurance - Property & Casualty,United States,その他,23.100000381469727,2.698350848,35.59040158773422,0.36499987010134455,0.8073847992657888,0.9326244060190074,,0.46115837130699266,0.014848901734302108,39.261284410563846,0.023400805839388115,0.12764347504520948,True,19,32,75,100,90,S,-20,18.25,28.0,64.25,64.25,Persistence
SLM,SLM Corporation - Common Stock,Financial Services,Credit Services,United States,その他,23.65999984741211,4.448079872,47.44385979402542,0.07319596549579514,0.021953442408760376,-0.007727242065592165,,,0.19702988220885997,23.69231482511232,-0.0884412795418647,0.2194520369000263,False,30,12,10,85,53,B,-30,10.549999999999997,0.0,7.350000000000001,10.549999999999997,Acceleration
SMCI,"Super Micro Computer, Inc. - Common Stock",Technology,Computer Hardware,United States,その他,43.2599983215332,27.983726592,1642.0796713881111,0.7778535103837868,0.4658532304249225,1.1042028322665798,0.10821604097086886,-5.549918097512905,0.2925622432269966,58.709063955858845,0.23487093499518752,0.2627812185318356,True,40,22,44,65,53,B,-10,35.05,21.55,41.050000000000004,41.050000000000004,Persistence
SMTC,Semtech Corporation - Common Stock,Technology,Semiconductors,United States,半導体,182.3000030517578,17.013261312,594.5805749534607,0.15472342615697793,0.04665165673294519,0.1483411827375673,0.516339912855068,2.7767043508050704,0.3526086318376388,64.86393246743386,0.29336279245210356,0.014594578098606419,True,46,39,54,65,25,D,0,46.75,41.5,50.95,50.95,Persistence
SNDK,Sandisk Corporation - Common Stock When-Issued,Technology,Computer Hardware,United States,その他,1777.800048828125,260.303716352,18944.512879320067,1.7529571719918422,0.10385712141677923,0.09480775550443642,0.7147372580007902,3.0,0.007864220020438085,52.23030146933204,0.17210458155899971,0.23862952940979656,True,89,100,62,25,70,A,0,77.5,85.75,54.35,85.75,Transition
SNEX,StoneX Group Inc. - Common Stock,Financial Services,Capital Markets,United States,その他,66.80999755859375,8.05840384,56.78649362487793,0.3252689517638791,0.6413769531731413,-0.07844054758010782,0.019510765367711604,3.0,0.40908809755235487,41.98426951460362,-0.04090478257303364,0.2790806593199784,True,26,32,30,85,83,S,-20,20.549999999999997,25.049999999999997,34.35,34.35,Persistence
SNPS,"Synopsys, Inc. - Common Stock",Technology,Software - Infrastructure,United States,ソフトウェア,425.760009765625,81.59121408,813.6997578637695,0.15124466416295496,0.15220381142283568,0.15215414126611831,0.7698457566565516,0.06439694870886584,0.29639352526926116,66.81771100141076,0.06252837847043297,0.203531854777523,False,22,14,86,40,55,B,0,28.0,22.0,68.30000000000001,68.30000000000001,Persistence
SOFI,"SoFi Technologies, Inc.  - Common Stock",Financial Services,Credit Services,United States,その他,16.579999923706055,21.41423616,734.7662402189255,0.383185662520451,0.2391250418007651,0.33979542876389784,,-2.111656786845189,0.03818805262753344,28.865993064724975,-0.0570973561668045,0.48525301474787347,False,32,8,65,65,28,D,-30,6.549999999999997,0.0,27.6,27.6,Persistence
SOLS,Solstice Advanced Materials Inc. - Common Stock,Basic Materials,Specialty Chemicals,United States,その他,56.650001525878906,8.998704128,171.8837523797226,0.03076923076923077,0.03315976979994519,0.017284638974073042,0.32166752444673186,-0.8113553113553114,0.4398025735942182,28.41463718153379,-0.05103481161906845,0.35975761386391997,False,4,0,33,85,36,C,0,19.35,16.35,46.60000000000001,46.60000000000001,Persistence
SONO,"Sonos, Inc. - Common Stock",Technology,Consumer Electronics,United States,その他,18.18000030517578,2.14999296,36.36745441047668,-0.04926036984142877,-0.08288692678771549,-0.055400904849298306,0.43687416682602637,-0.19654089217950527,0.07242146638195117,74.47917537625851,0.1593796444169768,0.05114820198543447,True,22,0,29,100,22,D,0,33.7,17.2,45.35,45.35,Persistence
SOUN,"SoundHound AI, Inc. - Class A Common Stock",Technology,Software - Application,United States,ソフトウェア,6.050000190734863,2.68687872,127.40271901655197,0.9944977743142881,0.8462494277679681,0.47364194159786693,0.4235792090930618,0.05838309684252817,0.006122007111583861,31.93717329770284,-0.08768751992519958,0.7172897056738186,False,68,70,59,100,45,C,-10,60.5,62.0,56.45,62.0,Transition
SPSC,"SPS Commerce, Inc. - Common Stock",Technology,Software - Application,United States,ソフトウェア,81.30000305175781,2.926814464,45.15402169494629,0.1783415521391108,0.187843400197426,0.19081785417244249,0.6917798284775217,0.10858232861552798,0.006147749429632118,45.73293899471228,0.06271457285606369,0.2807855414605687,True,19,26,87,100,68,A,0,36.05,41.3,86.44999999999999,86.44999999999999,Persistence
SRCE,1st Source Corporation - Common Stock,Financial Services,Banks - Regional,United States,その他,86.08999633789062,2.07209088,8.930545770111085,0.12051435715687997,0.04834944620467409,0.04098598656446716,,0.17383710038239863,0.022137606057025357,42.57809434402738,-0.0069052702915682,0.05208107655612725,True,37,26,42,100,87,S,-20,31.450000000000003,23.200000000000003,45.5,45.5,Persistence
SSNC,"SS&C Technologies Holdings, Inc. - Common Stock",Technology,Software - Application,United States,ソフトウェア,78.61000061035156,18.446229504,129.1644850528717,0.06633798027881672,0.06891037290106855,0.04160514858981639,0.4817448423200791,0.2729278841910142,0.3691922922792431,28.75211882805891,-0.0053337151013614385,0.11295351971729034,True,13,24,46,65,73,A,0,26.8,35.05,56.15,56.15,Persistence
STBA,"S&T Bancorp, Inc. - Common Stock",Financial Services,Banks - Regional,United States,その他,49.81999969482422,1.756926848,14.170302513198852,0.0474876852423487,-0.056853303196324596,0.08819330449521712,,-0.24398730277942393,0.026876054859801154,42.62589878698062,-0.012376406167096855,0.05951871894200722,True,18,12,25,100,87,S,-25,12.200000000000003,7.700000000000003,31.150000000000006,31.150000000000006,Persistence
STEP,StepStone Group Inc. - Class A Common Stock,Financial Services,Asset Management,United States,その他,44.36000061035156,5.726163456,49.20233827697754,0.6969289173752798,0.6508977264902738,3.0,0.4544249782930704,0.06740990840409172,0.19302299583805407,28.75648794911629,-0.06359171226885804,0.39981004432195927,False,46,22,76,85,36,C,-20,30.85,12.850000000000001,50.25,50.25,Persistence
STGW,Stagwell Inc. - Class A Common Stock,Communication Services,Advertising Agencies,United States,その他,8.319999694824219,2.034035712,9.961410834617615,0.023857390638374554,0.12426474283360445,-0.05975722823789936,0.3654321072533517,1.0235445060943356,0.38101271619464677,37.56903602993168,-0.021429790381675553,0.11016049675108162,True,16,24,30,100,90,S,0,36.0,42.0,59.5,59.5,Persistence
STLD,"Steel Dynamics, Inc. - Common Stock",Basic Materials,Steel,United States,その他,233.66000366210938,33.49004288,227.5591409664917,0.03627006012979187,-0.06676801815941802,-0.1556755394039758,0.13160797401887628,3.0,0.2564689051863058,41.361585006088454,-0.041633907149329616,0.1717713878739326,True,42,25,26,40,100,S,0,47.5,34.75,44.3,47.5,Acceleration
STRA,"Strategic Education, Inc. - Common Stock",Consumer Defensive,Education & Training Services,United States,その他,76.83000183105469,1.706206848,24.062772423477174,0.039584238439910484,0.07679773753579235,0.06329917032698877,0.4897486240557632,0.19568780048310305,0.05352899624240878,35.23574457612358,-0.04964662213088743,0.11667413570742693,False,13,24,50,100,80,S,-5,27.75,36.0,63.5,63.5,Persistence
STRL,"Sterling Infrastructure, Inc. - Common Stock",Industrials,Engineering & Construction,United States,その他,512.2899780273438,15.670191104,284.1313905133057,0.1769074505755862,0.0727740034245516,0.11460883580982867,0.22984045695486313,-0.1284969362008891,0.13285362652349372,56.83986818221094,-0.04972543747813436,0.4844828797656423,False,26,21,45,65,65,A,0,35.75,32.0,54.0,54.0,Persistence
SWKS,"Skyworks Solutions, Inc. - Common Stock",Technology,Semiconductors,United States,半導体,89.33999633789062,13.437268992,736.1387881251526,-0.02180469123982767,-0.12454949291760958,-0.1299972655181843,0.41158335168465093,-0.34460282651072127,0.15196412782619678,63.98831181261784,0.2450144573954918,0.02307272477598612,True,34,0,29,65,25,D,0,37.75,12.25,37.2,37.75,Acceleration
SYBT,"Stock Yards Bancorp, Inc. - Common Stock",Financial Services,Banks - Regional,United States,その他,78.56999969482422,2.44090624,12.784124650344848,0.1288495195706851,0.036046124148531526,0.06666730711344233,,0.15775071417831904,0.03427031779368641,47.52176676953749,-0.032197054226177496,0.10373693625794637,True,25,26,42,100,100,S,-20,23.75,24.5,48.099999999999994,48.099999999999994,Persistence
SYM,Symbotic Inc. - Class A Common Stock,Industrials,Specialty Industrial Machinery,United States,その他,43.470001220703125,26.315208704,75.7532149772644,0.25654199048305565,0.5194091891262658,0.9835954775902055,0.18808396553151377,3.0,,51.72864362372535,0.03439663741448448,0.5020618590937398,False,24,30,58,65,65,A,0,34.25,38.75,61.150000000000006,61.150000000000006,Persistence
SYNA,Synaptics Incorporated - Common Stock,Technology,Semiconductors,United States,半導体,102.72000122070312,4.077204736,66.22872078704835,0.11440007446709485,0.11976235146966854,-0.29200796989152095,0.4472101570330772,-0.04519774011299435,0.3983349191246432,54.10522048412648,0.0037621656393524334,0.30392358797528485,True,9,2,25,85,83,S,0,27.8,22.55,51.6,51.6,Persistence
TBBK,"The Bancorp, Inc. - Common Stock",Financial Services,Banks - Regional,United States,その他,50.58000183105469,2.062996864,33.645564318008425,0.31619900702190723,0.1723329811069263,0.2866434994527874,,0.2584849588175672,0.023883217454296612,12.44814810515686,-0.19939976435530446,0.3704256393250578,False,37,32,85,100,24,D,-20,25.15,21.4,56.55,56.55,Persistence
TCBI,"Texas Capital Bancshares, Inc. - Common Stock",Financial Services,Banks - Regional,United States,その他,95.81999969482422,4.16571392,48.11984564674378,0.3469023302507867,-0.13313845484416229,0.10113118767026939,,-0.16294398273798485,0.02918728607113559,36.20351534651432,-0.027228934189304048,0.10880258438557334,False,32,20,33,85,80,S,-20,24.75,15.75,35.400000000000006,35.400000000000006,Persistence
TCBK,TriCo Bancshares - Common Stock,Financial Services,Banks - Regional,United States,その他,52.380001068115234,1.67441216,14.603806197795867,0.058076514483116966,-0.054403716585994695,0.021392778974408663,,0.2166524013314313,0.008168243270278352,34.54146539247843,-0.05508567900744738,0.1442109367413896,True,23,24,30,100,80,S,-25,15.25,16.0,32.5,32.5,Persistence
TENB,"Tenable Holdings, Inc. - Common Stock",Technology,Software - Infrastructure,United States,ソフトウェア,33.4900016784668,3.69300864,196.754429661026,0.11042409010456422,0.12684328479673473,0.16908741479322767,0.7809326549296831,0.20986758746094847,0.23727746761825907,47.98942218632235,-0.0454337727098956,0.2147713838147007,True,25,32,75,85,100,S,0,41.5,46.75,82.5,82.5,Persistence
TER,"Teradyne, Inc. - Common Stock",Technology,Semiconductor Equipment & Materials,United States,半導体,398.3800048828125,62.283030528,997.6331677276611,0.13126232321942777,0.05364948148524566,-0.1517401495065839,0.582235431457569,-0.04993872355146062,0.06770223436806444,60.80368233072246,0.07992057487213665,0.17631233120909953,True,46,14,33,40,65,A,0,47.0,23.0,41.150000000000006,47.0,Acceleration
TFSL,TFS Financial Corporation - Common Stock,Financial Services,Banks - Regional,United States,その他,16.719999313354492,4.689002496,11.928298310136794,0.060410344372608525,-0.006019751078702671,0.047376373626373626,,-0.1703376356154134,0.2807320284531971,32.242636225032356,-0.035673150379873154,0.08482311574366973,True,18,12,21,85,90,S,-20,15.25,10.75,30.799999999999997,30.799999999999997,Persistence
TH,Target Hospitality Corp. - Common Stock,Industrials,Specialty Business Services,United States,その他,20.579999923706055,2.015395712,48.17644212140083,-0.1699243020462265,-0.3146442208059502,0.1227586481667779,0.1330453631075834,-0.9481022144262997,0.020173329183994868,57.98192213020926,0.15820988852105017,0.04055947824191013,True,18,0,25,100,57,B,0,34.2,20.7,50.15,50.15,Persistence
THRM,Gentherm Inc - Common Stock,Consumer Cyclical,Auto Parts,United States,その他,35.209999084472656,1.082320896,13.010798861694337,0.029171966123764183,-0.008816426107294653,0.2194983464159063,0.24167590861349444,0.6925686180286627,0.17675370534413135,22.686556740115094,-0.11454798894550701,0.2280202014186893,True,27,12,30,100,63,B,-5,36.55,25.3,49.1,49.1,Persistence
TILE,"Interface, Inc. - Common Stock",Consumer Cyclical,"Furnishings, Fixtures & Appliances",United States,その他,35.20000076293945,2.034576256,19.330608418979644,0.05411436710756139,0.04293308431721651,-0.028061073148632543,0.3874813066119433,0.061687688630693814,0.2192517003419747,33.75797106907389,-0.01705815419870378,0.10404267208337116,True,36,24,34,100,90,S,0,51.0,42.0,61.7,61.7,Persistence
TLN,Talen Energy Corporation - Common Stock,Utilities,Utilities - Independent Power Producers,United States,電力/エネルギー,304.4200134277344,14.586059776,230.36527886123656,0.26676314520019295,-0.14054726368159204,0.3588732394366197,0.3811881188118812,3.0,0.6245758826226502,43.05739834457196,-0.06231148792352019,0.31719895942888376,False,43,17,39,65,63,B,-10,38.3,18.8,40.300000000000004,40.300000000000004,Persistence
TMUS,"T-Mobile US, Inc. - Common Stock",Communication Services,Telecom Services,United States,その他,165.42999267578125,177.452056576,850.7518604339599,0.08487714987714988,0.03617709208482904,-0.012730768747407976,0.6288713494660794,0.5454818673612503,0.5577023951249105,28.845606783368666,-0.07165575902728298,0.29432404978724186,False,51,12,34,25,36,C,0,45.6,16.35,32.150000000000006,45.6,Acceleration
TOWN,Towne Bank - Common Stock,Financial Services,Banks - Regional,United States,その他,36.36000061035156,3.361019392,18.030015302658082,0.2046722530247398,-0.0033655923269679425,0.011661246896744642,,1.6102403472641846,0.017083160189077844,37.12823733316256,-0.017966626449984178,0.054647434609985716,True,39,29,30,85,77,A,-20,29.700000000000003,22.200000000000003,33.15,33.15,Persistence
TPG,TPG Inc. - Class A Common Stock,Financial Services,Asset Management,United States,その他,44.38999938964844,17.337284608,115.55027571121215,0.2703070070802288,0.3954778973967287,0.2254890655272615,,0.9911966905746853,0.1341992679872837,16.907031394235645,-0.07816676497513206,0.33883466758757086,False,18,29,85,65,36,C,-20,6.850000000000001,15.100000000000001,50.2,50.2,Persistence
TRMB,Trimble Inc. - Common Stock,Technology,Scientific & Technical Instruments,United States,その他,57.849998474121094,13.489453056,210.13057420749664,-0.02606358428583064,-0.030378813804722668,0.033294344857601396,0.6907423410364341,-0.2750100441944556,0.14950601374570446,41.784976438635994,0.0031524922525227946,0.30735152299693447,False,33,7,37,65,73,A,0,41.8,22.3,51.2,51.2,Persistence
TRMK,Trustmark Corporation - Common Stock,Financial Services,Banks - Regional,United States,その他,46.040000915527344,2.67356928,19.19315558166504,0.5073409461663948,-0.2285324706121481,0.1010464398478923,,1.5320451869962872,0.02634211053181917,45.5927240219629,-0.01351838736905977,0.04591872509531832,True,48,34,38,100,87,S,-20,39.7,29.200000000000003,43.30000000000001,43.30000000000001,Persistence
TROW,"T. Rowe Price Group, Inc. - Common Stock",Financial Services,Asset Management,United States,その他,105.51000213623047,22.5069568,158.95820391838075,0.031183038231645428,0.09799551118334494,-0.00429998150545589,0.5127002788866408,0.17192204088100144,0.03118158111255212,36.300212112451085,-0.04211910846043393,0.12210255234076985,True,10,12,38,65,90,S,-20,6.25,7.75,35.150000000000006,35.150000000000006,Persistence
TRS,TriMas Corporation - Common Stock,Consumer Cyclical,Packaging & Containers,United States,その他,39.150001525878906,1.40446208,12.105963471832276,0.023652504755865566,-0.03273786705512535,-0.26213185793648097,0.21396270829461686,3.0,0.34010289007999567,46.97249144841788,-0.004799882171007607,0.12972862598727597,True,42,24,26,100,100,S,-5,51.5,38.0,54.3,54.3,Persistence
TRUP,"Trupanion, Inc. - Common Stock",Financial Services,Insurance - Property & Casualty,United States,その他,23.15999984741211,1.016089664,10.507228730773926,0.11948581455474284,0.15973137411431484,0.22473566001862616,0.16050176995146964,0.9537735604469679,0.12216243153334704,25.26653059016776,-0.14317425405909262,0.47387552006879974,False,14,49,67,100,16,D,-25,2.1000000000000014,28.35,40.05,40.05,Persistence
TSCO,Tractor Supply Company - Common Stock,Consumer Cyclical,Specialty Retail,United States,その他,32.27000045776367,16.813965312,298.6480437864494,0.04305617510068882,0.022499026329198906,0.02471179116064051,0.3642418993089817,0.16285011652229628,0.5435402850220863,32.91458779518936,-0.029450787127646864,0.4189042363783103,False,24,12,38,65,55,B,0,33.25,24.25,48.150000000000006,48.150000000000006,Persistence
TSLA,"Tesla, Inc.  - Common Stock",Consumer Cyclical,Auto Manufacturers,United States,その他,372.1099853515625,1469.666033664,14757.78340989685,-0.029306991503736307,0.009475783534663594,0.18795266504627925,0.18026511436616155,0.7369449874336778,0.10680957287781374,63.90557501507517,0.06851825811962799,0.24040585114189864,False,9,12,30,10,55,B,0,13.75,16.0,30.0,30.0,Persistence
TTAN,"ServiceTitan, Inc. - Class A Common Stock",Technology,Software - Application,United States,ソフトウェア,58.04999923706055,5.5999616,248.92391147844316,0.2449700600353942,0.2564325024701265,0.31344097286064304,0.7011067000359014,3.0,0.02943972603760221,22.04754199076062,-0.2668297712523344,0.47375577443716355,False,39,49,97,85,8,D,0,42.8,50.3,76.19999999999999,76.19999999999999,Persistence
TTD,"The Trade Desk, Inc. - Class A Common Stock",Communication Services,Advertising Agencies,United States,その他,12.600000381469727,5.957218304,326.77313489317896,0.18465611733489964,0.25625912071198076,0.23344287439115982,0.7862547319254604,0.23808575033918727,0.07091084017798811,27.51842676999155,-0.1659384979358918,0.7672270435462519,False,28,26,100,85,16,D,0,35.35,33.85,79.45,79.45,Persistence
TTEK,"Tetra Tech, Inc. - Common Stock",Industrials,Engineering & Construction,United States,その他,33.90999984741211,8.682466304,71.29289232919693,0.0469178804846385,0.14950171916286167,0.2906643972913613,0.1766335513055365,0.2891568033872327,0.2305270640567151,31.818207039285767,-0.028946014637141942,0.19914479255097609,True,5,12,57,85,90,S,0,25.5,30.75,70.6,70.6,Persistence
TTMI,"TTM Technologies, Inc. - Common Stock",Technology,Electronic Components,United States,半導体,129.1699981689453,13.607912448,227.44899127578736,0.18978259365560088,0.09414543886028952,-0.10520006444770959,0.20702497466749473,-1.0133515785358225,0.26779280223501567,53.65404050776597,0.037291731270059573,0.4167607465707169,True,38,14,6,65,75,A,0,45.75,27.75,34.55,45.75,Acceleration
TTWO,"Take-Two Interactive Software, Inc. - Common Stock",Communication Services,Electronic Gaming & Multimedia,United States,ソフトウェア,201.44000244140625,37.66534144,573.3858733493042,0.18155353592729337,0.05308808135187677,-5.607581450120563e-05,0.5723363980530016,3.0,0.3152762383834939,36.82641707283919,-0.12163657189234071,0.23199513561758098,False,65,59,34,40,58,B,0,60.55,56.05,40.300000000000004,60.55,Acceleration
TW,Tradeweb Markets Inc. - Class A Common Stock,Financial Services,Capital Markets,United States,その他,101.19000244140625,22.062053376,132.22548214019776,0.18915970286491662,0.28973583546489773,0.12570692162812158,0.6731526401156873,0.3160957481529834,0.01699334896869269,37.38036066105563,-0.020633915855917347,0.19836132554209468,False,22,26,89,65,80,S,-20,14.25,17.25,61.2,61.2,Persistence
TXN,Texas Instruments Incorporated - Common Stock,Technology,Semiconductors,United States,半導体,278.07000732421875,253.946789888,1690.4807279763793,0.13049037785307846,-0.10719789942348308,-0.12527461553824645,0.5702409229725144,0.7376502002670227,0.40618765360705505,69.53236689157592,0.027152806983511548,0.15886077018564276,True,52,26,30,25,80,S,0,50.75,31.25,38.75,50.75,Acceleration
TXRH,"Texas Roadhouse, Inc. - Common Stock",Consumer Cyclical,Restaurants,United States,その他,159.75,10.486137856,171.35344125,0.09393482479772328,0.16012791924816783,0.15361530332243314,0.1593309033994973,-0.1583243172847669,0.27441349023178657,9.922060849649995,-0.17126031261186425,0.2516105272006821,False,0,0,41,65,24,D,-20,0.0,0.0,23.599999999999994,23.599999999999994,Persistence
UCTT,"Ultra Clean Holdings, Inc. - Common Stock",Technology,Semiconductor Equipment & Materials,United States,半導体,77.69000244140625,3.48271488,63.48127789489746,-0.020785659801678107,0.20933986739694435,-0.26946889609569136,0.15720545277507303,3.0,0.37807981492192017,58.08235943715073,-0.017840409631814127,0.45515110150289284,True,12,12,26,85,75,A,0,29.25,29.25,50.55,50.55,Persistence
UFPI,"UFP Industries, Inc. - Common Stock",Basic Materials,Lumber & Wood Production,United States,その他,79.48999786376953,4.384786944,36.19895012718201,-0.04990237224398326,-0.07842129207867024,-0.25017350112016123,0.16773614976275814,-0.32643914042754396,0.0887023343648464,36.64665219402233,-0.0743448204306709,0.3040314012111117,False,30,0,25,85,53,B,0,40.55,18.05,45.6,45.6,Persistence
ULCC,"Frontier Group Holdings, Inc. - Common Stock",Industrials,Airlines,United States,その他,6.190000057220459,1.425035648,15.224490840735436,-0.013509933774834438,0.051825020897185846,0.07907396271797955,0.0037593984962406013,-2.949367088607595,0.7566481994459834,55.60975995537732,-0.003124284003210647,0.23200995844180983,True,0,0,0,100,100,S,-25,0.0,0.0,20.0,20.0,Persistence
ULTA,"Ulta Beauty, Inc. - Common Stock",Consumer Cyclical,Specialty Retail,United States,その他,545.2000122070312,23.311374336,345.51232973602293,0.09713169330434519,0.007883341781693597,0.097831725861971,,0.10766408026991735,0.31175444266235997,41.779640206611504,0.03172500833867001,0.22865792343517,False,20,12,38,65,90,S,0,33.75,27.75,55.150000000000006,55.150000000000006,Persistence
UMBF,UMB Financial Corporation - Common Stock,Financial Services,Banks - Regional,United States,その他,135.82000732421875,10.315534336,91.34370862579345,0.6565526691640903,0.10630054581752332,-0.024668318332014157,,3.0,0.0034776409419694536,24.64001166460106,-0.04658145450703811,0.10350823371250585,True,60,34,38,65,73,A,-20,42.05,22.549999999999997,31.750000000000007,42.05,Acceleration
UPST,"Upstart Holdings, Inc. - Common stock",Financial Services,Credit Services,United States,その他,23.809999465942383,2.278892288,104.76006900023461,0.6283868238676662,0.2375723009767397,-0.39347903934300993,,-1.94210648686352,0.6219883320083165,26.49666160929992,-0.15111024168830825,0.5848299895476627,False,48,45,8,100,16,D,-40,12.600000000000001,10.350000000000001,0.0,12.600000000000001,Acceleration
UPWK,Upwork Inc. - Common Stock,Communication Services,Internet Content & Information,United States,その他,8.149999618530273,1.017962432,22.969103174905776,0.02399376076430637,0.11636164704789766,0.1145332983998525,0.77817269708448,0.603806812872433,0.28559149879191736,32.22221456928099,-0.0781586169254705,0.6313885394143965,False,30,26,53,100,45,C,-5,37.0,34.0,58.150000000000006,58.150000000000006,Persistence
URBN,"Urban Outfitters, Inc. - Common Stock",Consumer Cyclical,Apparel Retail,United States,その他,75.3499984741211,6.45449472,80.86561836242676,0.11074526912626341,0.07712220493643122,0.07465584650124164,0.3597109081425042,-0.016333960962114327,0.2447405580263491,33.15346929328847,-0.014022230116746493,0.09162144368568476,True,39,14,41,85,90,S,0,51.0,32.25,61.8,61.8,Persistence
UROY,Uranium Royalty Corp. - Common Stock,Energy,Uranium,United States,電力/エネルギー,4.139999866485596,1.577618688,18.363072907793523,3.0,-0.6386939664840271,2.0767469467303323,0.30626577945141,3.0,0.00030536804885888784,43.30357218883419,0.045428111434761956,0.24175827150898,True,69,100,42,100,100,S,-5,71.75,95.0,63.099999999999994,95.0,Transition
UVSP,Univest Financial Corporation - Common Stock,Financial Services,Banks - Regional,United States,その他,42.15999984741211,1.16280512,10.254787562885284,0.09635224329517922,0.008099157404631074,0.0021574572391299942,,0.34617093969611956,0.03880549922560392,47.094822628267714,-0.014474965131762317,0.06265604919380467,True,35,24,42,100,87,S,-25,24.950000000000003,16.700000000000003,40.5,40.5,Persistence
VC,Visteon Corporation - Common Stock,Consumer Cyclical,Auto Parts,United States,その他,90.45999908447266,2.414740992,43.34390856132507,-0.025349198137609934,-0.02225594334850784,0.052715654952076675,0.14118895966029724,-0.04482758620689655,0.12728883638511518,18.543376236870714,-0.11103622222847082,0.2671961883830727,False,0,0,25,100,36,C,0,18.6,18.6,45.95,45.95,Persistence
VCTR,"Victory Capital Holdings, Inc. - Common Stock",Financial Services,Asset Management,United States,その他,108.75,6.689165824,84.3693375,0.4618518439758382,0.0882418139210843,-0.03950865699578849,0.5444698885486984,0.12585436712616732,0.22835410854903068,39.12096356559363,0.004770475979885585,0.09817317508577872,True,54,32,53,85,90,S,-20,42.25,25.75,48.400000000000006,48.400000000000006,Persistence
VECO,Veeco Instruments Inc. - Common Stock,Technology,Semiconductor Equipment & Materials,United States,半導体,49.66999816894531,3.036308992,29.66242620651245,-0.07389784762603147,0.07632552311928395,0.03141439044660807,0.39953544665464386,0.16609776377401428,0.19762482133361492,64.53488629982283,0.04034446604893704,0.4018545565832514,True,6,12,34,85,55,B,0,22.75,27.25,50.95,50.95,Persistence
VERX,"Vertex, Inc. - Class A Common Stock",Technology,Software - Application,United States,ソフトウェア,11.369999885559082,1.839858432,15.59321579305172,0.12248191296627353,0.16490416449010897,0.16427798480139294,0.6434696517040687,-0.38759201111854635,0.2760169494859679,22.09301784014069,-0.10568211900094707,0.5616808152863769,False,17,37,70,100,28,D,-5,25.55,40.55,64.1,64.1,Persistence
VIAV,Viavi Solutions Inc. - Common Stock,Technology,Communication Equipment,United States,通信/光通信,40.68000030517578,10.037782528,209.46884737140655,0.4002582311168496,0.08386645341863255,-0.0955609800198897,0.5765658960679707,0.33548387096774196,0.25809432288586637,65.03099047350322,0.06876566383229428,0.26477500526046255,True,60,20,42,65,48,C,0,59.55,29.55,48.95,59.55,Acceleration
VICR,Vicor Corporation - Common Stock,Technology,Electronic Components,United States,半導体,281.9599914550781,13.00025344,253.89369390563965,0.2608018760200302,-0.11356617184163295,0.014984501815430028,0.5730692002005738,3.0,0.009131734431449,78.11013639969924,0.32622647338989635,0.25757019231827766,True,57,51,38,65,18,D,0,54.3,49.8,40.75000000000001,54.3,Acceleration
VISN,"Vistance Networks, Inc.  - Common Stock",Technology,Communication Equipment,United States,通信/光通信,6.21999979019165,1.434496256,59.598234189677235,0.39707796904383047,-0.25818220839145833,-0.6780334438916529,0.494874715261959,0.01937046004842615,0.7762351936826379,42.79998779296875,-0.04772327348336251,0.1528883059188331,True,64,85,28,100,100,S,-15,58.0,73.75,45.400000000000006,73.75,Transition
VLY,Valley National Bancorp - Common Stock,Financial Services,Banks - Regional,United States,その他,13.079999923706055,7.228076544,86.95256949281692,0.09923952845771987,-0.01974704336923721,0.009653847145361428,,,0.05206125266001094,28.12358796844613,-0.06951672870221351,0.13200839805648595,False,18,12,10,85,53,B,-20,11.55,7.050000000000001,17.35,17.35,Persistence
VNOM,"Viper Energy, Inc.  - Class A Common Stock",Energy,Oil & Gas Midstream,United States,電力/エネルギー,40.93000030517578,14.701846528,73.4296484474945,0.6209302325581395,0.03990326481257558,-0.04477763647725081,0.4971305595408895,-17.039473684210527,0.1725199273932602,31.979168570704232,-0.054768633051871865,0.17207094805829448,False,56,10,26,65,70,A,0,58.75,24.25,44.55,58.75,Acceleration
VRNS,"Varonis Systems, Inc. - Common Stock",Technology,Software - Infrastructure,United States,ソフトウェア,46.25,5.312297472,96.5445625,0.13173972229784917,0.10375430723615674,0.05389393497933003,0.788344463475812,0.29510176430738416,0.2912165133968739,50.676245862442016,0.038725951134253714,0.2694677144721754,True,55,14,53,85,83,S,0,62.3,31.55,67.0,67.0,Persistence
VRSK,"Verisk Analytics, Inc. - Common Stock",Industrials,Consulting Services,United States,その他,169.2100067138672,22.170206208,208.07077685577391,0.06628032064406426,0.07469978369508466,0.07384861834201041,0.6987991017671754,0.29540267362243233,0.7909611815027036,33.18006530513763,-0.09365336608216755,0.32045964634613106,False,17,12,44,65,53,B,-10,17.8,14.05,41.050000000000004,41.050000000000004,Persistence
VRSN,"VeriSign, Inc. - Common Stock",Technology,Software - Infrastructure,United States,ソフトウェア,287.25,25.96740096,213.9524175,0.06369590342879157,0.04306476458375193,0.04786300793038108,0.881504285886756,0.2216123499142367,1.3560600346934157,45.939136177709265,-0.0006316805930595998,0.0706670031479961,True,38,24,47,65,87,S,-20,26.950000000000003,16.450000000000003,39.5,39.5,Persistence
VSAT,"ViaSat, Inc. - Common Stock",Technology,Communication Equipment,United States,通信/光通信,73.0199966430664,10.058928128,125.84667831447601,0.026708065876163912,0.05504816098388378,0.675858065111781,0.33041562147111814,3.0,0.4557529470145527,44.929444897453905,-0.03019907690018665,0.18695024353578485,True,19,50,46,65,100,S,0,34.0,57.25,61.55,61.55,Persistence
VSEC,VSE Corporation - Common Stock,Industrials,Aerospace & Defense,United States,防衛/宇宙,180.77000427246094,5.073305088,68.05448350845337,0.414647392197961,0.44527039447079153,-0.18736033269200894,0.11879706007956665,1.1103380298022845,0.16898684694401694,33.1193451587847,-0.11911465789346347,0.2575570583024503,False,26,33,38,85,53,B,0,37.55,42.8,52.75000000000001,52.75000000000001,Persistence
WABC,Westamerica Bancorporation - Common Stock,Financial Services,Banks - Regional,United States,その他,60.66999816894531,1.4021536,14.887810850677491,-0.12150468085106383,-0.0923697260887701,0.2215231438147287,,-0.14429870984352205,0.0037257264042361137,58.26872824660891,0.02198581442248465,0.020844675501280472,True,0,0,25,100,75,A,-25,0.0,0.0,28.75,28.75,Persistence
WAFD,"WaFd, Inc. - Common Stock",Financial Services,Banks - Regional,United States,その他,31.350000381469727,2.32026112,41.989563510932925,0.004193519785876968,-0.027986388566827048,0.1224267395391861,,-0.497662536907312,0.06806252759628488,13.333331449531684,-0.11804279353729008,0.19677843059410455,False,18,12,25,100,53,B,-20,13.799999999999997,9.3,29.35,29.35,Persistence
WBD,"Warner Bros. Discovery, Inc. - Series A Common Stock",Communication Services,Entertainment,United States,その他,30.860000610351562,77.37024512,1252.6996961759949,-0.05149919890135042,-0.04840153916894557,0.22190022769612916,0.44002037752037754,-0.30246216399367515,0.3253934155967428,77.35849433833403,0.1124970438551015,0.0,True,7,42,25,40,10,D,0,12.25,38.5,25.75,38.5,Transition
WBTN,WEBTOON Entertainment Inc. - Common stock,Communication Services,Internet Content & Information,United States,その他,11.039999961853027,1.49825024,4.518175184388161,0.025381949130797832,0.05124155329027993,0.1884030580291795,0.23300776376739796,-2.4142374313476975,0.014836635307832606,63.54430385859155,0.13512512503529428,0.44044601023839247,False,3,0,22,100,15,D,-5,13.75,11.5,35.1,35.1,Persistence
WDAY,"Workday, Inc. - Class A Common Stock",Technology,Software - Application,United States,ソフトウェア,189.4499969482422,45.657448448,588.9915152622223,0.1309495619228037,0.1635211461633834,0.1677927927927928,0.7570142378559463,0.26861580630424853,0.21140865331415293,44.33119513989396,0.0470680327031497,0.23513264531918832,True,28,33,82,40,100,S,0,37.0,40.75,75.1,75.1,Persistence
WDC,Western Digital Corporation - Common Stock,Technology,Computer Hardware,United States,その他,456.80999755859375,164.698701824,2941.6690921783447,0.35703781512605043,0.5070444831407314,0.00991207034372502,0.4885053022679774,1.745113369820172,0.07589639997114206,47.03223114134155,-0.0359115752053719,0.3876463430638469,True,44,54,65,25,83,S,0,45.05,52.55,58.6,58.6,Persistence
WDFC,WD-40 Company - Common Stock,Basic Materials,Specialty Chemicals,United States,その他,199.1699981689453,2.673079552,24.714009222793578,0.04983092233264528,0.09921173372048654,0.03553255464322887,0.5505665459648217,-0.050450881267932776,0.20533449346271299,37.71210180618843,-0.08367171821221177,0.245156420291248,False,8,12,45,100,70,A,0,28.0,31.0,63.75,63.75,Persistence
WEN,Wendy's Company (The) - Common Stock,Consumer Cyclical,Restaurants,United States,その他,6.550000190734863,1.248888064,39.232503392443654,-0.030982082286516045,0.02975552558744175,0.04107506305162718,0.27037045033490426,-0.07014820691478965,0.8362685337676667,15.74074891696145,-0.1517021717649784,0.2756895671869063,False,0,0,15,100,24,D,-45,0.0,0.0,0.0,0.0,Acceleration
WERN,"Werner Enterprises, Inc. - Common Stock",Industrials,Trucking,United States,その他,32.88999938964844,1.971759232,28.398047723007203,-0.01843473394014635,-0.07712534707639625,-0.0019693140805196875,0.0969648964024965,0.18474989591387617,0.26032705663567435,4.6895109939573985,-0.14446989448043684,0.30450414986460206,False,20,12,6,100,24,D,-5,27.4,21.4,28.1,28.1,Persistence
WFRD,Weatherford International plc - Ordinary shares,Energy,Oil & Gas Equipment & Services,United States,電力/エネルギー,85.08000183105469,6.084250112,93.7730510181427,-0.10792671866497369,0.07361246348588121,0.1856384206880628,0.3119154127694185,-0.0872210953346856,0.3159515104868193,22.754825241959793,-0.03889081958305971,0.2339961918264396,False,4,0,25,85,63,B,0,22.05,19.05,47.6,47.6,Persistence
WINA,Winmark Corporation - Common Stock,Consumer Cyclical,Specialty Retail,United States,その他,296.3500061035156,1.064539328,29.876525865325927,0.05863762792305487,-0.023478109401935288,0.022511755197099158,0.9639256899891582,0.06533136334389819,2.50662873079597,29.50787816811956,-0.10967324475388043,0.4083708711818988,False,35,24,35,100,28,D,-25,19.049999999999997,10.799999999999997,24.85,24.85,Persistence
WING,Wingstop Inc. - Common Stock,Consumer Cyclical,Restaurants,United States,その他,99.06999969482422,2.698918912,129.26306815181732,0.11352701391962698,0.36028735694645203,0.28679154511203536,0.4868315125284673,-0.0005393590143923695,1.8321163988353195,37.784745817260614,-0.15459482285403292,0.6496323235388808,False,13,14,70,100,33,D,-40,0.0,0.0,30.099999999999994,30.099999999999994,Persistence
WLDN,"Willdan Group, Inc. - Common Stock",Industrials,Engineering & Construction,United States,その他,78.9000015258789,1.201811968,14.641473283157348,0.20458538206214938,0.10920122722238014,0.18865027100839357,0.3751467239476958,0.11054037071944706,0.1273054017651242,31.05727214636005,-0.017576509628284675,0.41529568624293656,False,33,29,71,100,55,B,-5,40.25,37.25,70.05000000000001,70.05000000000001,Persistence
WLFC,Willis Lease Finance Corporation - Common Stock,Industrials,Rental & Leasing Services,United States,その他,54.33000183105469,1.298478848,9.122278957443237,0.28287332029802026,0.35997180776719906,0.341836391206917,0.6826499744604864,0.5150007833307222,0.6860065822984187,41.02564288343327,-0.08157018337036824,0.3190194802828944,False,30,29,67,100,63,B,-15,28.799999999999997,28.049999999999997,59.45,59.45,Persistence
WMG,Warner Music Group Corp. - Class A Common Stock,Communication Services,Entertainment,United States,その他,27.139999389648438,14.197198848,51.092948650970456,0.043728602552131964,0.06443597813483519,0.019935799966210508,0.4584762188758014,-0.23725055432372505,0.4688167667107539,33.95302848368098,-0.0057003488289016305,0.20888422754051825,False,8,0,37,65,80,S,0,23.75,17.75,52.6,52.6,Persistence
WMT,Walmart Inc. - Common Stock,Consumer Defensive,Discount Stores,United States,その他,107.9800033569336,856.68593664,2451.7599425214767,0.04725214211766779,0.05070009643201543,0.06025954990192855,0.24926699786724774,0.1787519747235387,0.2356956173507384,52.949452574787095,-0.011621425360238552,0.19345370590087038,False,2,24,42,10,90,S,0,12.0,28.5,43.6,43.6,Persistence
WSBC,"WesBanco, Inc. - Common Stock",Financial Services,Banks - Regional,United States,その他,38.65999984741211,3.707721728,42.21440023338318,0.6230863819038542,0.009211460011367191,0.015180923214538726,,0.3952489398069477,0.058462901930013626,23.0302871503291,-0.04555548916014944,0.08620791170310885,True,41,34,50,85,73,A,-20,30.799999999999997,25.549999999999997,43.35,43.35,Persistence
WSC,WillScot Holdings Corporation - Class A Common Stock,Industrials,Rental & Leasing Services,United States,その他,18.170000076293945,3.292239872,51.3885759157753,-0.04769843529163282,0.013088393063671813,0.10367852860722582,0.5100212759802336,0.6007844422760261,0.6706913676997239,25.205484176581834,-0.17645407371779545,0.37272810717871513,False,17,12,28,85,24,D,-10,17.9,14.149999999999999,31.450000000000003,31.450000000000003,Persistence
WSFS,WSFS Financial Corporation - Common Stock,Financial Services,Banks - Regional,United States,その他,77.76000213623047,3.972805376,29.683325615463257,0.018389482003786463,0.030919942934611262,0.0996203782350188,,0.03875686268788812,0.01420103784935364,38.1791660784986,-0.023551202039728252,0.05272948506352804,True,2,24,42,85,77,A,-20,1.9499999999999993,18.450000000000003,39.75,39.75,Persistence
WTFC,Wintrust Financial Corporation - Common Stock,Financial Services,Banks - Regional,United States,その他,146.11000061035156,9.857453056,62.97267971305847,0.11225937018026326,0.07873783544677086,0.16129246606675987,,0.3538365917941859,0.06299336681995342,25.0155872069724,-0.05661559610511403,0.12157290168864478,False,28,26,50,85,53,B,-20,19.049999999999997,17.549999999999997,39.35,39.35,Persistence
WULF,TeraWulf Inc. - Common Stock,Financial Services,Capital Markets,United States,その他,15.739999771118164,7.853766656,446.9095911013031,0.20281183283232537,1.0230105880483613,3.0,0.5092873467691669,-3.0476156272018935,0.7922509622331311,46.36449400707322,-0.06583103125232594,0.45686680401156626,False,17,5,46,85,55,B,-40,0.0,0.0,17.549999999999997,17.549999999999997,Persistence
WWD,"Woodward, Inc. - Common Stock",Industrials,Aerospace & Defense,United States,防衛/宇宙,330.30999755859375,19.503425536,248.33366236450195,0.07304356562940983,0.14056398105241055,0.22317367455797615,0.26808938667767107,-0.007126417334434043,0.15602131510841025,33.87390229794396,-0.07052072764235934,0.2424986100760945,False,0,12,45,65,70,A,0,16.75,25.75,55.0,55.0,Persistence
WYNN,"Wynn Resorts, Limited - Common Stock",Consumer Cyclical,Resorts & Casinos,United States,その他,81.12000274658203,8.353242112,176.33947317054748,0.0013977349202668196,0.09125434770327824,0.7386748118424468,0.4142669493258824,-0.3107589330639191,0.9288846750452411,19.424903334187007,-0.14057573709067978,0.3860542230103883,False,4,0,39,85,24,D,-20,0.0,0.0,27.5,27.5,Persistence
XEL,Xcel Energy Inc. - Common Stock,Utilities,Utilities - Regulated Electric,United States,電力/エネルギー,69.80000305175781,43.599474688,422.44881347007754,0.09136224983260174,-0.05385048571026327,-0.0721097322011757,0.47201581566568956,-1.506426735218509,0.42743729338462105,25.78699075535262,-0.0838507613794589,0.14888197115576937,False,38,12,10,40,53,B,0,39.8,20.3,26.1,39.8,Acceleration
XMTR,"Xometry, Inc. - Class A Common Stock",Industrials,Industrial Distribution,United States,その他,100.56999969482422,5.55607552,80.0144974571991,0.25865169404376304,0.17721609128927981,0.21654096256179103,0.39143732222984395,0.28036796989337237,0.48232535667595067,59.790550291843815,0.10115710456658472,0.0433748471200069,True,39,24,61,85,57,B,0,47.7,36.45,66.2,66.2,Persistence
XPEL,"XPEL, Inc. - Common Stock",Consumer Cyclical,Auto Parts,United States,その他,43.47999954223633,1.198776064,8.304027712574005,0.13273073263558516,0.06083125364313778,0.22315296935427617,0.42213145737085256,0.564419523384733,0.059768486325112544,16.027284996504008,-0.07887601953318432,0.20873523314742093,False,36,26,54,100,53,B,-5,42.3,34.8,60.30000000000001,60.30000000000001,Persistence
Z,"Zillow Group, Inc. - Class C Capital Stock",Communication Services,Internet Content & Information,United States,その他,28.43000030517578,6.393195008,110.423542685318,0.15518783542039355,0.14961439588688946,-0.006639427987742594,0.7413859852884244,-0.6070038910505836,0.08038698328935796,26.086966179522904,-0.14618469943547704,0.6470076982617124,False,53,51,37,85,16,D,0,54.1,52.6,44.800000000000004,54.1,Acceleration
ZBRA,Zebra Technologies Corporation - Class A Common Stock,Technology,Communication Equipment,United States,通信/光通信,370.0400085449219,17.626261504,211.7220912890625,0.08331660309174864,0.08660558464223386,-0.20705760249091854,0.48054114158636024,-0.1289308176100629,0.3172194777699365,54.55000233960664,0.08928013992263793,0.033989424885537176,True,8,0,29,65,72,A,0,22.95,16.95,46.6,46.6,Persistence
ZD,"Ziff Davis, Inc. - Common Stock",Communication Services,Advertising Agencies,United States,その他,56.5099983215332,1.937570048,40.82988653726578,0.03537163762549155,0.027609403912529654,-0.019388251735985053,0.8576431093361115,0.014770163564579808,0.2365349768760786,54.313089826246284,0.02508748819592112,0.04560041892734139,True,47,12,45,100,87,S,-5,53.95,27.700000000000003,62.150000000000006,62.150000000000006,Persistence
ZG,"Zillow Group, Inc. - Class A Common Stock",Communication Services,Internet Content & Information,United States,その他,29.299999237060547,6.588836352,26.66505030567169,0.15518783542039355,0.14961439588688946,-0.006639427987742594,0.7413859852884244,-0.6070038910505836,0.08038698328935796,27.503743419792173,-0.13411983424473817,0.6241180194462949,False,53,51,37,85,16,D,0,54.1,52.6,44.800000000000004,54.1,Acceleration
ZION,Zions Bancorporation N.A. - Common Stock,Financial Services,Banks - Regional,United States,その他,63.83000183105469,9.31620352,97.04713478393555,0.08146964856230032,0.004815409309791332,-0.011738578680203046,,-0.09419600380589914,0.03901561973255422,23.619024090739003,-0.0675052250775672,0.12346369844722081,True,30,12,25,85,63,B,-20,21.549999999999997,8.05,27.6,27.6,Persistence
ZM,"Zoom Communications, Inc. - Class A Common Stock",Technology,Software - Application,United States,ソフトウェア,89.70999908447266,26.175916032,268.15664376335144,0.04358352161524986,0.030528420948466434,0.03056344696969697,0.7701603834562699,0.06349087877360472,0.004889043993118634,18.662371603862766,-0.07508599508661348,0.19815873000719092,False,41,31,57,65,53,B,0,45.8,38.3,58.2,58.2,Persistence
ZS,"Zscaler, Inc. - Common Stock",Technology,Software - Infrastructure,United States,ソフトウェア,193.0500030517578,31.477710848,752.262773141861,0.25416340112565305,0.23311687443000206,0.34065266006659445,0.7680466323422688,0.07217628352000088,0.23590841105956056,62.59070491526937,0.11046304800087176,0.4259077248671487,True,44,17,100,40,25,D,0,41.5,21.25,70.0,70.0,Persistence
AA,Alcoa Corporation Common Stock ,Basic Materials,Aluminum,United States,その他,42.849998474121094,11.308519424,161.58155949611663,0.07868852459016394,0.12738129087290304,-0.15259818488474822,0.16935546722780764,3.0,0.16783433566867134,22.57318603550783,-0.10377916628199389,0.48761003648214973,False,12,24,30,65,28,D,0,21.55,30.55,38.35,38.35,Persistence
AAMI,Acadian Asset Management Inc. Common Stock,Financial Services,Asset Management,United States,その他,93.87999725341797,3.33181312,46.22416364765167,0.1149129746835443,0.18518518518518517,0.022531160115052733,0.4270001773993259,-1.3115468409586057,0.3861152141802068,51.097570026743966,0.04488859797365321,0.034198980280611205,True,9,2,30,85,87,S,-30,0.0,0.0,25.150000000000006,25.150000000000006,Persistence
AAP,Advance Auto Parts Inc.,Consumer Cyclical,Auto Parts,United States,その他,41.72999954223633,2.520492032,72.05268640960693,-0.05421156806685727,-0.012487783689868607,0.006571956286642487,0.4340193000813859,-2.1041666666666665,0.4417385421951632,40.82396350919143,-0.15258368564451613,0.3348056757880389,False,10,49,6,100,51,B,-10,17.6,46.85,28.5,46.85,Transition
ABCB,Ameris Bancorp Common Stock,Financial Services,Banks - Regional,United States,その他,82.29000091552734,5.522254848,38.619931779670715,0.06330930428708746,0.058794696256818886,-0.005795423551334845,,1.6268796725319083,0.025161507651636352,25.392678783811718,-0.048012379728333464,0.11677575901299528,False,42,24,30,85,63,B,-20,30.549999999999997,17.049999999999997,30.35,30.549999999999997,Acceleration
ABG,Asbury Automotive Group Inc Common Stock,Consumer Cyclical,Auto & Truck Dealerships,United States,その他,185.14999389648438,3.323797248,44.57393528060913,0.04714752801275264,0.16118005498996804,-0.040896986503735286,0.17065948108228235,0.5699724517906336,0.5253309462739495,18.734171046450015,-0.12413989911405705,0.2768425779039765,False,9,24,22,85,24,D,0,21.9,33.15,38.150000000000006,38.150000000000006,Persistence
ABM,ABM Industries Incorporated Common Stock,Industrials,Specialty Business Services,United States,その他,49.779998779296875,2.91783424,27.705805020599364,0.04623537574467067,0.03248357294600069,0.03712243486280839,,-0.07292289300657502,0.31851219280766674,64.59893637203723,0.031654227072911365,0.016205528054385222,True,18,12,33,100,55,B,0,34.0,29.5,54.150000000000006,54.150000000000006,Persistence
ACA,"Arcosa, Inc. Common Stock ",Industrials,Engineering & Construction,United States,その他,146.6199951171875,7.200039936,98.71337791259765,0.12198918245846142,0.11352311625287058,0.02902621722846442,0.22445723798293682,-0.43804034582132567,0.30546417395490655,71.74728148345633,0.008908256606623364,0.0,True,38,21,33,85,40,C,0,45.25,32.5,47.400000000000006,47.400000000000006,Persistence
ACHR,Archer Aviation Inc. Class A Common Stock,Industrials,Aerospace & Defense,United States,防衛/宇宙,5.610000133514404,4.319850496,134.959689061954,,,,0.0,-0.19374167776298268,0.049434283628695404,47.31183071359189,0.002465981398337336,0.5887096779832054,False,0,0,10,85,65,A,-10,9.25,9.25,29.75,29.75,Persistence
ACI,"Albertsons Companies, Inc. Class A Common Stock",Consumer Defensive,Grocery Stores,United States,その他,11.670000076293945,5.71571456,96.07479272809982,0.03460093119992437,0.014553678362698564,0.02045081951379078,0.27180498361838346,-0.296370429677075,0.5715070294665974,37.97814314439903,-0.0519863266553956,0.3836321296523706,False,18,0,29,85,53,B,-20,11.55,0.0,27.800000000000004,27.800000000000004,Persistence
ACM,AECOM Common Stock,Industrials,Engineering & Construction,United States,その他,60.88999938964844,7.836325376,128.85237220840455,0.002118779562109784,0.12011278536694574,0.09357027458244797,0.0753867098002667,-0.03244275617925308,0.26470803997524966,33.19549644712508,-0.08808536954615837,0.5416671356635241,False,0,12,33,85,45,C,0,17.25,26.25,48.400000000000006,48.400000000000006,Persistence
ACVA,ACV Auctions Inc. Class A Common Stock,Consumer Cyclical,Auto & Truck Dealerships,United States,その他,10.460000038146973,1.82615808,144.85138802826404,0.1921821343595603,0.324004538332703,0.14163912803152334,0.52421650171273,0.07776993195532161,0.1750166496102195,94.61539467881403,0.28337260745883835,0.0019083497102031144,True,18,39,85,100,10,D,-5,24.5,40.25,68.75,68.75,Persistence
AD,"Array Digital Infrastructure, Inc. Common Shares",Communication Services,Telecom Services,United States,その他,34.4900016784668,2.982659072,9.652889219760894,0.5831754636511128,0.02452497785386537,-0.9759009354761333,0.5122452611361,-0.7994071976714042,0.2564062497327968,5.14540661538868,-0.03873484115859729,0.217050531858698,False,66,75,29,100,63,B,0,70.8,77.55,53.550000000000004,77.55,Transition
ADM,Archer-Daniels-Midland Company Common Stock,Consumer Defensive,Farm Products,United States,その他,81.12000274658203,39.096311808,316.1003147026062,-0.06151058108266105,-0.08947676584872519,-0.07504234117137343,0.06270166564925438,2.426242868785656,0.18626047452709538,38.23331345814404,-0.014256755433761925,0.07912355410452608,True,30,12,30,40,77,A,-20,16.200000000000003,2.6999999999999993,21.9,21.9,Persistence
ADT,ADT Inc. Common Stock,Industrials,Security & Protection Services,United States,その他,6.400000095367432,4.675579392,50.53820875307798,0.046986534096731904,0.05278987556804212,0.06182700488189609,0.8083354797901262,0.09556508295852574,0.4861161711111747,12.389204679719356,-0.10912126124586162,0.2529934475809257,False,17,24,49,85,36,C,0,29.1,34.35,55.400000000000006,55.400000000000006,Persistence
AEE,Ameren Corporation Common Stock,Utilities,Utilities - Regulated Electric,United States,電力/エネルギー,99.38999938964844,27.515451392,162.4643838523102,0.15426997245179064,0.0164,-0.057433706170667335,0.47403113990226164,0.5015179113539769,0.40906840498390956,19.82845896717548,-0.06823649037945267,0.15403065900721816,False,55,21,10,65,53,B,0,56.3,30.8,32.35,56.3,Acceleration
AEO,"American Eagle Outfitters, Inc. Common Stock",Consumer Cyclical,Apparel Retail,United States,その他,16.579999923706055,2.778365696,128.30524130959512,0.04102050574892112,0.012710931872734841,0.054498216673784475,0.36510453133776893,-0.2315464485172658,0.4240545380179965,43.414638079799126,-0.0069715703417816,0.40068519949375325,False,22,0,33,100,65,A,0,38.0,21.5,56.150000000000006,56.150000000000006,Persistence
AES,The AES Corporation Common Stock,Utilities,Utilities - Diversified,United States,その他,14.869999885559082,10.604654592,113.13400747931004,-0.0036650920345333115,-0.030786233028102305,0.004042165332487913,0.1807406196354124,0.6502155172413793,0.5775189306135065,66.66666666666666,0.008664929092527541,0.11840877004416345,True,27,12,2,65,80,S,0,38.0,26.75,33.35,38.0,Acceleration
AESI,Atlas Energy Solutions Inc. Common Stock,Energy,Oil & Gas Equipment & Services,United States,電力/エネルギー,12.470000267028809,1.558793088,44.028827542819975,0.03726761601087923,0.719911720633266,0.2718654966399019,0.13755649085646987,0.7368600188899194,0.27903167614120805,43.820226324410704,-0.003133670795736301,0.3686075814162629,False,9,12,26,100,73,A,-5,24.05,26.3,48.9,48.9,Persistence
AFG,"American Financial Group, Inc. Common Stock",Financial Services,Insurance - Property & Casualty,United States,その他,138.22000122070312,11.461404672,53.1545747694397,-0.019328340178787148,0.07116977225672878,0.14100103351542892,,,0.05575638747625758,29.766178165651255,-0.03322644184924589,0.05799764707032386,True,0,0,10,65,60,B,-20,0.0,0.0,13.75,13.75,Persistence
AFL,AFLAC Incorporated Common Stock,Financial Services,Insurance - Life,United States,その他,113.72000122070312,57.012760576,268.9836246873474,-0.0926913425345044,0.015232737115864339,-0.01618714427445042,,,0.07219884948913884,34.00552588571864,-0.04978709785491791,0.11777129812761997,False,0,0,10,40,80,S,-20,0.0,0.0,11.5,11.5,Persistence
AGCO,AGCO Corporation Common Stock,Industrials,Farm & Heavy Construction Machinery,United States,その他,118.0199966430664,8.26514432,149.68653204235076,-0.1354753513578405,-0.19084260775443368,0.13919408128744645,0.2545923427891291,1.4956169925826028,0.21486778785693925,25.60279363671637,0.03980695757784648,0.1552386928224502,True,30,47,30,85,73,A,-20,22.549999999999997,35.3,32.35,35.3,Transition
AGM,Federal Agricultural Mortgage Corporation Common Stock,Financial Services,Credit Services,United States,その他,214.00999450683594,2.322695424,24.41640027328491,0.08879456525216761,0.06839325695469124,0.13570206171892946,,,0.9383052780907928,25.217321488920604,-0.033408686794357996,0.1083755310433443,True,18,12,12,100,73,A,-40,0.0,0.0,6.200000000000003,6.200000000000003,Persistence
AGX,"Argan, Inc. Common Stock",Industrials,Engineering & Construction,United States,その他,364.2900085449219,5.110931456,168.6207377052307,0.08056359166715284,0.5247317004254072,0.25996176160337553,0.20503575035517455,1.5517916037788586,0.002120783509812417,33.478967157184826,-0.258804208962831,0.5434366209034459,False,15,31,57,85,25,D,0,26.5,38.5,57.6,57.6,Persistence
AI,"C3.ai, Inc. Class A Common Stock",Technology,Software - Infrastructure,United States,ソフトウェア,10.649999618530273,1.712305408,58.39629090831757,-0.3567301365356144,0.25266757249293265,0.16412226615941078,0.3091965413077181,-3.322908698195563,0.0068322730263036995,53.531591264341905,0.06495736867701753,0.45829096128237473,True,4,0,14,100,60,B,-15,9.0,6.0,29.700000000000003,29.700000000000003,Persistence
AIG,"American International Group, Inc. New Common Stock",Financial Services,Insurance - Diversified,United States,その他,74.16999816894531,38.782988288,320.6087174850464,-0.01818848551521819,-0.023910086620373684,-0.06795663052543786,,,0.056997035732446945,40.38117915973826,-0.03220843760663784,0.12691078999961114,False,30,35,10,40,90,S,-20,17.5,21.25,13.5,21.25,Transition
AIN,Albany International Corporation Common Stock,Consumer Cyclical,Textile Manufacturing,United States,その他,60.97999954223633,1.729085696,16.84389547355652,-0.03884399263782743,0.07204926522921241,0.10921192362064651,0.2062202562873421,-0.409993150385473,0.27192503210258395,41.39975464653398,-0.044631482542005455,0.19662339954554095,True,0,0,21,100,100,S,-5,20.0,20.0,51.55,51.55,Persistence
AIR,AAR Corp. Common Stock,Industrials,Aerospace & Defense,United States,防衛/宇宙,116.11000061035156,4.674454016,46.85909349632263,0.18971408020140262,0.1990598990900858,0.16498367244410952,0.18802902055622733,3.0,0.2964927441222921,37.06917703357067,-0.12502806388845772,0.2446165146131861,False,17,39,71,85,58,B,0,31.3,47.8,71.9,71.9,Persistence
AIT,"Applied Industrial Technologies, Inc. Common Stock",Industrials,Industrial Distribution,United States,その他,333.3900146484375,12.246714368,104.11936852478027,0.08836829538521952,0.01875650476871264,0.015095198189627705,0.30337834926548607,-0.010062382039475664,0.08714363882998286,58.29796053185495,-0.0125769232250864,0.07890591682659692,True,34,12,41,65,87,S,0,43.95,27.450000000000003,56.2,56.2,Persistence
AIZ,"Assurant, Inc. Common Stock",Financial Services,Insurance - Property & Casualty,United States,その他,265.0,13.070798848,101.342625,0.0788718164596927,0.06700743828380466,0.09208280192288826,,0.43818607162137846,0.06081356642123363,23.314464677814044,-0.056019218197775965,0.11854991618960264,True,23,24,42,65,63,B,-20,13.299999999999997,14.049999999999997,31.950000000000003,31.950000000000003,Persistence
AJG,Arthur J. Gallagher & Co. Common Stock,Financial Services,Insurance Brokers,United States,その他,231.10000610351562,59.240402944,330.8404577377319,0.2065772392903505,0.14723987291501192,0.17792903421982084,0.4257638789269832,-0.2687423187218353,0.19082997240500954,26.161448829460426,-0.07991943374810175,0.24691159251458852,False,31,17,66,40,53,B,-20,14.549999999999997,4.050000000000001,36.900000000000006,36.900000000000006,Persistence
ALB,Albemarle Corporation Common Stock,Basic Materials,Specialty Chemicals,United States,その他,109.7300033569336,12.94869504,287.7548635031891,-0.04366189954265214,-0.4408430392911536,0.313806880339405,0.13003183326841972,1.6975912025652469,0.20133189928968181,33.40398876003965,-0.11320017509229036,0.4880774719264533,False,40,65,30,65,45,C,0,44.25,63.0,41.75,63.0,Transition
ALG,"Alamo Group, Inc. Common Stock",Industrials,Farm & Heavy Construction Machinery,United States,その他,159.4499969482422,1.940660352,32.09728438568115,-0.015227388421216164,-0.03618380363755592,0.11630096404900582,0.24805966147351619,-0.21348454636091724,0.1318883915011428,18.29211171498619,-0.03508316487672817,0.2672074893016388,False,18,0,25,100,46,C,-25,8.100000000000001,0.0,22.950000000000003,22.950000000000003,Persistence
ALH,Alliance Laundry Holdings Inc. Common Stock,Consumer Cyclical,"Furnishings, Fixtures & Appliances",United States,その他,21.860000610351562,4.345529344,21.698018005828857,,,,0.37566703739738844,,0.6912974446686774,40.60476532202052,-0.08992503848314076,0.2195644258577638,False,4,0,19,85,80,S,-10,13.75,10.75,37.7,37.7,Persistence
ALK,"Alaska Air Group, Inc. Common Stock",Industrials,Airlines,United States,その他,40.939998626708984,4.567551488,103.78473881864548,0.2133787814230933,0.12555150585075772,0.08086253369272237,0.14172343563452489,-2.8524590163934427,0.3385393644712932,44.57592323050074,-0.06796526503873968,0.3200465163722805,False,39,5,26,85,63,B,0,48.3,22.8,48.15,48.3,Acceleration
ALL,Allstate Corporation (The) Common Stock,Financial Services,Insurance - Property & Casualty,United States,その他,227.60000610351562,57.550471168,470.4970086172485,0.05595528615287727,0.12235161068014348,0.11802358891281585,,0.13312693498452013,0.06254279463584896,17.68750686290356,-0.11010783916330798,0.1692513490202832,True,2,24,42,40,63,B,-20,0.0,10.3,25.700000000000003,25.700000000000003,Persistence
ALLY,Ally Financial Inc. Common Stock,Financial Services,Credit Services,United States,その他,38.790000915527344,11.799906304,134.89300398376466,-0.014274474541980444,-0.019073869900771773,-0.0183982683982684,,-1.5112359550561798,0.10889684799134702,12.68874010380381,-0.09144339460770501,0.17334390605130934,False,18,12,10,65,53,B,-20,8.55,4.050000000000001,12.350000000000001,12.350000000000001,Persistence
ALSN,"Allison Transmission Holdings, Inc. Common Stock",Consumer Cyclical,Auto Parts,United States,その他,113.86000061035156,9.402335232,90.39914748458862,-0.06666666666666667,0.06260296540362438,0.09606356085229324,0.48604651162790696,0.004559270516717325,0.47517264057875697,15.760458845491357,-0.0684459682759364,0.15882441267641803,False,10,12,30,85,53,B,0,25.55,27.05,48.35,48.35,Persistence
AM,Antero Midstream Corporation Common Stock,Energy,Oil & Gas Midstream,United States,電力/エネルギー,20.93000030517578,9.934926848,51.06961934463501,0.0698746245321256,0.05791038282410874,0.12293457776001179,0.653011918055624,0.28015058463737524,0.5476659535603989,23.32264282132016,-0.04844398331307588,0.09454564597783247,True,38,24,46,85,73,A,0,48.55,38.05,61.15,61.15,Persistence
AMBQ,"Ambiq Micro, Inc. Common Stock",Technology,Semiconductors,United States,半導体,69.79000091552734,1.687838848,40.438420230484006,-0.04670882248544047,0.16067259715885682,-0.27987649437412093,0.44260418677772567,-0.07846098811558488,0.0036712150747238467,68.91478148807147,0.08966514384758259,0.22866933768543843,True,4,18,14,100,65,A,-15,9.5,20.0,30.700000000000003,30.700000000000003,Persistence
AMC,"AMC Entertainment Holdings, Inc. Class A Common Stock",Communication Services,Entertainment,United States,その他,2.940000057220459,2.624257536,79.51340404754878,0.04565254895195377,-0.03644599592735735,0.2304034361098328,0.669574542679783,-0.23489706378670266,1.014742198608097,63.30274286199246,0.14015358698059488,0.06666667675845807,True,30,0,12,100,37,C,-30,11.200000000000003,0.0,9.0,11.200000000000003,Acceleration
AME,"AMETEK, Inc.",Industrials,Specialty Industrial Machinery,United States,その他,250.74000549316406,57.4703616,373.5386694834137,0.06626193240918692,0.052180174171397385,0.07258236282076504,0.3604103759487083,-0.017780279743538064,0.14591166801296254,66.16908810736297,0.03489110572446313,0.028680887817454277,True,22,12,41,40,55,B,0,28.0,20.5,43.55,43.55,Persistence
AMG,"Affiliated Managers Group, Inc. Common Stock",Financial Services,Asset Management,United States,その他,373.69000244140625,9.663597568,107.1443975,0.016414327012592482,-0.008212654290990377,-0.11667239010989011,0.5083879676050906,0.04134812102939593,0.2922974998370876,52.5075897013828,0.030524305666416524,0.025350523462007248,True,40,24,34,85,75,A,-20,30.25,18.25,34.95,34.95,Persistence
AMP,"Ameriprise Financial, Inc. Common Stock",Financial Services,Asset Management,United States,その他,493.0,43.581198336,315.177365,0.07043558850787766,0.11129707112970712,0.08956375368214335,,0.2713818351768188,0.03070653312659766,18.68165665070903,-0.09750587947682837,0.13611830390541368,True,5,24,42,40,63,B,-20,0.0,10.3,25.700000000000003,25.700000000000003,Persistence
AMPX,"Amprius Technologies, Inc. Common Stock",Industrials,Electrical Equipment & Parts,United States,電力/エネルギー,9.75,1.42428608,43.54038,2.0513429795901046,1.6808099192355819,1.102104256336681,0.11491983145833044,0.028036871905686697,0.2541382233525186,47.741929529607745,-0.04430503894249886,0.5744216471000392,False,67,70,44,100,65,A,-15,56.75,59.0,47.2,59.0,Transition
AMR,"Alpha Metallurgical Resources, Inc. Common Stock",Basic Materials,Coking Coal,United States,その他,174.42999267578125,2.21160576,58.02675351348877,-0.27992026470225223,-0.14810436199396385,-0.1536415616180254,0.011664344504599947,-0.9533603974062577,0.0058825953926685045,22.490830897241494,-0.028094641061294466,0.3013018348075449,False,0,0,25,100,46,C,0,19.6,19.6,47.95,47.95,Persistence
AMRC,"Ameresco, Inc. Class A Common Stock",Industrials,Engineering & Construction,United States,その他,21.479999542236328,1.139862272,13.892941503925323,0.09164101590573176,0.2875640261800786,-0.2465378075905684,0.1573463635394379,-0.3604418421938718,0.4288493912623366,40.67038944228053,-0.08108526340411666,0.5031228366946879,False,3,0,2,100,55,B,-15,7.75,5.5,22.1,22.1,Persistence
AMTB,Amerant Bancorp Inc. Class A Common Stock,Financial Services,Banks - Regional,United States,その他,29.56999969482422,1.158844032,10.460387392044067,0.37352969114915835,-0.07180101487037448,0.044291479208404906,,0.7279023438022275,0.0944473048939871,48.79649214773313,0.025985327259815224,0.030037487892045283,True,41,55,38,100,87,S,-25,29.450000000000003,39.95,38.30000000000001,39.95,Transition
AMTM,"Amentum Holdings, Inc. Common Stock",Industrials,Specialty Business Services,United States,その他,19.190000534057617,4.69207808,32.11053194363594,0.7159036719122556,0.06649713922441196,0.024622199062011463,0.10512054470923365,3.0,0.3636125654450262,39.46731827527538,-0.0904092168614754,0.4886756952242794,False,64,57,46,85,45,C,0,65.25,60.0,55.55,65.25,Acceleration
AN,"AutoNation, Inc. Common Stock",Consumer Cyclical,Auto & Truck Dealerships,United States,その他,166.97999572753906,5.520493056,102.52905697662354,0.032355204854027965,-0.006809183306183184,-0.0013377802482860848,0.17908973124778332,-13.31159420289855,0.7076194049554619,12.20852896043543,-0.16939342441945524,0.27393686916420806,False,18,0,0,85,24,D,-10,18.65,5.15,16.05,18.65,Acceleration
ANET,"Arista Networks, Inc. Common Stock",Technology,Computer Hardware,United States,その他,206.5500030517578,260.505960448,985.2744970573425,0.28595907526666764,0.19502747346506946,0.33754516343285457,0.6405609780472368,0.15673793591208313,,62.173503351260834,0.08577377664730457,0.018764831108038896,True,41,29,87,25,40,C,0,38.5,29.5,62.1,62.1,Persistence
ANF,Abercrombie & Fitch Company Common Stock,Consumer Cyclical,Apparel Retail,United States,その他,135.7100067138672,5.758769664,206.463775814209,0.06420115479428774,0.15602905802049535,0.15764338918439885,0.6147414537591155,-0.2826779759343132,0.3297957521922011,33.27745027004461,0.12226778357747177,0.10764068201007052,True,12,0,53,85,60,B,0,27.75,18.75,62.400000000000006,62.400000000000006,Persistence
AOS,A.O. Smith Corporation Common Stock,Industrials,Specialty Industrial Machinery,United States,その他,58.650001525878906,7.971038208,86.89613551074982,0.0031691155286660906,-0.009006436877076411,0.026345933562428408,0.38833481280350896,0.15238497256226255,0.06112383861524755,38.007878373669286,-0.026705267162714357,0.2625745939105066,False,24,24,34,85,63,B,0,37.05,37.05,52.550000000000004,52.550000000000004,Persistence
APAM,Artisan Partners Asset Management Inc. Class A Common Stock,Financial Services,Asset Management,United States,その他,36.15999984741211,2.567230976,29.62172947500229,0.07634992561625181,0.14015655332463023,-0.018276728230064886,0.4571860000267405,-0.5345897426144977,0.19655269918315696,13.39646084667747,-0.09631715497430335,0.17140237504243894,False,8,12,33,100,53,B,-20,6.300000000000001,9.3,33.75000000000001,33.75000000000001,Persistence
APD,"Air Products and Chemicals, Inc. Common Stock",Basic Materials,Specialty Chemicals,United States,その他,281.760009765625,62.74387968,331.5653178918457,-0.005231145563029932,-0.039634920634920634,-0.007764635471626794,0.3141319066568084,-0.1954920634920635,0.4482811529609469,27.403288437027484,-0.05329893510639284,0.10321777403413454,False,22,0,6,40,53,B,0,27.8,11.3,23.900000000000002,27.8,Acceleration
APG,APi Group Corporation Common Stock,Industrials,Engineering & Construction,United States,その他,38.459999084472656,16.620883968,145.6037875339508,0.12724422912510686,0.012990762124711317,0.05641964013418725,0.3143723928706864,0.23694029850746268,0.3437779767233662,37.38018137477742,-0.03742675393914134,0.22145753245928892,False,32,26,42,65,80,S,0,41.75,37.25,55.35,55.35,Persistence
APH,Amphenol Corporation Common Stock,Technology,Electronic Components,United States,半導体,84.08999633789062,207.363145728,1014.3204446264648,0.5171224552806006,0.21251005599496603,-0.005410758139903351,0.3688162219037268,1.0369887870469454,0.42779597592509294,53.16402452452184,0.04769871914994064,0.044686790298068525,True,67,41,41,25,87,S,0,62.7,43.2,46.2,62.7,Acceleration
APO,"Apollo Global Management, Inc. (New) Common Stock",Financial Services,Asset Management,United States,その他,121.69000244140625,71.863197696,324.8362502670288,0.22727272727272727,-0.20003676020095576,1.976294675419402,0.9549751942338295,,0.028992361410915306,24.48891462349492,-0.05442631829049455,0.19305403724118783,False,42,5,33,40,53,B,-20,22.799999999999997,0.0,18.75,22.799999999999997,Acceleration
AR,Antero Resources Corporation Common Stock,Energy,Oil & Gas E&P,United States,電力/エネルギー,35.0,10.760365056,142.856175,0.21728120193410777,-0.037457343746421456,-0.4844554357269614,0.22104830650968066,0.6633768819477524,0.26624474431023526,28.61300067894942,-0.044598157268945685,0.22480622774865616,False,58,51,26,65,63,B,0,59.55,54.3,43.150000000000006,59.55,Acceleration
ARES,Ares Management Corporation Class A Common Stock,Financial Services,Asset Management,United States,その他,122.01000213623047,40.479981568,262.9278943035126,0.4419041897085061,0.06963245522158748,0.18866036774372816,0.5419738919093197,0.18340781843538687,0.49670250119711723,22.604926761410084,-0.07888970236253136,0.28731953252503345,False,42,32,57,40,36,C,-20,21.1,13.600000000000001,28.550000000000004,28.550000000000004,Persistence
ARLO,"Arlo Technologies, Inc. Common Stock",Industrials,Building Products & Equipment,United States,その他,12.84000015258789,1.38175488,17.318142805805206,0.03603739386086133,0.0401281821587374,0.0015537892474521526,0.4399061396531626,0.3759512937595129,0.021713229516854077,35.01325911031027,-0.06265055587971746,0.3395061831354868,False,15,61,46,100,53,B,-5,26.55,61.05,55.9,61.05,Transition
ARMK,Aramark Common Stock,Industrials,Specialty Business Services,United States,その他,54.91999816894531,14.478286848,127.89247433601379,0.06353755518240328,0.08191703249326067,0.17504901817886387,0.08357316608793579,0.44370070447258175,0.4300748258369324,39.084508934088156,-0.047123209639176274,0.11798128792718666,True,5,24,42,65,90,S,0,22.5,36.75,57.35,57.35,Persistence
AROC,"Archrock, Inc. Common Stock",Energy,Oil & Gas Equipment & Services,United States,電力/エネルギー,30.43000030517578,5.335541248,56.82498256988525,0.28699860313357656,0.16888594488542788,0.17120917537087496,0.4857183897630449,0.6956306070097366,0.5566667678322784,34.81184422094063,-0.08349613685832315,0.26983075943242435,False,50,43,85,85,53,B,0,55.55,50.3,78.6,78.6,Persistence
ARW,"Arrow Electronics, Inc. Common Stock",Technology,Electronics & Computer Distribution,United States,その他,232.8000030517578,11.85078272,125.7888256489563,0.104916269997082,-0.15657647055980708,-0.1082118396348366,0.11236269742246564,-1.035852983974328,0.10609537653339426,64.46125239574054,0.09046862251252827,0.008644546111945825,True,23,14,10,65,40,C,0,31.0,24.25,29.75,31.0,Acceleration
ASAN,"Asana, Inc. Class A Common Stock",Technology,Software - Application,United States,ソフトウェア,9.020000457763672,2.065310464,79.48298123374938,0.09246058717238864,0.10938170493973984,0.19241537100794573,0.8902904125664196,3.0,0.29548814815516866,52.267818930414116,0.007191081952893103,0.406188235224687,True,37,44,61,100,75,A,0,50.25,55.5,73.55000000000001,73.55000000000001,Persistence
ASB,Associated Banc-Corp Common Stock,Financial Services,Banks - Regional,United States,その他,29.3700008392334,5.542647808,67.37625042524338,0.43707413272195617,-0.06194667684879988,-0.11057048951785794,,0.082307356023779,0.0854457562570079,30.232559171092376,-0.038897047404060574,0.0843768202946817,True,46,32,30,85,90,S,-20,36.25,25.75,35.75,36.25,Acceleration
ASH,Ashland Inc. Common Stock,Basic Materials,Specialty Chemicals,United States,その他,69.05999755859375,3.162489856,46.66729335021973,-0.13677236157122574,-0.035600182565038795,-0.0836470096194061,0.30098684210526316,-1.0145985401459854,0.3231403166341358,23.456885734349612,-0.03233175587653736,0.09146083804356532,True,4,0,10,85,73,A,0,23.05,20.05,41.35,41.35,Persistence
ASIC,Ategrity Specialty Insurance Company Holdings Common Stock,Financial Services,Insurance - Property & Casualty,United States,その他,27.149999618530273,1.301216128,1.9414964727211,0.23413914854261067,0.4248288551111406,,,,,47.83362092332917,0.05772076080189947,0.05268667958552635,True,9,17,0,100,72,A,-25,3.9499999999999993,9.950000000000003,14.399999999999999,14.399999999999999,Persistence
ATEN,"A10 Networks, Inc. Common Stock",Technology,Software - Infrastructure,United States,ソフトウェア,25.729999542236328,1.868230144,27.37002971305847,0.11028445218879922,0.03971394517282479,-0.10215525544164544,0.7933555206035304,-0.1720443853548783,0.3616279752879029,58.61026372109158,-0.07772406150788466,0.3233675065446602,True,50,2,36,100,73,A,-5,54.8,18.8,54.4,54.8,Acceleration
ATI,ATI Inc. Common Stock,Industrials,Metal Fabrication,United States,その他,185.47999572753906,25.256882176,377.7235194992828,0.05164943490520621,0.04513980401082972,0.08803441084462982,0.2195143218380782,0.9851279000594884,0.34304651345203546,25.386281778064543,-0.08562438367874156,0.19975840579689155,True,27,24,38,65,63,B,0,36.3,34.05,49.75000000000001,49.75000000000001,Persistence
ATKR,Atkore Inc. Common Stock,Industrials,Electrical Equipment & Parts,United States,電力/エネルギー,94.56999969482422,3.19391872,72.58531186576843,-0.10982797598915446,-0.09000554456526033,-0.1009691235118291,0.2371938037691843,-0.25933181686090206,0.3267340411133264,76.12890205845582,0.058376970705441907,0.0,True,0,0,21,85,25,D,0,15.25,15.25,37.8,37.8,Persistence
ATMU,Atmus Filtration Technologies Inc. Common Stock,Consumer Cyclical,Auto Parts,United States,その他,44.709999084472656,3.648135936,32.69910493041992,0.056720172496406325,0.025489834776733614,0.04225081620894949,0.28243496004080937,1.619718309859155,0.4529503220552306,22.706780805376596,-0.08813296744972897,0.3165356569590921,False,30,24,34,85,36,C,0,38.85,34.35,47.150000000000006,47.150000000000006,Persistence
ATO,Atmos Energy Corporation Common Stock,Utilities,Utilities - Regulated Gas,United States,電力/エネルギー,157.2100067138672,26.566692864,158.61467812385558,0.12906215255161413,-0.025768608329082225,0.01753948794548443,0.5813101043962529,-0.25641568983311974,0.32933321845233343,14.915248977142824,-0.06555188980651734,0.1728512661429005,False,31,14,14,65,53,B,0,38.3,25.55,34.550000000000004,38.3,Acceleration
AUB,Atlantic Union Bankshares Corporation Common Stock,Financial Services,Banks - Regional,United States,その他,38.779998779296875,5.538361344,51.81860996887207,0.6845255104051711,0.1660747036714153,8.761724192413209e-05,,3.0,0.03782927967867826,24.087509942835084,-0.05403753529389485,0.09838527949323404,True,60,34,50,85,63,B,-20,44.05,24.549999999999997,41.35,44.05,Acceleration
AVA,Avista Corporation Common Stock,Utilities,Utilities - Diversified,United States,その他,35.11000061035156,2.94056192,25.63907794570923,0.013415892672858616,0.10616438356164383,0.02456140350877193,0.6481670061099797,-102.0,0.39310922359133865,15.921788007139241,-0.08177741825924124,0.16193357023021188,False,15,12,30,100,53,B,0,31.55,29.3,52.1,52.1,Persistence
AVNT,Avient Corporation Common Stock,Basic Materials,Specialty Chemicals,United States,その他,41.279998779296875,3.786182912,27.84996397644043,0.006110356746080731,0.03105511009291078,-0.07480349730636757,0.3115146310042329,0.44551519644180876,0.33198353690918747,30.039642207076156,0.0013101480499794324,0.10328215531071423,True,9,12,30,85,90,S,0,28.5,30.75,55.75,55.75,Persistence
AVY,Avery Dennison Corporation Common Stock,Consumer Cyclical,Packaging & Containers,United States,その他,170.33999633789062,13.029371904,205.72557547714234,0.011398289114519684,0.04679411307581029,-0.07467392386578607,0.28753881768392525,-0.02575107296137339,0.42411125123555676,40.28805845312221,-0.00858079148140914,0.12239882537906359,False,0,0,17,65,90,S,0,18.75,18.75,43.6,43.6,Persistence
AWI,Armstrong World Industries Inc Common Stock,Industrials,Building Products & Equipment,United States,その他,162.80999755859375,6.880810496,59.55182685699463,0.12111779760669572,0.11619827053736875,0.05036087908523234,0.40640424481737414,0.3375,0.25661141996155246,30.35845641128786,-0.04723760969904101,0.19458308703258748,False,44,26,42,85,80,S,0,53.75,40.25,60.35,60.35,Persistence
AWK,"American Water Works Company, Inc. Common Stock",Utilities,Utilities - Regulated Water,United States,その他,130.91000366210938,26.015612928,250.12843489715576,0.09735269000853972,0.10628247520075579,0.11656118143459916,0.6071984435797665,-0.2897196261682243,0.4491281530387676,12.944783079270593,-0.03706098497182337,0.07528440767850882,True,12,12,34,65,60,B,0,24.75,24.75,46.95,46.95,Persistence
AWR,American States Water Company Common Stock,Utilities,Utilities - Regulated Water,United States,その他,82.80000305175781,3.281829888,18.811332693328858,0.10515249580575657,-0.00040288803573616875,0.21193299262707313,0.7438764392400236,0.7865655471289275,0.345615176207657,19.3583316197806,-0.049519428218284554,0.09110862306678383,True,44,26,26,85,73,A,0,53.05,39.55,50.15,53.05,Acceleration
AX,"Axos Financial, Inc. Common Stock",Financial Services,Banks - Regional,United States,その他,88.5199966430664,5.02209792,34.143933105163576,0.17796408844450637,0.15682502478033075,0.20586490761377527,,-0.33241003581599476,0.03583204372197209,14.19895158146214,-0.08410092918456889,0.1577545392175929,False,23,14,70,85,53,B,-20,15.299999999999997,8.55,50.349999999999994,50.349999999999994,Persistence
AXP,American Express Company Common Stock,Financial Services,Credit Services,United States,その他,308.8900146484375,208.596467712,939.2526786920166,0.09524026141412303,0.08979591836734693,0.14477318300480496,,0.31831287585468326,0.19249663391678776,32.76792701605659,-0.06958877216684355,0.19092473048830963,False,23,24,50,25,70,A,-20,8.0,8.75,27.75,27.75,Persistence
AXTA,Axalta Coating Systems Ltd. Common Shares,Basic Materials,Specialty Chemicals,United States,その他,32.88999938964844,7.039117824,67.11451050453186,-0.030136467020470053,0.017746913580246913,0.06142506142506143,0.3443423881180379,0.0389908256880734,0.4250559284116331,28.71871134037994,-0.06087067316836024,0.1387797702970819,True,6,12,26,85,63,B,0,23.55,28.05,48.15,48.15,Persistence
AYI,Acuity Inc. Common Stock,Industrials,Electrical Equipment & Parts,United States,電力/エネルギー,319.4200134277344,9.562012672,89.62606156768798,0.13137203853163237,-0.028136227923688074,-0.013454481915079504,0.47829988954344627,-0.03998559077809798,0.211221399730821,40.16670420341884,-0.03965542819275644,0.15146848758911532,True,31,2,33,85,100,S,0,46.0,24.25,59.400000000000006,59.400000000000006,Persistence
AZO,"AutoZone, Inc. Common Stock",Consumer Cyclical,Auto Parts,United States,その他,2872.159912109375,46.451441664,1145.18760015625,0.02425324500434499,0.05917664158113705,0.07414237923041946,0.5262486365892685,-0.07317931884313096,0.6349052074767645,39.92053147894974,-0.035553229252365565,0.33053634407309834,False,8,0,35,40,63,B,-10,8.3,2.3000000000000007,31.85,31.85,Persistence
AZZ,AZZ Inc.,Industrials,Specialty Business Services,United States,その他,137.1699981689453,4.122164224,33.47290880317688,0.04584774209250677,0.026115561440671075,0.16162895148185055,0.23935506157277223,2.31778908569979,0.24323122837675076,41.690941347507255,-0.040222912037088186,0.14216368427948395,True,30,24,42,85,100,S,0,45.25,40.75,64.35,64.35,Persistence
BA,Boeing Company (The) Common Stock,Industrials,Aerospace & Defense,United States,防衛/宇宙,198.07000732421875,156.434202624,1289.7972254440308,0.3449644451794278,-0.14495976553461706,0.1679377852510209,0.04794160714485318,0.8690095846645367,0.3235533628555295,32.59694808935352,-0.07604620564183075,0.21447546254737243,False,51,69,14,25,70,A,0,49.0,62.5,27.950000000000003,62.5,Transition
BAC,Bank of America Corporation Common Stock,Financial Services,Banks - Diversified,United States,その他,56.70000076293945,396.488835072,2124.1203765815735,0.06840424727932286,0.030038241103834813,0.08234860452869931,,,0.10724856363530845,17.91841694775536,-0.07530378842390219,0.120671335969109,True,18,12,22,10,63,B,-20,1.3000000000000007,0.0,7.200000000000003,7.200000000000003,Persistence
BAH,Booz Allen Hamilton Holding Corporation Common Stock,Industrials,Consulting Services,United States,その他,72.94999694824219,8.77478912,115.8110381552124,-0.06368948247078464,0.12361658225473644,0.15152824279079813,0.527057145404297,0.043907793633369926,0.5790952514751334,50.432758259387285,-0.011654450814225534,0.27804521592270237,False,10,12,30,85,73,A,0,27.55,29.05,52.35,52.35,Persistence
BALL,Ball Corporation Common Stock,Consumer Cyclical,Packaging & Containers,United States,その他,56.83000183105469,15.130789888,115.18702581130981,0.11581178465451462,-0.02213563256508042,-0.0979658988932097,0.19588177190183118,3.0,0.3591477156320426,20.020546104973917,-0.08641022693175222,0.15301975174664714,False,47,27,26,65,53,B,0,50.3,35.3,41.150000000000006,50.3,Acceleration
BAM,Brookfield Asset Management Inc Class A Limited Voting Shares,Financial Services,Asset Management,United States,その他,44.59000015258789,71.221444608,117.69106935274124,0.15517673602406618,0.07404415724286484,,0.7020399305555556,,0.2124714025928316,13.128799782444972,-0.09324466323447898,0.21128126130211117,False,23,21,22,40,53,B,-20,8.55,7.050000000000001,12.700000000000003,12.700000000000003,Persistence
BANC,"Banc of California, Inc. Common Stock",Financial Services,Banks - Regional,United States,その他,17.940000534057617,2.842195712,48.08314823139191,0.11894239615210232,2.541458771126318,-0.7924075533718066,,2.649649447354921,0.08668910203227008,33.22919699310984,-0.058098097454146284,0.1728179890838003,False,17,26,38,100,70,A,-20,14.75,21.5,39.900000000000006,39.900000000000006,Persistence
BBAI,"BigBear.ai, Inc. Common Stock",Technology,Information Technology Services,United States,その他,2.799999952316284,1.342584576,42.391467278077606,-0.19315452867868246,0.019798406846949036,0.0009870267271354935,0.22305595588696034,0.05922856620559381,0.12834652623059492,40.909089267091076,-0.057556389533210156,0.6857463523829871,False,2,30,10,100,55,B,-15,7.0,28.0,26.5,28.0,Transition
BBT,Beacon Financial Corporation Common stock,Financial Services,Banks - Regional,United States,その他,28.190000534057617,2.362775552,29.532831209497452,0.5552608709103131,-0.042409764453038734,0.13197526949904884,,1.122217887545139,0.03785783449119592,11.776887594554609,-0.08599243522957767,0.1355412448195687,False,48,34,38,100,53,B,-20,36.3,25.799999999999997,36.50000000000001,36.50000000000001,Persistence
BBWI,"Bath & Body Works, Inc.",Consumer Cyclical,Specialty Retail,United States,その他,16.450000762939453,3.317065472,105.59971064764022,-0.002189681127685781,-0.01642212949252928,-0.017328042328042328,0.4373885612398848,0.3106060606060606,0.9773130795028605,28.750000331136974,-0.12803625824511158,0.36547131489773643,False,39,12,24,85,24,D,-20,24.4,4.149999999999999,19.25,24.4,Acceleration
BBY,"Best Buy Co., Inc. Common Stock",Consumer Cyclical,Specialty Retail,United States,その他,90.51000213623047,18.982453248,362.57809050762177,0.003925062608360624,-0.0442787443615944,-0.061471337854766946,0.22482070470845025,-0.09626436781609195,0.28173142467620993,52.58632479090857,0.045943177645040155,0.04545451985304122,True,30,12,21,65,87,S,0,40.95,27.450000000000003,45.2,45.2,Persistence
BC,Brunswick Corporation Common Stock,Consumer Cyclical,Recreational Vehicles,United States,その他,67.19000244140625,4.353739264,54.2965769229126,0.02400183307555708,-0.18188208829318586,-0.060303573001379875,0.24841500708585068,0.5011363636363636,0.4297277963932081,20.759291316600837,-0.12043434271631802,0.23473677633924547,False,27,12,22,85,41,C,0,37.1,25.85,41.550000000000004,41.550000000000004,Persistence
BCAT,BlackRock Capital Allocation Term Trust Common Shares of Beneficial Interest,Financial Services,Asset Management,United States,その他,13.699999809265137,1.450079872,16.882715264954566,0.13118431597820956,-0.04460799312495775,1.6458395319810109,,,,11.097392880152569,-0.0950351383545959,0.13302967978838076,False,23,14,8,100,53,B,-25,12.549999999999997,5.800000000000001,15.0,15.0,Persistence
BCC,"Boise Cascade, L.L.C. Common Stock",Basic Materials,Lumber & Wood Production,United States,その他,77.13999938964844,2.691518976,25.16731050086975,-0.047543875981627216,-0.01666377849872299,-0.18469122448957692,0.16455263759847422,-0.939080531350748,0.1575641521149508,42.46176551814578,-0.023634492509225245,0.1451007740677455,True,0,0,25,100,100,S,0,25.0,25.0,58.75,58.75,Persistence
BCO,Brinks Company (The) Common Stock,Industrials,Security & Protection Services,United States,その他,106.81999969482422,4.399876608,45.47701257007599,0.04974161495640376,0.028166413654453697,0.07476573696395106,0.2581160191591272,1.1444717444717445,0.6290467625899281,45.06973975665214,-0.04966896813691356,0.20853051607629614,False,33,24,32,85,90,S,-10,36.5,29.75,46.85,46.85,Persistence
BDC,Belden Inc Common Stock,Technology,Communication Equipment,United States,通信/光通信,112.44999694824219,4.3943424,50.004826892929074,0.10329832152163834,-0.020343666851904633,-0.036217741517791203,0.3797783878426367,-0.019212830080367393,0.3956924287332082,36.75774036142013,-0.04667080775517288,0.2538916070230657,False,39,14,25,85,63,B,0,48.3,29.55,47.6,48.3,Acceleration
BDJ,Blackrock Enhanced Equity Dividend Trust,Financial Services,Asset Management,United States,その他,9.609999656677246,1.7004384,4.100827103495598,0.6714484577347699,0.0998032695068475,3.0,,,,33.02391459923665,-0.00580271035015922,0.024072922470530615,True,36,22,20,100,65,A,-25,23.5,13.0,24.0,24.0,Persistence
BE,Bloom Energy Corporation Class A Common Stock,Industrials,Electrical Equipment & Parts,United States,電力/エネルギー,288.70001220703125,85.03005184,4819.910217799073,0.37326441660515003,0.10527870893233443,0.11203585948087147,0.2902182516351333,0.725396729620467,0.6804977629869237,61.147407934604196,0.256992532037928,0.16524502786730885,True,44,20,57,40,50,B,-10,34.0,16.0,41.35,41.35,Persistence
BEN,"Franklin Templeton, Inc. Common Stock",Financial Services,Asset Management,United States,その他,33.02000045776367,16.77669888,123.57289401311874,0.03452465204057561,0.08008255408056666,-0.05146641209382137,0.8034364417891389,0.1478217073784941,0.41089275618429144,31.453374641286118,-0.018611305851448438,0.07688006611146488,True,17,24,37,65,77,A,-20,10.2,15.450000000000003,32.0,32.0,Persistence
BEPC,Brookfield Renewable Corporation Brookfield Renewable Corporation Class A Subordinate Voting Shares,Utilities,Utilities - Renewable,United States,その他,28.469999313354492,5.285254144,50.29595488695145,-0.09995171414775471,0.044113940005041596,0.05002646903123346,0.5989806866952789,-0.59,0.33639527092744287,26.50431079594037,-0.11460408265129035,0.33782381088933006,False,8,0,14,85,36,C,0,22.35,16.35,36.150000000000006,36.150000000000006,Persistence
BETA,"Beta Technologies, Inc. Class A Common Stock",Industrials,Aerospace & Defense,United States,防衛/宇宙,23.850000381469727,5.706291712,94.67162251422882,,,,0.7220069631626236,,0.09680595746499135,56.83512376980414,0.10434051383215731,0.35190215011062104,True,12,0,22,85,53,B,-10,17.05,8.05,33.95,33.95,Persistence
BF-A,Brown Forman Inc Class A Common Stock,Consumer Defensive,Beverages - Wineries & Distilleries,United States,その他,26.690000534057617,12.247087104,4.943521898918152,-0.011823899371069183,-0.04858784107228339,-0.011825922421948912,0.6053971486761711,1.0719257540603249,0.31694958196098305,44.607862386727845,-0.03280488488984646,0.11274136204636667,False,42,12,38,65,90,S,-20,30.25,7.75,35.150000000000006,35.150000000000006,Persistence
BF-B,Brown Forman Inc Class B Common Stock,Consumer Defensive,Beverages - Wineries & Distilleries,United States,その他,26.15999984741211,12.003889152,69.54766759433747,-0.011823899371069183,-0.04858784107228339,-0.011825922421948912,0.6053971486761711,1.0719257540603249,0.31694958196098305,43.763679071250536,-0.034768258781089564,0.13024012074208186,False,42,12,38,65,90,S,-20,30.25,7.75,35.150000000000006,35.150000000000006,Persistence
BFH,"Bread Financial Holdings, Inc. Common Stock",Financial Services,Credit Services,United States,その他,102.91000366210938,3.953726976,62.8718376373291,0.0018238665971860343,-0.10640279394644936,0.10981912144702842,,,0.19384018002912234,32.60489501745124,-0.03637401167472955,0.09052611535897823,True,18,12,10,85,90,S,-20,15.25,10.75,24.75,24.75,Persistence
BG,Bunge Limited Common Shares,Consumer Defensive,Farm Products,United States,その他,109.0,20.94098432,223.75629,0.32426376440460947,-0.10802821632515956,-0.11440980485483103,0.04847218075047278,-2.677480916030534,0.3560680919870643,34.149526681088545,-0.05093910405378551,0.1653050171620536,False,44,8,6,65,70,A,-20,29.75,2.75,13.549999999999997,29.75,Acceleration
BH,Biglari Holdings Inc. Class B Common Stock,Consumer Cyclical,Restaurants,United States,その他,344.80999755859375,1.098039808,55.371313457946776,0.09153747162495789,-0.008770441095155453,-0.007910795125885653,0.3780160450942542,3.0,0.3497590656369376,29.915423486997767,-0.08575177654207125,0.2770066513242659,False,34,12,30,100,36,C,-25,19.1,2.6000000000000014,23.700000000000003,23.700000000000003,Persistence
BH-A,Biglari Holdings Inc. Class A Common Stock,Consumer Cyclical,Restaurants,United States,その他,1724.219970703125,1.098147072,51.03027288592529,0.09153747162495789,-0.008770441095155453,-0.007910795125885653,0.3780160450942542,3.0,0.3497590656369376,28.01309094507002,-0.08697373287059039,0.2999484457754331,False,34,12,30,100,36,C,-25,19.1,2.6000000000000014,23.700000000000003,23.700000000000003,Persistence
BHE,"Benchmark Electronics, Inc. Common Stock",Technology,Electronic Components,United States,半導体,82.5199966430664,2.96411264,32.62593107276916,0.001130602894087395,-0.0644144226650736,-0.016406642204237838,0.10156187714075547,-0.4523375990562409,0.14927970304795785,70.8263067512762,0.06437861273610307,0.16367692130921557,True,18,0,25,100,50,B,0,33.5,20.0,48.75,48.75,Persistence
BILL,"BILL Holdings, Inc. Common Stock",Technology,Software - Application,United States,ソフトウェア,44.25,4.4071552,81.2558325,0.13031171157619806,0.13362404392592617,0.2189050590098142,0.8092773839192818,0.14532056291454884,0.18443583513592837,27.70208630364094,-0.06641630057830207,0.2141715695111192,True,28,28,82,85,63,B,0,40.05,40.05,78.94999999999999,78.94999999999999,Persistence
BIPC,Brookfield Infrastructure Corporation Brookfield Infrastructure Corporation,Utilities,Utilities - Regulated Gas,United States,その他,34.959999084472656,4.300625408,44.32420963924408,0.0005455537370430987,0.4646424290850979,0.3271474019088017,0.6363140676117776,,0.5522996878251821,32.083957678009725,-0.09336661818172858,0.29232194100249154,False,12,18,41,85,53,B,0,27.05,31.55,54.4,54.4,Persistence
BJ,"BJ's Wholesale Club Holdings, Inc. Common Stock",Consumer Defensive,Discount Stores,United States,その他,93.79000091552734,11.847054336,146.01461817531586,0.04660419151407359,0.026697546343678345,0.03383476144262811,0.18639935343138184,0.04832065045431447,0.36296505880120766,51.369861343409255,0.002019216690771893,0.08746835931642762,True,20,24,38,65,100,S,0,34.75,37.75,57.150000000000006,57.150000000000006,Persistence
BKE,"Buckle, Inc. (The) Common Stock",Consumer Cyclical,Apparel Retail,United States,その他,42.27000045776367,2.177430528,21.494717932777405,0.06581811940487267,-0.034424653993094925,-0.06250803791591801,0.4899374727912254,0.03023946249856062,0.3871906900075559,44.225713966750064,-0.01929848915940347,0.2460434524169172,False,40,24,34,100,90,S,0,54.0,42.0,61.7,61.7,Persistence
BKH,Black Hills Corporation Common Stock,Utilities,Utilities - Regulated Gas,United States,その他,70.45999908447266,5.372796416,69.26041760005951,0.08567937209193026,-0.08733324754428859,-0.08640959322830943,0.38471861471861474,-4.879518072289157,0.4324918581758634,38.05387633895429,-0.027312771874708902,0.06532339201190514,False,22,12,6,85,67,A,0,35.95,28.45,37.95,37.95,Persistence
BKV,BKV Corporation Common Stock,Energy,Oil & Gas E&P,United States,電力/エネルギー,21.809999465942383,2.38683904,55.316919745464325,0.41588339040607075,-0.20197125818014697,-0.39188349998765226,0.5016501968402127,-3.4624340730420937,0.2889151431348602,27.701990847927647,-0.11651046301276968,0.3218283715975385,False,62,73,14,100,36,C,0,65.1,73.35,39.900000000000006,73.35,Transition
BLDR,"Builders FirstSource, Inc. Common Stock",Industrials,Building Products & Equipment,United States,その他,59.16999816894531,6.36648192,228.23643393707275,-0.07376937228468512,-0.04075712406557047,-0.24768918709494828,0.30385669120678144,-0.42814097765398695,0.45386050137352246,31.17177209888706,-0.121000938942587,0.5432298808426801,False,4,0,21,85,33,D,0,19.05,16.05,39.4,39.4,Persistence
BMEZ,BlackRock Health Sciences Term Trust Common Shares of Beneficial Interest,Financial Services,Asset Management,United States,その他,16.809999465942383,1.050648576,2.269349927902222,,,,,,,48.893367291270124,0.04227899689442449,0.01887402211977237,True,0,0,0,100,75,A,-25,0.0,0.0,15.0,15.0,Persistence
BMI,"Badger Meter, Inc. Common Stock",Technology,Scientific & Technical Instruments,United States,その他,129.47999572753906,3.753217024,48.29668580635071,0.10901231371543195,0.17476890015804614,0.24404492474821773,0.4168053035848507,0.19305844630702593,,43.65779539072602,-0.02363262570547826,0.30285051914445565,False,11,26,61,85,73,A,0,28.3,39.55,69.4,69.4,Persistence
BMNR,"BitMine Immersion Technologies, Inc. Common Stock",Financial Services,Capital Markets,United States,その他,27.559999465942383,16.624918528,1189.0790707580281,0.8413897280966768,3.0,0.5088257507558416,0.05086136177194422,-48.18867924528302,,59.5431078951844,0.2793968623841271,0.5639339872010163,True,22,45,38,65,45,C,-30,0.75,18.0,16.150000000000006,18.0,Transition
BNY,The Bank of New York Mellon Corporation Common Stock,Financial Services,Banks - Diversified,United States,その他,150.14999389648438,101.87739136,577.2193692863465,0.08221053784642349,0.052698339483394835,0.07154330903249723,,3.0,0.07261909803091256,9.397510687040935,-0.05346306932197116,0.08911673603349603,True,30,37,42,25,63,B,-20,12.549999999999997,17.799999999999997,21.950000000000003,21.950000000000003,Persistence
BOH,Bank of Hawaii Corporation Common Stock,Financial Services,Banks - Regional,United States,その他,71.6500015258789,2.826620928,27.0041690750885,0.1249254748654594,-0.061304803498635756,-0.03504517267608176,,0.14275526782503006,0.02690967094969285,20.96435857511075,-0.07557141922071585,0.15777689113043858,False,25,26,30,100,53,B,-20,19.049999999999997,19.799999999999997,32.1,32.1,Persistence
BOOT,"Boot Barn Holdings, Inc. Common Stock",Consumer Cyclical,Apparel Retail,United States,その他,123.30000305175781,3.734121472,82.70101104690552,0.17934921385753994,0.14642692390982892,0.0056671784461409915,0.38083793174284636,3.0,0.3156964582716856,21.563601477097677,-0.17849288475977232,0.4071545072378737,False,51,39,50,85,16,D,0,52.6,43.6,51.95,52.6,Acceleration
BOW,Bowhead Specialty Holdings Inc. Common Stock,Financial Services,Insurance - Property & Casualty,United States,その他,33.7599983215332,1.112155776,10.022668301696777,0.29593366416661965,0.5016406861949488,0.5107408236585964,,0.1196599982828196,0.06175612808765881,61.223949615812785,0.023253509040096973,0.003247729962223571,True,11,29,85,100,55,B,-25,3.75,17.25,57.75,57.75,Persistence
BOX,"Box, Inc. Class A Common Stock",Technology,Software - Infrastructure,United States,ソフトウェア,31.389999389648438,4.306732032,89.14712741661072,0.07991982607578912,0.05048369487184182,0.04729864745668975,0.7921882552008787,0.04353900500246647,0.3415009766761963,20.404999509793726,-0.043908933343142664,0.1270856454720412,True,47,12,53,85,73,A,0,55.3,29.05,65.0,65.0,Persistence
BRC,Brady Corporation Common Stock,Industrials,Security & Protection Services,United States,その他,84.0199966430664,3.940472064,24.090633537483214,0.09775337687177302,0.12838295711994918,0.007155390606991861,0.51748141059784,0.25410268261087493,0.0451378520682805,26.42802688706874,-0.08192726820057575,0.14474757257651974,False,13,24,50,85,53,B,0,27.8,36.05,59.35,59.35,Persistence
BRK-A,Berkshire Hathaway Inc. Common Stock,Financial Services,Insurance - Diversified,United States,その他,758506.0,1082.494222336,178.24891,-0.032317222651756586,-0.034381351900704925,0.8765382003323068,,1.1558195592286502,0.10561572146728458,49.410087228807875,-0.0010279913562013588,0.04448013705964236,True,30,12,38,10,87,S,-20,12.700000000000003,0.0,20.800000000000004,20.800000000000004,Persistence
BRK-B,Berkshire Hathaway Inc. New Common Stock,Financial Services,Insurance - Diversified,United States,その他,505.4800109863281,1082.085998592,2337.02111839386,-0.032317222651756586,-0.034381351900704925,0.8765382003323068,,1.1558195592286502,0.10561572146728458,49.32183975519702,-0.001600637846476594,0.04521924501646699,True,30,12,38,10,87,S,-20,12.700000000000003,0.0,20.800000000000004,20.800000000000004,Persistence
BRO,"Brown & Brown, Inc. Common Stock",Financial Services,Insurance Brokers,United States,その他,60.81999969482422,20.351002624,132.33002663600922,0.2248671625929862,0.12050488211478924,0.1785012629806343,0.4907166406385563,0.26556776556776557,0.26401253709446165,16.582587751304715,-0.1215688442576428,0.3600637094635253,False,40,29,71,65,24,D,-20,22.15,13.899999999999999,40.10000000000001,40.10000000000001,Persistence
BROS,Dutch Bros Inc. Class A Common Stock,Consumer Cyclical,Restaurants,United States,その他,37.88999938964844,6.645770752,164.98234039237977,0.2787976721584056,0.3264100578187903,0.30684752074391214,0.2587941707734109,1.2034097351583382,0.3618838047475272,6.852022319957271,-0.26964105737408783,0.4831537218458577,False,21,29,81,85,8,D,-20,9.3,15.299999999999997,47.400000000000006,47.400000000000006,Persistence
BST,BlackRock Science and Technology Trust Common Shares of Beneficial Interest,Financial Services,Asset Management,United States,その他,48.900001525878906,1.697809024,4.4655481393432614,-0.07960208154094707,-0.05872340228309766,1.4458309394142819,,,,55.44903242241321,0.052902529360136986,0.02219549755866232,True,0,0,8,100,60,B,-25,0.0,0.0,16.4,16.4,Persistence
BSTZ,BlackRock Science and Technology Term Trust Common Shares of Beneficial Interest,Financial Services,Asset Management,United States,その他,29.760000228881836,2.04582592,4.789425636835098,0.15302130376586628,-0.028455445523854667,1.2115133955496706,,,,52.23736303728121,0.046249006835949125,0.00884365089428122,True,23,14,8,100,75,A,-20,19.75,13.0,24.4,24.4,Persistence
BTT,BlackRock Municipal 2030 Target Term Trust,Financial Services,Asset Management,United States,その他,21.739999771118164,1.383216384,2.5539064731121064,,3.0,0.9962430766262386,,,0.02897715031861973,25.288261959605123,-0.028310164447229825,0.04802559217869023,False,0,0,10,100,50,B,-25,0.0,0.0,15.5,15.5,Persistence
BTU,Peabody Energy Corporation Common Stock ,Energy,Thermal Coal,United States,電力/エネルギー,25.440000534057617,3.101136128,66.30389179190635,-0.08855949205749758,-0.14353003012109083,-0.007065577390152351,0.1363718762139065,-1.4299019607843138,0.07919479267116683,31.919414858866375,-0.008220861344502879,0.3519238375296515,False,18,0,10,85,63,B,0,32.55,19.05,39.35,39.35,Persistence
BTX,BlackRock Technology and Private Equity Term Trust Common Shares of Beneficial Interest,Financial Services,Asset Management,United States,その他,9.039999961853027,1.055061056,3.497304785242081,-0.7178162771595705,-0.8112511716657763,1.1303788822444711,,,,55.508444925741316,0.04992160018464027,0.022683058372330804,True,18,0,0,100,75,A,-25,11.0,0.0,15.0,15.0,Persistence
BURL,"Burlington Stores, Inc. Common Stock",Consumer Cyclical,Apparel Retail,United States,その他,254.69000244140625,15.99840256,456.1803571728516,0.0876448061241828,0.09327772584579315,0.11776509651593936,0.43918280681703237,3.0,0.6054141033769641,43.14256885930752,-0.17728719355722836,0.3156989688848453,False,16,37,36,65,51,B,-10,16.85,32.6,36.25,36.25,Persistence
BWA,BorgWarner Inc. Common Stock,Consumer Cyclical,Auto Parts,United States,その他,61.31999969482422,12.488820736,135.09071872768402,0.016328269203464432,-0.00788843499084378,0.12370399683419074,0.18678401788208998,0.6570644718792867,0.2946473963250781,32.389573561679526,-0.05204279606478598,0.20183164901043962,True,27,12,26,65,80,S,0,38.0,26.75,46.55,46.55,Persistence
BWXT,"BWX Technologies, Inc. Common Stock",Industrials,Aerospace & Defense,United States,防衛/宇宙,138.47000122070312,12.686896128,149.6902254196167,0.18300085735822705,0.0830606307151879,0.11800026334246075,0.22913121301890774,0.15899929743583704,0.47196192433796597,16.432605790836803,-0.13498515657912807,0.41752376820003545,False,25,26,42,65,16,D,0,30.1,30.85,42.550000000000004,42.550000000000004,Persistence
BX,Blackstone Inc. Common Stock,Financial Services,Asset Management,United States,その他,118.41999816894531,141.547159552,443.65993103996277,0.13535214179720306,0.5600239144275673,-0.017662904801481416,,0.32956772496069736,0.27890276410256143,23.274047774686963,-0.11168330559056672,0.3004217874191768,False,10,26,41,25,36,C,-20,0.0,6.850000000000001,16.0,16.0,Persistence
BY,"Byline Bancorp, Inc. Common Stock",Financial Services,Banks - Regional,United States,その他,37.439998626708984,1.691779456,10.951573998298645,0.0940848490855925,0.05194009619019069,0.19793959947412632,,-0.20358361375958123,0.051301835884681096,32.33080262688668,-0.02415091393264221,0.05811324209537146,True,18,12,45,100,77,A,-25,11.200000000000003,6.699999999999999,40.150000000000006,40.150000000000006,Persistence
BYD,Boyd Gaming Corporation Common Stock,Consumer Cyclical,Resorts & Casinos,United States,その他,71.2300033569336,5.175245312,72.72405267734527,0.04116717902475043,0.05127789493731697,0.05150368020044006,0.49540773447826963,-0.4548632505501415,0.41243876137125857,17.891985155767756,-0.11714824295114344,0.21745419329736596,False,8,12,37,85,53,B,0,24.05,27.05,52.2,52.2,Persistence
C,"Citigroup, Inc. Common Stock",Financial Services,Banks - Diversified,United States,その他,134.27999877929688,225.246216192,1308.9560569006348,0.05628966679888933,0.03306441285695992,0.04846938775510204,,-1.8335817188276204,0.13838052206794968,40.880170872403944,0.002503730903353678,0.07350370912297595,True,18,12,22,25,87,S,-30,0.0,0.0,5.75,5.75,Persistence
CACI,"CACI International, Inc. Class A Common Stock",Technology,Information Technology Services,United States,その他,618.3200073242188,13.664622592,160.68282030334473,0.10894461917628362,0.12637248440957974,0.14282423425367016,0.0961367314190681,0.620372409151527,0.4555579677357457,47.47784445635618,0.041602107753216266,0.09081285762505507,True,14,26,52,65,100,S,0,30.25,39.25,64.85,64.85,Persistence
CAG,"ConAgra Brands, Inc. Common Stock",Consumer Defensive,Packaged Foods,United States,その他,14.319999694824219,6.853059584,157.62116744091034,-0.02852025351336456,-0.036354131226713354,-0.018416551274741386,0.23918593107360658,-0.2486565330876708,0.42076135784745056,25.0,-0.05974819038505253,0.2583046266284284,False,18,0,17,85,36,C,-20,9.850000000000001,0.0,17.800000000000004,17.800000000000004,Persistence
CALX,"Calix, Inc Common Stock",Technology,Software - Infrastructure,United States,ソフトウェア,33.13999938964844,2.08662656,35.575292244796756,0.202631813141748,-0.20015044349086614,0.1979265452676628,0.568310316896831,1.294482183291622,0.014730917260104183,28.240754367767238,-0.10813765305063534,0.5156386980920715,False,53,66,38,100,28,D,0,57.55,67.3,51.50000000000001,67.3,Transition
CALY,Callaway Golf Company Common Stock,Consumer Cyclical,Leisure,United States,その他,14.4399995803833,2.5956992,29.813978333625794,-0.008470905328006931,-0.025788906081492945,-0.46625122006156616,0.4211446046308432,-0.09052504526252263,0.22965962119132582,19.834722794185737,-0.12534679582071293,0.2655137491120545,False,34,18,29,100,24,D,0,42.9,30.9,45.75,45.75,Persistence
CARR,Carrier Global Corporation Common Stock ,Industrials,Building Products & Equipment,United States,その他,56.369998931884766,46.819815424,394.87184251785277,-0.0328648937116428,0.18653369215344837,0.09619389171679778,0.25861038304133904,3.0,0.32941650981446624,34.81817585968568,-0.07202359274801491,0.2556223043047805,False,12,12,26,40,53,B,0,20.3,20.3,34.900000000000006,34.900000000000006,Persistence
CAT,"Caterpillar, Inc. Common Stock",Industrials,Farm & Heavy Construction Machinery,United States,その他,821.5800170898438,377.659686912,1981.6140301199341,0.04289527689055533,-0.033566954965702354,0.12844330018341832,0.3177736022133779,-0.15498866213151927,0.43951919663234773,52.63776102821558,-0.009190516560314648,0.22705973970968502,True,22,0,21,10,100,S,-20,8.0,0.0,14.049999999999997,14.049999999999997,Persistence
CAVA,"CAVA Group, Inc. Common Stock",Consumer Cyclical,Restaurants,United States,その他,51.58000183105469,6.024864256,183.86516932708741,0.22408227345693169,0.32250994922464665,0.2917487267757335,0.24622858712311302,-0.5058038415003024,0.3428226057276804,27.544038387353424,-0.17463280640622636,0.4703768132835915,False,9,5,76,85,16,D,-20,1.1000000000000014,0.0,46.25,46.25,Persistence
CBOE,"Cboe Global Markets, Inc. Common Stock",Financial Services,Financial Data & Stock Exchanges,United States,その他,258.0299987792969,26.94633472,268.57826512939454,0.15134937110758334,0.08506691400556513,-0.04673487432108122,0.4090407704382504,0.6173896316245071,0.1709455901475503,18.342979921974916,-0.10489380143175962,0.2929121846084473,False,51,33,34,65,36,C,-20,31.6,18.1,22.150000000000006,31.6,Acceleration
CBRE,CBRE Group Inc Common Stock Class A,Real Estate,Real Estate Services,United States,その他,134.5500030517578,38.962356224,264.1822034919739,0.13372661950960382,0.119502957839056,0.036363046581030234,0.18658446362515413,-0.14846538187009278,0.32357418142954303,26.796914805769802,-0.07085657946567214,0.2159547661953582,False,35,14,33,40,53,B,0,37.55,21.8,38.75,38.75,Persistence
CBT,Cabot Corporation Common Stock,Basic Materials,Specialty Chemicals,United States,その他,78.76000213623047,4.065702912,31.010963241119384,-0.07035553329994992,0.01602645637242432,-0.09025688498032863,0.25316455696202533,-0.13303769401330376,0.31847968545216254,39.24051396950177,-0.06119567502934807,0.15200289345942958,True,0,0,21,85,80,S,0,20.75,20.75,48.8,48.8,Persistence
CBZ,"CBIZ, Inc. Common Stock",Industrials,Specialty Business Services,United States,その他,54.68000030517578,3.004145408,60.56302153800964,0.5208346199996471,0.13969258305398335,0.12692469222275968,0.12885937626337432,0.5844842838830815,0.4146709126237547,37.68133569217161,0.03691792622960032,0.03732392535846234,True,60,41,59,85,77,A,0,65.45,51.2,69.10000000000001,69.10000000000001,Persistence
CC,Chemours Company (The) Common Stock,Basic Materials,Specialty Chemicals,United States,その他,14.460000038146973,2.176215552,26.338094769482613,0.004496713939813214,-0.04870023033892728,-0.11023276240667546,0.1553030303030303,1.051359516616314,0.5952316445407748,37.11655544361091,-0.07822456351541839,0.4776114913827515,False,42,25,22,100,45,C,0,51.0,38.25,46.1,51.0,Acceleration
CCK,"Crown Holdings, Inc.",Consumer Cyclical,Packaging & Containers,United States,その他,108.05999755859375,11.752660992,106.77138208770752,0.047792559952546394,-0.017402164862614488,-0.07208529707177624,0.22029923170238577,0.4157160963244613,0.43231502242152464,27.700983291048985,-0.06922168697092923,0.1127350624330533,True,35,24,22,65,63,B,0,42.3,34.05,40.95,42.3,Acceleration
CCL,Carnival Corporation Ltd. Common Shares,Consumer Cyclical,Travel Services,United States,その他,22.25,30.474694656,507.49212875,0.06394628512049878,0.15875515213263558,0.7744268222532665,0.40096164682017954,1.010023130300694,0.541586859365024,34.85575898070505,-0.12314873763533946,0.33487651030206894,False,19,24,46,40,41,C,0,24.35,28.1,43.5,43.5,Persistence
CCO,"Clear Channel Outdoor Holdings, Inc. Common Stock",Communication Services,Advertising Agencies,United States,その他,2.359999895095825,1.201461504,10.25406974419713,0.06571088803704417,0.04953611316802702,0.038088716845546065,0.5336921964417071,1.510479018021038,1.6899739479612157,33.333200878967176,-0.010979863771890993,0.0288066542133026,True,50,60,40,100,65,A,-25,34.0,41.5,35.0,41.5,Transition
CE,Celanese Corporation Common Stock,Basic Materials,Chemicals,United States,その他,47.09000015258789,5.1680768,93.6215129033661,-0.07051032333463186,-0.06022332051986088,0.12953582135842034,0.20452640402347025,0.512241054613936,0.5961742336943996,58.667627081175155,0.03738845208946672,0.3194419344484736,False,9,30,22,85,73,A,0,26.8,42.55,47.95,47.95,Persistence
CET,Central Securities Corporation Common Stock,Financial Services,Asset Management,United States,その他,56.38999938964844,1.666283008,1.402701234817505,-0.07898466813325454,0.28534068147782066,2.5096436510925955,,0.2626584407066699,0.0015236068461532645,62.36557753609601,0.031729464979786105,0.010528202687263042,True,5,12,38,100,55,B,-25,0.0,4.5,31.900000000000006,31.900000000000006,Persistence
CF,"CF Industries Holdings, Inc. Common Stock",Basic Materials,Agricultural Inputs,United States,その他,114.66999816894531,17.35394304,316.3613378983307,0.19339622641509435,-0.10481073744533254,-0.40720543536563564,0.3845285149632976,0.029142857142857144,0.2580919931856899,26.972366757344147,-0.08331189264753065,0.17663535110826442,True,44,33,30,65,63,B,0,49.05,40.8,45.35,49.05,Acceleration
CFG,"Citizens Financial Group, Inc. Common Stock",Financial Services,Banks - Regional,United States,その他,65.52999877929688,27.599714304,251.99233380584718,0.05608912792931233,-0.05046206225680934,0.02530856501683082,,0.08408728046833422,0.049842943039792184,26.499548520088467,-0.07082703908560974,0.12310991789595745,True,20,24,30,65,63,B,-20,11.05,14.049999999999997,25.35,25.35,Persistence
CFR,"Cullen/Frost Bankers, Inc. Common Stock",Financial Services,Banks - Regional,United States,その他,157.4199981689453,9.783461888,84.1291825214386,0.08311923671446085,0.03849827345529351,0.1716318780544319,,-0.8522470397653163,0.004205128429432815,34.91880715959148,-0.03160010231924719,0.0685017975489553,True,18,12,37,85,77,A,-20,13.950000000000003,9.45,37.0,37.0,Persistence
CHD,"Church & Dwight Company, Inc. Common Stock",Consumer Defensive,Household & Personal Products,United States,その他,96.37999725341797,22.86171136,173.43387745758056,0.01573578294116684,0.04076415753506365,0.0915804747377037,0.447317513541398,0.11941827120032773,0.24741932588303936,39.45575507643852,-0.022079229662760907,0.07857219496016722,True,6,24,46,65,77,A,0,21.95,35.45,56.949999999999996,56.949999999999996,Persistence
CHH,"Choice Hotels International, Inc. Common Stock",Consumer Cyclical,Lodging,United States,その他,101.80999755859375,4.582327808,59.171461531066896,0.007542722005200528,0.02634044936907649,0.10144163589403038,0.5271647608675639,-0.2817557951265046,0.6930460286690131,54.16373245546362,-0.03313608143554392,0.16385491030126986,False,8,12,35,85,90,S,-10,17.75,20.75,48.5,48.5,Persistence
CHWY,"Chewy, Inc. Class A Common Stock",Consumer Cyclical,Internet Retail,United States,その他,18.270000457763672,7.34321152,195.23623944173812,0.062404626811563654,0.06401320451752379,0.10166024310702639,0.2978931079633377,0.2428729281767956,0.15408151140684412,15.756034808269021,-0.17811544619274722,0.5483312703790413,False,5,12,42,85,16,D,0,18.1,23.35,47.550000000000004,47.550000000000004,Persistence
CIEN,Ciena Corporation Common Stock,Technology,Communication Equipment,United States,通信/光通信,356.9100036621094,50.612883456,1007.8299764909362,0.18793535668519323,-0.08471215071346519,0.20753051275635134,0.42036147551518427,0.7605394148047983,0.2771775447779047,63.05723550337145,-0.052955514935941,0.43076554439854964,False,36,26,38,40,35,C,0,36.5,29.0,37.900000000000006,37.900000000000006,Persistence
CL,Colgate-Palmolive Company Common Stock,Consumer Defensive,Household & Personal Products,United States,その他,86.05999755859375,68.604690432,461.78675909973146,0.013979404009750758,0.03309862774322866,0.08292981577336228,0.6010695711902659,0.024816694867456288,0.5238211879975505,35.60042387344768,-0.0461750843417186,0.12153235770432935,False,14,12,46,40,80,S,0,24.5,23.0,51.3,51.3,Persistence
CLF,Cleveland-Cliffs Inc. Common Stock,Basic Materials,Steel,United States,その他,12.180000305175781,6.949177856,156.60764252388,-0.029971331769611677,-0.12779596290234588,-0.04319457131671669,-0.046211714132187,-0.7338983050847457,0.36243254047571455,46.52174417823584,0.03709004456745724,0.24721878396506888,True,18,0,6,85,100,S,-10,26.25,12.75,34.55,34.55,Persistence
CLH,"Clean Harbors, Inc. Common Stock",Industrials,Waste Management,United States,その他,313.0400085449219,16.524520448,123.67115097579956,0.02391954976882664,0.08888639106462529,0.04694514095813402,0.3127655414994635,0.3043435549218124,0.3981734919050962,43.23332363550544,-0.003977191304458129,0.04075500380651478,True,9,12,42,65,87,S,0,25.200000000000003,27.450000000000003,56.75,56.75,Persistence
CLX,Clorox Company (The) Common Stock,Consumer Defensive,Household & Personal Products,United States,その他,83.80000305175781,10.134019072,305.55659912750247,-0.05405405405405406,0.0015508247568024813,-0.040059547976722155,0.4232142857142857,-0.46780551905387646,0.7082371054657429,31.285371539941778,-0.1331085855489316,0.3248847587787974,False,4,0,19,65,41,C,-10,6.850000000000001,3.8500000000000014,24.900000000000006,24.900000000000006,Persistence
CMG,"Chipotle Mexican Grill, Inc. Common Stock",Consumer Cyclical,Restaurants,United States,半導体,31.329999923706055,39.645544448,397.01344573320387,0.05407070429499128,0.14609555100672644,0.14325962412845358,0.253757190098847,-0.04226539276586482,0.5643222531558344,13.863911203194945,-0.09917939916145473,0.26038717015386664,False,0,12,37,40,36,C,-20,0.0,0.0,17.550000000000004,17.550000000000004,Persistence
CMI,Cummins Inc. Common Stock,Industrials,Specialty Industrial Machinery,United States,その他,525.0599975585938,72.452538368,612.9051604501343,-0.012667878716790804,0.0010861588140319977,0.21340029920923273,0.25292545292545293,3.0,0.23870322428806778,27.835035915319438,-0.11458771789587903,0.27567125955279564,False,12,12,30,40,36,C,0,18.6,18.6,33.7,33.7,Persistence
CMS,CMS Energy Corporation Common Stock,Utilities,Utilities - Regulated Electric,United States,電力/エネルギー,62.95000076293945,19.446489088,208.37174177541732,0.1362608117099135,0.007102653444116859,-0.13192182410423453,0.4152711090291603,-1.2314356435643565,0.47314789314238503,11.142466833925084,-0.09113243541521723,0.20001395203447617,False,39,14,6,65,53,B,0,44.3,25.55,30.150000000000002,44.3,Acceleration
CNA,CNA Financial Corporation Common Stock,Financial Services,Insurance - Property & Casualty,United States,その他,45.97999954223633,12.442230784,27.07095463048935,0.05100364311736553,0.06659047619047619,0.10377596501555798,,-0.029079159935379646,0.042783289892429764,24.008317478571186,-0.0797100346166669,0.16078714048771536,False,0,12,37,65,53,B,-20,0.0,4.050000000000001,27.200000000000003,27.200000000000003,Persistence
CNK,"Cinemark Holdings Inc Cinemark Holdings, Inc. Common Stock",Communication Services,Entertainment,United States,その他,37.77000045776367,4.377990656,85.59022033733368,0.02147893097229054,-0.005608634688753383,0.24931763555627978,0.6412520064205457,-0.43781725888324874,0.6747558582737545,66.78967863143754,0.058621833324648966,0.014033610081391293,True,30,0,27,85,40,C,-10,29.25,6.75,34.1,34.1,Persistence
CNM,"Core & Main, Inc. Class A Common Stock",Industrials,Industrial Distribution,United States,その他,42.63999938964844,7.86467072,126.37237939109802,0.02768445101464857,0.11026559236048941,0.007668019846639603,0.2692559173532104,0.030716723549488054,0.40049301561216105,40.849679449354326,-0.028143732688835785,0.27838891048334197,False,2,24,34,85,73,A,0,21.55,38.05,54.550000000000004,54.550000000000004,Persistence
CNO,"CNO Financial Group, Inc. Common Stock",Financial Services,Insurance - Life,United States,その他,53.97999954223633,4.994303488,64.87667214982986,0.00940255533561274,0.07205556091444006,0.1593603220755983,,,0.104450562765206,28.625368776249857,-0.007623421830199173,0.04567593845806059,True,0,0,22,85,60,B,-20,0.0,0.0,25.35,25.35,Persistence
CNP,"CenterPoint Energy, Inc (Holding Co) Common Stock",Utilities,Utilities - Regulated Electric,United States,電力/エネルギー,36.84000015258789,24.26725376,245.5514950170517,0.08261020479000347,-0.00609475620975161,-0.06705289132067374,0.45057176445441915,-0.004212299915754001,0.4938324665835733,21.29821854560339,-0.08337950390486214,0.1771722761479361,False,38,12,10,65,53,B,0,43.55,24.05,32.35,43.55,Acceleration
CNR,"Core Natural Resources, Inc. Common Stock",Energy,Thermal Coal,United States,電力/エネルギー,89.0199966430664,4.418619392,44.770381811714174,0.9242115388702489,-0.13652925136687233,0.09939263637392336,-0.0002662808915247522,-0.929052084101313,0.07381469621877658,21.47466694260622,-0.03036264410135675,0.21219460041357655,False,40,10,33,85,63,B,0,49.05,26.55,52.00000000000001,52.00000000000001,Persistence
CNS,Cohen & Steers Inc Common Stock,Financial Services,Asset Management,United States,その他,74.19999694824219,3.815477504,21.337693122406005,0.07706223067622275,0.06446341632705675,-0.12108435414938193,0.48564756756756755,-2.486664785154872,0.15778139236723418,27.851046451063027,-0.07136092634870464,0.13368364709459032,True,38,12,18,85,63,B,-30,17.549999999999997,0.0,13.75,17.549999999999997,Acceleration
CNX,CNX Resources Corporation Common Stock,Energy,Oil & Gas E&P,United States,電力/エネルギー,32.790000915527344,4.851072,63.77212513057709,0.48866481238417975,-0.044549676823147644,-0.6162289496064445,0.47234760951479904,0.9385544224478757,0.28642239450319457,10.570482578170854,-0.06874632283698723,0.23046232232248723,False,71,85,34,85,53,B,0,71.3,81.8,50.550000000000004,81.8,Transition
COF,Capital One Financial Corporation Common Stock,Financial Services,Credit Services,United States,その他,200.1999969482422,122.822705152,720.1504200223541,0.3661791777459603,0.06320167450458042,0.07407299270072992,,0.5417281038041876,0.07535474111708512,23.11531075164271,-0.05440113023404423,0.21477313519267352,False,41,20,57,25,53,B,-20,19.799999999999997,4.050000000000001,28.200000000000003,28.200000000000003,Persistence
COHR,Coherent Corp. Common Stock,Technology,Scientific & Technical Instruments,United States,その他,295.8299865722656,57.933049856,1847.5810355882263,0.22513599128416564,0.23417588421322738,-0.08767504505726634,0.3749609626391911,-6.346273163038742,0.1933586129549026,54.01091062598802,-0.003156738489608462,0.3070112290729159,True,16,24,22,40,83,S,0,26.3,32.3,38.7,38.7,Persistence
COMP,"Compass, Inc. Class A Common Stock",Real Estate,Real Estate Services,United States,その他,9.380000114440918,7.200506368,138.51826058999538,0.23671634897230462,0.15232343909928353,-0.1882685277500831,0.18413870374626523,0.9215500945179584,0.3093212081844755,25.966846898871495,-0.17073342424637258,0.3092783382077468,False,51,35,26,85,24,D,0,53.4,41.4,40.349999999999994,53.4,Acceleration
COP,ConocoPhillips Common Stock,Energy,Oil & Gas E&P,United States,電力/エネルギー,127.30000305175781,152.930271232,872.0826739064025,0.07670106859073889,-0.02486596248730874,-0.2847733584732591,0.2508821932681867,-0.09530352235823132,0.19226006445845872,39.01517833447244,0.003955930774990737,0.09856959388628453,True,30,0,25,25,90,S,0,35.25,12.75,38.0,38.0,Persistence
COTY,Coty Inc. Class A Common Stock,Consumer Defensive,Household & Personal Products,United States,その他,2.6500000953674316,2.333819136,14.020700004572868,-0.014644741977634101,-0.03679306963059824,0.10152860049332925,0.6289394826576654,0.2543227665706052,0.3231147798125564,35.714283976540585,-0.03122026691581254,0.4044943350671633,True,35,12,38,100,65,A,0,47.75,30.5,58.900000000000006,58.900000000000006,Persistence
COUR,"Coursera, Inc. Common Stock",Consumer Defensive,Education & Training Services,United States,その他,5.050000190734863,1.335220096,27.303886531248093,0.09039873326615805,0.09263919471531928,0.2139240409656405,0.5457425742574258,0.16318537859007834,,23.021589397339724,-0.10511763096619571,0.581607264422685,False,13,37,48,100,28,D,-5,22.55,40.55,52.00000000000001,52.00000000000001,Persistence
CPAY,"Corpay, Inc. Common Stock",Technology,Software - Infrastructure,United States,ソフトウェア,398.1099853515625,26.139742208,173.84069675354004,0.13933868382366077,0.057713203142651166,0.096462665980767,0.7859781914286339,-0.26410269917848134,0.3787350753849145,31.89211240530601,-0.002105059923335399,0.0637992792443146,True,38,14,48,65,77,A,0,45.95,27.95,58.050000000000004,58.050000000000004,Persistence
CPK,Chesapeake Utilities Corporation Common Stock,Utilities,Utilities - Regulated Gas,United States,その他,128.77000427246094,3.104188416,23.60354178314209,0.18140243902439024,0.1738741425589025,-0.014837667107389452,0.4143010752688172,-0.8541846419327006,0.40742965855612295,37.52643731687913,-0.027923011201063976,0.061026635620760314,True,39,14,14,85,77,A,0,49.7,30.95,44.35,49.7,Acceleration
CPNG,"Coupang, Inc. Class A Common Stock",Consumer Cyclical,Internet Retail,United States,その他,13.880000114440918,24.915490816,224.8484372538805,0.14094092771243558,0.24135668293483165,0.18461837438662973,0.2936526321885678,-0.4816285998013903,0.26058357227188395,27.18446961513534,-0.11369934843265735,0.5772159811056882,False,5,14,58,65,28,D,0,16.3,23.05,53.75000000000001,53.75000000000001,Persistence
CR,Crane Company Common Stock,Industrials,Specialty Industrial Machinery,United States,その他,206.8300018310547,11.954847744,84.60484639900207,0.0815503003003003,0.1445142580956984,0.04806664040074295,0.4220390455531453,0.5429475587703436,0.315617376861992,53.62711198123431,-0.01655644184471661,0.08547472754626985,True,13,24,42,65,100,S,0,29.5,37.75,59.35,59.35,Persistence
CRBG,Corebridge Financial Inc. Common Stock,Financial Services,Asset Management,United States,その他,34.869998931884766,15.544086528,144.1478681345558,-0.050732272679380463,-0.0014729089952656496,-0.2624636275460718,,,0.026371851325242356,57.773155525529276,0.05916434790643642,0.00028675848406472604,True,0,0,10,65,60,B,-20,0.0,0.0,13.75,13.75,Persistence
CRC,California Resources Corporation Common Stock,Energy,Oil & Gas E&P,United States,電力/エネルギー,52.5099983215332,4.663932416,48.5129372492981,0.15082854244166385,0.05119089939566299,-0.13044822256568778,0.42844548927416987,,0.1835742266648656,43.06568055849899,-0.008819379668120348,0.24048164693416296,False,39,2,14,85,90,S,0,51.0,23.25,46.95,51.0,Acceleration
CRCL,"Circle Internet Group, Inc. Class A Common Stock",Financial Services,Capital Markets,United States,その他,89.0,24.260876288,1382.838835,0.6385605275575942,0.15566514485689426,0.8787154233134555,0.08669240476188743,0.5907168437661632,0.000467786809905992,38.76742651535887,0.11818878716090181,0.4085592601880153,True,45,22,68,65,35,C,-20,27.0,9.75,40.650000000000006,40.650000000000006,Persistence
CRGY,Crescent Energy Company Class A Common Stock,Energy,Oil & Gas E&P,United States,電力/エネルギー,13.149999618530273,4.344808448,88.46037618384361,0.2213855108244206,0.23013369417133034,-0.2206243570221765,0.7855137547481942,-3.233984338145108,0.4588498768846327,43.51463391665762,0.03319359942012057,0.14443723380340523,True,24,40,17,85,100,S,0,40.75,52.75,50.6,52.75,Transition
CRI,"Carter's, Inc. Common Stock",Consumer Cyclical,Apparel Retail,United States,その他,31.309999465942383,1.1494272,51.066609128952024,0.01910058078085807,-0.034455529173402714,-0.08315007814219233,0.4535689370713622,-0.7171319995713497,0.47247560875784944,38.45360806497885,-0.10709940516504188,0.2788418122158995,False,38,0,25,100,53,B,-5,43.8,15.3,44.35,44.35,Persistence
CRK,"Comstock Resources, Inc. Common Stock",Energy,Oil & Gas E&P,United States,電力/エネルギー,13.119999885559082,3.852301568,39.85888765232563,0.5382751798848099,-0.19904620061605932,-0.56860958909962,0.22907707154973342,0.05756788873729149,0.4149298236550497,27.234037976936094,-0.05257077869397484,0.5206430587041752,False,60,87,2,85,28,D,0,60.55,80.8,27.950000000000003,80.8,Transition
CRM,"Salesforce, Inc. Common Stock",Technology,Software - Application,United States,ソフトウェア,234.02000427246094,192.598458368,3420.1567285411834,0.09579100145137881,0.08715609490202829,0.11179510079101812,0.7767609873570138,0.15827569567315425,0.15294065268687948,31.64603676161967,0.09680571345915683,0.1149584247753599,True,35,24,57,25,75,A,0,37.5,29.25,52.6,52.6,Persistence
CRS,Carpenter Technology Corporation Common Stock,Industrials,Metal Fabrication,United States,その他,396.8399963378906,19.66682112,342.61974763824463,0.08588509262799346,0.042540855890132984,0.08210798729561228,0.3058382946034185,0.2663404404054526,0.18224213844670817,7.7783862687660985,-0.20316027030216105,0.3588915351013293,False,30,31,46,65,24,D,0,34.65,35.4,46.349999999999994,46.349999999999994,Persistence
CSL,Carlisle Companies Incorporated Common Stock,Industrials,Building Products & Equipment,United States,その他,326.3699951171875,12.961501184,238.60094418029786,0.003257654488768087,0.09084566918834071,-0.15827430542812052,0.3570987469869918,0.058451472191930205,0.46009899409228805,36.380911031560125,-0.0637061648339241,0.21312130132889118,False,6,12,26,65,70,A,0,21.25,25.75,44.55,44.55,Persistence
CSW,"CSW Industrials, Inc. Common Stock",Industrials,Specialty Industrial Machinery,United States,その他,296.79998779296875,4.83590656,40.23865834503174,0.2325489780838232,0.10779097926441653,0.04609554772108341,0.41908680346109045,-0.1295234588680833,0.40781479045048874,41.295899989019496,-0.04696898906828617,0.15511406366966202,True,43,5,41,85,100,S,0,55.0,26.5,63.8,63.8,Persistence
CTOS,"Custom Truck One Source, Inc. Common Stock",Industrials,Rental & Leasing Services,United States,その他,9.449999809265137,2.149927168,9.327716811733247,0.07860987193998713,-0.03368184011581148,0.1856313005137672,0.21188328754185407,0.46849441975594575,0.702463842317811,55.28455946432947,-0.042242688320647544,0.21052634933559497,True,23,12,0,100,100,S,-10,32.25,24.0,35.0,35.0,Persistence
CTRI,"Centuri Holdings, Inc. Common Stock",Utilities,Utilities - Regulated Gas,United States,その他,20.510000228881836,2.070752256,34.92114678970337,0.13102843932021072,-0.09038359921580422,0.05033787663563049,0.08266312545238823,-1.1392940217668133,0.38962772032798026,49.63324362425904,-0.09487285435380118,0.5093301291092527,False,23,37,6,100,55,B,0,37.75,48.25,39.3,48.25,Transition
CTS,CTS Corporation Common Stock,Technology,Electronic Components,United States,半導体,59.599998474121094,1.701949184,13.653763650436401,0.05160114695117687,-0.06479755533027386,-0.06210414930759676,0.3842953679722455,0.08512776702932234,0.10832501429391962,68.6932272395545,-0.0055916430843248556,0.126397760720005,True,24,24,34,100,80,S,-5,36.0,36.0,54.7,54.7,Persistence
CTVA,"Corteva, Inc. Common Stock ",Basic Materials,Agricultural Inputs,United States,その他,78.5199966430664,52.38822912,388.5899669867706,0.029157795126567305,-0.018460466736328805,-0.013119450014322544,0.4729038561002241,0.8184754521963824,0.06021706150075855,18.231255939384155,-0.04661536022571185,0.1306225368186351,True,38,24,38,40,73,A,0,41.8,31.3,45.5,45.5,Persistence
CUBI,"Customers Bancorp, Inc Common Stock",Financial Services,Banks - Regional,United States,その他,77.05999755859375,2.603379456,21.520545518188477,0.16569187737000346,-0.0721246958251624,0.16968821532875522,,3.0,0.0685022510562797,26.98046752163779,-0.027607111801997698,0.07878067958249109,True,35,26,30,100,60,B,-20,27.25,20.5,33.5,33.5,Persistence
CVI,CVR Energy Inc. Common Stock,Energy,Oil & Gas Refining & Marketing,United States,電力/エネルギー,51.52000045776367,5.179336704,63.6648101656723,-0.058869908015768725,-0.17703038823402184,-0.15133994126284875,0.04705389555989947,-2.383720930232558,0.48057204533189424,73.78049205982046,0.27136727333553434,0.048393035859282056,True,18,12,2,85,22,D,0,28.45,23.95,26.75,28.45,Acceleration
CVNA,Carvana Co. Class A Common Stock,Consumer Cyclical,Auto & Truck Dealerships,United States,その他,65.05999755859375,72.116649984,429.7856932720947,0.48628684268265926,0.26942716553709034,-0.20824757424286974,0.20627890955614606,0.07496977025392987,0.41822589197788046,26.699257318160093,-0.05542314717304845,0.32009618665824713,False,49,32,30,40,36,C,0,46.35,33.6,33.7,46.35,Acceleration
CVSA,Covista Inc. Common Shares,Consumer Defensive,Education & Training Services,United States,その他,120.75,4.11018752,42.81855375,0.09271147297138607,0.12850644810343217,0.0922412473997571,0.5733757743393967,0.3656614691277315,0.3005585008570363,30.62303222874968,-0.0515173389326645,0.21819357471101414,True,13,24,54,85,80,S,0,30.5,38.75,66.95,66.95,Persistence
CVX,Chevron Corporation Common Stock,Energy,Oil & Gas Integrated,United States,電力/エネルギー,204.4499969482422,401.049780224,2066.6173701522825,-0.04643924431530293,-0.017769268661794804,-0.16462113466572204,0.30410124056562854,0.10289816538154746,0.12579163734676493,44.05613448008032,0.02064567756275428,0.06116548221927546,True,6,12,34,10,87,S,0,14.700000000000001,19.200000000000003,38.60000000000001,38.60000000000001,Persistence
CWEN,"Clearway Energy, Inc. Class C Common Stock",Utilities,Utilities - Renewable,United States,電力/エネルギー,29.770000457763672,7.34235392,37.75624963056564,0.04230488694383661,0.04337899543378995,0.10420168067226891,0.629111266620014,-0.2919254658385093,0.5645151606124287,37.171465674876934,-0.06299880972924879,0.2675195410355646,False,12,12,41,85,53,B,0,27.05,27.05,54.4,54.4,Persistence
CWK,Cushman & Wakefield Ltd. Common Shares,Real Estate,Real Estate Services,United States,その他,12.15999984741211,2.854118656,22.34010851966858,0.0891017837294236,-0.0049717180867312,-0.060559882046765684,0.18273361715363232,0.7544910179640718,0.3903290519240289,24.83219479037389,-0.09709228838023766,0.2930232960446692,False,39,12,26,100,36,C,0,47.85,27.6,46.5,47.85,Acceleration
CWT,California Water Service Group Common Stock,Utilities,Utilities - Regulated Water,United States,その他,46.16999816894531,2.855111168,23.24821002799988,-0.03536437867836413,0.3047624560802988,-0.061196955215487146,0.6433659287699722,-0.19172136295176537,0.2830901587240012,9.282675633087123,-0.06780749667810204,0.11368927862619066,True,12,0,18,100,63,B,0,30.3,21.3,47.5,47.5,Persistence
CXM,"Sprinklr, Inc. Class A Common Stock",Technology,Software - Application,United States,ソフトウェア,5.070000171661377,1.177108736,21.855731389997004,0.07635165508529698,0.08743514118739418,0.18468432035458354,0.674035230984601,1.3987524722349003,0.03877977961281628,29.611638911708425,-0.20433141934349422,0.3824603960896333,False,27,19,62,100,24,D,-5,32.65,26.65,58.900000000000006,58.900000000000006,Persistence
CXT,"Crane NXT, Co. Common Stock",Industrials,Business Equipment & Supplies,United States,その他,47.720001220703125,2.746825472,27.09517809310913,0.11427226257734732,0.06864083950262345,0.03836107172177028,0.42482042614836724,0.1754593953764078,0.38817225003208833,42.27212794804353,-0.05152758949415269,0.2971993171050269,True,41,14,42,100,73,A,0,53.05,32.8,62.7,62.7,Persistence
CXW,"CoreCivic, Inc. Common Stock",Industrials,Security & Protection Services,United States,その他,32.130001068115234,3.177447936,66.21157840110779,0.12720745741076628,0.03427702219984341,0.02780317222565732,0.2345596156263935,-0.7274146134497076,0.41487768608084824,40.57018815816038,-0.020355116008861626,0.0959482205843807,True,35,14,29,85,100,S,0,49.0,33.25,57.2,57.2,Persistence
D,"Dominion Energy, Inc. Common Stock",Utilities,Utilities - Regulated Electric,United States,電力/エネルギー,60.68000030517578,53.369634816,314.61457578228,0.14157272287156789,0.004585562426179393,0.03264456880470656,0.49018538713195203,-0.013927576601671309,0.42242592161026093,18.689365334795013,-0.08712868162927316,0.14502697264509506,False,34,21,22,40,53,B,0,36.8,27.05,32.7,36.8,Acceleration
DAL,"Delta Air Lines, Inc. Common Stock",Industrials,Airlines,United States,その他,84.94000244140625,55.85850368,589.415240241394,0.027918822899599304,0.06193150496141125,0.14760191372424974,0.24165141089577677,0.3320623916811092,0.24932056027644897,63.988279820187955,0.010598585282381796,0.09086346549847799,True,5,24,42,40,80,S,0,17.75,32.0,49.1,49.1,Persistence
DAN,Dana Incorporated Common Stock ,Consumer Cyclical,Auto Parts,United States,その他,27.139999389648438,2.919631104,39.48150701210022,-0.030256012412723042,0.01589386575594378,-0.25039385584875934,0.08026666666666667,1.1594202898550725,0.4505635245901639,19.527357164750313,-0.07341290705906967,0.2973358152033336,False,15,54,22,100,36,C,0,29.85,59.1,44.300000000000004,59.1,Transition
DAR,Darling Ingredients Inc. Common Stock,Consumer Defensive,Packaged Foods,United States,その他,61.290000915527344,9.671740416,150.51200039829254,0.07361139422677346,-0.15805721205407125,0.039171464945062955,0.24013812532422016,0.34021167779514133,0.40408341491255956,36.45833664470038,-0.03809028728524318,0.10316060579673256,True,23,12,22,85,90,S,-20,19.0,10.75,31.35,31.35,Persistence
DBD,Diebold Nixdorf Incorporated Common stock,Technology,Software - Application,United States,ソフトウェア,62.720001220703125,2.129129984,14.59149468399048,0.014555730319106395,,,0.25256851564758126,1.1966911764705883,0.2434879618098796,22.73148125485578,-0.12625550068926059,0.30887050996470383,False,12,47,30,100,24,D,0,26.4,52.65,46.3,52.65,Transition
DBRG,"DigitalBridge Group, Inc.",Financial Services,Asset Management,United States,その他,15.979999542236328,2.996174592,93.28037092788696,-0.8764771630165096,-0.2519595154276248,0.2713205845863239,2.920271178843568,3.0,0.09679683620234314,58.6205308989503,0.004538627192874975,0.0006254051923064306,True,27,24,45,100,75,A,-20,22.75,20.5,44.75,44.75,Persistence
DCH,Dauch Corporation Common Stock,Consumer Cyclical,Auto Parts,United States,その他,5.460000038146973,1.297321216,19.426570935726165,-0.04705382945027674,0.007467719384817831,0.047756100923755686,0.12070176640910103,-0.2692119432207538,0.6258133189409613,9.523823940652207,-0.11355001705377586,0.3933333290947808,False,0,0,15,100,36,C,-15,3.6000000000000014,3.6000000000000014,25.450000000000003,25.450000000000003,Persistence
DCI,"Donaldson Company, Inc. Common Stock",Industrials,Specialty Industrial Machinery,United States,その他,87.41000366210938,10.131704832,60.18659507156372,0.029166550483785518,0.04532470560802145,0.03756124115405553,0.3484786908342139,-0.16465962152863112,0.22447265887410991,31.027265907778627,-0.04696099591953872,0.20170008488161098,False,4,0,41,65,80,S,0,20.75,17.75,54.8,54.8,Persistence
DCO,Ducommun Incorporated Common Stock,Industrials,Aerospace & Defense,United States,防衛/宇宙,172.14999389648438,2.599426816,44.249434431152345,0.04882368947741855,0.038903977849171455,0.062389742567754376,0.268676675084471,-3.4259637923295596,0.2914915944252222,54.469061874825954,-0.04392240547677473,0.16827714054503912,True,21,0,18,100,100,S,-10,30.75,15.0,44.9,44.9,Persistence
DCOM,"Dime Commercial Bancshares, Inc. Common Stock",Financial Services,Banks - Regional,United States,その他,40.369998931884766,1.782601728,12.060133480911254,0.4420007704577219,-0.10963866691989557,-0.15607424542903553,,0.965936765878575,0.05385555160334648,37.97810192350786,-0.0038395759666956654,0.03282229735244118,True,53,32,30,100,77,A,-25,37.45,21.700000000000003,31.9,37.45,Acceleration
DD,"DuPont de Nemours, Inc. Common Stock",Basic Materials,Specialty Chemicals,United States,その他,131.7100067138672,17.783406592,158.39774682426452,0.019348117279357046,0.015875415784699122,-0.4918952139509872,0.34501387063804934,0.075,0.1480417149478563,50.318837477612455,-0.03034296981316844,0.13741263573632714,False,36,12,34,65,90,S,0,45.75,27.75,52.95,52.95,Persistence
DDS,"Dillard's, Inc. Common Stock",Consumer Cyclical,Department Stores,United States,その他,664.0700073242188,10.372409344,121.39863803894043,-0.00408104055836586,-0.041340069416765345,-0.017408698846447686,0.40322086207379904,0.023050485994340317,0.1590751330305108,52.90459800598052,0.07550863450878954,0.05067066567127819,True,24,12,34,65,72,A,0,34.95,25.95,49.35,49.35,Persistence
DE,Deere & Company Common Stock,Industrials,Farm & Heavy Construction Machinery,United States,その他,690.4600219726562,186.165559296,946.9728247357177,-0.11585969357456748,-0.16149913690081,0.17483717483717484,0.3648270457852905,-0.2704899525852337,0.6061549492433677,48.53011225723723,0.07740746846007247,0.02680830893005234,True,22,0,19,25,60,B,-30,0.0,0.0,0.0,0.0,Acceleration
DECK,Deckers Outdoor Corporation Common Stock,Consumer Cyclical,Footwear & Accessories,United States,その他,78.66999816894531,10.71342592,262.6484425868225,0.09761770470706504,0.16275363167227294,0.18208572469885198,0.5770385958654284,0.1450197839624689,0.10174021392360956,30.276251431037892,-0.1276704020761583,0.34951218305903514,False,10,24,58,65,41,C,0,21.35,31.85,56.35000000000001,56.35000000000001,Persistence
DELL,Dell Technologies Inc. Class C Common Stock ,Technology,Computer Hardware,United States,その他,562.8900146484375,357.892653056,6353.100367080689,0.1880460828528676,0.08076901328809725,-0.13563894781087185,0.19999471542567246,3.0,0.31103015224216574,56.8436300386722,0.18329745956483856,0.043354875437043444,True,47,26,26,10,57,B,0,42.45,26.7,28.200000000000003,42.45,Acceleration
DFH,"Dream Finders Homes, Inc. Class A Common Stock",Consumer Cyclical,Residential Construction,United States,その他,11.300000190734863,1.023046848,11.094905187273026,-0.028541173953650592,0.1870748063403107,0.12154706215864058,0.1745994770114517,0.5518824935370736,0.43090540428879104,29.508191595406856,-0.1860196990076537,0.5722937108969166,False,9,12,2,100,16,D,-15,8.350000000000001,10.600000000000001,14.3,14.3,Persistence
DFIN,"Donnelley Financial Solutions, Inc. Common Stock ",Technology,Software - Application,United States,ソフトウェア,48.91999816894531,1.202716928,11.93256595336914,-0.019056145287121115,-0.0191921726041144,-0.04366602687140115,0.6344198174706649,0.024714828897338403,0.2230134932533733,37.341762372183396,0.007201909869764007,0.1190347695958523,True,44,12,42,100,90,S,-25,32.0,8.0,41.099999999999994,41.099999999999994,Persistence
DG,Dollar General Corporation Common Stock,Consumer Defensive,Discount Stores,United States,その他,124.83999633789062,27.541798912,328.12133177474976,0.05200544130611833,0.049641228412082836,0.02237413304944452,0.30660930299520633,0.41938801169035733,0.5076473667739643,37.88008344833773,0.003728981429386964,0.19308934950774737,False,39,24,38,65,80,S,0,47.0,35.75,53.150000000000006,53.150000000000006,Persistence
DHI,"D.R. Horton, Inc. Common Stock",Consumer Cyclical,Residential Construction,United States,その他,141.50999450683594,39.58052864,378.54560325553894,-0.06931801507551343,0.037816832297436015,0.05915173237753883,0.23696657557284004,0.6218819461595456,0.17002807911770676,47.957826150982896,-0.022217621890708115,0.18143155755567705,False,9,12,30,40,90,S,0,21.75,24.0,44.5,44.5,Persistence
DINO,HF Sinclair Corporation Common Stock,Energy,Oil & Gas Refining & Marketing,United States,電力/エネルギー,106.81999969482422,18.990870528,311.15651121105196,-0.05986703988803359,-0.10586910274058316,-0.16335558173014003,0.051806915032193236,0.240625,0.19576014536644457,52.70010960506819,0.09790609661724146,0.084033637634647,True,38,24,30,65,85,S,0,46.75,36.25,49.75,49.75,Persistence
DIS,Walt Disney Company (The) Common Stock,Communication Services,Entertainment,United States,その他,106.1500015258789,183.287808,856.3444380597306,0.03353728615054564,0.027705910144210217,0.07465970358550325,0.3776436325125761,0.1773571678934455,0.22720921048634526,52.383665823911684,0.025732712748007047,0.07694707786560001,True,24,24,46,25,87,S,0,30.450000000000003,30.450000000000003,48.95,48.95,Persistence
DK,"Delek US Holdings, Inc. Common Stock",Energy,Oil & Gas Refining & Marketing,United States,電力/エネルギー,67.83999633789062,4.153990656,194.8809046800232,-0.09528188859452254,-0.280254080839487,-0.1683652340790869,0.05489186693898106,0.987535182951347,0.4828482556186749,43.31780906417115,-0.01592918267506651,0.16811779522761977,True,33,37,2,85,100,S,0,47.5,50.5,42.35,50.5,Transition
DKS,Dick's Sporting Goods Inc Common Stock,Consumer Cyclical,Specialty Retail,United States,その他,136.42999267578125,13.441978368,464.15529958190916,0.2806154409679079,0.035307756639333096,0.049821404864314106,0.3292025847046085,-0.21423409978989533,0.44491534014388995,48.390555703033904,-0.18709187791631202,0.4241626164859663,False,31,5,41,65,43,C,0,37.3,17.8,47.4,47.4,Persistence
DLB,Dolby Laboratories Common Stock,Industrials,Specialty Business Services,United States,その他,58.560001373291016,5.485244416,61.208670235404966,0.059203703165763934,-0.02002163502966738,0.03664959048263948,0.8813072127963947,0.44748271627781794,0.012044885617270181,37.769797104838,-0.009294049607925969,0.1755130957893743,False,38,12,45,85,80,S,0,49.25,29.75,62.0,62.0,Persistence
DLX,Deluxe Corporation Common Stock,Industrials,Conglomerates,United States,その他,24.329999923706055,1.115683456,10.85945216594696,0.0053727966820624,-0.032158007571956394,-0.020424394886528658,0.5300487530470654,0.753,0.5170414862410951,50.58138084257112,-0.004271285352275608,0.21792515262992873,False,35,24,30,100,90,S,-5,45.25,37.0,54.5,54.5,Persistence
DNOW,DNOW Inc. Common Stock,Industrials,Industrial Distribution,United States,その他,15.930000305175781,2.87991936,35.64632273288727,0.18836915297092288,0.02240413614821198,0.08661048689138577,0.16950354609929077,-0.5363321799307958,0.14908256880733944,46.801332962566455,0.03303375041062683,0.055720242281880786,True,23,2,37,100,87,S,0,40.95,25.200000000000003,62.75,62.75,Persistence
DOCN,"DigitalOcean Holdings, Inc. Common Stock",Technology,Software - Infrastructure,United States,ソフトウェア,139.75,16.337906688,398.43912875,0.15476515311645306,0.12661715380929564,0.20225151911604972,0.5985975569846477,-0.5728882975405917,0.8717966158877513,67.9143676109654,0.12690707517290947,0.2291356104833078,True,37,21,60,65,50,B,-20,22.5,10.5,39.25,39.25,Persistence
DOV,Dover Corporation Common Stock,Industrials,Specialty Industrial Machinery,United States,その他,191.8800048828125,25.84244224,270.32918547912595,0.044754205090713046,0.007994429288347052,-0.020358803871510244,0.397669541607976,0.9167076987704141,0.26633067665949733,47.907951927840685,-0.03728686508273753,0.1714763352472651,False,43,12,30,65,90,S,0,51.0,27.75,50.75,51.0,Acceleration
DOW,Dow Inc. Common Stock ,Basic Materials,Chemicals,United States,その他,28.020000457763672,20.239988736,247.497021443367,-0.06973279955311423,-0.037156559544619244,-0.21580963762257918,0.06337570056044836,-8.582781456953642,0.33479107588233287,36.900359264494895,-0.0625238827298425,0.3161357614741047,False,0,0,6,65,53,B,0,15.05,15.05,30.150000000000002,30.150000000000002,Persistence
DRI,"Darden Restaurants, Inc. Common Stock",Consumer Cyclical,Restaurants,United States,その他,199.75,22.679965696,254.23381,0.09391638444276997,0.06028972783143108,0.08602376094128415,0.21667713781801393,0.05971166958893435,0.4917356014429655,33.873093801158305,-0.056165143621492095,0.12267214324604209,False,20,24,34,65,70,A,-20,11.75,14.75,28.950000000000003,28.950000000000003,Persistence
DT,"Dynatrace, Inc. Common Stock",Technology,Software - Application,United States,ソフトウェア,57.95000076293945,16.747672576,401.3109990334511,0.18820698152627655,0.18745010590480451,0.23478028190897085,0.8155933426047631,0.22959149313659238,0.037213368133205756,73.61435826882446,0.16053656985645737,0.012440346599179202,True,46,14,100,65,10,D,0,45.25,21.25,73.25,73.25,Persistence
DTE,DTE Energy Company Common Stock,Utilities,Utilities - Regulated Electric,United States,電力/エネルギー,121.44000244140625,25.270214656,205.0975913232422,0.26948703540178215,-0.022597096900745392,-0.3371645516954441,0.3030858732768433,-0.23786407766990292,0.48625753708430436,10.240942047020894,-0.10841661199228932,0.20643072248010816,False,43,17,6,65,53,B,0,47.3,27.8,30.150000000000002,47.3,Acceleration
DTM,"DT Midstream, Inc. Common Stock ",Energy,Oil & Gas Midstream,United States,電力/エネルギー,122.27999877929688,12.474430464,107.96039952224731,0.2670744138634047,0.06399132321041215,0.002173913043478261,0.7924376508447305,0.06779661016949153,0.3345238095238095,26.076806491208856,-0.07131190439671735,0.18309021822509575,False,56,29,61,65,53,B,0,57.05,36.8,60.400000000000006,60.400000000000006,Persistence
DUK,Duke Energy Corporation (Holding Company) Common Stock,Utilities,Utilities - Regulated Electric,United States,電力/エネルギー,113.3499984741211,88.379244544,437.40687586177825,0.06192970319860329,0.044631796283551274,0.010150166852057841,0.5117721872382666,-36.291666666666664,0.4642426533698451,18.223779629257137,-0.06875651915397248,0.1358108057015388,False,38,12,22,40,53,B,0,39.8,20.3,32.7,39.8,Acceleration
DV,"DoubleVerify Holdings, Inc. Common Stock",Communication Services,Advertising Agencies,United States,その他,13.40999984741211,2.078383488,46.864462866744994,0.1392131220417478,0.14724832894647213,0.26551772917965244,0.821594807367722,0.3029015583141531,0.0735191812608099,56.09757232209938,0.052705931636960496,0.008136139543427026,True,25,14,82,100,60,B,0,39.75,31.5,82.1,82.1,Persistence
DVN,Devon Energy Corporation Common Stock,Energy,Oil & Gas E&P,United States,電力/エネルギー,47.04999923706055,51.754999808,625.348126859665,0.07829360100376412,0.04469786341591296,-0.20402733580259794,0.2554689318128927,3.0,0.2717174594132726,47.376030785360946,0.013229307403513309,0.08408808586579282,True,42,25,26,40,100,S,0,47.5,34.75,44.3,47.5,Acceleration
DXC,DXC Technology Company Common Stock ,Technology,Information Technology Services,United States,その他,10.649999618530273,1.701643008,27.837501502895357,-0.01763654727682387,-0.05824248189068559,-0.05287595287595288,0.23971844353052832,-0.0036496350364963502,0.3294802172226532,36.16438621024094,-0.020058929771525496,0.3097861692875095,False,18,0,21,100,63,B,-5,29.799999999999997,16.3,44.15,44.15,Persistence
DY,"Dycom Industries, Inc. Common Stock",Industrials,Engineering & Construction,United States,その他,271.5199890136719,8.189302272,181.1269118711853,0.17947585864270077,0.12607607960007414,0.09639376735280542,0.20557791035991915,3.0,0.5004039014032354,34.17832644140245,-0.23899258201307763,0.49267566737528423,False,47,26,42,85,33,D,0,51.3,35.55,50.95,51.3,Acceleration
EAT,"Brinker International, Inc. Common Stock",Consumer Cyclical,Restaurants,United States,その他,207.1999969482422,8.653709312,298.92536359725955,0.0786003491697931,0.21949672714094812,0.06820381302622665,0.18646898784309673,0.34759487551365725,0.6238010657193606,33.51001910409886,-0.05152352975847608,0.1840592464511328,True,5,24,40,85,80,S,-30,0.0,8.75,29.25,29.25,Persistence
ECAT,BlackRock ESG Capital Allocation Term Trust Common Shares of Beneficial Interest,Financial Services,Asset Management,United States,その他,14.069999694824219,1.399518976,8.274777870521545,-0.1160516485564761,-0.17765033785973627,1.955884027034504,,,0.00021349130274929428,31.01016652739095,-0.04713203681677658,0.07927077643184556,True,18,0,18,100,77,A,-25,11.200000000000003,0.0,25.299999999999997,25.299999999999997,Persistence
ECG,"Everus Construction Group, Inc. Common Stock",Industrials,Engineering & Construction,United States,その他,116.94000244140625,5.971405312,49.809424639892576,0.31466705969256253,-0.0016483381738304857,0.057475224599425764,0.12120691215296231,-0.2179862553106456,0.215237651201951,49.54710798021055,-0.05956413092546289,0.30870182129465173,False,32,20,33,85,63,B,0,43.05,34.05,52.00000000000001,52.00000000000001,Persistence
ECL,Ecolab Inc. Common Stock,Basic Materials,Specialty Chemicals,United States,その他,279.489990234375,78.349041664,333.38125015136717,0.021586390028841145,0.02749311366692341,0.0798150523689367,0.44464343456955946,0.046663735297350774,0.36432583018508846,51.534916654257415,0.007333718581967954,0.08626777900285035,True,6,12,42,40,100,S,0,20.5,25.0,53.1,53.1,Persistence
ECVT,Ecovyst Inc. Common Stock,Basic Materials,Specialty Chemicals,United States,その他,10.140000343322754,1.1100096,13.200911546959878,0.20929474590294087,0.02299754635843685,-0.2869126596184398,0.21849719770840964,-0.2587702553660813,0.3415935884686331,48.523212523801625,-0.06538607311635886,0.3226452797294903,False,39,5,21,100,63,B,-5,45.55,20.05,44.15,45.55,Acceleration
ED,"Consolidated Edison, Inc. Common Stock",Utilities,Utilities - Regulated Electric,United States,電力/エネルギー,103.0999984741211,38.129332224,210.31110938739778,0.10894074462506555,0.040441928663984175,-0.06426292278238672,0.5325097529258778,1.031114952463267,0.38036003914051714,30.61978081542084,-0.04101919291915245,0.09218545893646787,False,55,39,34,40,80,S,0,55.25,43.25,44.7,55.25,Acceleration
EE,"Excelerate Energy, Inc. Class A Common Stock",Energy,Oil & Gas Midstream,United States,電力/エネルギー,33.09000015258789,3.752475648,14.99125911912918,0.4425764912729891,-0.2653458307124559,-0.5313483002038437,0.3219253531206264,1.2734029577679524,0.34634212933390873,20.034543110863098,-0.12234922013944571,0.22318368646741116,False,60,32,30,85,41,C,0,61.85,40.85,45.95,61.85,Acceleration
EFOR,"Everforth, Inc. Common Stock",Technology,Information Technology Services,United States,その他,33.119998931884766,1.35792,24.657673604793548,-0.0290996902212357,-0.07884330202669303,-0.02848660801990788,0.28868957893679026,-0.21003564573622155,0.3180050580589019,52.56064440593571,0.11285831984851839,0.3783783841835545,False,18,0,21,100,43,C,-5,27.799999999999997,14.3,40.15,40.15,Persistence
EFX,"Equifax, Inc. Common Stock",Industrials,Consulting Services,United States,その他,148.11000061035156,17.40068864,227.0148628855133,0.069247152840119,0.07899035174352351,0.02791769161688337,0.5644744423409334,0.39520295202952027,0.4292999106555857,13.60664570758395,-0.15996793591703018,0.41604140450094906,False,13,24,42,65,16,D,0,21.1,29.35,42.550000000000004,42.550000000000004,Persistence
EIX,Edison International Common Stock,Utilities,Utilities - Regulated Electric,United States,電力/エネルギー,52.650001525878906,20.260456448,394.8252571926498,0.09761918290811977,0.077182029624189,-0.05121951219512195,0.48071646736035617,-0.031746031746031744,0.4418884138429796,32.542376278529815,-0.2129738796661809,0.3449862736386186,False,48,26,10,65,41,C,0,49.85,33.35,29.950000000000003,49.85,Acceleration
EL,"Estee Lauder Companies, Inc. (The) Common Stock",Consumer Defensive,Household & Personal Products,United States,その他,94.47000122070312,34.1787648,287.81561216903685,0.05046768113918749,-0.08213736545361353,-0.018981772470144563,0.7550003322479899,0.9641791044776119,0.4678676247343386,32.35625859776262,0.02147019650862762,0.20193988136318133,True,45,54,37,40,90,S,0,48.75,55.5,48.35,55.5,Transition
ELF,"e.l.f. Beauty, Inc. Common Stock",Consumer Defensive,Household & Personal Products,United States,その他,99.51000213623047,5.871885824,150.3342381772995,0.2458704379159158,0.2828166323544923,0.7689256518163788,0.7072207773796313,0.6481269510926119,0.38297388894133133,33.10047525079156,0.05382549381999367,0.3140553035622702,True,30,17,83,85,58,B,0,41.05,31.3,78.5,78.5,Persistence
EME,"EMCOR Group, Inc. Common Stock",Industrials,Engineering & Construction,United States,その他,762.2100219726562,33.621008384,273.1341503237915,0.16616001135786643,0.15761448120790855,0.1360361751226964,0.19327130810714582,-0.10775471437659796,0.05039165791932948,52.23351938656623,-0.010910440330473588,0.19194305420903293,False,35,14,62,40,90,S,0,41.25,25.5,62.1,62.1,Persistence
EMN,Eastman Chemical Company Common Stock,Basic Materials,Specialty Chemicals,United States,その他,66.97000122070312,7.656454144,75.18219762039185,-0.06714986143679386,0.018675352877307275,-0.12948960302457466,0.21069469835466179,-0.38372093023255816,0.3221616528703143,35.232860979550594,-0.0377465601976079,0.14685127096232045,False,0,0,21,85,80,S,0,20.75,20.75,48.8,48.8,Persistence
EMR,Emerson Electric Company Common Stock,Industrials,Specialty Industrial Machinery,United States,電力/エネルギー,158.22999572753906,88.62461952,354.2136684356689,0.02995655156643037,0.15344543356412793,0.09859461025789626,0.528363676731794,-0.08444902162718847,0.3278762749022972,60.00737253724232,0.03688561721349942,0.03414897622088898,True,11,19,41,40,67,A,0,20.95,26.95,45.949999999999996,45.949999999999996,Persistence
ENR,"Energizer Holdings, Inc. Common Stock",Industrials,Electrical Equipment & Parts,United States,電力/エネルギー,22.0,1.506416768,21.08205,0.022757187391756147,-0.02456330033449336,-0.029638372512376644,0.4174823043316287,-0.8094663852879108,0.7752759672570062,56.86274843128243,0.03300768948917675,0.09611793413090595,True,37,19,19,100,100,S,-15,37.75,24.25,40.45,40.45,Persistence
ENS,EnerSys Common Stock,Industrials,Electrical Equipment & Parts,United States,電力/エネルギー,178.88999938964844,6.451707904,102.88768869895935,0.03698523238884348,0.009969091572532902,-0.034166186024350564,0.2925758441702458,2.357187993680885,0.297174048365808,45.220839417525156,-0.03963606725160244,0.26279703917406755,False,42,12,26,85,73,A,0,51.55,29.05,50.15,51.55,Acceleration
ENVA,"Enova International, Inc. Common Stock",Financial Services,Credit Services,United States,その他,173.47999572753906,4.319369216,71.54141543807984,0.18581270223493115,0.25507699848746646,0.2197784094672784,0.47306476950349546,0.18514948961779187,0.7003895225303443,17.732821533928885,-0.24449815715904252,0.3464683075914211,False,15,26,83,85,24,D,-30,0.0,4.649999999999999,41.7,41.7,Persistence
EOG,"EOG Resources, Inc. Common Stock",Energy,Oil & Gas E&P,United States,電力/エネルギー,140.35000610351562,74.75441664,474.5837211386108,-0.03404910599709128,0.008454835648347855,-0.21395632713956328,0.6337791161101762,-0.4021833304453301,0.1623197359022375,41.9063672476229,-0.029433001084880908,0.08709508853402385,True,12,0,37,40,100,S,0,25.0,16.0,50.35,50.35,Persistence
EPAC,Enerpac Tool Group Corp. Common Stock,Industrials,Specialty Industrial Machinery,United States,その他,35.70000076293945,1.840091136,15.207307824993133,0.04646061983681363,-0.014533503620838377,0.04723374233880639,0.5054782063190246,0.31521428162728155,0.22910443344160356,35.958900530400015,-0.015291920742194102,0.1701534081109756,False,31,24,38,100,80,S,-5,41.25,36.0,56.900000000000006,56.900000000000006,Persistence
EPAM,"EPAM Systems, Inc. Common Stock",Technology,Information Technology Services,United States,その他,108.2300033569336,5.583259136,124.41850610904693,0.15421430898023242,0.007973495588994017,-0.027806507267397876,0.28834613388611,0.16255298640284466,0.02931456818007497,35.05260836090045,0.013511012461344831,0.5111562495907901,False,37,14,30,85,55,B,0,46.0,28.75,48.75,48.75,Persistence
EPC,Edgewell Personal Care Company Common Stock,Consumer Defensive,Household & Personal Products,United States,その他,27.81999969482422,1.282193664,16.44287171962738,-0.013400186360207659,0.0009326701012613253,0.036791453699866465,0.4159658196536991,-0.7627507163323782,0.37611479381306073,41.83626285670082,-0.0014415884133647397,0.05693135820528424,True,4,0,25,100,87,S,-5,21.700000000000003,18.700000000000003,51.150000000000006,51.150000000000006,Persistence
EPD,Enterprise Products Partners L.P. Common Stock,Energy,Oil & Gas Midstream,United States,電力/エネルギー,36.75,79.360786432,97.2555675,-0.06444440491648731,0.13082570652720507,-0.14558484858900766,0.1360559738383147,-0.16970036404368524,0.44635567764627354,28.143718957985783,-0.0413194315161412,0.0663109900883777,True,0,0,17,40,60,B,0,12.0,12.0,31.35,31.35,Persistence
EQH,"Equitable Holdings, Inc. Common Stock",Financial Services,Asset Management,United States,その他,53.84000015258789,14.685710336,172.8309768898201,-0.06116700201207243,0.1878585086042065,-0.17273014868712433,,-0.6330275229357798,0.020635869052485926,56.686940223443926,0.05905996329195002,0.0037009763055349393,True,0,0,25,65,60,B,-20,0.0,0.0,22.0,22.0,Persistence
EQT,EQT Corporation Common Stock,Energy,Oil & Gas E&P,United States,電力/エネルギー,50.810001373291016,31.782469632,377.76296036016464,0.5995614485258298,0.030021802838747752,-0.582395167430068,0.4587503233784062,3.0,0.1880332996481649,25.114147098540798,-0.040227639746185664,0.24756370509798958,False,78,64,38,40,63,B,0,70.8,60.3,43.5,70.8,Acceleration
ES,Eversource Energy (D/B/A) Common Stock,Utilities,Utilities - Regulated Electric,United States,電力/エネルギー,63.66999816894531,23.982880768,150.28093337814332,0.13834647711764805,-0.0008308492234506689,-0.03080971990675493,0.8469225179674922,0.9805682715211014,0.4721186831532982,20.053370224379464,-0.09338254004431433,0.14551537469532438,False,59,26,17,65,53,B,0,59.3,34.55,36.2,59.3,Acceleration
ESAB,ESAB Corporation Common Stock,Industrials,Metal Fabrication,United States,その他,71.91000366210938,4.470487552,68.35369443099975,0.03712488639278343,-0.012239951044520511,0.06990067399787159,0.3688027144593508,-0.2975429813582768,0.2822382437274632,43.08583086624676,-0.09535558397731594,0.46540880788519323,False,22,0,25,85,55,B,0,34.75,18.25,46.0,46.0,Persistence
ESE,ESCO Technologies Inc. Common Stock,Technology,Scientific & Technical Instruments,United States,その他,268.0899963378906,6.945560064,67.49701837799073,0.1917700165483116,0.07400621411953591,-0.0019929982670594355,0.420933039251845,1.1722105214962686,0.09558751537096932,42.41882524056694,-0.0803409450659392,0.24442628497725824,False,51,26,34,85,80,S,0,59.0,40.25,55.95,59.0,Acceleration
ESI,Element Solutions Inc. Common Stock,Basic Materials,Specialty Chemicals,United States,その他,35.709999084472656,8.7020288,207.5866884279251,0.03838170051691155,0.05301731527515858,-0.08480426767082451,0.41960645970523675,-0.22479564032697547,0.32195083702513033,48.71575714365498,-0.008577605074324066,0.27091948227378215,True,4,0,25,85,83,S,0,24.05,21.05,51.6,51.6,Persistence
ETR,Entergy Corporation Common Stock,Utilities,Utilities - Regulated Electric,United States,電力/エネルギー,98.56999969482422,47.094525952,296.33444003253936,0.08982021612920849,-0.022042472915218485,-0.11746564666098092,0.47716913810993794,-0.8840804752903052,0.4303049224844427,18.97288243322369,-0.07640119767532738,0.15509183735329185,False,38,12,10,40,53,B,0,39.8,20.3,26.1,39.8,Acceleration
ETSY,"Etsy, Inc. Common Stock",Consumer Cyclical,Internet Retail,United States,その他,68.44000244140625,6.281542656,224.35454080322265,0.02676642220364259,0.02181469281688793,0.07102810439610757,0.7163864344073403,-0.09904636437879688,1.0878824470670128,30.034636169220803,-0.13911946945048595,0.21360446511132095,True,30,0,39,85,68,A,-20,22.049999999999997,0.0,36.300000000000004,36.300000000000004,Persistence
EVR,Evercore Inc. Class A Common Stock,Financial Services,Capital Markets,United States,その他,262.9100036621094,10.110934016,134.64015652542113,0.2940760701209863,0.22821749344277228,-0.12168470642074287,,0.23423829653984657,0.21557672434821543,21.46700173803349,-0.11724641792655115,0.30812078981365193,False,44,29,38,65,36,C,-20,26.35,15.100000000000001,24.35000000000001,26.35,Acceleration
EVTC,"Evertec, Inc. Common Stock",Technology,Software - Infrastructure,United States,ソフトウェア,28.18000030517578,1.736461312,13.494979446144104,0.10210931937370932,0.2170361978900518,0.12338112802368659,0.4965454627405781,-0.2105036239483558,0.5038924867694677,30.93145981880525,-0.05419084662722418,0.1770168202459251,False,13,14,55,100,70,A,-5,26.75,27.5,64.25,64.25,Persistence
EXP,Eagle Materials Inc Common Stock,Basic Materials,Building Materials,United States,その他,178.49000549316406,5.475238912,77.87340449661255,0.021300521829606442,0.0005360074394822814,0.051780459566242984,0.2826503535820377,-0.4411394214574246,0.4676392233288672,26.331114732233885,-0.10254582469130694,0.2582814886921657,False,18,0,29,85,36,C,0,29.85,16.35,44.400000000000006,44.400000000000006,Persistence
EXPD,"Expeditors International of Washington, Inc. Common Stock",Industrials,Integrated Freight & Logistics,United States,その他,187.4600067138672,24.368044032,187.2031865046692,0.04419539994047459,0.1398268407577975,-0.45521906846608606,0.1292198786720654,0.39611506893446286,0.11659812188805138,47.911476155278216,0.019391642881692282,0.03321293133229929,True,5,24,30,65,87,S,0,22.200000000000003,36.45,50.150000000000006,50.150000000000006,Persistence
F,Ford Motor Company Common Stock,Consumer Cyclical,Auto Manufacturers,United States,その他,12.710000038146973,50.682343424,621.9017635165358,0.01229782909531223,0.04995147311724209,0.11473076168723942,0.008971148146763712,0.8499777415046743,0.5731705630100982,24.119233628067917,-0.08784371156364544,0.2633226415978746,False,9,12,34,40,36,C,0,16.35,18.6,35.900000000000006,35.900000000000006,Persistence
FAF,First American Corporation (New) Common Stock,Financial Services,Insurance - Specialty,United States,その他,66.2699966430664,6.766166528,58.43323819004059,0.2163641413563808,0.020439805938547207,-0.2101735535013563,,0.12264428739693757,0.16452849255644286,26.24633422883585,-0.0894877271919236,0.16283484616882204,False,41,29,30,85,53,B,-20,28.799999999999997,19.799999999999997,28.35,28.799999999999997,Acceleration
FBIN,"Fortune Brands Innovations, Inc. Common Stock",Industrials,Building Products & Equipment,United States,その他,39.380001068115234,4.700849152,85.69836452442169,-0.031633760034714686,-0.0037179542605161905,-0.02049544780859623,0.4457340025094103,-0.22697576396206534,0.42767536729748795,32.322275772620884,-0.13523031560848967,0.3779131759054406,False,4,0,21,85,41,C,0,19.85,16.85,41.0,41.0,Persistence
FBK,FB Financial Corporation Common Stock,Financial Services,Banks - Regional,United States,その他,52.7400016784668,2.635846912,32.753386942386626,0.2318025870716658,-0.04649352117156808,-0.09367050668953102,,0.11160342976393908,0.011247712617663537,16.640516738549024,-0.08794407392643738,0.15045102894819312,False,41,29,30,100,53,B,-20,31.049999999999997,22.049999999999997,32.1,32.1,Persistence
FBP,First BanCorp. New Common Stock,Financial Services,Banks - Regional,United States,その他,27.059999465942383,4.131203328,38.530868539552685,0.06251574439499538,0.008823319601234106,0.01195051056145405,,0.11006693019267168,0.015157144042834716,27.55413806624118,-0.04012074196431844,0.08236236550898235,True,20,24,42,85,73,A,-20,15.049999999999997,18.049999999999997,38.95,38.95,Persistence
FCF,First Commonwealth Financial Corporation Common Stock,Financial Services,Banks - Regional,United States,その他,20.90999984741211,2.113079424,20.4151647010231,0.09367464020764531,-0.00862975211752387,0.17364556894256672,,0.5050519237690599,0.03133280985326463,38.743446609213194,-0.010894086329713061,0.041121979251308276,True,27,24,30,100,77,A,-20,22.950000000000003,20.700000000000003,36.9,36.9,Persistence
FCN,"FTI Consulting, Inc. Common Stock",Industrials,Consulting Services,United States,その他,134.2899932861328,3.707958272,55.7169182144165,0.024388615095445584,0.060015900301555465,0.151980185598242,0.32133041706245447,-0.7397724145025286,0.17954905389671705,21.946468789032153,-0.11570686720524323,0.2819868782408508,False,4,0,41,85,36,C,0,19.35,16.35,51.0,51.0,Persistence
FCX,"Freeport-McMoRan, Inc. Common Stock",Basic Materials,Copper,United States,その他,72.30999755859375,103.838425088,850.7263981768799,0.018071105873109408,0.1137606650623496,0.003292361720807726,0.28157437777349026,-0.5255102040816326,0.18037718981553114,48.89238971882702,0.038656185831249266,0.09510706739110426,True,0,12,37,25,100,S,0,13.75,22.75,46.6,46.6,Persistence
FDS,FactSet Research Systems Inc. Common Stock,Financial Services,Financial Data & Stock Exchanges,United States,その他,273.0799865722656,9.712238592,230.92872524490357,0.05387607033139421,0.0563642047884736,0.13103587411844078,0.5271743531167035,0.004550505403826849,0.3620842270191103,33.72039414832858,-0.025186900813861813,0.12907033263042164,True,10,24,46,85,90,S,-20,9.25,19.75,44.55,44.55,Persistence
FDX,FedEx Corporation Common Stock,Industrials,Integrated Freight & Logistics,United States,その他,285.8500061035156,67.652243456,478.63439646987916,0.07726952209812797,0.0026569965675709577,-0.027308524208307913,0.21771537162162163,0.7162026165716202,0.43404388651364,23.104603767426866,-0.09246684893368799,0.15434749282660026,False,39,24,22,40,53,B,0,40.55,29.3,32.7,40.55,Acceleration
FE,FirstEnergy Corp. Common Stock,Utilities,Utilities - Regulated Electric,United States,電力/エネルギー,43.29999923706055,25.046069248,178.37997585697175,0.12010095011876484,0.046775446775446775,0.03298820130026487,0.6530815109343936,0.11764705882352941,0.47502862049227246,12.03499505007521,-0.07399186800485766,0.1489062337619881,False,49,26,26,65,53,B,0,51.8,34.55,41.150000000000006,51.8,Acceleration
FERG,Ferguson Enterprises Inc. Common Stock,Industrials,Industrial Distribution,United States,その他,222.74000549316406,43.089661952,306.9479782698822,,0.038029357179011306,-0.0033295217596018027,,0.06795469686875416,0.3365108015116476,39.79114638709624,-0.040215041752258436,0.16166003555862055,False,2,12,26,40,80,S,0,15.5,23.0,40.3,40.3,Persistence
FG,"F&G Annuities & Life, Inc. Common Stock",Financial Services,Insurance - Life,United States,その他,22.1200008392334,2.896286976,15.377050383405685,0.0014757424829367274,0.26925778506204634,0.9075480125055828,,-0.21907949790794978,0.0229706390328152,25.444898077317447,-0.13496362033494402,0.34215528792576755,False,0,0,45,100,24,D,-20,0.0,0.0,34.55,34.55,Persistence
FHI,"Federated Hermes, Inc. Common Stock",Financial Services,Asset Management,United States,その他,57.81999969482422,4.316857344,39.877586489524845,0.103284555475699,0.013990658397812092,0.11326491512739537,0.6791815014802881,-0.1399789799433626,0.20499682192508356,27.93834452506674,-0.052158159080852994,0.11576693325405639,True,38,14,49,85,63,B,-20,27.549999999999997,9.55,40.800000000000004,40.800000000000004,Persistence
FHN,First Horizon Corporation Common Stock,Financial Services,Banks - Regional,United States,その他,23.459999084472656,11.114811392,113.60786076644898,0.0733204134366925,-0.018700475435816166,0.011217948717948718,,-0.5138888888888888,0.018074300157375173,28.23288469078686,-0.054372490828045225,0.09907748399078084,False,18,12,25,65,53,B,-20,8.55,4.050000000000001,20.6,20.6,Persistence
FICO,Fair Isaac Corporation Common Stock,Technology,Software - Application,United States,ソフトウェア,863.0900268554688,18.640703488,376.1260028033447,0.15914926469817633,0.1347613601602054,0.0989544533751552,0.8223278377432166,0.21729367003998926,1.6459631086223518,37.50045496768461,-0.20413082913702887,0.5407996571341135,False,58,33,55,65,33,D,-20,36.55,17.799999999999997,33.1,36.55,Acceleration
FIG,"Figma, Inc. Class A Common Stock",Technology,Software - Application,United States,ソフトウェア,20.850000381469727,11.113255936,308.7279363984585,0.40957609434307374,0.48356025463779084,,0.8242762751613013,3.0,0.024901978403096492,28.286857029957773,-0.1483051774750317,0.7066685446769304,False,41,33,45,65,16,D,0,42.1,36.1,44.2,44.2,Persistence
FIGS,"FIGS, Inc. Class A Common Stock",Consumer Cyclical,Apparel Manufacturing,United States,その他,13.420000076293945,2.229602048,35.143021299791336,0.1359714017258324,0.018165623866023026,0.07870352980715055,0.6652516724819283,-0.17366427090316647,0.1034558859026614,42.211838098783424,0.03442428320989321,0.21612152929690698,True,41,21,49,100,100,S,0,55.75,40.75,71.95,71.95,Persistence
FIS,"Fidelity National Information Services, Inc. Common Stock",Technology,Information Technology Services,United States,その他,35.40999984741211,18.30268928,216.95883956508638,0.0543102597017873,0.030108839385616926,0.011419753086419753,0.36864287721270017,0.4569377990430622,0.39808289536550406,14.990406769869736,-0.12227166660651567,0.4638637700987863,False,39,12,42,65,16,D,0,40.6,20.35,42.550000000000004,42.550000000000004,Persistence
FITB,Fifth Third Bancorp Common Stock,Financial Services,Banks - Regional,United States,その他,52.099998474121094,47.23245056,297.61186328369143,0.06611070824268794,-0.01838889547989085,0.04036040483831153,,0.578838174273859,0.06511456506325335,33.130332036522574,-0.06163324956714671,0.12245242695901928,True,27,24,30,40,80,S,-20,14.25,12.0,22.5,22.5,Persistence
FIX,"Comfort Systems USA, Inc. Common Stock",Industrials,Engineering & Construction,United States,その他,1658.9100341796875,58.384224256,545.7648121447754,0.2951507767511408,0.3496831042721385,0.2575609294255288,0.2412640753464128,0.39765930519007137,0.07504196831351576,55.15354450441078,-0.0032778522361290633,0.19682504015345548,True,17,36,85,40,100,S,0,28.75,43.0,76.75,76.75,Persistence
FLG,"Flagstar Bank, N.A. Common Stock",Financial Services,Banks - Regional,United States,その他,12.369999885559082,5.134698496,54.84004419264794,-0.2020123839009288,-0.2887420864299477,1.451417004048583,,-5.96,0.13922662034920924,13.836485154780036,-0.09245249445558147,0.19406358037896806,False,18,18,18,85,53,B,-30,1.5500000000000007,1.5500000000000007,11.75,11.75,Persistence
FLO,"Flowers Foods, Inc. Common Stock",Consumer Defensive,Packaged Foods,United States,その他,5.739999771118164,1.2172096,48.37531177103996,0.029977934694454988,0.002486235054008875,0.05930473496521511,0.4887100281386076,0.13726762089416059,0.49806673787680805,30.864354561899063,-0.16191677844496022,0.5240851579305685,False,28,12,42,100,33,D,-25,14.299999999999997,2.3000000000000007,29.700000000000003,29.700000000000003,Persistence
FLOC,Flowco Holdings Inc. Class A Common Stock,Energy,Oil & Gas Equipment & Services,United States,電力/エネルギー,19.139999389648438,2.082350208,11.073159546890258,0.41929800963237795,1.1998660217077712,0.6373369042251815,0.3531976954637175,0.8773338143771985,0.12716790040519912,32.43726685824468,-0.08318424509970027,0.3116684354761353,False,27,20,72,100,53,B,0,40.55,35.3,75.19999999999999,75.19999999999999,Persistence
FLR,Fluor Corporation Common Stock,Industrials,Engineering & Construction,United States,その他,50.380001068115234,6.737874944,116.90200637845993,-0.04977015016855654,0.05434923096807548,0.12587310826542492,-0.007740437334709411,-1.658132530120482,0.129917435648373,27.769235464242783,-0.04479126544492973,0.12382606838060461,True,0,0,10,85,73,A,-10,10.05,10.05,31.35,31.35,Persistence
FLS,Flowserve Corporation Common Stock,Industrials,Specialty Industrial Machinery,United States,その他,73.81999969482422,9.434714112,124.69821988449097,0.037617660778014685,0.05490678675556529,0.1951406868928279,0.33439417583300557,0.2633485240597289,0.3083761956483655,43.086513585804695,-0.027839371741489677,0.1908204783221593,False,9,24,42,85,90,S,0,28.5,39.75,62.35,62.35,Persistence
FLUT,Flutter Entertainment plc Ordinary Shares,Consumer Cyclical,Gambling,United States,その他,83.2300033569336,14.443660288,255.67091811203002,0.16621583143507973,0.19151823579304494,0.24590510408961216,0.45193188060794726,-0.5674814027630181,0.4396174863387978,20.070931713954025,-0.1551162666100941,0.7061710072459584,False,13,2,80,65,16,D,0,21.1,12.85,63.45,63.45,Persistence
FMC,FMC Corporation Common Stock,Basic Materials,Agricultural Inputs,United States,その他,9.579999923706055,1.490130688,36.20387351167679,-0.18339181837450838,-0.053646251225817954,-0.22672043844682283,0.3700178808329007,-1.2926061007957559,0.4334379387232637,15.337422236056028,-0.12978708117113996,0.7101161779477523,False,4,0,6,100,16,D,-15,4.600000000000001,1.6000000000000014,16.5,16.5,Persistence
FNB,F.N.B. Corporation Common Stock,Financial Services,Banks - Regional,United States,その他,17.639999389648438,6.27920384,72.16170950317382,0.10588972431077694,0.015913430935709738,0.0887040887040887,,-0.2524850894632207,0.06135897589042187,27.111115255470068,-0.047088481004508624,0.08841994558181185,False,23,14,37,85,63,B,-20,16.299999999999997,9.55,34.2,34.2,Persistence
FND,"Floor & Decor Holdings, Inc. Common Stock",Consumer Cyclical,Home Improvement Retail,United States,その他,47.060001373291016,5.011418112,120.60325381940842,0.05124097518498486,0.00948960144852017,0.03503621666733498,0.4363513238863147,-0.5901464219690524,0.364115312985546,38.28530425932035,-0.11600505437283586,0.3860404378804557,False,22,12,37,85,53,B,0,34.55,27.05,52.2,52.2,Persistence
FNF,"Fidelity National Financial, Inc. Common Stock",Financial Services,Insurance - Specialty,United States,その他,41.41999816894531,11.10854656,110.47769721611023,0.058779483339573196,0.15918757052339208,0.005761676123963335,,-0.14814814814814814,0.0437375016052984,18.034206122933085,-0.12018155141802811,0.25856121459892295,False,0,0,37,65,24,D,-20,0.0,0.0,21.400000000000006,21.400000000000006,Persistence
FOR,Forestar Group Inc Common Stock ,Real Estate,Real Estate - Development,United States,その他,26.489999771118164,1.351221248,4.362902962303162,0.10136478070756592,0.05045584243858306,-0.05411098676848134,0.21865976900866219,-0.24470734744707348,0.26047178833280205,34.97853822537094,-0.058207009743301175,0.17166978892127446,False,35,2,6,100,70,A,-15,33.25,8.5,27.299999999999997,33.25,Acceleration
FOUR,"Shift4 Payments, Inc. Class A Common Stock",Technology,Software - Infrastructure,United States,ソフトウェア,38.45000076293945,3.03601664,80.50795734746933,0.2548784148904233,0.298635477582846,0.2866171749598716,0.3416267942583732,0.19935691318327975,0.5297830827499139,28.264655481608415,-0.15941583409437698,0.516352191661139,False,15,17,81,85,16,D,0,25.6,27.1,69.00000000000001,69.00000000000001,Persistence
FSK,FS KKR Capital Corp. Common Stock,Financial Services,Asset Management,United States,その他,11.25,3.10882816,18.374625,-0.8298192771084337,-0.14762516046213095,3.0,,,0.5560492388374972,30.310532688270868,-0.004703559668208411,0.19060053473356398,True,0,0,10,85,90,S,-20,1.75,1.75,24.75,24.75,Persistence
FSS,Federal Signal Corporation Common Stock,Industrials,Farm & Heavy Construction Machinery,United States,その他,114.75,7.004525056,49.243815,0.17136717700778942,0.08057119637777907,0.2006551435740173,0.2894748910800275,0.19087572102779235,0.2485162584635961,37.29670656940304,-0.0398249435743991,0.1417149321452881,False,25,26,57,85,80,S,-20,19.5,20.25,48.599999999999994,48.599999999999994,Persistence
FTK,"Flotek Industries, Inc. Common Stock",Energy,Oil & Gas Equipment & Services,United States,電力/エネルギー,29.530000686645508,1.069589248,12.013394879341126,0.2686111482422136,-0.005492986206383137,0.3818446345119478,0.2521811330933736,2.673469387755102,0.22791287395080187,70.98808822564297,0.06218438979151048,0.23930961054122124,True,45,36,45,100,50,B,-5,48.75,42.0,54.75,54.75,Persistence
FTV,Fortive Corporation Common Stock ,Technology,Scientific & Technical Instruments,United States,その他,56.09000015258789,17.099655168,131.4979572577286,0.019162439657918598,0.04266843813076471,-0.32816657225741114,0.6350171912192542,,0.28170765993337704,45.02925046356363,-0.047055262529806866,0.12375899711448728,False,12,0,18,65,90,S,0,27.75,18.75,44.15,44.15,Persistence
FUL,H. B. Fuller Company Common Stock,Basic Materials,Specialty Chemicals,United States,その他,50.060001373291016,2.694685696,40.926303822727206,-0.026661260457484105,0.016463425401901603,-0.0635469114204348,0.3111061786526846,-0.25723809582166557,0.40056854469460546,23.658887378285186,-0.10151858476516093,0.2519241551993006,False,4,12,21,100,36,C,0,21.6,27.6,43.75,43.75,Persistence
FUN,Six Flags Entertainment Corporation Common Stock New,Consumer Cyclical,Leisure,United States,その他,12.319999694824219,1.26053696,25.706172163238527,0.1444716466968828,0.5060733831924513,-0.010297774327150634,0.9130068196868099,-3.8938832163976196,0.6924298152554582,15.401300306830706,-0.21278963456115813,0.5392670231758553,False,20,2,30,100,16,D,-15,16.6,3.1000000000000014,29.700000000000003,29.700000000000003,Persistence
GAB,"Gabelli Equity Trust, Inc. (The) Common Stock",Financial Services,Asset Management,United States,その他,5.320000171661377,1.826778624,5.577674379975796,0.5036296789353978,-0.13155527185643245,2.180637808353388,,,,34.11208755924419,-0.030020618717890045,0.08358173009987263,False,36,22,8,100,80,S,-25,25.0,14.5,20.4,25.0,Acceleration
GAM,"General American Investors, Inc. Common Stock",Financial Services,Asset Management,United States,その他,64.5199966430664,1.537647744,1.0942591430664061,0.3750510032407841,-0.0997555748641208,2.627150822537805,,,0.001015289505874655,30.161885169947,-0.02184629201165757,0.05047829962065234,True,32,20,18,100,77,A,-25,21.700000000000003,12.700000000000003,25.299999999999997,25.299999999999997,Persistence
GAP,"Gap, Inc. (The) Common Stock",Consumer Cyclical,Apparel Retail,United States,その他,21.81999969482422,7.66471424,168.29918504615785,0.0185602545406337,0.013231244542951172,-0.04655481557377049,0.4079135754262658,-0.2078922040423484,0.44418936035465484,45.02446261283855,0.051252143752463786,0.23861861021635944,False,34,0,21,85,75,A,0,45.75,20.25,47.8,47.8,Persistence
GATX,GATX Corporation Common Stock,Industrials,Rental & Leasing Services,United States,その他,183.72999572753906,6.486597632,43.243610444412234,0.09769788710186061,0.12375079736338507,0.10832678711704635,0.4895426338772696,,0.704919581099475,62.0941279231536,0.028078919378979404,0.07789861343192829,True,8,12,28,85,67,A,-10,15.45,18.45,40.050000000000004,40.050000000000004,Persistence
GBCI,"Glacier Bancorp, Inc. Common Stock",Financial Services,Banks - Regional,United States,その他,44.75,5.82654208,45.71302,0.24005125755067425,0.026081878604625828,-0.11508609963390001,,0.656898360030511,0.023786368799135833,23.73739514416833,-0.06390545220869565,0.17904969036988008,False,48,29,30,85,53,B,-20,34.05,19.799999999999997,28.35,34.05,Acceleration
GD,General Dynamics Corporation Common Stock,Industrials,Aerospace & Defense,United States,防衛/宇宙,336.7200012207031,91.102011392,417.95706871520997,0.10130773744655881,0.12878501135503406,0.07270281929606415,0.1513035204567079,0.23873591989987483,0.17098988628622333,21.584328846352463,-0.0985303735236335,0.1496325474590072,False,10,26,50,40,53,B,0,18.8,30.8,48.1,48.1,Persistence
GDDY,GoDaddy Inc. Class A Common Stock,Technology,Software - Infrastructure,United States,ソフトウェア,97.13999938964844,12.302558208,262.1318026529694,0.08263360447826468,0.07500999036223878,0.0397917532324689,0.6361414635131587,0.24930616128776464,0.48072782486403065,45.89809362706176,0.008884078426739868,0.3143220113985859,True,50,12,46,65,83,S,0,55.55,27.05,58.15,58.15,Persistence
GEF,Greif Inc. Class A Common Stock,Consumer Cyclical,Packaging & Containers,United States,その他,82.66000366210938,4.699068928,31.209524282684328,0.04301487318276531,-0.3424206630443342,0.14279800579543206,0.2064570943075616,-0.6178180972319144,0.4514411216077983,41.49737025006414,-0.012648152347907884,0.07586703260963298,True,18,0,17,85,87,S,0,34.95,21.450000000000003,48.0,48.0,Persistence
GEF-B,"Greif, Inc. Corporation Class B Common Stock",Consumer Cyclical,Packaging & Containers,United States,その他,108.1500015258789,4.098752256,10.41376364692688,0.04301487318276531,-0.3424206630443342,0.14279800579543206,0.2064570943075616,-0.6178180972319144,0.4514411216077983,51.053203821781494,0.018807322091629244,0.047891495619294074,True,18,0,17,85,87,S,0,34.95,21.450000000000003,48.0,48.0,Persistence
GEV,GE Vernova Inc. Common Stock,Industrials,Specialty Industrial Machinery,United States,その他,957.6300048828125,255.049023488,2152.12021517334,0.08968083583798483,0.05102439904930955,0.1208943144263843,0.19793527372071032,1.1823529411764706,0.018598451187000126,52.84243080992698,-0.015699998479178516,0.18489861190033346,True,33,24,42,25,100,S,0,38.5,31.75,49.35,49.35,Persistence
GFF,Griffon Corporation Common Stock,Industrials,Building Products & Equipment,United States,その他,98.38999938964844,4.456547328,33.021651595153806,-0.039486643898274075,-0.02296417041222144,-0.05733041529400861,0.4198555830607724,-0.017107687127469105,0.7714535066002403,46.149245736529096,0.0172044593099144,0.08030991198022808,True,7,0,19,85,100,S,-10,18.0,12.75,41.7,41.7,Persistence
GFL,"GFL Environmental Inc. Subordinate voting shares, no par value",Industrials,Waste Management,United States,その他,42.27000045776367,15.254834176,129.0769414978409,0.07771877239851437,-0.18318142505488658,0.11154659606880334,0.2066687827808764,-0.4971198156682028,0.4111437041336706,42.4273841680431,0.021187165672676977,0.10711729918951157,True,18,35,17,65,100,S,0,33.25,46.0,45.6,46.0,Transition
GGG,Graco Inc. Common Stock,Industrials,Specialty Industrial Machinery,United States,その他,77.86000061035156,12.609724416,197.84031505088805,0.058338648834343754,-0.037479402042078586,0.024298805563369802,0.5245376472544984,0.23877249433454442,0.0157580162906541,49.88011566711218,-0.01434178671086465,0.17281948376365186,False,31,24,38,65,90,S,0,42.0,36.75,55.150000000000006,55.150000000000006,Persistence
GHC,Graham Holdings Company Common Stock,Industrials,Conglomerates,United States,その他,1154.8900146484375,4.890875904,43.98976065795898,0.025185017274401658,0.08517270130062514,0.12495473937652583,0.29927051734855076,-0.15049556276922696,0.1575736331149004,57.1257089175742,-0.007230960633274154,0.06407821063253072,True,0,0,37,85,87,S,0,21.450000000000003,21.450000000000003,59.0,59.0,Persistence
GHM,Graham Corporation Common Stock,Industrials,Specialty Industrial Machinery,United States,その他,87.20999908447266,1.023586624,14.440667698402406,0.16864066013644852,0.13131356685872594,0.1808513346656653,0.23543272739132384,-1.022578839335697,0.06239802729160487,48.48966716518506,-0.09655592430829682,0.2955004569069872,False,23,14,47,100,63,B,-5,33.55,26.8,58.45,58.45,Persistence
GIC,Global Industrial Company Common Stock,Industrials,Industrial Distribution,United States,その他,41.5,1.587835648,6.012935,0.048027965650885324,0.03264537393078553,0.0927879255638453,0.3554492060039156,0.5927505330490405,0.17837465564738292,65.91337681566513,0.08040488194243132,0.008363165755848792,True,31,24,46,100,40,C,-5,37.25,32.0,53.3,53.3,Persistence
GIS,"General Mills, Inc. Common Stock",Consumer Defensive,Packaged Foods,United States,その他,33.63999938964844,17.986875392,338.0695470661926,-0.05449898904888487,-0.018663255645307495,-0.011794448149217186,0.33627324338113174,-0.2907235378777967,0.46442147204722706,18.538585187425866,-0.1060324389730501,0.29838962219356613,False,4,0,21,65,36,C,-20,0.0,0.0,15.0,15.0,Persistence
GL,Globe Life Inc. Common Stock,Financial Services,Insurance - Life,United States,その他,167.0399932861328,12.836931584,69.33663081314087,0.03742582513292936,0.060676273094628336,0.042242965978793665,,-0.058200609135530774,0.08520397361017304,28.077576506817877,-0.051675329061587554,0.1020320962821201,True,0,12,37,65,63,B,-20,0.0,5.050000000000001,29.200000000000003,29.200000000000003,Persistence
GLW,Corning Incorporated Common Stock,Technology,Electronic Components,United States,半導体,156.74000549316406,134.73964032,1362.840241162567,0.1914163744473243,0.042103590721321894,-0.11283388540418635,0.35965192910614885,0.45071868583162217,0.3027182334710744,51.74635119320383,0.02712931864630291,0.3858377488713876,True,50,33,30,25,83,S,0,49.55,36.8,39.35,49.55,Acceleration
GM,General Motors Company Common Stock,Consumer Cyclical,Auto Manufacturers,United States,その他,82.62999725341797,74.734829568,608.7777442145157,-0.012926665315137482,0.09078106632837141,0.09638561903850448,0.06267464422572817,1.2961538461538462,0.46683067646933346,40.07736233742163,-0.030921373005107715,0.08304680165968809,True,12,25,22,40,100,S,0,25.0,34.75,42.1,42.1,Persistence
GME,GameStop Corporation Common Stock,Consumer Cyclical,Specialty Retail,United States,その他,23.389999389648438,11.800278016,225.85371715644837,-0.05051007062516349,-0.2749582764375664,-0.11040626265352949,0.3295132097302956,3.0,0.41988179122867814,74.45084930984892,0.15414977831142634,0.1552907570052354,True,40,38,26,65,35,C,0,43.25,41.75,37.55,43.25,Acceleration
GNK,Genco Shipping & Trading Limited Ordinary Shares New (Marshall Islands),Industrials,Marine Shipping,United States,その他,26.09000015258789,1.137174528,17.53548045255661,-0.19139228776216502,0.1021064287110011,-0.2851542275214458,0.13449338408555375,-1.8628085276178532,0.17100222474492754,37.65823520198122,0.006577953473858858,0.0721906339281905,True,0,0,10,100,77,A,-5,17.7,17.7,40.9,40.9,Persistence
GNRC,Generac Holdlings Inc. Common Stock,Industrials,Specialty Industrial Machinery,United States,その他,208.13999938964844,12.293567488,314.6285858773804,-0.020179317915915745,0.0679069383570651,-0.11875163892246147,0.3829129750041992,-0.5564965396779188,0.26881042126753263,62.5256006205743,0.03462468069689304,0.29572987287096425,False,4,0,25,65,53,B,0,18.05,15.05,40.6,40.6,Persistence
GNW,Genworth Financial Inc Common Stock,Financial Services,Insurance - Life,United States,その他,9.430000305175781,3.563135488,43.10448424495697,-0.005179896402071959,-0.03093203093203093,-0.0033802055164954027,,,0.017176980802197928,25.78944251143909,-0.05664149404185574,0.11037736171587956,True,18,0,10,85,63,B,-20,12.549999999999997,0.0,19.35,19.35,Persistence
GOLF,Acushnet Holdings Corp. Common Stock,Consumer Cyclical,Leisure,United States,その他,83.0199966430664,4.848786432,28.585445244140626,0.04136558230851035,0.03152651453928325,0.04918170702486328,0.4772891239013104,-0.2959573918960137,0.40248875335670525,31.58393223221357,-0.09412137154617527,0.29751787774111804,False,26,0,37,85,53,B,0,37.55,18.05,52.2,52.2,Persistence
GPC,Genuine Parts Company Common Stock,Consumer Cyclical,Auto Parts,United States,その他,129.61000061035156,17.868003328,126.38206354515076,0.034639882904991356,0.01714805282320389,0.04501440149297793,0.3679278239578939,-0.3845348524371557,0.31426108675225556,28.315441590099383,-0.008778409458664205,0.10725213304213113,True,22,0,37,65,73,A,0,33.55,17.05,51.2,51.2,Persistence
GPGI,"GPGI, Inc. Class A Common Stock",Industrials,Metal Fabrication,United States,その他,11.609999656677246,3.365623808,20.55219554224491,-0.8577552898321568,0.0766507350964726,0.03211035838467961,0.48052621021663544,-1.1921342933579946,0.0,31.433827654298824,-0.13704690150469914,0.5531916275796978,False,8,0,18,85,33,D,-10,12.05,6.050000000000001,27.75,27.75,Persistence
GPI,"Group 1 Automotive, Inc. Common Stock",Consumer Cyclical,Auto & Truck Dealerships,United States,その他,252.17999267578125,3.006546688,65.19231080657958,0.1322838911630147,0.1152923009785327,0.10181172597875737,0.16045969678442631,,0.5672006647599908,24.776743272192576,-0.09771203626401326,0.43632240937651584,False,35,2,32,85,28,D,0,41.8,17.05,44.45,44.45,Persistence
GPK,Graphic Packaging Holding Company,Consumer Cyclical,Packaging & Containers,United States,その他,9.380000114440918,2.775423744,61.88769305506229,-0.021573748154876803,-0.06586762834111158,-0.001271186440677966,0.18591157015202506,0.7768595041322314,0.4788110403397028,34.2271899865614,-0.1249286460883956,0.5009815839488422,False,27,12,2,100,33,D,0,38.55,27.3,32.7,38.55,Acceleration
GPN,Global Payments Inc. Common Stock,Industrials,Specialty Business Services,United States,その他,86.48999786376953,22.886844416,213.324120131073,-0.0038898806484513253,0.048265098273879016,-0.17778712419287362,0.7257442954586096,-0.1443101970649684,0.4099362104104796,33.99143470938651,-0.012792507132490284,0.08536462966617521,True,12,0,29,65,90,S,0,27.75,18.75,50.2,50.2,Persistence
GPOR,Gulfport Energy Corporation Common Shares,Energy,Oil & Gas E&P,United States,電力/エネルギー,154.6199951171875,2.778465536,42.4083991607666,0.42528677455621555,-0.11677856689712503,-0.5489289570926427,0.7065386652482345,,0.2603520666503826,21.412089440311505,-0.0717917863377686,0.30504745696571006,False,66,73,18,100,36,C,0,68.1,73.35,42.1,73.35,Transition
GRBK,"Green Brick Partners, Inc. Common Stock",Consumer Cyclical,Residential Construction,United States,その他,68.79000091552734,2.95870592,28.936857835121156,-0.010420208831055433,0.17845036042782583,-0.004825937980183105,0.3141215121220945,3.0,0.12976064466674847,42.01391409205807,-0.02537232650123852,0.14642010123550944,False,16,12,34,100,90,S,0,36.0,33.0,61.7,61.7,Persistence
GRC,Gorman-Rupp Company (The) Common Stock,Industrials,Specialty Industrial Machinery,United States,その他,74.20999908447266,1.959904128,14.8464524168396,0.03444465161968084,0.00023653889017772258,0.26579044847963734,0.3064923379480033,0.6006196969969916,0.35757131811337645,45.326723288732786,-0.046903604439283764,0.18915579731106094,True,31,24,50,100,100,S,-5,43.25,38.0,67.5,67.5,Persistence
GRND,Grindr Inc. Common Stock,Technology,Software - Application,United States,ソフトウェア,15.770000457763672,2.741151232,20.20160713640213,0.2764133752713007,0.3271002845689685,0.3316462836192088,0.7441247743795153,0.4830826228630094,0.7543589733932671,56.435650809702736,-0.005298318307168077,0.12095875204542934,True,26,52,87,100,100,S,-10,34.5,54.0,82.85,82.85,Persistence
GTES,Gates Industrial Corporation Ltd. Common Shares,Industrials,Specialty Industrial Machinery,United States,その他,26.860000610351562,6.799640576,50.411654945526124,0.010269350390235315,-0.04537560920956809,0.004501716279331495,0.39837941449814124,0.3345547819714181,0.3295858153648237,58.97435125738204,0.009099197629769159,0.09986593589135374,True,27,24,30,85,100,S,0,43.0,40.75,57.75,57.75,Persistence
GVA,Granite Construction Incorporated Common Stock,Industrials,Engineering & Construction,United States,その他,115.08000183105469,5.112646656,61.58391217987061,0.10400431782419987,0.14203944102511784,0.06297057847073963,0.1607493390597867,0.033468984615769304,0.3715736902083742,41.65347819526181,-0.04868817191247913,0.2819115844444897,False,7,26,46,85,73,A,0,25.3,39.55,61.15,61.15,Persistence
GWRE,"Guidewire Software, Inc. Common Stock",Technology,Software - Application,United States,ソフトウェア,145.55999755859375,11.93485312,245.0458890899658,0.22695493151949464,0.22637703124027916,0.08301402454986574,0.6421253616906484,0.27903584725332725,0.2774551736823356,35.921847913142145,-0.11459639862594234,0.4274475868119358,False,62,43,65,65,45,C,0,60.75,46.5,61.0,61.0,Persistence
GWW,"W.W. Grainger, Inc. Common Stock",Industrials,Industrial Distribution,United States,その他,1243.0699462890625,58.689212416,330.8617122540283,0.045083876980428705,0.04187401383663066,0.0820856317310218,0.3906476424032995,-0.15222929936305732,0.31934835974112924,24.428389922456248,-0.05284980360938644,0.111647045933,True,22,0,37,40,63,B,0,28.8,12.3,42.95,42.95,Persistence
GXO,"GXO Logistics, Inc. Common Stock ",Industrials,Integrated Freight & Logistics,United States,その他,45.20000076293945,5.183742976,60.74767102537155,0.1254590485950978,0.19748414808754347,0.08729011453352607,0.11617847928365457,-0.42105263157894735,0.4774098841950742,34.04908944604604,-0.06247404900878945,0.31087050942815947,False,5,2,37,85,53,B,0,21.8,19.55,52.2,52.2,Persistence
H,Hyatt Hotels Corporation Class A Common Stock,Consumer Cyclical,Lodging,United States,その他,158.47999572753906,14.934637568,126.62393178634643,0.06814079422382671,-0.002849857507124644,0.13172636224749618,0.1972961554710604,-0.6565874730021598,0.32459390139640926,36.739827162378305,-0.08266220225985499,0.21513193322563273,False,18,0,21,65,70,A,0,30.25,16.75,41.8,41.8,Persistence
HAL,Halliburton Company Common Stock,Energy,Oil & Gas Equipment & Services,United States,電力/エネルギー,32.7599983215332,27.3676288,354.5291932356071,-0.033124128312412834,-0.0032148753149708925,0.13405922057446915,0.1570501262170934,-0.30994634750309535,0.3251899240303878,17.397893434396778,-0.03843209072514821,0.23098992137107752,False,0,0,21,65,63,B,0,16.05,16.05,40.400000000000006,40.400000000000006,Persistence
HASI,"HA Sustainable Infrastructure Capital, Inc. Common Stock",Financial Services,Asset Management,United States,その他,36.439998626708984,4.682386432,44.66086231689453,0.04407513132340098,0.19921780967952707,0.3554257965278631,0.2699062676341192,,0.581761402253185,36.5056581117664,-0.06267526831319278,0.14926426818498706,False,0,0,29,85,70,A,-20,0.0,0.0,31.200000000000003,31.200000000000003,Persistence
HAYW,"Hayward Holdings, Inc. Common Stock",Industrials,Electrical Equipment & Parts,United States,電力/エネルギー,12.630000114440918,2.679070464,44.873253706598284,0.0670869127791207,0.059603890162949945,-0.244787449700792,0.4800495475224011,0.20014485112818792,0.3068425609269993,25.2873357422461,-0.11362200266618404,0.2703639223507439,False,43,24,34,100,36,C,0,50.85,36.6,50.900000000000006,50.900000000000006,Persistence
HCC,"Warrior Met Coal, Inc. Common Stock",Basic Materials,Coking Coal,United States,その他,89.51000213623047,4.726315008,55.194552617263795,-0.14107931970469834,-0.09030343696413927,-0.03572303590305152,0.08504224670487916,-0.11813128668976196,0.097325992286081,24.152273122661853,-0.04418508253269393,0.18763207096833787,False,0,0,10,85,63,B,0,19.05,19.05,39.35,39.35,Persistence
HCI,"HCI Group, Inc. Common Stock",Financial Services,Insurance - Property & Casualty,United States,その他,174.94000244140625,2.176055296,27.72536628692627,0.20323061855697613,0.36262133892354487,0.11793173817247575,,0.34491890506584005,0.026840226372597403,20.159801291690073,-0.04290864501830597,0.14417001002821844,True,14,29,77,100,73,A,-20,12.799999999999997,24.049999999999997,61.94999999999999,61.94999999999999,Persistence
HD,"Home Depot, Inc. (The) Common Stock",Consumer Cyclical,Home Improvement Retail,United States,その他,293.20001220703125,292.522590208,1319.5275969369507,0.03240467921310982,0.04483555928184504,-0.03007566564804991,0.33315521334928316,-0.22535987748851455,0.6218183548218279,25.4105834499141,-0.09934916025478627,0.26478802880308694,False,4,0,19,25,36,C,-10,0.34999999999999964,0.0,13.900000000000002,13.900000000000002,Persistence
HE,"Hawaiian Electric Industries, Inc. Common Stock",Utilities,Utilities - Regulated Electric,United States,電力/エネルギー,9.100000381469727,1.574499456,26.56176361346245,-0.041291985651505506,-0.02057884053641928,-0.03899948464110646,0.07623256501028865,-0.6518117712769671,0.3316018294095437,9.05350779422615,-0.21353749247504494,0.46721309003992145,False,10,65,21,100,16,D,-5,19.1,60.349999999999994,34.75,60.349999999999994,Transition
HEI,Heico Corporation Common Stock,Industrials,Aerospace & Defense,United States,防衛/宇宙,308.5299987792969,43.119353856,151.05783005233764,0.16263059376011782,0.2997077259733062,0.34405444495866094,0.3983158247722876,0.4026500181563859,0.2580669410526568,36.34164742821114,-0.09048245382617204,0.17652871134079817,False,14,26,85,40,70,A,0,23.5,32.5,70.75,70.75,Persistence
HEI-A,Heico Corporation Common Stock,Industrials,Aerospace & Defense,United States,防衛/宇宙,232.02000427246094,32.426514432,77.84967203353882,0.16263059376011782,0.2997077259733062,0.34405444495866094,0.3983158247722876,0.4026500181563859,0.2580669410526568,39.702187952646156,-0.06894805874907041,0.15931983121448412,False,14,26,85,40,70,A,0,23.5,32.5,70.75,70.75,Persistence
HESM,Hess Midstream LP Class A Representing Limited Partner Interests,Energy,Oil & Gas Midstream,United States,電力/エネルギー,38.25,7.886322688,52.4227725,0.08398686239024063,0.10831290394472921,0.057257304429783225,0.8676106851348009,0.14821822768842635,0.859558371123214,33.19837744046097,-0.037077170402462126,0.06639006931072883,True,17,24,47,85,77,A,-20,13.200000000000003,18.450000000000003,42.5,42.5,Persistence
HGTY,"Hagerty, Inc. Class A Common Stock",Financial Services,Insurance - Property & Casualty,United States,その他,13.59000015258789,4.669832192,8.748766448230743,0.1812077543095268,0.1870737296131554,0.2521715228810096,,0.2490429085303186,0.08496133671064043,51.030927074868856,0.05013446541084376,0.030670491521822,True,10,26,85,85,72,A,-20,7.449999999999999,19.450000000000003,62.400000000000006,62.400000000000006,Persistence
HGV,Hilton Grand Vacations Inc. Common Stock ,Consumer Cyclical,Resorts & Casinos,United States,その他,35.77000045776367,2.780192768,38.15729028831482,0.013250351335073279,0.25213675213675213,0.03728813559322034,0.6391915989696849,-0.15846994535519127,0.6370806968882725,12.440167153238704,-0.17702005378203553,0.34594987463951665,False,12,12,47,100,24,D,-10,16.4,16.4,45.650000000000006,45.650000000000006,Persistence
HHH,Howard Hughes Holdings Inc. Common Stock,Real Estate,Real Estate - Development,United States,その他,68.43000030517578,4.086603008,49.18200981933594,-0.15753626143763969,0.9264739703747883,-0.3898898280619541,0.4356678319497292,0.16332444327262402,0.4807288639903845,60.76961204842246,0.047884478711581455,0.23839731255103777,False,6,12,34,85,70,A,0,24.25,28.75,53.95,53.95,Persistence
HIG,"The Hartford Insurance Group, Inc. Common Stock",Financial Services,Insurance - Diversified,United States,その他,124.2300033569336,33.650429952,201.0389298324585,0.06394026682838083,0.08442252363337444,0.11329733687196852,,-0.0019083969465648854,0.05082735444259683,12.552952210768694,-0.09658670056781345,0.14349976492772093,False,0,12,37,40,53,B,-20,0.0,0.3000000000000007,20.950000000000003,20.950000000000003,Persistence
HII,"Huntington Ingalls Industries, Inc. Common Stock",Industrials,Aerospace & Defense,United States,防衛/宇宙,264.0199890136719,10.403602432,118.57005696609497,0.08227134807108799,0.007071765322158198,0.07287373548145373,0.1269625120153797,3.0,0.2292728841477763,17.92104061460317,-0.10310037115031377,0.4128735417200537,False,30,24,42,65,28,D,0,35.05,30.55,44.95,44.95,Persistence
HLF,Herbalife Ltd. Common Shares,Consumer Defensive,Packaged Foods,United States,その他,12.550000190734863,1.315282432,22.91548459826946,0.008892271334441528,-0.013689159292035399,-0.0272846053339482,0.7787394540942928,0.5477356181150551,0.7838759467317563,53.28185456136139,0.030682316424250098,0.37124244657416855,False,54,12,35,100,73,A,-35,27.799999999999997,0.0,23.85,27.799999999999997,Acceleration
HLI,"Houlihan Lokey, Inc. Class A Common Stock",Financial Services,Capital Markets,United States,その他,129.07000732421875,9.020250112,113.54030404296876,0.09546265698396596,0.24812526509555977,0.05800501479181208,0.3850008939773434,-0.1571138940055136,0.11420588054412265,33.95853096873108,-0.020589146694136164,0.36308997363881484,False,4,12,49,85,63,B,-20,2.0500000000000007,8.05,40.800000000000004,40.800000000000004,Persistence
HLIO,"Helios Technologies, Inc. Common Stock",Industrials,Specialty Industrial Machinery,United States,その他,68.63999938964844,2.261727488,24.775264579696657,0.04107209331182529,-0.0355433221637147,-0.05624576462615767,0.3232419547079857,0.09051254089422028,0.2423902277979531,41.13094802886997,-0.08909704162005422,0.2598746239846578,False,36,24,34,100,63,B,0,48.3,39.3,56.300000000000004,56.300000000000004,Persistence
HLT,Hilton Worldwide Holdings Inc. Common Stock ,Consumer Cyclical,Lodging,United States,その他,313.9599914550781,70.661373952,534.2249026602173,0.07741184893502774,0.09174401563263312,0.1666476689843839,0.2820001661267547,0.07107438016528926,0.7805532371527364,53.82288535834278,-0.012288333037066479,0.10312676045041726,False,2,12,40,40,90,S,-10,6.5,14.0,40.0,40.0,Persistence
HMN,Horace Mann Educators Corporation Common Stock,Financial Services,Insurance - Property & Casualty,United States,その他,45.349998474121094,1.836722816,15.540537477111817,0.04805211558307534,0.08207705192629816,0.06837670568935948,,,0.038869165367534354,16.726973492232105,-0.10096056134428298,0.15590971760017733,False,0,12,22,100,53,B,-25,0.0,4.300000000000001,22.700000000000003,22.700000000000003,Persistence
HNI,HNI Corporation Common Stock,Consumer Cyclical,"Furnishings, Fixtures & Appliances",United States,その他,47.209999084472656,3.407702784,28.160292353897095,0.12373337555414819,0.03796220213640099,0.030569904310271828,0.4142655864741106,0.1996547756041427,0.3262231320368475,36.158179427088164,0.012387730962936933,0.07822750433502365,True,41,14,42,85,77,A,0,51.2,30.95,59.75,59.75,Persistence
HOG,"Harley-Davidson, Inc. Common Stock",Consumer Cyclical,Recreational Vehicles,United States,その他,25.450000762939453,2.648645376,43.472037053203586,-0.13758516326630552,-0.11131302131182538,0.014134867500821007,0.300171131243468,-0.5212067752833605,0.37958560886732634,27.62129348662451,-0.04419268559357599,0.09931076985801947,True,4,0,25,100,73,A,0,25.3,22.3,53.35,53.35,Persistence
HOMB,"Home BancShares, Inc. Common Stock",Financial Services,Banks - Regional,United States,その他,29.190000534057617,5.839449088,45.183639676675796,0.07706785507706786,0.023245330233955967,0.06694551086292645,,-0.10684055292988877,0.0340669138229426,32.60872569860045,-0.03460557760050692,0.07008597955934716,True,18,12,37,85,77,A,-20,13.950000000000003,9.45,37.0,37.0,Persistence
HOS,"Hornbeck Offshore Services, Inc. Common Stock",Industrials,Marine Shipping,United States,その他,8.1899995803833,2.67812992,21.840394731001854,0.11753791531592173,0.27086869994193596,,0.8355140274416362,-3.1229703915950333,0.4541548827190743,24.3654923086456,-0.13892807023239703,0.227358557958115,False,20,14,17,100,41,C,0,34.1,29.6,42.550000000000004,42.550000000000004,Persistence
HP,"Helmerich & Payne, Inc. Common Stock",Energy,Oil & Gas Drilling,United States,電力/エネルギー,38.56999969482422,3.854644992,47.993229170265195,0.358921674362722,-0.04031929859863857,0.3950942813403376,0.16271166170539184,-0.3851132173995601,0.32957192780272654,20.0,-0.03842803309587561,0.19038622609208122,True,32,8,36,85,73,A,0,44.05,26.05,55.65,55.65,Persistence
HPE,Hewlett Packard Enterprise Company Common Stock,Technology,Communication Equipment,United States,通信/光通信,62.939998626708984,83.550633984,1773.0037116147423,0.13838085438311148,0.034048395400720785,0.022424199887703538,0.3025717284814556,-0.682370820668693,0.3171949516507259,65.86179550955917,0.16921979376088914,0.009131011128382278,True,39,2,37,40,25,D,0,37.75,10.0,35.35,37.75,Acceleration
HPQ,HP Inc. Common Stock,Technology,Computer Hardware,United States,その他,31.299999237060547,28.226056192,521.0254212999725,0.032412853115256074,-0.0029599017089243828,-0.14611349546971864,0.20602224432588842,-0.1130820399113082,0.26052814288108406,46.51683175344462,0.054072196490677814,0.11781286243253185,True,30,0,21,65,85,S,0,40.75,18.25,44.8,44.8,Persistence
HRB,"H&R Block, Inc. Common Stock",Consumer Cyclical,Personal Services,United States,その他,42.189998626708984,5.2005888,82.45381286611557,0.04902878094759498,0.04172673706987168,0.03979108256040505,0.44329815643160425,0.2625570051882862,0.6456162127485643,13.573687570236132,-0.09682842849264511,0.21420627114246243,True,39,24,36,85,63,B,-10,38.3,27.049999999999997,43.65,43.65,Persistence
HRI,Herc Holdings Inc. Common Stock ,Industrials,Rental & Leasing Services,United States,その他,135.36000061035156,4.525280256,120.77157654457092,0.2827504445761707,0.028031687995124923,0.1978102189781022,0.3257855822550832,-11.5625,0.7028890824622532,44.46656858612157,-0.11081917617183723,0.24153400922749602,False,31,5,31,85,80,S,-10,34.0,14.5,44.3,44.3,Persistence
HRL,Hormel Foods Corporation Common Stock,Consumer Defensive,Packaged Foods,United States,その他,19.709999084472656,10.847413248,99.06472204845429,0.015549547568002375,-0.015624512283639733,-0.027995941184090996,0.1562688746885883,-0.47109711302715934,0.21335015391112405,16.727239435369313,-0.15016000227849566,0.2475925430541942,False,30,0,25,65,41,C,-20,16.35,0.0,18.200000000000003,18.200000000000003,Persistence
HSY,The Hershey Company Common Stock,Consumer Defensive,Confectioners,United States,その他,166.3699951171875,33.428000768,237.33262098449708,0.04376910272504761,0.00333820212320797,0.07156895659149266,0.33548561069861765,-0.09166028788141588,0.4176152367567632,29.845397953759104,-0.05881826157116619,0.2848856073313624,False,22,0,33,40,36,C,0,26.1,9.6,35.35,35.35,Persistence
HTGC,"Hercules Capital, Inc. Common Stock",Financial Services,Asset Management,United States,その他,16.969999313354492,3.176173056,21.505655879831313,0.23964437659896254,-0.17057644286568424,1.3098982874597862,,-2.5851439057856944,0.5023337563966697,34.57946590753116,0.009093372289572113,0.04448203295868324,True,27,17,10,85,77,A,-30,10.700000000000003,3.200000000000003,12.149999999999999,12.149999999999999,Persistence
HTH,Hilltop Holdings Inc.,Financial Services,Financial Conglomerates,United States,その他,38.560001373291016,2.208964352,13.38147727657318,0.0865432582668187,-0.008424189799990637,-0.07261035359844684,,-1.2081326531759626,0.031751794920212656,40.05849192557114,-0.0053721031046885,0.03091227730422953,True,30,12,10,100,87,S,-30,16.200000000000003,2.700000000000003,17.900000000000006,17.900000000000006,Persistence
HUBB,Hubbell Inc Common Stock,Industrials,Electrical Equipment & Parts,United States,電力/エネルギー,466.6199951171875,24.65702912,223.50045538024293,0.03839388824731278,0.04757207467103426,0.08589502617271974,0.35316360401053964,0.07881105081401085,0.3022676453431849,53.96931898393515,-0.01456889852855514,0.1584250109447321,False,6,24,42,65,90,S,0,23.25,36.75,57.35,57.35,Persistence
HUBS,"HubSpot, Inc. Common Stock",Technology,Software - Application,United States,ソフトウェア,213.74000549316406,10.658402304,360.93633507614135,0.19170875605080487,0.21072098349022914,0.2537659542140847,0.8376097718941795,0.22746401074515799,0.06805779015923351,34.926992965496694,-0.0759929975692151,0.5888666548325056,False,28,26,100,65,45,C,0,35.25,33.75,80.25,80.25,Persistence
HUN,Huntsman Corporation Common Stock,Basic Materials,Chemicals,United States,その他,8.899999618530273,1.560869632,21.6237505731678,-0.05848243870112657,-0.012272950417280314,-0.23831484482113924,0.13214851310927328,0.46835443037974683,0.3422665716322167,31.730579053594,-0.12031771264774721,0.4345488291110172,False,5,12,26,100,33,D,-5,17.05,22.3,40.9,40.9,Persistence
HXL,Hexcel Corporation Common Stock,Industrials,Aerospace & Defense,United States,防衛/宇宙,85.80000305175781,6.488492544,72.79014858901978,-0.004781923279033105,0.06372275013974288,0.13392913735184128,0.22957917524684512,-0.2252341054706752,0.3672337278106509,27.769809918530242,-0.11837650636714338,0.22062399545818195,False,0,0,21,85,53,B,0,18.05,18.05,43.4,43.4,Persistence
HZO,"MarineMax, Inc.  (FL) Common Stock",Consumer Cyclical,Specialty Retail,United States,その他,52.439998626708984,1.158228352,43.29236526626587,-0.05006976529900354,0.015159272161175526,0.03752353669558225,0.3248741603472585,1.1387265778376683,0.5043498359400236,64.58328366274864,0.12347993245582092,0.0022831572193035,True,16,25,26,100,25,D,-5,24.5,31.25,39.3,39.3,Persistence
IBM,International Business Machines Corporation Common Stock,Technology,Information Technology Services,United States,その他,225.50999450683594,212.460716032,1248.594717185669,0.07621946361130146,0.014435822825735531,0.021972575582355856,0.5818674484719261,-0.025935374149659865,0.42538188043191993,42.586142519038525,-0.020183790030710535,0.310124586292455,False,29,12,37,25,73,A,0,32.8,20.05,41.2,41.2,Persistence
IBP,"Installed Building Products, Inc. Common Stock",Consumer Cyclical,Residential Construction,United States,その他,200.22999572753906,5.32194816,93.63955980194092,0.010029578757692177,0.05855466781832577,0.040752116263390516,0.3397401373367443,0.19649960222752585,0.47954545454545455,26.17460306490638,-0.12009271897465408,0.41128455468385133,False,6,24,38,85,16,D,0,18.85,32.35,45.35000000000001,45.35000000000001,Persistence
ICE,Intercontinental Exchange Inc. Common Stock,Financial Services,Financial Data & Stock Exchanges,United States,その他,154.30999755859375,86.628786176,494.649184223938,0.0747385426409319,0.187619913157629,0.027708592777085927,0.5615506329113924,0.003629764065335753,0.1481440896505877,35.82056129734163,0.003165390210561031,0.10965091722720345,True,13,24,50,40,90,S,-20,4.75,13.0,35.5,35.5,Persistence
IDA,"IDACORP, Inc. Common Stock",Utilities,Utilities - Regulated Electric,United States,電力/エネルギー,129.77999877929688,7.506740224,72.47109801834107,-0.007465101090366811,0.03412505746293499,0.07443820822746734,0.1979071118154084,-0.39200264184234757,0.35832532145080936,31.24210106956474,-0.06595325894705137,0.15512902833593062,False,0,12,6,85,70,A,0,19.75,28.75,38.55,38.55,Persistence
IDT,IDT Corporation Class B Common Stock,Communication Services,Telecom Services,United States,その他,67.45999908447266,1.677633408,17.652932560424805,0.021328138347191605,-0.026698868470376655,-0.09178722003552638,0.36231978205352033,0.7933658404899695,0.0017614096387273777,42.52996641232553,0.002949661786584942,0.05012669285927526,True,46,31,34,100,87,S,-5,53.2,41.95,56.10000000000001,56.10000000000001,Persistence
IE,Ivanhoe Electric Inc. Common Stock,Basic Materials,Copper,United States,電力/エネルギー,10.5600004196167,1.685273216,23.754456943917276,0.1182350913478111,-0.25672559569561876,-0.5375592417061611,0.6528976572133169,0.4631345849509865,0.07427892723160615,54.474102501875535,0.04023015495535487,0.46987949903756454,False,62,62,22,100,65,A,-15,53.0,53.0,35.1,53.0,Acceleration
IEX,IDEX Corporation Common Stock,Industrials,Specialty Industrial Machinery,United States,その他,230.0800018310547,16.961473536,128.2385402205658,0.057727606461086635,-0.0015577751305782094,0.028913542223199976,0.44506146059291396,0.022885572139303482,0.2668687743611953,62.062398463437546,0.004598590085255849,0.04340596314633281,True,24,12,30,65,67,A,0,34.45,25.45,46.15,46.15,Persistence
IFF,"International Flavors & Fragrances, Inc. Common Stock",Basic Materials,Specialty Chemicals,United States,その他,85.69000244140625,21.876955136,143.25611763153077,-0.05172413793103448,0.00043557801202195314,-0.0772508038585209,0.3616161616161616,-0.5780730897009967,0.25917224636829944,48.61470419558178,0.03431986769116138,0.022418666825193306,True,4,0,25,65,75,A,0,20.25,17.25,45.0,45.0,Persistence
INGM,Ingram Micro Holding Corporation Common Stock,Technology,Information Technology Services,United States,その他,26.979999542236328,6.206395392,68.81343313245773,0.09529475141658086,-0.0011801117909930907,-0.05477922159179561,0.06667085519379488,3.0,0.17222085610954876,39.80262277308562,-0.039615593833724976,0.14462909743439342,True,42,24,30,85,90,S,0,53.25,39.75,55.75,55.75,Persistence
INGR,Ingredion Incorporated Common Stock,Consumer Defensive,Packaged Foods,United States,その他,96.72000122070312,6.09954816,61.212154372558594,-0.028398384925975774,-0.08946078431372549,0.02693178957966272,0.2532206676825045,-0.5521472392638037,0.2495884513106243,26.255276122041323,-0.05214011589295026,0.1859878756839921,False,18,12,25,85,53,B,-20,11.55,7.050000000000001,25.6,25.6,Persistence
INSW,"International Seaways, Inc. Common Stock ",Energy,Oil & Gas Midstream,United States,電力/エネルギー,105.63999938964844,5.232487936,83.97534831481934,-0.11381832740830569,-0.11211494949966178,0.23952629052870186,0.422890020419731,-0.8544384977744524,0.21592068175499,61.948947913073475,0.11478716381785938,0.04957266811145821,True,4,0,29,85,37,C,0,19.45,16.45,44.6,44.6,Persistence
INVX,"Innovex International, Inc. Common Stock",Energy,Oil & Gas Equipment & Services,United States,電力/エネルギー,28.5,1.989881216,25.0080375,0.4803973347578628,0.18948084652922656,0.18910976071782512,0.3100226833399608,0.9510301208591646,0.06251404431261516,38.33581128073509,-0.01430468727575279,0.09895666278262213,True,57,20,89,100,90,S,-5,61.75,34.0,86.95,86.95,Persistence
IONQ,"IonQ, Inc. Common Stock",Technology,Computer Hardware,United States,その他,45.47999954223633,18.42556928,1091.8933798099135,2.01850347085181,0.9541330187823247,0.9802353786721768,0.40401181393059316,-1.4225106124924196,0.004569157418819492,67.38622898689293,0.14659122718933693,0.44597391191204216,True,57,40,52,65,25,D,-10,45.0,32.25,39.85,45.0,Acceleration
IOT,Samsara Inc. Class A Common Stock,Technology,Software - Infrastructure,United States,ソフトウェア,37.959999084472656,22.229571584,302.80425549690244,0.2957383091084767,0.3326424041349072,0.43650629458504775,0.767366330272112,0.8607847006691663,0.02864121882618549,41.90750847626274,-0.020280934851944786,0.16054847280514034,True,43,49,100,65,100,S,0,52.0,56.5,91.25,91.25,Persistence
IP,International Paper Company Common Stock,Consumer Cyclical,Packaging & Containers,United States,その他,35.02000045776367,18.545537024,182.55138288621902,0.4925165772023998,-0.012349529096239008,-0.24233259297764756,0.29605652872979604,-1.2100396301188903,0.27175745443051313,36.33003352425623,-0.09063703244887626,0.26192690954043424,False,44,8,6,65,53,B,0,48.05,21.05,30.150000000000002,48.05,Acceleration
IR,Ingersoll Rand Inc. Common Stock,Industrials,Specialty Industrial Machinery,United States,その他,76.08000183105469,29.518997504,344.53361389205935,0.057484450587422256,0.05219528511801748,0.16222977198586955,0.4360663451358664,-0.02204232125681308,0.2650405526528649,49.005686282372096,-0.047007796103489034,0.22908144032808553,False,22,0,37,65,90,S,0,35.25,18.75,54.6,54.6,Persistence
IT,"Gartner, Inc. Common Stock",Technology,Information Technology Services,United States,その他,187.89999389648438,11.86569216,200.39722249053955,0.03666825105294674,0.061022123746985756,0.07872938720336548,0.6839304958762401,-0.15035009778156935,0.41407351522497343,51.027204237555054,0.060548894913045576,0.2885001457757785,True,12,0,41,65,68,A,0,25.55,16.55,52.4,52.4,Persistence
ITT,ITT Inc. Common Stock ,Industrials,Specialty Industrial Machinery,United States,その他,206.25999450683594,18.530361344,172.18584341430665,0.08477704024017407,0.10590922936338715,0.09883857147638651,0.35353561000380856,0.2482884527612962,0.1374239350912779,52.20806343725332,0.01237506838151079,0.06595754060671123,True,9,12,46,65,87,S,0,25.200000000000003,27.450000000000003,58.95,58.95,Persistence
ITW,Illinois Tool Works Inc. Common Stock,Industrials,Specialty Industrial Machinery,United States,その他,274.32000732421875,78.126342144,345.48959002441404,0.00918354510001258,-0.01297572484013162,0.010984182776801407,0.44097481924707055,-0.048171589310829814,0.5704111964329948,57.918532770548616,-0.019357586542231436,0.07735772714050547,True,22,0,21,40,87,S,0,31.200000000000003,14.700000000000001,38.95,38.95,Persistence
IVZ,Invesco Ltd Common Stock,Financial Services,Asset Management,United States,その他,30.920000076293945,13.651173376,131.09492552347183,0.05111257623207516,0.06133230704639284,-0.054968671989948585,0.3523858807294852,0.2855740922473013,0.3611316158559091,31.87182476821512,-0.011121735216546903,0.07175026113668811,True,9,12,30,65,77,A,-20,4.199999999999999,6.449999999999999,28.15,28.15,Persistence
J,Jacobs Solutions Inc. Common Stock,Industrials,Engineering & Construction,United States,その他,138.3699951171875,16.338850816,110.86549933776855,0.04598249830166071,0.059855852966708506,0.10920350801803196,0.24812866533003963,-0.34929447415749837,0.24082191257347788,34.127620448014426,-0.02799609203711072,0.1495732587486458,True,0,0,37,65,90,S,0,18.75,18.75,54.6,54.6,Persistence
JBL,Jabil Inc. Common Stock,Technology,Electronic Components,United States,半導体,316.739990234375,33.190260736,357.0689094909668,0.03181802444344424,-0.16768485966226732,0.03656132385447159,0.08878598751761627,0.2575107296137339,0.18152402523863453,54.263984099640446,-0.0026307378890228087,0.17846528865816014,True,23,12,30,40,100,S,0,33.25,25.0,46.5,46.5,Persistence
JBTM,JBT Marel Corporation Common Stock,Industrials,Specialty Industrial Machinery,United States,その他,110.08999633789062,5.711118336,59.207500930480954,1.2134032634032634,0.031002162941600575,0.04659498207885305,0.35137696803749147,0.2229070364663585,0.22976058212362802,29.209802874804794,-0.09449778780200657,0.34536126017579505,False,52,22,54,85,36,C,0,55.35,32.85,58.150000000000006,58.150000000000006,Persistence
JEF,Jefferies Financial Group Inc. Common Stock,Financial Services,Capital Markets,United States,その他,47.68000030517578,9.69773056,102.29767905475616,0.029349117918294212,0.4130500192235358,0.04086239378800304,0.5805129809398414,-2.7121340295190275,0.3125494204250791,19.824158091225186,-0.10094691865701848,0.2640213966241034,False,8,0,41,85,36,C,-30,0.0,0.0,21.0,21.0,Persistence
JLL,Jones Lang LaSalle Incorporated Common Stock,Real Estate,Real Estate Services,United States,その他,321.9100036621094,14.810340352,109.43330574493409,0.1144843361257036,0.12870891295133136,-0.004855695255990528,,0.6313771257085695,0.14550224424333327,15.207294402623262,-0.09047087922553514,0.1804526676872083,False,14,26,30,65,53,B,0,25.55,34.55,43.35,43.35,Persistence
JOBY,"Joby Aviation, Inc. Common Stock",Industrials,Airports & Air Services,United States,その他,6.320000171661377,6.296580096,162.61935561700344,3.0,-0.8682170542635659,,0.4510435189518016,-0.18228122562300267,0.020514531753375496,38.2022661537188,-0.1174663234856086,0.6770567056609172,False,43,40,18,85,45,C,-10,39.5,37.25,30.15,39.5,Acceleration
JOE,St. Joe Company (The) Common Stock,Real Estate,Real Estate - Diversified,United States,その他,65.30000305175781,3.717558784,19.71015292114258,0.27439495253726376,0.03455565973515548,0.5428164916911394,0.4305342857031521,1.8743691761828485,0.3771958593965066,46.109526032623876,0.000275249178539587,0.09648157826759488,True,46,36,57,85,100,S,0,57.25,49.75,72.6,72.6,Persistence
JPM,JP Morgan Chase & Co. Common Stock,Financial Services,Banks - Diversified,United States,その他,343.05999755859375,911.91738368,2644.471129980469,0.07322989394413329,0.09349346894522174,0.21314992131655797,,,0.1129928359962937,32.818671333378205,-0.02910423923898845,0.06057285601850142,True,0,0,30,10,77,A,-30,0.0,0.0,4.399999999999999,4.399999999999999,Persistence
JXN,Jackson Financial Inc. Class A Common Stock ,Financial Services,Insurance - Life,United States,その他,133.1199951171875,9.016049664,117.68473168334961,1.1057567917205693,-0.02306477093206951,-0.6743827160493827,,,0.013069151923218732,37.1965370805853,0.022125036378300583,0.04722374420347207,True,55,10,18,85,77,A,-20,41.7,7.949999999999999,26.549999999999997,41.7,Acceleration
KAI,Kadant Inc Common Stock,Industrials,Specialty Industrial Machinery,United States,その他,273.8900146484375,3.234399232,46.68318354675293,-0.0010784291388515489,0.0999423602235421,0.05850637587193655,0.45210634755304835,0.14911366006256518,0.21872784254908076,30.227389629169537,-0.09746657602771308,0.2095947437527505,False,10,12,38,85,70,A,0,27.25,28.75,56.150000000000006,56.150000000000006,Persistence
KBH,KB Home Common Stock,Consumer Cyclical,Residential Construction,United States,その他,48.0099983215332,2.919008,82.3045003225708,-0.10012458719848498,0.08103058217844146,-0.07143148908655206,0.18784377829240625,-0.11171234126235657,0.25639032779002946,33.09408828257969,-0.10506643788587383,0.2697659346455135,False,0,0,21,100,53,B,0,20.3,20.3,47.15,47.15,Persistence
KBR,"KBR, Inc. Common Stock",Industrials,Engineering & Construction,United States,その他,34.540000915527344,4.354380288,44.86642498924255,0.009857328145265888,0.10839562967222542,0.05971968312004875,0.14770100179809914,0.29396984924623115,0.43863912515188336,33.72401957071486,-0.05826996591859152,0.2642570274597785,False,5,24,34,85,53,B,0,21.8,36.05,50.550000000000004,50.550000000000004,Persistence
KD,"Kyndryl Holdings, Inc. Common Stock",Technology,Information Technology Services,United States,その他,11.600000381469727,2.52669184,42.11965938511848,0.0023245002324500234,-0.06198604535260404,-0.05720662516151768,0.21793002915451895,0.008902077151335312,0.39486893474623536,32.183902754082055,-0.10237557933002732,0.6212862977701954,False,20,12,26,100,45,C,0,34.5,28.5,48.3,48.3,Persistence
KEX,Kirby Corporation Common Stock,Industrials,Marine Shipping,United States,その他,128.8800048828125,6.804864512,55.299188095092774,0.030060541184049855,0.05635714378129407,0.1102021938023969,0.26260697670962085,-0.019580314812219394,0.1888968874234464,18.89063576688787,-0.06735478069585744,0.15538365570555127,False,0,12,37,85,53,B,0,18.05,27.05,52.2,52.2,Persistence
KEY,KeyCorp Common Stock,Financial Services,Banks - Regional,United States,その他,20.610000610351562,21.993521152,299.4840219190216,0.6571883530482256,-0.2926790024135157,-0.11542840876743524,,2.5075125208681137,0.05959399287345225,26.1398842375727,-0.06225526318907287,0.13266409554008426,False,48,57,30,65,53,B,-20,31.049999999999997,37.8,23.35,37.8,Transition
KEYS,Keysight Technologies Inc. Common Stock,Technology,Scientific & Technical Instruments,United States,その他,362.1499938964844,61.654134784,395.33560858718874,0.07953404298051818,-0.08876281112737922,0.008118081180811807,0.6208372093023256,0.4265033407572383,0.24581895407486062,67.29016618532464,0.09921294154354,0.029972685892670232,True,35,24,42,40,40,C,0,36.25,28.0,41.1,41.1,Persistence
KFY,Korn Ferry Common Stock,Industrials,Staffing & Employment Services,United States,その他,71.7300033569336,3.91350656,42.97559691123963,0.06430621864005685,-0.012312265583499224,-0.023859955667852487,0.8807877518893937,0.07425185008513373,0.14553692503596755,5.380590203196391,-0.11165772029226902,0.16263785337061198,True,47,24,45,85,63,B,0,54.3,37.05,58.6,58.6,Persistence
KGS,"Kodiak Gas Services, Inc. Common Stock",Energy,Oil & Gas Equipment & Services,United States,電力/エネルギー,52.90999984741211,5.3494144,100.7631264594078,0.1283426103953124,0.3632842220134269,0.20125071866175645,0.42197844201513646,3.0,0.6046912274777982,25.992058010657686,-0.1166656032292994,0.30103944767052776,False,27,53,71,85,36,C,-10,26.6,46.1,57.5,57.5,Persistence
KHC,The Kraft Heinz Company Common Stock,Consumer Defensive,Packaged Foods,United States,その他,23.6299991607666,28.021014528,549.853066871643,-0.0349763986690397,-0.029804804804804803,0.00585236926562205,0.33313286825435007,0.21225165562913909,0.2594453818501944,28.214257979872016,-0.0547595100756761,0.13078291752525964,True,9,12,30,65,63,B,-20,2.8000000000000007,5.050000000000001,25.35,25.35,Persistence
KKR,KKR & Co. Inc. Common Stock,Financial Services,Asset Management,United States,その他,96.66999816894531,89.283493888,358.2498295642853,-0.11241735784662385,0.5108904849377255,1.5737153408698852,0.1799646014086965,-0.9512940469323831,0.1329724814357429,26.86191530989545,-0.06877599539898659,0.31904082187628646,False,0,0,33,40,36,C,-20,0.0,0.0,15.350000000000001,15.350000000000001,Persistence
KMI,"Kinder Morgan, Inc. Common Stock",Energy,Oil & Gas Midstream,United States,電力/エネルギー,30.75,68.413394944,391.1950425,0.12165562913907285,-0.01526020607799661,-0.20135416666666667,0.5287240951762414,-0.03825681969394544,0.4368779897729147,42.663658537110436,-0.026952831309725245,0.0953827072572367,False,43,14,25,40,90,S,0,47.25,25.5,41.75,47.25,Acceleration
KMPR,Kemper Corporation,Financial Services,Insurance - Property & Casualty,United States,その他,25.31999969482422,1.491934208,22.818383724975586,0.032421697929932866,-0.0623583225388601,-0.09351435648105678,,0.6800121322414316,0.07564520913675467,27.257498628494147,-0.07990526138423215,0.4912921291479227,False,39,12,30,100,28,D,-25,22.049999999999997,1.8000000000000007,22.1,22.1,Persistence
KMT,Kennametal Inc. Common Stock,Industrials,Tools & Accessories,United States,その他,31.030000686645508,2.370382848,42.86391204851151,0.19821236548889212,-0.03910989257408402,-0.015054008692204348,0.4115741601172488,-1.6779301735188894,0.24116381705924556,50.10438637812517,-0.01022903048179344,0.2743910157285943,False,37,36,14,100,73,A,-10,40.05,39.3,37.300000000000004,40.05,Acceleration
KMX,CarMax Inc,Consumer Cyclical,Auto & Truck Dealerships,United States,その他,57.209999084472656,8.118734336,120.77745931720733,-0.01792135517894831,-0.006881961287366163,-0.10607534012357069,0.10844166740626598,3.0,0.7033004482760726,26.829252691223402,-0.03672275217324379,0.10915605734947569,True,12,12,20,85,73,A,-10,19.05,19.05,36.85,36.85,Persistence
KN,Knowles Corporation Common Stock,Technology,Electronic Components,United States,半導体,37.529998779296875,3.205449472,25.7966199609375,0.07172538392050587,0.21169001751313485,-0.04594820384294068,0.4320633850303439,-0.29699570815450643,0.1291979830653601,62.94415481874606,0.0350875892065216,0.12313085401180043,True,7,35,29,85,80,S,0,26.0,47.0,53.2,53.2,Persistence
KNF,Knife Riv Holding Co. Common Stock,Basic Materials,Building Materials,United States,その他,54.58000183105469,3.0976256,58.2884400554657,0.08520406139347811,0.024256717367110076,0.1166282470433723,0.1835113788504303,-1.4640920098467614,0.33372309295630026,29.154695015186405,-0.170499044465259,0.41917632093177176,False,18,0,18,85,16,D,0,27.85,14.35,34.35,34.35,Persistence
KNSL,"Kinsale Capital Group, Inc. Common Stock",Financial Services,Insurance - Property & Casualty,United States,その他,330.489990234375,7.52804096,63.16324693359375,0.18044566227303507,0.29652194578949387,0.45975579515596016,,0.03958070389496387,0.037129930516131136,20.44321472484954,-0.09444611804573476,0.30823910873032656,False,7,26,85,85,36,C,-20,1.6000000000000014,15.850000000000001,55.2,55.2,Persistence
KNTK,Kinetik Holdings Inc. Class A Common Stock,Energy,Oil & Gas Midstream,United States,電力/エネルギー,51.209999084472656,8.664725504,62.76399907791138,0.18980005111505677,0.1802887906196375,0.035370707628410616,0.3376783691124803,-0.7940399421256913,0.5447828241993536,26.253674037998437,-0.02387064741397413,0.07059890194870803,True,39,14,41,85,60,B,0,48.0,29.25,55.8,55.8,Persistence
KNX,Knight-Swift Transportation Holdings Inc.,Industrials,Trucking,United States,その他,63.66999816894531,10.362674176,243.02488116096495,0.008044584685883198,0.0375694191044624,-0.03860979120914328,0.13961464794585157,3.0,0.22463145635173823,17.346895389120604,-0.08596651577251045,0.22554798160102554,False,12,25,30,65,53,B,0,24.05,33.8,43.35,43.35,Persistence
KO,Coca-Cola Company (The) Common Stock,Consumer Defensive,Beverages - Non-Alcoholic,United States,その他,87.80999755859375,377.806815232,1380.230470375061,0.018699135164998618,0.028565808453905668,0.06394753976374291,0.6162574831563797,0.11706391056739085,0.4340177072202717,51.714443516179394,0.00865279085364115,0.03974372323497688,True,14,24,46,10,87,S,-20,0.7000000000000028,8.200000000000003,25.200000000000003,25.200000000000003,Persistence
KOS,Kosmos Energy Ltd. Common Shares (DE),Energy,Oil & Gas E&P,United States,電力/エネルギー,2.6500000953674316,1.578042368,32.48811341917276,-0.2309989864852766,-0.015426584736319998,-0.24216527007978694,0.0176007799110802,0.293700324967699,0.6499898011891941,45.32374421556064,-0.013329322537111353,0.18960241259188412,True,5,12,0,100,100,S,-15,13.75,19.0,30.0,30.0,Persistence
KR,Kroger Company (The) Common Stock,Consumer Defensive,Grocery Stores,United States,その他,58.7400016784668,34.691178496,450.2541545657921,0.0035276605289451682,-0.01943494691380241,0.01201284247730308,0.23300957722057408,0.9448508722566122,0.49430464636758553,50.53457426560954,0.015753511214635023,0.21356347901479314,False,27,12,22,40,90,S,-20,15.25,4.0,20.1,20.1,Persistence
KRMN,Karman Holdings Inc. Common Stock,Industrials,Aerospace & Defense,United States,防衛/宇宙,35.689998626708984,4.730127872,150.98047189052582,0.3656730900127733,0.22994246629023352,0.24035450989351573,0.40302439024390246,-4.72641095409462,0.5319356287859027,37.956200158328166,-0.23564562614675494,0.6904328359502838,False,36,20,61,85,33,D,-10,33.05,21.05,51.400000000000006,51.400000000000006,Persistence
KSS,Kohl's Corporation Common Stock,Consumer Cyclical,Department Stores,United States,その他,17.899999618530273,2.029438336,72.40164995703697,-0.04278404537328155,-0.07181277180132753,-0.03436843850149188,0.4056804276421717,3.0,0.4961832061068702,41.33132996680791,-0.014657332246522586,0.2536764650331735,True,34,24,26,100,83,S,0,48.8,41.3,55.9,55.9,Persistence
KTB,"Kontoor Brands, Inc. Common Stock ",Consumer Cyclical,Apparel Manufacturing,United States,その他,65.37000274658203,3.572707328,52.34993244953156,0.2089594251830626,4.065240202004087e-05,-0.009109827151936352,0.4515174835112687,0.24426768523119952,0.5009807672054368,30.23136494846331,-0.1465546245392845,0.2532128702023971,False,52,17,30,85,41,C,0,55.85,29.6,45.95,55.85,Acceleration
KVUE,Kenvue Inc. Common Stock,Consumer Defensive,Household & Personal Products,United States,その他,17.799999237060547,34.189766656,473.47099070619583,-0.02141701714655451,0.0007122507122507123,0.03304347826086956,0.581327691087014,0.2898876404494382,0.32035751218791547,32.49542397105516,-0.03820723110608488,0.08153503085292811,True,13,24,34,40,90,S,0,24.75,33.0,46.7,46.7,Persistence
KVYO,"Klaviyo, Inc. Series A Common Stock",Technology,Software - Application,United States,ソフトウェア,15.800000190734863,4.49869312,107.47736829744815,0.31633748069259193,0.34288116728429635,0.4766831377393453,0.7467437697474674,0.2744118497401314,0.07639358118795093,32.58984182365161,-0.10833201009829554,0.5249548710738924,False,34,45,97,85,45,C,0,42.75,51.0,83.6,83.6,Persistence
KWR,Quaker Houghton Common Stock,Basic Materials,Specialty Chemicals,United States,その他,163.4499969482422,2.812598784,24.64744228981018,0.026606714406697665,-0.05817142465134876,0.00500518371977557,0.3597160699214353,-0.50488377236092,0.3237575841620394,53.8922090033545,0.017054384573468463,0.08826435574840634,True,22,0,25,100,100,S,0,41.5,25.0,58.75,58.75,Persistence
L,Loews Corporation Common Stock,Financial Services,Insurance - Property & Casualty,United States,その他,104.81999969482422,21.428113408,110.54579217815399,0.05435350078310807,0.09956627120806226,0.11587188612099644,,0.12829084830756374,0.1098925279103164,18.18179847780594,-0.06163635154239684,0.12161844826899472,False,2,24,42,65,53,B,-20,0.0,13.049999999999997,29.950000000000003,29.950000000000003,Persistence
LAD,"Lithia Motors, Inc. Common Stock",Consumer Cyclical,Auto & Truck Dealerships,United States,その他,316.4200134277344,6.955897856,90.1100914239502,0.039977119613575696,0.16577057756673957,0.10126721489438693,0.15233201097917093,-0.921302578018996,0.6167155238338007,12.434646510544653,-0.11865491591229443,0.2584202262807072,True,0,12,35,85,46,C,-10,7.350000000000001,16.35,39.7,39.7,Persistence
LAZ,"Lazard, Inc. Common Stock",Financial Services,Capital Markets,United States,その他,36.720001220703125,3.614631936,65.26080576950073,0.019983151346272234,0.20977288584711148,-0.09714485517596746,0.3375472605555192,-0.3010783990363243,0.43986075753116843,14.371786479429204,-0.12468829244957225,0.34124772692495203,False,4,0,21,85,24,D,-20,0.0,0.0,17.599999999999994,17.599999999999994,Persistence
LB,LandBridge Company LLC Class A Shares Representing Limited Liability Company Interests,Energy,Oil & Gas E&P,United States,電力/エネルギー,81.37999725341797,6.37493504,17.731887601547243,0.8106935627626098,0.5090098126672614,0.4072850879734245,0.9322125840687517,0.8309852815411621,0.41014790023249414,38.160920185336344,-0.007231389986344735,0.09162429153962502,True,86,64,82,85,90,S,0,86.25,69.75,84.35,86.25,Acceleration
LBRT,Liberty Energy Inc. Class A common stock,Energy,Oil & Gas Equipment & Services,United States,電力/エネルギー,18.940000534057617,3.090845696,66.93367778735161,-0.07161841701850753,-0.09114860208495158,0.14429190201165132,0.08428987078756581,-0.9209094987103286,0.17375857325327648,38.68312272684579,-0.04980438123648549,0.43768653149720804,False,18,0,25,85,55,B,0,31.75,18.25,46.0,46.0,Persistence
LCII,LCI Industries,Consumer Cyclical,Recreational Vehicles,United States,その他,84.51000213623047,2.054565632,27.187712787246703,0.10178771134884775,-0.011519738914100795,-0.27315074696431424,0.23781925207974638,-0.15130004177453338,0.3889833302214398,13.306286375043186,-0.15234594741349594,0.4454658531486344,False,35,14,21,100,16,D,0,42.85,27.1,39.75,42.85,Acceleration
LDOS,"Leidos Holdings, Inc. Common Stock",Technology,Information Technology Services,United States,その他,123.61000061035156,15.548341248,161.90746904945374,0.030728604009122553,0.07928488146132918,0.07238121700472354,0.18044718760917666,0.26360808709175737,0.3879789520492107,33.63995617615325,-0.03966900837489091,0.37338277332387787,False,5,24,38,65,63,B,0,19.8,34.05,49.75000000000001,49.75000000000001,Persistence
LEA,Lear Corporation Common Stock,Consumer Cyclical,Auto Parts,United States,その他,122.70999908447266,8.169389056,82.93293933124542,-0.0020123573328756543,-0.00685646591582186,0.12327501615489553,0.06468006070742204,-0.06091913074456715,0.19621911864772185,31.880122208879058,-0.04255496543471058,0.16956183483373677,False,18,0,25,85,80,S,0,34.25,20.75,51.0,51.0,Persistence
LEN,Lennar Corporation Class A Common Stock,Consumer Cyclical,Residential Construction,United States,その他,82.1500015258789,19.789535232,380.332737314415,-0.03539691319644579,0.035289722897830146,0.016701488906926167,0.09907659458435202,-0.9873725063578801,0.17063376221451967,47.002093686471646,-0.019759902445856254,0.37317826941080684,False,0,0,25,65,73,A,0,17.05,17.05,44.6,44.6,Persistence
LEN-B,Lennar Corporation Class B,Consumer Cyclical,Residential Construction,United States,その他,80.48999786376953,19.389648896,10.272535977363587,-0.03539691319644579,0.035289722897830146,0.016701488906926167,0.09907659458435202,-0.9873725063578801,0.17063376221451967,46.48829228757853,-0.021264924650335762,0.347979344945127,False,0,0,25,65,73,A,0,17.05,17.05,44.6,44.6,Persistence
LEU,Centrus Energy Corp. Class A Common Stock,Energy,Uranium,United States,電力/エネルギー,147.07000732421875,3.008038656,113.48730650177002,0.015158371040723982,0.38038725796377265,0.089857045609258,0.26186761756184534,-0.0486322188449848,0.4968314321926489,36.17241451469496,-0.14338995752185135,0.6626834694398652,False,0,12,44,85,33,D,0,16.05,25.05,52.050000000000004,52.050000000000004,Persistence
LEVI,Levi Strauss & Co Class A Common Stock,Consumer Cyclical,Apparel Manufacturing,United States,その他,19.729999542236328,7.593101312,46.03640253189087,0.04144562334217507,0.0325054346895808,-0.052929351878870406,0.617287488061127,-0.5406170815322701,0.33662831444924657,24.714822279289592,-0.10793046353026976,0.22718374416037926,False,42,12,33,85,53,B,0,49.55,27.05,50.00000000000001,50.00000000000001,Persistence
LHX,"L3Harris Technologies, Inc. Common Stock",Industrials,Aerospace & Defense,United States,防衛/宇宙,237.69000244140625,44.26135552,396.20427661956785,0.025322391559202812,0.09815129512333282,0.13814324229281444,0.25726046192545166,0.24686192468619247,0.269838572642311,17.832668422088176,-0.11636793276328238,0.36421543854384714,False,5,24,38,40,36,C,0,13.35,27.6,38.1,38.1,Persistence
LII,"Lennox International, Inc. Common Stock",Industrials,Building Products & Equipment,United States,その他,373.7699890136719,12.917743616,184.50407967681886,-0.027334169584183627,0.07214115096649873,0.05584520176330959,0.3339171943872346,,0.43380371404772405,34.8353177671254,-0.10929484476660262,0.34763944314462664,False,4,0,6,65,53,B,0,18.05,15.05,30.150000000000002,30.150000000000002,Persistence
LION,Lionsgate Studios Corp Common Shares,,,,その他,10.850000381469727,3.228522752,31.253317598819734,0.018222617711920144,0.05489347808342176,-0.20546079512290033,0.3979785698001368,1.0635097493036212,0.7302472264459087,45.06173275571277,-0.09751793456087433,0.33841459549728475,False,19,43,24,85,63,B,-10,23.299999999999997,41.3,37.050000000000004,41.3,Transition
LMND,"Lemonade, Inc. Common Stock",Financial Services,Insurance - Property & Casualty,United States,その他,44.93000030517578,3.477430016,46.892767368507386,0.4015194681861349,0.22498836668217775,0.6743280093494352,,-0.24519230769230768,0.0945630160461131,19.540219175274174,-0.15066804103184847,0.5347416335594763,False,32,26,55,85,16,D,-30,8.350000000000001,3.8500000000000014,24.700000000000003,24.700000000000003,Persistence
LMT,Lockheed Martin Corporation Common Stock,Industrials,Aerospace & Defense,United States,防衛/宇宙,519.5599975585938,119.909646336,608.3631923413086,0.0563743085173768,0.051382989744121,0.024051285160038797,0.10152169278328536,0.3066010970304521,0.36263368983957217,46.20183753946414,-0.06395230699743629,0.22240889547157716,False,35,12,38,25,80,S,0,38.0,20.75,43.150000000000006,43.150000000000006,Persistence
LNC,Lincoln National Corporation Common Stock,Financial Services,Insurance - Life,United States,その他,41.689998626708984,7.981438976,82.06738764665603,0.019623103007393408,0.5360771923832295,-0.38131966823392677,,,0.015414521433159797,21.2766006786445,-0.0406874080551636,0.1129787526232131,True,0,0,10,85,73,A,-30,0.0,0.0,11.350000000000001,11.350000000000001,Persistence
LNG,"Cheniere Energy, Inc. Common Stock",Energy,Oil & Gas Midstream,United States,電力/エネルギー,268.5400085449219,55.46268672,609.5643361962891,0.27211360886454816,-0.2300186329312543,-0.38991264807945436,0.4771225470564678,-0.2202154626108999,0.5328724781755148,27.61453543733566,-0.011018456782258471,0.09234089826029372,True,53,31,25,40,73,A,0,53.05,36.55,38.35,53.05,Acceleration
LNN,Lindsay Corporation Common Stock,Industrials,Farm & Heavy Construction Machinery,United States,その他,114.25,1.161795072,20.29479875,0.11414423941727038,-0.09940897573596169,-0.12541015617397758,0.31163508622525016,0.3538678086909646,0.16235032753117135,25.8200801046964,-0.009761703437217282,0.18398042290970323,False,44,26,34,100,63,B,-25,29.299999999999997,15.799999999999997,31.300000000000004,31.300000000000004,Persistence
LOAR,Loar Holdings Inc. Common Stock,Industrials,Aerospace & Defense,United States,防衛/宇宙,65.04000091552734,6.093498368,47.463591068115235,0.2320248051854555,0.26881317386771325,0.3259478603707076,0.5265644803468988,1.1530802603036876,0.3573091939158815,39.266628315711124,-0.07127638567520231,0.20586080947781313,False,29,29,89,85,70,A,0,41.5,41.5,84.2,84.2,Persistence
LOB,"Live Oak Bancshares, Inc. Common Stock",Financial Services,Banks - Regional,United States,その他,37.47999954223633,1.734710016,7.705700505886078,0.12358675839848535,0.13113272012981067,0.08674826084959347,,0.3350888130041964,0.006766138228125976,23.960868109411862,-0.08020781882158909,0.14285720517114492,False,10,26,50,100,53,B,-25,2.8000000000000007,14.799999999999997,38.1,38.1,Persistence
LOW,"Lowe's Companies, Inc. Common Stock",Consumer Cyclical,Home Improvement Retail,United States,その他,189.27999877929688,106.196303872,616.4972592240906,0.03121638740827497,-0.031293052548710884,-0.11005676959375225,0.334758825301903,-0.006105481943361912,0.8251514479905437,24.958729726938643,-0.08561805890206607,0.3341314674251571,False,34,0,19,25,36,C,-20,12.850000000000001,0.0,3.900000000000002,12.850000000000001,Acceleration
LPG,Dorian LPG Ltd. Common Stock,Energy,Oil & Gas Midstream,United States,電力/エネルギー,53.43000030517578,2.285878528,32.63183838638306,0.36273626139491194,-0.36984039854255574,0.43866213046766495,0.5446104433839989,-0.24512454953418364,0.37914499669445473,43.29036905970739,0.08344874086256572,0.08369063545161441,True,50,42,37,100,85,S,0,61.0,55.0,62.35,62.35,Persistence
LPX,Louisiana-Pacific Corporation Common Stock,Industrials,Building Products & Equipment,United States,その他,66.69999694824219,4.663890944,73.71083362747193,-0.07922475348520912,0.13948082138705928,-0.33030617540217955,0.21750369276218612,-0.7843601895734598,0.14427103159497526,44.899361692214505,-0.060377324478991835,0.31520026343928476,False,0,0,25,85,63,B,0,19.05,19.05,47.6,47.6,Persistence
LRN,"Stride, Inc. Common Stock",Consumer Defensive,Education & Training Services,United States,その他,78.55999755859375,3.264941312,57.123723824768064,0.046881138743874506,0.17903708158890705,0.11032743754891534,0.37750969885400826,-0.04784794236144268,0.22417094769481416,28.983514540122158,-0.060271370099014586,0.488308485747299,False,4,12,49,85,28,D,0,18.55,24.55,53.800000000000004,53.800000000000004,Persistence
LTH,"Life Time Group Holdings, Inc. Common Stock",Consumer Cyclical,Leisure,United States,その他,39.970001220703125,8.931774464,136.4138170161438,0.1427930995671491,0.1824430556263599,0.21619954821714768,0.47630134996853357,-1.414337115970108,0.5188102424702649,27.361125166032025,-0.07080219333226903,0.1259566669405552,True,16,14,47,85,63,B,0,31.05,29.55,59.7,59.7,Persistence
LUMN,"Lumen Technologies, Inc. Common Stock",Communication Services,Telecom Services,United States,その他,5.710000038146973,5.883076096,76.73352146263599,-0.05386023802258163,-0.09953974033111218,-0.16712438494106877,0.4647637477826157,-0.6633393829401089,0.5156077106749752,22.959192238066237,-0.10591256137667505,0.5173288186836973,False,38,0,25,85,28,D,0,44.05,15.55,40.6,44.05,Acceleration
LUV,Southwest Airlines Company Common Stock,Industrials,Airlines,United States,その他,42.68000030517578,20.879405056,254.29533761829376,0.021103955172288323,0.05335173048177533,0.09561602418745276,0.1744289634037701,0.4780150753768844,0.20580847183510548,69.66581203747424,0.001278771996281641,0.21070825427169193,False,5,12,22,65,70,A,0,20.5,25.75,42.35,42.35,Persistence
LVS,Las Vegas Sands Corp. Common Stock,Consumer Cyclical,Resorts & Casinos,United States,その他,38.9900016784668,25.253869568,232.1287295428276,0.15215082315454062,0.0892788276128037,1.5236009732360096,0.49788737804409616,0.0960591133004926,0.7200729927007299,12.005678940505817,-0.12572102261344173,0.42908036257799526,False,33,26,48,65,16,D,-10,26.1,20.85,35.85000000000001,35.85000000000001,Persistence
LW,"Lamb Weston Holdings, Inc. Common Stock ",Consumer Defensive,Packaged Foods,United States,その他,43.58000183105469,5.99151616,63.61329287277222,0.024956210376203245,-0.002520254808584328,0.20876163420924757,0.20563192837590552,1.3476749239461103,0.5342610533732606,20.634921200287366,-0.13997666018347127,0.3250983325121727,False,30,12,22,85,24,D,-20,17.65,4.149999999999999,18.150000000000006,18.150000000000006,Persistence
LYV,"Live Nation Entertainment, Inc. Common Stock",Communication Services,Entertainment,United States,その他,170.8699951171875,39.80578816,334.4583653924561,0.08834920240762234,0.018890346376845838,0.3623866047480603,0.25546392133835705,-0.7095490653026278,0.4540914791044709,42.22352361547499,-0.04080201039015516,0.0933355140084763,True,18,0,44,40,100,S,0,29.5,16.0,54.2,54.2,Persistence
LZB,La-Z-Boy Incorporated Common Stock,Consumer Cyclical,"Furnishings, Fixtures & Appliances",United States,その他,29.8799991607666,1.196776832,24.836404702425003,0.008262821050755095,0.030375759577181933,-0.12871446004206122,0.44041455162733617,0.1310635360338434,0.2762955146927414,25.919729934636607,-0.15795618069158546,0.2855198985243488,False,6,24,30,100,24,D,-5,16.9,30.4,41.3,41.3,Persistence
M,Macy's Inc Common Stock,Consumer Cyclical,Department Stores,United States,その他,22.639999389648438,5.913038848,153.2727958679199,-0.01673476484395375,-0.03603452610408112,-0.062202837046642305,0.40334202731974717,0.7424242424242424,0.32048281808104445,48.557655225607405,-0.020633728232217763,0.12879964993098586,True,43,24,30,85,100,S,0,55.0,40.75,57.75,57.75,Persistence
MA,Mastercard Incorporated Common Stock,Financial Services,Credit Services,United States,その他,567.6500244140625,497.267048448,1460.1576430499267,0.16416373770724607,0.12228065981353096,0.1286594414714215,0.7788722515324327,0.20955395259826293,0.350831840759274,40.03449535028355,-0.002061748909098796,0.05369579855976319,True,43,26,71,10,87,S,-20,22.450000000000003,9.700000000000003,38.95,38.95,Persistence
MAIN,Main Street Capital Corporation Common Stock,Financial Services,Asset Management,United States,その他,55.099998474121094,5.152316416,24.760010814323426,-0.01563406963148502,0.1792009884678748,0.6024488667077326,,,0.4325454648176664,34.579043437103124,-0.018748696087130284,0.09947122168900074,True,0,0,10,85,90,S,-30,0.0,0.0,14.75,14.75,Persistence
MAN,ManpowerGroup Common Stock,Industrials,Staffing & Employment Services,United States,電力/エネルギー,57.40999984741211,2.669884672,44.61158858142853,0.005780249693344311,-0.056073382854423856,-0.04604715672676838,0.166931185993284,-1.6253390158853158,0.22803244506064343,31.100090177015772,0.0037415193249072127,0.08800636772651015,True,18,0,10,100,90,S,-10,27.5,14.0,38.5,38.5,Persistence
MAS,Masco Corporation Common Stock,Industrials,Building Products & Equipment,United States,その他,68.8499984741211,13.576353792,163.79552336990358,-0.03398058252427184,-0.01744696874607757,-0.08214285714285714,0.3542713567839196,-0.04520396912899669,0.6181503557008268,37.089216772374556,-0.0563785457636372,0.16452903917349698,False,4,0,19,65,70,A,-10,9.75,6.75,30.700000000000003,30.700000000000003,Persistence
MATX,"Matson, Inc. Common Stock",Industrials,Marine Shipping,United States,その他,224.66000366210938,6.718111232,69.05711522567749,-0.022590449471038634,0.10573256640599754,-0.2874510706884642,0.22765734788458664,-0.6641905178064235,0.1568513245318837,48.86503300543908,0.025984523637521358,0.05842414955915147,True,0,0,25,85,87,S,0,21.450000000000003,21.450000000000003,52.400000000000006,52.400000000000006,Persistence
MBC,"MasterBrand, Inc. Common Stock",Consumer Cyclical,"Furnishings, Fixtures & Appliances",United States,その他,7.230000019073486,1.471236352,22.27393100876093,0.012701821952303363,-0.00946372239747634,-0.16769958784918332,0.30262917321826893,-0.443391757460919,0.37866081795897305,27.931024333665093,-0.13238611457837987,0.476845139021152,False,34,0,25,100,16,D,-5,37.1,11.600000000000001,36.95,37.1,Acceleration
MC,Moelis & Company Class A Common Stock,Financial Services,Capital Markets,United States,その他,58.7400016784668,4.351512064,46.285946522598266,0.2697688241129468,0.3975405616626187,-0.13249710493384229,0.32945761987768957,0.2998943169480468,0.1534769358040082,17.17753810738884,-0.10455098262584653,0.22168975228868112,False,21,36,49,85,53,B,-20,13.799999999999997,25.049999999999997,38.800000000000004,38.800000000000004,Persistence
MCB,Metropolitan Bank Holding Corp. Common Stock,Financial Services,Banks - Regional,United States,その他,89.5999984741211,1.110840832,10.759167816772461,0.13792418557453062,0.10438743075468913,-0.019597186325762166,,-0.43479304385988976,0.0013293819700193176,32.350013240800266,-0.02416450185819162,0.112676253207128,True,35,14,25,100,90,S,-25,25.25,9.5,31.75,31.75,Persistence
MCD,McDonald's Corporation Common Stock,Consumer Cyclical,Restaurants,United States,その他,236.5,167.357218816,1375.1422575,0.03722993827160494,0.016669935281427732,0.09977568803381934,0.5740747628789288,0.07703836930455636,0.9210115097034361,22.01805958273927,-0.09490855662262788,0.2929808458047551,False,28,24,40,25,36,C,-40,0.0,0.0,0.0,0.0,Acceleration
MCO,Moody's Corporation Common Stock,Financial Services,Financial Data & Stock Exchanges,United States,その他,468.70001220703125,81.169932288,330.8483081167603,0.08888261851015801,0.19810682893847195,0.08193123628383321,0.7443638248250842,0.021420071400238,0.46437144662034113,33.514676133851395,-0.033186511579891415,0.12561135450983865,False,17,24,54,40,80,S,-20,6.75,12.0,35.7,35.7,Persistence
MCY,Mercury General Corporation Common Stock,Financial Services,Insurance - Property & Casualty,United States,その他,99.41000366210938,5.50618368,30.256925764617918,0.09438817393349773,0.18273637791003214,0.2708062384815427,,0.03812189763859779,0.06138221080554091,33.75588612958332,-0.04535879802823085,0.10255762647436364,True,2,24,57,85,90,S,-20,3.25,19.75,50.599999999999994,50.599999999999994,Persistence
MDU,"MDU Resources Group, Inc. Common Stock (Holding Company)",Utilities,Utilities - Regulated Gas,United States,その他,18.760000228881836,3.946155776,37.34994105568886,0.06660379140125758,-0.02516092254867602,0.03208038926388058,0.3261655856380522,-13.484980005851945,0.3511916366469235,34.89090904364417,-0.05359972397978861,0.16553102312104254,False,22,0,10,85,70,A,0,36.25,19.75,40.75,40.75,Persistence
MET,"MetLife, Inc. Common Stock",Financial Services,Insurance - Life,United States,その他,97.69999694824219,62.086094848,300.83196860321044,0.07875262009667622,0.03234021255924868,0.007788277529706716,,,0.02708524006731386,50.436649761498025,0.016253902250825132,0.022511256315146597,True,30,0,22,40,75,A,-20,16.0,0.0,17.1,17.1,Persistence
MGM,MGM Resorts International Common Stock,Consumer Cyclical,Resorts & Casinos,United States,その他,32.58000183105469,8.19689216,126.21639319358826,0.01723483799381052,0.06658496785096542,0.23132869700479566,0.4441938538859438,0.20508603802605152,0.7583497676523971,10.583941097727958,-0.23250156273757835,0.3572696249021397,False,9,12,44,85,24,D,-10,11.899999999999999,14.149999999999999,40.25,40.25,Persistence
MGY,Magnolia Oil & Gas Corporation Class A Common Stock,Energy,Oil & Gas E&P,United States,電力/エネルギー,24.110000610351562,6.622898176,102.71450955024719,-0.0030709347162292174,0.07246008285390378,-0.27590199546412997,0.47294688015733566,-0.05749318738324108,0.14173267674603493,33.33333333333333,-0.0729788459776655,0.24514326775639295,False,8,0,33,85,70,A,0,25.75,19.75,53.400000000000006,53.400000000000006,Persistence
MH,"McGraw Hill, Inc. Common Stock",Consumer Defensive,Education & Training Services,United States,その他,12.729999542236328,2.435361024,6.409554769515991,0.0007052780208813691,0.0718299312718633,0.006522834026347013,0.8092340571842717,-0.7376252519465317,0.48230715004098973,43.93304729764105,0.043630780556353145,0.29238467458606876,False,15,35,44,100,73,A,0,33.55,48.55,63.800000000000004,63.800000000000004,Persistence
MHK,"Mohawk Industries, Inc. Common Stock",Consumer Cyclical,"Furnishings, Fixtures & Appliances",United States,その他,125.16000366210938,8.478106112,137.99391043762208,-0.004752281556533695,-0.02678018158795161,-0.05129035281287541,0.23872086338939677,-0.09315673289183223,0.1795313904130106,39.281199878424104,-0.013734872449675396,0.10663812841212539,True,30,0,25,85,90,S,0,44.25,21.75,53.0,53.0,Persistence
MHO,"M/I Homes, Inc. Common Stock",Consumer Cyclical,Residential Construction,United States,その他,138.75,3.508020736,29.12431875,-0.01928864933502343,0.11681362746318212,-0.023694429457570363,0.24104137348591975,-0.25437342034450355,0.21557547688201587,32.369320178081324,-0.05836699123812773,0.14877300613496933,True,0,0,25,85,80,S,0,20.75,20.75,51.0,51.0,Persistence
MIAX,"Miami International Holdings, Inc. Common Stock",Financial Services,Capital Markets,United States,その他,34.900001525878906,3.463158528,59.00839907993316,0.1964796960191988,0.09516266461224564,0.3046524772564634,0.31562093817559617,0.8357217804285398,0.0065101137423824364,20.016016233692852,-0.17367108822249797,0.38599575242453743,False,42,28,61,85,24,D,-20,26.65,16.15,39.60000000000001,39.60000000000001,Persistence
MIR,"Mirion Technologies, Inc. Class A Common Stock",Industrials,Specialty Industrial Machinery,United States,その他,15.59000015258789,3.882574848,59.0366802778244,0.07504646840148699,0.07479086028218254,0.11577040958484257,0.47395720769397015,1.125248508946322,0.34383099690644076,36.0416573120436,-0.008017300142361978,0.47596638142561715,False,41,47,46,85,55,B,0,49.0,53.5,57.55,57.55,Persistence
MKC,"McCormick & Company, Incorporated Common Stock",Consumer Defensive,Packaged Foods,United States,その他,47.939998626708984,12.888742912,150.27559609519957,0.017341642250546574,0.0092311848938789,0.049082749389811824,0.3789599871350672,0.14435857805255023,0.31544498651556013,18.731088577630544,-0.08179567790692589,0.31883311475459597,False,24,24,42,65,36,C,-20,11.350000000000001,11.350000000000001,26.550000000000004,26.550000000000004,Persistence
MKC-V,"McCormick & Company, Incorporated Common Stock",Consumer Defensive,Packaged Foods,United States,その他,49.02000045776367,13.179103232,1.0561359098625183,0.017341642250546574,0.0092311848938789,0.049082749389811824,0.3789599871350672,0.14435857805255023,0.31544498651556013,41.40922118581024,-0.0716119979484273,0.30686191813221053,False,24,24,42,65,63,B,-20,14.049999999999997,14.049999999999997,31.950000000000003,31.950000000000003,Persistence
MKL,Markel Group Inc. Common Stock,Financial Services,Insurance - Property & Casualty,United States,その他,1727.72998046875,21.406502912,120.44005693847656,-0.024902447439287444,0.06596941436343139,0.3301754728431419,,0.09206738734039756,0.062460022886566366,12.659391260302982,-0.06321998484294336,0.21176602151342466,False,2,12,38,65,53,B,-20,0.0,4.050000000000001,27.750000000000007,27.750000000000007,Persistence
MLI,"Mueller Industries, Inc. Common Stock",Industrials,Metal Fabrication,United States,その他,60.52000045776367,13.385897984,112.47823645076751,0.1087308153384954,0.10186720930198562,-0.1411466042930805,0.2901640211298329,0.2137757311673045,0.007363993154084793,27.195450890888807,-0.04576249396935524,0.1358471238688362,False,40,26,30,65,63,B,0,46.05,35.55,45.35,46.05,Acceleration
MLM,"Martin Marietta Materials, Inc. Common Stock",Basic Materials,Building Materials,United States,その他,484.29998779296875,34.39468544,426.8305297415161,0.0861886259272342,-0.03230217056913348,-0.050316507060542116,0.3071544715447154,0.6192052980132451,0.304900860456416,31.79588178322841,-0.08311790719956846,0.31313570865102625,False,43,12,30,40,53,B,0,43.55,20.3,37.1,43.55,Acceleration
MMI,"Marcus & Millichap, Inc. Common Stock",Real Estate,Real Estate Services,United States,その他,29.75,1.1266624,4.7525625,0.08490072694882625,0.07761403378400346,-0.5037857894615544,0.3769684674424887,3.0,0.09460456007156846,31.684064603410548,-0.04103894124097682,0.08420809989230722,True,49,30,34,100,90,S,-5,55.75,41.5,56.7,56.7,Persistence
MMM,3M Company Common Stock,Industrials,Conglomerates,United States,その他,169.5500030517578,87.440736256,487.00525576568606,0.015178026449643948,-0.0014221861032100772,-0.05928672451358893,0.39911014911014914,1.188087774294671,0.33397821535525934,51.66499434146742,-0.02012819133572011,0.0733908614041816,True,46,12,30,40,87,S,0,49.2,23.700000000000003,43.900000000000006,49.2,Acceleration
MMS,"Maximus, Inc. Common Stock",Industrials,Specialty Business Services,United States,その他,52.61000061035156,2.75454208,34.82466380401611,0.023572249579124183,0.08185346873465767,0.0591036355289485,0.2455119202191161,-0.08704010292518974,0.35486366235432676,28.213981145060856,-0.08766906891742607,0.45967994507550275,False,0,12,33,100,28,D,0,17.8,26.8,48.75000000000001,48.75000000000001,Persistence
MO,"Altria Group, Inc.",Consumer Defensive,Tobacco,United States,その他,68.81999969482422,114.911772672,567.3844228839874,-0.01491880258266484,-0.0028289922934347867,-0.008990719257540603,0.7220815333432643,0.053768435721751245,0.7341862523916954,58.0261917961748,0.010944606253921949,0.06674937282371277,True,17,12,32,25,87,S,-10,15.200000000000003,11.450000000000003,31.25,31.25,Persistence
MOD,Modine Manufacturing Company Common Stock,Consumer Cyclical,Auto Parts,United States,その他,198.07000732421875,10.520034304,240.2708030847168,0.2313141087671763,0.07297117700805715,0.04782627616519431,0.22982616076200058,-0.1848414539829853,0.16312719659014432,52.66032316525579,-0.0028885478221811413,0.3545895993027963,False,39,5,45,65,73,A,0,46.3,20.8,55.6,55.6,Persistence
MOG-A,Moog Inc. Class A Common Stock,Industrials,Aerospace & Defense,United States,防衛/宇宙,387.79998779296875,12.282078208,98.60008589630127,0.06973310870721759,0.0882850500122128,0.09236727394546976,0.27388007741753667,1.798417162665969,0.21366340906292397,63.89654751481682,-0.008352077435687952,0.1292828965345988,True,12,24,42,65,80,S,0,26.75,35.75,55.35,55.35,Persistence
MOS,Mosaic Company (The) Common Stock,Basic Materials,Agricultural Inputs,United States,その他,23.010000228881836,7.314779136,191.663982856493,0.0835760779659798,-0.18788560247077635,-0.2838715412126409,0.15780259533370947,-12.278481012658228,0.2156649686888534,32.062602634486225,-0.019117911633218763,0.32631689634167726,False,33,19,10,85,63,B,0,43.8,33.3,39.35,43.8,Acceleration
MPC,Marathon Petroleum Corporation Common Stock,Energy,Oil & Gas Refining & Marketing,United States,電力/エネルギー,393.5199890136719,114.882904064,1225.8009925779725,-0.044395955755271346,-0.06412632515382904,-0.16384056623443954,0.07537358985372912,-0.2226027397260274,0.4092430468703472,52.51963104617914,0.10485465698915088,0.07383093166056588,True,30,12,17,25,57,B,0,31.95,18.45,27.0,31.95,Acceleration
MRSH,Marsh Common Stock,Financial Services,Insurance Brokers,United States,その他,171.1199951171875,81.660387328,460.59513485717775,0.1031564314334778,0.07573891625615764,0.0972972972972973,0.422667803268967,0.2546412443552434,0.36533810253789817,22.456642663102073,-0.07352358176722441,0.16021807857160722,False,32,26,42,40,53,B,-20,15.299999999999997,10.8,23.700000000000003,23.700000000000003,Persistence
MS,Morgan Stanley Common Stock,Financial Services,Capital Markets,United States,その他,196.30999755859375,308.317847552,967.8524577133179,0.14482567119626524,0.1372490970454142,0.009101772555267874,,-8.898571428571428,0.2608926471727207,18.634631410657633,-0.0726155057436181,0.1363350233108957,True,35,14,18,10,63,B,-30,4.049999999999997,0.0,0.0,4.049999999999997,Acceleration
MSA,MSA Safety Incorporated Common Stock,Industrials,Security & Protection Services,United States,その他,182.4600067138672,7.038994432,46.05564259468078,0.036874357074120366,0.011463672637830623,0.1699620341725171,0.4646396922574719,0.21974773435725933,0.2454945908469159,37.00460691616712,-0.009884496202673244,0.09381357219224427,True,31,12,50,85,90,S,0,45.0,30.75,66.75,66.75,Persistence
MSCI,MSCI Inc. Common Stock,Financial Services,Financial Data & Stock Exchanges,United States,その他,551.3599853515625,40.083869696,288.92641632385255,0.09745046440495664,0.12938645746010155,0.12466523584918247,0.8244143566720764,0.05198379527287598,1.1065080871252209,38.37145108858854,-0.02321810065033771,0.1405621145020716,False,17,24,55,40,80,S,-40,0.0,0.0,16.25,16.25,Persistence
MSGE,Madison Square Garden Entertainment Corp. Class A Common Stock,Communication Services,Entertainment,United States,その他,79.08999633789062,3.741370624,37.00225478668213,0.12522090006300823,-0.017232985671321272,0.12656430564559318,0.45106732379070574,2.4713080848777866,0.6073453042242605,54.640862180303195,0.003064057970904594,0.10551913621653468,True,43,26,28,85,100,S,-10,45.0,32.25,46.650000000000006,46.650000000000006,Persistence
MSGS,Madison Square Garden Sports Corp. Class A Common Stock (New),Communication Services,Entertainment,United States,その他,402.8399963378906,9.700363264,116.5154263407898,0.11027693847308559,0.011751946406996453,0.1574201050879658,0.27744314114308793,-0.30379833155274705,0.7545979194252015,66.38606604261498,0.015677903413384944,0.027238478972996378,True,23,37,27,85,55,B,-10,25.5,36.0,37.1,37.1,Persistence
MSI,"Motorola Solutions, Inc. Common Stock",Technology,Communication Equipment,United States,通信/光通信,456.8800048828125,75.61080832,422.1616933117676,0.07996671905334196,0.08408498697133694,0.0950395083406497,0.5166067454203047,0.20524835988753515,0.5036876579503843,40.97072330463894,0.0013218305561450124,0.06754043101292491,True,13,24,42,40,87,S,0,24.450000000000003,32.7,50.5,50.5,Persistence
MSM,"MSC Industrial Direct Company, Inc. Common Stock",Industrials,Industrial Distribution,United States,その他,121.22000122070312,6.769688064,85.44494836044312,-0.013459999879611124,-0.04697374741911395,0.08596917624644052,0.40751464178074615,-0.22619743647402743,0.218843620636994,49.35152723356477,-0.005464111450407675,0.04761154632867154,True,22,0,29,85,87,S,0,37.95,21.450000000000003,54.60000000000001,54.60000000000001,Persistence
MTB,M&T Bank Corporation Common Stock,Financial Services,Banks - Regional,United States,その他,221.19000244140625,32.057729024,243.8951561920166,0.04344058065215036,-0.017769738242179187,0.17284412829152626,,-0.15733647613435475,0.060938597723760014,18.885563668911274,-0.08091373493754925,0.12386397297451338,True,18,12,25,40,63,B,-20,5.800000000000001,1.3000000000000007,16.35,16.35,Persistence
MTDR,Matador Resources Company Common Stock,Energy,Oil & Gas E&P,United States,電力/エネルギー,51.54999923706055,6.379529728,91.71930514255524,0.05103712088504662,0.23471467596245202,-0.11858420201589202,0.4578431806906797,-0.13710590310635304,0.29777468541451746,29.999989961320964,-0.05422022517396736,0.20091670164331715,False,8,0,29,85,53,B,0,24.05,18.05,47.800000000000004,47.800000000000004,Persistence
MTG,MGIC Investment Corporation Common Stock,Financial Services,Insurance - Specialty,United States,その他,28.479999542236328,5.841955328,59.78578463905335,0.004889333800324741,0.04556221009053746,-0.01507778493074178,,0.1767128359429612,0.09731747306945146,14.958463681941126,-0.05972768665275267,0.09501111650324501,True,2,12,30,85,63,B,-20,0.5500000000000007,8.05,30.35,30.35,Persistence
MTH,Meritage Homes Corporation Common Stock,Consumer Cyclical,Residential Construction,United States,その他,64.9800033569336,4.235012608,56.15246990089417,-0.08326749246316913,0.041601229925604555,-0.02549112009646001,0.1973550557407371,1.3612557271868682,0.2478946279509024,45.43615173856768,-0.06239931726498269,0.23145899780493145,False,12,25,30,85,80,S,0,29.75,39.5,53.75,53.75,Persistence
MTN,"Vail Resorts, Inc. Common Stock",Consumer Cyclical,Resorts & Casinos,United States,その他,136.11000061035156,4.850079744,121.34070444412231,0.02743527204958008,-0.0014442624743715225,0.14388941499149613,0.427801805928928,-0.15389664527228214,0.596107745308188,51.86748086579194,-0.056602462549948836,0.1493656316291125,True,22,12,21,85,90,S,0,38.25,30.75,50.8,50.8,Persistence
MTZ,"MasTec, Inc. Common Stock",Industrials,Engineering & Construction,United States,その他,212.85000610351562,17.092908032,325.48810083343506,0.16220691993734448,0.025636186394489998,0.22682423610953445,0.12537328212943255,-0.7062728085775671,0.28207377970486747,37.412082032569344,-0.199515283788943,0.5134968312666953,False,23,14,41,65,33,D,0,30.3,23.55,45.4,45.4,Persistence
MUR,Murphy Oil Corporation Common Stock,Energy,Oil & Gas E&P,United States,電力/エネルギー,36.33000183105469,5.209036288,59.63024850540161,-0.10890916909108135,-0.12475332385772202,-0.1827631310809594,0.2777702804436687,-0.7585809903682388,0.22391647968711512,49.58616720653177,-0.011719651029787233,0.13382287323628028,True,30,0,25,85,100,S,0,45.25,22.75,55.0,55.0,Persistence
MUSA,Murphy USA Inc. Common Stock,Consumer Cyclical,Specialty Retail,United States,その他,511.5400085449219,9.402283008,147.2314452593994,-0.04249591242967156,-0.05969046977621299,-0.08174920349226523,0.1217189434585225,-0.03902439024390244,0.5804308265267256,50.11893865654969,-0.0773677956885545,0.17768031886225916,True,30,0,17,85,90,S,0,44.25,21.75,48.6,48.6,Persistence
MWA,MUELLER WATER PRODUCTS Common Stock,Industrials,Specialty Industrial Machinery,United States,その他,21.6299991607666,3.3769984,30.138159330654144,0.08747242716969651,0.030571450968095947,0.02268718935385602,0.36140449045254247,-0.1013584117032393,0.24558159769427376,20.558359293119267,-0.11596324670594811,0.2840077637939804,False,37,12,41,85,36,C,0,44.1,25.35,51.0,51.0,Persistence
MYE,"Myers Industries, Inc. Common Stock",Consumer Cyclical,Packaging & Containers,United States,その他,31.360000610351562,1.179702784,11.174665817489624,-0.012602223415335276,0.028551152611039434,-0.09613727798547492,0.33431023249392666,0.22514902382558288,0.444799317766154,47.129545475987555,-0.025531360102721137,0.14275235893792604,True,9,24,26,100,100,S,-5,26.75,38.0,54.3,54.3,Persistence
NATL,NCR Atleos Corporation Common Stock,Technology,Software - Application,United States,ソフトウェア,46.08000183105469,3.405170944,30.861159626312254,0.011382113821138212,0.028428093645484948,0.015526443474041727,0.2436839687643546,-0.024390243902439025,0.5111150317572336,49.87717060304969,-0.009488068683869616,0.042592960556126255,True,0,12,29,85,87,S,0,21.450000000000003,30.450000000000003,54.60000000000001,54.60000000000001,Persistence
NBHC,National Bank Holdings Corporation Common Stock,Financial Services,Banks - Regional,United States,その他,40.16999816894531,1.789153536,16.039880268859864,0.02526691809861646,-0.04443000340395954,0.2781903872308446,,0.09793750362532007,0.005518278005867951,22.058750931236588,-0.04483078398138242,0.14009264502140392,False,20,12,30,100,63,B,-25,11.299999999999997,5.300000000000001,29.1,29.1,Persistence
NCLH,Norwegian Cruise Line Holdings Ltd. Ordinary Shares,Consumer Cyclical,Travel Services,United States,その他,14.609999656677246,6.708733952,258.95917581467626,0.036703988364128595,0.10874096658636966,0.7651419558359621,0.4261907698243883,-2.3945648377402486,0.6479710821878374,34.31371724041425,-0.15249323061236136,0.4165335813698967,False,4,0,24,85,33,D,-10,9.05,6.050000000000001,31.050000000000004,31.050000000000004,Persistence
NE,Noble Corporation plc A Ordinary Shares,Energy,Oil & Gas Drilling,United States,電力/エネルギー,42.81999969482422,6.835879936,50.82327173778534,0.0744812150363429,0.18107251475269773,0.8311868257314972,0.19727456561544304,3.0,0.26239736236194294,37.421091808683066,-0.021487200335017484,0.19553475803991807,True,12,12,46,85,90,S,0,30.75,30.75,64.55,64.55,Persistence
NEE,"NextEra Energy, Inc. Common Stock",Utilities,Utilities - Regulated Electric,United States,電力/エネルギー,76.08000183105469,158.672863232,912.9429039722443,0.10742132266795944,-0.11954897915629224,0.341572819240313,0.6226834962790019,-0.32343025705857564,0.44950428025441774,16.25342499823101,-0.09374362513161161,0.21114062094696276,False,35,2,37,25,53,B,0,35.3,10.55,37.2,37.2,Persistence
NET,"Cloudflare, Inc. Class A Common Stock",Technology,Software - Infrastructure,United States,ソフトウェア,349.0199890136719,124.278939648,1118.7085354856872,0.29845666035387564,0.2875515232370281,0.3296662055840556,0.745137889154528,0.5610460413983165,0.5828657697751719,75.31781795352352,0.16445340375766668,0.027311794522349137,True,48,17,89,25,10,D,0,40.75,17.5,57.2,57.2,Persistence
NEU,NewMarket Corp Common Stock,Basic Materials,Specialty Chemicals,United States,その他,898.0399780273438,8.258740224,108.72120993988037,-0.022030404534913683,0.03266320019240896,-0.024008978591210428,0.31462268945522276,0.06285679674131953,0.2796577775296245,58.64885925370632,0.023307081338970064,0.06321715585893929,True,6,12,30,85,87,S,0,25.950000000000003,30.450000000000003,55.150000000000006,55.150000000000006,Persistence
NFG,National Fuel Gas Company Common Stock,Energy,Oil & Gas Integrated,United States,電力/エネルギー,78.98999786376953,7.50761216,60.65681430957794,0.17108663571248606,-0.10532894219308289,-0.005615160888654676,0.46086590757312385,0.3895416589348673,0.3249257033750257,28.543062682134178,-0.03381585933599807,0.17116211920517077,False,39,33,34,85,63,B,0,48.3,43.8,52.550000000000004,52.550000000000004,Persistence
NGVT,Ingevity Corporation Common Stock ,Basic Materials,Specialty Chemicals,United States,その他,73.0,2.509588224,19.496475,-0.02708107657695192,-0.012669683257918552,-0.2714140142660193,0.395255224391915,3.0,0.7526497486524135,59.63947017697639,0.013787509966012551,0.06254016405304148,True,16,30,24,100,87,S,-10,25.700000000000003,36.2,45.60000000000001,45.60000000000001,Persistence
NI,NiSource Inc Common Stock,Utilities,Utilities - Regulated Gas,United States,その他,39.41999816894531,18.90425856,219.3600696107483,0.21761287602427087,-0.009136484179169542,-0.05900249547055003,0.503989641986089,0.07858386535113175,0.45214968752352985,26.713952041267248,-0.06801486011509768,0.19143957131817907,False,49,29,10,65,53,B,0,51.8,36.8,32.35,51.8,Acceleration
NIC,Nicolet Bankshares Inc. Common Stock,Financial Services,Banks - Regional,United States,その他,168.39999389648438,3.529244928,25.593431072387695,0.1228270178765285,0.267180144243159,-0.07584270605165086,,0.2791491911324146,0.014682463688229216,36.50220133586097,-0.014848578840694526,0.057318959525554665,True,10,26,38,85,77,A,-20,7.949999999999999,19.950000000000003,37.550000000000004,37.550000000000004,Persistence
NIQ,NIQ Global Intelligence plc Ordinary Shares,,,,その他,17.829999923706055,5.259063296,19.89373326487541,0.056839349544379,0.18893843713524677,0.19914585127763423,0.5564738948170732,1.1592526690391458,0.5695824757424287,43.77778107443113,0.12736791213926027,0.07328481622586656,True,23,43,50,85,57,B,0,35.7,50.7,60.15,60.15,Persistence
NJR,NewJersey Resources Corporation Common Stock,Utilities,Utilities - Regulated Gas,United States,その他,50.61000061035156,5.107640832,35.958152383651736,0.1335195061170395,-0.08479648944418577,-0.3244982155755427,0.3568236682950208,-0.6658027127689143,0.4971381258844602,23.25186097996088,-0.07334275318471213,0.14905462900379463,False,39,14,6,85,53,B,0,47.3,28.55,35.150000000000006,47.3,Acceleration
NKE,"Nike, Inc. Common Stock",Consumer Cyclical,Footwear & Accessories,United States,その他,35.75,53.035081728,1158.94493,0.0019218726381480921,-0.09838012538452552,0.0028310912392369722,0.42913487650329757,-0.3317013463892289,0.2872429054933611,27.350437939830883,-0.09275742989823696,0.5047774495545736,False,22,0,25,40,28,D,0,25.3,8.8,29.35,29.35,Persistence
NMAX,"Newsmax, Inc. Class B Common Stock",Communication Services,Broadcasting,United States,その他,10.869999885559082,1.403976192,13.729733805451394,0.10664743342972464,0.2642037084663937,,0.39323877343194685,-1.1557441055695443,0.03900494472473373,53.38982822542712,0.11252123259160772,0.16641104928236372,True,9,2,14,100,70,A,-15,13.75,8.5,31.700000000000003,31.700000000000003,Persistence
NNI,"Nelnet, Inc. Common Stock",Financial Services,Credit Services,United States,その他,124.33999633789062,4.448815616,18.74301104797363,0.15865671987383273,0.20406403661123076,-0.3016560004326585,,-0.38200150470336625,0.5532598874712444,31.689266355219317,-0.035487859588145716,0.13343764166885821,False,5,14,17,85,80,S,-20,4.5,11.25,26.6,26.6,Persistence
NOC,Northrop Grumman Corporation Common Stock,Industrials,Aerospace & Defense,United States,防衛/宇宙,510.5199890136719,72.526012416,413.1995635079956,0.022445348865547242,0.04436243318910664,0.07343860991202666,0.19814558802497975,0.2617321632964517,0.3312571773361621,46.40323446791398,-0.05428382196552342,0.32931574864758373,False,5,24,38,40,63,B,0,16.05,30.3,43.5,43.5,Persistence
NOG,"Northern Oil and Gas, Inc. Common Stock",Energy,Oil & Gas E&P,United States,電力/エネルギー,23.290000915527344,2.481529344,47.32772731044769,-0.03175119618109394,0.1346359665843213,-0.03967624098725046,0.3222820932489252,1.9501486333622708,0.4428225072212594,32.53652774938706,-0.02884684058450519,0.21469026402971383,False,16,25,26,100,80,S,0,35.0,41.75,55.3,55.3,Persistence
NOV,NOV Inc. Common Stock,Energy,Oil & Gas Equipment & Services,United States,電力/エネルギー,19.860000610351562,7.079655424,59.385373825073245,-0.014205186020293123,0.03343819177443784,0.18598866933812352,0.2020814272644099,-0.080797481636936,0.20724470817465238,25.832629483321796,-0.025867708790267615,0.08133608922977917,True,0,0,25,85,73,A,0,20.05,20.05,49.6,49.6,Persistence
NOW,"ServiceNow, Inc. Common Stock",Technology,Software - Application,United States,ソフトウェア,135.6199951171875,140.212355072,1971.3037609259034,0.20884923525127458,0.22438970014491139,0.23823326432022085,0.7753426720891701,0.3431111111111111,0.09228819417774023,42.9675802028392,0.07817522221553422,0.2834120710022533,True,29,29,100,25,68,A,0,32.3,32.3,74.85000000000001,74.85000000000001,Persistence
NP,Neptune Insurance Holdings Inc. Class A Common Stock,Financial Services,Insurance Brokers,United States,その他,27.510000228881836,3.775282176,14.240414068479538,0.33740433700198663,0.4056674914575233,,0.5866713464660203,0.032025620496397116,3.675400848405029,13.705601817886517,-0.12774106223790802,0.2164625533851173,True,24,32,28,85,51,B,-40,0.0,1.8500000000000014,6.8500000000000085,6.8500000000000085,Persistence
NPK,"National Presto Industries, Inc. Common Stock",Industrials,Aerospace & Defense,United States,防衛/宇宙,144.66000366210938,1.032303488,16.232299010925292,0.2969801250811379,0.13879241563805322,0.059973944649480915,0.15952566312628594,0.406614498745017,0.06603372283211079,45.03246460500984,0.023501069372634933,0.07742346398833404,True,44,17,37,100,87,S,-15,41.7,21.450000000000003,47.75,47.75,Persistence
NPO,Enpro Inc. Common Stock,Industrials,Specialty Industrial Machinery,United States,その他,311.42999267578125,6.592250368,49.96582802490234,0.09020692285687042,-0.010006608137449259,-0.036299126637554587,0.4263972710574652,0.1776923076923077,0.2508449117536613,61.477481417549264,-0.006241714423007007,0.1957268998240046,True,36,12,30,85,80,S,0,47.75,29.75,53.75,53.75,Persistence
NRG,"NRG Energy, Inc. Common Stock",Utilities,Utilities - Independent Power Producers,United States,電力/エネルギー,100.37000274658203,21.098825728,279.0672500865555,0.09182367579097049,-0.024043298754466917,-0.0862314935167866,0.19379415882525314,-0.5787444933920705,0.5704186684969115,20.236206820137696,-0.1490958072546417,0.45098757741061485,False,30,0,17,65,16,D,0,33.85,11.35,28.8,33.85,Acceleration
NRP,Natural Resource Partners LP Limited Partnership,Energy,Thermal Coal,United States,電力/エネルギー,108.77999877929688,1.44137984,2.7010073696899415,-0.17421345402751534,-0.16559852344239517,-0.10493926878705213,,,0.044205701763177056,33.598926818592616,0.03395278655893611,0.12002708176403007,False,0,0,10,100,80,S,-5,18.0,18.0,41.5,41.5,Persistence
NSP,"Insperity, Inc. Common Stock",Industrials,Staffing & Employment Services,United States,その他,47.83000183105469,1.826879872,20.244526575012205,0.03510104847287646,0.014646931853222325,0.09210304765111972,0.13211978860833823,-1.6410788381742738,0.19745801180208805,28.86389228580309,-0.05739186615118289,0.10429533402113084,True,18,0,22,100,63,B,-15,19.799999999999997,6.300000000000001,34.7,34.7,Persistence
NUE,Nucor Corporation Common Stock,Basic Materials,Steel,United States,その他,247.25,56.095010816,301.50654,0.0572655690765927,-0.11465114939217606,-0.16375987666216998,0.11934510986643689,-1.2332506203473945,0.20285437556973565,37.86015754178202,-0.03244110742173863,0.1000582048900994,True,30,0,10,40,90,S,0,37.5,15.0,33.5,37.5,Acceleration
NVR,"NVR, Inc. Common Stock",Consumer Cyclical,Residential Construction,United States,その他,6297.60009765625,16.782222336,260.1538600341797,-0.019132606969687972,0.10578854142927097,-0.09521452585225663,0.23094950659190888,-0.18467794090317785,0.1797687525717398,49.94691734948373,-0.0009557543436057557,0.22993395724428345,False,0,0,25,65,90,S,0,18.75,18.75,48.0,48.0,Persistence
NWN,Northwest Natural Holding Company Common Stock,Utilities,Utilities - Regulated Gas,United States,その他,47.040000915527344,1.98008,12.864499450378418,0.11827381582211183,-0.037145660660974134,0.15435632807732758,0.4019480937486185,-0.018808147621549778,0.43505986096087246,28.282854749451488,-0.05163448755952425,0.140623708540356,False,33,21,6,100,53,B,-5,40.05,31.049999999999997,33.900000000000006,40.05,Acceleration
NYT,New York Times Company (The) Common Stock,Communication Services,Publishing,United States,その他,63.83000183105469,10.294731776,209.25900140289306,0.09242323522121149,0.06585201586710149,0.051046193315401105,0.5080519151352357,0.4436105407524539,0.012210510862203004,41.995367842973984,-0.07099607422969142,0.25425380107607537,False,46,24,50,65,63,B,0,50.55,34.05,56.35,56.35,Persistence
OBDC,Blue Owl Capital Corporation Common Stock,Financial Services,Asset Management,United States,その他,10.8100004196167,5.330871296,32.31914470454693,0.0659541870071348,-0.20613153831019002,0.5656756126021003,,,0.5411310652368898,26.400014038096643,-0.03298259873603627,0.11906821223206734,False,18,12,10,85,63,B,-20,12.549999999999997,8.05,19.35,19.35,Persistence
OBK,"Origin Bancorp, Inc. Common Stock",Financial Services,Banks - Regional,United States,その他,53.63999938964844,1.654776704,8.316613705368042,0.10487641381347604,-0.0011065336556467264,0.07963425280666554,,0.7186755212069325,0.002309269097872412,40.74887554395272,0.0017797854524207748,0.023976070227280506,True,32,14,30,100,75,A,-25,21.5,8.0,31.5,31.5,Persistence
OC,Owens Corning Inc Common Stock New,Industrials,Building Products & Equipment,United States,その他,123.91000366210938,9.794922496,141.8211946914673,0.025581159273170236,0.17666029622551363,-0.14230099375064031,0.28090666138770665,-0.22730923694779118,0.43952234206471497,31.556669761495485,-0.11451363277809772,0.22029948974462843,False,0,0,17,85,70,A,0,19.75,19.75,44.6,44.6,Persistence
ODC,Oil-Dri Corporation Of America Common Stock,Basic Materials,Specialty Chemicals,United States,その他,88.5999984741211,1.28292864,9.808905831069946,,0.0594788158471361,0.184836584057443,,0.11486060796975901,0.19943599216029104,52.240707961143805,-0.035314643692175594,0.16566186203515362,True,2,12,30,100,100,S,-5,21.5,29.0,56.5,56.5,Persistence
OFG,OFG Bancorp Common Stock,Financial Services,Banks - Regional,United States,その他,51.939998626708984,2.195269888,14.37725131986618,0.029175202515213227,0.03248815495336184,0.1329668520901289,,-0.05432023796533942,0.03848549659275881,33.756306597201714,-0.009281579128336685,0.037256758254046674,True,0,12,37,100,77,A,-20,2.6999999999999993,11.7,40.75,40.75,Persistence
OGE,OGE Energy Corp Common Stock,Utilities,Utilities - Regulated Electric,United States,電力/エネルギー,44.810001373291016,9.247633408,73.65599165733337,0.09205105014571399,0.11629211382417828,-0.2077791272921172,0.45047697923376584,1.2973750449478605,0.3939459309001079,30.49913235147909,-0.04329814332237772,0.10290288911190718,False,20,37,34,85,80,S,0,35.75,48.5,55.95,55.95,Persistence
OGS,"ONE Gas, Inc. Common Stock",Utilities,Utilities - Regulated Gas,United States,その他,71.80000305175781,4.51308032,41.79514077644348,0.1650398021077407,-0.1215991635715159,-0.07991256805165234,0.35841145442830846,0.6164556659517137,0.38107375915556657,9.86054308559062,-0.08436883430726853,0.1944973663805872,False,36,26,10,85,53,B,0,45.05,37.55,37.35,45.05,Acceleration
OII,"Oceaneering International, Inc. Common Stock",Energy,Oil & Gas Equipment & Services,United States,電力/エネルギー,46.2599983215332,4.604241408,41.73877738557815,0.04621854897167064,0.09751903942168659,0.1735757113457149,0.20417031229571905,1.1633048148379441,0.3273550250557315,31.952228397593416,-0.05975613167615446,0.14507488819574338,True,12,24,46,85,80,S,0,29.75,38.75,62.55,62.55,Persistence
OKE,"ONEOK, Inc. Common Stock",Energy,Oil & Gas Midstream,United States,電力/エネルギー,88.62999725341797,55.87316736,335.17737841308593,0.5498663471287676,0.22747072467047577,-0.21038995845803368,0.25995420619108506,-0.14649459365190093,0.4924295853903753,30.186493141110745,-0.04206280439724528,0.09106763089191931,True,48,22,25,40,90,S,0,51.0,31.5,41.75,51.0,Acceleration
OKLO,Oklo Inc. Class A common stock,Utilities,Utilities - Independent Power Producers,United States,電力/エネルギー,38.040000915527344,7.07611136,383.6088734325027,,,,,-1.978137421919364,0.0009486691480362221,42.032564742086485,-0.07776003519871466,0.7815550646097649,False,0,0,10,85,55,B,-10,8.25,8.25,27.75,27.75,Persistence
OLN,Olin Corporation Common Stock,Basic Materials,Chemicals,United States,その他,16.399999618530273,1.869312768,42.61425100877762,0.03680371859757496,-0.042865505634421194,-0.2712399479533286,0.07395882491741387,-0.19539110678351185,0.42855387807474954,35.608269641757516,-0.11885158853202948,0.4456843623040587,False,30,0,17,100,45,C,-5,37.0,14.5,38.35,38.35,Persistence
OMC,Omnicom Group Inc. Common Stock,Communication Services,Advertising Agencies,United States,その他,76.1500015258789,21.703223296,251.95789079868317,0.10088532803028855,0.06785232980765304,0.028210314155545136,0.08494143666880888,0.7505179232845753,0.19725150830740618,31.463437184071253,-0.06755450761658807,0.1350007435722598,False,44,14,42,65,70,A,0,49.75,27.25,53.35,53.35,Persistence
OMF,"OneMain Holdings, Inc. Common Stock",Financial Services,Credit Services,United States,その他,57.36000061035156,6.59877888,56.232016198349,0.09543751377562266,0.060046728971962615,0.01929030721600381,,,0.8286110705418431,18.851766136466168,-0.07563306288241815,0.15186224373532625,False,30,12,12,85,53,B,-40,0.5499999999999972,0.0,0.0,0.5499999999999972,Acceleration
ONTO,Onto Innovation Inc. Common Stock,Technology,Semiconductor Equipment & Materials,United States,半導体,287.6400146484375,17.581545472,253.29148229919434,0.01817240796053158,0.2101479651120034,-0.18833883979335106,0.4971534812282955,0.40243155122489743,0.007380452507263252,57.703482349210255,0.02490359607208435,0.2399524233835038,True,13,12,38,65,100,S,0,29.5,28.75,57.150000000000006,57.150000000000006,Persistence
OPLN,"OPENLANE, Inc. Common Stock",Consumer Cyclical,Auto & Truck Dealerships,United States,その他,34.81999969482422,4.250472704,35.88723268547058,0.08163265306122448,0.05472666155569971,0.10888046037143605,0.4047040578960972,0.4032527105921601,0.1245898863323667,43.869748040403564,-0.0422541460697388,0.18834502432780859,True,30,24,46,85,100,S,0,45.25,40.75,66.55,66.55,Persistence
OPY,"Oppenheimer Holdings, Inc. Class A Common Stock (DE)",Financial Services,Capital Markets,United States,その他,119.77999877929688,1.2826048,14.626335650939941,0.14350825412426982,0.14707505054751466,0.12411460194555786,0.36245010136923245,2.619885982562039,0.16883313655248006,45.1360619706613,0.03732365928452033,0.03976269977084293,True,24,46,64,100,87,S,-25,16.700000000000003,33.2,52.60000000000001,52.60000000000001,Persistence
ORA,"Ormat Technologies, Inc. Common Stock",Utilities,Utilities - Renewable,United States,その他,93.62999725341797,5.757958144,93.24845501461029,0.12492298108119783,0.060560099538957156,0.1297607194081936,0.2755665999355258,-2.708685626441199,0.45736850092883896,32.036483792414714,-0.08700342091490124,0.3540141616844951,False,23,14,22,85,53,B,0,35.3,28.55,43.95,43.95,Persistence
ORCL,Oracle Corporation Common Stock,Technology,Software - Infrastructure,United States,ソフトウェア,137.10000610351562,414.554226688,4571.997979039459,0.17348734298506943,0.08379751137629576,0.06019537974936942,0.658224089552682,-59.11675126903553,0.5966900851546652,29.47746857676053,-0.036171299914478594,0.5577558473775398,False,47,14,34,10,38,C,0,40.55,15.8,28.800000000000004,40.55,Acceleration
ORI,Old Republic International Corporation Common Stock,Financial Services,Insurance - Property & Casualty,United States,その他,37.7400016784668,9.111678976,52.9101614531517,0.10986928422177948,0.13412601093950208,-0.10209812702575649,,,0.053236981250858094,11.642436869157507,-0.09217360077317295,0.14731237418668447,False,5,14,10,85,53,B,-20,1.8000000000000007,8.55,17.35,17.35,Persistence
OSK,Oshkosh Corporation (Holding Company)Common Stock,Industrials,Farm & Heavy Construction Machinery,United States,その他,132.75,8.277136384,80.6442975,-0.02869471212092971,0.11102827736878618,0.16613136923448443,0.17452961438454084,1.183346065699007,0.10929867757436162,16.825738961095695,-0.11063127469210014,0.24788413207334956,False,12,12,30,85,53,B,-20,7.050000000000001,7.050000000000001,28.35,28.35,Persistence
OTF,Blue Owl Technology Finance Corp. Common Stock,Financial Services,Asset Management,United States,その他,10.3100004196167,4.7238912,21.85029318930626,1.2048944717931307,-0.09810465721546893,3.0,,,0.4273323343081429,22.87823103627312,-0.041067500927131365,0.24300319406044102,False,43,22,10,85,63,B,-30,21.299999999999997,5.549999999999997,9.350000000000001,21.299999999999997,Acceleration
OTIS,Otis Worldwide Corporation Common Stock ,Industrials,Specialty Industrial Machinery,United States,その他,65.94000244140625,25.101336576,301.49549496276853,0.01192062267723161,0.0036596523330283625,0.03829009864815491,0.30282031737232346,0.0048712595685455815,0.79892987890735,32.08702593112591,-0.070500682612797,0.28710065200245405,False,24,12,36,65,53,B,-10,23.049999999999997,14.05,36.65,36.65,Persistence
OVV,Ovintiv Inc. (DE),Energy,Oil & Gas E&P,United States,電力/エネルギー,60.130001068115234,16.631958528,196.74987324495316,,,,,0.0613540197461213,0.3150564001961746,36.31902759766892,-0.0383509477172465,0.10213528487249558,True,2,24,26,65,90,S,0,20.25,36.75,48.55,48.55,Persistence
OWL,Blue Owl Capital Inc. Class A Common Stock,Financial Services,Asset Management,United States,その他,9.319999694824219,14.605897728,188.12764223991394,0.25038957893237296,0.3256042938124564,0.26420397715740856,0.544613609330153,0.2810829534471994,0.309806777265128,11.912227298519142,-0.135030585268756,0.4334590660608709,False,22,17,89,65,16,D,-20,7.850000000000001,4.100000000000001,48.400000000000006,48.400000000000006,Persistence
OXY,Occidental Petroleum Corporation Common Stock,Energy,Oil & Gas E&P,United States,電力/エネルギー,56.86000061035156,56.839380992,485.01409940628054,-0.019346927653390255,-0.04910174468820176,-0.3679095921821259,0.3493261705182235,-0.20691653786707884,0.27737391015133156,39.54329843496854,-0.022505991496321487,0.1336843656774712,True,34,0,25,40,90,S,0,40.5,15.0,41.75,41.75,Persistence
P,"Everpure, Inc. Class A common stock",Technology,Computer Hardware,United States,その他,126.0,41.986633728,925.64136,0.15614059120676835,0.11924697795996002,0.028032994435312413,0.7038120388998382,0.1686750646742751,0.04636349847109456,73.07892892832345,0.3121555606669678,0.0,True,49,26,62,40,10,D,0,43.75,26.5,46.1,46.1,Persistence
PAG,"Penske Automotive Group, Inc. Common Stock",Consumer Cyclical,Auto & Truck Dealerships,United States,その他,209.6199951171875,13.764250624,70.65241935424805,-0.0017668398985714645,0.030672941633108533,0.11151257603865568,0.1640127638838675,-0.237218574108818,0.49559317410798004,24.662961792052172,-0.024319171647853407,0.05563220400944969,True,0,0,17,65,60,B,0,15.75,15.75,37.6,37.6,Persistence
PARR,"Par Pacific Holdings, Inc.  Common Stock",Energy,Oil & Gas Refining & Marketing,United States,電力/エネルギー,77.45999908447266,3.880717056,76.44140009651184,-0.06392999548433204,-0.03128029732912777,0.12430985067165999,0.16216473645783794,3.0,0.32002595933055605,41.01490075398838,-0.022216619756772815,0.10440512200636233,True,18,74,26,85,100,S,0,36.25,78.25,55.55,78.25,Transition
PATH,"UiPath, Inc. Class A Common Stock",Technology,Software - Infrastructure,United States,ソフトウェア,12.460000038146973,6.493596672,718.3932637994003,0.12653882310808692,0.09295512785228947,0.23568437370404344,0.8317467334586718,0.15219766916850433,0.025555485656769,26.50602587625606,-0.13837216761200036,0.35406949472369453,False,50,71,72,85,24,D,0,52.65,68.4,65.65,68.4,Transition
PAY,"Paymentus Holdings, Inc. Class A Common Stock",Technology,Software - Infrastructure,United States,ソフトウェア,30.170000076293945,3.799599104,36.59756774254799,0.37254242926543885,0.41864798450747776,0.2363959026239384,0.24767260032745317,3.0,0.01026224574589937,26.810492646791943,-0.1612081686421576,0.3235425760429135,True,26,32,85,85,34,D,0,35.65,40.15,74.8,74.8,Persistence
PAYC,"Paycom Software, Inc. Common Stock",Technology,Software - Application,United States,ソフトウェア,220.4600067138672,9.936489472,170.17638608253478,0.08947536108751063,0.11188522170396174,0.23160267597440373,0.8316518009455574,0.19875222816399288,0.011883611670417309,34.286519728207765,0.07345127940474626,0.08340261600806308,True,17,12,65,85,75,A,0,33.0,29.25,72.0,72.0,Persistence
PB,"Prosperity Bancshares, Inc. Common Stock",Financial Services,Banks - Regional,United States,その他,67.7699966430664,8.144379392,75.77600519649505,0.04906096397916514,0.07197264747296205,-0.04034385354598969,,0.14489961333528215,0.05069751328697327,13.485007642422673,-0.0581052889986301,0.09178060202036727,False,2,24,30,85,53,B,-20,0.0,16.049999999999997,28.35,28.35,Persistence
PBF,PBF Energy Inc. Class A Common Stock,Energy,Oil & Gas Refining & Marketing,United States,電力/エネルギー,73.69000244140625,8.734980096,294.4191935043335,-0.11423722569325961,-0.13593025925771302,-0.1816238631825976,-0.0194665948459548,-1.2538129496402877,0.2237882011382576,48.883555680426134,0.05020268853956768,0.058876122997137854,True,30,18,10,85,72,A,-10,32.45,23.450000000000003,31.15,32.45,Acceleration
PBI,Pitney Bowes Inc. Common Stock,Industrials,Integrated Freight & Logistics,United States,その他,16.3799991607666,2.245537536,27.78842287625313,-0.06610536475413477,-0.025170220185913392,-0.1626971548800326,0.5409734290238605,1.0219752881665147,0.6693669293087838,28.925594431168307,-0.04685770423303129,0.10996374494733162,True,26,54,28,100,73,A,-10,31.799999999999997,52.8,45.00000000000001,52.8,Transition
PBT,Permian Basin Royalty Trust Common Stock,Energy,Oil & Gas Midstream,United States,電力/エネルギー,33.529998779296875,1.562792832,3.329696528778076,-0.4051790460358992,-0.06813305191197193,-0.46578670731521926,,,,45.37694926511525,0.024390884329361515,0.07144840175702143,True,0,0,0,100,87,S,-5,18.700000000000003,18.700000000000003,37.400000000000006,37.400000000000006,Persistence
PCG,Pacific Gas & Electric Co. Common Stock,Utilities,Utilities - Regulated Electric,United States,電力/エネルギー,12.34000015258789,37.049208832,755.5420531425094,0.02113108644907654,-0.000368429670869494,0.12675276752767528,0.39582915580509326,-0.3157669237360754,0.4331231330899436,22.000007084435836,-0.2293761238324913,0.3505287852945989,False,22,12,6,40,24,D,0,24.9,17.4,18.1,24.9,Acceleration
PCOR,"Procore Technologies, Inc. Common Stock",Technology,Software - Application,United States,ソフトウェア,49.29999923706055,7.491398144,121.84839911434173,0.14830234747001844,0.2123114493531647,0.3190864242442756,0.7952134919308678,0.6980941176470589,0.03234028489570424,24.42749322740292,-0.10229798965371696,0.38065326404386096,False,32,32,92,85,36,C,0,40.35,40.35,79.05,79.05,Persistence
PD,"PagerDuty, Inc. Common Stock",Technology,Software - Application,United States,ソフトウェア,14.380000114440918,1.130985216,25.737971304831504,0.05357658519055656,0.08544250160785143,0.16156184178234217,0.8494719274950969,-0.0528621764716734,0.4172849477292116,59.09091116501576,0.16514609968631583,0.13529760432182514,True,25,57,52,100,70,A,-5,35.75,59.75,62.599999999999994,62.599999999999994,Persistence
PEG,Public Service Enterprise Group Incorporated Common Stock,Utilities,Utilities - Regulated Electric,United States,電力/エネルギー,67.0199966430664,33.397499904,234.42053365821837,0.1825072886297376,-0.08427516240989588,0.1466326530612245,0.3482084155161078,1.020850040096231,0.4203487564262887,17.257613701964004,-0.09111229166718915,0.20912569060698868,False,39,39,26,40,53,B,0,40.55,40.55,34.900000000000006,40.55,Acceleration
PFGC,Performance Food Group Company Common Stock,Consumer Defensive,Food Distribution,United States,その他,91.55000305175781,14.379984896,137.7140920906067,0.07173268413827097,0.08609465831177121,0.017928659131914063,0.1192609025715107,0.4486578610992757,0.41288443480060055,30.134696063669054,-0.11664525355786376,0.21517358033255266,False,5,24,34,65,70,A,-20,0.5,14.75,28.950000000000003,28.950000000000003,Persistence
PFS,"Provident Financial Services, Inc Common Stock",Financial Services,Banks - Regional,United States,その他,22.84000015258789,2.978852608,19.547842530593872,0.2528676732011279,0.4495131268999735,-0.051565180739342346,,0.013294155841100608,0.09701605759003647,30.18019295157137,-0.03755133453833527,0.08776501958243788,True,11,29,45,100,90,S,-20,12.25,25.75,47.75,47.75,Persistence
PFSI,"PennyMac Financial Services, Inc. Common Stock",Financial Services,Mortgage Finance,United States,その他,65.45999908447266,3.399002368,38.14288686653137,0.5528853551652252,0.07629970858577323,0.1392563249084503,0.5925503376050335,0.6261137686601321,0.7846472838580857,16.394868335745485,-0.1239529847244447,0.5850968946871055,False,53,34,35,85,16,D,-40,14.100000000000001,0.0,3.700000000000003,14.100000000000001,Acceleration
PG,Procter & Gamble Company (The) Common Stock,Consumer Defensive,Household & Personal Products,United States,その他,146.22999572753906,339.901841408,1177.4366140983582,0.03260405296378909,0.0029153131284284676,0.024790868960807746,0.5017694641051568,0.078538877812589,0.27683941796223555,49.318603322470985,0.0025335809968304065,0.1122550726076869,True,28,24,46,10,100,S,0,32.5,29.5,47.8,47.8,Persistence
PGR,Progressive Corporation (The) Common Stock,Financial Services,Insurance - Property & Casualty,United States,その他,205.5,119.27220224,534.869235,0.16317375204066734,0.2135850393827618,0.2520015326597697,,0.15949844950788727,0.056055397069221954,29.577902053703696,-0.0403599799279218,0.12359261453251313,False,7,26,85,25,63,B,-20,0.0,9.55,45.60000000000001,45.60000000000001,Persistence
PH,Parker-Hannifin Corporation Common Stock,Industrials,Specialty Industrial Machinery,United States,その他,978.3300170898438,123.379564544,594.4577766342163,0.08307304785894207,-0.004014049172102358,0.045371098872279046,0.37685473742964787,0.16881173301406766,0.2759335427664605,55.821004407895565,-0.008458237222437376,0.08713308254345,True,24,24,30,25,100,S,0,31.75,31.75,42.75,42.75,Persistence
PHIN,PHINIA Inc. Common Stock,Consumer Cyclical,Auto Parts,United States,その他,62.040000915527344,2.273027072,24.37613675971985,0.023508668821627974,-0.027714285714285716,0.04540023894862605,0.21877691645133507,-0.07389162561576355,0.26722556981922974,24.563943333980205,-0.12349089850955043,0.2682806405024678,False,18,12,21,100,24,D,0,30.9,26.4,41.349999999999994,41.349999999999994,Persistence
PHM,"PulteGroup, Inc. Common Stock",Consumer Cyclical,Residential Construction,United States,その他,119.8499984741211,22.829789184,193.9280840309906,-0.03538188940182037,0.11738398306816429,0.003661755726855606,0.26412987604575866,0.11924091486056321,0.1272509515097247,41.96649416866888,-0.04536442229717196,0.15387181321273832,False,2,12,30,65,90,S,0,20.25,27.75,50.75,50.75,Persistence
PII,Polaris Inc. Common Stock,Consumer Cyclical,Recreational Vehicles,United States,その他,53.029998779296875,3.017593856,43.482477799072264,-0.0032611422359729073,-0.1968794770773639,0.04021422750029107,0.19137304250559284,3.0,0.3401720579520608,16.748418451158102,-0.17587557528943432,0.28253438974194456,False,30,25,26,85,24,D,0,37.65,33.9,40.349999999999994,40.349999999999994,Persistence
PINS,"Pinterest, Inc. Class A Common Stock",Communication Services,Internet Content & Information,United States,その他,18.899999618530273,10.586973184,295.09004104402544,0.15786472694880047,0.19347995513033903,0.09009467725027065,0.8006709039129825,0.3318138103890688,0.0477078846611844,39.919358146632,-0.13841835079947423,0.46367767541625826,False,28,14,65,65,33,D,0,34.05,23.55,58.6,58.6,Persistence
PIPR,Piper Sandler Companies Common Stock,Financial Services,Capital Markets,United States,その他,72.33999633789062,5.112288256,48.06956586654663,0.24444983589581637,0.1352363352684939,-0.05370859630206926,,0.8537330776438505,0.04487731838438414,32.56673320696902,-0.03523637503882568,0.21593605599235266,False,48,29,38,85,80,S,-20,36.75,22.5,38.150000000000006,38.150000000000006,Persistence
PJT,PJT Partners Inc. Class A Common Stock,Financial Services,Capital Markets,United States,その他,151.77000427246094,6.46497792,64.2040237574005,0.1476676911042696,0.294832038654783,0.12450158702297892,0.32428511657138387,-0.08948132481256586,0.22455879560558795,7.774156625252331,-0.10022799828953559,0.20341636259391377,False,9,14,66,85,53,B,-20,4.800000000000001,8.55,48.150000000000006,48.150000000000006,Persistence
PKG,Packaging Corporation of America Common Stock,Consumer Cyclical,Packaging & Containers,United States,その他,237.17999267578125,21.132333056,145.003546222229,0.07228656972791145,0.07445145083564031,-0.07968860580325549,0.21020546649906,0.39712368168744006,0.4069647102699175,51.91568473022737,-0.018289215351533016,0.07269907332117838,True,5,12,22,65,87,S,0,22.200000000000003,27.450000000000003,45.75,45.75,Persistence
PL,Planet Labs PBC Class A Common Stock,Industrials,Aerospace & Defense,United States,防衛/宇宙,17.43000030517578,6.341870592,225.2098093931198,0.2593594486642221,0.10718816834016022,0.1539298113523236,0.5605130521533697,1.747535549158161,0.4036708138180968,44.6177820189741,-0.14548769196746814,0.660894945763764,False,57,52,67,85,43,C,0,59.8,56.05,66.7,66.7,Persistence
PLNT,"Planet Fitness, Inc. Common Stock",Consumer Cyclical,Leisure,United States,その他,42.68000030517578,3.237244928,106.03376595817566,0.1205852136073673,0.10298265887320947,0.14363580465684286,0.5193626977126354,0.3492309810817109,0.9349032269498404,22.085883508409893,-0.1694332710325354,0.6188264728063225,False,39,26,58,85,16,D,-20,23.6,13.850000000000001,36.35000000000001,36.35000000000001,Persistence
PM,Philip Morris International Inc Common Stock,Consumer Defensive,Tobacco,United States,その他,190.47999572753906,296.884666368,841.1387083332825,0.07312952109403875,0.076874964462387,0.10742396574523015,0.6711769336744735,-0.010117887310869766,0.705861097058611,66.06058999381634,0.0020864302944737676,0.04840886511488,True,12,12,39,25,67,A,-10,9.45,9.45,31.1,31.1,Persistence
PNC,"PNC Financial Services Group, Inc. (The) Common Stock",Financial Services,Banks - Regional,United States,その他,225.63999938964844,90.017652736,380.5159103707123,0.10899130184054977,-0.03254451624901204,0.01870796627829876,,,0.099553325476139,21.631605724777145,-0.07875118139732779,0.12192085333784301,True,23,14,10,40,63,B,-20,9.55,2.8000000000000007,8.100000000000001,9.55,Acceleration
PNFP,"Pinnacle Financial Partners, Inc. Common stock",Financial Services,Banks - Regional,United States,その他,94.97000122070312,14.351167488,96.04838558456422,0.1775920255682453,0.09966321837169444,0.060350959489580365,,-0.17603193891669794,0.03821146804131622,25.83998159178563,-0.06225546932842478,0.1248438954774104,False,35,14,45,65,53,B,-20,21.299999999999997,5.550000000000001,31.6,31.6,Persistence
PNW,Pinnacle West Capital Corporation Common Stock,Utilities,Utilities - Regulated Electric,United States,電力/エネルギー,91.73999786376953,11.118633984,93.56791732120514,0.041956598304557245,0.09133833518846182,0.08593268175705909,0.41600737386700487,-0.28176241687155523,0.47615286818394187,19.642828521145958,-0.0730960395512653,0.15356895580315372,False,4,12,18,65,53,B,0,18.05,24.05,36.75,36.75,Persistence
POR,Portland General Electric Co Common Stock,Utilities,Utilities - Regulated Electric,United States,電力/エネルギー,46.849998474121094,5.509922816,54.36637797931671,0.03953488372093023,0.17687307560725282,0.10426898375519456,0.479586129753915,0.8551020408163266,0.3743008314436886,39.17223142625955,-0.041945034479872315,0.11623635274827489,False,17,12,34,85,80,S,0,33.5,29.75,55.95,55.95,Persistence
POST,"Post Holdings, Inc. Common Stock",Consumer Defensive,Packaged Foods,United States,その他,73.1500015258789,3.3153472,72.90933802085877,0.02971209309957464,0.13327134887712774,0.1947976483456385,0.2867579460903887,-0.028076463560334528,0.5692321338813163,13.054658372293943,-0.11976489756136757,0.36174852860726703,False,0,0,37,85,36,C,-20,0.0,0.0,28.800000000000004,28.800000000000004,Persistence
PPG,"PPG Industries, Inc. Common Stock",Basic Materials,Specialty Chemicals,United States,その他,107.5199966430664,23.901696,182.7452870944214,0.0018933417481855476,-0.024442802610515946,0.04022031510183169,0.41316535433070867,0.6638054363376252,0.357317404289981,34.27493145272332,-0.03951129252797381,0.16752874041892507,False,31,24,30,65,80,S,0,41.0,35.75,48.75,48.75,Persistence
PPL,PPL Corporation Common Stock,Utilities,Utilities - Regulated Electric,United States,電力/エネルギー,32.029998779296875,24.104009728,214.689234467926,0.0685417159064051,0.018046198267564966,0.051885598582637305,0.42733908427339085,-2.0129032258064514,0.4276810184775882,11.77955430153878,-0.07267188984498528,0.18221696543385693,False,25,12,18,65,53,B,0,33.8,24.05,36.75,36.75,Persistence
PR,Permian Resources Corporation Class A Common Stock,Energy,Oil & Gas E&P,United States,電力/エネルギー,21.360000610351562,17.890220032,223.58965118896484,0.012893507233138176,0.6023407402945247,0.46433831550745686,0.4105420287526028,0.9132592816344464,0.20545768146097196,34.10704270464852,-0.028889634816785453,0.12207148880673274,True,13,12,54,65,90,S,0,28.5,27.75,63.95,63.95,Persistence
PRG,"PROG Holdings, Inc. Common Stock",Industrials,Rental & Leasing Services,United States,その他,32.68000030517578,1.301697792,21.473701400527954,0.00422745209519812,0.02553228415390245,-0.0994962711128459,,1.4953728236911428,0.3738953110019324,10.41918695383626,-0.18574406815872999,0.3101434178463141,False,12,12,26,100,24,D,-5,21.4,21.4,39.099999999999994,39.099999999999994,Persistence
PRI,"Primerica, Inc. Common Stock",Financial Services,Insurance - Life,United States,その他,275.5899963378906,8.481929728,55.4611088130188,0.06557482123682846,0.12393492175934062,0.03426441353010836,,0.05074802487813078,0.12123356418348218,23.357274899350443,-0.08558242814712097,0.1522784995970979,True,2,24,42,85,63,B,-20,0.5500000000000007,17.049999999999997,36.95,36.95,Persistence
PRIM,Primoris Services Corporation Common Stock,Industrials,Engineering & Construction,United States,その他,72.6500015258789,3.910918656,90.87933990875244,0.18974995288056795,0.11399226637271884,0.292879087200626,0.10734135104093784,-0.10817181770560502,0.21573120377512592,44.38840255108471,-0.08390495684678087,0.6416823278563571,False,23,14,62,85,55,B,0,35.5,28.75,66.35,66.35,Persistence
PRK,Park National Corporation Common Stock,Financial Services,Banks - Regional,United States,その他,181.67999267578125,3.281896448,20.460800775146485,0.07027373815565292,0.1177892718578971,-0.03570851811823749,,0.1313293843750921,0.001740232266902655,19.002282663140818,-0.06819188820710559,0.1405999743332973,True,2,24,30,85,63,B,-20,0.5500000000000007,17.049999999999997,30.35,30.35,Persistence
PRLB,"Proto Labs, Inc. Common stock",Industrials,Metal Fabrication,United States,その他,96.25,2.302482432,21.26884375,0.06435944019645032,-0.005928034024176535,0.031693413977944215,0.4448039585314569,-0.1310515584037285,0.003991276042519468,77.93284063176313,0.16289747066555432,0.0,True,22,12,29,100,10,D,0,32.5,25.0,42.95,42.95,Persistence
PRM,"Perimeter Solutions, SA Common Stock",Basic Materials,Specialty Chemicals,United States,その他,29.110000610351562,4.764926464,33.23590654685974,0.16381326564082085,0.7415525227563426,-0.10650892498023606,0.5746237336527474,0.1184505111161249,0.26652473966333295,35.76799263939574,-0.10100489999624752,0.22948645974272502,False,15,14,42,85,70,A,0,31.0,30.25,58.35,58.35,Persistence
PRMB,Primo Brands Corporation Class A Common Stock,Consumer Defensive,Beverages - Non-Alcoholic,United States,その他,19.5,7.057902592,92.38281,0.29335274138767586,0.09657990508012855,0.058003647744928055,0.30315126050420166,-0.09893733968486625,0.5399705738106915,23.628701321381683,-0.132813477784439,0.22797400506547819,False,43,40,41,85,41,C,-20,29.1,26.85,32.0,32.0,Persistence
PRSU,"Pursuit Attractions and Hospitality, Inc. Common Stock",Consumer Cyclical,Travel Services,United States,その他,49.279998779296875,1.3435776,11.86144930618286,0.23446606710178777,0.04625661960974635,0.1702419093499751,0.9234710455177414,3.0,0.20221249708677524,60.696502305584715,0.0008082539028378505,0.11952835975518328,True,60,31,72,100,80,S,-5,63.0,41.25,75.6,75.6,Persistence
PRU,"Prudential Financial, Inc. Common Stock",Financial Services,Insurance - Life,United States,その他,119.44999694824219,41.210249216,187.77599245262147,-0.13736116024053768,0.30240486501428177,-0.047748569824167336,,,0.029671465867087136,40.18335020658809,-0.0028378152224585364,0.03437232520477236,True,0,12,10,40,87,S,-20,0.0,3.700000000000003,12.900000000000006,12.900000000000006,Persistence
PSN,Parsons Corporation Common Stock,Technology,Information Technology Services,United States,その他,43.06999969482422,4.600108032,50.980020488777164,-0.057229338651990584,0.24028795007816822,0.2973530679298029,0.22493382954301727,-0.13486919073426462,0.2396125926287981,25.462454090815513,-0.10869493688505266,0.5176391616842907,False,0,12,40,85,28,D,0,15.55,24.55,48.85,48.85,Persistence
PSX,Phillips 66 Common Stock,Energy,Oil & Gas Refining & Marketing,United States,電力/エネルギー,255.75,102.049603584,871.8287325,-0.07528308872325414,-0.028806165577785467,-0.1328960527089829,0.09844684837130598,0.1702401372212693,0.26758957654723126,50.69415691085249,0.0870158692729225,0.06732063757823462,True,2,24,26,25,72,A,0,12.45,28.95,34.95,34.95,Persistence
PUMP,ProPetro Holding Corp. Common Stock,Energy,Oil & Gas Equipment & Services,United States,電力/エネルギー,9.59000015258789,1.177881472,36.59759833230972,-0.12125576236285611,-0.11415181191843224,0.27404682812625764,0.09934696862014028,-0.5956088501580385,0.16517673852923176,26.73267163128118,-0.14879640433021502,0.47307693678145624,False,0,35,25,100,16,D,-5,11.600000000000001,37.85,36.95,37.85,Transition
PVH,PVH Corp. Common Stock,Consumer Cyclical,Apparel Manufacturing,United States,その他,75.98999786376953,3.506013696,83.73793804595947,0.03435842318760184,-0.06127341961660718,0.02144234391968263,0.5752497150901655,-0.07523187907935418,0.3680249978597723,54.74827149291248,-0.030327172370624874,0.23024612405047834,False,26,0,29,85,90,S,0,41.25,21.75,55.2,55.2,Persistence
PWR,"Quanta Services, Inc. Common Stock",Industrials,Engineering & Construction,United States,その他,649.1300048828125,97.592410112,556.4245032354736,0.20305595515865363,0.13363477977374613,0.22304818060639092,0.1501097782044521,0.09728268154609178,0.2575111121916038,57.68848036842775,0.012009475434765507,0.17320924386517506,True,29,29,63,40,100,S,0,37.75,37.75,64.65,64.65,Persistence
Q,"Qnity Electronics, Inc. Common Stock",Technology,Semiconductor Equipment & Materials,United States,半導体,124.69000244140625,26.102505472,213.81841618652345,0.09665513264129182,0.07434944237918216,-0.15141955835962145,0.4617164493058477,0.14750290360046459,0.2862117981520967,55.665949072385786,-0.03001772285025305,0.28960941437801996,True,40,12,34,65,83,S,0,48.05,27.05,51.550000000000004,51.550000000000004,Persistence
QSR,Restaurant Brands International Inc. Common Shares,Consumer Cyclical,Restaurants,United States,その他,71.63999938964844,32.819070976,251.18953885993957,0.12229359980965977,0.19709484477356878,0.07947732513451192,0.3384566461734153,0.11290322580645161,0.6130782744485653,23.068449261941225,-0.04631132296180521,0.11387701912695446,False,11,14,44,40,63,B,-30,0.0,0.0,16.800000000000004,16.800000000000004,Persistence
QTWO,"Q2 Holdings, Inc. Common Stock",Technology,Software - Application,United States,ソフトウェア,56.130001068115234,3.49996928,34.41751340494156,0.14120614992303981,0.11501319193626885,0.10421391864204231,0.5406116438037315,0.6245127436281859,0.271744300022644,27.71173696838676,-0.07833116633436571,0.2564577737913261,True,62,63,64,85,46,C,0,63.85,64.6,65.65,65.65,Persistence
QXO,"QXO, Inc. Common Stock",Industrials,Industrial Distribution,United States,その他,12.430000305175781,12.896009216,219.3995115365982,3.0,0.04371113597593411,0.21188541779759226,0.2298529712665517,1.1629279811097992,0.2463917720443373,40.49586728006576,-0.08291399623070883,0.5408200795971049,False,65,52,50,65,55,B,0,64.0,54.25,54.75,64.0,Acceleration
R,"Ryder System, Inc. Common Stock",Industrials,Rental & Leasing Services,United States,その他,235.57000732421875,9.033371648,57.35422968322754,-0.0016525023607176581,0.0608564988730278,-0.038680683733247734,0.20320012611334437,2.098086124401914,0.5296881674498077,19.71761505861538,-0.06674924241453555,0.15628663981718716,True,12,37,22,85,63,B,0,28.05,46.8,45.95,46.8,Transition
RAL,Ralliant Corporation Common Stock,Technology,Electronic Components,United States,半導体,70.02999877929688,7.748119552,103.89895723892212,-0.039866338701443356,-0.0004638864405993413,0.03158348088242331,0.5028518948182521,-0.14707282246549264,0.32002302700439605,70.7393511714303,0.045322514137526124,0.048143116406987,True,8,0,29,85,52,B,0,23.95,17.95,47.6,47.6,Persistence
RAMP,"LiveRamp Holdings, Inc. Common Stock",Technology,Software - Infrastructure,United States,ソフトウェア,37.5,2.27981184,48.2428125,0.09034577107755036,0.13024720272988702,0.10573214456328793,0.70709154427141,0.08371978707853904,0.022844634080191505,38.31775367744052,-0.005995831848016594,0.01341747813875282,True,20,61,62,100,65,A,0,36.5,67.25,72.1,72.1,Persistence
RBA,"RB Global, Inc. Common Stock",Industrials,Specialty Business Services,United States,その他,82.48999786376953,15.367886848,143.5940513313675,0.07154194482050324,0.1643113381889336,1.1222747721767217,0.4637201298276951,-0.07998778812395055,0.34493123610310467,46.037724332989384,-0.10423334568204022,0.3028381987493536,False,8,12,49,65,63,B,0,22.05,25.05,55.800000000000004,55.800000000000004,Persistence
RBC,RBC Bearings Incorporated Common Stock,Industrials,Tools & Accessories,United States,その他,506.1000061035156,16.022744064,161.2890109451294,0.14337224225386544,0.04870858168300968,0.06193425440686041,0.4437436527874285,0.4052502050861362,0.19353075526577782,59.25769326560518,-0.04363054378820055,0.22005271359012074,False,32,26,46,65,90,S,0,42.75,38.25,59.55,59.55,Persistence
RBLX,Roblox Corporation Class A Common Stock,Communication Services,Electronic Gaming & Multimedia,United States,その他,46.439998626708984,33.175617536,511.2960256803131,0.3577400090339227,0.2867547085422863,0.2580712720421815,0.7807406568298746,1.1095898955247154,0.18862422751293853,57.42761580150104,0.07303770359916555,0.6719412303783998,False,74,27,100,40,50,B,0,66.5,31.25,75.0,75.0,Persistence
RBRK,"Rubrik, Inc. Class A Common Stock",Technology,Software - Infrastructure,United States,ソフトウェア,109.55000305175781,22.548518912,407.12341509132386,0.48463133245501633,0.4119370847215763,0.04680245207304203,0.8010341964046251,3.0,0.4133074718709607,67.05327074258133,0.18765234959789898,0.05208961373161629,True,81,68,64,65,37,C,0,74.2,64.45,58.85,74.2,Acceleration
RCL,Royal Caribbean Cruises Ltd. Common Stock,Consumer Cyclical,Travel Services,United States,その他,242.6999969482422,64.910618624,705.571363628006,0.08789808917197452,0.18597122302158273,0.5723981900452488,0.4935318389650942,-0.3810716074111167,0.5294456858646291,34.15741984023387,-0.14202809648182443,0.2911085067137859,False,11,12,52,40,41,C,0,18.35,19.1,46.800000000000004,46.800000000000004,Persistence
RDDT,"Reddit, Inc. Class A Common Stock",Communication Services,Internet Content & Information,United States,その他,149.83999633789062,28.82869248,710.9743002236938,0.6939682588514888,0.6171120693407824,0.20598139195831414,0.9118204445300035,2.1700908164210917,0.007166644078596605,45.70151665078984,-0.06064438094625439,0.4213107767491713,False,85,87,90,65,55,B,0,79.0,80.5,76.75,80.5,Transition
RDN,Radian Group Inc. Common Stock,Financial Services,Insurance - Specialty,United States,その他,33.02000045776367,4.368589824,38.710667336654666,-0.007639067925945392,0.02463004394794199,-0.011273794307002618,,1.1738834973351275,0.13927354203445116,18.941947528971554,-0.09999784190670244,0.1626357525331831,False,12,25,30,85,53,B,-20,7.050000000000001,16.799999999999997,28.35,28.35,Persistence
RDW,Redwire Corporation Common Stock,Industrials,Aerospace & Defense,United States,防衛/宇宙,11.619999885559082,2.904914176,148.04425994196893,0.10286056277355221,0.24733798195242002,0.5185395113018455,0.051538399611188467,-6.09775686385508,0.08542946595111435,59.8911080518148,0.06488268764572801,0.5513513491619706,True,5,2,47,100,60,B,-10,14.75,12.5,52.85,52.85,Persistence
RES,"RPC, Inc. Common Stock",Energy,Oil & Gas Equipment & Services,United States,電力/エネルギー,5.840000152587891,1.294476928,11.511253500766754,0.14951742015365382,-0.12517975559421665,0.009809197621119741,0.14293364056546123,-0.5911815597577555,0.0527014372933529,26.760570001705872,-0.035822713009097715,0.26064224816922843,False,23,2,25,100,46,C,-5,31.85,16.1,42.95,42.95,Persistence
REX,REX American Resources Corporation,Basic Materials,Chemicals,United States,その他,42.84000015258789,1.421244416,10.052191835803985,0.012445310517968345,-0.22905767329346377,-0.02528187134502924,0.14405514637494676,3.0,0.026661869728016086,60.32934294164373,-0.011851317981175172,0.16262704690459612,True,30,37,30,100,80,S,-5,40.5,45.75,52.5,52.5,Persistence
REZI,"Resideo Technologies, Inc. Common Stock ",Industrials,Industrial Distribution,United States,その他,18.270000457763672,2.77425152,39.810787747478486,0.10516195829019376,0.08314642742710669,-0.020094191522762952,0.29389721627408993,-4.4423076923076925,0.3823076010909522,28.981718816685685,-0.1507661663497016,0.4100226783068014,False,35,2,6,100,16,D,-10,32.85,8.100000000000001,21.5,32.85,Acceleration
RF,Regions Financial Corporation Common Stock,Financial Services,Banks - Regional,United States,その他,27.6200008392334,23.530295296,226.56714308423997,0.0625441197232811,-0.06507391763463569,0.05736217725052338,,0.48140495867768596,0.030752956288488422,16.346161781683776,-0.08438601287962927,0.13888512271963407,False,23,24,30,65,53,B,-20,12.299999999999997,13.049999999999997,23.35,23.35,Persistence
RGA,"Reinsurance Group of America, Incorporated Common Stock",Financial Services,Insurance - Reinsurance,United States,その他,248.64999389648438,16.237258752,80.13740653289796,0.0742051072708305,0.19846705805609915,0.15843828715365238,,,0.0364646529152564,39.67825621550493,0.020291741149524974,0.028369386353535243,True,0,12,30,65,65,A,-20,0.0,5.25,25.75,25.75,Persistence
RH,RH Common Stock,Consumer Cyclical,Specialty Retail,United States,その他,124.16999816894531,2.350930432,105.69226074142456,0.08135903668093687,0.050056352888588986,-0.1563444077207569,0.44068647631540997,2.166608171535801,0.8208345827189802,21.817298839161595,-0.2130201344297841,0.4668527203820607,False,46,37,24,100,16,D,-20,31.1,24.35,21.400000000000006,31.1,Acceleration
RHI,Robert Half Inc. Common Stock,Industrials,Staffing & Employment Services,United States,その他,36.88999938964844,3.773610496,69.239393204422,-0.07200530311670256,-0.09334038532865849,-0.1168290149599165,0.3722805180472049,-0.24662079169619738,0.08596438159337542,26.926204072843646,-0.08793241909111173,0.18636966772169605,True,34,0,29,85,63,B,0,44.55,19.05,49.800000000000004,49.800000000000004,Persistence
RJF,"Raymond James Financial, Inc. Common Stock",Financial Services,Asset Management,United States,その他,159.8699951171875,30.752866304,225.68447535705567,0.0951815808212675,0.10211021974189048,0.05686111879089485,,0.1517948717948718,0.047829536438852994,12.469431115626719,-0.07767026709055415,0.11761782989321373,False,2,24,42,40,53,B,-20,0.0,9.3,23.700000000000003,23.700000000000003,Persistence
RKT,"Rocket Companies, Inc. Class A Common Stock",Financial Services,Mortgage Finance,United States,その他,12.170000076293945,34.461089792,404.07661813316344,0.2686536901865369,0.35271530444322546,-0.3586515287787976,,-0.32945285215366704,0.25642250968114033,25.06594573212911,-0.10302332696886451,0.4808020563561293,False,9,5,6,40,28,D,-30,0.0,0.0,0.0,0.0,Acceleration
RL,Ralph Lauren Corporation Common Stock,Consumer Cyclical,Apparel Manufacturing,United States,その他,357.1000061035156,21.276817408,261.1704459638977,0.14627772284220936,0.0674970594444612,0.029145198336333725,0.6986505638055333,-0.3081754833644126,0.38883648814522903,54.42100445546684,-0.019186286953661907,0.1333900386297117,False,50,14,45,65,90,S,0,56.25,29.25,59.0,59.0,Persistence
RLI,RLI Corp. Common Stock (DE),Financial Services,Insurance - Property & Casualty,United States,その他,55.689998626708984,5.110838272,35.886078215065005,0.06329926162911549,0.1708935352918067,-0.10953997427549718,,0.09574822370114616,0.016229851045673073,11.481086175702728,-0.10331264516888826,0.161718638836039,False,2,24,30,85,53,B,-20,0.0,16.049999999999997,28.35,28.35,Persistence
RNG,"RingCentral, Inc. Class A Common Stock",Technology,Software - Application,United States,ソフトウェア,76.16000366210938,6.359829504,122.6831034991455,0.04780338235998659,0.08988530390764016,0.10767779996278284,0.7124484422748298,0.3248435813377044,0.870401733430985,55.353700802634876,0.1858493044708614,0.04585312010408551,True,20,54,44,85,57,B,-20,13.450000000000003,38.95,36.85,38.95,Transition
RNST,Renasant Corporation Common Stock,Financial Services,Banks - Regional,United States,その他,40.349998474121094,3.688169984,28.254481181526184,0.48818403172461056,0.04854364321870518,0.0019522608004745056,,1.562800474291258,0.03924112307134581,38.19846201196313,-0.034748663034397664,0.08379640801757723,True,56,20,57,85,90,S,-20,43.75,16.75,50.599999999999994,50.599999999999994,Persistence
ROG,Rogers Corporation Common Stock,Technology,Electronic Components,United States,半導体,137.75999450683594,2.458814208,30.142575598068237,-0.023250210817973738,-0.08619550858652576,-0.06466227347611203,0.31672422298963987,0.0014084507042253522,0.015245821386110917,64.19189048523367,0.053947441104893974,0.17553415808175218,True,24,12,34,100,65,A,0,39.5,30.5,56.7,56.7,Persistence
ROK,"Rockwell Automation, Inc. Common Stock",Industrials,Specialty Industrial Machinery,United States,ロボティクス,434.1499938964844,48.211779584,312.746460353241,0.009438528557599225,-0.08765731949657761,0.16720787588268646,0.48141932390314074,1.1251956181533647,0.3250735359657724,50.27463330869907,-0.01193840920991165,0.12036972571876445,True,41,12,34,40,100,S,0,46.75,25.0,48.7,48.7,Persistence
ROL,"Rollins, Inc. Common Stock",Consumer Cyclical,Personal Services,United States,その他,30.030000686645508,14.448796672,198.11392052993776,0.10987727476076428,0.10263633813797515,0.14001475616166195,0.5275239627231757,0.12056936876056965,0.330519789219821,15.256279071987933,-0.17752335124900145,0.5370256962359872,False,33,26,64,65,16,D,0,36.1,30.85,54.650000000000006,54.650000000000006,Persistence
RPM,RPM International Inc. Common Stock,Basic Materials,Specialty Chemicals,United States,その他,100.44000244140625,12.820463616,157.0620494177246,0.06656743496634315,0.005094149818745768,0.010868040329562232,0.41435204672978254,0.2544142236094081,0.34451085461804365,34.934767744571744,-0.05688721502058563,0.15544271302280224,False,27,12,42,65,70,A,0,37.0,25.75,53.35,53.35,Persistence
RRC,Range Resources Corporation Common Stock,Energy,Oil & Gas E&P,United States,電力/エネルギー,38.61000061035156,9.02236672,101.2414061504364,0.2732398255058379,-0.07646545173505724,-0.5233022089460854,0.37034546965963044,0.6761508539227618,0.18494160832169668,31.199588752789936,-0.03156630848372129,0.18563422920932887,False,62,51,34,85,80,S,0,67.25,59.0,55.95,67.25,Acceleration
RRX,Regal Rexnord Corporation Common Stock,Industrials,Specialty Industrial Machinery,United States,その他,156.17999267578125,10.40031744,194.83688356292726,-0.016457290596307468,-0.034700113587278224,0.19793403476494376,0.3737130339539978,0.7865573114622925,0.35494576539041733,41.54856081844679,-0.10557925833863377,0.34430500409352455,False,31,24,30,65,63,B,0,39.3,34.05,45.35,45.35,Persistence
RS,"Reliance, Inc. Common Stock",Basic Materials,Steel,United States,その他,387.2799987792969,19.771805696,118.54834402633666,0.03319840983014095,-0.06557520988254682,-0.13034361233480177,0.28735230126693856,-0.497097678142514,0.16769012753897025,38.86550229690864,-0.03047031119122782,0.09518244773627542,True,30,0,25,65,90,S,0,41.25,18.75,48.0,48.0,Persistence
RSG,"Republic Services, Inc. Common Stock",Industrials,Waste Management,United States,その他,212.10000610351562,64.947777536,359.8520518553162,0.03486776447105788,0.07129969929836284,0.1076160165790837,0.4195648243023326,0.15761653051417587,0.40173427224582436,25.698580576255154,-0.02526854267180963,0.08157124011199131,False,6,24,38,40,63,B,0,16.8,30.3,43.5,43.5,Persistence
RSI,"Rush Street Interactive, Inc. Class A Common Stock",Consumer Cyclical,Gambling,United States,その他,19.8700008392334,4.601380864,72.61233496686935,0.22762565700267184,0.33700107500278514,0.16708374703653422,0.34622206080950046,0.7091518117964764,0.009311903199941686,8.926415677349269,-0.24955997672034527,0.4243916403319582,False,25,36,89,85,16,D,0,33.1,41.35,73.4,73.4,Persistence
RSKD,Riskified Ltd. Class A Ordinary Shares,Technology,Software - Application,United States,ソフトウェア,7.78000020980835,1.027253632,18.541024200007914,0.05227836197315551,0.10048721481133026,0.1391901151018002,0.5166928777441837,-0.15335774085358048,0.06094439207834942,70.55016366009748,0.3054567834518719,0.016434847043175525,True,11,25,45,100,10,D,-5,19.25,29.75,46.75,46.75,Persistence
RTX,RTX Corporation Common Stock,Industrials,Aerospace & Defense,United States,防衛/宇宙,189.39999389648438,255.265374208,737.8985882208252,0.09741385716762863,0.17147417295414974,0.02752184154814086,0.20077198288996986,0.8985470303339281,0.23092255624594485,22.996658112379748,-0.08660885665948728,0.16005149105277658,False,12,24,42,25,53,B,0,18.05,27.05,39.95,39.95,Persistence
RVLV,"Revolve Group, Inc. Class A Common Stock",Consumer Cyclical,Internet Retail,United States,その他,21.200000762939453,1.516977536,18.85803667865753,0.08475977311487365,0.05725733331212414,-0.029686331050211727,0.5350360044448723,1.280615881765908,0.04242478114407693,48.95978032414358,-0.08587588763456183,0.3259141415372732,False,50,24,38,100,63,B,-5,53.8,34.3,53.50000000000001,53.8,Acceleration
RVT,"Royce Small-Cap Trust, Inc. Common Stock",Financial Services,Asset Management,United States,その他,17.270000457763672,2.145775488,3.128115182914734,3.0,-0.8674107337109764,1.1613129676578728,,,,30.458974772515617,-0.03870684367933424,0.07545025887932709,True,43,22,8,100,77,A,-20,34.95,19.200000000000003,24.799999999999997,34.95,Acceleration
RXO,"RXO, Inc. Common Stock",Industrials,Trucking,United States,その他,19.790000915527344,3.263888128,34.29983168678284,0.261978021978022,0.1586452762923351,-0.1811926605504587,0.14367816091954022,0.8596491228070176,0.20445529447665547,39.41608278348229,-0.09859433464411714,0.3245733300055632,True,48,35,10,85,63,B,0,55.05,45.3,39.35,55.05,Acceleration
RYAN,"Ryan Specialty Holdings, Inc. Class A Common Stock",Financial Services,Insurance Brokers,United States,その他,37.88999938964844,9.710030848,81.02132239486694,0.2128289826728836,0.21090284753813268,0.20424149645865708,,0.23050781525519004,0.3342169489683573,34.81873131367611,-0.09247940833592365,0.344081380473684,False,44,17,81,85,53,B,-20,31.049999999999997,10.8,56.400000000000006,56.400000000000006,Persistence
RYZ,Ryerson Holding Corporation Common Stock,Industrials,Metal Fabrication,United States,その他,23.850000381469727,1.237782912,10.928666424798966,-0.0059582055798377805,-0.09982970227259381,-0.19212157631728763,0.17111106249863278,-0.6628679962013295,0.3392107123549715,26.254853977481517,-0.1005687449600942,0.22585306630874077,False,30,0,21,100,53,B,-5,37.8,15.3,42.15,42.15,Persistence
S,"SentinelOne, Inc. Class A Common Stock",Technology,Software - Infrastructure,United States,ソフトウェア,22.3799991607666,7.789339136,213.08914780931474,0.21889901042167553,0.3224755857645608,0.4713048256782076,0.741153805436652,3.0,0.0061527368420189145,63.98210505609611,0.06631342218026677,0.0713693441277129,True,39,31,97,85,52,B,0,47.2,41.2,85.0,85.0,Persistence
SAH,"Sonic Automotive, Inc. Common Stock",Consumer Cyclical,Auto & Truck Dealerships,United States,その他,64.94999694824219,2.053381248,20.276739547271728,0.06533186167333366,-0.01030447246110601,0.026519344908614323,0.15724976243268926,3.0,0.7081414239536403,21.19579811354214,-0.20283665940811169,0.4203715844524077,False,30,25,20,100,16,D,-10,29.1,25.35,29.200000000000003,29.200000000000003,Persistence
SAM,"Boston Beer Company, Inc. (The) Common Stock",Consumer Defensive,Beverages - Brewers,United States,その他,163.77000427246094,1.705409408,43.43671823318481,-0.023812102382303173,0.002141265791275126,-0.039088968557177944,0.4847750171247342,0.24899342467340613,0.0317301932397505,41.50560601286208,-0.08081856789089499,0.3702364469909467,False,13,24,38,100,63,B,-25,6.050000000000001,14.299999999999997,33.50000000000001,33.50000000000001,Persistence
SARO,"StandardAero, Inc. Common Stock",Industrials,Aerospace & Defense,United States,防衛/宇宙,22.739999771118164,7.525107712,86.95957832473755,0.1575953078394955,0.14767369289310067,0.09945986944154384,0.14803316710413653,3.0,0.37351296113664373,29.824568578650045,-0.1280674896126181,0.31340578186956797,False,47,39,46,85,24,D,0,50.4,44.4,51.349999999999994,51.349999999999994,Persistence
SBH,"Sally Beauty Holdings, Inc. (Name to be changed from Sally Holdings, Inc.) Common Stock",Consumer Cyclical,Specialty Retail,United States,その他,17.18000030517578,1.608430976,21.55660538291931,-0.00419878123157972,-0.0029773631881497725,-0.022915085970229836,0.5162197035519303,0.18796392479516796,0.5443795679419985,56.28271702333757,0.06905952392963942,0.0,True,10,24,30,100,60,B,-5,23.5,34.0,48.5,48.5,Persistence
SBR,Sabine Royalty Trust Common Stock,Energy,Oil & Gas Midstream,United States,電力/エネルギー,71.79000091552734,1.0466512,1.748804422302246,-0.06670472181531319,-0.11226935298830762,-0.2603378221620821,,,,34.9459335485798,-0.013906867168581962,0.07001094679281504,True,30,0,0,100,77,A,-5,40.2,17.7,35.4,40.2,Acceleration
SCCO,Southern Copper Corporation Common Stock,Basic Materials,Copper,United States,その他,203.9199981689453,172.17855488,222.32377800369264,0.17375408889744084,0.1553790496978516,-0.0151374914161168,0.535946348733234,0.009545133160499647,0.3467265941425725,54.532682019822495,0.04856984149784592,0.07182521164538018,True,48,33,42,25,87,S,0,48.45,37.2,46.75,48.45,Acceleration
SCHW,Charles Schwab Corporation (The) Common Stock,Financial Services,Capital Markets,United States,その他,99.02999877929688,171.256102912,855.9133085494996,0.22008568805467715,0.040823910389127784,-0.09271746459878624,,3.0,0.06303730180551737,20.551094371024078,-0.0703738909276963,0.1286405855723016,True,51,29,30,25,63,B,-20,28.299999999999997,11.8,15.350000000000001,28.299999999999997,Acceleration
SCI,Service Corporation International Common Stock,Consumer Cyclical,Personal Services,United States,その他,77.83999633789062,10.608935936,70.47321908447266,0.029346363528003558,0.02112333887347071,-0.0021620182341643666,0.26456534966539297,-0.029773147799661445,0.27965202198803163,31.562735487640694,-0.04715904877038953,0.10459428579051339,False,30,12,21,65,80,S,0,40.25,26.75,43.8,43.8,Persistence
SCL,Stepan Company Common Stock,Basic Materials,Specialty Chemicals,United States,その他,64.52999877929688,1.466930816,9.88793171295166,0.06964262289969059,-0.06255740039419237,-0.16136257919351524,0.11572676121321684,-0.354125824273748,0.2867410724510562,55.577894225121646,0.03646660909447431,0.01917997317554387,True,30,0,21,100,75,A,-5,40.0,17.5,46.55,46.55,Persistence
SEB,Seaboard Corporation Common Stock,Industrials,Conglomerates,United States,その他,3969.179931640625,3.801660672,53.107627485351564,0.07098901098901099,-0.048316251830161056,-0.14951525393578227,0.07110609480812641,-0.25,0.22107688576279408,20.174332333544143,-0.07661025782970027,0.33323535546689836,False,30,12,25,85,36,C,0,38.85,25.35,42.2,42.2,Persistence
SEI,"Solaris Energy Infrastructure, Inc. Class A Common Stock",Energy,Oil & Gas Equipment & Services,United States,電力/エネルギー,70.97000122070312,7.1414528,196.66319613265992,0.987297622735882,0.06876329165343902,-0.08455492882923704,0.3232471613053576,-2.3912918823420015,0.5034491994329725,68.40456442587917,0.2067874865201481,0.14201688539340143,True,62,36,14,85,50,B,0,64.25,44.75,38.95,64.25,Acceleration
SF,Stifel Financial Corporation Common Stock,Financial Services,Capital Markets,United States,その他,70.3499984741211,10.62297088,90.32165954093934,0.11330765968883934,0.1437787255861651,-0.00994234239805505,,1.5319657553480268,0.03703205817616928,6.210645896136967,-0.12054449580760335,0.1969799164750394,False,17,14,30,65,41,C,-20,6.600000000000001,4.350000000000001,20.950000000000003,20.950000000000003,Persistence
SFBS,"ServisFirst Bancshares, Inc. Common Stock",Financial Services,Banks - Regional,United States,その他,41.310001373291016,4.5170432,28.723670154876707,0.16357378531830438,0.11992534706347141,-0.1331845646381689,,0.406800687963459,0.0019602655581623485,31.872528427829337,-0.0479701899212423,0.09734509069752321,True,40,26,30,85,90,S,-20,31.75,21.25,35.75,35.75,Persistence
SGI,Somnigroup International Inc. Common Stock,Consumer Cyclical,"Furnishings, Fixtures & Appliances",United States,その他,63.95000076293945,13.452872704,242.2828913904953,0.5162546391125352,0.0011166605757907987,0.000853450377956596,0.42576071691299405,0.11243851018973998,0.5754049324609721,33.200915959602355,-0.03667447563232499,0.34269691380877215,False,54,22,53,65,63,B,0,56.55,32.55,58.00000000000001,58.00000000000001,Persistence
SHAK,"Shake Shack, Inc. Class A Common Stock",Consumer Cyclical,Restaurants,United States,その他,55.54999923706055,2.379702784,74.0087084835434,0.15383743357858165,0.1517884974524911,0.2077178323705199,0.47595388104664343,0.5847543190486875,0.4757524091489915,22.222222222222214,-0.150850536421598,0.46938582537381046,False,40,26,75,100,16,D,-20,26.6,16.1,49.45,49.45,Persistence
SHW,Sherwin-Williams Company (The) Common Stock,Basic Materials,Specialty Chemicals,United States,その他,329.1000061035156,79.891709952,565.9022699952698,0.02059874017793363,0.0020215253406443722,0.040769519028033,0.48847685827362847,0.2740015360983103,0.4996814880876545,45.51295913008557,-0.02674953996099551,0.11044763733808115,False,31,12,42,40,90,S,0,38.25,24.0,51.1,51.1,Persistence
SITE,"SiteOne Landscape Supply, Inc. Common Stock",Industrials,Industrial Distribution,United States,その他,91.30999755859375,4.045784064,94.2100030810547,0.03616262167995419,0.05565888589230912,0.0714161165774069,0.3475599387859208,0.028499580888516344,0.3043856379674494,29.71553217433346,-0.05656285699477617,0.440673828125,False,6,24,42,85,28,D,0,20.05,33.55,49.95,49.95,Persistence
SJM,The J.M. Smucker Company Common Stock,Consumer Defensive,Packaged Foods,United States,その他,121.0,12.925604864,163.60773,0.037221668328348285,0.06692995219289129,-0.041094123716175025,0.3352705255830912,0.41587068332108745,0.4370691887492756,33.6129134512492,-0.005640575540770651,0.08568835311841277,True,9,30,26,65,90,S,-20,5.5,21.25,28.549999999999997,28.549999999999997,Persistence
SKY,"Champion Homes, Inc. Common Stock",Consumer Cyclical,Residential Construction,United States,その他,87.72000122070312,4.761453568,46.83019985168457,0.07255678395521066,0.22650127937108577,-0.22318189491130072,0.26441984067660823,0.41730723761986077,0.05555967358902881,49.89929280228774,0.009382720995128596,0.09993841530131216,True,5,24,30,85,100,S,0,26.5,40.75,57.75,57.75,Persistence
SLB,SLB Limited Common Shares,Energy,Oil & Gas Equipment & Services,United States,電力/エネルギー,51.540000915527344,76.492742656,748.7393746001816,-0.01601036126649949,0.09518635883506865,0.1795592894521377,0.18222807214069675,0.01564945226917058,0.2120726106291463,20.298540661039127,-0.01804698537750956,0.1379795832833818,True,2,12,30,40,73,A,0,14.8,22.3,41.1,41.1,Persistence
SLGN,Silgan Holdings Inc. Common Stock,Consumer Cyclical,Packaging & Containers,United States,その他,35.90999984741211,3.79504128,48.11886114553452,0.10734497823455846,-0.022295662890632503,-0.06602106621244111,0.17729362475062338,-0.07915275318185877,0.46257418392494776,19.25321878860042,-0.12860507319250442,0.253905416870919,False,35,14,17,85,24,D,0,41.4,25.65,35.400000000000006,41.4,Acceleration
SLVM,Sylvamo Corporation Common Stock,Basic Materials,Paper & Paper Products,United States,その他,35.959999084472656,1.429778304,10.105119342727662,-0.11184733633713226,0.013974737973662993,0.025633958103638367,0.21933751119068934,-0.8225806451612904,0.3087224031849439,49.92906289432049,-0.030163129585961967,0.32823578104587925,False,0,0,21,100,73,A,-5,17.3,17.3,46.15,46.15,Persistence
SM,SM Energy Company Common Stock,Energy,Oil & Gas E&P,United States,電力/エネルギー,33.90999984741211,8.065631232,144.66718044902802,0.17484088356420815,0.12986463620981387,-0.2934649090560225,0.3333333333333333,1.3302696078431373,0.2934183508051443,41.42373738758287,-0.015928258454354933,0.17873579327870498,True,51,27,30,85,100,S,0,61.0,43.0,57.75,61.0,Acceleration
SMG,Scotts Miracle-Gro Company (The) Common Stock,Basic Materials,Agricultural Inputs,United States,その他,50.88999938964844,2.962829568,47.2472932333374,-0.03929405804036367,0.0003942218342578774,-0.09500267577278866,0.3059388825407987,-0.5305912596401028,0.8680525164113786,15.347362037822776,-0.16385472546875365,0.2997762938686044,False,7,42,19,100,24,D,-20,2.6499999999999986,28.9,20.25,28.9,Transition
SMR,NuScale Power Corporation Class A Common Stock,Industrials,Specialty Industrial Machinery,United States,電力/エネルギー,8.420000076293945,3.455479808,313.1371505373478,-0.15024969631529222,0.6240683910565541,0.9323957980345645,0.3631309762063598,-3.232526906448349,,40.80459966985878,-0.07117328278600021,0.8424106302039774,False,4,0,12,85,55,B,-10,11.25,8.25,28.85,28.85,Persistence
SN,"SharkNinja, Inc. Ordinary Shares",Consumer Cyclical,"Furnishings, Fixtures & Appliances",United States,その他,177.74000549316406,25.03851008,397.5706216871643,0.1574617188787331,0.29972165474374135,0.14428065463556722,0.4901387488537608,0.605586940112849,0.16852680115316873,54.45080002778858,0.032177912160816245,0.07839881296970166,True,25,26,85,65,87,S,0,37.2,37.95,80.4,80.4,Persistence
SNA,Snap-On Incorporated Common Stock,Industrials,Tools & Accessories,United States,その他,369.20001220703125,19.097655296,107.75656156280517,0.009337561663143059,1.957598418260478e-05,0.05488900361383583,0.517290199957332,-0.11313932980599647,0.15357274467149293,25.21556307288914,-0.05998971923463003,0.11404284967214386,False,26,0,45,65,53,B,0,34.55,15.05,51.6,51.6,Persistence
SNAP,Snap Inc. Class A Common Stock,Communication Services,Internet Content & Information,United States,その他,5.420000076293945,9.166291968,176.52989028490066,0.10632469367131483,0.16397397807045633,0.0009274536941362892,0.5499285418886825,0.9994557611568963,0.539624621734189,48.55492078297255,0.030418272928000617,0.40374037565325116,False,28,39,42,85,65,A,0,40.25,48.5,57.35,57.35,Persistence
SNDR,"Schneider National, Inc. Common Stock",Industrials,Trucking,United States,その他,31.25,5.478153216,21.38921875,0.07254512805972971,-0.03789848878866683,-0.1673884077281812,0.08626614736619495,0.2452316076294278,0.0830561352038181,16.269648773698762,-0.10425601818584222,0.18925212764409752,False,35,12,30,85,53,B,0,44.3,27.05,48.35,48.35,Persistence
SNOW,Snowflake Inc. Common Stock,Technology,Software - Application,United States,ソフトウェア,335.94000244140625,118.519635968,1857.0108251956176,0.2916256250006894,0.2921468781812435,0.35864099544019606,0.6716860100436683,0.26374127313777923,0.3001495210235538,48.904216576340225,0.05963666584618586,0.05759250065641858,True,32,31,93,25,72,A,0,34.95,34.2,71.80000000000001,71.80000000000001,Persistence
SNX,TD SYNNEX Corporation Common Stock,Technology,Electronics & Computer Distribution,United States,その他,263.0299987792969,20.794888192,264.6029181719971,0.06938376357830493,0.015585327365195311,-0.07680624588070571,0.06989466930726371,0.3326357264255543,0.1346081787403063,50.21294301612228,0.023957078140085544,0.09164780714151569,True,35,24,30,65,100,S,0,46.0,37.75,52.75,52.75,Persistence
SO,Southern Company (The) Common Stock,Utilities,Utilities - Regulated Electric,United States,電力/エネルギー,82.87999725341797,95.342084096,506.341253620224,0.10585990121239336,0.05825050489050806,-0.13750469619864067,0.4846885256995906,-4.523409363745499,0.47569355253018236,19.62834871173233,-0.08123314190376285,0.14987131364942408,False,43,2,10,40,53,B,0,43.55,12.8,26.1,43.55,Acceleration
SON,Sonoco Products Company Common Stock,Consumer Cyclical,Packaging & Containers,United States,その他,50.060001373291016,4.949366784,62.135474904556276,0.4171980627157604,-0.025004658705273214,-0.07132235493939833,0.20939815418860017,-0.2152720092598897,0.4112148050757127,38.11321823030778,-0.08300194618324734,0.1656160353150489,False,44,20,25,85,70,A,0,52.75,34.75,49.0,52.75,Acceleration
SPB,"Spectrum Brands Holdings, Inc. Common Stock",Consumer Defensive,Household & Personal Products,United States,その他,84.91000366210938,1.95255616,24.621353761901855,-0.052262222072269646,0.015451555433739893,-0.06822027134876296,0.3673549305802777,0.39376053962900504,0.19357320392945912,36.83053906159041,-0.03118581188944411,0.0616228317575565,True,9,12,34,100,77,A,-5,24.45,26.7,54.1,54.1,Persistence
SPGI,S&P Global Inc. Common Stock,Financial Services,Financial Data & Stock Exchanges,United States,その他,403.29998779296875,118.892838912,725.0869985531616,0.07939189189189189,0.13691285908618067,0.11769966908147751,0.7024647887323944,-0.01958670260557053,0.2219281045751634,20.032787392319705,-0.042194499345561784,0.2143585820550362,False,12,12,57,25,63,B,-20,0.0,0.0,30.200000000000003,30.200000000000003,Persistence
SPH,"Suburban Propane Partners, L.P. Common Stock",Utilities,Utilities - Regulated Gas,United States,その他,16.6200008392334,1.108759936,3.503413076906204,0.07937629787246868,-0.07138429072610157,-0.0481336561291805,0.6064929027069816,0.129898374787457,0.5790937841041618,26.31584230873092,-0.05404725088406593,0.17260016867675346,False,32,24,34,100,53,B,-5,39.3,33.3,49.300000000000004,49.300000000000004,Persistence
SPHR,Sphere Entertainment Co. Class A Common Stock,Communication Services,Entertainment,United States,その他,141.1300048828125,5.06848768,78.32362445983887,0.18809822678010962,0.7895321096280961,-0.05937825278048701,0.5164284923916741,1.6172986739320838,0.2283798125754767,47.59598733116802,-0.05083761536005429,0.19985258546409626,True,31,76,46,85,90,S,0,45.0,78.75,64.55,78.75,Transition
SPXC,"SPX Technologies, Inc. Common Stock",Industrials,Building Products & Equipment,United States,その他,172.7899932861328,8.654334976,94.04786544570923,0.1417410151721357,0.13938662991040662,0.1918680265589705,0.4051476755993113,-0.02702702702702703,0.13915552349775287,22.258851254971205,-0.14129756290456127,0.2987703797810428,False,27,14,66,85,24,D,0,35.4,25.65,62.35000000000001,62.35000000000001,Persistence
SR,Spire Inc. Common Stock,Utilities,Utilities - Regulated Gas,United States,その他,77.20999908447266,4.564100096,44.51040632221222,-0.04496721943694562,-0.027491280051007014,0.21278144189219922,0.41544177031174284,-7.739726027397261,0.4469776161308994,29.38681595924237,-0.044093452436739136,0.17207738765690336,False,7,12,6,85,63,B,0,24.3,28.05,37.150000000000006,37.150000000000006,Persistence
SRE,DBA Sempra Common Stock,Utilities,Utilities - Diversified,United States,その他,77.93000030517578,50.958454784,318.5945961976242,0.03921122487675389,-0.21142344497607657,0.1579749290117044,0.4661363304627062,-0.8279927448609432,0.31585165677591587,24.4082819949257,-0.08050995312473966,0.2065548910741823,False,26,0,14,40,53,B,0,30.8,11.3,28.300000000000004,30.8,Acceleration
SSB,SouthState Bank Corporation Common Stock,Financial Services,Banks - Regional,United States,その他,102.45999908447266,9.936011264,69.56470407840729,0.5699702063005246,-0.019702605727967976,0.05414539021599394,,-0.5157207872259547,0.010212089715597976,18.348603785999003,-0.03171594382519594,0.08181734521948235,True,36,22,33,85,73,A,-20,27.049999999999997,16.549999999999997,34.00000000000001,34.00000000000001,Persistence
SSD,"Simpson Manufacturing Company, Inc. Common Stock",Basic Materials,Lumber & Wood Production,United States,その他,176.5500030517578,7.235845632,54.46214494140625,0.045099789932437004,0.008282579795943903,0.04617768551103995,0.4585053720666253,0.8859907606319272,0.1586338090580962,41.74758996431456,-0.04621596394019088,0.15828445251262005,False,35,24,50,85,90,S,0,48.0,39.75,66.75,66.75,Persistence
ST,Sensata Technologies Holding plc Ordinary Shares,Technology,Scientific & Technical Instruments,United States,その他,42.189998626708984,6.14015744,59.87372560110092,-0.058050244100895036,-0.02992032756962088,0.006164404300340856,0.2926980699149683,0.24790022906592007,0.42441162966364027,44.9026159735759,-0.03886585782767431,0.21008782495830944,True,8,12,22,85,100,S,0,28.75,31.75,53.35,53.35,Persistence
STC,Stewart Information Services Corporation Common Stock,Financial Services,Insurance - Property & Casualty,United States,その他,59.189998626708984,1.802335488,16.103822926368714,0.17315038152214546,0.10325334098835755,-0.26454111952708376,,0.39034695872441955,0.23633725353963733,8.46684213246705,-0.11456452683990181,0.20831989741626294,False,40,26,30,100,53,B,-25,25.299999999999997,14.799999999999997,27.1,27.1,Persistence
STT,State Street Corporation Common Stock,Financial Services,Asset Management,United States,その他,181.33999633789062,49.814417408,354.8243440344238,0.0809660190417215,0.08154039347007117,-0.014845360824742268,,1.7670486700622523,0.0791264509748748,22.298450761271184,-0.029725704309340694,0.06650879509054379,True,12,37,30,40,60,B,-20,1.0,19.75,18.5,19.75,Transition
STUB,"StubHub Holdings, Inc. Class A Common Stock",Communication Services,Internet Content & Information,United States,その他,5.440000057220459,2.078569344,37.159878790864944,-0.014377246709532401,0.2945970627007448,0.3192815769039707,0.8200858589447096,-0.3799184665438438,0.29816802475162013,19.14894210639251,-0.2518840320381796,0.7297565681064196,False,15,0,51,100,8,D,0,27.05,15.8,54.65,54.65,Persistence
STZ,"Constellation Brands, Inc. Common Stock",Consumer Defensive,Beverages - Brewers,United States,その他,113.62999725341797,19.408498688,278.1690740262985,-0.10478317513493393,0.024784677467927483,0.053868776844466074,0.5155378050114893,-0.07435116867034725,0.5115225679779001,21.25641799332074,-0.1173659471920929,0.3083181029399048,False,8,35,25,65,36,C,-20,0.0,19.6,17.200000000000003,19.6,Transition
SVV,"Savers Value Village, Inc. Common Stock",Consumer Cyclical,Specialty Retail,United States,その他,9.34000015258789,1.431210752,11.265581284046172,0.09191950921458335,0.024907865294361137,0.04384826635143042,0.552771547046554,0.7126307264340294,0.6868924012139916,31.058022144127236,-0.08402634823456863,0.31874543204959216,False,35,12,40,100,53,B,-15,31.549999999999997,14.3,42.6,42.6,Persistence
SWK,"Stanley Black & Decker, Inc. Common Stock",Industrials,Tools & Accessories,United States,その他,91.4000015258789,13.80292096,154.6222965813446,-0.015313327736451967,-0.026322626432884907,-0.0688188158655605,0.30325040977105694,-0.08645418326693227,0.2822860424502323,34.48483298785261,-0.03444588496714012,0.11350538213343482,True,34,12,25,65,90,S,0,44.25,27.75,48.0,48.0,Persistence
SWX,"Southwest Gas Holdings, Inc. Common Stock (DE)",Utilities,Utilities - Regulated Gas,United States,その他,82.44000244140625,5.97243648,62.457782449646,-0.2160764959502524,-0.023466324955734336,-0.48897350791097355,0.46314639400529795,-1.4944912508101102,0.3363555046911748,23.98151143914359,-0.07437727799841923,0.11089191095470884,False,14,26,14,85,53,B,0,28.55,37.55,39.550000000000004,39.550000000000004,Persistence
SXI,Standex International Corporation Common Stock,Industrials,Specialty Industrial Machinery,United States,その他,280.1700134277344,3.440898304,37.37888234146118,0.12845095664258133,0.09640386603481652,-0.027546123867819627,0.417264750778659,0.5602637447881315,0.3571237579680496,54.091342174794725,-0.05417534174236587,0.21589058524064364,True,48,26,30,85,90,S,0,57.75,41.25,55.75,57.75,Acceleration
SXT,Sensient Technologies Corporation Common Stock,Basic Materials,Specialty Chemicals,United States,その他,129.22000122070312,5.500761088,41.922844996032715,0.03524403619765378,0.06919427374781147,0.013507636188022733,0.3345303145999252,-0.6077456375907453,0.31619459952756895,32.58983691798629,0.004702753923059145,0.05987628890699887,True,4,12,37,85,77,A,0,23.45,29.45,57.0,57.0,Persistence
SYF,Synchrony Financial Common Stock,Financial Services,Credit Services,United States,その他,72.94000244140625,23.732549632,220.16866796936034,-0.004981402763018066,0.10486534086739561,0.16729484324139113,,,0.1274780637306352,25.491571227733303,-0.04964471529811418,0.16523540094998604,False,0,12,10,65,63,B,-20,0.0,5.050000000000001,14.350000000000001,14.350000000000001,Persistence
SYY,Sysco Corporation Common Stock,Consumer Defensive,Food Distribution,United States,その他,78.45999908447266,37.626929152,354.97696615787504,0.039117610913112943,0.032037948353711126,0.03300360301342942,0.18496091209064136,0.2082294264339152,0.5270627178927352,43.841972979793056,-0.04492017008276003,0.1270793270710086,False,23,12,34,40,90,S,-20,12.25,4.0,26.700000000000003,26.700000000000003,Persistence
T,AT&T Inc.,Communication Services,Telecom Services,United States,その他,25.3799991607666,173.91353856,965.896018660984,0.027072979335600315,-0.0007514620838370308,0.013972055888223553,0.5955367375525277,0.05046466392911174,0.3689760541459026,46.47886314965643,0.025065194424894317,0.1069065390307718,True,28,24,34,25,100,S,0,34.75,31.75,44.95,44.95,Persistence
TALO,"Talos Energy, Inc. Common Stock",Energy,Oil & Gas E&P,United States,電力/エネルギー,16.469999313354492,2.74992128,34.54738820969582,-0.0980447595421085,0.3537190150670217,-0.11749173718810155,0.09924047930699355,,0.22366521092993102,46.47618376370975,0.022371705393903103,0.10147302881032953,True,0,0,10,100,100,S,0,25.0,25.0,50.5,50.5,Persistence
TAP,Molson Coors Beverage Company Class B Common Stock,Consumer Defensive,Beverages - Brewers,United States,その他,35.95000076293945,6.703019008,199.9107642425537,-0.041816461684011354,-0.006417651532630895,0.0935520044855621,0.3836887835703002,-0.1362239119883514,0.27936442317841187,13.71616133654166,-0.10867196209432255,0.3162297605953048,False,4,0,25,85,36,C,-20,0.0,0.0,22.200000000000003,22.200000000000003,Persistence
TDC,Teradata Corporation Common Stock,Technology,Software - Infrastructure,United States,ソフトウェア,28.940000534057617,2.69142016,48.08308738732338,-0.04971428571428571,-0.045280960174577195,0.02116991643454039,0.5935057125676488,0.02888086642599278,0.31309724564362,58.70842977390634,0.00905149462096815,0.23600845517353197,False,10,24,34,100,90,S,0,31.5,42.0,61.7,61.7,Persistence
TDG,Transdigm Group Incorporated Common Stock,Industrials,Aerospace & Defense,United States,防衛/宇宙,1116.199951171875,62.433062912,432.2484310913086,0.11221662468513854,0.20577069096431283,0.21293055811383313,0.6014041444909977,-0.03404255319148936,1.3108385350735519,36.49798190835117,-0.06221685662223475,0.2302069302262931,False,20,14,64,40,70,A,-20,8.0,3.5,39.2,39.2,Persistence
TDS,"Telephone and Data Systems, Inc. Common Shares",Communication Services,Telecom Services,United States,その他,35.849998474121094,4.126908416,54.66085117347717,-0.05302402970597805,-0.04290048136207091,-0.749655828560872,0.5902482236300558,-0.7435922698688568,0.16722842698102225,29.181817214187873,0.02384675647262973,0.24443577223850002,False,11,25,33,85,63,B,0,27.3,37.8,52.00000000000001,52.00000000000001,Persistence
TDW,Tidewater Inc. Common Stock,Energy,Oil & Gas Equipment & Services,United States,電力/エネルギー,84.73999786376953,4.21634304,51.570220499954225,0.005164823325296192,0.3325296910350154,0.5593792651972258,0.2982326842530896,0.38626163237763445,0.28457826873310316,30.990413291229487,-0.025753072946525096,0.15773782576589307,True,5,24,53,85,90,S,0,25.5,39.75,68.4,68.4,Persistence
TDY,Teledyne Technologies Incorporated Common Stock,Technology,Scientific & Technical Instruments,United States,その他,614.1500244140625,28.453040128,168.20340868652343,0.07855379188712522,0.006121905775885015,0.032407577034404424,0.4275762828269614,-0.03086085544125609,0.1728523483346745,52.661191818914205,-0.0358418704602211,0.11160127982240209,False,22,12,41,65,90,S,0,35.25,27.75,56.8,56.8,Persistence
TE,T1 Energy Inc. Common Stock,Industrials,Electrical Equipment & Parts,United States,電力/エネルギー,3.7799999713897705,1.113121152,75.5586462281084,3.0,,,0.0735884654340357,1.1084563968056649,0.39983951700595,35.251799610039825,-0.20511419671297257,0.6860465130094563,False,47,83,26,100,33,D,-5,48.55,75.55,40.9,75.55,Transition
TEX,Terex Corporation Common Stock,Industrials,Farm & Heavy Construction Machinery,United States,その他,57.33000183105469,6.5528192,58.0778717049408,0.05734347571679345,-0.004852484472049689,0.16613852421910366,0.19387566869581258,0.7037037037037037,0.42091545854373674,27.167195025777247,-0.09837657237407181,0.22932032860527368,False,27,12,22,85,53,B,-20,18.299999999999997,7.050000000000001,23.950000000000003,23.950000000000003,Persistence
TFC,Truist Financial Corporation Common Stock,Financial Services,Banks - Regional,United States,その他,47.65999984741211,58.222706688,363.1935054372025,0.5302756439222774,-0.33682948756368,0.0024533119711610675,,,0.11744390343683908,23.92157586280662,-0.05974336815597954,0.11966506105271821,False,36,22,10,40,53,B,-20,18.299999999999997,7.800000000000001,6.100000000000001,18.299999999999997,Acceleration
TFIN,"Triumph Financial, Inc. Common Stock",Financial Services,Banks - Regional,United States,その他,61.45000076293945,1.468319232,13.648659669456482,0.019954709643573078,-0.004589694267912624,-0.13783823972837558,,2.0928331936295055,0.061572695181071085,12.511506384442214,-0.1492431009157922,0.2421065691268484,False,42,37,30,100,41,C,-25,25.6,21.85,24.700000000000003,25.6,Acceleration
TGLS,Tecnoglass Holdings Inc. Common Stock,Basic Materials,Building Materials,United States,その他,35.439998626708984,1.572281984,10.699335585403443,0.10495505970134164,0.06830480099368148,0.16285219866865763,0.4284320004879983,-0.6208268750893161,0.13617112771264814,24.528272689191155,-0.1375828312203792,0.4756874024784911,False,27,2,49,100,16,D,-5,31.85,13.100000000000001,50.150000000000006,50.150000000000006,Persistence
TGT,Target Corporation Common Stock,Consumer Defensive,Discount Stores,United States,その他,157.4499969482422,71.528185856,514.8693625205993,-0.01675956684120639,-0.007876214948050497,-0.0156524926686217,0.2793376598587517,-0.36662198391420914,0.3410657253319886,37.95243112117025,0.026389174747351363,0.07322386536051886,True,0,0,21,40,77,A,0,13.7,13.7,36.95,36.95,Persistence
THG,Hanover Insurance Group Inc,Financial Services,Insurance - Property & Casualty,United States,その他,217.44000244140625,7.571308544,67.26289035522461,0.05637948783940291,0.042475056594281885,0.09766423088958015,,0.46998241647827177,0.07189349636195186,33.62676162204525,-0.02839862858329396,0.06609972627503424,True,23,24,42,85,77,A,-20,17.700000000000003,18.450000000000003,39.75,39.75,Persistence
THO,"Thor Industries, Inc. Common Stock",Consumer Cyclical,Recreational Vehicles,United States,その他,72.1500015258789,3.723976192,60.014732019233705,,-0.046191292836057246,-0.09694616919050802,,0.12077218517268479,0.1306357960982177,39.30326898274272,-0.049905297203254664,0.392186189847974,False,2,12,30,85,63,B,0,20.55,28.05,50.35,50.35,Persistence
TIC,"TIC Solutions, Inc. Common Stock",Industrials,Specialty Business Services,United States,その他,8.890000343322754,1.939979008,12.429465080013275,0.45734564885525264,,-1.0,0.29364188366172295,-0.16843134060921974,0.3896063720725727,41.13208715073022,0.0048377185975804595,0.38647339656674606,False,14,8,21,100,73,A,-5,27.799999999999997,23.3,46.15,46.15,Persistence
TJX,"TJX Companies, Inc. (The) Common Stock",Consumer Cyclical,Apparel Retail,United States,その他,130.05999755859375,143.6778496,1213.7563140161133,0.07118523775727466,0.039526347824483096,0.08572973405959629,0.30963029218843174,0.1712720343020486,0.3771353482260184,45.08276428707269,-0.09075376898198585,0.22528140725258322,False,24,24,42,25,80,S,0,29.75,29.75,45.35,45.35,Persistence
TKO,"TKO Group Holdings, Inc. Class A Common Stock",Communication Services,Entertainment,United States,その他,182.6699981689453,34.573897728,211.84239687652587,-0.030524701790923092,0.5145891399021829,1.8284037058379314,0.5980797655660822,1.4798979596204302,0.26220198336054606,46.602681836455936,-0.028000105654942428,0.17818981498484437,False,30,46,42,40,90,S,0,37.5,49.5,51.1,51.1,Persistence
TKR,Timken Company (The) Common Stock,Industrials,Tools & Accessories,United States,その他,117.44999694824219,8.162130432,110.73949137260438,0.001924338508637656,-0.04109876284336339,0.06055551849133809,0.30409446069230434,0.328426561988878,0.3079169662113587,33.43002557599115,-0.07283094951913763,0.18960534389433162,True,27,12,30,85,80,S,0,41.0,29.75,53.75,53.75,Persistence
TMP,Tompkins Financial Corporation Common Stock,Financial Services,Banks - Regional,United States,その他,99.56999969482422,1.432105856,12.033034463119506,-0.13924235032658483,0.36961817397235486,-0.2903458426766504,,-0.6400396588438095,0.0651163531169087,50.0,0.015079951206369102,0.01620392653377705,True,0,12,25,100,75,A,-25,0.0,6.5,28.75,28.75,Persistence
TNC,Tennant Company Common Stock,Industrials,Specialty Industrial Machinery,United States,その他,67.73999786376953,1.154919808,12.979322290687561,-0.06466153726587394,0.03465744612415568,0.13861930049441495,0.40240963855421685,-0.3718887262079063,0.2606982425723067,35.052993283437644,-0.0798668185939869,0.2535035359052106,False,4,0,25,100,53,B,-5,18.3,15.3,44.35,44.35,Persistence
TNET,"TriNet Group, Inc. Common Stock",Industrials,Staffing & Employment Services,United States,その他,65.11000061035156,2.988857344,21.577128652267454,-0.008509796160696616,0.011814177012414898,0.017729773792541266,0.17684630738522955,0.16417910447761194,0.24809059784040033,34.43656052839472,-0.03107811239684766,0.09153059475640121,True,2,12,30,100,90,S,0,25.5,33.0,59.5,59.5,Persistence
TNL,Travel   Leisure Co. Common  Stock,Consumer Cyclical,Travel Services,United States,その他,63.65999984741211,3.901217536,45.32814799135208,0.040631469979296064,0.0304,0.051303616484440706,0.8985327033076349,0.36553524804177545,0.848224852071006,37.43623412740667,-0.09491065774523691,0.18101404341584462,False,38,12,47,85,70,A,-20,28.25,8.75,41.1,41.1,Persistence
TOL,"Toll Brothers, Inc. Common Stock",Consumer Cyclical,Residential Construction,United States,その他,137.33999633789062,12.655468544,145.84546231109618,0.011061664610749405,0.0852234486320424,-0.02730956314002607,0.2511448497422612,0.09577117084025609,0.20084572405833498,41.488958243968824,-0.048920968508137666,0.17025741551263238,False,2,12,30,65,90,S,0,20.25,27.75,50.75,50.75,Persistence
TOST,"Toast, Inc. Class A Common Stock",Technology,Software - Infrastructure,United States,ソフトウェア,30.600000381469727,17.686800384,256.37843119609835,0.24052419354838708,0.2833117723156533,0.4152325155620652,0.25889809848854217,0.9869281045751634,0.006359300476947536,29.244115759730832,-0.07117922977160034,0.21578677543604816,True,21,36,85,65,63,B,0,31.8,43.05,75.60000000000001,75.60000000000001,Persistence
TPB,"Turning Point Brands, Inc. Common Stock",Consumer Defensive,Tobacco,United States,その他,62.06999969482422,1.202142848,24.236783130836486,0.283929462651805,0.10950458986538035,0.011938523607768913,0.5707961352907386,-0.2977946475760342,0.40454860883797056,15.481166570965883,-0.20356623544658534,0.5645314271210257,False,47,17,45,100,16,D,-5,46.85,24.35,47.95,47.95,Persistence
TPC,Tutor Perini Corporation Common Stock,Industrials,Engineering & Construction,United States,その他,83.97000122070312,4.41422848,36.94638068710327,0.28105822106337947,0.11512084215691505,0.023602686008460057,0.11681588384999636,0.21683846954208544,0.07894199350363207,38.65095095982268,-0.04539757490033873,0.15192744532971691,True,50,66,50,85,90,S,0,59.25,71.25,66.75,71.25,Transition
TPL,Texas Pacific Land Corporation Common Stock,Energy,Oil & Gas E&P,United States,電力/エネルギー,341.07000732421875,23.525193728,134.91194674713134,0.1308642535026487,0.11752467958106065,-0.05367968092151592,0.8545947706686378,-0.508631630453065,0.009964405357554282,41.717740425105724,-0.08664279948000873,0.36616110860564066,False,50,14,40,65,63,B,0,53.55,26.55,50.85,53.55,Acceleration
TPR,"Tapestry, Inc. Common Stock",Consumer Cyclical,Luxury Goods,United States,その他,113.87999725341797,22.706724864,370.8393924560165,0.14171195458370775,0.05089039453171843,0.0015463375820084374,0.7782164363709053,0.6569156230002743,0.5907318020831777,34.24865721750501,-0.14195781355457054,0.3062769096060322,False,65,33,49,65,41,C,0,62.6,38.6,51.400000000000006,62.6,Acceleration
TR,"Tootsie Roll Industries, Inc. Common Stock",Consumer Defensive,Confectioners,United States,その他,38.040000915527344,2.859202816,6.530136757164001,0.012868889973548741,-0.05998193315266486,0.11993973535962268,0.352810283349078,-0.20299937133970816,0.011072726721755176,41.921437388287075,-0.03384584416515042,0.14902240422152205,False,22,12,29,100,90,S,0,40.5,33.0,58.95,58.95,Persistence
TREX,"Trex Company, Inc. Common Stock",Industrials,Building Products & Equipment,United States,その他,44.790000915527344,4.65362432,70.2345285856247,0.019816770000234487,0.05170815381650419,-0.010131613327872425,0.3917030794529694,2.343278108551212,0.12888999278264476,45.930233202862354,-0.01441301155364986,0.16389768208539254,True,16,25,34,85,100,S,0,34.75,41.5,59.95,59.95,Persistence
TRGP,"Targa Resources, Inc. Common Stock",Energy,Oil & Gas Midstream,United States,電力/エネルギー,277.8399963378906,59.577516032,314.4606970552063,0.03948356377621097,0.019999626407974945,-0.23265869716863039,0.2939342153943729,-0.14592776721742945,0.6948101386289376,34.17987392834746,-0.013606391846693818,0.08076097158679695,True,33,19,15,40,90,S,-10,29.75,19.25,26.25,29.75,Acceleration
TRIN,Trinity Capital Inc. Common Stock,Financial Services,Asset Management,United States,その他,17.65999984741211,1.672288512,16.326493258934022,0.16593159880109862,0.40901317532577014,3.0,,-0.6899936658798912,0.5209040462157867,41.43722684567821,-0.006770687759909301,0.04816797856875353,True,5,14,40,100,87,S,-35,0.0,0.0,29.400000000000006,29.400000000000006,Persistence
TRU,TransUnion Common Stock,Financial Services,Financial Data & Stock Exchanges,United States,その他,69.16999816894531,13.25297152,168.43828349113465,0.0938142358621349,0.09203382752140321,0.03269629909161972,0.5909359089220549,0.28043352041803754,0.4641812668160426,21.28686807448416,-0.12468211490811919,0.20980336273174235,False,43,24,42,65,41,C,-20,26.1,11.850000000000001,27.550000000000004,27.550000000000004,Persistence
TRV,"The Travelers Companies, Inc. Common Stock",Financial Services,Insurance - Property & Casualty,United States,その他,363.0400085449219,75.721080832,533.2222733505249,0.051692943913155855,0.12218113262272497,0.12134106678230702,,,0.06448492777020068,43.78864577040125,-0.02320535653745334,0.08292317291863537,True,0,12,22,40,100,S,-20,0.0,5.0,22.1,22.1,Persistence
TSLX,"Sixth Street Specialty Lending, Inc. Common Stock",Financial Services,Asset Management,United States,その他,18.139999389648438,1.72952448,7.312687253952026,-0.14390016365318176,-0.07473135190888276,1.0030917562934092,,,0.509471001605948,53.88458128018981,0.01953627798137648,0.1327693306247489,True,0,0,10,100,100,S,-25,0.0,0.0,25.5,25.5,Persistence
TSN,"Tyson Foods, Inc. Common Stock",Consumer Defensive,Farm Products,United States,その他,50.91999816894531,17.913731072,198.01106927963258,0.021234688326548987,0.008093644220041225,-0.007525993769002665,0.06542862915817123,-0.19272976680384088,0.24087511593649408,46.06918276716673,-0.08374703642160804,0.24613025634132607,False,30,0,25,65,80,S,-20,20.25,0.0,26.0,26.0,Persistence
TTC,Toro Company (The) Common Stock,Industrials,Tools & Accessories,United States,その他,97.1500015258789,9.196547072,102.43593310890198,-0.01601291504864959,0.0067205481858912414,0.008527698407424636,0.333628946434906,0.2399228130360206,0.3027509596370827,67.49085624657218,0.013283787112139504,0.037024178067315505,True,9,12,30,85,67,A,0,26.2,28.45,51.15,51.15,Persistence
TWLO,Twilio Inc. Class A Common Stock,Technology,Software - Infrastructure,United States,ソフトウェア,275.79998779296875,42.356043776,640.6406226449585,0.13664851517574106,0.07320535057637981,0.08562376235553681,0.4891703932333706,0.43801020602170493,0.11069329406021355,67.31639506135663,0.2128642202501109,0.07962362536725022,True,39,56,50,40,37,C,0,38.95,51.7,44.9,51.7,Transition
TXNM,"TXNM Energy, Inc. Common Stock",Utilities,Utilities - Regulated Electric,United States,電力/エネルギー,58.52000045776367,6.44455936,108.65320704992294,0.09862373103882459,0.01650218286116219,-0.13796373060449735,0.6239500629385031,0.17248785663726635,0.47313485003464134,60.077476398530315,0.013456213357256202,0.008901665935435012,True,44,12,14,85,55,B,0,51.25,27.25,39.95,51.25,Acceleration
TXT,Textron Inc. Common Stock,Industrials,Aerospace & Defense,United States,防衛/宇宙,76.58999633789062,13.318156288,146.01538146835327,0.08006130491898993,0.0013885843747716143,0.06325277799362809,0.18210689911480504,0.42923076923076925,0.21391141265375918,37.13322085679033,-0.09447143369350629,0.23943193949702732,False,23,24,42,65,70,A,0,34.0,34.75,53.35,53.35,Persistence
TY,Tri Continental Corporation Common Stock,Financial Services,Asset Management,United States,その他,34.619998931884766,1.849487744,1.2226052622795105,-0.20686401711696337,0.2668417127469365,1.8713792324888325,,,,38.732109022570896,-0.01022237214709164,0.03172589577164098,True,0,0,8,100,77,A,-25,0.0,0.0,19.799999999999997,19.799999999999997,Persistence
TYG,Tortoise Energy Infrastructure Corporation Common Stock,Financial Services,Asset Management,United States,電力/エネルギー,40.02000045776367,1.016508032,5.546772063446045,-0.7828713142059937,3.0,-1.2245756275741702,,,0.16260074804408606,36.098589002911574,-0.057537990820481895,0.15891721866967534,False,0,0,18,100,70,A,-25,0.0,0.0,23.9,23.9,Persistence
TYL,"Tyler Technologies, Inc. Common Stock",Technology,Software - Application,United States,ソフトウェア,325.57000732421875,13.332831232,322.01803854431154,0.09099856254294712,0.09532568447512003,0.05488421817269879,0.46464066131010057,0.08013440125840225,0.1139596531810769,28.523571708292337,-0.02549509336868383,0.38539223489710484,False,10,24,50,65,46,C,0,21.85,32.35,52.95,52.95,Persistence
UA,"Under Armour, Inc. Class C Common Stock",Consumer Cyclical,Apparel Manufacturing,United States,その他,4.369999885559082,1.877113984,10.76860528399334,-0.038328450460952186,-0.0942792717979459,-0.034097979643123645,0.4548307919063622,0.2887681302439003,0.4392589250976177,19.99997711179894,-0.21093497697041483,0.4454314946581531,False,31,12,10,100,16,D,-15,24.85,10.600000000000001,18.700000000000003,24.85,Acceleration
UAA,"Under Armour, Inc. Class A Common Stock",Consumer Cyclical,Apparel Manufacturing,United States,その他,4.429999828338623,1.902886656,39.16895098221302,-0.038328450460952186,-0.0942792717979459,-0.034097979643123645,0.4548307919063622,0.2887681302439003,0.4392589250976177,18.939391476392416,-0.2185019566272369,0.455773999816529,False,31,12,10,100,16,D,-15,24.85,10.600000000000001,18.700000000000003,24.85,Acceleration
UBER,"Uber Technologies, Inc. Common Stock",Technology,Software - Application,United States,ソフトウェア,69.62000274658203,142.20304384,1289.6405827776719,0.18279594342625857,0.17963573938467317,0.16952661793769802,0.39754311090604993,0.4159535895576505,0.1954629300022653,25.43997246090389,-0.050222739302339114,0.30449546645516756,False,47,33,79,25,36,C,0,42.6,32.1,56.900000000000006,56.900000000000006,Persistence
UEC,Uranium Energy Corp. Common Stock,Energy,Uranium,United States,電力/エネルギー,9.40999984741211,4.656748544,82.3645994644165,3.0,-0.9986373784133975,3.0,0.36621930966380895,0.36175226311240505,,23.03797193300136,-0.12965465249491237,0.5327705991764496,False,62,52,12,85,16,D,-10,50.85,43.35,21.05,50.85,Acceleration
UGI,UGI Corporation Common Stock,Utilities,Utilities - Regulated Gas,United States,その他,36.5099983215332,7.831210496,72.40608102128982,0.010679611650485437,-0.19242831541218638,-0.1165644171779141,0.49855907780979825,0.010362694300518135,0.46138921226232055,37.4392872486838,-0.005360490995538825,0.07319796614161089,True,28,24,30,85,77,A,0,41.45,38.45,53.15,53.15,Persistence
UHAL,U-Haul Holding Company Common Stock,Industrials,Rental & Leasing Services,United States,その他,60.970001220703125,11.852171264,8.907412328338623,0.03588368863195946,0.03608296534779655,-0.04075525888746739,0.8583448758566629,0.3194666605273536,0.3778268484148731,19.569469286838327,-0.11733877019586417,0.18998267649956835,True,20,12,21,65,63,B,0,31.05,25.05,40.400000000000006,40.400000000000006,Persistence
UHAL-B,U-Haul Holding Company Series N Non-Voting Common Stock ,Industrials,Rental & Leasing Services,United States,その他,53.459999084472656,10.392275968,15.638388905185318,0.03588368863195946,0.03608296534779655,-0.04075525888746739,0.8583448758566629,0.3194666605273536,0.3778268484148731,13.308706956199273,-0.1199585363366005,0.18952735733468645,True,20,12,21,65,63,B,0,31.05,25.05,40.400000000000006,40.400000000000006,Persistence
UI,Ubiquiti Inc. Common Stock,Technology,Communication Equipment,United States,通信/光通信,560.6699829101562,33.93644544,92.7488319229126,0.27223809958636824,0.334487085751028,-0.006195272175590772,0.4616063591233421,0.4486525426295062,0.03637583648365246,45.129027571471156,-0.007687435316836643,0.48148563967371477,False,25,36,63,40,65,A,0,31.25,39.5,57.650000000000006,57.650000000000006,Persistence
ULS,UL Solutions Inc. Class A Common Stock,Industrials,Specialty Business Services,United States,その他,66.05000305175781,13.313245184,56.821166375350955,0.06376306620209059,0.07169529499626587,0.0626984126984127,0.4945954798558795,0.40418118466898956,0.23382403286545703,24.40791930516349,-0.13734018942387236,0.3681433625248032,False,16,12,50,65,24,D,0,24.15,21.15,48.55,48.55,Persistence
UMAC,"Unusual Machines, Inc. Common Stock",Technology,Computer Hardware,United States,その他,24.049999237060547,1.201453824,63.10659674806595,1.0123225640794355,,,0.34885001335361215,,0.014394821466733328,51.0748669203295,0.006057227400531364,0.29389318064091613,True,29,28,14,100,83,S,-15,30.049999999999997,29.299999999999997,34.300000000000004,34.300000000000004,Persistence
UNF,Unifirst Corporation Common Stock,Industrials,Specialty Business Services,United States,その他,259.0899963378906,4.685428224,93.57294307739258,0.0020272460885602927,0.08704877237245791,0.11606479736828164,0.3658812540290221,0.056914246729748166,0.026074499083024526,27.249529369095526,-0.08107149069560027,0.13863601337581175,True,6,24,46,85,63,B,0,23.55,37.05,59.15,59.15,Persistence
UNM,Unum Group Common Stock,Financial Services,Insurance - Life,United States,その他,92.08999633789062,14.57847296,185.76532196273803,0.015167981485680332,0.03911054782389692,0.0365221052631579,,-0.5997117117117117,0.05931416228742715,37.64781958128542,0.011569651159932364,0.04639125371327618,True,0,0,37,65,77,A,-20,0.0,0.0,32.0,32.0,Persistence
USB,U.S. Bancorp Common Stock,Financial Services,Banks - Regional,United States,その他,59.33000183105469,92.439199744,461.24270693496703,0.04408267788549479,-0.02420304858458573,0.1583278200463116,,,0.09881345283059746,27.947595343566675,-0.05368157079984193,0.09309074454822484,True,18,12,10,40,63,B,-20,5.800000000000001,1.3000000000000007,8.100000000000001,8.100000000000001,Persistence
USFD,US Foods Holding Corp. Common Stock,Consumer Defensive,Food Distribution,United States,その他,93.33000183105469,20.19014656,240.36721986579894,0.04084272777675106,0.06405034132089783,0.045218310479490265,0.17410714285714285,0.15126050420168066,0.41045686007315496,16.171816148392978,-0.08107744046637493,0.1587344530630636,True,2,24,34,65,63,B,-20,0.0,14.049999999999997,27.550000000000004,27.550000000000004,Persistence
UTI,Universal Technical Institute Inc Common Stock,Consumer Defensive,Education & Training Services,United States,その他,20.299999237060547,1.118433152,37.3886400948143,0.1404815425959516,0.20625181097384296,0.45047460986472126,0.4967891950369548,-0.10138480770167378,0.33759936281908975,30.452661653663213,-0.25635580368151967,0.6035156458092384,False,13,14,76,100,25,D,-5,22.25,23.0,66.80000000000001,66.80000000000001,Persistence
UTZ,Utz Brands Inc Class A Common Stock ,Consumer Defensive,Packaged Foods,United States,その他,14.239999771118164,1.26185216,21.29698765769005,0.021004825432869714,-0.020164094006396883,0.021158036667113984,0.24902696691687518,3.0,0.36801975945017185,67.06649374320867,0.028707689703176945,0.0,True,30,25,26,100,55,B,-25,18.0,14.25,25.299999999999997,25.299999999999997,Persistence
UUUU,Energy Fuels Inc Ordinary Shares (Canada),Energy,Uranium,United States,電力/エネルギー,11.350000381469727,3.00518016,76.81294358165741,-0.15607957600430142,1.0595338536173804,2.0306032760687174,0.20862534510482084,-0.8837655843722915,0.4785827409671835,19.884178307596713,-0.1423864794105078,0.5905483166443765,False,0,0,10,85,16,D,-10,4.35,4.35,19.95,19.95,Persistence
UVE,UNIVERSAL INSURANCE HOLDINGS INC Common Stock,Financial Services,Insurance - Property & Casualty,United States,その他,42.13999938964844,1.1727712,5.9215127142333985,0.0548352686158039,0.09266719460297704,0.13816128467649988,,1.9006462035541196,0.03538443389166794,29.757095024525256,-0.019616199430251516,0.06521744281254538,True,12,24,42,100,60,B,-25,5.0,14.0,35.1,35.1,Persistence
UVV,Universal Corporation Common Stock,Consumer Defensive,Tobacco,United States,その他,42.470001220703125,1.057471424,14.485030966339112,-0.0077406860010776025,0.07229606053759532,0.06955690350778886,0.17507992901277838,-0.696372171136992,0.33968238019320024,11.893166128410996,-0.10726294791139487,0.2538962800953581,False,0,0,21,100,36,C,-5,13.600000000000001,13.600000000000001,38.75,38.75,Persistence
UWMC,UWM Holdings Corporation Class A Common Stock,Financial Services,Mortgage Finance,United States,その他,1.2200000286102295,1.959949184,14.395298837584257,0.09766002898728926,0.7829349635186401,-0.568800246867703,,0.5666889562884595,0.25953216896584236,14.285704554341052,-0.19968510855425864,0.7860836891462863,False,9,24,14,100,16,D,-35,0.0,0.0,0.9000000000000057,0.9000000000000057,Persistence
V,Visa Inc.,Financial Services,Credit Services,United States,その他,367.3800048828125,689.702764544,2218.3984428845215,0.1133997661860491,0.10023581294214927,0.11405663596042306,0.803625,0.15428235168244797,0.2526523934274845,40.56442831487803,-0.0010571827305684046,0.04362995034756703,True,40,26,71,10,87,S,-20,20.200000000000003,9.700000000000003,38.95,38.95,Persistence
VAC,Marriott Vacations Worldwide Corporation Common Stock,Consumer Cyclical,Resorts & Casinos,United States,その他,102.81999969482422,3.536526848,51.25114294788361,0.013086370042279041,0.05077215993230379,0.01524914089347079,0.3751987281399046,-1.195945945945946,0.582146151480988,44.24084469869892,-0.022249660308007044,0.16922089749116456,True,4,0,18,85,100,S,0,25.75,22.75,51.15,51.15,Persistence
VAL,Valaris Limited Common Shares,Energy,Oil & Gas Drilling,United States,電力/エネルギー,80.98999786376953,5.62360576,106.01104780380248,0.0027088800474054007,0.32417890371034636,0.11338533541341654,0.25031658927817646,3.0,0.21846252450610767,38.980463623411836,-0.022351119128406535,0.2859284149949422,False,18,44,50,85,63,B,0,32.55,52.05,61.35,61.35,Persistence
VFC,V.F. Corporation Common Stock,Consumer Cyclical,Apparel Manufacturing,United States,その他,14.149999618530273,5.562853888,100.4239622926712,0.010575409553030183,-0.041448199507890436,-0.10583848895143534,0.5477981890447545,0.49011977724910305,0.536411093136331,61.25512031558399,-0.013994626228016118,0.33526073454442623,False,46,47,30,85,53,B,0,52.55,53.3,48.35,53.3,Transition
VG,"Venture Global, Inc. Class A common stock",Energy,Oil & Gas Midstream,United States,電力/エネルギー,12.619999885559082,31.551172608,187.99490099522114,1.7693081255028158,-0.37039382043814106,0.22472084367245657,0.50170673251507,0.4122579529737206,0.653014257381282,33.54595564369852,-0.09755226540549851,0.2772058772925163,True,56,34,16,40,63,B,-10,44.3,27.799999999999997,21.400000000000002,44.3,Acceleration
VIA,"Via Transportation, Inc. Class A Common Stock",Technology,Software - Application,United States,ソフトウェア,29.40999984741211,2.397080064,26.218867813968657,0.28642893107839945,0.3567392929187395,,0.3955453944747972,0.5056912098692433,0.026090752221744794,56.03773887066612,0.19045690929947173,0.454663458539058,True,28,31,14,100,45,C,-10,30.5,32.75,31.700000000000003,32.75,Transition
VIRT,"Virtu Financial, Inc. Class A Common Stock",Financial Services,Capital Markets,United States,その他,53.400001525878906,4.71525632,54.86262756767273,0.2624895331825486,0.2544618777669398,-0.030209166732915765,0.6426715761987909,-0.16485152695721142,0.445499161916468,10.295179035367653,-0.10361871875872716,0.21101183316826672,True,57,24,44,85,63,B,-20,41.8,17.049999999999997,38.050000000000004,41.8,Acceleration
VLO,Valero Energy Corporation Common Stock,Energy,Oil & Gas Refining & Marketing,United States,電力/エネルギー,387.17999267578125,111.479750656,1529.320317170105,-0.05538916392697931,-0.10282110440296754,-0.1792519687271449,0.04376176775045441,-0.1291551246537396,0.20181761743809065,57.26261293614175,0.11794017474498293,0.06315332505954095,True,30,0,25,25,57,B,0,31.95,9.45,31.4,31.95,Acceleration
VLTO,Veralto Corp Common Stock ,Industrials,Pollution & Treatment Controls,United States,その他,97.13999938964844,23.682084864,173.26618841133117,0.05969574427113422,0.03425612427803226,0.031006160164271046,0.599491186625477,0.23658536585365852,0.3742363187313142,53.8748894059049,0.00951525628760979,0.08945700107099704,True,43,24,46,65,100,S,0,52.0,37.75,61.55,61.55,Persistence
VMC,Vulcan Materials Company (Holding Company) Common Stock,Basic Materials,Building Materials,United States,その他,245.0,31.746789376,290.78315,0.07056095555226014,-0.04680090980351842,0.06379866579177602,0.2738411555074234,0.40838605632055575,0.2924900002395152,30.15086306122687,-0.08764272935888727,0.25414183193348355,False,23,24,26,40,53,B,0,28.55,29.3,34.900000000000006,34.900000000000006,Persistence
VMI,"Valmont Industries, Inc. Common Stock",Industrials,Conglomerates,United States,その他,466.8299865722656,9.062875136,85.42988754272461,0.007133192017538995,-0.02384996112200504,-0.039273229388412635,0.30212114611186563,-0.3685483560307931,0.2747342274975225,36.70831068159306,-0.033147222739836314,0.19763250188723425,False,34,0,25,85,80,S,0,46.25,20.75,51.0,51.0,Persistence
VNT,Vontier Corporation Common Stock ,Technology,Scientific & Technical Instruments,United States,その他,31.479999542236328,4.256096,40.938952404689786,0.0324269889224572,-0.037542000516929436,-0.028011556337143573,0.47171283651970347,0.279292343387471,0.48880699505585057,35.032882972756255,-0.025723766736289698,0.2692847692369539,False,31,12,30,85,63,B,0,42.3,28.05,50.35,50.35,Persistence
VOYA,"Voya Financial, Inc. Common Stock",Financial Services,Financial Conglomerates,United States,その他,97.2699966430664,8.812306432,117.11015785835266,0.012165758459003929,0.0939969499514765,0.2410529938059188,,,0.0181036458886609,28.335449109168707,-0.027105491780672314,0.0723822613304075,True,0,0,30,85,60,B,-20,0.0,0.0,29.75,29.75,Persistence
VOYG,"Voyager Technologies, Inc. Class A Common Stock",Industrials,Aerospace & Defense,United States,防衛/宇宙,31.350000381469727,1.913261056,72.64610188396453,0.15424469413233458,0.05966397671649689,,0.17951676190819557,-0.9002449055034425,0.4443802394012494,42.896328630666844,-0.07419437067326007,0.3944369305724367,False,5,2,2,100,63,B,-15,10.05,7.800000000000001,23.700000000000003,23.700000000000003,Persistence
VRT,"Vertiv Holdings, LLC Class A Common Stock",Industrials,Electrical Equipment & Parts,United States,電力/エネルギー,253.27999877929688,97.509801984,1358.6205078520202,0.27685414014328863,0.16735633523720714,0.20586840024598085,0.363170705480992,0.6626145172656801,0.26431332088696735,38.60724050845341,-0.047435823542059476,0.3264896326857733,False,40,29,85,40,63,B,0,42.3,34.05,69.35000000000001,69.35000000000001,Persistence
VSH,"Vishay Intertechnology, Inc. Common Stock",Technology,Semiconductors,United States,半導体,32.54999923706055,4.992492032,114.21941207281112,0.04475135544921734,-0.13652317944060116,-0.02726481750305441,0.19383307136284605,0.39208345573416586,0.2534712906456062,54.32603101861672,-0.02082153065625422,0.49687153954194296,True,23,30,6,85,75,A,0,37.5,42.75,39.55,42.75,Transition
VST,Vistra Corp. Common Stock,Utilities,Utilities - Independent Power Producers,United States,電力/エネルギー,138.4600067138672,46.472052736,622.6435733917236,0.029842080817464003,0.16543744502334393,0.07655885780885781,0.3288984101928064,-0.46961770623742455,0.4829843561973526,30.89501353063072,-0.04764836336908486,0.3395099362679567,False,4,0,33,40,63,B,0,15.3,12.3,40.75,40.75,Persistence
VSTS,Vestis Corporation Common Stock,Industrials,Rental & Leasing Services,United States,その他,13.649999618530273,1.803985408,22.51294437084198,-0.025297773912795547,-0.006889921940646009,0.05146287409215837,0.265009018812442,-0.9853162391857118,0.48803502012453126,55.685121792262514,-0.01301521332573876,0.1727272958466501,True,0,0,17,100,100,S,-5,20.0,20.0,49.35,49.35,Persistence
VSXY,Victorias Secret & Co. Common Stock ,Consumer Cyclical,Apparel Retail,United States,その他,82.91000366210938,6.613236736,183.90765372314453,0.05184590690208668,0.007764477515367195,-0.0255359394703657,0.3638028383946284,0.2631578947368421,0.5677239178136845,63.91519326833857,-0.02418868056319295,0.1706511688534494,True,39,12,26,85,80,S,0,50.0,29.75,51.55,51.55,Persistence
VTOL,"Bristow Group, Inc. Common Stock",Energy,Oil & Gas Equipment & Services,United States,電力/エネルギー,42.619998931884766,1.263341952,13.800781854133605,0.05299998375122131,0.09099688692020912,0.09468834057259341,0.6677369923891925,1.7231349313223807,0.3950380333506255,43.794314608611074,-0.04282985647212468,0.14295878275748514,False,24,37,50,100,90,S,-5,37.0,46.75,65.5,65.5,Persistence
VVV,Valvoline Inc. Common Stock,Consumer Cyclical,Auto & Truck Dealerships,United States,その他,28.920000076293945,3.690192128,76.79937380260468,0.05639283508338481,0.12157949428472463,0.16778577784968854,0.38502017189966675,-0.06633906633906633,0.520259137207909,33.07943518384958,-0.13922935367405564,0.28184753544698693,False,4,0,41,85,41,C,0,19.85,16.85,52.0,52.0,Persistence
VVX,"V2X, Inc. Common Stock",Industrials,Aerospace & Defense,United States,防衛/宇宙,75.6500015258789,2.371276288,55.667053622817996,0.036528768635090594,0.09059237581646408,0.37091592121375644,0.0833434894971873,-0.2985399051350794,0.33472190048889916,54.31085710603657,-0.04437194543185984,0.16694192754419016,True,0,12,48,100,100,S,0,25.0,34.0,71.4,71.4,Persistence
VZ,Verizon Communications Inc. Common Stock,Communication Services,Telecom Services,United States,その他,47.08000183105469,195.606822912,999.1640486598968,0.025247054633943673,0.006075805753355128,-0.020908393320422408,0.5892279526163064,0.03984779621604482,0.44932444132212596,32.53424955799997,-0.020977826760555218,0.084936809855843,True,40,12,30,25,90,S,0,42.75,21.75,40.75,42.75,Acceleration
W,Wayfair Inc. Class A Common Stock,Consumer Cyclical,Internet Retail,United States,その他,98.1500015258789,12.955456512,236.43550167572022,0.051134925322757575,-0.0126635007914688,-0.017596988050417418,0.30223970458376814,2.963855421686747,1.2491279069767443,47.72080128156361,-0.0073846772667239885,0.1755564971870894,True,49,37,24,65,100,S,-20,36.5,27.5,29.450000000000003,36.5,Acceleration
WAL,Western Alliance Bancorporation Common Stock (DE),Financial Services,Banks - Regional,United States,その他,77.61000061035156,8.467318272,86.65855058151246,0.12275371687136392,0.20821618244298656,0.030337169067353342,,0.01153655601953429,0.06980403992497898,34.62248549642345,-0.031488123413342055,0.17975566430329815,False,7,26,30,85,80,S,-30,0.0,10.25,23.75,23.75,Persistence
WBI,WaterBridge Infrastructure LLC Class A Shares Representing Limited Liability Company Interests,Energy,Oil & Gas Equipment & Services,United States,電力/エネルギー,29.799999237060547,3.678994944,20.690139470291136,0.6615859827503351,0.5754381945240005,,0.27065015326713004,-0.3812600218447166,0.3923719331246858,31.825052243477614,-0.07709543481805127,0.17571905851284012,True,18,22,6,85,80,S,0,34.25,37.25,40.55,40.55,Persistence
WCC,"WESCO International, Inc. Common Stock",Industrials,Industrial Distribution,United States,その他,367.44000244140625,17.90640128,176.7937571746826,0.07755238601572956,-0.025302431963976198,0.04505581206436945,0.21147637904121067,-0.9749627421758569,0.3960981879247525,58.12005318279301,0.05868179196597151,0.016373093939460286,True,18,0,21,65,60,B,0,29.25,15.75,39.8,39.8,Persistence
WD,"Walker & Dunlop, Inc Common Stock",Financial Services,Mortgage Finance,United States,その他,37.97999954223633,1.303691776,18.58456327600479,0.08990454661851319,0.07402033306778953,-0.16231381375059284,0.4227330985995369,-6.842729256516435,0.4888199928925474,22.074772694120526,-0.11158811279696054,0.5355999075325866,False,34,0,6,100,28,D,-35,8.299999999999997,0.0,0.0,8.299999999999997,Acceleration
WEC,"WEC Energy Group, Inc. Common Stock",Utilities,Utilities - Regulated Electric,United States,電力/エネルギー,101.44999694824219,33.057417216,265.3957282665253,0.13955976232281772,-0.03295850669065557,-0.07339487777939858,0.4217814103937715,-3.3652194102623634,0.43313152802014043,29.865462751479015,-0.05538519670553013,0.13896224689975348,False,39,14,6,40,53,B,0,40.55,21.8,23.900000000000002,40.55,Acceleration
WEX,WEX Inc. common stock,Technology,Software - Infrastructure,United States,ソフトウェア,178.27999877929688,6.076069888,100.31904671310424,0.012403926641808082,0.031475667189952906,0.08397855866587255,0.5863650030066145,-0.26869300911854105,0.33739365950206607,35.46046057412791,-0.051815104264267116,0.1228536345422048,True,8,0,41,85,80,S,0,26.75,20.75,59.8,59.8,Persistence
WFC,Wells Fargo & Company Common Stock,Financial Services,Banks - Diversified,United States,その他,82.97000122070312,250.90121728,1192.1374536894225,0.01704821619519782,-0.0036442001525479133,0.11065243115318417,,,0.08984092661792556,29.532171048287353,-0.04265740763048483,0.1250555637753068,False,18,12,10,25,63,B,-30,0.0,0.0,0.0,0.0,Acceleration
WH,"Wyndham Hotels & Resorts, Inc. Common Stock ",Consumer Cyclical,Lodging,United States,その他,69.98999786376953,5.194036224,86.50973705955505,0.014914772727272728,0.007874015748031496,-0.06742323097463285,,0.33195020746887965,0.6128646580583453,44.27685520456153,-0.034945709179807334,0.2124217989610769,False,35,12,20,85,90,S,-10,38.0,20.75,40.25,40.25,Persistence
WHD,"Cactus, Inc. Class A Common Stock",Energy,Oil & Gas Equipment & Services,United States,電力/エネルギー,64.30000305175781,4.483843072,53.62813154525757,-0.044930404473656725,0.029950043757292884,0.5935639170270596,0.37015673957950085,-0.20699653711855043,0.020169190598290143,31.710365020235514,-0.026961641361705715,0.1260168123905049,True,4,0,37,85,90,S,0,24.75,21.75,59.6,59.6,Persistence
WHR,Whirlpool Corporation Common Stock,Consumer Cyclical,"Furnishings, Fixtures & Appliances",United States,その他,31.709999084472656,2.067472128,91.08427702022553,-0.0652134642018426,-0.14638910305833977,-0.01363820726019063,0.15369750064416388,-0.7890625,0.44934058378648667,18.610431505539665,-0.17029061262537123,0.6538647284457915,False,18,35,17,100,16,D,0,30.1,42.85,37.550000000000004,42.85,Transition
WK,Workiva Inc. Class A Common Stock,Technology,Software - Application,United States,ソフトウェア,69.63999938964844,3.908150528,66.03647762123109,0.19749824010396924,0.1724353571763018,0.17134836160818034,0.7847197728156569,0.5972235119323985,0.533853429130587,32.95508779642492,0.016185414018828472,0.2536705475110725,True,65,39,82,85,73,A,0,68.8,49.3,80.94999999999999,80.94999999999999,Persistence
WKC,World Kinect Corporation Common Stock,Energy,Oil & Gas Refining & Marketing,United States,電力/エネルギー,35.650001525878906,1.823555328,40.96060400318146,-0.12453519256308102,-0.11617124915637196,-0.19193606026783824,0.025674086996093897,0.18570683359415754,0.11887992632889374,54.18059432619046,-0.024276722041435723,0.11428567637567935,True,2,12,30,100,100,S,-5,21.5,29.0,56.5,56.5,Persistence
WLK,Westlake Corporation Common Stock,Basic Materials,Specialty Chemicals,United States,その他,67.70999908447266,8.653104128,44.747507094955445,-0.0800527096030308,-0.03235575390500478,-0.20552108395593263,0.07278424350940017,-2.7320261437908497,0.3211261960823606,25.484788252860227,-0.08638707460797146,0.4440823886213246,False,0,0,6,85,28,D,0,15.55,15.55,30.150000000000002,30.150000000000002,Persistence
WLY,"John Wiley & Sons, Inc. Common Stock",Communication Services,Publishing,United States,その他,47.54999923706055,2.410020864,29.82709695142441,-0.0006443694567685318,-0.10431359107137422,-0.07273280855487896,0.7426174808890755,0.4745236485640602,0.2966624199693034,46.741349733670624,-0.06466500956067246,0.1466260194661834,True,38,24,38,100,90,S,0,52.5,42.0,63.900000000000006,63.900000000000006,Persistence
WM,"Waste Management, Inc. Common Stock",Industrials,Waste Management,United States,その他,206.8300018310547,82.673098752,469.0707953026581,0.1423650455513756,0.08014295505727993,0.03695806680881308,0.4043802571020473,0.30430754979157015,0.4997709174211847,24.89188821114425,-0.06951152023611382,0.1502414181806487,False,44,14,38,40,53,B,0,44.3,21.8,41.5,44.3,Acceleration
WMB,"Williams Companies, Inc. (The) Common Stock",Energy,Oil & Gas Midstream,United States,電力/エネルギー,69.26000213623047,84.71658496,557.2213044867325,0.1377701609064077,-0.037040432749610344,-0.005289557683538532,0.619581589958159,-0.6084494773519163,0.5018182439007733,30.83203447912308,-0.04078442422020099,0.11488504485222226,False,41,21,29,40,80,S,0,44.75,29.75,41.95,44.75,Acceleration
WMK,"Weis Markets, Inc. Common Stock",Consumer Defensive,Grocery Stores,United States,その他,72.0199966430664,1.782105728,15.895173359107972,0.0346386378197436,0.016365639051511133,0.00012452306816354566,0.2500878934201261,-0.8489962043261535,0.08488580463548884,50.21830423998308,-0.013954072763098036,0.12434534418066762,True,30,0,37,100,100,S,-25,22.5,0.0,40.349999999999994,40.349999999999994,Persistence
WMS,"Advanced Drainage Systems, Inc. Common Stock",Industrials,Building Products & Equipment,United States,その他,133.1300048828125,10.038713344,106.13323684265137,0.05031634727786395,0.010357376813071474,-0.06403134230139418,0.38270232915548774,0.5446822250622038,0.3979909104689851,45.04336363045525,-0.03622197345143269,0.2378904903586003,False,43,12,30,65,90,S,0,51.0,27.75,50.75,51.0,Acceleration
WOLF,"Wolfspeed, Inc. Common Stock New",Technology,Semiconductors,United States,半導体,27.56999969482422,1.459295744,65.60584697380065,,-0.061446977205153616,,,0.38167668906968516,0.5977569969050551,47.33606346467503,0.019698633496659363,0.6248979633357249,False,5,12,2,100,65,A,-15,10.25,15.5,24.1,24.1,Persistence
WOR,"Worthington Enterprises, Inc. Common Shares",Industrials,Metal Fabrication,United States,その他,62.2400016784668,3.0452032,31.386076846408844,0.1972070496341533,-0.07380651728381485,-0.1218142314112976,0.2738559261908416,0.06937498429293056,0.18925805599806067,49.943091019877905,0.08286637125580737,0.0003821204160254085,True,37,26,30,85,60,B,0,46.5,38.25,49.75,49.75,Persistence
WRB,W.R. Berkley Corporation Common Stock,Financial Services,Insurance - Property & Casualty,United States,その他,66.81999969482422,24.805423104,249.7450944593811,0.06929465563392585,0.13045750692812624,0.07967155397194847,,-0.04481792011464574,0.06443512570865365,34.344924746331415,-0.05114518035785303,0.12459298095615154,False,0,12,37,65,70,A,-20,0.0,5.75,30.6,30.6,Persistence
WS,"Worthington Steel, Inc. Common Shares",Basic Materials,Steel,United States,その他,36.2599983215332,1.847324416,10.894679095687867,0.11330941066175282,-0.09832099341223109,-0.049089447570474266,0.11710900749172426,-0.1991991991991992,0.15729888119339372,51.428826253965354,0.024586945234745076,0.2451282140064552,False,23,2,25,100,90,S,-5,36.25,20.5,51.75,51.75,Persistence
WSM,"Williams-Sonoma, Inc. Common Stock (DE)",Consumer Cyclical,Specialty Retail,United States,その他,231.89999389648438,27.310399488,282.22345207199095,0.012354858775956712,-0.00504615611693055,-0.10649303578557498,0.46152631239163316,-0.07307217726176937,0.2692033795080186,54.9955370405219,-0.004046544911593027,0.07895784009530774,True,38,0,29,65,87,S,0,46.95,18.450000000000003,49.60000000000001,49.60000000000001,Persistence
WSO,"Watsco, Inc. Common Stock",Industrials,Industrial Distribution,United States,その他,317.2300109863281,13.08643328,151.63594525146485,-0.049752064662050684,0.045930903610727804,0.0012953745382401492,0.28047833420128215,-0.2798730033969842,0.10845054311572085,51.92802863254066,-0.01895959306548637,0.2996615264235964,False,0,0,25,65,73,A,0,17.05,17.05,44.6,44.6,Persistence
WT,"WisdomTree, Inc. Common Stock",Financial Services,Asset Management,United States,その他,24.329999923706055,3.686289664,74.58677766611099,0.15433782908656488,0.22548455026000258,0.15825714712372863,0.5406043102522922,0.30435918690982483,0.6322698637950852,45.17241934958767,0.08311609624289135,0.02835467116061551,True,21,33,73,85,60,B,-30,4.5,13.5,43.400000000000006,43.400000000000006,Persistence
WTRG,"Essential Utilities, Inc. Common Stock",Utilities,Utilities - Regulated Water,United States,その他,39.529998779296875,11.217767424,102.50820458450318,0.18623248117431798,0.01572140553426194,-0.10236220472440945,0.578350167601829,0.2500572037382643,0.42660170168321404,25.05746158777262,-0.02055085247990456,0.05880955287388393,True,48,26,10,65,60,B,0,51.75,35.25,33.75,51.75,Acceleration
WTS,"Watts Water Technologies, Inc. Class A Common Stock",Industrials,Specialty Industrial Machinery,United States,その他,357.7900085449219,11.944121344,73.87290306427002,0.08271911908356273,0.09526820016534553,0.03879767618085375,0.4945663317613287,0.09361571516267649,0.06861724281549354,43.446252309978725,-0.006437184652280707,0.08623163295702553,True,10,24,50,65,100,S,0,27.25,37.75,63.75,63.75,Persistence
WTTR,"Select Water Solutions, Inc. Class A common stock",Energy,Oil & Gas Equipment & Services,United States,電力/エネルギー,19.84000015258789,2.831837696,34.79162266757965,-0.03080488266790627,-0.08406834313872052,0.14266264000807255,0.1438155845337032,-2.294105259747623,0.22105812691305907,48.014446274902696,-0.008707207007567781,0.10569095066409828,True,18,0,10,100,100,S,0,38.5,25.0,50.5,50.5,Persistence
WU,Western Union Company (The) Common Stock,Financial Services,Credit Services,United States,その他,6.179999828338623,1.927411968,57.0867596143055,-0.037769912345297765,-0.03380766582510902,-0.026477488548765502,0.3703310538919199,0.42509974610083423,0.37365005598430034,23.16098697426267,-0.11848384084322325,0.34099261761572164,False,9,12,30,100,36,C,-25,0.3500000000000014,2.6000000000000014,23.700000000000003,23.700000000000003,Persistence
WWW,"Wolverine World Wide, Inc. Common Stock",Consumer Cyclical,Footwear & Accessories,United States,その他,19.06999969482422,1.565005056,13.362253436164856,0.06797720797720798,-0.21753087520620626,-0.16459326579261024,0.4730832844261858,-0.21513445903689807,0.4457965248932311,35.096987228156394,-0.026564056872551117,0.3012086338598221,True,29,12,25,100,73,A,-5,39.05,26.3,48.35,48.35,Persistence
XOM,ExxonMobil Holdings Corporation Common Stock,Energy,Oil & Gas Integrated,United States,電力/エネルギー,160.58999633789062,660.331954176,2331.5636004808043,-0.04522368657644725,0.013594385369453565,-0.16047657866683387,0.21994103209274324,-0.23128011459825498,0.09696868457392312,51.95666545819027,0.009960383882648197,0.05155924054274137,True,0,0,25,10,87,S,0,10.200000000000001,10.200000000000001,33.650000000000006,33.650000000000006,Persistence
XPO,"XPO, Inc. Common Stock",Industrials,Trucking,United States,その他,173.1699981689453,20.275863552,194.9790277383423,0.010530227948463826,0.042355371900826444,0.0033687483804094327,0.12001961505455437,3.0,0.49914571637783745,19.92149988462637,-0.11067904803999229,0.24171300139458532,False,12,12,34,65,53,B,0,24.05,24.05,45.550000000000004,45.550000000000004,Persistence
XPRO,Expro Ltd Ordinary Shares,Energy,Oil & Gas Equipment & Services,United States,電力/エネルギー,16.329999923706055,1.851757824,13.11813388871193,-0.061715831719019475,0.13223344817830143,0.18238449044800056,0.11935573192623958,2.7750453615411343,0.07458236240476049,25.816042212954002,-0.04697986704182639,0.13871304260349077,True,12,12,30,100,73,A,-5,26.3,26.3,51.1,51.1,Persistence
XXI,"Twenty One Capital, Inc. Class A Common Stock",Consumer Defensive,Education & Training Services,United States,その他,6.639999866485596,4.325820416,18.112193235807418,,,,,,0.12333634268776654,58.231707405717806,0.22482103983695076,0.730190991393448,False,0,0,10,85,35,C,0,16.25,16.25,33.75,33.75,Persistence
XYL,Xylem Inc. Common Stock New,Industrials,Specialty Industrial Machinery,United States,その他,102.62999725341797,23.962750976,278.77694043937686,0.055244101845363235,0.16268332428028245,0.3335747917421224,0.38461538461538464,-0.03397027600849257,0.11698990586367244,39.563417407618466,-0.0973008920754189,0.3195903617968021,False,7,12,56,65,53,B,0,20.3,24.05,57.650000000000006,57.650000000000006,Persistence
XYZ,"Block, Inc. Class A Common Stock,",Technology,Software - Infrastructure,United States,ソフトウェア,76.41999816894531,45.912752128,301.53650037506105,0.003011062576745717,0.1006327769007525,0.2500649827080686,0.428208016117265,0.5608802094498336,0.22671053396435747,28.228016111850238,-0.046528238412296974,0.09935180267265294,True,19,19,54,40,73,A,0,27.55,27.55,54.300000000000004,54.300000000000004,Persistence
XZO,"Exzeo Group, Inc. Common Stock",Financial Services,Insurance - Diversified,United States,その他,15.210000038146973,1.370206848,4.9811229124927525,,,,0.6038482809475527,,0.020834891037402152,35.04464708610894,-0.0582859640762857,0.37278350358156814,False,12,0,37,100,53,B,-25,4.300000000000001,0.0,30.950000000000003,30.950000000000003,Persistence
YETI,"YETI Holdings, Inc. Common Stock",Consumer Cyclical,Leisure,United States,その他,42.279998779296875,3.085966336,75.10344163162232,0.02110583630667265,0.10318843585358045,0.039800729929752726,0.5740901496071168,-0.07949332337961013,0.18492688304687158,56.96564225576664,-0.06974700467873414,0.1974184029163172,False,8,0,45,85,80,S,0,26.75,20.75,62.0,62.0,Persistence
YOU,"Clear Secure, Inc. Class A Common Stock",Technology,Software - Application,United States,ソフトウェア,39.599998474121094,5.377207808,81.71182485145569,0.1691019198222425,0.2557274613374969,0.4026778896930737,0.6442368216843422,0.21091229927651314,0.0861774508359726,24.62297185003156,-0.15198092924753337,0.3609612917161986,False,25,21,97,85,24,D,0,33.9,30.9,79.39999999999999,79.39999999999999,Persistence
YUM,"Yum! Brands, Inc.",Consumer Cyclical,Restaurants,United States,その他,138.6300048828125,37.832278016,316.9255199127197,0.08809113789905948,0.06684567552289429,0.034200526161940956,0.4616508400292184,0.14455307262569833,1.609003293888008,33.62831116550733,-0.05791201236553687,0.1681358399100788,False,40,24,40,40,70,A,-40,3.0,0.0,6.0,6.0,Persistence
ZETA,Zeta Global Holdings Corp. Class A Common Stock,Technology,Software - Infrastructure,United States,ソフトウェア,29.450000762939453,7.39235072,192.99086149967192,0.2972038888237084,0.3801595393585766,0.2331152140327365,0.6063465954557021,0.791582513518796,0.13108071437502827,33.449480014873345,0.07385342986847121,0.09883719437189749,True,36,49,97,85,75,A,0,47.25,57.0,89.6,89.6,Persistence
ZWS,Zurn Elkay Water Solutions Corporation Common Stock,Industrials,Pollution & Treatment Controls,United States,その他,46.650001525878906,7.737560576,42.03841562503815,0.08260453239706352,0.02352172492649461,0.1940240287096271,0.4509699864378796,0.1652557968347442,0.20646413376128983,40.24392324093816,-0.0386490030510825,0.1208403801754075,False,28,24,58,85,90,S,0,42.75,39.75,71.15,71.15,Persistence
