ticker,name,sector,industry,country,theme,price,market_cap_bil,dollar_volume_mil,revenue_growth_1y,revenue_growth_2y,revenue_growth_3y,gross_margin,fcf_growth,debt_ratio,rsi,gap50,dist_high,above200,acceleration_score,transition_score,persistence_score,upside_score,entry_score,entry_grade,risk_penalty,acceleration_final,transition_final,persistence_final,total_score,best_type
AAL,"American Airlines Group, Inc. - Common Stock",Industrials,Airlines,United States,その他,17.920000076293945,11.85202176,2641.5392752462863,0.007784398000405822,0.026956884140334925,0.07794408935900839,0.19166071788113412,-3.2751592356687897,0.5970796775342377,87.93504481384761,0.27381290966194244,0.012672151353739407,True,0,0,14,65,10,D,0,10.75,10.75,25.950000000000003,25.950000000000003,Persistence
AAOI,"Applied Optoelectronics, Inc. - Common Stock",Technology,Communication Equipment,United States,通信/光通信,120.94999694824219,9.705362432,1737.8633789009857,0.8275018547109658,0.14573665493507806,-0.023211769246649732,0.300435579254578,-2.1202507096387455,0.2123220785623015,32.054564783185384,-0.28287596173209867,0.4578664561213732,True,66,50,22,85,35,C,-10,55.75,43.75,30.35,55.75,Acceleration
AAON,"AAON, Inc. - Common Stock",Industrials,Building Products & Equipment,United States,その他,107.62000274658203,8.815338496,105.24859598606109,0.20109442086895685,0.027485241990281708,0.31473197207883097,0.26747827437666255,-1.4516879813806176,0.25178979075131486,29.472649128289078,-0.13542704670315922,0.27355839442559643,True,27,5,33,85,34,D,0,36.4,19.9,46.2,46.2,Persistence
AAPL,Apple Inc. - Common Stock,Technology,Consumer Electronics,United States,その他,308.6300048828125,4532.958920704,21333.521330216063,0.0642551178283274,0.020219940775141214,-0.028004605303199367,0.4690516410716045,-0.09227347505215656,0.2746262258483859,58.29293135375314,0.051705793800764954,0.020843931058934746,True,38,12,29,10,60,B,0,36.0,16.5,30.450000000000003,36.0,Acceleration
ABNB,"Airbnb, Inc. - Class A Common Stock",Consumer Cyclical,Travel Services,United States,その他,148.92999267578125,88.390680576,595.4667897155762,0.10259412718429112,0.11949178178884744,0.18073580188117633,0.8295890858589985,,0.09307456772334294,72.75707507808215,0.08006219778368295,0.0,True,20,2,55,40,25,D,0,23.5,10.0,45.25,45.25,Persistence
ACIW,"ACI Worldwide, Inc. - Common Stock",Technology,Software - Infrastructure,United States,ソフトウェア,54.880001068115234,5.5791872,59.99344516763687,0.10380433146332407,0.09755682823447125,0.02157534174320153,0.4899078408575608,-0.07720188589626295,0.273461652796686,81.72496042080375,0.23903318670023488,0.0,True,43,14,41,85,10,D,0,46.0,24.25,45.8,46.0,Acceleration
ACLS,"Axcelis Technologies, Inc. - Common Stock",Technology,Semiconductor Equipment & Materials,United States,半導体,144.5,4.441048064,107.99352,-0.17567850353435868,-0.09971572716884072,0.2289200628697019,0.4491375940351446,-0.16812425662911915,0.03109337709378404,39.99724457620448,-0.09338566885386228,0.24582465868017211,True,4,0,29,85,80,S,0,23.75,20.75,53.2,53.2,Persistence
ACMR,"ACM Research, Inc. - Class A Common Stock",Technology,Semiconductor Equipment & Materials,United States,半導体,97.7699966430664,6.756834304,191.80566826435089,0.15239516287823576,0.4023413056302143,0.43435468274216116,0.4438732998339082,-2.022224895491865,0.1037217310166302,53.07840523915509,0.2396049427701674,0.2294901322929442,True,9,2,69,85,70,A,-10,16.5,11.25,63.2,63.2,Persistence
ACT,"Enact Holdings, Inc. - Common Stock",Financial Services,Insurance - Specialty,United States,その他,45.34000015258789,6.329498112,15.226758951244355,0.02833561052244432,0.04168205213550307,0.05371673244294087,,,0.10799806657492762,79.1887144205598,0.05635918907006152,0.00809448565511898,True,0,0,22,85,25,D,-20,0.0,0.0,18.35,18.35,Persistence
ADBE,Adobe Inc. - Common Stock,Technology,Software - Application,United States,ソフトウェア,219.72000122070312,87.338696704,1964.849406716156,0.10527784236224134,0.10799113813179453,0.10240826990798592,0.8926753334174765,0.25136542613997204,0.22538649308380798,50.69507289428985,-0.06470844923944405,0.4251778808230421,False,25,26,75,40,55,B,0,30.25,31.0,62.25,62.25,Persistence
ADEA,Adeia Inc.  - Common Stock,Technology,Software - Application,United States,ソフトウェア,29.190000534057617,3.219474688,67.28454792403203,0.179142820671021,-0.032830231385742356,-0.11424294824039204,,-0.2147304431963989,0.41156813749214616,34.423259189271164,-0.03419638653391259,0.13040622117731343,True,41,28,17,85,90,S,0,52.5,42.75,48.6,52.5,Acceleration
ADI,"Analog Devices, Inc. - Common Stock",Technology,Semiconductors,United States,半導体,377.1600036621094,183.709745152,2191.36185267746,0.1689321605654812,-0.23390946142220995,0.024270612678441477,0.614669518890112,0.370454692501696,0.1805401203416052,39.701981261672806,-0.07724015378150326,0.15336267764956013,True,46,33,42,25,80,S,0,46.25,36.5,45.35,46.25,Acceleration
ADP,"Automatic Data Processing, Inc. - Common Stock",Technology,Software - Application,United States,ソフトウェア,242.27000427246094,96.843620352,733.5947842870331,0.07073521293991439,0.06608853998956263,0.09176096931198972,0.46027168071436564,0.2221634856157142,0.16986169951638863,67.55400547538446,0.11344590976631151,0.19919394887178363,True,31,24,50,40,50,B,0,34.25,29.0,47.5,47.5,Persistence
ADSK,"Autodesk, Inc. - Common Stock",Technology,Software - Application,United States,ソフトウェア,207.47999572753906,43.808415744,724.3935822831726,0.17533844397325068,0.11533563762052028,0.0983016983016983,0.9097973910630031,0.5787375415282392,0.21929894922595652,51.7538911293656,-0.07896129109082432,0.3650968808643425,False,62,26,65,40,63,B,0,58.8,31.8,58.35,58.8,Acceleration
ADTN,"ADTRAN Holdings, Inc. - Common Stock",Technology,Communication Equipment,United States,通信/光通信,12.710000038146973,1.029485824,29.774064789361955,0.1745784203225247,-0.1970063527978418,0.12048723789316027,0.38286798295268437,0.5756139482799031,0.20343663267449458,25.636003883377725,-0.18898914238773207,0.3448453459758433,True,46,54,34,100,34,D,-5,47.9,53.9,45.5,53.9,Transition
AEHR,Aehr Test Systems - Common Stock,Technology,Semiconductor Equipment & Materials,United States,半導体,69.95999908447266,2.200469504,120.09438382839203,-0.10948684647678879,0.019350071581410385,0.27803025831710243,0.4058641975308642,-13.305858987090367,0.07292536429013925,32.665899328311,-0.28073087518517964,0.3998970836708578,True,4,0,14,100,43,C,-10,12.3,9.3,31.300000000000004,31.300000000000004,Persistence
AEIS,"Advanced Energy Industries, Inc. - Common Stock",Industrials,Electrical Equipment & Parts,United States,電力/エネルギー,311.2699890136719,12.454116352,339.78387635726926,0.21376518218623483,-0.10496436767725571,-0.10275264952948432,0.37658438959306206,0.7013513513513514,0.2667138031267185,44.07469225436465,-0.09705175945619879,0.19967567063691716,True,46,36,30,65,90,S,0,53.25,45.75,50.75,53.25,Acceleration
AEP,"American Electric Power Company, Inc. - Common Stock",Utilities,Utilities - Regulated Electric,United States,電力/エネルギー,138.50999450683594,75.36398336,855.6918919141388,0.10927437756706049,0.038931619428932675,-0.033478449044018435,0.6100749680014628,-0.6949327817993796,0.43253538354010135,73.40177836512308,0.05669186337297085,0.0012979157214043763,True,50,14,14,40,25,D,0,46.0,19.0,22.700000000000003,46.0,Acceleration
AEVA,"Aeva Technologies, Inc. - Common Stock",Technology,Software - Infrastructure,United States,ソフトウェア,23.979999542236328,1.619494016,61.93206571775436,0.9943739658025372,1.1022727272727273,0.02862595419847328,-0.036506443940483434,-0.06843420817711122,0.5698020600887029,50.86492328309666,0.11490804108974784,0.2867340778082533,True,32,58,22,100,53,B,-15,29.299999999999997,48.8,32.7,48.8,Transition
AFRM,"Affirm Holdings, Inc. - Class A Common Stock",Financial Services,Credit Services,United States,その他,84.58000183105469,28.325720064,382.89874308929444,0.38803847956886767,0.46285953582684974,0.1769024051132001,0.6751122375180343,1.0688896376726882,0.7040211551324083,77.46736076470953,0.2216611796985401,0.08244736872380293,True,48,85,87,65,35,C,-30,19.25,47.0,41.099999999999994,47.0,Transition
AGYS,"Agilysys, Inc. - Common Stock",Technology,Software - Application,United States,ソフトウェア,110.80999755859375,3.121144064,44.49575451965332,0.1585057904971991,0.16069804265067547,0.19891954661348546,0.6261055018289322,0.30191995415034867,0.03954910202521972,77.94419540927834,0.3584251291143976,0.21478173616307183,True,28,33,87,85,35,C,0,37.25,41.0,76.1,76.1,Persistence
AIP,"Arteris, Inc.  - Common Stock",Technology,Semiconductors,United States,半導体,35.060001373291016,1.61878976,40.13493657207489,0.22269766474949762,0.07561584615957963,0.06526658462027075,0.9023080519701328,3.0,0.05187297337239527,46.91696337116808,-0.016698691451546576,0.2784523304549994,True,72,44,65,100,83,S,-5,72.3,51.3,72.35,72.35,Persistence
AKAM,"Akamai Technologies, Inc. - Common Stock",Technology,Software - Infrastructure,United States,ソフトウェア,113.16999816894531,16.453271552,463.7129357972717,0.05437180294089349,0.04702302251883565,0.053990788170502346,0.589486416320614,-0.1614562347704292,0.4943871512380655,21.740383226861567,-0.12993005481157155,0.2976914571329252,True,26,0,37,65,34,D,0,32.65,13.15,43.400000000000006,43.400000000000006,Persistence
ALAB,"Astera Labs, Inc. - Common Stock",Technology,Semiconductors,United States,半導体,406.4200134277344,69.663612928,2695.590899559784,1.151265487395594,2.422370761870218,0.44974459134615385,0.756882202867951,1.7507492848844588,0.0027065790238167205,55.57368157652713,0.336599294499332,0.1585855188775,True,62,87,83,40,70,A,0,59.5,78.25,69.65,78.25,Transition
ALGM,"Allegro MicroSystems, Inc. - Common Stock",Technology,Semiconductors,United States,半導体,55.48500061035156,10.337357824,202.13601859855652,0.22770846034377645,-0.30910158219193096,0.07776281693786184,0.4628377163811544,3.0,0.2160128515190566,56.70976360923141,0.10819729356556254,0.20303076096796652,True,53,42,38,65,70,A,0,56.5,48.25,51.150000000000006,56.5,Acceleration
ALGT,Allegiant Travel Company - Common Stock,Industrials,Airlines,United States,その他,118.66999816894531,3.189552896,84.25985214988708,0.037407630137678706,0.001088508229751735,0.09037508867948053,0.15371527200978755,0.9608375541747167,0.4429898695800186,93.54148591738713,0.3494857507219616,0.004112164133139205,True,27,30,34,85,10,D,0,34.0,36.25,41.95,41.95,Persistence
ALKT,"Alkami Technology, Inc. - Common Stock",Technology,Software - Application,United States,ソフトウェア,19.020000457763672,2.035504768,44.870273279914855,0.32886125164370716,0.26061148430508513,0.2964752533411661,0.578395948056866,2.185347235151741,0.43500148130312183,82.8800048828125,0.15032903171063514,0.37924279253773485,False,55,20,85,100,8,D,0,57.05,30.8,73.35,73.35,Persistence
ALNT,Allient Inc. - Common Stock,Technology,Electronic Components,United States,半導体,86.88999938964844,1.47682688,26.948933310699463,0.04624807535549316,-0.08410497827642344,0.1503932499383683,0.3277118298652065,0.5446264805546056,0.350815017443018,45.3413449057259,0.08097993586597613,0.15583407041650207,True,34,24,30,100,85,S,-5,44.0,36.5,53.5,53.5,Persistence
ALRM,"Alarm.com Holdings, Inc. - Common Stock",Technology,Software - Application,United States,ソフトウェア,49.689998626708984,2.457696256,32.10147826280594,0.07592886775970471,0.06594781338396383,0.04643354352632872,0.6614918902240634,-0.2974234754614246,0.4987576003081544,63.311683687276556,0.10243134635044986,0.16007439562421466,True,42,12,41,100,50,B,0,51.5,29.0,57.55,57.55,Persistence
AMAL,Amalgamated Financial Corp. - Common Stock,Financial Services,Banks - Regional,United States,その他,46.040000915527344,1.375092736,7.966761758422852,0.044177125595621786,0.10766323084192289,0.07206108588795918,,0.09905143511325537,0.009228468260292524,60.12527176726369,0.08427724036983178,0.021258502987611803,True,2,12,42,100,40,C,-25,0.0,3.0,31.1,31.1,Persistence
AMAT,"Applied Materials, Inc. - Common Stock",Technology,Semiconductor Equipment & Materials,United States,半導体,603.0399780273438,478.789271552,7908.097420656738,0.04386223138062997,0.02485198174755817,0.028388598022105877,0.4867456288776086,-0.23894750901562709,0.19422022645251935,54.8805012934833,0.23076963973954917,0.16591980909081086,True,26,0,45,10,70,A,0,28.0,8.5,41.25,41.25,Persistence
AMBA,"Ambarella, Inc. - Ordinary Shares",Technology,Semiconductor Equipment & Materials,United States,半導体,78.36000061035156,3.437510912,142.16659010734557,0.3715338844715918,0.2578265054708267,-0.32917661415970095,0.5919242798859489,1.4730334683436368,0.016823190583521164,60.3904700712826,0.0682036287721371,0.17956236145212354,True,74,68,46,85,65,A,0,74.75,70.25,59.55,74.75,Acceleration
AMD,"Advanced Micro Devices, Inc. - Common Stock",Technology,Semiconductors,United States,半導体,517.8200073242188,844.357632,16612.735133276063,0.34337793290672874,0.13690476190476192,-0.03902377017922969,0.4951644100580271,1.8004158004158004,0.05000909965421314,54.57120633420597,0.12476455823526574,0.10860541002386204,True,67,32,46,10,70,A,0,58.75,32.5,41.8,58.75,Acceleration
AMKR,"Amkor Technology, Inc. - Common Stock",Technology,Semiconductor Equipment & Materials,United States,半導体,69.6500015258789,17.264320512,456.8078930076599,0.061777148996817195,-0.028505481645962328,-0.08298849975005587,0.13992272786699902,-0.44651550980664906,,44.78163251855959,-0.0741660443016146,0.25547836179819156,True,30,12,15,65,73,A,0,39.55,26.05,39.1,39.55,Acceleration
AMPL,"Amplitude, Inc. - Class A Common Stock",Technology,Software - Application,United States,ソフトウェア,8.84000015258789,1.172354176,23.815093011074065,0.14682963992622097,0.08320423911627166,0.16053043891005472,0.7398532693887778,1.0018758526603002,0.02274391229521446,83.10811899281651,0.2510968526721692,0.33483821083808885,True,53,46,62,100,18,D,-5,51.55,46.3,57.7,57.7,Persistence
AMSC,American Superconductor Corporation - Common Stock,Industrials,Specialty Industrial Machinery,United States,その他,37.11000061035156,1.798436224,44.85337333770752,0.34259799477600555,0.5299336029497593,0.3741602506038647,0.3054570373217897,-0.29416312330885197,0.005409199154542172,43.83984145898465,-0.21680109041348586,0.4434613011321321,False,21,20,84,100,43,C,-5,30.049999999999997,29.299999999999997,74.8,74.8,Persistence
AMZN,"Amazon.com, Inc. - Common Stock",Consumer Cyclical,Internet Retail,United States,その他,242.6699981689453,2610.427854848,15398.534945911102,0.12377754683294695,0.10990892246666145,0.11829574129883673,0.5028566486824266,-0.7659529168440903,0.18701607007953136,50.88631042013413,-0.0499058873629825,0.1175315219215188,True,31,14,63,10,100,S,0,34.75,22.0,57.150000000000006,57.150000000000006,Persistence
ANDE,"The Andersons, Inc. - Common Stock",Consumer Defensive,Food Distribution,United States,その他,66.30000305175781,2.257784064,23.169530566482543,-0.02208473816856033,-0.2367822020605674,-0.1486415539188049,0.06482474951239575,-1.3078395559431546,0.25434924068743214,33.34519933968441,-0.07958338727363015,0.1627495110460243,True,18,0,6,100,80,S,-20,16.5,3.0,24.299999999999997,24.299999999999997,Persistence
AOSL,Alpha and Omega Semiconductor Limited - Common Shares,Technology,Semiconductors,United States,半導体,37.11000061035156,1.11068672,32.29312253112793,0.0591655839117324,-0.04924919104149881,-0.1109006214375373,0.23127375524662364,0.33977851995078223,0.04921961939586369,42.381184141101556,-0.14476139465832077,0.3040134879454278,True,35,12,10,100,61,B,-5,42.35,25.1,37.7,42.35,Acceleration
APA,APA Corporation - Common Stock,Energy,Oil & Gas E&P,United States,電力/エネルギー,32.36000061035156,11.438297088,187.27508993225098,-0.08390674745814933,0.17610822563111486,-0.2524604966139955,0.40560538116591927,1.5091678420310297,0.2584313946286808,23.815172463666585,-0.1237191442104259,0.266127477150021,True,16,24,30,65,34,D,0,25.15,31.15,39.55,39.55,Persistence
APEI,"American Public Education, Inc. - Common Stock",Consumer Defensive,Education & Training Services,United States,その他,56.720001220703125,1.040442688,15.066817524261475,0.03891225648817806,0.03998701179761716,-0.00953774194825243,0.5422447300042228,0.6589060813242174,0.3125323636698388,60.92761727577601,0.049880447936285224,0.06802496464228219,True,20,24,34,100,67,A,-5,31.700000000000003,34.7,52.1,52.1,Persistence
APLD,Applied Digital Corporation - Common Stock,Technology,Information Technology Services,United States,その他,33.060001373291016,9.44754176,710.1460206990051,0.05544657365793673,1.4663850375505487,3.0,0.29642215641535996,-5.225871968128735,0.37585196434396206,29.577465310618066,-0.20043723562648103,0.3341389656139434,True,0,0,26,85,34,D,-10,6.149999999999999,6.149999999999999,32.349999999999994,32.349999999999994,Persistence
APP,Applovin Corporation - Class A Common Stock,Communication Services,Advertising Agencies,United States,その他,527.0599975585938,177.060282368,2964.1274496697997,0.6999436734698942,0.7505291128821205,-0.3462108341397302,0.8786399662671873,0.901546112822155,0.4882825661433603,58.86633733642486,0.05277286480038208,0.28154305466324087,False,52,56,45,25,58,B,0,48.55,51.55,42.60000000000001,51.55,Transition
APPF,"AppFolio, Inc. - Class A Common Stock",Technology,Software - Application,United States,ソフトウェア,170.89999389648438,6.042772992,65.9511621446228,0.1972042377128237,0.2800522205836134,0.31482804000144105,0.6367974237028592,0.3013543456758743,0.05538726818555896,59.547310547986754,0.05747748102856893,0.4680155832016051,False,22,14,97,85,50,B,0,34.25,28.25,84.6,84.6,Persistence
APPN,Appian Corporation - Class A Common Stock,Technology,Software - Infrastructure,United States,ソフトウェア,24.399999618530273,1.79125568,21.542149663209916,0.17813789459695117,0.13139688611071892,0.16532796570874225,0.7254246241421196,3.0,0.43347145987460134,54.02542471337745,0.0933613963590573,0.46538124573103273,False,53,63,71,100,50,B,-5,54.75,62.25,69.05000000000001,69.05000000000001,Persistence
APPS,"Digital Turbine, Inc. - Common Stock",Technology,Software - Application,United States,ソフトウェア,12.710000038146973,1.533613696,86.09048620838642,0.15238345708309378,-0.09913275369984682,-0.18236124459394523,0.4858761859775569,1.717189203051869,0.43829293272532416,68.38339826685083,0.8090466573233424,0.04507891529330285,True,65,67,30,100,37,C,-5,62.45,63.95,43.9,63.95,Transition
ARCB,ArcBest Corporation - Common Stock,Industrials,Trucking,United States,その他,139.6699981689453,3.10958208,75.9281027545929,-0.04040685146442263,-0.056110039135455834,-0.11961901830341093,0.06863968950849318,1.1983815381930811,0.1894199037617087,15.937243665586834,0.024543212662195304,0.1936843483161686,True,42,12,30,85,73,A,0,51.55,29.05,52.35,52.35,Persistence
ARHS,"Arhaus, Inc. - Class A Common Stock",Consumer Cyclical,Specialty Retail,United States,その他,8.619999885559082,1.220075392,11.886591942191124,0.08505578208600849,-0.012888831594838565,0.04782704926570149,0.3889207103714993,0.48413397418153453,0.4162600215379718,73.41389336393927,0.23107681247433887,0.29336490186237124,False,27,12,26,100,8,D,-5,31.049999999999997,19.8,35.9,35.9,Persistence
ARRY,"Array Technologies, Inc. - Common Stock",Technology,Solar,United States,その他,6.96999979019165,1.072169856,46.831916490283014,0.40219609590230254,-0.41910727911751666,-0.03724780861117795,0.2324923820670783,-0.4105347897694961,0.5277567309917675,44.117647402564245,-0.13976108005330629,0.4172240996688533,False,32,26,17,100,43,C,-5,38.3,33.8,37.95,38.3,Acceleration
ASO,"Academy Sports and Outdoors, Inc. - Common Stock",Consumer Cyclical,Specialty Retail,United States,その他,47.84000015258789,2.966958848,93.88265149944306,0.020218254135452394,-0.03666672024426188,-0.036869321116428225,0.34783892197031296,-0.32451590067191094,0.3586200662644712,35.33535446725179,-0.07304196916819244,0.21357950448049465,False,34,0,25,100,70,A,0,47.5,22.0,52.75,52.75,Persistence
ASST,"Strive, Inc. - Class A Common Stock",Financial Services,Asset Management,United States,その他,13.109999656677246,1.069355008,69.90815546925545,0.48995464414780515,,,-2.836164383561644,-0.24325916199881384,0.0047107616491421506,43.07257156175455,-0.1537513376565953,0.9264309770976875,False,24,38,10,100,43,C,-35,2.299999999999997,12.799999999999997,4.100000000000001,12.799999999999997,Transition
ASTE,"Astec Industries, Inc. - Common Stock",Industrials,Farm & Heavy Construction Machinery,United States,その他,57.560001373291016,1.323455872,12.550094899425506,0.08068347253084054,-0.024734718278284263,0.04998038446449588,0.2653148043108338,3.0,0.2544616734932709,69.53250598903229,0.05838320680942124,0.11242898671438335,True,30,24,26,100,65,A,-25,19.0,14.5,27.299999999999997,27.299999999999997,Persistence
ATEX,Anterix Inc. - Common Stock,Communication Services,Telecom Services,United States,その他,105.13999938964844,2.050069376,67.19392220993042,0.07793069142762395,0.43903602958721066,1.183949973944763,,0.542796922752661,0.009498935964403172,72.95175353304414,0.5954791192046109,0.028325885028788,True,19,77,30,100,10,D,0,30.25,73.75,43.5,73.75,Transition
ATLC,Atlanticus Holdings Corporation - Common Stock,Financial Services,Credit Services,United States,その他,96.4000015258789,1.457374976,18.56326629383087,0.3446726786907148,0.16799369579888973,-0.12382889272469366,,0.353544361185246,0.8582619012137863,56.80041490526078,0.11183133819447663,0.12689069533142708,True,49,32,28,100,70,A,-45,13.75,1.0,9.400000000000006,13.75,Acceleration
ATRO,Astronics Corporation - Common Stock,Industrials,Aerospace & Defense,United States,防衛/宇宙,70.83000183105469,3.495347712,68.20804515527344,0.08385695212376765,0.1541193779508594,0.2884908037854229,0.2994427741588256,0.9478724365344656,0.535398017201611,42.6224791789942,0.03788426883244276,0.18726333229010958,True,15,54,49,85,100,S,0,34.0,63.25,68.2,68.2,Persistence
AUR,"Aurora Innovation, Inc.  - Class A Common Stock",Consumer Cyclical,Auto Parts,United States,その他,6.630000114440918,13.002776576,209.92247807348727,,,-1.0,-4.666666666666667,0.05116279069767442,0.03585147247119078,61.4583404044871,0.008211692725788294,0.21071423624648306,True,2,12,10,65,80,S,-10,9.25,16.75,27.75,27.75,Persistence
AVAV,"AeroVironment, Inc. - Common Stock",Industrials,Aerospace & Defense,United States,防衛/宇宙,190.88999938964844,9.660567552,393.6113609414673,1.4089446240496597,0.14497572273691262,0.3259431379223586,0.2532530370362876,-5.8211651611833926,0.14602530602220634,53.27988215587682,0.08658405454930033,0.5342214927067357,False,43,10,40,85,50,B,-10,40.0,15.25,43.25,43.25,Persistence
AVGO,Broadcom Inc. - Common Stock,Technology,Semiconductors,United States,半導体,360.45001220703125,1714.869895168,12745.6061486438,0.23874432853763525,0.4398503587481504,0.07878806131976027,0.6776652527118193,0.38631915112805193,0.3807074556379024,41.6450519969167,-0.11846444463074768,0.2503260679634235,True,36,43,75,10,73,A,0,35.8,41.05,58.35,58.35,Persistence
AVO,"Mission Produce, Inc. - Common Stock",Consumer Defensive,Food Distribution,United States,その他,12.489999771118164,1.103114368,24.68623474761963,0.1267514375961772,0.29437047908585806,-0.08796252031742996,0.11551178838412882,-0.39215686274509803,0.20437436419125127,66.11374627145966,0.027898924040316776,0.18578881050329882,False,5,14,33,100,70,A,-25,0.75,7.5,32.150000000000006,32.150000000000006,Persistence
AVPT,"AvePoint, Inc. - Class A Common Stock",Technology,Software - Infrastructure,United States,ソフトウェア,11.460000038146973,2.429717248,31.3268269042778,0.26934901144389106,0.21578957049572337,0.16994994383207296,0.7406393847870187,-0.05539999291106937,0.012606740405559688,61.867712221555514,0.09330280367291952,0.4065250981306699,False,57,47,92,100,30,D,0,60.75,53.25,81.6,81.6,Persistence
AVT,"Avnet, Inc. - Common Stock",Technology,Electronics & Computer Distribution,United States,その他,82.18000030517578,6.740739072,124.35642006179809,-0.065511914339481,-0.10475051683730277,0.09157170576850333,0.107426801810425,0.24492455329596596,0.23746308655827145,38.816023626519254,-0.03762475570435127,0.1156784672839528,True,23,12,30,85,90,S,0,39.0,30.75,55.75,55.75,Persistence
AXON,"Axon Enterprise, Inc. - Common Stock",Industrials,Aerospace & Defense,United States,防衛/宇宙,597.0399780273438,48.122662912,710.4148846548462,0.33469450081295504,0.3343546705674829,0.3146680728437939,,-0.7721552406934789,0.272796944936605,80.05739135680426,0.37718558929795387,0.3145114089922531,True,44,8,76,40,18,D,0,40.8,13.8,55.400000000000006,55.400000000000006,Persistence
AXTI,AXT Inc - Common Stock,Technology,Semiconductor Equipment & Materials,United States,半導体,56.619998931884766,3.704260608,555.1882488265801,-0.11105967129960448,0.3109176067022891,-0.4628962995507306,0.12727849104453956,-0.05004753117485881,0.1494313557778541,33.86572089094395,-0.4130173018620175,0.597954993994757,True,0,0,10,85,35,C,-10,6.25,6.25,23.75,23.75,Persistence
BAND,Bandwidth Inc. - Class A Common Stock,Technology,Software - Infrastructure,United States,ソフトウェア,61.599998474121094,1.972266112,102.08043747138977,0.007121032162215242,0.2451602599826656,0.048791594550834684,0.3914093208298566,-0.03338290344084919,0.456149234249169,45.88235321545481,0.16743387204037488,0.15835501544850705,True,4,0,41,100,70,A,-5,20.0,17.0,56.55,56.55,Persistence
BANF,BancFirst Corporation - Common Stock,Financial Services,Banks - Regional,United States,その他,113.97000122070312,3.827840768,27.487854744415284,0.09371936609290694,0.035393136830506475,0.09408345592192602,,0.05530666049129807,0.006618687795646212,50.723341230172636,0.02299817098319044,0.15034845989995252,True,20,24,42,85,100,S,-20,17.75,20.75,44.349999999999994,44.349999999999994,Persistence
BANR,Banner Corporation - Common Stock,Financial Services,Banks - Regional,United States,その他,67.16999816894531,2.282766336,18.430775797576903,0.08468628046100543,-0.021393420804902908,-0.012222884882997621,,-0.11268966504437446,0.01619775562524489,51.54142475673029,0.02677726716049966,0.011333592063453562,True,18,12,25,100,75,A,-20,16.0,11.5,33.75,33.75,Persistence
BATRA,"Atlanta Braves Holdings, Inc. - Series A Common Stock",Communication Services,Entertainment,United States,その他,57.61000061035156,3.69532544,3.549064087600708,0.10523456879537924,0.03446564283785492,0.08853118028547594,0.3019036385380318,0.6238649793894671,0.518402037948998,65.54879325263539,0.059291657684524095,0.0,True,42,46,18,85,40,C,0,48.25,51.25,39.15,51.25,Transition
BATRK,"Atlanta Braves Holdings, Inc. - Series C Common Stock",Communication Services,Entertainment,United States,その他,52.77000045776367,3.384869376,37.19097707262039,0.10523456879537924,0.03446564283785492,0.08853118028547594,0.3019036385380318,0.6238649793894671,0.518402037948998,57.40957449412951,0.048959400675942205,0.0,True,42,46,18,85,75,A,0,51.75,54.75,46.15,54.75,Transition
BCPC,Balchem Corporation - Common Stock,Basic Materials,Specialty Chemicals,United States,その他,168.8000030517578,5.42351616,44.35304480186463,0.08753108996271301,0.03387215848419245,-0.021137402133796286,0.3573533906500534,0.18265248944225013,0.10715302339152155,63.929175619842326,0.029529462373673872,0.0789042447261382,True,36,24,34,85,67,A,0,46.45,37.45,53.35,53.35,Persistence
BELFA,Bel Fuse Inc. - Class A Common Stock,Technology,Electronic Components,United States,半導体,230.16000366210938,2.928258304,55.75511008712768,0.263023755029993,-0.1641432731126126,-0.02204107710861421,0.39146649295659963,0.144339182066849,0.23673652694610778,38.99711371837979,-0.08451672206280172,0.20969682045263424,True,36,36,34,100,80,S,0,50.0,50.0,59.7,59.7,Persistence
BELFB,Bel Fuse Inc. - Class B Common Stock,Technology,Electronic Components,United States,半導体,266.94000244140625,3.796609536,87.64708040161133,0.263023755029993,-0.1641432731126126,-0.02204107710861421,0.39146649295659963,0.144339182066849,0.23673652694610778,40.97751156893808,-0.05298918047535949,0.19847467093311635,True,36,36,34,85,90,S,0,48.75,48.75,57.95,57.95,Persistence
BFC,Bank First Corporation - Common Stock,Financial Services,Banks - Regional,United States,その他,151.8000030517578,1.703629312,15.180000305175781,0.10013062765943688,0.12488542954826508,0.16185904208115348,,-0.12937122581965815,0.027066894950062082,66.79815737173982,0.060006665948528146,0.007778301841157996,True,5,14,55,100,40,C,-25,0.0,4.5,38.25,38.25,Persistence
BFST,"Business First Bancshares, Inc. - Common Stock",Financial Services,Banks - Regional,United States,その他,30.639999389648438,1.001252928,9.680861007156372,0.18286927447035153,0.09274033836926385,0.08737804342093698,,0.5375373870035256,0.06436357084947301,65.98360383424043,0.08229706642320583,0.024824974053199,True,44,26,50,100,40,C,-25,27.0,13.5,35.5,35.5,Persistence
BGC,"BGC Group, Inc. - Class A Common Stock",Financial Services,Capital Markets,United States,その他,11.020000457763672,5.279204352,45.502353290138245,0.30863842254695584,0.11445373915581933,0.1159243530529027,0.3889234615870773,0.34946875192667337,0.4516652240066782,47.81609648992997,-0.016405716170400257,0.12885369248382486,True,44,32,63,85,100,S,-20,35.75,26.75,55.900000000000006,55.900000000000006,Persistence
BHRB,Burke & Herbert Financial Services Corp. - Common Stock,Financial Services,Banks - Regional,United States,その他,70.1500015258789,1.413508864,16.954553868789674,0.3146172525754912,1.3505703422053232,-0.07921710887079765,,0.184607051408312,0.06785953534480735,63.87474237602515,0.08314564932516036,0.035871365224327365,True,16,32,38,100,52,B,-25,7.200000000000003,19.200000000000003,31.300000000000004,31.300000000000004,Persistence
BJRI,"BJ's Restaurants, Inc. - Common Stock",Consumer Cyclical,Restaurants,United States,その他,58.75,1.23474432,35.51584375,0.030814070855270236,0.018056162894746514,0.03840018817283862,0.1545507695518488,0.6645775679635357,0.48328877202830256,70.3703687091703,0.2742818445022518,0.03276262139407021,True,27,24,34,100,22,D,-25,12.450000000000003,10.200000000000003,23.1,23.1,Persistence
BKNG,Booking Holdings Inc. - Common Stock,Consumer Cyclical,Travel Services,United States,その他,184.55999755859375,143.011561472,1689.771355647278,0.1338725304351489,0.11111631172478352,0.25014628437682856,,0.15112743856093236,0.6592741935483871,69.44909262381108,0.09707620433853956,0.19995142290731385,False,28,14,57,25,55,B,-10,20.25,9.75,38.6,38.6,Persistence
BKR,Baker Hughes Company - Common Stock,Energy,Oil & Gas Equipment & Services,United States,電力/エネルギー,52.779998779296875,52.361383936,454.97863177719114,-0.0034496388659312227,0.09107660942523328,0.20561542824730572,0.23596437457180977,0.23515092502434273,0.14889557496147354,9.774430914537874,-0.1670852803644081,0.23989526390093074,False,5,12,30,40,41,C,0,13.850000000000001,19.1,34.7,34.7,Persistence
BL,"BlackLine, Inc. - Common Stock",Technology,Software - Application,United States,ソフトウェア,29.8799991607666,1.752788096,38.612877115488054,0.07207776702952233,0.10735666004515285,0.1282331748696786,0.7524581433896752,-0.1774433522768848,0.5231014839851118,60.38337905349615,0.03040165240545838,0.4920958995280228,False,18,0,52,100,45,C,-5,28.0,14.5,57.6,57.6,Persistence
BLBD,Blue Bird Corporation - Common Stock,Industrials,Farm & Heavy Construction Machinery,United States,その他,76.08000183105469,2.407672576,33.64942400985718,0.09868582211090937,0.18923227809493878,0.414864664011281,0.2050626343237851,0.5998288975367505,0.14445946054009964,64.24632847068503,0.08589382384059421,0.03811870969235488,True,9,24,67,100,52,B,-20,6.949999999999999,18.200000000000003,52.25,52.25,Persistence
BLKB,"Blackbaud, Inc. - Common Stock",Technology,Software - Application,United States,ソフトウェア,30.09000015258789,1.382097024,31.91420641183853,-0.02274246854387229,0.042945405932723925,0.04628557657321343,0.5878346102546606,-0.11025095183350891,,65.38895079470002,-0.043972803198770394,0.5798072909353077,False,14,42,23,100,45,C,-5,25.0,46.0,41.65,46.0,Transition
BOKF,BOK Financial Corporation - Common Stock,Financial Services,Banks - Regional,United States,その他,139.2899932861328,8.463258624,38.3291239025116,0.08261782457445242,-0.019634800309903232,0.08584797765412278,,,0.05950347816217319,65.52779463543351,0.056396909386446446,0.013806373061388967,True,18,12,10,85,40,C,-20,10.25,5.75,14.75,14.75,Persistence
BPOP,"Popular, Inc. - Common Stock",Financial Services,Banks - Regional,United States,その他,167.25999450683594,10.794576896,103.8508942893219,0.08873118648428455,0.05837050304480258,-0.0997856517399114,,0.476202553597364,0.020463961035759457,68.01702995989774,0.09281827992154132,0.00735908304548405,True,35,24,30,65,40,C,-20,20.0,11.75,20.75,20.75,Persistence
BRUN,Boost Run Inc. - Class A Common Stock,Technology,Software - Infrastructure,United States,ソフトウェア,31.760000228881836,1.950974592,56.51628520729065,2.3884057971014494,,,0.8552832223751256,3.0,0.5941834336338043,52.89634172934844,0.15256206599053898,0.18979592829731673,True,52,35,37,100,70,A,-5,56.0,43.25,54.35,56.0,Acceleration
BRZE,"Braze, Inc. - Class A Common Stock",Technology,Software - Application,United States,ソフトウェア,23.809999465942383,2.68176,58.295450292434694,0.24396622908275897,0.25775752437473504,0.3274211790921317,0.6714563617102557,1.9581295843520783,0.07421187925193737,64.74621938268385,0.06630717711115756,0.3420834382577152,False,33,17,97,100,38,C,0,43.55,31.55,85.94999999999999,85.94999999999999,Persistence
BSY,"Bentley Systems, Incorporated - Class B Common Stock",Technology,Software - Application,United States,ソフトウェア,32.2599983215332,9.800479744,125.62962756357193,0.10988437618940282,0.10149843741477825,0.11767183886188656,0.815199173779897,0.23492923374940058,0.3613700847245713,62.371882266009024,0.007023514378595342,0.44802887900211397,False,43,26,71,85,45,C,0,49.5,36.75,69.30000000000001,69.30000000000001,Persistence
BULL,Webull Corporation - Class A Ordinary Shares,Technology,Software - Application,United States,ソフトウェア,7.170000076293945,3.813139712,92.82991928777695,0.46323267288603315,0.0016095941050902206,0.0032694884585113206,0.7745187667477075,2.0718133318920744,0.01997567297325036,57.14285714285714,0.06541057252971282,0.5958286263358833,False,69,77,72,85,50,B,0,69.5,75.5,70.85,75.5,Transition
BUSE,First Busey Corporation - Common Stock,Financial Services,Banks - Regional,United States,その他,29.649999618530273,2.507712768,27.478730146465303,0.5594144480924054,0.0471560028593149,-0.020855414164172505,,0.0064945267899230085,0.01784759523695899,62.88209425130349,0.08120748628630801,0.0172356796966753,True,50,34,38,100,40,C,-20,36.5,24.5,33.900000000000006,36.5,Acceleration
BWIN,"The Baldwin Insurance Group, Inc. - Class A Common Stock",Financial Services,Insurance Brokers,United States,その他,28.40999984741211,2.7696896,62.470748664474485,0.0814579983331432,0.13952021090649552,0.24574544786903643,0.2896545097957535,-7.62677816224529,0.4584000911392929,83.00132260540727,0.32308150245520306,0.3391486685695489,True,0,0,29,100,18,D,-30,0.0,0.0,14.550000000000004,14.550000000000004,Persistence
CACC,Credit Acceptance Corporation - Common Stock,Financial Services,Credit Services,United States,その他,657.1199951171875,6.873521664,139.30615336486815,0.07196738977650752,0.1353867432705607,0.03115743280307186,0.618995585471393,-0.07314496963295485,0.7361122374503284,89.05570365595148,0.18123612221561344,0.0,True,22,26,39,85,10,D,-30,0.25,3.25,14.700000000000003,14.700000000000003,Persistence
CAKE,The Cheesecake Factory Incorporated - Common Stock,Consumer Cyclical,Restaurants,United States,その他,79.18000030517578,3.934087168,113.16999493618012,0.04749338233056435,0.041342019471999294,0.041277796144051325,0.4333286422592213,0.4407007960189698,0.6529887125376187,67.8875657662154,0.18416611047946718,0.014929049381015753,True,39,12,36,85,25,D,-30,14.5,0.0,16.049999999999997,16.049999999999997,Persistence
CALM,"Cal-Maine Foods, Inc. - Common Stock",Consumer Defensive,Farm Products,United States,その他,83.8499984741211,3.972526848,70.05038497524261,0.8319318375734974,-0.2605586327961485,0.7703632595620313,0.4342878796588833,2.4950440709604904,,60.268296158773126,0.08356738616372893,0.26104180829813434,True,66,64,32,85,48,C,-20,47.05,45.55,28.450000000000003,47.05,Acceleration
CAR,"Avis Budget Group, Inc. - Common Stock",Industrials,Rental & Leasing Services,United States,その他,163.44000244140625,5.773515264,137.89269565979004,-0.017897091722595078,-0.08228048010107392,-0.026819334511642205,0.676274750306641,-0.8303789731051344,0.9135553635985539,35.63824540230952,-0.07429327613234442,0.7710828057930099,True,30,18,12,85,55,B,-20,20.75,11.75,18.85,20.75,Acceleration
CARG,"CarGurus, Inc. - Class A Common Stock",Consumer Cyclical,Auto & Truck Dealerships,United States,その他,36.2400016784668,3.268380416,50.2188575259018,0.1365037516728401,0.1426403272524738,-0.5780022778974463,0.9278186950098127,0.6463771704478628,0.28831222984845073,89.77695015723215,0.1421980282941073,0.0714834022057415,True,35,33,41,85,22,D,0,41.2,39.7,48.199999999999996,48.199999999999996,Persistence
CART,Maplebear Inc. - Common Stock,Consumer Cyclical,Internet Retail,United States,その他,45.779998779296875,10.75966464,206.3590669975281,0.10775606867969213,0.11045364891518737,0.1924735397883183,0.7370390165686799,0.4606741573033708,0.009764035801464606,63.82751140739307,0.08286595132441693,0.11570410711805408,True,22,14,72,65,65,A,0,32.75,26.75,68.85,68.85,Persistence
CASH,"Pathward Financial, Inc. - Common Stock",Financial Services,Banks - Regional,United States,その他,88.72000122070312,1.872882304,23.147048318481446,0.04008683447872293,0.07838612300217619,0.15827263207225137,,0.11574102456484525,0.00591940375419807,66.04084060603711,0.05423738707285164,0.11163388526886374,True,2,24,42,100,65,A,-25,0.0,14.5,36.1,36.1,Persistence
CASY,"Caseys General Stores, Inc. - Common Stock",Consumer Cyclical,Specialty Retail,United States,その他,797.4199829101562,29.508456448,568.9152997073364,0.10163805692514581,0.07252858171207757,-0.015340844911797198,0.24605752224760852,0.23431914202144946,0.3250959176056996,16.593571991479095,-0.02869273750512694,0.12972021935033146,True,40,26,26,65,73,A,0,47.05,36.55,45.150000000000006,47.05,Acceleration
CATY,Cathay General Bancorp - Common Stock,Financial Services,Banks - Regional,United States,その他,62.310001373291016,4.17698048,34.880515668754576,0.12083144333640758,-0.09915460756162056,0.02470174355575065,,0.11716366786577742,0.007132605503810942,63.303794063613324,0.07674613651419494,0.015328657154197204,True,25,26,30,85,40,C,-20,15.5,16.25,25.75,25.75,Persistence
CBRL,"Cracker Barrel Old Country Store, Inc. - Common Stock",Consumer Cyclical,Restaurants,United States,その他,53.5,1.195803136,99.76787,0.003723101728093139,0.0081195349842338,0.05355981083216588,0.3295324719463648,0.4687231166277498,0.5456393590035358,68.65672093240903,0.44792608622473523,0.239315644079207,True,9,24,38,100,50,B,-25,1.75,13.0,30.900000000000006,30.900000000000006,Persistence
CBSH,"Commerce Bancshares, Inc. - Common Stock",Financial Services,Banks - Regional,United States,その他,58.029998779296875,8.459447808,83.46715859420776,0.06262059530350043,0.0488368442255789,0.05097513559930719,,0.11408507389144033,0.0003888186357326878,67.74968601038552,0.09287763881480486,0.05958000321587915,True,20,24,42,85,52,B,-20,12.950000000000003,15.950000000000003,34.75,34.75,Persistence
CCB,Coastal Financial Corporation - Common Stock,Financial Services,Banks - Regional,United States,その他,78.3499984741211,1.194744064,9.015342574424743,-0.10663269023965305,0.2984053167576494,0.6463491194365905,,-0.01495882122247745,0.011182263942344905,67.47251743022042,0.06491277175131475,0.34143063234257875,False,0,12,33,100,38,C,-25,0.0,2.8000000000000007,25.750000000000007,25.750000000000007,Persistence
CCC,CCC Intelligent Solutions Holdings Inc. - Common Stock,Technology,Software - Application,United States,ソフトウェア,5.579999923706055,3.275128064,57.99645460702896,0.11875635055038103,0.09051707222482565,0.10726591415659571,0.7349169962942325,0.10236752514358481,0.38126456582915247,73.5576882297126,0.1638092763857146,0.4436689858163048,False,37,14,58,85,0,D,0,40.5,23.25,53.150000000000006,53.150000000000006,Persistence
CDNS,"Cadence Design Systems, Inc. - Common Stock",Technology,Software - Application,United States,ソフトウェア,373.1400146484375,102.917988352,978.9552168310547,0.14123200059294191,0.13478725844049344,0.14831831155638936,0.8636432203164237,0.419407178296418,0.2576973171276534,42.09192617856119,0.015239789592859461,0.10386896534134334,True,43,26,71,25,100,S,0,46.0,33.25,65.30000000000001,65.30000000000001,Persistence
CDW,CDW Corporation - Common Stock,Technology,Information Technology Services,United States,その他,133.3699951171875,17.038476288,266.5119275427246,0.06788039259573211,-0.01765063622754491,-0.09990862657745476,0.21732867762808764,-0.05767731878409977,0.361088581375326,54.84459639695871,0.06940179869815406,0.25377356968307213,False,30,0,21,65,58,B,0,38.05,15.55,39.400000000000006,39.400000000000006,Persistence
CECO,CECO Environmental Corp. - Common Stock,Industrials,Pollution & Treatment Controls,United States,その他,82.1500015258789,4.797809152,78.2511624534607,0.38794622293357806,0.02402151070487937,0.2891864457311057,0.3476660713524738,-1.73485254691689,0.26857163316248384,26.62292977474759,-0.017927143587102998,0.17578004379381237,True,36,20,37,85,73,A,0,47.05,35.05,56.2,56.2,Persistence
CEG,Constellation Energy Corporation - Common Stock When-Issued,Utilities,Utilities - Independent Power Producers,United States,電力/エネルギー,239.25,85.436653568,989.36574,0.08337576374745417,-0.054177702865398504,0.01955810147299509,0.18380135510907453,1.2561145356929808,0.15706824573354994,44.93893479525159,-0.14146895325903722,0.4053270178618593,False,30,25,30,40,43,C,0,32.8,29.05,35.1,35.1,Persistence
CELH,"Celsius Holdings, Inc. - Common Stock",Consumer Defensive,Beverages - Non-Alcoholic,United States,その他,33.15999984741211,8.477033984,315.80124814682006,0.8554244152165413,0.028539909287761737,1.0165329465547945,0.5038558500104761,0.350163668854485,0.13085460818291042,68.79936638670628,0.08133490301449596,0.48874499637115604,False,59,36,58,85,30,D,-20,40.0,22.75,39.150000000000006,40.0,Acceleration
CENT,Central Garden & Pet Company - Common Stock,Consumer Defensive,Packaged Foods,United States,その他,43.95000076293945,2.749985792,4.002966069488525,-0.0223080432187873,-0.033117900668956035,-0.008538040632746538,0.31873301408983645,-0.17247417961831604,0.3972556040404419,60.857530884260136,0.10052185573476673,0.026578089089357864,True,25,12,25,100,25,D,-20,16.25,6.5,23.75,23.75,Persistence
CENTA,Central Garden & Pet Company - Class A Common Stock Nonvoting,Consumer Defensive,Packaged Foods,United States,その他,38.43000030517578,2.4045952,17.332890887641906,-0.0223080432187873,-0.033117900668956035,-0.008538040632746538,0.31873301408983645,-0.17247417961831604,0.3972556040404419,59.74026617422392,0.08263890345359202,0.028072852419071787,True,25,12,25,100,60,B,-20,19.75,10.0,30.75,30.75,Persistence
CENX,Century Aluminum Company - Common Stock,Basic Materials,Aluminum,United States,その他,43.7599983215332,4.331104256,115.24261197973252,0.13853983695896951,0.01596961654617004,-0.21312065675296152,0.10142806281894062,1.7932647333956968,0.24161635746706034,15.306949065168155,-0.2493456030427537,0.36367601486650336,False,47,27,30,85,24,D,0,50.4,35.4,42.55,50.4,Acceleration
CEVA,"CEVA, Inc. - Common Stock",Technology,Semiconductors,United States,半導体,40.41999816894531,1.126075648,35.85334677581787,0.02486464245972003,0.09772221024646116,-0.1921000472703449,0.8708188105622365,-13.164728682170542,0.04154732959696695,41.534388530882644,0.020583315551469545,0.19256897602661724,True,15,0,25,100,100,S,-15,21.25,10.0,43.75,43.75,Persistence
CFFN,"Capitol Federal Financial, Inc. - Common Stock",Financial Services,Banks - Regional,United States,その他,8.449999809265137,1.051118464,7.15267133854866,0.20419112196663142,3.0,-1.098186025293119,,1.076625,0.19949173208179696,61.9047763216155,0.06834508772321433,0.01972158683885172,True,21,29,38,100,40,C,-25,9.75,15.75,28.900000000000006,28.900000000000006,Persistence
CG,The Carlyle Group Inc. - Common Stock,Financial Services,Asset Management,United States,その他,42.83000183105469,15.417705472,172.43808452201844,-0.05560780625440865,1.569400392689926,-0.6053408041009746,,-3.031175346392738,0.4771671932957824,43.163765365293486,-0.06822613224649564,0.36964071586663744,False,0,0,10,65,63,B,-30,0.0,0.0,4.350000000000001,4.350000000000001,Persistence
CGNX,Cognex Corporation - Common Stock,Technology,Scientific & Technical Instruments,United States,その他,67.80000305175781,11.283239936,165.66151045661925,0.08730747992105105,0.09189693235125909,-0.16752278623184805,0.6691677754211507,0.7664468285113177,0.037978631874657526,61.33015193767171,0.07470894378278241,0.06379446608669782,True,24,31,42,65,52,B,0,32.95,38.2,49.75,49.75,Persistence
CHCO,City Holding Company - Common Stock,Financial Services,Banks - Regional,United States,その他,134.85000610351562,1.90289088,20.74127943878174,0.07058464474395044,0.009344139818640834,0.1476970716602053,,-0.005743478597414661,0.022314727511887057,65.54956851980673,0.06983738168673752,0.003031113558854921,True,18,12,37,100,40,C,-25,7.5,3.0,28.35,28.35,Persistence
CHDN,"Churchill Downs, Incorporated - Common Stock",Consumer Cyclical,Gambling,United States,その他,90.91000366210938,6.336146432,98.86917448272705,0.07007277913908495,0.11073648291830848,0.3602055475743176,0.3358282921494241,0.37173238812583076,0.686565568842274,57.6190587200232,0.016042578383385183,0.22688998645018452,False,9,12,51,85,90,S,-10,18.5,20.75,57.3,57.3,Persistence
CHEF,"The Chefs' Warehouse, Inc. - Common Stock",Consumer Defensive,Food Distribution,United States,その他,95.62000274658203,3.899156992,55.52510129489899,0.09364922149842972,0.10497200884277685,0.31390690820651573,0.24197639399287196,-0.15220897107817102,0.4807202342003751,66.51637225648908,0.163484014511544,0.0049947527071847065,True,0,12,44,85,25,D,-20,0.0,4.25,30.450000000000003,30.450000000000003,Persistence
CHRD,Chord Energy Corporation - Common Stock,Energy,Oil & Gas E&P,United States,電力/エネルギー,113.31999969482422,6.379823616,100.78567452857972,-0.07121503720566542,0.3475919388006234,0.06851141029627668,0.17764970599488306,-0.24552797358171632,0.1243710358219508,16.169622405454746,-0.15813122849568237,0.23613072673908805,True,0,0,33,85,51,B,0,17.85,17.85,49.60000000000001,49.60000000000001,Persistence
CHRN,ChronoScale Holdings Corporation - Common Stock,Technology,Information Technology Services,United States,その他,16.489999771118164,2.394592512,7.180735300331116,,,,-0.3665023229354319,,0.7229454306377383,47.676768065982685,-0.03449246207311822,0.36134779372504455,True,0,0,0,100,83,S,-20,3.3000000000000007,3.3000000000000007,21.6,21.6,Persistence
CHRW,"C.H. Robinson Worldwide, Inc. - Common Stock",Industrials,Integrated Freight & Logistics,United States,その他,189.85000610351562,22.378196992,274.2791515678406,-0.08418599177340694,0.007303351023840443,-0.2874960445000076,0.08373509796206598,0.9410850145815509,0.27585624728544567,48.44751909509211,0.05888308982307057,0.04705223669114009,True,9,24,26,65,72,A,0,23.7,34.95,44.95,44.95,Persistence
CHTR,"Charter Communications, Inc. - Class A Common Stock",Communication Services,Telecom Services,United States,その他,137.1999969482422,21.496270848,569.8197133254242,-0.005645820096214941,0.00875345651656381,0.010828921550479435,0.5653777339613685,0.3976589686807972,0.6297847781963907,48.403553618825256,-0.08034760919695856,0.6709595497359966,False,13,12,28,65,55,B,-10,15.0,14.25,32.650000000000006,32.650000000000006,Persistence
CHYM,"Chime Financial, Inc. - Class A Common Stock",Technology,Software - Application,United States,ソフトウェア,20.8700008392334,7.95186944,125.12859443172455,0.30688490613284536,0.3088211943322213,0.2672550003072842,0.8797098002990712,-0.51561273177508,0.06854558549937519,68.13628104769653,0.10188333092317031,0.42348065195071705,False,29,8,95,85,15,D,-20,16.0,0.25,56.5,56.5,Persistence
CIFR,Cipher Digital Inc. - Common Stock,Technology,Information Technology Services,United States,その他,20.040000915527344,8.197345792,491.27300724380495,0.4804125074370331,0.19258605193863232,3.0,0.28398871136276355,-0.79406827513433,0.6447127944028623,42.011110158025176,-0.10672094999010497,0.3132282143268942,True,32,8,38,85,73,A,-20,24.049999999999997,6.050000000000001,36.75000000000001,36.75000000000001,Persistence
CINF,Cincinnati Financial Corporation - Common Stock,Financial Services,Insurance - Property & Casualty,United States,その他,192.02999877929688,29.704493056,173.73530079559328,0.11413954308900062,0.13222810346549485,0.52567423434405,,0.17700799390940236,0.021608702014535876,89.38531303444177,0.1505550036759057,0.0,True,7,26,67,65,10,D,-20,0.0,10.25,35.1,35.1,Persistence
CLBK,"Columbia Financial, Inc. - Common Stock",Financial Services,Banks - Regional,United States,その他,21.170000076293945,2.202912768,9.718300235023499,0.43822966932775914,-0.22884396904675142,-0.21509739986607307,,1.2632270531400966,0.10740486730261654,56.91825087645112,0.06562905872159976,0.004701475285263845,True,44,55,30,100,60,B,-20,34.0,42.25,33.5,42.25,Transition
CLMT,"Calumet, Inc - Common Stock",Basic Materials,Specialty Chemicals,United States,その他,36.41999816894531,3.173898752,32.261380678024295,-0.012483887907576263,0.0020090887347524516,-0.10782493651708171,0.05938942737666481,1.4597887896019497,0.9145375432332924,59.3516159657838,0.07829953388577064,0.026463557404566032,True,12,43,20,85,60,B,-20,7.75,31.0,24.25,31.0,Transition
CLSK,"CleanSpark, Inc. - Common Stock",Financial Services,Capital Markets,United States,その他,12.619999885559082,3.238400512,268.06526666912555,1.0221074074855925,1.2502968980095956,0.2804257745675727,0.4160618232212905,0.01553086462485746,0.2589612301174351,27.784731735258603,-0.16457037612162537,0.45603450557989894,False,31,57,48,85,16,D,-30,7.600000000000001,27.1,20.85000000000001,27.1,Transition
CMCSA,Comcast Corporation - Class A Common Stock,Communication Services,Telecom Services,United States,その他,23.790000915527344,84.983324672,1038.7568460752107,-0.00019396917506526255,0.017759023459349193,0.001194133100546007,0.7174695045551182,0.5335246751175955,0.36289710267724506,51.23888061568995,-0.03570233223448234,0.2607325786484402,False,21,24,38,40,73,A,0,29.05,31.3,45.5,45.5,Persistence
CME,CME Group Inc. - Class A Common Stock,Financial Services,Financial Data & Stock Exchanges,United States,その他,236.60000610351562,85.48896768,1015.4351741949463,0.06370206032528017,0.09880083887504705,0.11146750607642347,0.8609023709474588,0.16602252189628805,0.017247392203168767,33.241624661015805,-0.11731494451419076,0.2540826537689665,False,17,24,57,40,53,B,-20,4.050000000000001,9.3,31.950000000000003,31.950000000000003,Persistence
CNOB,"ConnectOne Bancorp, Inc. - Common Stock",Financial Services,Banks - Regional,United States,その他,32.52000045776367,1.635381888,17.73445704963684,0.4322496355064094,-0.018736041797500623,-0.14667271262866166,,0.7749837454091764,0.0812556864033365,53.21336811344069,0.061431765578188254,0.02809320539238141,True,53,32,30,100,60,B,-25,35.75,20.0,28.5,35.75,Acceleration
CNXC,Concentrix Corporation - Common Stock,Technology,Information Technology Services,United States,その他,23.600000381469727,1.440033152,58.37719694360733,0.02150672114275021,0.3519743472182828,0.12494843443872715,0.34959200657129097,0.33527161616868423,0.43104515659478976,40.31204396813316,-0.06963963469176195,0.6054062595673028,False,9,12,53,100,55,B,-5,22.25,24.5,60.150000000000006,60.150000000000006,Persistence
CNXN,"PC Connection, Inc. - Common Stock",Technology,Electronics & Computer Distribution,United States,その他,72.43000030517578,1.827122688,12.748766503715515,0.025205219765905645,-0.017022820106614506,-0.08779275237472305,0.18774023182000776,-0.6509233701959793,0.0013235375761052612,50.12679110166376,0.06461884709826518,0.02266900946349637,True,30,0,25,100,60,B,-5,38.5,16.0,45.75,45.75,Persistence
COCO,"The Vita Coco Company, Inc. - Common Stock",Consumer Defensive,Beverages - Non-Alcoholic,United States,その他,66.16000366210938,3.7785728,81.53095731292724,0.18171441417173598,0.04538179784932295,0.15387330610794625,0.36504149037357736,-0.0691711389385808,0.03212998581830956,28.808968250906815,-0.08997745677956619,0.21256836103945373,True,27,14,49,85,63,B,-20,19.299999999999997,9.55,40.800000000000004,40.800000000000004,Persistence
COHU,"Cohu, Inc. - Common Stock",Technology,Semiconductor Equipment & Materials,United States,半導体,59.27000045776367,2.796082944,90.69851090049744,0.12737599526107637,-0.3685916878561483,-0.21709944326535635,0.4274565299940833,2.366344195519348,0.2636964976162165,50.66489420485717,0.09525200214824338,0.19807877795913345,True,42,34,30,100,85,S,0,55.0,49.0,58.5,58.5,Persistence
COIN,"Coinbase Global, Inc. - Class A Common Stock",Financial Services,Financial Data & Stock Exchanges,United States,その他,165.47999572753906,43.597488128,1473.7880091488648,0.09404240810672959,1.1117178931939855,-0.026868945290976668,0.7463949897825262,,0.2639358095583717,53.383361797475295,-0.07470884219256084,0.6057935199181759,False,12,0,26,40,55,B,-20,0.5,0.0,15.299999999999997,15.299999999999997,Persistence
COKE,"Coca-Cola Consolidated, Inc. - Common Stock",Consumer Defensive,Beverages - Non-Alcoholic,United States,その他,195.6300048828125,13.021973504,106.47554275756836,0.047587320985385484,0.03694969144216784,0.07303727473033599,0.39739072267712405,0.22607857648879373,0.6756315015716949,60.994571501009645,0.06263054208895279,0.09693343698926159,True,27,12,36,65,65,A,-30,6.5,0.0,19.049999999999997,19.049999999999997,Persistence
COLB,"Columbia Banking System, Inc. - Common Stock",Financial Services,Banks - Regional,United States,その他,31.719999313354492,9.182633984,100.75857781887055,0.19284603421461896,-0.03405107661492238,0.5730057406438848,,0.1332263242375602,0.054390112520948046,58.45864048389277,0.0626798006318285,0.024300186064772883,True,25,26,38,85,60,B,-20,17.5,18.25,34.150000000000006,34.150000000000006,Persistence
COLM,Columbia Sportswear Company - Common Stock,Consumer Cyclical,Apparel Manufacturing,United States,その他,63.31999969482422,3.23823488,33.522874238433836,0.008540388804547433,-0.034016086818002854,0.006654153743831102,0.5053119327381834,-0.4974062986246542,0.16311768544435654,39.60206199298566,0.006644033599894363,0.0659389461621805,True,26,0,33,85,77,A,0,39.95,20.45,54.800000000000004,54.800000000000004,Persistence
CORZ,"Core Scientific, Inc. - Common Stock",Technology,Software - Infrastructure,United States,ソフトウェア,21.43000030517578,6.812281856,265.19689667655945,-0.37529568881787134,0.01646496815286624,-0.21538372639630932,0.11879543224698215,-7.814459996940492,0.49518708969503045,21.364986394810657,-0.14271769073192905,0.2650891489261222,True,0,18,2,85,34,D,0,16.15,29.65,29.150000000000002,29.65,Transition
COST,Costco Wholesale Corporation - Common Stock,Consumer Defensive,Discount Stores,United States,その他,951.6699829101562,422.045483008,2496.059064576416,0.08167323631476146,0.05020017334599034,0.06757316460604351,0.12843206714262356,0.1822295972243174,0.10600656299044087,41.76719950395339,-0.040766601081134154,0.130354896538846,False,20,24,42,10,90,S,0,25.5,28.5,43.6,43.6,Persistence
CPB,The Campbell's Company - Common Stock,Consumer Defensive,Packaged Foods,United States,その他,23.31999969482422,6.954169344,298.45751809425354,0.06403071814030718,0.02981724911830715,0.09285213735108619,0.3042036477128645,0.05538922155688623,0.48415682062298604,56.681475027582955,0.11731833364720988,0.27120691759957427,False,24,24,38,85,43,C,-20,15.049999999999997,15.049999999999997,30.750000000000007,30.750000000000007,Persistence
CPRT,"Copart, Inc. - Common Stock",Industrials,Specialty Business Services,United States,その他,30.010000228881836,27.783602176,415.92224772217753,0.09680248620251543,0.09492267512387847,0.10528572338536059,0.4518317144247914,0.2799430933032715,0.010280448665540504,44.755247686696315,-0.05960729183417942,0.3994396738888139,False,31,24,50,65,63,B,0,39.3,34.05,56.35,56.35,Persistence
CROX,"Crocs, Inc. - Common Stock",Consumer Cyclical,Footwear & Accessories,United States,その他,125.27999877929688,6.225119232,154.88303609085082,-0.014982784461062458,0.03527227675920357,0.11458895044564182,0.5833360350458726,-0.28591468890383787,0.3865738068147793,49.13055786720728,0.1090160531213388,0.019488126549188994,True,8,0,29,85,45,C,0,23.25,17.25,46.2,46.2,Persistence
CRUS,"Cirrus Logic, Inc. - Common Stock",Technology,Semiconductors,United States,半導体,146.24000549316406,7.378206208,85.65862081756592,0.05342715512080997,0.059918161541514574,-0.05729659883949185,0.5277776526137503,0.5296970980214767,0.053819554635020694,27.657307531879027,-0.1110397464212421,0.18256003084168984,True,17,24,38,85,63,B,0,31.8,37.05,54.75000000000001,54.75000000000001,Persistence
CRVL,CorVel Corp. - Common Stock,Financial Services,Insurance Brokers,United States,その他,64.13999938964844,3.27172096,16.48879034309387,0.07027553933779893,0.1260865246425612,0.10680915495113852,0.2429383835823091,0.20448885976408912,0.043713237924309395,60.60797428715416,0.0775087151178202,0.3763733559433429,True,5,24,50,85,48,C,-20,1.3000000000000007,15.549999999999997,38.35,38.35,Persistence
CRWD,"CrowdStrike Holdings, Inc. - Class A Common Stock",Technology,Software - Infrastructure,United States,ソフトウェア,193.97999572753906,197.521932288,2643.0657026857757,0.21711245176577237,0.29391354434791717,0.3633347849133246,0.7466899972049074,0.16254614170161044,0.07396954761225268,75.83420310261931,0.25023199662887957,0.0079905904554738,True,23,17,97,25,10,D,0,22.0,17.5,61.6,61.6,Persistence
CRWV,"CoreWeave, Inc. - Class A Common Stock",Technology,Software - Infrastructure,United States,ソフトウェア,81.74500274658203,44.597649408,2551.482655953255,1.6793733681462142,3.0,3.0,0.7168193334632625,-0.21804132370233495,0.6048841831974362,40.0199692887312,-0.2480182510368274,0.5051755190274424,False,37,10,50,40,43,C,-10,28.049999999999997,7.800000000000001,36.1,36.1,Persistence
CSCO,"Cisco Systems, Inc. - Common Stock",Technology,Communication Equipment,United States,通信/光通信,112.69000244140625,444.160278528,2991.9184379193116,0.05298961024478189,-0.05605459840696165,0.10553368116841554,0.6493804497475907,0.30146914789422136,0.22972254703943873,32.0078708937928,0.0150478408434994,0.13315382737379808,True,35,12,42,10,90,S,0,36.75,19.5,43.6,43.6,Persistence
CSGP,"CoStar Group, Inc. - Common Stock",Real Estate,Real Estate Services,United States,その他,30.0,12.250671104,219.07875,0.18676900584795322,0.11446028513238289,0.124908357771261,0.7887280566676933,1.1673469387755102,0.11235528563294743,38.66552193140465,-0.08888808015162893,0.6901786694960219,False,50,27,75,65,45,C,0,51.75,34.5,66.5,66.5,Persistence
CSWC,Capital Southwest Corporation - Common Stock,Financial Services,Asset Management,United States,その他,23.729999542236328,1.474599424,16.329205935001372,0.3903153794566985,-0.001907189554469517,0.7747058727808244,,0.11480696497414627,0.5195020201899594,58.57386911499602,0.021799728648069117,0.012895231342973325,True,34,32,10,100,75,A,-35,13.0,11.5,10.5,13.0,Acceleration
CTAS,Cintas Corporation - Common Stock,Industrials,Specialty Business Services,United States,その他,181.3699951171875,72.572829696,405.31296918823244,0.07748211218226426,0.0885737818220963,0.12239035177343213,0.5003939486165667,0.05906459855180524,0.2701695561462564,49.38300274458928,0.05256926717182311,0.19082866943491605,False,10,24,46,40,75,A,0,21.0,31.5,50.3,50.3,Persistence
CTSH,Cognizant Technology Solutions Corporation - Class A Common Stock,Technology,Information Technology Services,United States,その他,41.9900016784668,19.861270528,600.8983389197159,0.06951763275233076,0.019790213403606677,-0.0038604076590487957,0.33717074095129806,0.42036124794745483,0.05567369031509762,28.003820177733218,-0.15754891674238794,0.5097893151131253,False,39,12,34,65,16,D,0,40.6,20.35,38.150000000000006,40.6,Acceleration
CVBF,CVB Financial Corporation - Common Stock,Financial Services,Banks - Regional,United States,その他,22.809999465942383,4.024943104,42.798173897953035,0.0830747119795092,-0.13045202075568224,-0.009886302993026222,,-0.11153987654825655,0.03198760621004828,69.97885383256138,0.10106000630731328,0.012981442513454606,True,18,12,25,85,25,D,-20,8.75,4.25,20.0,20.0,Persistence
CVCO,"Cavco Industries, Inc. - Common Stock",Consumer Cyclical,Residential Construction,United States,その他,598.72998046875,4.614729728,75.66450128173828,0.11364513673815083,0.12294795162893528,-0.16237405569481306,0.23474530018868303,0.47759901699253193,0.02061980807959553,49.914703102914196,0.1089769144102381,0.14192563046159498,True,10,26,30,85,70,A,0,27.25,39.25,51.75,51.75,Persistence
CVLT,"Commvault Systems, Inc. - Common Stock",Technology,Software - Application,United States,ソフトウェア,149.97999572753906,6.212424704,140.2927878034973,0.18889856461156326,0.1863241691659309,0.06966313616028753,0.8115047013998598,0.1646400754324104,0.48640119174788804,77.07602591746402,0.3063663031529223,0.23248557946462664,True,52,14,57,85,35,C,0,55.25,26.75,59.6,59.6,Persistence
CWST,"Casella Waste Systems, Inc. - Class A Common Stock",Industrials,Waste Management,United States,その他,97.48999786376953,6.201332736,74.1738025246811,0.17951650406509287,0.23149962595153029,0.16538090423919144,0.33766450117348207,0.0794496968451341,0.3751149598919392,66.65229102006388,0.1290124324518704,0.14029985403905457,True,11,14,75,85,50,B,0,26.0,28.25,72.5,72.5,Persistence
CZR,"Caesars Entertainment, Inc. - Common Stock",Consumer Cyclical,Resorts & Casinos,United States,その他,30.389999389648438,6.190247424,172.67947138191224,0.021431747443308138,-0.024548924358084662,0.06533592089455688,0.5,3.0,0.7870033819020829,66.1764365579409,0.06184484382091564,0.03554429803547935,True,38,25,28,85,52,B,-10,36.45,26.700000000000003,37.050000000000004,37.050000000000004,Persistence
DASH,"DoorDash, Inc. - Common Stock",Consumer Cyclical,Internet Retail,United States,その他,192.00999450683594,83.662348288,1021.0361869894409,0.27933221413915316,0.24169079328314996,0.31171198541698314,0.5087847196908946,0.013318534961154272,0.16735337504450887,80.8338926296853,0.1561295430324899,0.31848512400704676,False,43,36,93,40,8,D,0,39.05,33.8,62.75000000000001,62.75000000000001,Persistence
DAVE,Dave Inc.  - Class A Common Stock,Technology,Software - Application,United States,ソフトウェア,387.3599853515625,4.924990464,248.4158954058838,0.5967165692816558,0.3395807682955541,0.2648678467862408,0.8668668415791202,1.4090920688921964,0.15429056784936132,82.22980760397746,0.3841245398861634,0.0,True,85,64,100,85,10,D,0,77.5,61.75,78.25,78.25,Persistence
DBX,"Dropbox, Inc. - Class A Common Stock",Technology,Software - Infrastructure,United States,ソフトウェア,28.559999465942383,6.663066624,114.15346106538773,-0.010674201397064594,0.018628078030060762,0.07600326895780464,0.8013486711622372,0.06770713793894882,1.260852754051109,60.47745445319166,0.0793324317810601,0.11221631670740262,True,23,38,35,85,65,A,-20,16.5,27.75,33.5,33.5,Persistence
DDOG,"Datadog, Inc. - Class A Common Stock",Technology,Software - Application,United States,ソフトウェア,260.3599853515625,92.677791744,1301.2401527893066,0.2767536858183308,0.2611946574802465,0.2705862336576921,0.7995549081775629,0.1801231578254761,0.1925097880082675,68.26571628261831,0.25211957773697913,0.06173197407352989,True,44,17,100,40,37,C,0,42.7,22.45,72.4,72.4,Persistence
DGII,Digi International Inc. - Common Stock,Technology,Communication Equipment,United States,通信/光通信,72.1500015258789,2.72021376,29.87948013191223,0.014562099394876972,-0.04676418290251299,0.14585356429905338,0.629158037380788,0.30251279895135164,0.18553594769825046,62.549281548336644,0.1124714206354426,0.03735817927113271,True,35,24,42,100,37,C,0,44.95,36.7,55.5,55.5,Persistence
DIOD,Diodes Incorporated - Common Stock,Technology,Semiconductors,United States,半導体,96.25,4.422180864,65.1448875,0.13038699737628898,-0.2109952284925611,-0.16937138229913326,0.312019718326965,1.9551399452715952,0.03905436869408929,42.20980127431203,-0.09479069627994627,0.21594983443232202,True,39,26,34,85,90,S,0,51.0,41.25,57.95,57.95,Persistence
DJT,Trump Media & Technology Group Corp. - Common Stock,Communication Services,Internet Content & Information,United States,その他,8.539999961853027,2.365185536,45.70966659582138,0.0176301536420913,-0.12401055408970976,1.8093165589935396,0.5451040026068539,1.1942656796751419,0.3611366992794125,53.06554024164869,-7.025651672849806e-05,0.5699899446427131,False,48,55,42,100,65,A,0,57.5,62.75,61.1,62.75,Transition
DKNG,DraftKings Inc. - Class A Common Stock,Consumer Cyclical,Gambling,United States,その他,25.889999389648438,12.844775424,341.95071063858035,0.26990504224364836,0.30073337292890556,0.6359994661812903,0.4125142765121954,0.7122798154322859,0.4171079442321682,31.10703387822211,0.027592966673825693,0.46319718773839386,False,32,74,71,65,55,B,0,39.25,70.75,66.30000000000001,70.75,Transition
DLTR,"Dollar Tree, Inc. - Common Stock",Consumer Defensive,Discount Stores,United States,その他,124.05000305175781,23.839258624,450.2214988259125,0.10429217510026453,0.04751774317535799,0.08886870194335399,0.364046610824344,-0.10371318822023047,0.5239488497126138,62.98186504967324,0.18664077136477866,0.12152115888557789,True,27,37,33,65,50,B,0,35.0,42.5,44.400000000000006,44.400000000000006,Persistence
DOCU,"DocuSign, Inc. - Common Stock",Technology,Software - Application,United States,ソフトウェア,45.77000045776367,8.739534848,232.88027967912674,0.08155266551753446,0.07779369285146867,0.09776443162825453,0.7940481441217581,0.15025579060377015,0.04376801314560651,54.41070276991516,-0.025284662887176096,0.4615927619385752,False,35,12,57,85,65,A,0,45.5,28.25,65.6,65.6,Persistence
DORM,"Dorman Products, Inc. - Common Stock",Consumer Cyclical,Auto Parts,United States,その他,137.64999389648438,4.113365504,45.294418741607664,0.06028378501461031,0.041149079588016925,0.11307230746780532,0.4214096574268924,-0.6051423084550114,0.21518821312449912,66.94181946442009,0.12451428819918928,0.17247807546615262,True,25,12,41,85,50,B,0,36.5,26.75,53.8,53.8,Persistence
DOX,Amdocs Limited - Ordinary Shares,Technology,Software - Infrastructure,United States,ソフトウェア,51.75,5.493986816,91.33875,-0.09432108641997015,0.024028194084970998,0.06792081713078231,0.37979550898064884,0.042348687176156384,0.1322279165993315,35.789596506075526,-0.12415168599847505,0.4225529990190262,False,9,24,34,85,33,D,0,22.8,34.05,46.550000000000004,46.550000000000004,Persistence
DPZ,Domino's Pizza Inc - Common Stock,Consumer Cyclical,Restaurants,United States,その他,311.6600036621094,10.366394368,307.9216419181824,0.04962969699236107,0.05068985332273062,-0.012739252192672152,0.3995065581051313,0.31150051170675686,2.9411037490554683,50.66169263941977,-0.011404106170709825,0.34572785671773365,False,9,24,24,65,73,A,-40,0.0,0.0,4.050000000000004,4.050000000000004,Persistence
DRS,"Leonardo DRS, Inc. - Common Stock",Industrials,Aerospace & Defense,United States,防衛/宇宙,43.720001220703125,11.662838784,53.08569988220215,0.1280148423005566,0.14437367303609341,0.049387300408466395,0.2382127192982456,0.22043010752688172,0.10477039679001338,30.086735365140797,-0.004383862800915202,0.12014484948681227,True,10,26,50,65,90,S,0,26.25,38.25,61.75,61.75,Persistence
DRVN,Driven Brands Holdings Inc. - Common Stock,Consumer Cyclical,Auto & Truck Dealerships,United States,その他,14.470000267028809,2.386913024,16.448483403539658,0.06274665102403684,0.024815793782601576,-0.15893908795717476,0.5080244281957306,3.0,0.6396709552106772,57.373277205707375,0.08566800556391355,0.24674643640535956,True,50,60,28,100,85,S,-10,51.0,58.5,47.400000000000006,58.5,Transition
DSGR,"Distribution Solutions Group, Inc. - Common Stock",Industrials,Industrial Distribution,United States,その他,27.200000762939453,1.256508544,1.8074400506973267,0.09751045394278822,0.1488166724189093,0.3638804886479501,0.33435874229743795,0.30348767288033673,0.4684325534235263,44.855971761846945,-0.006312806399945068,0.18220077764316614,False,9,47,63,100,90,S,-5,25.75,54.25,72.65,72.65,Persistence
DUOL,"Duolingo, Inc. - Class A Common Stock",Technology,Software - Application,United States,ソフトウェア,125.76000213623047,5.859550208,194.8758129102707,0.38710656342577243,0.40841898743948984,0.43739157498748293,0.7223062310799363,0.36331622366883154,0.04707351035196584,51.8728612515906,0.10728108419746932,0.6827847187186944,False,34,39,97,85,35,C,0,41.75,45.5,81.6,81.6,Persistence
DXPE,"DXP Enterprises, Inc. - Common Stock",Industrials,Industrial Distribution,United States,その他,157.97999572753906,2.449529088,28.896910918502808,0.11893465183902688,0.07353747170260931,0.1335519491745181,0.315383375529728,-0.3002864809509612,0.5362135827268115,39.81042560556021,-0.011126876980563472,0.12963472806678258,True,27,14,41,100,90,S,0,44.25,34.5,65.55,65.55,Persistence
EA,Electronic Arts Inc. - Common Stock,Communication Services,Electronic Gaming & Multimedia,United States,その他,205.2100067138672,51.456712704,444.16269483169555,0.009111617312072893,-0.013091774662787622,0.01831403178023162,0.789669366617979,0.2502691065662002,0.11788896504455106,70.37732263878253,0.014271133703994732,0.0011681199218292484,True,38,12,45,40,40,C,0,38.5,19.0,42.75,42.75,Persistence
EBAY,eBay Inc. - Common Stock,Consumer Cyclical,Internet Retail,United States,その他,114.83999633789062,50.988957696,410.8446804986572,0.07945152192939804,0.016910601265822785,0.032363450740173556,0.7145045045045045,-0.2668711656441718,0.4077228847245883,62.57816559656864,0.054105552420996406,0.031957234119426456,True,30,12,41,40,52,B,0,33.7,20.2,42.949999999999996,42.949999999999996,Persistence
EBC,"Eastern Bankshares, Inc. - Common Stock",Financial Services,Banks - Regional,United States,その他,22.360000610351562,4.806952448,116.40750477752685,-0.004203668932444681,1.3183180397813592,-0.5151100179279284,,0.5278970909777023,0.006526234667597088,72.20711010032555,0.10532487487398591,0.01193100134458391,True,9,12,38,85,10,D,-20,0.5,2.75,24.150000000000006,24.150000000000006,Persistence
ECHO,EchoStar Corporation - Common stock,Communication Services,Telecom Services,United States,その他,101.5,29.416071168,1434.8156725,-0.051848356792915946,-0.06994065092511001,-0.08686415323700246,0.25822524761597626,-0.3986920807594349,0.700132310141108,23.513027034492396,-0.1536165171875922,0.2842031183669868,False,30,0,0,65,24,D,-20,14.649999999999999,0.0,1.0500000000000007,14.649999999999999,Acceleration
ECPG,Encore Capital Group Inc - Common Stock,Financial Services,Credit Services,United States,その他,90.61000061035156,1.942715776,31.946820965194703,0.3437058679192106,0.07661939346353912,-0.12562475551490437,0.5460368090945171,-0.00015754358049295387,0.7493338701824038,79.54675828438435,0.08972262489429357,0.0339055365618332,True,62,65,23,100,37,C,-35,30.200000000000003,32.45,10.049999999999997,32.45,Transition
EEFT,"Euronet Worldwide, Inc. - Common Stock",Technology,Software - Infrastructure,United States,ソフトウェア,77.18000030517578,2.938636032,57.85104102874756,0.0637625946162715,0.08183297180043383,0.09801119447421698,0.41317562791574386,-0.2945094217024042,0.33555257601676763,78.29850618649058,0.10473354780126232,0.281177253135232,True,4,12,37,100,18,D,0,19.8,25.8,48.95,48.95,Persistence
EFSC,Enterprise Financial Services Corporation - Common Stock,Financial Services,Banks - Regional,United States,その他,65.80000305175781,2.40734592,19.536020906066895,0.15980212663067714,-0.017993713841190417,0.09890107658757072,,-0.24338855892466396,0.010902506484639744,63.258172456718476,0.07977939544977376,0.016442428236650812,True,23,14,25,100,40,C,-20,16.25,9.5,26.75,26.75,Persistence
ENPH,"Enphase Energy, Inc. - Common Stock",Technology,Solar,United States,電力/エネルギー,43.06999969482422,5.676549632,328.97834841899873,0.1071886817555546,-0.4192460579032699,-0.017189844232991098,0.4664025770798752,-0.8002432882236419,0.3454871399786654,27.52085213206543,-0.12196295997435853,0.4045347904811993,True,34,21,29,85,26,D,0,40.85,31.1,42.400000000000006,42.400000000000006,Persistence
ENTG,"Entegris, Inc. - Common Stock",Technology,Semiconductor Equipment & Materials,United States,半導体,146.66000366210938,22.336319488,576.7169988006592,-0.013760335678143897,-0.08022361588013281,0.07369426206256914,0.44419070262153537,0.25340082252451757,0.4546075085324232,50.57252086611197,-0.008407980753030736,0.2029347627059273,True,37,34,26,65,100,S,0,47.5,45.25,50.55,50.55,Persistence
ENVX,Enovix Corporation - Common Stock,Industrials,Electrical Equipment & Parts,United States,電力/エネルギー,5.360000133514404,1.169302528,28.929609120619297,0.3790846840599809,2.018576661433804,0.2325056433408578,0.19185443574997643,0.38581654682097816,0.6147842657641003,31.388892899324972,-0.20782712203803838,0.6635279327789531,False,29,68,38,100,33,D,-25,15.049999999999997,44.3,27.500000000000007,44.3,Transition
EOSE,"Eos Energy Enterprises, Inc. - Common Stock",Industrials,Electrical Equipment & Parts,United States,電力/エネルギー,5.230000019073486,1.855615104,118.83506673338414,3.0,-0.04713640249114666,-0.08625306851149298,-1.2594853024876755,-0.4208965273992369,0.942624071251936,39.293603299585975,-0.27045990088175187,0.7274622264969978,False,65,40,8,100,25,D,-35,31.25,12.5,0.0,31.25,Acceleration
ERIE,Erie Indemnity Company - Class A Common Stock,Financial Services,Insurance Brokers,United States,その他,259.25,13.556148224,61.21799875,0.07409012625297613,0.16716587856459053,0.16063891649907652,,0.17384931044974958,,74.1289061020269,0.156324350609389,0.28654623232995274,False,2,12,40,65,8,D,-20,0.0,0.0,19.85,19.85,Persistence
ESQ,"Esquire Financial Holdings, Inc. - Common Stock",Financial Services,Banks - Regional,United States,その他,120.33999633789062,1.03966912,15.177882038116454,0.17414119079664167,0.099538423593249,0.34713009220253704,,0.38898702096613164,,65.28674197137613,0.08820142403730317,0.026611671832229098,True,28,26,57,100,40,C,-25,15.0,13.5,39.349999999999994,39.349999999999994,Persistence
EVCM,EverCommerce Inc. - Common Stock,Technology,Software - Application,United States,ソフトウェア,9.979999542236328,1.765968,1.68622072265625,0.047532395919492695,0.051066518842861175,-0.13834160832288891,0.7757489722485893,-0.1554383805805466,0.3815376069584792,57.435897185095484,-0.026265507545375252,0.25522389355627867,False,18,42,36,100,73,A,-5,30.799999999999997,48.8,54.4,54.4,Persistence
EVLV,"Evolv Technologies Holdings, Inc. - Class A Common Stock",Industrials,Security & Protection Services,United States,その他,6.239999771118164,1.122397568,16.992486576719283,0.4047561738795552,0.3054106705209577,0.5092281720062976,0.5161029436962407,0.7311749086801531,0.13875739547779467,52.15517019899523,-0.005006893564096361,0.2876712776165459,False,59,68,73,100,73,A,-5,61.55,68.3,74.75,74.75,Persistence
EVRG,"Evergy, Inc. - Common Stock",Utilities,Utilities - Regulated Electric,United States,電力/エネルギー,88.12999725341797,20.315111424,184.55875569820404,0.019547483453901802,0.06156276097454704,-0.05988974415865918,0.522661701556629,-1.1300651742703316,0.4478018174587979,73.9208888529069,0.06482933280356437,0.0,True,8,0,10,65,25,D,0,18.25,12.25,26.75,26.75,Persistence
EWBC,"East West Bancorp, Inc. - Common Stock",Financial Services,Banks - Regional,United States,その他,129.3000030517578,17.713616896,144.00852489891054,0.12861419870456148,0.0016864262009981177,0.10486412690774066,,,0.039458582934987864,47.435930496114615,0.03293764722709546,0.025107454636656066,True,23,14,22,65,75,A,-20,14.5,7.75,23.35,23.35,Persistence
EXC,Exelon Corporation - Common Stock,Utilities,Utilities - Regulated Electric,United States,電力/エネルギー,47.880001068115234,48.991207424,437.94185116968157,0.05341323606044815,0.05987941271229346,0.13885103260299822,0.42930167367466404,-0.48887434554973824,0.42961310800377456,66.76096387102345,0.05272946238861551,0.03896834070204757,True,7,12,18,40,52,B,0,16.45,20.2,30.299999999999997,30.299999999999997,Persistence
EXE,Expand Energy Corporation - Common Stock,Energy,Oil & Gas E&P,United States,電力/エネルギー,90.72000122070312,21.702842368,359.4076968360901,1.8877043354655294,-0.45710610932475887,-0.3205453115441755,0.5084912626138322,3.0,0.17888075794534591,63.150290291923646,-0.02929048537239041,0.2532588144471067,False,73,87,46,65,53,B,0,69.8,80.3,52.15,80.3,Transition
EXLS,"ExlService Holdings, Inc. - Common Stock",Technology,Information Technology Services,United States,その他,27.020000457763672,4.128194816,82.72578440151214,0.1356129227381618,0.1273735671516213,0.15482803652010843,0.3837160789565829,0.3412893733999811,0.23711297206319926,41.02857708366303,-0.06711778609553176,0.4052388228867056,False,32,26,64,85,55,B,0,42.25,37.75,67.45,67.45,Persistence
EXPE,"Expedia Group, Inc. - Common Stock",Consumer Cyclical,Travel Services,United States,その他,268.69000244140625,32.248733696,448.7364861773682,0.07610839237455262,0.0663603084352364,0.10045427273506471,0.9011742347111925,0.33533705452984114,0.26235072795681336,72.19926384808474,0.13550340104292832,0.10442860804713215,True,41,24,53,40,35,C,0,40.25,27.5,46.150000000000006,46.150000000000006,Persistence
EXPO,"Exponent, Inc. - Common Stock",Industrials,Engineering & Construction,United States,その他,60.97999954223633,2.958238976,40.89471219301224,0.042075937219120736,0.040516724233651165,0.04573021646505992,,-0.11088823965464614,0.10653630329290989,69.05592994834825,0.023658809868036104,0.22852185349640788,False,18,0,37,100,70,A,0,35.5,22.0,59.35,59.35,Persistence
EXTR,"Extreme Networks, Inc. - Common Stock",Technology,Communication Equipment,United States,通信/光通信,29.799999237060547,3.897186816,69.53040121988296,0.0204653943822206,-0.1487678806266734,0.1799237809948747,0.6220046716552624,2.407413354743744,0.19375521367165618,41.40730336498655,0.1307323673063796,0.07939449427329896,True,45,37,42,85,57,B,0,52.2,46.2,55.75,55.75,Persistence
EYE,"National Vision Holdings, Inc. - Common Stock",Consumer Cyclical,Specialty Retail,United States,その他,19.760000228881836,1.58310528,48.044168156499865,0.0900379527455411,0.03811780085187014,0.0679137215559305,0.5876860640164872,0.9256763842281879,0.3501576364712418,61.3363350677982,0.03804957482243277,0.3292599849639287,False,35,47,46,100,53,B,-5,41.55,50.55,55.9,55.9,Persistence
EZPW,"EZCORP, Inc. - Class A Non-Voting Common Stock",Financial Services,Credit Services,United States,その他,35.59000015258789,2.190065408,42.621160582733154,0.09700224345343758,0.1072989520905284,0.18371858162430535,0.5854796434064726,0.41867516316357467,0.39157260959743423,73.3140724145864,0.0954207215065136,0.0,True,13,24,54,100,25,D,-20,7.25,15.5,39.7,39.7,Persistence
FA,First Advantage Corporation - Common Stock,Industrials,Specialty Business Services,United States,その他,20.530000686645508,3.521655552,46.90222366868973,0.8302486035305537,0.12627510438474862,-0.057111958549325145,0.45673782019564413,3.0,0.544924333598866,83.08920254446807,0.3272820558488849,0.0,True,82,75,38,85,10,D,0,75.25,70.0,44.150000000000006,75.25,Acceleration
FAC,Factorial Energy Inc. - Class A Common Stock,Industrials,Electrical Equipment & Parts,United States,電力/エネルギー,10.234999656677246,1.099402624,6.835649220705032,,,,,0.20251065241242058,0.4368310397553517,20.79701500407637,-0.13891743226573164,0.5335004827921775,False,5,12,2,100,16,D,-15,5.350000000000001,10.600000000000001,14.3,14.3,Persistence
FANG,"Diamondback Energy, Inc. - Common Stock",Energy,Oil & Gas E&P,United States,電力/エネルギー,172.0399932861328,48.397139968,495.53883546157834,0.35434999546402973,0.32186113442858855,-0.12826677817269497,0.3497220175497354,0.8691849646445851,0.2093893806555116,18.334927425553417,-0.11479450880473585,0.19048053943968837,True,57,20,29,40,63,B,0,55.05,27.3,38.550000000000004,55.05,Acceleration
FAST,Fastenal Company - Common Stock,Industrials,Industrial Distribution,United States,その他,48.599998474121094,55.79450368,363.3501125920105,0.08673469387755102,0.027127826098792655,0.05244534853737501,0.45011889518931775,0.10963244613434728,0.0874547289675236,65.3685721774138,0.07430153469717998,0.019950844452307964,True,28,24,50,40,40,C,0,31.0,28.0,45.5,45.5,Persistence
FBNC,First Bancorp - Common Stock,Financial Services,Banks - Regional,United States,その他,63.79999923706055,2.639751168,19.706543764343262,0.11689860256801757,-0.1382546803338262,0.019031663252953586,,0.15548093235109572,-0.0002174712880670465,64.7442630990083,0.07150934270792494,0.023718428052823197,True,25,26,30,100,40,C,-20,17.75,18.5,29.5,29.5,Persistence
FCEL,"FuelCell Energy, Inc. - Common Stock",Industrials,Electrical Equipment & Parts,United States,電力/エネルギー,28.110000610351562,1.90046592,402.01629812896726,0.41049834124068063,-0.09126861921973516,-0.0543361638208516,-0.16696804542178273,0.3041904555702512,0.15443932602832602,64.00537831367902,0.45388533978347545,0.21938345124713912,True,47,50,10,100,50,B,-15,40.25,42.5,25.5,42.5,Transition
FCFS,"FirstCash Holdings, Inc. - Common Stock",Financial Services,Credit Services,United States,その他,221.97000122070312,9.730429952,123.33874102828979,0.08042729054682968,0.07510574922996285,0.1549516259414821,0.5027548160455914,0.12576079098943638,0.4845828798608804,53.82965684268557,0.0010413688060105211,0.04557726201294724,True,31,24,50,85,87,S,-20,24.700000000000003,19.450000000000003,46.150000000000006,46.150000000000006,Persistence
FCNCA,"First Citizens BancShares, Inc. - Class A Common Stock",Financial Services,Banks - Regional,United States,その他,2082.989990234375,24.135550976,193.83263354125975,-0.026105263157894736,0.08521818597212703,0.9341581970835174,,-0.06331727460426703,0.1572194794904614,43.53231567846959,0.03345685049135265,0.05271993944994445,True,0,0,33,65,87,S,-20,0.0,0.0,31.80000000000001,31.80000000000001,Persistence
FELE,"Franklin Electric Co., Inc. - Common Stock",Industrials,Specialty Industrial Machinery,United States,電力/エネルギー,105.13999938964844,4.64531968,34.982706296920774,0.054374299042071576,-0.021205413888597004,0.010481912560043959,0.35468621700879766,-0.1189506125068853,0.12035167932276787,59.16101169212464,0.041534349964462765,0.04030274290245238,True,22,0,29,85,87,S,0,37.95,21.450000000000003,54.60000000000001,54.60000000000001,Persistence
FFBC,First Financial Bancorp. - Common Stock,Financial Services,Banks - Regional,United States,その他,34.38999938964844,3.608521216,37.76262662979126,0.07648119026589978,-0.005491601919561243,0.18539921894399422,,0.3153421464155201,0.05629053272223476,74.39252689630683,0.1050202878815538,0.008076111741698219,True,23,24,30,85,10,D,-20,11.0,11.75,19.75,19.75,Persistence
FFIN,"First Financial Bankshares, Inc. - Common Stock",Financial Services,Banks - Regional,United States,その他,34.880001068115234,4.997673984,41.81135488037109,0.14910332062781523,0.12339320864597562,-0.08036904585564043,,-0.023607047634003706,0.0013630940804880026,63.43281330154802,0.0707772275244324,0.05894955702537926,True,35,14,25,85,52,B,-20,24.200000000000003,8.45,25.4,25.4,Persistence
FFIV,"F5, Inc. - Common Stock",Technology,Software - Infrastructure,United States,ソフトウェア,408.1400146484375,23.026952192,254.09572891967773,0.09656974844821954,0.0010489949235186367,0.04352030624906106,0.8141306290785966,0.18949825920234328,0.04142595639016554,58.59170186776366,0.09600978489468522,0.03781408436112588,True,35,24,57,65,72,A,0,43.2,34.95,62.0,62.0,Persistence
FHB,"First Hawaiian, Inc. - Common Stock",Financial Services,Banks - Regional,United States,その他,29.969999313354492,3.645819648,51.61313401748657,0.09386092860554272,-0.038003762502871546,0.056727342392702114,,0.05039845673774585,0.0,68.12749912231509,0.08974056701129762,0.007944381939472459,True,20,24,30,85,40,C,-20,11.75,14.75,25.75,25.75,Persistence
FIBK,"First Interstate BancSystem, Inc. - Common Stock",Financial Services,Banks - Regional,United States,その他,39.150001525878906,3.803143936,41.93317513435364,0.05911773532059618,-0.02544355624878144,-0.07234581298607343,,-0.16325301204819276,0.011110860866497001,71.3344473681399,0.092911776103627,0.002801752428857496,True,30,12,25,85,25,D,-20,17.75,4.25,20.0,20.0,Persistence
FISV,"Fiserv, Inc. - Common Stock",,,,その他,52.33000183105469,27.905181696,482.24503867401125,0.03602854908095424,0.07138741947310533,0.07645035800868241,0.5936394092388997,-0.15073093638877913,0.36343329215179765,48.06571387504733,-0.0461173576689898,0.7019082829886018,False,8,12,41,65,65,A,0,22.25,25.25,51.8,51.8,Persistence
FIVE,"Five Below, Inc. - Common Stock",Consumer Cyclical,Specialty Retail,United States,その他,182.42999267578125,10.087530496,277.83996669525146,0.22897299567370483,0.08910511947482826,0.1570262145402866,0.3599145870184106,2.8600240028503383,0.4116226816222502,28.201689701238266,-0.1317810440745039,0.26353402070466886,False,43,29,53,65,24,D,0,44.4,33.9,50.2,50.2,Persistence
FIVN,"Five9, Inc. - Common Stock",Technology,Software - Infrastructure,United States,ソフトウェア,23.440000534057617,1.79465984,63.631045849771496,0.10283721296276746,0.14437312737784572,0.16902186054752802,0.5507445904926341,1.0635844036814033,0.44975783069935815,67.19367956443094,0.10570212512900702,0.1961590995639916,True,31,63,60,100,50,B,-5,38.25,62.25,63.0,63.0,Persistence
FIZZ,National Beverage Corp. - Common Stock,Consumer Defensive,Beverages - Non-Alcoholic,United States,その他,33.33000183105469,3.120091648,18.10652349472046,-0.01731546238660711,0.008106107775989474,0.01599581220394703,0.370387750814873,-0.0839304051873368,0.06920238079861726,33.72198763832979,-0.04635187893978012,0.3011112855770124,False,4,0,29,85,63,B,-20,2.0500000000000007,0.0,29.800000000000004,29.800000000000004,Persistence
FLEX,Flex Ltd. - Ordinary Shares,Technology,Electronic Components,United States,半導体,136.86000061035156,50.142240768,1348.2756117128754,0.08139309650176267,-0.022790081393147834,-0.07322293172408954,0.09196102314250913,-0.014058106841611996,0.1956482320942883,41.80833574290553,0.01466617372053965,0.15555010535314487,True,30,12,25,40,100,S,0,38.5,25.0,43.75,43.75,Persistence
FLNC,"Fluence Energy, Inc. - Class A Common Stock",Utilities,Utilities - Renewable,United States,電力/エネルギー,17.0,3.133281792,186.36233,-0.16146821899960054,0.21667663069696813,0.8504692546239246,0.13071463609727643,-3.888107395816175,0.165805685193042,22.465964583631802,-0.1481429505598601,0.47254110327485194,False,0,0,18,85,16,D,-10,4.35,4.35,24.35,24.35,Persistence
FLYW,Flywire Corporation - Voting Common Stock,Technology,Software - Infrastructure,United States,ソフトウェア,18.75,2.314085376,48.6645,0.2659404564517702,0.22091621309173542,0.3929814254859611,0.6142048874443241,-0.022817760851689965,0.001073953593396063,83.70118875739482,0.20243179500917716,0.0,True,42,24,92,100,10,D,0,47.5,34.0,77.6,77.6,Persistence
FMBH,"First Mid Bancshares, Inc. - Common Stock",Financial Services,Banks - Regional,United States,その他,48.459999084472656,1.289801472,9.440250121650696,0.07419577566456391,0.15896219723781221,0.07958878343196196,,0.03806494810847004,0.046151347277616286,65.31165535781943,0.08864980959735931,0.01803443601148537,True,2,24,50,100,40,C,-25,0.0,12.0,35.5,35.5,Persistence
FORM,"FormFactor, Inc. - Common Stock",Technology,Semiconductor Equipment & Materials,United States,半導体,123.58999633789062,9.634429952,248.1965203956604,0.028017323228553208,0.15155586923278772,-0.11342532860387974,0.39344427275147675,-0.851576525323017,0.026428458250092702,47.8933000449459,-0.08897244885009158,0.22722439818753093,True,4,0,29,85,90,S,0,24.75,21.75,55.2,55.2,Persistence
FOX,Fox Corporation - Class B Common Stock,Communication Services,Entertainment,United States,その他,50.560001373291016,21.230176256,150.7858504955864,0.1659513590844063,-0.06256286461476564,0.06719622155431516,,1.0020066889632107,0.3218366027161026,28.92272351447582,-0.08493488495446545,0.24982700289779344,False,38,26,26,65,53,B,0,43.55,34.55,41.150000000000006,43.55,Acceleration
FOXA,Fox Corporation - Class A Common Stock,Communication Services,Entertainment,United States,その他,56.47999954223633,23.715987456,576.5339977272606,0.1659513590844063,-0.06256286461476564,0.06719622155431516,,1.0020066889632107,0.3218366027161026,30.8737793122162,-0.08118678694256433,0.2542759569598375,False,38,26,26,65,53,B,0,43.55,34.55,41.150000000000006,43.55,Acceleration
FRHC,Freedom Holding Corp. - Common Stock,Financial Services,Financial Conglomerates,United States,その他,162.21499633789062,9.942576128,34.78700596466064,0.08971844658728398,0.21344133955397054,1.0580299185741235,0.5455829305136649,,0.18484324002019273,66.68960929787849,0.13145730326255714,0.1468654840717229,True,8,12,38,85,50,B,-20,3.75,6.75,32.150000000000006,32.150000000000006,Persistence
FRME,First Merchants Corporation - Common Stock,Financial Services,Banks - Regional,United States,その他,43.439998626708984,2.737707776,19.76715417509079,0.057819313846414054,-0.03731324942166076,0.0363897450266181,,,0.0450025994605758,64.5751502316492,0.07169200821091892,0.019191742407942976,True,18,12,10,100,40,C,-20,12.5,8.0,18.5,18.5,Persistence
FROG,JFrog Ltd. - Ordinary shares,Technology,Software - Application,United States,ソフトウェア,94.80999755859375,11.48336128,349.3667821536255,0.24120162058213998,0.22465031467392235,0.24941436937580347,0.7678756768953069,0.31998218609959084,0.009285980004130084,73.50993348387095,0.3281166384436597,0.0,True,50,24,100,65,10,D,0,48.25,28.75,73.25,73.25,Persistence
FRPT,"Freshpet, Inc. - Common Stock",Consumer Defensive,Packaged Foods,United States,その他,56.380001068115234,2.770670592,89.40881519384384,0.13006664431175058,0.2715912869428018,0.288154411567094,0.4080035208232193,1.3773015485916351,0.278428935045211,57.692308234908076,0.026260866696430785,0.34058478282906157,False,24,39,77,100,73,A,-20,20.299999999999997,31.549999999999997,61.94999999999999,61.94999999999999,Persistence
FRSH,Freshworks Inc. - Class A Common Stock,Technology,Software - Application,United States,ソフトウェア,10.34000015258789,2.858329344,255.65438407270432,0.1643333055717498,0.2078828768409475,0.19765702340767752,0.8496141553083002,0.5130356751424814,0.02651942457534479,67.83439113216619,0.12883330584757022,0.3268228916858783,True,39,71,90,100,33,D,0,47.55,71.55,81.1,81.1,Persistence
FSBC,Five Star Bancorp - Common Stock,Financial Services,Banks - Regional,United States,その他,48.65999984741211,1.040163584,7.889002475261688,0.25656825948126155,0.06619510405378885,0.07581237378373416,,0.3959693498573048,0.018068456680437137,74.82015112428417,0.13145769983661518,0.018159836580713597,True,32,29,50,100,10,D,-25,15.0,12.75,29.5,29.5,Persistence
FSLR,"First Solar, Inc. - Common Stock",Technology,Solar,United States,その他,224.57000732421875,24.130801664,498.3668831039429,0.24085054545705253,0.2674882375168821,0.2669713005556024,0.4062437732020073,3.0,0.049194486127865804,21.757572058475375,-0.08338025469971516,0.29435975703309114,False,25,42,89,65,36,C,0,32.1,44.85,72.4,72.4,Persistence
FSLY,"Fastly, Inc. - Class A Common Stock",Technology,Software - Application,United States,ソフトウェア,18.1299991607666,2.837344768,103.27962516921043,0.1477755133572201,0.07448397985722982,0.1693061413137674,0.5708216750157848,3.0,0.28689136278849225,44.21296255415192,-0.09317811195839791,0.45880599520099696,True,49,59,54,100,65,A,0,58.25,65.75,67.7,67.7,Persistence
FSUN,FirstSun Capital Bancorp - Common Stock,Financial Services,Banks - Regional,United States,その他,38.97999954223633,1.821796736,13.317711743602752,0.08370248301734827,0.03422065734131605,0.13082641068623288,,0.08636686588372967,0.00774634591537557,64.29504472313786,0.06986214945154334,0.05845415203982175,True,20,24,42,100,52,B,-25,10.200000000000003,13.200000000000003,33.5,33.5,Persistence
FTAI,FTAI Aviation Ltd. - Common Stock,Industrials,Aerospace & Defense,United States,防衛/宇宙,248.05999755859375,25.446731776,259.20409294891357,0.44527497534441446,0.4816866741367295,0.6528484170912083,0.3716557609867397,0.25827936723745404,0.7885417986088851,53.16324481363804,-0.011238698214111421,0.19720089982223404,True,33,54,59,65,100,S,-20,24.5,40.25,48.7,48.7,Persistence
FTDR,"Frontdoor, Inc. - Common Stock",Consumer Cyclical,Personal Services,United States,その他,78.5,5.51344128,56.06941,0.13503253796095444,0.03653738055087127,0.0703971119133574,0.5527950310559007,0.6883116883116883,0.5560224089635855,88.12500761614825,0.18676148675125814,0.0,True,40,26,42,85,10,D,0,43.75,33.25,46.35,46.35,Persistence
FTNT,"Fortinet, Inc. - Common Stock",Technology,Software - Infrastructure,United States,ソフトウェア,156.25,114.476310528,1059.5375,0.14167702071929883,0.12271904690091992,0.2008873998279531,0.8045620330607682,0.18444018731375053,0.09589766295768683,65.37510021569436,0.2322030500813551,0.01717194490442525,True,40,26,82,25,25,D,0,36.25,25.75,56.35,56.35,Persistence
FULT,Fulton Financial Corporation - Common Stock,Financial Services,Banks - Regional,United States,その他,24.110000610351562,4.608230912,55.57403360687256,0.11394611781193321,0.08949465971141368,0.07256404867739134,,-0.23996824480369516,0.01925852470857826,66.23485616233273,0.09654584394918939,0.014309014195477822,True,35,14,37,85,40,C,-20,23.0,7.25,29.6,29.6,Persistence
FWONA,Liberty Media Corporation - Series A Liberty Formula One Common Stock,Communication Services,Entertainment,United States,その他,90.88999938964844,22.777552896,15.86348604347229,0.22693676430331233,0.02267637178051512,0.3882627283326856,0.33712628290941543,-0.44779411764705884,0.331211845694246,75.79875211999564,0.09761781892287381,0.08496931728403084,True,34,40,62,65,50,B,0,40.25,44.75,60.35,60.35,Persistence
FWONK,Liberty Media Corporation - Series C Liberty Formula One Common Stock,Communication Services,Entertainment,United States,その他,98.5,24.684662784,213.781445,0.22693676430331233,0.02267637178051512,0.3882627283326856,0.33712628290941543,-0.44779411764705884,0.331211845694246,76.89746848431098,0.094684058770229,0.09074126894583644,True,34,40,62,65,50,B,0,40.25,44.75,60.35,60.35,Persistence
GABC,"German American Bancorp, Inc. - Common Stock",Financial Services,Banks - Regional,United States,その他,47.599998474121094,1.78806144,10.634553659095765,0.6816980570237475,-0.14266795376036123,-0.034741661115752914,,0.6975980246260348,0.01654960554454879,65.09800518997667,0.07783698895365952,0.00957142917240042,True,45,34,38,100,40,C,-25,27.75,19.5,28.900000000000006,28.900000000000006,Persistence
GCT,GigaCloud Technology Inc - Class A Ordinary Shares,Technology,Software - Infrastructure,United States,ソフトウェア,33.209999084472656,1.20923904,24.254424681358337,0.11098220391682644,0.6496033849034782,0.43618169612158236,0.2330930299085896,0.28233783726901546,0.3906004279563794,48.669612135319575,-0.10923597073476685,0.3588803171118117,False,10,26,63,100,63,B,-5,23.8,35.8,67.25,67.25,Persistence
GEN,Gen Digital Inc. - Common Stock,Technology,Software - Infrastructure,United States,ソフトウェア,26.670000076293945,16.066911232,193.40323960326194,0.27064803049555275,0.035526315789473684,0.14561350618028338,0.7846,0.26285240464344944,0.5298607992815447,69.0909018155821,0.14288162553955006,0.15451485477427312,True,47,29,64,65,50,B,0,50.0,36.5,61.45,61.45,Persistence
GFS,GlobalFoundries Inc. - Ordinary Share,Technology,Semiconductors,United States,半導体,69.83999633789062,38.321266688,230.26595992584228,0.006074074074074074,-0.08685064935064934,-0.08830784410458806,0.24885878368428802,-0.08021877848678213,0.09958578846041655,38.6930032830109,-0.07742123598498848,0.22253619311738165,True,30,35,25,40,80,S,0,36.5,40.25,39.75,40.25,Transition
GIII,"G-III Apparel Group, LTD. - Common Stock",Consumer Cyclical,Apparel Manufacturing,United States,その他,33.5,1.413384192,27.1465575,-0.07035471624084035,0.026645433119814398,-0.03981928442682495,0.3936504146753547,-0.03381030492984563,0.10904581702300427,37.78410307570868,0.04196592616995699,0.058126513669397924,True,4,0,29,100,77,A,-5,20.7,17.7,51.35,51.35,Persistence
GLXY,Galaxy Digital Inc. - Class A common stock,Financial Services,Capital Markets,United States,その他,24.59000015258789,9.587643392,222.0667586279869,0.41810906217957444,-0.1749112800548723,,-0.001918842550121238,-4.714301941659346,0.4705275720185642,18.367348641055926,-0.1639779516876778,0.42627158650462305,False,14,8,2,85,16,D,-30,0.0,0.0,0.0,0.0,Acceleration
GNTX,Gentex Corporation - Common Stock,Consumer Cyclical,Auto Parts,United States,その他,24.510000228881836,5.219449856,69.91563350289344,0.09551431418032026,0.0061322184876935765,0.19815805894615904,0.3419956413347784,0.29555933792700295,0.001296160038340106,38.83678379249794,0.015091785457461067,0.14377085469136688,True,27,12,46,85,90,S,0,42.0,30.75,64.55,64.55,Persistence
GO,Grocery Outlet Holding Corp. - Common Stock,Consumer Defensive,Grocery Stores,United States,その他,10.390000343322754,1.027806592,29.03095970928669,0.0725741570229539,0.10128549198088502,0.1093742183353684,0.302701205158977,1.019072593809569,0.5854558524330666,65.39682683850967,0.20919410320523496,0.4431939749043617,True,16,25,38,100,25,D,-25,4.5,11.25,25.900000000000006,25.900000000000006,Persistence
GOOG,Alphabet Inc. - Class C Capital Stock,Communication Services,Internet Content & Information,United States,その他,356.17999267578125,4346.312392704,9174.98824603241,0.15090081081544376,0.13866243322901553,0.08682770227269514,0.5965231508603998,0.0068990159969215545,0.09960170070941286,49.7805470040401,-0.03238103895671575,0.10687060286298969,True,45,26,58,10,100,S,0,45.25,31.0,54.400000000000006,54.400000000000006,Persistence
GOOGL,Alphabet Inc. - Class A Common Stock,Communication Services,Internet Content & Information,United States,その他,359.9100036621094,4391.827931136,13791.77473448227,0.15090081081544376,0.13866243322901553,0.08682770227269514,0.5965231508603998,0.0068990159969215545,0.09960170070941286,51.259722230206314,-0.02943729240414894,0.1055462509149479,True,45,26,58,10,100,S,0,45.25,31.0,54.400000000000006,54.400000000000006,Persistence
GPRE,"Green Plains, Inc. - Common Stock",Basic Materials,Chemicals,United States,その他,15.510000228881836,1.086168064,22.992567189302445,-0.14930722190860893,-0.25394789581590554,-0.10022416976512,0.06546221219306969,1.589089077081784,0.2889775442918,56.880737356380166,-0.026230848171864034,0.1501369737598994,True,30,25,26,100,100,S,-5,42.5,38.75,54.3,54.3,Persistence
GSAT,"Globalstar, Inc. - Common Stock",Communication Services,Telecom Services,United States,その他,80.38999938964844,10.35334144,135.50136347122194,0.09042177120739447,0.11858825421790106,0.507083984269784,0.6480185797073843,0.6034294349425201,0.23485501436852638,44.62686635147076,-0.015559528537675216,0.04785030085188429,True,27,37,69,65,87,S,0,38.7,46.2,71.60000000000001,71.60000000000001,Persistence
GSHD,"Goosehead Insurance, Inc. - Class A Common Stock",Financial Services,Insurance Brokers,United States,その他,52.689998626708984,1.876083072,30.86711844549179,0.16152048457099252,0.20372709318881183,0.247795978795549,,0.22969876676325898,0.8491650275753018,85.67554527500725,0.2794579752361134,0.49576537401993187,False,10,14,75,100,0,D,-45,0.0,0.0,21.25,21.25,Persistence
GT,The Goodyear Tire & Rubber Company - Common Stock,Consumer Cyclical,Auto Parts,United States,その他,6.590000152587891,1.894220544,80.21262515727997,-0.03167708443691069,-0.0592046247383634,-0.03552030761836097,0.18440919037199124,0.9387755102040817,0.398506151142355,60.71428814712736,0.04516908866268745,0.4294372256483396,False,27,12,6,100,45,C,-5,34.75,23.5,32.3,34.75,Acceleration
GTLB,GitLab Inc. - Class A Common Stock,Technology,Software - Infrastructure,United States,ソフトウェア,32.06999969482422,5.416623104,173.02534515350342,0.2581169023600953,0.30926219076884875,0.3666198484220052,0.8735971876753515,3.0,0.00010854756966635264,65.83261704893461,0.1998563185218236,0.37166929624666384,False,46,44,100,85,23,D,0,49.55,48.05,80.85,80.85,Persistence
GTX,Garrett Motion Inc. - Common Stock,Consumer Cyclical,Auto Parts,United States,その他,31.75,5.94323456,97.2480275,0.03136690647482014,-0.10576428203808544,0.07854565639744657,0.20396205357142858,0.07570977917981073,0.6206168145331643,42.76949607230069,0.04287102578640758,0.12365441895779268,True,20,24,20,85,100,S,-10,27.75,30.75,42.25,42.25,Persistence
HAPN,"Happen, Inc. - Common Stock",Financial Services,Banks - Regional,United States,その他,19.690000534057617,2.271259904,50.47935281916618,0.26916650466130715,-0.08975976701876781,-0.27172561690543257,,-0.06650793981422932,0.0013681061317019564,63.063071732127106,0.12398679234994528,0.08758106563161921,True,39,17,10,100,50,B,-30,19.25,2.75,10.5,19.25,Acceleration
HAS,"Hasbro, Inc. - Common Stock",Consumer Cyclical,Leisure,United States,その他,80.1500015258789,11.340478464,158.50584526760102,0.13681537903518318,-0.1734455259528711,-0.1457134563832875,0.645821368557633,0.06924142175719342,0.5935698847262247,36.61243321452836,-0.0988022823701464,0.2382235752124912,False,40,21,34,65,70,A,0,46.75,32.5,48.95,48.95,Persistence
HBAN,Huntington Bancshares Incorporated - Common Stock,Financial Services,Banks - Regional,United States,その他,17.860000610351562,36.204552192,399.47061515159606,0.1010155721056195,0.0033967391304347825,0.014612627515853323,,0.3083284111045481,0.08200581059589704,63.63449940388667,0.08463593693215012,0.05528677308421277,True,28,26,42,40,52,B,-20,12.200000000000003,10.7,23.5,23.5,Persistence
HBNC,"Horizon Bancorp, Inc. - Common Stock",Financial Services,Banks - Regional,United States,その他,19.780000686645508,1.015302784,17.267149399414063,-1.1669662238198604,0.025918954706120528,-0.24340324062957966,,3.0,0.04907116493446629,56.14239679265829,0.06414148241442075,0.026574754738616264,True,12,12,30,100,60,B,-25,5.0,5.0,28.5,28.5,Persistence
HBT,"HBT Financial, Inc. - Common Stock",Financial Services,Banks - Regional,United States,その他,32.18000030517578,1.170743168,7.9103267750167845,0.060144357250466574,-0.014846089776533343,0.2571765937775005,,-0.10782677127799108,0.012858407655494845,71.37176267429201,0.1090110654912175,0.017104500445378118,True,18,12,33,100,10,D,-25,4.5,0.0,20.150000000000006,20.150000000000006,Persistence
HFWA,Heritage Financial Corporation - Common Stock,Financial Services,Banks - Regional,United States,その他,29.700000762939453,1.224198912,10.315404264984132,0.13512454055350331,-0.11066041063416154,-0.020716856243172033,,0.4037591767173571,0.006078351166512376,58.42912703377395,0.07237518662681477,0.017532212614041847,True,28,26,30,100,60,B,-25,17.0,15.5,28.5,28.5,Persistence
HLIT,Harmonic Inc. - Common Stock,Technology,Communication Equipment,United States,通信/光通信,14.069999694824219,1.526544768,39.31003144737244,-0.2615260139287177,0.2566862814750748,-0.3783860329590676,0.4846986183960524,0.8373632208757656,0.18536416310476378,46.14034541756053,0.030105107661443017,0.17767392209724067,True,17,12,38,100,100,S,-5,32.75,29.0,60.900000000000006,60.900000000000006,Persistence
HLMN,Hillman Solutions Corp. - Common Stock,Industrials,Tools & Accessories,United States,その他,8.119999885559082,1.593221888,16.76402396373272,0.054073930714147476,-0.002629231610109741,-0.006627743001544746,0.4872679458634836,-0.6424167065849955,0.32449492698818516,58.64978274743413,0.04157312098705512,0.2439478530162304,False,38,12,29,100,90,S,-5,47.5,28.0,53.95,53.95,Persistence
HLNE,Hamilton Lane Incorporated - Class A Common Stock,Financial Services,Asset Management,United States,その他,79.76000213623047,4.429377536,87.35594593967437,0.06456155508771143,0.28730396033525807,0.04744937617375221,0.6987719254327773,0.4517674528171161,0.1546616420003332,52.229298956910796,-0.0612838072667828,0.49401479540330556,False,17,24,62,85,55,B,-20,11.0,16.25,46.349999999999994,46.349999999999994,Persistence
HON,Honeywell International Inc. - Common Stock,Industrials,Conglomerates,United States,その他,229.86000061035156,72.825749504,1383.3169987871474,0.0784918051674972,0.051743463903783815,-0.06927761800033835,0.3693445862934672,0.03750478377344049,0.482661744547441,50.04547105702996,-0.003328152832734921,0.11153030289268477,True,36,12,26,40,100,S,0,43.0,25.0,44.3,44.3,Persistence
HOOD,"Robinhood Markets, Inc. - Class A Common Stock",Financial Services,Capital Markets,United States,その他,112.7300033569336,101.513945088,3871.620653991165,0.515757370382921,0.5823056300268097,0.37334315169366716,0.833445115135256,3.0,0.30484831004011853,68.3757572972309,0.3019636618081472,0.26059295295387064,True,55,61,96,25,33,D,-20,28.299999999999997,32.8,45.650000000000006,45.650000000000006,Persistence
HOPE,"Hope Bancorp, Inc. - Common Stock",Financial Services,Banks - Regional,United States,その他,13.579999923706055,1.736051968,16.48489770738602,0.052287085216554625,-0.17065018427195952,-0.0926934447729344,,0.4167040820144423,0.024560284132649775,62.44541357416466,0.07335187994732555,0.027220638495883454,True,23,12,30,100,40,C,-25,11.25,3.0,24.5,24.5,Persistence
HTLD,"Heartland Express, Inc. - Common Stock",Industrials,Trucking,United States,その他,14.899999618530273,1.15459648,10.451977232408524,-0.2308348074626424,-0.13246589115314983,0.24737912140132812,0.08383175563385788,-2.920429736872343,0.135462988527354,33.174253082741345,0.04344476140938655,0.08012860480810252,True,0,0,10,100,90,S,-5,19.0,19.0,43.5,43.5,Persistence
HTO,H2O America  - Common Stock,Utilities,Utilities - Regulated Water,United States,その他,62.41999816894531,2.611668224,30.488111805648803,0.06967969333506137,0.11646824183315607,0.08001475757937032,0.5702469428796263,-0.5023283201521241,0.3839463364485473,86.2155505882668,0.08083102850457592,0.0,True,8,12,26,100,25,D,0,23.5,26.5,44.3,44.3,Persistence
HUBG,"Hub Group, Inc. - Class A Common Stock",Industrials,Integrated Freight & Logistics,United States,その他,44.939998626708984,2.748238848,34.265850152893066,-0.060961289301703595,-0.21307127248623253,0.2618163337297215,0.11107974629978284,-0.49104186607111205,0.1772838882936943,44.63839794063339,0.05306132496954413,0.13894508493604443,True,18,0,25,100,85,S,0,37.0,23.5,55.75,55.75,Persistence
HURN,Huron Consulting Group Inc. - Common Stock,Industrials,Consulting Services,United States,その他,97.16000366210938,1.575141376,31.964183804779054,0.11653135585702505,0.08797108857519723,0.20690428754720824,0.3180503347864188,-0.038083159491750423,0.35917082983173326,41.650156470615556,-0.1160972605930574,0.4764521893336313,False,27,2,45,100,55,B,-5,35.75,17.0,55.75,55.75,Persistence
HUT,Hut 8 Corp. - Common Stock,Financial Services,Capital Markets,United States,その他,97.13999938964844,10.937392128,434.2133687717438,0.447904670997937,0.8721537521472958,0.09537159815621646,0.5416174006243674,-1.3633705659335216,0.1559094606568569,32.4031647060702,-0.08548038415717371,0.26973390264911246,True,22,8,38,65,63,B,-30,2.549999999999997,0.0,19.750000000000007,19.750000000000007,Persistence
HWC,Hancock Whitney Corporation - Common Stock,Financial Services,Banks - Regional,United States,その他,74.61000061035156,6.05519616,78.21067923980713,0.04927584600515912,0.052344677765493446,-0.008489596218204823,,-0.15019699271330045,0.037724832365745864,64.3656580983194,0.08483027144501662,0.013877914366050386,True,0,12,25,85,40,C,-20,0.0,5.75,23.0,23.0,Persistence
HWKN,"Hawkins, Inc. - Common Stock",Basic Materials,Specialty Chemicals,United States,その他,138.49000549316406,2.895327488,24.214285010452272,0.11213210581354657,0.06012977037780065,-0.017042064040346572,0.2261289143818931,0.22982857142857144,0.2650914031370084,28.063909364108014,-0.1299583195470919,0.2465608457702398,False,40,14,26,100,41,C,0,49.1,29.6,47.5,49.1,Acceleration
IBKR,"Interactive Brokers Group, Inc. - Class A Common Stock",Financial Services,Capital Markets,United States,その他,91.33000183105469,154.915979264,457.66788202568057,0.09725203950193216,0.19635289585206112,0.8575858778625954,0.8976716885149677,0.8148703170028818,9.348553434363315e-05,54.826255963595706,0.061063755999621265,0.05670313861881797,True,24,24,65,25,72,A,-20,8.95,8.95,36.4,36.4,Persistence
IBOC,International Bancshares Corporation - Common Stock,Financial Services,Banks - Regional,United States,その他,75.9000015258789,4.719556608,36.498792733764645,0.01023342182066381,0.00023876886454006398,0.23516989028675422,,0.028566706031522334,0.007190974361944302,50.88530840871194,0.03524189380236848,0.024672297307564893,True,20,24,42,85,75,A,-20,15.25,18.25,39.35,39.35,Persistence
ICFI,"ICF International, Inc. - Common Stock",Industrials,Consulting Services,United States,その他,74.98999786376953,1.357632384,22.12842351963043,-0.07274826503982845,0.028803945318906825,0.10296500378659344,0.371634475994086,-0.19920193985904047,0.27867870533726213,54.19744812370175,0.08432562046562957,0.2500808545750643,False,4,0,25,100,58,B,-5,18.8,15.8,45.35,45.35,Persistence
ICHR,Ichor Holdings - Ordinary Shares,Technology,Semiconductor Equipment & Materials,United States,半導体,98.22000122070312,3.424641792,132.44377844604492,0.11614529350796193,0.04675017260084821,-0.3663466578754739,0.09262366353893624,-1.613334634908239,0.1698956069654749,59.8172241536333,0.266529574429861,0.12522263725911484,True,35,2,10,85,70,A,0,46.0,21.25,40.75,46.0,Acceleration
IDCC,"InterDigital, Inc. - Common Stock",Technology,Software - Application,United States,ソフトウェア,281.3999938964844,7.272790528,128.96843120269776,-0.039724081076226575,0.5803037912035925,0.2005137682014181,0.8877214438589234,1.2272323547518458,0.23650165432182493,53.760705614133975,-0.005053952776619793,0.28719452996960676,False,30,31,53,85,73,A,0,42.55,43.3,65.0,65.0,Persistence
IESC,"IES Holdings, Inc. - Common Stock",Industrials,Engineering & Construction,United States,その他,654.0,13.030222848,218.6649,0.16887986858774118,0.2133288070512408,0.09711012697017918,0.25493256943266257,0.1564004333007477,0.05520909516495045,40.45237494888868,-0.04136158330365127,0.14681553637549385,True,7,26,57,65,100,S,0,25.0,39.25,67.6,67.6,Persistence
IMKTA,"Ingles Markets, Incorporated - Class A Common Stock",Consumer Defensive,Grocery Stores,United States,その他,90.16999816894531,1.712722816,14.159845662460327,-0.054184040326931616,-0.042963121580624666,0.03767439955455991,0.23887004156108263,-0.23351805514965165,0.21186971660291334,41.397837700864024,0.014922728527008737,0.053134569039368494,True,0,0,25,100,87,S,-25,0.0,0.0,31.150000000000006,31.150000000000006,Persistence
INDB,Independent Bank Corp. - Common Stock,Financial Services,Banks - Regional,United States,その他,84.18000030517578,4.061668608,35.335817828102115,0.24288075325751377,-0.05402650780264413,0.0026116077007022603,,0.14100703626972685,0.03314937773593243,62.49168912506154,0.06364374125624878,0.009647055233226103,True,29,29,30,85,40,C,-20,18.5,18.5,25.75,25.75,Persistence
INOD,Innodata Inc. - Common Stock,Technology,Information Technology Services,United States,その他,68.87999725341797,2.249300992,105.91126137680054,0.4763670282351975,0.9644021895707289,0.098403817673194,0.3952865538438308,0.31430888913468275,0.02627629854145783,19.04276203808456,-0.16371436768255831,0.43308644235869986,True,23,32,54,100,26,D,0,34.85,41.6,59.900000000000006,59.900000000000006,Persistence
INTA,"Intapp, Inc. - Common Stock",Technology,Software - Application,United States,ソフトウェア,27.389999389648438,2.110716928,26.97545174888611,0.17094789360847157,0.2270052127122919,0.2896376313535805,0.7398476553201618,0.9611826778127998,0.01802136304312087,69.380201540277,0.19497401345044515,0.4306797122809622,False,29,32,97,100,15,D,0,38.25,40.5,81.35,81.35,Persistence
INTC,Intel Corporation - Common Stock,Technology,Semiconductors,United States,半導体,120.3499984741211,604.879060992,15864.518746358872,-0.004670345191239336,-0.020782621523935976,-0.13997525930155105,0.34766238434904356,0.6838911599386817,0.22033401283646048,51.85753391213613,0.06146344092245308,0.14609056059755038,True,49,44,14,10,85,S,0,46.75,43.0,27.200000000000003,46.75,Acceleration
INTU,Intuit Inc. - Common Stock,Technology,Software - Application,United States,ソフトウェア,275.3500061035156,75.318411264,1637.7914735539246,0.15634019035922628,0.13342149220489977,0.12902718843312902,0.7956560989857151,0.31268882175226587,0.17963634395800637,48.95414422244373,-0.17287471882392416,0.6566525243263172,False,58,26,75,40,43,C,0,53.8,29.8,59.85,59.85,Persistence
IOSP,Innospec Inc. - Common Stock,Basic Materials,Specialty Chemicals,United States,その他,83.0999984741211,2.046840064,17.584790677108764,-0.03652324699252195,-0.05305829228243021,-0.007587717064724754,0.2769403824521935,-0.486088379705401,0.02876009604889762,38.59503105668389,0.03721969372804221,0.04910058975917425,True,18,12,25,100,77,A,0,36.2,31.7,54.15,54.15,Persistence
IPAR,"Interparfums, Inc. - Common Stock",Consumer Defensive,Household & Personal Products,United States,その他,119.38999938964844,3.823557888,38.75996330184937,0.024914533592687586,0.10218756521904111,0.21259960631406713,0.6363542309787849,0.008530461612922742,0.1310337562324633,80.35600089460478,0.25764835156861987,0.10871441791715326,True,14,24,62,85,35,C,0,26.75,34.25,62.35,62.35,Persistence
IPGP,IPG Photonics Corporation - Common Stock,Technology,Semiconductor Equipment & Materials,United States,半導体,105.2699966430664,4.468039168,44.19813444057465,0.027266475222436228,-0.24102501167045584,-0.09940771447178721,0.38002763562026226,-1.0231234769568593,0.007115514709522003,44.87179063527654,-0.06823560236220799,0.316028886113382,True,22,35,14,85,73,A,0,36.55,46.3,43.550000000000004,46.3,Transition
IRDM,Iridium Communications Inc - Common Stock,Communication Services,Telecom Services,United States,その他,53.75,5.695149568,196.0020625,0.04932934624802271,0.05053476375418446,0.09665147551987839,0.7154816275630722,-0.020492379069805434,0.6955826707846554,56.969946769141025,0.19756272785367626,0.03535536930266897,True,15,12,39,85,57,B,-10,19.7,17.45,44.1,44.1,Persistence
ITRI,"Itron, Inc. - Common Stock",Technology,Scientific & Technical Instruments,United States,その他,85.11000061035156,3.773721856,60.70726123535156,-0.03017120766360064,0.12292967580083666,0.21055723995357448,0.37686729520267453,0.8450723220607572,0.34078200729054986,65.57840942686997,0.02687663963947227,0.3851321937855213,False,16,24,38,85,53,B,0,30.05,36.05,52.75000000000001,52.75000000000001,Persistence
JBHT,"J.B. Hunt Transport Services, Inc. - Common Stock",Industrials,Integrated Freight & Logistics,United States,その他,285.8299865722656,26.953539584,296.40998352523803,-0.00728936154300035,-0.0578706458820242,-0.1339499212872905,0.13306202400580844,0.5338476455324928,0.18503447958315436,47.158775672080544,0.07578013455741799,0.01461723254694838,True,39,24,30,65,60,B,0,45.0,33.75,44.75,45.0,Acceleration
JBLU,JetBlue Airways Corporation - Common Stock,Industrials,Airlines,United States,その他,6.019999980926514,2.239553536,167.54048236917257,-0.023386140747925423,-0.03494539781591264,0.04990172526752566,0.14798057823879937,0.17559322033898306,0.568255884127942,69.84732838320528,0.17495509800519587,0.06811146356381004,True,20,30,2,100,37,C,-10,23.700000000000003,31.200000000000003,23.5,31.200000000000003,Transition
JBSS,"John B. Sanfilippo & Son, Inc. - Common Stock",Consumer Defensive,Packaged Foods,United States,その他,90.5999984741211,1.059075456,11.965994798469543,0.037929925767470986,0.06711807507557373,0.04584105755187955,0.18376313845342407,-1.2749008328676,0.1633308400392903,80.31569551834916,0.15221547180695344,0.0,True,0,0,22,100,10,D,-25,0.0,0.0,14.100000000000001,14.100000000000001,Persistence
JCAP,"Jefferson Capital, Inc. - Common Stock",Financial Services,Credit Services,United States,その他,18.81999969482422,1.15956736,6.919549287796021,0.4152572685252492,0.3413140104992076,,0.7323529363807275,0.6526623785478833,0.675030289267898,74.70813698608788,0.03830743254672349,0.17316104777458388,False,35,32,32,100,55,B,-35,11.75,9.5,18.6,18.6,Persistence
JJSF,J & J Snack Foods Corp. - Common Stock,Consumer Defensive,Packaged Foods,United States,その他,75.91999816894531,1.42375936,20.286582710723877,0.0053836946064625925,0.010216643390647723,0.12904952428410843,0.2967863858320285,-0.17331175814346161,0.11839513688372284,45.856339782040436,-0.005473785639308236,0.338291818306953,False,0,0,37,100,73,A,-25,0.0,0.0,34.95,34.95,Persistence
JKHY,"Jack Henry & Associates, Inc. - Common Stock",Technology,Information Technology Services,United States,その他,146.8699951171875,10.435228672,256.29328192932127,0.07210196326589012,0.06634300780381402,0.0693906584232512,0.4271233635668601,0.22263406611087605,,76.95280654015265,0.0603382480148039,0.2346633249897428,False,27,24,36,65,40,C,0,34.0,31.75,44.05,44.05,Persistence
KALU,Kaiser Aluminum Corporation - Common Stock,Basic Materials,Aluminum,United States,その他,176.27000427246094,2.880358656,55.140782736511234,0.11541005291005291,-0.02040816326530612,-0.09944864202573003,0.1311592054550845,-0.8613138686131386,0.4243605739238927,41.59683058775384,-0.013165065398303389,0.09896232749137183,True,35,14,2,100,100,S,0,51.25,35.5,46.1,51.25,Acceleration
KDP,Keurig Dr Pepper Inc. - Common Stock,Consumer Defensive,Beverages - Non-Alcoholic,United States,その他,33.29999923706055,45.306630144,581.5388656763076,0.08155820467721972,0.03624949372215472,0.05385217329444405,0.5420104800337289,-0.06825297432686286,0.29104383418381147,67.80473067706004,0.1110221397449243,0.02213127425237707,True,26,12,41,40,25,D,-20,8.0,0.0,17.549999999999997,17.549999999999997,Persistence
KEEL,Keel Infrastructure Corp. - Common Stock,Technology,Information Technology Services,United States,その他,4.590000152587891,2.77157376,302.80467391630174,0.7203355493194471,0.10692691029900332,-0.15466060044373298,-0.0824508452694569,0.27931248585329793,0.5274664749480076,36.827198681822246,-0.05323731819802623,0.3108107721096365,True,67,44,10,100,63,B,-10,61.55,44.3,33.1,61.55,Acceleration
KHC,The Kraft Heinz Company - Common Stock,Consumer Defensive,Packaged Foods,United States,その他,25.3700008392334,30.083180544,364.81617231802943,-0.0349763986690397,-0.029804804804804803,0.00585236926562205,0.33313286825435007,0.21225165562913909,0.2594453818501944,58.202580607946445,0.10140834138261248,0.06454604818283187,True,9,12,30,40,57,B,-20,0.0,0.6999999999999993,17.9,17.9,Persistence
KLAC,KLA Corporation  - Common Stock,Technology,Semiconductor Equipment & Materials,United States,半導体,235.5500030517578,307.693125632,3864.0953358127595,0.23887647752854163,-0.0651491379238068,0.13940396333735458,0.6090980853989936,0.2343973045578454,0.37890901414407807,48.842789478766335,0.128530889053042,0.21928338562553348,True,47,36,46,10,70,A,0,43.75,35.5,41.8,43.75,Acceleration
KMB,Kimberly-Clark Corporation - Common Stock,Consumer Defensive,Household & Personal Products,United States,その他,114.72000122070312,38.080196608,585.4557446296692,-0.021303183576316574,-0.01988802052956958,-0.1501363073110285,0.36012646683285704,-0.34779148428173495,0.42671657503801613,78.40516746682118,0.15377205883578376,0.12015217339659535,True,4,0,21,40,35,C,0,12.5,9.5,28.55,28.55,Persistence
KTOS,"Kratos Defense & Security Solutions, Inc. - Common Stock",Industrials,Aerospace & Defense,United States,防衛/宇宙,55.349998474121094,10.379231232,317.5213547466278,0.18525037402094519,0.09565133545463311,0.154514082155182,0.22861597861597863,,0.05909533073929961,42.20808459513591,-0.031912798987938744,0.5765759030198442,False,23,14,30,65,65,A,0,33.5,26.75,45.75,45.75,Persistence
LASR,"nLIGHT, Inc. - Common Stock",Technology,Semiconductors,United States,半導体,63.25,3.567850752,81.67946875,0.3162056530410782,-0.05417752392566728,-0.13276570078245709,0.29833161137259406,2.1950247789330484,0.1148662796231084,37.25202023330467,-0.10826445524934689,0.255444352298958,True,66,81,30,85,63,B,0,68.55,79.8,50.35,79.8,Transition
LAUR,"Laureate Education, Inc. - Common Stock",Consumer Defensive,Education & Training Services,United States,その他,38.20000076293945,5.347170816,57.078632139987945,0.08635540219143877,0.05548384141083132,0.19481819989358198,0.2833112995246573,0.6360205661280596,0.23363065696738958,51.40924663278305,0.12627556059376588,0.0,True,27,12,50,85,45,C,0,37.5,26.25,57.75,57.75,Persistence
LBRDA,Liberty Broadband Corporation - Class A Common Stock,Communication Services,Telecom Services,United States,その他,32.130001068115234,4.622262784,7.6634872047615055,,,-1.0,,,0.19773499433748584,48.790605980878524,-0.07741869403008457,0.6566922472986998,False,0,0,10,85,55,B,-10,8.25,8.25,27.75,27.75,Persistence
LCID,"Lucid Group, Inc. - Common Stock",Consumer Cyclical,Auto Manufacturers,United States,その他,6.079999923706055,2.372761344,96.25472839216232,0.6758311133998158,0.35708274046610705,-0.021227233340074748,-0.9280508793830653,-0.30878263070795225,0.3811512151988898,64.53673381587816,0.034119113886325575,0.8057507964247145,False,58,58,14,100,45,C,-10,53.0,53.0,31.700000000000003,53.0,Acceleration
LECO,"Lincoln Electric Holdings, Inc. - Common Shares",Industrials,Tools & Accessories,United States,電力/エネルギー,258.42999267578125,14.15863296,105.78314890197754,0.05596195246802555,-0.04365025970766546,0.11443787652434283,0.3624500148003675,0.10743738261183232,0.3418408148927209,51.292368550389924,-0.0174464445283455,0.12993096560815304,True,24,24,30,65,100,S,0,37.75,37.75,52.75,52.75,Persistence
LFUS,"Littelfuse, Inc. - Common Stock",Technology,Electronic Components,United States,半導体,418.4700012207031,10.582647808,133.87692279052735,0.08924997991571905,-0.07275241391365737,-0.06016157384331976,0.37968624151089514,0.25495982779423054,0.2238748219519025,35.856365849476845,-0.068318774727575,0.14440810468496296,True,30,12,34,65,80,S,0,40.25,26.75,50.95,50.95,Persistence
LGIH,"LGI Homes, Inc. - Common Stock",Consumer Cyclical,Residential Construction,United States,その他,62.029998779296875,1.44109824,26.624516076049805,-0.22568530435422168,-0.06613386020402107,0.023487115174737627,0.2072970805110982,0.032905258389330845,0.42521392875712777,62.18796213309433,0.23000715643217504,0.08062846217552741,True,2,12,2,100,50,B,-15,6.5,14.0,21.1,21.1,Persistence
LIF,"Life360, Inc. - Common Stock",Technology,Software - Application,United States,ソフトウェア,57.709999084472656,4.676338688,44.28232504749298,0.3176368295808164,0.21990818276752114,0.33382098508574054,0.778052672115976,1.952037845705968,0.32342386275539553,74.03324892617634,0.26868344055344656,0.4795743583540873,False,65,69,96,85,0,D,0,61.5,64.5,74.05000000000001,74.05000000000001,Persistence
LINC,Lincoln Educational Services Corporation - Common Stock,Consumer Defensive,Education & Training Services,United States,その他,52.33000183105469,1.659945728,26.915151491775514,0.17764916012216406,0.1639749252783876,0.08551280983786361,0.6036805270134937,0.008635703918722787,0.4133797276362427,64.30303400213069,0.11918595555831858,0.005322158830041571,True,52,26,34,100,25,D,-5,51.5,32.0,43.7,51.5,Acceleration
LIND,Lindblad Expeditions Holdings Inc.  - Common Stock,Consumer Cyclical,Travel Services,United States,その他,26.219999313354492,1.720032,27.593533977384567,0.1958844596239959,0.13200759205187318,0.35122894424673784,0.45783696640420013,0.08503441828843375,0.6774014804716121,64.95643564795188,0.19416305865933625,0.11329051119524,True,36,32,75,100,50,B,-15,32.0,29.0,61.25,61.25,Persistence
LITE,Lumentum Holdings Inc. - Common Stock,Technology,Communication Equipment,United States,通信/光通信,728.3200073242188,56.663298048,4212.406275961303,0.21027074749852856,-0.23078664402942842,0.03176456849235081,0.2795744680851064,0.06767586821015138,0.6182473273757318,34.91929555406399,-0.18902619152904118,0.30839716362040515,True,39,74,0,40,51,B,-10,30.35,56.599999999999994,10.200000000000003,56.599999999999994,Transition
LKFN,Lakeland Financial Corporation - Common Stock,Financial Services,Banks - Regional,United States,その他,62.400001525878906,1.554607744,16.544424404563905,0.06100038260828406,0.026853738259083895,0.00875999493358502,,0.10563552865712672,0.026351848391893473,56.87992634059318,0.03243102545327076,0.06859252684621577,True,32,24,42,100,87,S,-25,22.700000000000003,16.700000000000003,40.5,40.5,Persistence
LKQ,LKQ Corporation - Common Stock,Consumer Cyclical,Auto Parts,United States,その他,26.549999237060547,6.764696576,76.44143030338287,-0.012443029733053607,0.041751450749868114,0.03712677817727059,0.3856860303274485,0.04567901234567901,0.3343463037590011,54.67980033286208,-0.015518271443247194,0.2944661305023001,False,6,12,30,85,73,A,0,24.55,29.05,52.35,52.35,Persistence
LLYVA,"Liberty Live Holdings, Inc. - Series A Liberty Live Group Common Stock",Communication Services,Entertainment,United States,その他,104.11000061035156,9.578580992,34.60668475288391,0.1217587439389356,,,0.19249065979667548,,0.882287138551522,66.06334900207261,0.09640255358300645,0.0,True,5,20,0,85,40,C,-30,0.0,1.75,0.0,1.75,Transition
LLYVK,"Liberty Live Holdings, Inc. - Series C Liberty Live Group Common Stock",Communication Services,Entertainment,United States,その他,108.0,9.936478208,57.6693,0.1217587439389356,,,0.19249065979667548,,0.882287138551522,67.18658716757213,0.10367154858661552,0.0,True,5,20,0,85,25,D,-30,0.0,0.25,0.0,0.25,Transition
LNT,Alliant Energy Corporation - Common Stock,Utilities,Utilities - Regulated Electric,United States,電力/エネルギー,78.02999877929688,20.153356288,203.48155886672973,0.09570459683496609,-0.011422895455674199,-0.04233055885850178,0.45667125171939477,,0.4848145332319635,76.0848725183286,0.06831748971179834,0.0,True,38,12,10,65,25,D,0,40.75,21.25,26.75,40.75,Acceleration
LOPE,"Grand Canyon Education, Inc. - Common Stock",Consumer Defensive,Education & Training Services,United States,その他,152.64999389648438,4.047407104,62.145339015197756,0.07073364814395325,0.07503702262152422,0.05441970095664903,0.5319373999837261,-0.05434050210465402,0.10815525468479953,50.94613443735673,-0.015104138708029362,0.3078667341452674,False,8,0,45,85,73,A,0,26.05,20.05,60.6,60.6,Persistence
LPLA,LPL Financial Holdings Inc. - Common Stock,Financial Services,Capital Markets,United States,その他,295.17999267578125,23.609341952,342.7334894958496,0.3717668325352377,0.23199982731261828,0.1688236884252383,0.2366910133029977,-2.4455433035494942,0.4035453239439255,55.45596898323686,-0.0043313283335756556,0.25748999900512054,False,44,8,57,65,73,A,-30,20.049999999999997,0.0,32.2,32.2,Persistence
LQDT,"Liquidity Services, Inc. - Common Stock",Consumer Cyclical,Internet Retail,United States,その他,38.36000061035156,1.196112128,8.460489934616088,0.31198839584055843,0.15536376414320333,0.12287805748973397,0.43807128216854885,-0.03842515575561862,0.0367740955102759,53.00001580375442,0.056359376110272676,0.019427360487828803,True,48,20,66,100,60,B,-5,52.0,31.0,68.30000000000001,68.30000000000001,Persistence
LRCX,Lam Research Corporation - Common Stock,Technology,Semiconductor Equipment & Materials,United States,半導体,351.4100036621094,439.463149568,5144.865598965606,0.23684089764599187,-0.14477021451510846,0.011695393503201566,0.48705023885591736,0.27222466214509405,0.21009371635669932,48.271516314973276,0.09502200719311249,0.18904757447819645,True,43,36,38,10,85,S,0,42.25,37.0,40.400000000000006,42.25,Acceleration
LSCC,Lattice Semiconductor Corporation - Common Stock,Technology,Semiconductors,United States,半導体,136.52999877929688,18.705682432,283.9803495109558,0.02721039024265755,-0.30896257769746893,0.11629787569129378,0.6821496688083598,0.09319364624017522,0.047679817012410544,45.95837164590822,0.005566580620787593,0.12069301846788083,True,32,12,42,65,100,S,0,43.75,28.75,59.35,59.35,Persistence
LSTR,"Landstar System, Inc. - Common Stock",Industrials,Integrated Freight & Logistics,United States,その他,208.2100067138672,7.064192512,102.75163831329345,-0.015663241856348868,-0.09127807061309873,-0.286858362775702,0.1310420425991197,-0.15871233316246874,0.08159003872403243,19.95051557075496,0.052582738512631524,0.07614140646538814,True,30,0,25,85,45,C,0,39.75,17.25,44.0,44.0,Persistence
LUNR,"Intuitive Machines, Inc. - Class A Common Stock",Industrials,Aerospace & Defense,United States,防衛/宇宙,19.579999923706055,3.141656064,267.1869167588997,-0.09152631578947368,1.8660859071539013,-0.07440718590743024,0.02927118938647819,0.17257526071671245,0.49152352097459695,16.886226874681128,-0.31998305706006697,0.5715536193254397,True,2,30,10,85,18,D,-10,6.050000000000001,27.049999999999997,20.35,27.049999999999997,Transition
LWLG,"Lightwave Logic, Inc. - Common Stock",Basic Materials,Specialty Chemicals,United States,その他,7.369999885559082,1.134796416,40.658336318659785,1.4774331886407615,1.360500716014024,,0.9711933461400435,0.14697310133362823,0.0328177410921572,33.896260020626514,-0.3817632871637554,0.5954994421894856,True,52,70,25,100,35,C,-15,42.5,56.0,30.75,56.0,Transition
LYFT,"Lyft, Inc. - Class A Common Stock",Technology,Software - Application,United States,ソフトウェア,15.369999885559082,5.835720192,205.03656697335242,0.09164250496369176,0.3139318860138855,0.07532205897974059,0.41458198133357693,0.45591027670511713,0.14138709927837634,66.2745070906615,0.09423054696221879,0.3744403713282568,False,9,24,61,85,38,C,0,23.3,34.55,62.400000000000006,62.400000000000006,Persistence
LZ,"LegalZoom.com, Inc. - Common Stock",Industrials,Specialty Business Services,United States,その他,6.920000076293945,1.187802496,17.821041596479414,0.10876091282789813,0.032016248768402075,0.06572480680797253,0.6588024755205723,0.48004362486617375,0.02807894870601851,71.86147284443841,0.12079298771502917,0.3810375771554916,False,40,14,54,100,8,D,-5,40.8,21.3,51.300000000000004,51.300000000000004,Persistence
MANH,"Manhattan Associates, Inc. - Common Stock",Technology,Software - Application,United States,ソフトウェア,151.0399932861328,8.936220672,94.4860886000061,0.03745375842325817,0.12234730409970658,0.21072138123073875,0.5632120452157959,0.30623969713056354,0.06692971545935848,61.34684881873987,0.07767011603638509,0.33736951974913304,False,13,24,58,85,38,C,0,26.3,34.55,60.75000000000001,60.75000000000001,Persistence
MAR,Marriott International - Class A Common Stock,Consumer Cyclical,Lodging,United States,その他,372.95001220703125,98.342674432,627.7569195471192,0.04326693227091633,0.058491123012693456,0.14152987050498242,0.1994195371572596,0.3046523261630815,0.6202977487291212,27.398043326184137,0.0017215610056305211,0.07350821212741267,True,5,24,32,40,60,B,-10,5.75,20.0,29.6,29.6,Persistence
MARA,"MARA Holdings, Inc. - Common Stock",Financial Services,Capital Markets,United States,その他,12.399999618530273,4.72775424,531.118395660839,0.38196740292940956,0.6938437400002064,2.290854585445806,0.802621120436383,-0.30018485082967933,0.5002612222290991,40.620157239413736,-0.06151613495351358,0.4570928399435545,False,29,8,55,85,55,B,-30,10.0,0.0,32.5,32.5,Persistence
MAT,"Mattel, Inc. - Common Stock",Consumer Cyclical,Leisure,United States,その他,13.34000015258789,3.876190464,59.905138285217284,-0.005934143885004422,-0.011334408705108176,0.001201909143985661,0.4872551786092625,-0.3122071223822887,0.4040833795405144,27.999991099034048,-0.08449543192279739,0.39801442940236464,False,26,0,25,85,36,C,0,35.85,16.35,42.2,42.2,Persistence
MBIN,Merchants Bancorp - Common Stock,Financial Services,Banks - Regional,United States,その他,48.81999969482422,2.242566656,9.91070403804779,0.015405605991318886,0.1924355925839844,0.2718288978225674,,0.558762236885725,0.19757330771137538,44.74761454319216,0.024907015051246383,0.030579843067174123,True,9,12,37,100,87,S,-30,0.45000000000000284,2.700000000000003,32.75,32.75,Persistence
MCBS,"MetroCity Bankshares, Inc. - Common Stock",Financial Services,Banks - Regional,United States,その他,36.255001068115234,1.039069824,4.044970469169617,0.09849493777835058,0.18322531452535265,-0.12356972608537464,,-0.4048380615607169,0.11016399630903448,65.18258946041132,0.09231791144807319,0.01721329173324377,True,0,12,25,100,40,C,-25,0.0,3.0,21.75,21.75,Persistence
MCHB,Mechanics Bancorp - Class A Common Stock,Financial Services,Banks - Regional,United States,その他,16.15999984741211,3.577841664,8.336701521282196,0.748640061174175,,,,-0.34563051781791726,0.01247380765698908,65.91638214894849,0.10004324792742553,0.012224985053662249,True,22,22,25,85,25,D,-20,11.75,11.75,20.0,20.0,Persistence
MCHP,Microchip Technology Incorporated - Common Stock,Technology,Semiconductors,United States,半導体,84.63999938964844,45.88158976,1187.4848026368713,0.07076972010178118,-0.42345174473436026,-0.09531088911799211,0.5773482421336276,0.12809221603419246,0.3851886904057731,41.7132535171701,-0.09443626313177066,0.17593223499070187,True,31,47,34,40,90,S,0,38.25,50.25,46.7,50.25,Transition
MCRI,"Monarch Casino & Resort, Inc. - Common Stock",Consumer Cyclical,Resorts & Casinos,United States,その他,129.94000244140625,2.306372096,27.3881040145874,0.04392879165661278,0.04129393512776233,0.04940255718082324,0.5504297179545976,0.3767836276117883,0.018654722108048128,56.98597335808504,0.06374619771619229,0.029356785083475962,True,37,31,50,100,60,B,0,48.75,44.25,64.5,64.5,Persistence
MDB,"MongoDB, Inc. - Class A Common Stock",Technology,Software - Infrastructure,United States,ソフトウェア,354.8800048828125,28.54368256,598.1555714300537,0.22794268264784995,0.19217462036790015,0.3107153982741971,0.7174856532417241,3.0,0.008741774075461417,50.1459359200975,0.12038664482117663,0.19455288250850333,True,57,42,97,65,70,A,0,59.5,48.25,83.6,83.6,Persistence
MDLZ,"Mondelez International, Inc. - Class A Common Stock",Consumer Defensive,Confectioners,United States,その他,60.90999984741211,78.1871104,629.422315373211,0.05751763123953788,0.011800310972900933,0.14351028702057403,0.2837532760723461,-0.08174850979279023,0.30500650467917245,43.019026343678235,0.006903374847369717,0.1091752457340287,True,18,0,33,40,100,S,0,29.5,16.0,48.150000000000006,48.150000000000006,Persistence
META,"Meta Platforms, Inc. - Class A Common Stock",Communication Services,Internet Content & Information,United States,その他,582.9000244140625,1479.647035392,11484.38371600952,0.2216703849824621,0.21941112807816043,0.15687468377226457,0.8199944269179861,-0.14726660748631454,0.22921362435488674,53.53899664596091,-0.0362203282140582,0.25973352920330056,False,54,5,85,10,73,A,0,49.3,12.55,63.85000000000001,63.85000000000001,Persistence
MGEE,MGE Energy Inc. - Common Stock,Utilities,Utilities - Regulated Electric,United States,電力/エネルギー,84.2300033569336,3.17938944,29.116627560424806,0.09854581767472642,-0.019534175029800226,-0.03371218959887701,0.4153773125674037,-2.9576103184121,0.28787451432772815,80.24094141063297,0.08960000807237221,0.048523332570901426,True,34,12,10,85,37,C,0,41.95,25.45,34.15,41.95,Acceleration
MGNI,"Magnite, Inc. - Common Stock",Communication Services,Advertising Agencies,United States,その他,20.3799991607666,2.918721792,73.98092545351982,0.06851998742834907,0.07819786674412225,0.07389237682148929,0.6265594513924586,-0.1927699315902217,0.1979411416156429,74.41588001528552,0.3536670644788088,0.23152342349223445,True,18,26,49,100,35,C,0,32.0,38.0,58.95,58.95,Persistence
MGRC,McGrath RentCorp - Common Stock,Industrials,Rental & Leasing Services,United States,その他,117.91000366210938,2.896078336,28.894435947418213,0.036547881204291824,0.0950901733742706,0.30861696019129575,0.4818461505875126,-0.5191091270396596,0.21845500244578442,59.28617781260933,0.03422207223313123,0.06527783590714022,True,8,0,53,100,87,S,0,29.700000000000003,23.700000000000003,71.55000000000001,71.55000000000001,Persistence
MIDD,The Middleby Corporation - Common Stock,Industrials,Specialty Industrial Machinery,United States,その他,175.1199951171875,7.91796224,130.5309419604492,0.016177502722809285,-0.028330798959930167,-0.19608029352917153,0.3910765393748973,-0.14105463305673752,0.3471839061712709,72.67688001862636,0.1328439078002906,0.0,True,34,0,25,85,10,D,0,39.25,13.75,37.0,39.25,Acceleration
MKSI,MKS Inc. - Common Stock,Technology,Scientific & Technical Instruments,United States,その他,365.55999755859375,24.691431424,548.2687121383667,0.096207473508087,-0.009939260077305357,0.021144629264166902,0.46731111676418213,0.2121951219512195,0.5055707139608913,53.18218806857003,0.10649818051641657,0.17814746494835132,True,31,24,30,65,70,A,0,40.0,34.75,46.75,46.75,Persistence
MKTX,"MarketAxess Holdings, Inc. - Common Stock",Financial Services,Capital Markets,United States,その他,116.52999877929688,4.141412352,98.92989041366577,0.03570077971158871,0.08577537349826655,0.04767785048030071,0.5942018367703849,-0.013834461104079447,0.14726345634833266,50.25112630348289,-0.12384062884171065,0.4652270973470414,False,8,0,45,85,43,C,-20,3.0500000000000007,0.0,34.6,34.6,Persistence
MLKN,"MillerKnoll, Inc. - Common Stock",Consumer Cyclical,"Furnishings, Fixtures & Appliances",United States,その他,21.420000076293945,1.46458688,24.6476727877903,,0.011437548230625068,-0.1122311663526706,,-0.628696604600219,0.45871095134423573,83.93481440428205,0.32079127864843326,0.04354719104214508,True,0,0,17,100,22,D,-5,12.2,12.2,33.75,33.75,Persistence
MNST,Monster Beverage Corporation - Common Stock,Consumer Defensive,Beverages - Non-Alcoholic,United States,その他,97.5999984741211,95.4535936,591.0089827601623,0.10698854045979898,0.04939505130722895,0.13135326134319963,0.5584764218214752,0.19638073878351445,,72.47779071578951,0.12010611823355237,0.00040967754790445596,True,36,33,40,40,10,D,-20,14.0,11.75,14.0,14.0,Acceleration
MORN,"Morningstar, Inc. - Common Stock",Financial Services,Financial Data & Stock Exchanges,United States,その他,165.94000244140625,6.31036928,81.75200160278321,0.07489780668981583,0.11601098793289512,0.08981075590719555,0.6103455326109181,-0.014034306081532635,0.35126176814662136,41.37825736721734,-0.03834116579104017,0.4622214973848988,False,15,12,45,85,65,A,-20,10.5,8.25,39.0,39.0,Persistence
MPWR,"Monolithic Power Systems, Inc. - Common Stock",Technology,Semiconductors,United States,半導体,1288.1600341796875,63.287304192,1580.5143947369386,0.26431018078020935,0.21197843907324918,0.015006565790559085,0.551787716644466,0.06271900941650364,0.004761815068860586,32.44509534048494,-0.1636006478241023,0.23656240468430864,True,49,17,65,40,68,A,0,49.55,25.55,59.35,59.35,Persistence
MQ,"Marqeta, Inc. - Class A Common Stock",Technology,Software - Infrastructure,United States,ソフトウェア,17.40999984741211,1.831567616,22.382078178834917,0.23252497559147525,-0.25019706553519744,-0.09627696115775602,0.6997650763981795,2.5814438010714866,0.01067386738516478,75.27592861634538,0.07279739976265638,0.3627379194037678,False,51,17,42,100,23,D,-5,50.55,25.05,47.7,50.55,Acceleration
MRCY,Mercury Systems Inc - Common Stock,Industrials,Aerospace & Defense,United States,防衛/宇宙,126.20999908447266,7.578062848,105.73558198299408,0.09187991978689652,-0.1423242240846427,-0.014485977998314102,0.27904431920352624,3.0,0.2645997722982597,57.89956350976636,0.25568344575449187,0.0,True,40,52,26,85,45,C,0,47.25,56.25,44.55,56.25,Transition
MRTN,"Marten Transport, Ltd. - Common Stock",Industrials,Trucking,United States,その他,17.459999084472656,1.424546176,16.364907941894533,-0.08307080567972872,-0.1482577742817876,-0.10477514443640921,0.1311262804814565,0.48113111689156235,0.000204260623921446,39.2236969861579,0.06255374089114463,0.04162192297122217,True,23,12,10,100,62,B,-5,33.45,25.2,37.9,37.9,Persistence
MRVL,"Marvell Technology, Inc. - Common Stock",Technology,Semiconductors,United States,半導体,245.2899932861328,214.57969152,15740.598595811844,0.42087285211450765,0.04713401238266427,-0.06958240421650111,0.5101774339198984,0.0016551525618883132,0.21495335490211037,42.265024054121255,0.09687109853567509,0.22482065871214524,True,64,85,46,25,85,S,0,60.25,76.0,48.55,76.0,Transition
MSEX,Middlesex Water Company - Common Stock,Utilities,Utilities - Regulated Water,United States,その他,57.54999923706055,1.07183008,9.99384511751175,0.014681280195125003,0.1539807787146517,0.02364037085831784,0.5311052215271144,-1.124213440724893,0.3051919952377361,82.337966385129,0.09477731454518788,0.0520709826427754,True,8,0,26,100,37,C,-5,19.7,13.7,41.699999999999996,41.699999999999996,Persistence
MSFT,Microsoft Corporation - Common Stock,Technology,Software - Infrastructure,United States,ソフトウェア,390.489990234375,2900.72952832,19100.940876661378,0.1493215623240672,0.15669962013071279,0.06882029555656428,0.6882374238616519,-0.0332113782721983,0.0978799779645656,50.06410542348838,-0.04107502103795689,0.2750694842522946,False,17,14,57,10,73,A,0,21.55,19.3,48.45,48.45,Persistence
MSTR,Strategy Inc - Class A Common Stock,Technology,Software - Application,United States,ソフトウェア,100.7699966430664,36.052332544,2924.946395611763,0.029726662293723675,-0.06610432816602554,-0.006014853864889117,0.686909748487636,-0.01988624827676108,0.13361689530368723,39.2069474569421,-0.3051073478402677,0.778964689642117,False,36,7,22,40,25,D,-10,25.5,3.75,17.1,25.5,Acceleration
MTCH,"Match Group, Inc. - Common Stock",Communication Services,Internet Content & Information,United States,その他,37.900001525878906,8.84080128,143.3692627721405,0.0022486810123548123,0.034141436598083996,0.05508612371320883,0.7280411746167481,0.1603757222484841,0.8905732612298526,68.43855083729025,0.048963677194652215,0.021430364734507212,True,14,24,44,85,55,B,-20,8.75,16.25,36.45,36.45,Persistence
MTSI,"MACOM Technology Solutions Holdings, Inc. - Common Stock",Technology,Semiconductors,United States,半導体,322.260009765625,24.587077632,629.810461385498,0.3257773671903484,0.12518526172604552,-0.03963890575706859,0.5469088909060458,0.11815753364668788,0.2557764719306253,36.1316589512841,-0.08730448109397972,0.21338601951045238,True,57,27,42,65,80,S,0,60.5,38.0,55.35,60.5,Acceleration
MU,"Micron Technology, Inc. - Common Stock",Technology,Semiconductors,United States,半導体,975.5599975585938,1101.790838784,57717.914628356935,0.48851101111066864,0.615894465894466,-0.49476558944014565,0.39790786023864305,3.0,0.18452136525036836,48.97250957724861,0.14490870951875257,0.19611724969833477,True,40,62,42,10,70,A,0,38.5,55.0,39.6,55.0,Transition
MXL,"MaxLinear, Inc - Common Stock",Technology,Semiconductors,United States,半導体,93.12000274658203,8.338520064,371.81420296669006,0.29710036391070876,-0.4799549377364723,-0.3811544188271925,0.568414659963519,0.9974396648288503,0.18210412910160273,55.16176338586134,0.08811998544539307,0.2726704394717215,True,54,65,18,85,68,A,0,60.05,68.3,44.75,68.3,Transition
MYRG,"MYR Group, Inc. - Common Stock",Industrials,Engineering & Construction,United States,その他,433.010009765625,6.742414336,148.26912249389648,0.0879159739344316,-0.07728384795981234,0.21118634873636466,0.11585534716881786,3.0,0.06295865344670178,51.94201524279918,-0.015734225182592605,0.13593278082224816,True,33,31,30,85,100,S,0,47.5,46.0,57.75,57.75,Persistence
MZTI,The Marzetti Company - Common Stock,Consumer Defensive,Packaged Foods,United States,その他,115.79000091552734,3.175237376,43.59783009471893,0.019961437343162233,0.027013042879474487,0.0871736290481332,0.2386678274096679,0.10609478358707881,0.043580414270069444,61.32380936262952,0.016863131615717508,0.37132551377130535,False,2,24,42,85,53,B,-20,0.0,16.049999999999997,34.95,34.95,Persistence
NBN,Northeast Bank - Common Stock,Financial Services,Banks - Regional,United States,その他,134.47999572753906,1.1505248,21.348699321746825,0.35103209719769574,0.24499357728665064,0.1602892984417247,,3.0,0.07927777731038628,60.71824830548786,0.07706888142934687,0.02203475311131837,True,56,32,85,100,40,C,-25,36.0,18.0,54.75,54.75,Persistence
NBTB,NBT Bancorp Inc. - Common Stock,Financial Services,Banks - Regional,United States,その他,50.08000183105469,2.604672512,19.297827905578615,0.2088116969366741,0.1094327888925584,0.0051599527101399475,,0.2380376078043263,0.01121298175862502,66.62069742063596,0.08446157520301989,0.003383048138215174,True,44,29,50,100,40,C,-20,32.0,20.75,40.5,40.5,Persistence
NCNO,"nCino, Inc. - Common Stock",Technology,Software - Application,United States,ソフトウェア,17.75,1.944564864,72.315985,0.10010783176764566,0.13453980018592235,0.16709648188286005,0.6055489331367344,0.5466346964389412,0.1691001671009025,72.56372605090077,0.1034577120181916,0.4570204727540867,False,29,56,72,100,0,D,-5,31.75,52.0,59.599999999999994,59.599999999999994,Persistence
NDAQ,"Nasdaq, Inc. - Common Stock",Financial Services,Financial Data & Stock Exchanges,United States,その他,84.66000366210938,47.878684672,412.09272702575686,0.11648648648648649,0.22031662269129287,-0.026019916479280435,0.4222948438634713,0.14838337182448036,0.3048336714649148,46.96606737876078,-0.03320171810265758,0.1559446480778926,False,14,33,38,40,90,S,-20,5.5,19.75,28.900000000000006,28.900000000000006,Persistence
NDSN,Nordson Corporation - Common Stock,Industrials,Specialty Industrial Machinery,United States,その他,290.3800048828125,16.179378176,135.19802647338867,0.03783233782702169,0.0233159301111757,0.014806904895922368,0.5515604005749928,0.34432259756843975,0.3535773557243116,55.50180771998861,0.015257433304201935,0.04680937854497356,True,43,24,46,65,87,S,0,50.7,36.45,58.95,58.95,Persistence
NEXT,NextDecade Corporation - Common Stock,Energy,Oil & Gas Equipment & Services,United States,電力/エネルギー,7.579999923706055,2.008646912,23.339577765083312,,,,,-0.8833935449086239,0.6966999704164584,41.052625767080556,-0.05045849384963457,0.3683333396911621,True,0,0,0,100,73,A,-20,2.3000000000000007,2.3000000000000007,19.6,19.6,Persistence
NMIH,NMI Holdings Inc - Common Stock,Financial Services,Insurance - Specialty,United States,その他,41.040000915527344,3.117886464,27.53414701423645,0.08520963299440375,0.12429641988038058,0.10400260840715558,,0.06676769270155858,0.10857077845970084,86.94155192540501,0.07459312318054327,0.048899201291710374,True,2,24,50,85,37,C,-20,0.0,14.450000000000003,36.15,36.15,Persistence
NMRK,"Newmark Group, Inc. - Class A Common Stock",Real Estate,Real Estate Services,United States,その他,15.720000267028809,3.917570304,23.456126798439026,0.20285616004662402,0.10854010414642677,-0.08691800155755237,,3.0,0.41894900089995013,65.74393493106159,0.03378216364968739,0.19086066475853763,False,51,42,22,85,70,A,0,58.0,51.25,47.35,58.0,Acceleration
NN,NextNav Inc. - Common stock,Technology,Software - Infrastructure,United States,ソフトウェア,16.280000686645508,2.221193472,44.33255826982498,-0.1933321573469748,0.46789228379078196,-0.0163015792154865,-0.8674830527006342,-0.32007731958762886,1.1683271327306806,17.62947272433675,-0.17403587481022217,0.30987704191008475,False,0,0,0,100,24,D,-30,0.0,0.0,0.0,0.0,Acceleration
NNE,Nano Nuclear Energy Inc. - common stock,Industrials,Specialty Industrial Machinery,United States,電力/エネルギー,20.030000686645508,1.044001216,63.75699443564415,,,,,-2.6546444728361833,0.01222592633627717,40.547798512206064,-0.19927079925156924,0.6463005419591431,False,0,0,10,100,43,C,-15,4.300000000000001,4.300000000000001,24.1,24.1,Persistence
NOVT,Novanta Inc. - Common Shares,Technology,Scientific & Technical Instruments,United States,その他,161.72000122070312,5.759383552,100.63027075958252,0.03303151451943387,0.07665409193092138,0.02411305338696694,0.4438955741382827,-0.6573823841528121,0.16706656942094156,49.12944441535319,0.07102601116165908,0.04074971983164737,True,4,0,41,85,72,A,0,22.95,19.95,58.199999999999996,58.199999999999996,Persistence
NSIT,"Insight Enterprises, Inc. - Common Stock",Technology,Electronics & Computer Distribution,United States,その他,113.33999633789062,3.423311616,57.322836547851566,-0.052233253785640456,-0.051672871366545185,-0.1203458933883964,0.21357930832114735,-0.5234181308152878,0.17456862115912058,54.23831714822101,0.16148704392581895,0.22719218936462637,True,0,0,25,85,70,A,0,19.75,19.75,49.0,49.0,Persistence
NSSC,"NAPCO Security Technologies, Inc. - Common Stock",Industrials,Security & Protection Services,United States,その他,37.790000915527344,1.350136064,19.121929413261412,-0.03812625781167249,0.11072548339088337,0.183880829845466,0.5562682729420056,0.17446429387307535,0.026925270388258867,64.16513863898896,-0.02093186569846315,0.19372250259957666,False,10,12,38,100,70,A,-5,24.5,26.0,54.900000000000006,54.900000000000006,Persistence
NTAP,"NetApp, Inc. - Common Stock",Technology,Software - Infrastructure,United States,ソフトウェア,154.1699981689453,30.204973056,465.954923115921,0.05371272063298844,0.048500319081046586,-0.014775227915749764,0.7074368231046931,0.3968609865470852,0.2543745346239762,38.44462542995721,0.1019226550880242,0.14860836862159998,True,50,24,38,40,60,B,0,49.5,30.0,42.900000000000006,49.5,Acceleration
NTCT,"NetScout Systems, Inc. - Common Stock",Technology,Software - Infrastructure,United States,ソフトウェア,40.93000030517578,2.926299136,29.637208570976256,0.044735552992114784,-0.008169219547775346,-0.09302592588542749,0.7940759666869114,0.3529029781062032,0.016815338347525202,44.48668898193565,0.04500706028519992,0.060160711315355817,True,53,54,45,100,87,S,0,63.45,64.2,67.15,67.15,Persistence
NTNX,"Nutanix, Inc. - Class A Common Stock",Technology,Software - Infrastructure,United States,ソフトウェア,51.279998779296875,13.862035456,203.86671194702149,0.18108158167102256,0.1534820803104845,0.1784537663303804,0.8680884044340125,0.2551436473424698,0.45163520644835486,59.754939148255346,0.08576434741816989,0.36785013507093917,True,49,63,82,65,68,A,0,53.3,63.8,74.95,74.95,Persistence
NTRS,Northern Trust Corporation - Common Stock,Financial Services,Asset Management,United States,その他,176.5,32.660842496,193.14395,-0.024606774100164045,0.22394626116483354,0.0018192036916523694,,3.0,0.07900404611909602,61.19983831755147,0.050631369732614805,0.0,True,12,25,30,40,40,C,-20,0.0,8.75,14.5,14.5,Persistence
NVDA,NVIDIA Corporation - Common Stock,Technology,Semiconductors,United States,半導体,194.8300018310547,4718.97735168,30640.933870970155,0.654735357900948,1.1420340763599357,1.2585452658115222,0.7106808435754708,0.5886809195931179,0.05338413852797107,40.419855408438984,-0.0706738245094841,0.17257543544776546,True,39,34,80,10,90,S,0,39.75,36.0,64.5,64.5,Persistence
NVTS,Navitas Semiconductor Corporation - Common Stock,Technology,Semiconductors,United States,半導体,14.460000038146973,3.521807104,389.4121390273094,-0.4488007490816547,0.04840414820781313,1.0940885011728119,0.3103057757644394,0.32358142513034727,0.012931869906028145,25.613599909974127,-0.3226849013663064,0.545139993025788,True,9,12,22,85,18,D,-10,11.3,13.55,26.950000000000003,26.950000000000003,Persistence
NWBI,"Northwest Bancshares, Inc. - Common Stock",Financial Services,Banks - Regional,United States,その他,15.109999656677246,2.210814464,20.542195633249282,0.25247518094326826,-0.04991502543760531,0.03414810032432106,,0.13103167702358826,0.04122334278882854,62.10044230426719,0.06998344006382327,0.01563522598228763,True,29,29,30,100,40,C,-20,20.75,20.75,29.5,29.5,Persistence
NWE,"NorthWestern Energy Group, Inc.  - Common Stock",Utilities,Utilities - Regulated Electric,United States,電力/エネルギー,71.31999969482422,4.386751488,45.307812806129455,0.0638490836238637,0.06451882827535628,-0.03768615889303083,0.5686721194318246,0.08773148635467323,0.40638269175552627,62.097199765429984,0.011734264801040846,0.028602540540641645,True,10,12,10,85,55,B,0,25.75,27.25,37.75,37.75,Persistence
NWL,Newell Brands Inc. - Common Stock,Consumer Defensive,Household & Personal Products,United States,その他,5.829999923706055,2.477328896,95.53924034973144,-0.049854919546293855,-0.0677486782245174,-0.14018395179194418,0.3375902276513048,-0.9282700421940928,0.48707419505366306,74.89712677082258,0.34345998752374207,0.050488591127116476,True,34,0,21,100,22,D,0,42.7,17.2,40.949999999999996,42.7,Acceleration
NWPX,"NWPX Infrastructure, Inc. - Common Stock",Basic Materials,Steel,United States,その他,136.9199981689453,1.319499136,30.65844138999939,0.06792231417039557,0.10845607678545308,-0.02908240743775469,0.19702739337988567,0.375277356066799,0.1773614202163449,59.851582123165905,0.1571831909008128,0.08683476097413638,True,5,24,30,100,70,A,-5,20.75,35.0,50.5,50.5,Persistence
NWS,News Corporation - Class B Common Stock,Communication Services,Entertainment,United States,その他,30.170000076293945,16.40532992,66.80316841893196,0.024236548715462918,0.029955067398901646,-0.22850264805007223,,0.05740740740740741,0.18962848297213622,50.2907042828287,0.007480136530137779,0.1363418755818366,True,2,24,30,65,100,S,0,21.25,37.75,52.75,52.75,Persistence
NWSA,News Corporation - Class A Common Stock,Communication Services,Entertainment,United States,その他,26.639999389648438,14.485846016,190.66274203170775,0.024236548715462918,0.029955067398901646,-0.22850264805007223,,0.05740740740740741,0.18962848297213622,52.89116098624307,0.01873802340056956,0.13788835287796306,True,2,24,30,65,100,S,0,21.25,37.75,52.75,52.75,Persistence
NXST,"Nexstar Media Group, Inc. - Common Stock",Communication Services,Broadcasting,United States,その他,181.08999633789062,5.530300928,93.53841580841065,-0.08470501202145367,0.09608757348469492,-0.0533486854730378,0.5483936148716912,-0.32760180995475113,0.5876820947814863,56.00657335809038,-0.023693448577718466,0.2792405564827948,False,8,0,25,85,73,A,0,26.05,20.05,49.6,49.6,Persistence
NXT,Nextpower Inc. - Class A Common Stock,Technology,Solar,United States,電力/エネルギー,112.83999633789062,17.17236224,426.5605751564026,0.20282292797674503,0.18375408675991792,0.3142276292401651,0.32592522876110797,-0.1740532230857426,,43.78633715389647,-0.10609890158832325,0.2785166193000274,True,31,17,74,65,73,A,0,40.3,29.8,71.55000000000001,71.55000000000001,Persistence
OCFC,OceanFirst Financial Corp. - Common Stock,Financial Services,Banks - Regional,United States,その他,19.049999237060547,1.65500864,24.438863021240234,0.05405860825149417,-0.047414820109602095,-0.076193234476367,,-0.06099721290566394,0.10850498516339627,59.759743075272596,0.023342535693302576,0.0461094693516263,True,30,0,25,100,87,S,-25,21.200000000000003,0.0,31.150000000000006,31.150000000000006,Persistence
ODFL,"Old Dominion Freight Line, Inc. - Common Stock",Industrials,Trucking,United States,その他,217.64999389648438,45.264297984,442.4780845916748,-0.054760344706017906,-0.008752245083318674,-0.06292654227735538,0.3302830276386915,0.07560433125179483,0.00731148631849891,16.59639903348571,-0.0005569169666864784,0.12495477974075947,True,6,12,34,40,73,A,0,17.8,22.3,43.300000000000004,43.300000000000004,Persistence
OKTA,"Okta, Inc. - Class A Common Stock",Technology,Software - Infrastructure,United States,ソフトウェア,141.4199981689453,24.579835904,506.25672364517214,0.11839080459770115,0.15333627927529828,0.21797631862217437,0.7735525865022268,0.1821917808219178,0.04346035015447992,79.70690689598061,0.38865975178882434,0.0,True,28,40,82,65,10,D,0,31.75,40.75,63.35,63.35,Persistence
OLED,Universal Display Corporation - Common Stock,Technology,Electronic Components,United States,半導体,78.69999694824219,3.679294976,61.76179010505676,0.004519179105860265,0.12361453015028737,-0.0651780110570709,0.7631057575110166,-0.3161631999545246,0.009785809074623095,34.6416187465918,-0.13074948303423156,0.49962221969118253,False,15,12,40,85,33,D,0,27.3,25.05,49.85,49.85,Persistence
OLLI,"Ollie's Bargain Outlet Holdings, Inc. - Common Stock",Consumer Defensive,Discount Stores,United States,その他,74.20999908447266,4.48623872,175.4016406860733,0.1661716640144737,0.08039475674169219,0.15087665140127937,0.40500710026204156,0.820954162768943,0.23212822674336953,32.175208828898604,-0.07437667224346267,0.47294035883512586,False,36,26,54,85,45,C,0,44.25,36.75,59.95,59.95,Persistence
OLPX,"Olaplex Holdings, Inc. - Common Stock",Consumer Cyclical,Specialty Retail,United States,その他,2.069999933242798,1.391282176,18.855681141906977,0.0006861144628196938,-0.0777438359153393,-0.3492589531915135,0.6942642330243994,-0.589750826838041,0.23525412908425916,66.66666666666666,0.01420870556731522,0.0,True,42,0,37,100,55,B,-5,47.0,15.5,51.35,51.35,Persistence
ON,ON Semiconductor Corporation - Common Stock,Technology,Semiconductors,United States,半導体,91.22000122070312,35.501510656,1392.7862032382202,-0.15346709402312808,-0.1418514479583182,-0.008791525545867263,0.33090369283117055,0.1700758825470142,0.23992143148010636,37.630002011871184,-0.1759070580259515,0.3188978853935339,True,6,12,34,40,51,B,0,15.600000000000001,20.1,38.900000000000006,38.900000000000006,Persistence
ONB,Old National Bancorp - Common Stock,Financial Services,Banks - Regional,United States,その他,26.0,10.045698048,114.39324,0.33886596516536904,0.026673091949610536,0.06296177320912304,,0.07667542207545416,0.09826210281973324,68.8760974826813,0.07268010722476191,0.008768568290135727,True,34,32,50,65,40,C,-20,19.25,17.75,31.75,31.75,Persistence
ONDS,Ondas Inc - Common Stock,Technology,Communication Equipment,United States,通信/光通信,7.409999847412109,3.926013952,469.03250169160845,3.0,-0.5415969099055982,3.0,0.3973113086672843,-0.16140669829275914,0.01373890952040048,21.258913228343104,-0.24567870343467627,0.47109209661993595,False,57,40,22,85,16,D,-10,47.1,34.35,26.550000000000004,47.1,Acceleration
OPEN,Opendoor Technologies Inc  - Common Stock,Real Estate,Real Estate Services,United States,その他,4.900000095367432,4.727209472,265.040319158411,-0.15175625849019989,-0.2581341779441405,-0.5537997045031156,0.08007320979180965,2.67258064516129,0.5484004985459078,62.57310805799009,0.021855205402189423,0.5342205435218139,False,42,25,22,85,45,C,0,48.75,36.0,42.35,48.75,Acceleration
ORLY,"O'Reilly Automotive, Inc. - Common Stock",Consumer Cyclical,Auto Parts,United States,その他,90.25,74.791534592,812.74592375,0.0642495944723634,0.056679409951145475,0.0973215562122047,0.5159231316716373,-0.21370711221904767,0.5134459486137986,50.40562883507096,-0.005354000988581272,0.16295677744903247,False,26,12,37,40,90,S,0,34.5,24.0,48.35,48.35,Persistence
OSBC,"Old Second Bancorp, Inc. - Common Stock",Financial Services,Banks - Regional,United States,その他,23.229999542236328,1.194774016,9.141353269863128,0.19006141501041446,-0.0038720652556879856,0.14724159331057798,,-0.02473787951567754,0.04565635786126393,62.91559815353125,0.08157912361901613,0.016511485314990703,True,23,2,33,100,40,C,-25,11.25,0.0,26.150000000000006,26.150000000000006,Persistence
OSIS,"OSI Systems, Inc. - Common Stock",Technology,Electronic Components,United States,半導体,221.75999450683594,3.655245568,61.16584168487549,0.1133433587347718,0.20363384064948567,0.08044971586395275,0.34274670405553226,1.4419260554780868,0.28985252472161827,41.560324245182045,-0.04012218507632676,0.2839059682521788,False,21,39,50,85,73,A,0,35.8,49.3,63.35,63.35,Persistence
OTTR,Otter Tail Corporation - Common Stock,Industrials,Conglomerates,United States,その他,91.38999938964844,3.836931584,26.077222425842287,-0.01990909008919633,-0.013799636219709064,-0.07604596328333821,0.4320191279835713,0.040773376133331915,0.27842616526233394,60.55719287019547,0.037007180380465854,0.0,True,6,12,30,85,55,B,0,22.75,27.25,48.75,48.75,Persistence
OUST,"Ouster, Inc. - Common Stock",Technology,Electronic Components,United States,半導体,49.84000015258789,3.173459712,269.41286202482223,0.5245947381211691,0.33408182134751857,1.0297594384459772,0.49258489585793225,-0.7316154873164219,0.0488675768777395,58.75106878417931,0.3222088140842892,0.20281510256452967,True,54,58,56,85,70,A,-10,50.25,53.25,56.05000000000001,56.05000000000001,Persistence
OZK,Bank OZK - Common Stock,Financial Services,Banks - Regional,United States,その他,49.84000015258789,5.44082688,62.08718339008331,0.04204718910439849,0.06152426899798596,0.24292040151343353,,-0.009635270042011347,0.011366150605210044,42.142220322872994,0.01559666633830857,0.05695361226939487,True,0,0,45,85,87,S,-20,1.4500000000000028,1.4500000000000028,43.400000000000006,43.400000000000006,Persistence
PAGP,"Plains GP Holdings, L.P. - Class A Shares representing limited partner interests",Energy,Oil & Gas Midstream,United States,電力/エネルギー,24.43000030517578,5.692200448,34.31425627864838,-0.09464296672053019,0.03280801081629204,-0.1744968783788497,0.06497672947449279,0.12208436724565756,0.3664471159994884,50.584808367343975,0.01322280554764441,0.058574197035649554,True,2,24,26,85,87,S,0,22.950000000000003,39.45,52.95,52.95,Persistence
PANW,"Palo Alto Networks, Inc. - Common Stock",Technology,Software - Infrastructure,United States,ソフトウェア,348.05999755859375,283.668905984,2678.4243589126586,0.1487387106820305,0.1646379502952399,0.2528764882304826,0.734143035297945,0.1190015479876161,0.014344975017178341,84.31645102657885,0.38426992098171325,0.0113055643953044,True,22,21,79,25,10,D,0,21.25,20.5,51.7,51.7,Persistence
PATK,"Patrick Industries, Inc. - Common Stock",Consumer Cyclical,Recreational Vehicles,United States,その他,85.02999877929688,2.819326208,67.98998702392578,0.06326965997906711,0.07140564785059017,-0.2896075521848996,0.23105858018165054,0.08321840521564694,0.4853158501437175,48.66018943416262,-0.06126655464920957,0.4115496452312987,False,2,12,22,100,55,B,0,22.0,29.5,48.1,48.1,Persistence
PAYO,Payoneer Global Inc. - Common Stock,Technology,Software - Infrastructure,United States,ソフトウェア,7.090000152587891,2.3977984,93.52610631282806,0.13912355903283533,0.20051160009925575,0.049163857977289366,,0.2508044931478637,0.008075953915045113,78.33332803514605,0.2460019259018921,0.0444743827914998,True,10,14,50,100,22,D,0,24.7,27.7,56.9,56.9,Persistence
PAYX,"Paychex, Inc. - Common Stock",Technology,Software - Application,United States,ソフトウェア,106.3499984741211,37.8180608,414.9239872967911,,0.055586078851145256,0.05416308841445148,,-0.015665495594079364,0.3032039169046311,64.23975463165286,0.11017788802352677,0.25745021118138417,True,0,0,21,40,33,D,0,9.3,9.3,28.150000000000002,28.150000000000002,Persistence
PCAR,PACCAR Inc. - Common Stock,Industrials,Farm & Heavy Construction Machinery,United States,その他,119.5,62.891204608,418.067165,-0.15503300281014026,-0.0416654805080934,0.21886764955915572,0.16655065249184386,0.046247366421441644,0.3526756916470063,54.060907316468644,0.026694883443157742,0.07421076740756502,True,2,12,26,40,87,S,-20,0.0,3.700000000000003,21.700000000000003,21.700000000000003,Persistence
PCT,"PureCycle Technologies, Inc. - Common stock",Industrials,Pollution & Treatment Controls,United States,その他,7.610000133514404,1.527460608,56.330704938299654,,,,-12.083542788749252,0.08394291702010878,0.45425430220686575,29.325510407983785,-0.2175692084929228,0.5502364007564914,False,2,30,2,100,16,D,-15,3.1000000000000014,24.1,14.3,24.1,Transition
PCTY,Paylocity Holding Corporation - Common Stock,Technology,Software - Application,United States,ソフトウェア,115.0999984741211,6.16292096,90.78685029644012,0.13740031300913003,0.19403830076332498,0.3775835599794054,0.6876777575019386,0.12040887040887041,0.049640408727515295,59.31146776107587,0.06441808876018111,0.3953561772164541,False,19,26,89,85,58,B,0,32.8,38.05,81.80000000000001,81.80000000000001,Persistence
PDFS,"PDF Solutions, Inc. - Common Stock",Technology,Software - Application,United States,ソフトウェア,59.18000030517578,2.477731584,52.23197236934662,0.2204273813835567,0.08219012874242469,0.11636564365966785,0.7232129812258017,-0.08784954219252661,0.17391813172771717,45.08938105307476,0.11561026090000469,0.16400622206807997,True,42,5,42,100,70,A,0,53.5,25.75,62.1,62.1,Persistence
PEBO,Peoples Bancorp Inc. - Common Stock,Financial Services,Banks - Regional,United States,その他,38.709999084472656,1.390597632,11.22338358455658,0.022941267920753263,0.050547489312951804,0.3052897612640308,,-0.05620943790562094,0.07400760443664679,68.93062269402444,0.10036420042310598,0.011491337198490603,True,0,0,45,100,25,D,-25,0.0,0.0,29.75,29.75,Persistence
PEGA,Pegasystems Inc. - Common Stock,Technology,Software - Application,United States,ソフトウェア,31.049999237060547,5.188117504,72.08567822875976,0.16606687238675377,0.04506720572714531,0.08708990814549511,0.7586326591866708,0.4509245625550687,0.04655285676817147,40.635628310779566,-0.08293244421373894,0.5330332158243763,False,49,33,57,85,55,B,0,55.0,43.0,63.6,63.6,Persistence
PENG,"Penguin Solutions, Inc. - Common Stock",Technology,Information Technology Services,United States,その他,61.470001220703125,3.230872832,197.0012113621521,0.16911400448925346,-0.18765238508239376,0.03250575265997839,0.2880448044044612,0.7325184813282318,0.32437175364828097,47.192775350137374,0.1742344818283309,0.19129062632399,True,35,56,26,85,70,A,0,46.0,61.75,49.55,61.75,Transition
PENN,"PENN Entertainment, Inc. - Common Stock",Consumer Cyclical,Resorts & Casinos,United States,その他,22.020000457763672,2.946561792,89.26864145576477,0.05820829722868306,0.033821056436530515,-0.006060890076073543,0.33793995115644304,0.022614451185879757,0.7900059571783999,57.59850933419599,0.17299868332347645,0.0018131917111087843,True,36,12,4,100,45,C,-10,36.5,18.5,26.200000000000003,36.5,Acceleration
PEP,"PepsiCo, Inc. - Common Stock",Consumer Defensive,Beverages - Non-Alcoholic,United States,その他,144.22000122070312,197.140217856,1476.2517966952514,0.022546650118666578,0.004187119414896525,0.058790165756088524,0.541485227575193,0.06718597857838364,0.4646318867028557,50.819132703426156,-0.015162682011581132,0.13754831306124568,False,28,12,42,25,90,S,-20,13.75,1.75,27.35,27.35,Persistence
PFBC,Preferred Bank - Common Stock,Financial Services,Banks - Regional,United States,その他,107.16000366210938,1.268983168,15.820031340637208,-0.0019756373279241016,-0.03132941943010749,0.15228260784113332,,0.019443171052229456,0.050493970332179346,72.00854666021102,0.10301613975534041,0.006581988193146248,True,20,24,30,100,10,D,-25,6.0,9.0,18.5,18.5,Persistence
PFG,Principal Financial Group Inc - Common Stock,Financial Services,Asset Management,United States,その他,110.87000274658203,23.949293568,163.19232879276277,-0.031138972079093732,0.18015044856503096,-0.22070471769663721,,-0.0210405593171743,0.01158251959346938,52.8447433909584,0.06408098446935394,0.013260927871802271,True,0,0,25,65,60,B,-20,0.0,0.0,22.0,22.0,Persistence
PGY,Pagaya Technologies Ltd. - Class A Ordinary Shares,Technology,Software - Infrastructure,United States,ソフトウェア,17.790000915527344,1.474272256,79.24440272815704,0.2556278930864566,0.2998599921844066,0.1275141739153271,0.4060535572854605,3.0,0.5553245523360291,64.16667152334091,0.21212540384436315,0.5939283186972666,False,35,74,73,100,15,D,-5,37.75,67.0,63.150000000000006,67.0,Transition
PI,"Impinj, Inc. - Common Stock",Technology,Semiconductors,United States,半導体,141.5800018310547,4.312411136,60.22530117889404,-0.01369073471606476,0.19037585476963897,0.19293638479441427,0.5253119158069653,-0.5873576862893217,0.5579710410758897,59.97571141722226,0.028510329427977127,0.41474102067805263,False,8,0,33,85,65,A,0,25.25,19.25,52.400000000000006,52.400000000000006,Persistence
PLAB,"Photronics, Inc. - Common Stock",Technology,Semiconductor Equipment & Materials,United States,半導体,28.860000610351562,1.701692288,48.50918772590637,-0.020361129758946925,-0.02817024558445693,0.08189567872861407,0.3530344026921184,-0.5432433883125148,0.00330223758599173,45.18785665848231,-0.2985509064384714,0.47489080984164145,False,22,12,29,100,35,C,-5,30.0,22.5,42.95,42.95,Persistence
PLMR,"Palomar Holdings, Inc. - Common stock",Financial Services,Insurance - Property & Casualty,United States,その他,140.0,3.71054208,41.4337,0.5815589775810985,0.4733298574719493,0.14931852784894492,,0.5912541959592121,,83.62651609678159,0.21067260023760015,0.05161899044325533,True,57,34,57,85,22,D,-20,37.7,20.450000000000003,37.0,37.7,Acceleration
PLPC,Preformed Line Products Company - Common Stock,Industrials,Electrical Equipment & Parts,United States,電力/エネルギー,368.7699890136719,1.802552192,38.54383925170898,0.12737445975671788,-0.11343494420461146,0.051266755727048245,0.31156007876439107,-0.36900187397073575,0.07212742552641363,47.70677385615553,0.014798744804187402,0.1013281746591584,True,27,2,29,100,100,S,-5,40.25,21.5,55.95,55.95,Persistence
PLTR,Palantir Technologies Inc. - Class A Common Stock,Technology,Software - Infrastructure,United States,ソフトウェア,129.3000030517578,309.972434944,5635.576190511703,0.5618339093221548,0.2878613688375613,0.16745152216493142,0.8236651721415028,0.8406361201194149,0.0257671796927596,48.49865224392635,-0.03926384338942778,0.3759049733431494,False,82,64,90,10,73,A,0,70.3,56.8,66.60000000000001,70.3,Acceleration
PLUG,"Plug Power, Inc. - Common Stock",Industrials,Electrical Equipment & Parts,United States,電力/エネルギー,2.640000104904175,3.6829824,146.44137341905713,0.12898090691365013,-0.29452958467027174,0.27072878649635035,-0.3409403044572691,0.3776643136502238,0.3843306477224725,40.594063846637766,-0.18251064955270435,0.3623187946754104,True,38,62,6,85,61,B,-10,37.35,55.349999999999994,26.75,55.349999999999994,Transition
PLUS,ePlus inc. - Common Stock,Technology,Software - Application,United States,ソフトウェア,80.81999969482422,2.113571072,22.145488116378782,0.22117192155858909,-0.08175419798195707,0.05345554858060916,0.25222871680363423,-1.4064350532549161,0.06646096064747978,41.78518034819195,-0.030055558808571047,0.12608733385680562,False,27,17,10,100,90,S,-10,34.25,26.75,38.5,38.5,Persistence
PLXS,Plexus Corp. - Common Stock,Technology,Electronic Components,United States,半導体,275.1099853515625,7.360958464,97.92815038574219,0.018213115594293817,-0.05925413954570987,0.10467029161183071,0.10079777513621488,-0.5489071838743701,0.05329809920595707,43.537003235760004,0.00919869401767212,0.09449681153492506,True,18,12,25,85,100,S,0,36.25,31.75,55.0,55.0,Persistence
POOL,Pool Corporation - Common Stock,Industrials,Industrial Distribution,United States,その他,219.47000122070312,7.998146048,281.8916589678955,-0.0040589702074185175,-0.04162014726806993,-0.10326216675914648,0.2972849830112928,-0.4838905470977639,0.42332533397901784,76.67648509771018,0.12490898369853787,0.3299976345491105,False,30,0,17,85,8,D,0,36.05,13.55,32.2,36.05,Acceleration
POWI,"Power Integrations, Inc. - Common Stock",Technology,Semiconductors,United States,半導体,72.98999786376953,4.0670016,81.67799730949402,0.058550312311294525,-0.05750914432511956,-0.31729065113693256,0.5448631804899167,0.36351827216527116,,45.22904060383183,-0.05073059416259712,0.16439611747223962,True,43,12,28,85,90,S,0,54.0,30.75,54.650000000000006,54.650000000000006,Persistence
POWL,"Powell Industries, Inc. - Common Stock",Industrials,Electrical Equipment & Parts,United States,電力/エネルギー,246.3300018310547,8.974208,202.32561030395507,0.09083958607446392,0.4476539664925898,0.31305226237462025,0.293738760031078,0.6052184012942299,0.001500472504562735,35.178844089872555,-0.13536970201518425,0.2348554686503933,True,12,24,67,85,68,A,0,28.55,37.55,71.7,71.7,Persistence
PPC,Pilgrim's Pride Corporation - Common Stock,Consumer Defensive,Packaged Foods,United States,その他,28.760000228881836,6.842634752,49.578070194559096,0.03463765076874518,0.029723969006953434,-0.006077267510313064,0.1274840515391414,-0.5636754660251762,0.3241622540854041,45.341615887941074,-0.02142253339614983,0.40325603211715183,False,30,0,21,85,65,A,-20,21.75,0.0,25.799999999999997,25.799999999999997,Persistence
PPLI,People Incorporated - Common Stock,Communication Services,Internet Content & Information,United States,その他,46.75,3.47761536,45.4517525,-0.08730794650590114,-0.1018297234057785,-0.44235972097003406,0.6616376725783045,-0.8760662613695273,0.1999548713743013,72.90115806982148,0.08589612253656793,0.0,True,48,25,37,85,25,D,0,51.25,34.0,46.6,51.25,Acceleration
PRCH,"Porch Group, Inc. - Common Stock",Financial Services,Insurance - Property & Casualty,United States,その他,15.1899995803833,1.661835648,33.5383798235178,0.11264229816308488,0.05582854324447661,0.5723324684360822,,2.1704476470985004,0.49262687431889973,85.38163639705928,0.4109494518170033,0.20220594275309733,True,35,45,49,100,35,C,-25,19.75,27.25,33.95,33.95,Persistence
PRDO,Perdoceo Education Corporation - Common Stock,Consumer Defensive,Education & Training Services,United States,その他,34.43000030517578,2.158868736,22.93829910331726,0.2419520801804883,-0.04048005363350066,0.021282839092760727,0.7665276753465328,0.38029802062827694,0.09483801214538233,45.12194554625658,0.020480760172529786,0.09275363338598855,True,47,29,45,100,100,S,0,60.25,46.75,69.75,69.75,Persistence
PRGS,Progress Software Corporation - Common Stock,Technology,Software - Infrastructure,United States,ソフトウェア,38.41999816894531,1.575717248,39.557614314727786,0.29787539039220395,0.0849174657529315,0.15352824606777596,0.808166237315037,0.11244958504614908,0.5818205787786583,69.26113835929681,0.2691763277285206,0.29439857427705884,True,44,29,64,100,33,D,-5,46.3,35.05,61.8,61.8,Persistence
PSKY,Paramount Skydance Corporation - Class B Common Stock,Communication Services,Entertainment,United States,その他,10.390000343322754,11.628209152,94.16691086161137,-0.014805072170511264,-0.016647874245539564,0.054852025467011824,0.2963749015849108,2.326530612244898,0.3416547459738821,48.85008974609151,0.0010585780487057685,0.46609009369625226,False,36,26,26,65,65,A,0,43.25,35.75,43.55,43.55,Persistence
PSMT,"PriceSmart, Inc. - Common Stock",Consumer Defensive,Discount Stores,United States,その他,197.89999389648438,6.114294272,67.90245640579224,0.07248746310973488,0.11379736627014295,0.08503224102350831,0.17350202861656738,1.6424802786599733,0.14501288363916645,82.28818874991677,0.1588034753302106,0.0,True,12,24,42,85,10,D,0,22.75,31.75,46.35,46.35,Persistence
PTC,PTC Inc. - Common Stock,Technology,Software - Application,United States,ソフトウェア,124.55000305175781,14.386246656,291.19105688484194,0.19175956896581728,0.0960485977226136,0.08467491867729901,0.8375515565345831,0.16460170254184986,0.20701698550377715,59.40171656747986,-0.0650957366337196,0.4247910046925727,False,62,40,65,65,55,B,0,61.75,45.25,63.0,63.0,Persistence
PTEN,"Patterson-UTI Energy, Inc. - Common Stock",Energy,Oil & Gas Drilling,United States,電力/エネルギー,8.65999984741211,3.287489024,91.65341148508072,-0.1025095060145101,0.29698976668268035,0.5661234812614633,0.04762293478837382,-0.25135271044956253,0.22986766277722545,13.05483054725967,-0.2338724098408194,0.32607007079157635,True,0,18,33,85,34,D,0,16.15,29.65,46.2,46.2,Persistence
PTON,"Peloton Interactive, Inc. - Common Stock",Consumer Cyclical,Leisure,United States,その他,5.75,2.48970368,56.195095,-0.0776181306473115,-0.035674749134021355,-0.21827368656133103,0.5091938333065682,3.0,0.9300334070484167,52.659572444386946,0.030022929628391953,0.3611111111111111,False,30,65,28,100,73,A,-20,24.799999999999997,51.05,35.00000000000001,51.05,Transition
PWP,Perella Weinberg Partners - Class A Common Stock,Financial Services,Capital Markets,United States,その他,16.469999313354492,1.565927552,26.058338813610078,-0.1447953906375457,0.3536364645449332,0.02714934276262971,0.4332237319600534,-0.8527615661113902,0.2332715257692409,60.775864283766126,-0.06999072113850738,0.32112378832515276,False,14,57,29,100,43,C,-25,4.800000000000001,37.05,24.550000000000004,37.05,Transition
PYPL,"PayPal Holdings, Inc. - Common Stock",Financial Services,Credit Services,United States,その他,45.470001220703125,40.109338624,806.0221578387451,0.0432430732459037,0.06805280306338383,0.08187368268042736,0.4662064391655613,-0.17777449386729718,0.12456812143739164,68.24849987509245,0.01515318626499117,0.41365643676970154,False,8,12,45,40,45,C,-20,0.0,0.0,23.75,23.75,Persistence
PZZA,"Papa John's International, Inc. - Common Stock",Consumer Cyclical,Restaurants,United States,その他,35.81999969482422,1.178550144,35.14676280056,-0.0027090585693704,-0.03573794793588839,0.01598875031337665,0.2072608539844036,0.5100445121236968,1.1180382754552793,63.94229784637844,0.05200574124133047,0.32733349064706807,False,27,12,20,100,38,C,-45,0.0,0.0,0.0,0.0,Acceleration
QCOM,QUALCOMM Incorporated - Common Stock,Technology,Semiconductors,United States,半導体,176.25,185.767493632,4006.715925,0.1365946306657769,0.08771635957565606,-0.18959276018099547,0.5542859723602204,0.14864259474957442,0.29537522685120554,37.117770305624795,-0.1276447477153387,0.29527141341438934,True,45,14,34,25,51,B,0,42.6,19.35,35.150000000000006,42.6,Acceleration
QCRH,"QCR Holdings, Inc. - Common Stock",Financial Services,Banks - Regional,United States,その他,96.6500015258789,1.595671168,13.438216212158203,0.06509490048537228,-0.014929417420567283,0.1284065242192406,,-0.11483400700417701,0.06640833295911323,51.410395862021076,0.045559230807873545,0.02225591281944376,True,18,12,25,100,75,A,-25,11.0,6.5,28.75,28.75,Persistence
QLYS,"Qualys, Inc. - Common Stock",Technology,Software - Infrastructure,United States,ソフトウェア,148.1199951171875,5.21634304,121.77018858581543,0.10131161625554873,0.09579264795530049,0.13218697100197457,0.828480478236503,0.31347083189506386,0.04773528168235957,87.61347514128312,0.4208589157773122,0.036931130181179765,True,46,26,65,85,22,D,0,49.45,34.45,61.4,61.4,Persistence
QRVO,"Qorvo, Inc. - Common Stock",Technology,Semiconductors,United States,半導体,87.56999969482422,7.725251072,124.52147461605072,-0.010877740106066973,-0.013406265966946333,0.05606181881039357,0.4589083046238471,0.4023074605552598,0.2659222499351997,34.22943944814598,-0.082809038786222,0.19088979969791178,True,37,31,34,85,80,S,0,48.5,44.0,55.95,55.95,Persistence
QS,QuantumScape Corporation - Common Stock,Consumer Cyclical,Auto Parts,United States,その他,7.070000171661377,4.349075968,165.4126580662608,,,,,0.17236239689788066,0.05427487241582808,47.87234258414273,-0.0863980361599765,0.6165943618817421,False,2,30,10,85,55,B,-10,9.75,30.75,27.75,30.75,Transition
QUBT,Quantum Computing Inc. - Common Stock,Technology,Computer Hardware,United States,その他,9.050000190734863,2.041091712,147.86234211629866,0.8284182305630027,0.04189944134078212,1.6323529411764706,0.09824046920821114,-0.6622769562676974,0.0011167939119907098,43.7500025990397,-0.11392651449776002,0.6324126774068519,False,40,28,30,100,55,B,-10,40.5,31.5,42.5,42.5,Persistence
RBCAA,"Republic Bancorp, Inc. - Class A Common Stock",Financial Services,Banks - Regional,United States,その他,91.5,1.795022336,11.363385,0.0848719782351125,0.06968978462754397,0.14751496462905858,,0.12513443676234373,0.07645063000732313,68.37747665324859,0.1301596985637704,0.014114832378556081,True,20,24,50,100,25,D,-25,7.5,10.5,32.5,32.5,Persistence
RCAT,"Red Cat Holdings, Inc. - Common Stock",Industrials,Aerospace & Defense,United States,防衛/宇宙,10.4399995803833,1.588887296,135.65035974778175,1.283527696793003,2.8599092717894647,-0.28124738002069694,0.03127992339610597,-4.080142144902938,0.06736042853436716,39.818413484237354,-0.06355958342291654,0.3986175568359109,False,25,10,18,100,53,B,-15,24.049999999999997,12.8,30.5,30.5,Persistence
REAL,"The RealReal, Inc. - Common Stock",Consumer Cyclical,Luxury Goods,United States,その他,11.579999923706055,1.395247872,40.16326113538742,0.15381092585314513,0.09317245095611902,-0.08979225939654643,0.7459417329994443,3.0,1.1325516523116717,65.2631589514399,0.0726989660103945,0.3147928884561051,False,65,39,32,100,38,C,-25,42.55,23.049999999999997,25.200000000000003,42.55,Acceleration
RELY,"Remitly Global, Inc. - Common stock",Technology,Software - Infrastructure,United States,ソフトウェア,23.75,5.000825344,114.5265375,0.29366682410798417,0.33853974170933565,0.4448329151110839,0.6020504578487439,2.0168274863143543,0.13170651115058274,84.83144080845834,0.11239132651584735,0.021828693231339936,True,39,66,97,85,10,D,0,43.0,63.25,76.6,76.6,Persistence
REYN,Reynolds Consumer Products Inc. - Common Stock,Consumer Cyclical,Packaging & Containers,United States,その他,27.18000030517578,5.728657408,34.7872746905899,0.0070365358592692825,-0.016240681576144837,-0.015981137018600995,0.24563289438323033,-0.14363143631436315,0.3411669367909238,86.15380326677061,0.20471137520289462,0.0,True,18,0,21,85,10,D,0,27.25,13.75,34.8,34.8,Persistence
RGTI,"Rigetti Computing, Inc.  - Common stock",Technology,Computer Hardware,United States,その他,17.940000534057617,5.963234816,644.6482649905968,-0.3430954587581094,-0.1014323784143904,-0.08349870248816975,0.291196388261851,-0.25101660591332525,0.010751994527239286,38.05506648449169,-0.11016316676331359,0.6815761362181401,False,0,0,10,85,45,C,-10,7.25,7.25,25.75,25.75,Persistence
RIOT,"Riot Platforms, Inc. - Common Stock",Financial Services,Capital Markets,United States,その他,22.110000610351562,8.36092416,355.4236767615509,0.7188935320635697,0.34195768816936134,0.08298382149237377,0.3792813178156881,,0.22017000244108936,32.37095944139217,-0.09218562745549538,0.22934819802094467,True,66,40,34,85,80,S,-20,50.25,30.75,35.95,50.25,Acceleration
RIVN,"Rivian Automotive, Inc. - Class A Common Stock",Consumer Cyclical,Auto Manufacturers,United States,その他,18.6299991607666,25.0176,605.8582849576474,0.08390342052313883,0.12088407758231845,1.6743063932448734,0.026731019120103953,0.1288064403220161,0.44745694294940797,67.45762372147018,0.193955181008724,0.17015596758815815,True,12,60,22,65,50,B,-10,13.75,49.75,28.35,49.75,Transition
RJET,Republic Airways Holdings Inc. - Common Stock,Industrials,Airlines,United States,その他,21.389999389648438,1.001682432,4.562807719802857,0.13738127544097695,0.03141837520117557,0.07677817962628089,0.2779600357888458,-1.6477611940298507,0.3739547091497284,71.06225289193722,0.09228503387230767,0.15621305452586737,True,26,21,18,100,50,B,-5,34.5,30.75,39.9,39.9,Persistence
RKLB,Rocket Lab Corporation - Common Stock,Industrials,Aerospace & Defense,United States,防衛/宇宙,100.45999908447266,62.769291264,3009.551016872902,0.37959579472460764,0.7834352717995683,0.1592257673131244,0.3442694321525958,-1.7745962770406007,0.10925248593447646,40.75413363083764,-0.060501608086757766,0.3312920059808198,True,24,15,52,40,73,A,-10,21.3,14.55,43.2,43.2,Persistence
RMBS,"Rambus, Inc. - Common Stock",Technology,Semiconductors,United States,半導体,112.91999816894531,12.21082624,437.3374591083527,0.27128905688579724,0.20712096929846438,0.013905227213259659,0.795917357941297,0.6667016838250743,0.016332307973939964,33.19841922233957,-0.16427615064489962,0.33833355358109446,True,66,36,72,65,51,B,0,64.35,41.85,66.05,66.05,Persistence
ROAD,"Construction Partners, Inc. - Common Stock",Industrials,Engineering & Construction,United States,その他,107.91999816894531,6.101229568,77.82542747955323,0.5419556782238393,0.16650656071959416,0.20118247733303424,0.1561299494089653,0.2659782581779462,0.5215366166325394,52.24333137407401,-0.09417189607896267,0.2317767550459203,False,44,34,67,85,80,S,0,53.75,46.25,74.1,74.1,Persistence
ROCK,"Gibraltar Industries, Inc. - Common Stock",Industrials,Building Products & Equipment,United States,その他,43.91999816894531,1.302751488,17.035908489761354,0.10958226780631235,-0.022577884580486304,-0.2467456038493028,0.26877211028435904,-0.23213605061875842,0.04138840114437182,68.25908785256192,0.11788716145273144,0.41110221117402446,False,35,2,25,100,15,D,-5,37.75,13.0,36.75,37.75,Acceleration
ROKU,"Roku, Inc. - Class A Common Stock",Communication Services,Entertainment,United States,その他,142.42999267578125,21.128372224,1185.5452421853638,0.15180366738975778,0.18030062971016345,0.11453097903301228,0.43789615538632004,1.246356533824137,0.1180390225923952,75.92126249364362,0.11741963120638584,0.008561958478165784,True,27,56,64,65,10,D,0,31.0,52.75,53.45,53.45,Persistence
ROP,"Roper Technologies, Inc. - Common Stock",Technology,Software - Application,United States,ソフトウェア,364.20001220703125,36.75410432,488.56156937530517,0.12264177747471304,0.13943475023471139,0.1500428161882423,0.6924391015501423,0.06721584436070459,0.2703907221563467,72.94855958932717,0.07970362136471114,0.3594782740867628,False,19,14,68,40,23,D,0,22.55,18.8,52.00000000000001,52.00000000000001,Persistence
ROST,"Ross Stores, Inc. - Common Stock",Consumer Cyclical,Apparel Retail,United States,その他,213.42999267578125,68.464304128,751.1850007717895,0.07673449738014453,0.036918102673016526,0.08991909371871128,0.2770614559404892,0.348664902338834,0.3352258128747049,22.7735394067129,-0.05067080292687958,0.11118982078087787,True,23,24,38,40,63,B,0,29.55,30.3,43.5,43.5,Persistence
RRR,"Red Rock Resorts, Inc. - Class A Common Stock",Consumer Cyclical,Resorts & Casinos,United States,その他,65.5999984741211,6.646787072,54.79469472545624,0.03737575495961601,0.12466025476687358,0.036242641782056106,0.624004776575293,0.1581462667538018,0.8261299958028093,59.3680009295887,0.1462892254822932,0.02468039859331483,True,14,24,44,85,45,C,-20,7.75,15.25,34.45,34.45,Persistence
RUM,RUM Group Inc. - Class A Common Stock,Communication Services,Internet Content & Information,United States,その他,6.159999847412109,1.698582656,27.905754108753204,0.05376717267339553,0.17939871411854716,1.0557299200869057,-0.06719694994112638,0.1783122814092984,0.005683806440695334,28.703712970081725,-0.18036060654884545,0.38522958423228076,False,12,60,30,100,24,D,-15,11.399999999999999,47.4,31.299999999999997,47.4,Transition
RUN,Sunrun Inc. - Common Stock,Technology,Solar,United States,その他,12.739999771118164,3.039117824,144.94488839597702,0.45113089685084157,-0.0982798134181899,-0.026539336665199174,0.3034490735026109,0.15730347772842287,0.6535357581905404,51.48205582401095,-0.0660645838410789,0.40495096394603264,False,48,85,12,85,55,B,-20,34.25,62.0,18.85,62.0,Transition
RUSHA,"Rush Enterprises, Inc. - Class A Common Stock",Consumer Cyclical,Auto & Truck Dealerships,United States,その他,73.16000366210938,5.685431296,46.14786710998535,-0.04747765013749326,-0.015176988738456817,0.11593808216940522,0.19647910769087978,1.4772148437290553,0.3255883712489866,63.46792574392905,0.0348398921571604,0.037371851731685606,True,12,12,26,85,67,A,0,28.45,28.45,48.949999999999996,48.949999999999996,Persistence
RUSHB,"Rush Enterprises, Inc. - Class B Common Stock",Consumer Cyclical,Auto & Truck Dealerships,United States,その他,75.08000183105469,5.834638848,7.053015372009277,-0.04747765013749326,-0.015176988738456817,0.11593808216940522,0.19647910769087978,1.4772148437290553,0.3255883712489866,67.06378378493977,0.07848075000960489,0.04035134800943491,True,12,12,26,85,52,B,0,26.95,26.95,45.949999999999996,45.949999999999996,Persistence
SAFT,"Safety Insurance Group, Inc. - Common Stock",Financial Services,Insurance - Property & Casualty,United States,その他,77.47000122070312,1.137525632,12.00513873916626,0.13006324922031076,0.19848997673730434,0.17945739248287712,,0.544296262930133,0.02503370957481421,75.1346272248677,0.06723572855881942,0.025250389116600203,True,14,26,67,100,25,D,-25,3.0,12.0,41.849999999999994,41.849999999999994,Persistence
SAIA,"Saia, Inc. - Common Stock",Industrials,Trucking,United States,その他,416.69000244140625,11.084754944,177.3474319390869,0.007856471991608794,0.11370765865456528,0.03201080780227624,0.1597313904830927,1.059440475802155,0.08757448643731654,15.237343173165016,-0.0730771686312237,0.1446196372471559,True,12,25,42,65,63,B,0,25.05,34.8,51.95,51.95,Persistence
SAIC,Science Applications International Corporation - Common Stock,Technology,Information Technology Services,United States,その他,110.95999908447266,4.69103616,71.43549261058807,-0.02901457414092793,0.004701773240193444,-0.03374870197300104,0.12007711374277058,0.259825327510917,0.5014942099364961,45.420991162927244,0.07975344307384219,0.06980366468120303,True,5,12,22,85,72,A,0,23.7,28.95,47.75,47.75,Persistence
SAIL,"SailPoint, Inc. - Common Stock",Technology,Software - Infrastructure,United States,ソフトウェア,15.270000457763672,8.66088448,84.28773027677536,0.24350315861798422,0.23162590841257225,0.554483540169098,0.6447458316844251,1.4313506484846463,0.002379842688989269,57.365687296662436,0.07951817389730823,0.35378751586598517,False,51,48,97,85,58,B,0,56.8,54.55,86.19999999999999,86.19999999999999,Persistence
SANM,Sanmina Corporation - Common Stock,Technology,Electronic Components,United States,半導体,219.77000427246094,11.7791744,354.97141205085757,0.07399969980159422,-0.1529616852645895,0.12821647295792651,0.08813033147310252,1.066911511033281,0.051291417989875,38.93092887301475,-0.08016157748226341,0.22265844891214745,True,30,24,30,65,80,S,0,40.25,35.75,48.75,48.75,Persistence
SBCF,Seacoast Banking Corporation of Florida - Common Stock,Financial Services,Banks - Regional,United States,その他,33.279998779296875,3.236372224,38.69448818069458,0.2662539120176795,-0.09163506006429417,0.31263866300523074,,0.017166283803761912,0.045472888804999785,65.05504283131566,0.07446592042654872,0.03988248119802618,True,29,29,45,85,52,B,-20,19.700000000000003,19.700000000000003,36.4,36.4,Persistence
SBET,"Sharplink, Inc. - Common Stock",Financial Services,Capital Markets,United States,その他,5.309999942779541,1.116494336,58.84324226590633,3.0,-0.2606090586495313,0.41914005595498843,0.9322045981108537,0.23067145862552596,,47.727275190274256,-0.1433273157618153,0.857945430951073,False,73,44,23,100,43,C,-35,39.05,17.299999999999997,11.25,39.05,Acceleration
SBGI,"Sinclair, Inc. - Class A Common Stock",Communication Services,Broadcasting,United States,その他,15.420000076293945,1.112793344,8.776061743421554,-0.1068207440811725,0.13209955328653478,-0.20213849287169042,0.4632376143893973,3.0,0.7596234661287611,58.80217839244469,0.08732110332653062,0.0697127353573487,True,20,12,28,100,72,A,-15,22.200000000000003,16.2,39.800000000000004,39.800000000000004,Persistence
SBUX,Starbucks Corporation - Common Stock,Consumer Cyclical,Restaurants,United States,その他,104.2699966430664,118.83651072,838.5653805027008,0.027869151541621288,0.0055760015121360034,0.11551210376337584,0.22771108314239305,-0.2640366474789789,0.8310977304596857,56.55899507182046,0.024193748391893855,0.023871962732100332,True,18,0,27,25,75,A,-40,0.0,0.0,0.0,0.0,Acceleration
SCSC,"ScanSource, Inc. - Common Stock",Technology,Electronics & Computer Distribution,United States,その他,50.869998931884766,1.033908736,12.011424147796632,-0.06718154345852778,-0.1393745737872457,0.07302854018558415,0.13438721919488558,-0.7133977063664305,0.08238435578733494,58.38585955475339,0.11308524168263026,0.028456869004929383,True,18,0,25,100,45,C,-5,28.0,14.5,42.75,42.75,Persistence
SEIC,SEI Investments Company - Common Stock,Financial Services,Asset Management,United States,その他,91.43000030517578,10.996557824,60.50197410194397,0.08104365289807641,0.10696882424303036,-0.035782358640246266,0.5349526264907736,-0.019058745760255364,0.008761768968085589,61.34162260156957,0.022025449662310813,0.01351942588125977,True,8,12,33,65,55,B,-20,1.25,4.25,25.400000000000006,25.400000000000006,Persistence
SENEA,Seneca Foods Corp. - Class A Common Stock,Consumer Defensive,Packaged Foods,United States,その他,183.97999572753906,1.246840192,33.43928412345886,0.05116768964466741,0.08246520814779622,-0.03362303823097594,0.1393128172684411,-0.3958658843252305,0.22630429939138838,73.55372208359778,0.23769900324733934,0.0,True,3,19,25,100,10,D,-25,0.0,5.25,15.75,15.75,Persistence
SEZL,Sezzle Inc. - Common Stock,Financial Services,Credit Services,United States,その他,183.24000549316406,6.161815552,125.12085675086975,0.6607617066477826,0.7013898850812565,0.26906277250392074,0.7006145078939946,0.6040066881347536,0.3518360738477222,83.34355074412548,0.5504296169213098,0.0,True,49,48,83,85,10,D,-20,30.5,29.75,48.900000000000006,48.900000000000006,Persistence
SFD,"Smithfield Foods, Inc. - Common Stock",Consumer Defensive,Packaged Foods,United States,その他,24.579999923706055,9.671670784,31.116559303417205,0.09821807382265592,-0.03401639344262295,-0.0962405086733749,0.13450518318202306,-0.08767471410419314,0.1967643918863431,31.343285706558717,-0.05273229148705862,0.15887911283310907,True,30,12,25,85,80,S,-20,23.25,9.75,31.0,31.0,Persistence
SFM,"Sprouts Farmers Market, Inc. - Common Stock",Consumer Defensive,Grocery Stores,United States,その他,89.94000244140625,8.45834496,205.83039378723146,0.14079908903539057,0.12898295605453783,0.06763677654572615,0.38795449866394643,0.12750006629077787,0.4673017607400865,53.5000004401575,0.0888461930611551,0.4697246499749315,True,41,26,46,85,60,B,-20,29.5,18.25,38.55,38.55,Persistence
SFNC,Simmons First National Corporation - Common Stock,Financial Services,Banks - Regional,United States,その他,22.84000015258789,3.313266432,38.678969258403775,-0.8768810226155359,-0.024048519279120203,-0.10694758204125288,,0.0813506302327721,0.025262626107453293,62.1333984878426,0.06382314888527774,0.016365166752957357,True,2,12,30,85,40,C,-20,0.0,5.75,25.75,25.75,Persistence
SHLS,"Shoals Technologies Group, Inc. - Class A Common Stock",Technology,Solar,United States,その他,9.949999809265137,1.669329664,59.31921236289024,0.19068505641169517,-0.1835218708264221,0.49550070349299563,0.35029905476394346,-1.2219042989096465,0.19401704013157822,50.479228943679296,0.023251968398540806,0.22083011334459918,True,27,14,22,100,100,S,-5,40.25,30.5,52.1,52.1,Persistence
SHOO,"Steven Madden, Ltd. - Common Stock",Consumer Cyclical,Footwear & Accessories,United States,その他,39.91999816894531,2.91757056,50.11935810111999,0.11002629519034117,0.15207293970171307,-0.0661764394024719,0.41413727665226713,-0.30574091819844934,0.25395384262570153,26.44041638289788,-0.031477125760214615,0.13499465115813875,True,9,2,25,100,73,A,0,29.05,23.8,53.35,53.35,Persistence
SIGI,"Selective Insurance Group, Inc. - Common Stock",Financial Services,Insurance - Property & Casualty,United States,その他,100.1500015258789,5.995932672,67.02588927120209,0.09783938814924857,0.14865884377714997,0.1894517362537793,,0.11711119300930334,0.059507142852429876,83.17227865091236,0.13112742336621036,0.0,True,2,24,50,85,10,D,-20,0.0,11.75,30.75,30.75,Persistence
SIRI,SiriusXM Holdings Inc. - Common Stock,Communication Services,Entertainment,United States,その他,30.510000228881836,10.27027456,204.59334933483123,-0.016208759627543395,-0.028370378644029935,-0.005553704320781961,0.4704370179948586,0.22902270483711748,0.3563534897382237,86.49998354912589,0.10325871243610614,0.0,True,31,47,34,65,10,D,0,34.0,46.0,36.95,46.0,Transition
SITM,SiTime Corporation - Common Stock,Technology,Semiconductors,United States,半導体,601.6599731445312,18.023036928,414.08645991699217,0.6115680054465532,0.40768648475967584,-0.4922762292625306,0.5356823608645075,3.0,0.002788292877340602,37.01854046497662,-0.12466978864555284,0.33258642878383043,True,78,83,46,65,51,B,0,73.35,77.1,51.75,77.1,Transition
SKWD,"Skyward Specialty Insurance Group, Inc. - Common Stock",Financial Services,Insurance - Property & Casualty,United States,その他,61.41999816894531,2.490155008,40.06856420547486,0.23660684722866035,0.2817424109590877,0.4069704040665928,,0.3314522534738493,0.025038335908538076,80.51724232429096,0.27410994466269806,0.0,True,14,29,85,100,10,D,-20,6.5,17.75,53.75,53.75,Persistence
SKYT,"SkyWater Technology, Inc. - Common Stock",Technology,Semiconductors,United States,半導体,34.2400016784668,1.684765568,26.83560131549835,0.2917880380636283,0.1938977682589071,0.3462978007992824,0.19660785409113424,-8.801666666666666,0.3411099771496934,42.292504272685946,-0.030566552950787338,0.1420696113912156,True,27,40,61,100,100,S,-15,30.25,40.0,63.55000000000001,63.55000000000001,Persistence
SKYW,"SkyWest, Inc. - Common Stock",Industrials,Airlines,United States,その他,96.87999725341797,3.842287872,45.966652296829224,0.15031009773464252,0.20184013801035078,-0.02312636754661098,0.2337520409284703,-0.21192933126108662,0.33495039227624196,75.84715462538394,0.10485893506527798,0.2169415106891689,True,5,14,29,85,35,C,0,20.0,26.75,44.2,44.2,Persistence
SLAB,"Silicon Laboratories, Inc. - Common Stock",Technology,Semiconductors,United States,半導体,218.22000122070312,7.197293568,129.46883562423707,0.3428863798927421,-0.25294979405771495,-0.236155241742554,0.5823190156531135,3.0,,45.781681874976336,0.0020268325533168343,0.009621472054199796,True,62,73,28,85,75,A,0,66.75,75.0,51.650000000000006,75.0,Transition
SLDE,"Slide Insurance Holdings, Inc. - Common Stock",Financial Services,Insurance - Property & Casualty,United States,その他,21.25,2.434384128,28.2625,0.36499987010134455,0.8073847992657888,0.9326244060190074,,0.46115837130699266,0.014848901734302108,81.55199063918556,0.17118606603445313,0.0,True,19,32,75,100,10,D,-20,10.25,20.0,48.25,48.25,Persistence
SLM,SLM Corporation - Common Stock,Financial Services,Credit Services,United States,その他,25.600000381469727,4.8279808,81.66604921691895,0.07319596549579514,0.021953442408760376,-0.007727242065592165,,,0.19702988220885997,79.93080087183642,0.1275512389261519,0.23985306748997864,True,30,12,10,85,35,C,-30,8.75,0.0,3.75,8.75,Acceleration
SMCI,"Super Micro Computer, Inc. - Common Stock",Technology,Computer Hardware,United States,その他,27.219999313354492,17.607882752,2052.716493618641,0.4658532304249225,1.1042028322665798,0.370928844889214,0.11059154174200105,1.587035499651183,0.34089711479082285,39.784946236559136,-0.18650593661367312,0.5516389437680563,False,26,33,64,65,33,D,0,32.55,37.8,58.050000000000004,58.050000000000004,Persistence
SMPL,The Simply Good Foods Company - Common Stock,Consumer Defensive,Packaged Foods,United States,その他,13.729999542236328,1.271058176,30.750942674751283,0.08983483322204036,0.07133740842313982,0.06331427476173933,0.36235423041932013,-0.25531111546568147,0.12705395766773997,62.41456849281887,0.11435756679610093,0.5967694610902551,False,34,0,41,100,15,D,-25,17.0,0.0,25.549999999999997,25.549999999999997,Persistence
SMTC,Semtech Corporation - Common Stock,Technology,Semiconductors,United States,半導体,135.27000427246094,12.600558592,625.3038562000274,0.15472342615697793,0.04665165673294519,0.1483411827375673,0.516339912855068,2.7767043508050704,0.3526086318376388,39.16539110922148,-0.04767869566483264,0.22583410072652377,True,46,39,54,65,90,S,0,53.25,48.0,63.95,63.95,Persistence
SNDK,Sandisk Corporation - Common Stock When-Issued,Technology,Computer Hardware,United States,その他,1745.0,258.416623616,20988.6157,0.10385712141677923,0.09480775550443642,,0.3007477906186268,0.7473684210526316,0.15725837504813245,47.27723873943231,0.08354619581108347,0.25267665952890794,True,28,36,14,25,68,A,0,31.55,37.55,27.550000000000004,37.55,Transition
SNEX,StoneX Group Inc. - Common Stock,Financial Services,Capital Markets,United States,その他,120.55000305175781,9.553768448,142.45152760620118,0.3252689517638791,0.6413769531731413,-0.07844054758010782,0.019510765367711604,3.0,0.40908809755235487,41.40638911845415,0.0243899399203089,0.1327961454898866,True,26,32,30,85,100,S,-20,22.25,26.75,37.75,37.75,Persistence
SNPS,"Synopsys, Inc. - Common Stock",Technology,Software - Infrastructure,United States,ソフトウェア,437.1600036621094,83.707101184,936.5562912455749,0.15124466416295496,0.15220381142283568,0.15215414126611831,0.7698457566565516,0.06439694870886584,0.29639352526926116,38.974045071096384,-0.0951305164248169,0.3226001081580651,False,22,14,86,40,53,B,0,27.8,21.8,67.9,67.9,Persistence
SOFI,"SoFi Technologies, Inc.  - Common Stock",Financial Services,Credit Services,United States,その他,18.239999771118164,23.397199872,1524.038803275833,0.383185662520451,0.2391250418007651,0.33979542876389784,,-2.111656786845189,0.03818805262753344,66.0531686174412,0.08092090700993286,0.43371622820346345,False,32,8,65,65,30,D,-30,6.75,0.0,28.0,28.0,Persistence
SONO,"Sonos, Inc. - Common Stock",Technology,Consumer Electronics,United States,その他,13.619999885559082,1.62253248,29.74287905008793,-0.04926036984142877,-0.08288692678771549,-0.055400904849298306,0.43687416682602637,-0.19654089217950527,0.07242146638195117,20.26145624132812,-0.08195042490061216,0.28914405041612257,False,22,0,29,100,36,C,-5,30.1,13.600000000000001,43.150000000000006,43.150000000000006,Persistence
SOUN,"SoundHound AI, Inc. - Class A Common Stock",Technology,Software - Application,United States,ソフトウェア,6.550000190734863,2.834641152,166.84740160856722,0.9944977743142881,0.8462494277679681,0.47364194159786693,0.4235792090930618,0.05838309684252817,0.006122007111583861,41.31273910914239,-0.16681505125157528,0.6939252192760221,False,68,70,59,100,43,C,-10,60.3,61.8,56.05,61.8,Transition
SPSC,"SPS Commerce, Inc. - Common Stock",Technology,Software - Application,United States,ソフトウェア,59.06999969482422,2.168435712,49.12586059619903,0.1783415521391108,0.187843400197426,0.19081785417244249,0.6917798284775217,0.10858232861552798,0.006147749429632118,66.58672376612478,0.06987611043069109,0.5854736863521107,False,19,26,87,100,30,D,0,32.25,37.5,78.85,78.85,Persistence
SRCE,1st Source Corporation - Common Stock,Financial Services,Banks - Regional,United States,その他,82.08999633789062,1.975815296,12.91686092376709,0.12051435715687997,0.04834944620467409,0.04098598656446716,,0.17383710038239863,0.022137606057025357,67.69101695323381,0.0894442685017145,0.014644115429784658,True,37,26,42,100,40,C,-25,21.75,13.5,31.1,31.1,Persistence
SSNC,"SS&C Technologies Holdings, Inc. - Common Stock",Technology,Software - Application,United States,ソフトウェア,65.5199966430664,15.779444736,145.3449741532135,0.06633798027881672,0.06891037290106855,0.04160514858981639,0.4817448423200791,0.2729278841910142,0.3691922922792431,42.105261729918446,-0.025107399461875082,0.2678094785004474,False,13,24,46,65,73,A,0,26.8,35.05,56.15,56.15,Persistence
STBA,"S&T Bancorp, Inc. - Common Stock",Financial Services,Banks - Regional,United States,その他,49.130001068115234,1.767544576,14.194148608589172,0.0474876852423487,-0.056853303196324596,0.08819330449521712,,-0.24398730277942393,0.026876054859801154,64.78457704138981,0.07912795972835539,0.01582526301696715,True,18,12,25,100,40,C,-25,7.5,3.0,21.75,21.75,Persistence
STEP,StepStone Group Inc. - Class A Common Stock,Financial Services,Asset Management,United States,その他,41.130001068115234,5.183865344,70.91141224151612,0.6969289173752798,0.6508977264902738,3.0,0.4544249782930704,0.06740990840409172,0.19302299583805407,48.42394206279818,-0.1465717721369318,0.4471613727319583,False,46,22,76,85,43,C,-20,31.549999999999997,13.549999999999997,51.650000000000006,51.650000000000006,Persistence
STGW,Stagwell Inc. - Class A Common Stock,Communication Services,Advertising Agencies,United States,その他,7.400000095367432,1.834122368,11.284408145427705,0.023857390638374554,0.12426474283360445,-0.05975722823789936,0.3654321072533517,1.0235445060943356,0.38101271619464677,66.79999664306769,0.11121123206829249,0.023746679439360277,True,16,24,30,100,25,D,-5,24.5,30.5,41.5,41.5,Persistence
STLD,"Steel Dynamics, Inc. - Common Stock",Basic Materials,Steel,United States,その他,220.38999938964844,31.78305536,308.1393795966339,0.03627006012979187,-0.06676801815941802,-0.1556755394039758,0.13160797401887628,3.0,0.2564689051863058,17.612603248388382,-0.09987425742042252,0.218808095266014,True,42,25,26,40,63,B,0,43.8,31.05,36.900000000000006,43.8,Acceleration
STRA,"Strategic Education, Inc. - Common Stock",Consumer Defensive,Education & Training Services,United States,その他,80.9800033569336,1.8407072,23.37285346889496,0.039584238439910484,0.07679773753579235,0.06329917032698877,0.4897486240557632,0.19568780048310305,0.05352899624240878,53.05572060474021,0.0384961154755607,0.04762643508196674,True,13,24,50,100,87,S,-5,28.450000000000003,36.7,64.9,64.9,Persistence
STRL,"Sterling Infrastructure, Inc. - Common Stock",Industrials,Engineering & Construction,United States,その他,700.75,21.503182848,648.26732875,0.1769074505755862,0.0727740034245516,0.11460883580982867,0.22984045695486313,-0.1284969362008891,0.13285362652349372,35.69648959709565,-0.09795971049896814,0.294835664372602,True,26,21,45,65,63,B,0,35.55,31.8,53.6,53.6,Persistence
SWKS,"Skyworks Solutions, Inc. - Common Stock",Technology,Semiconductors,United States,半導体,62.560001373291016,9.40939776,358.22701346364977,-0.02180469123982767,-0.12454949291760958,-0.1299972655181843,0.41158335168465093,-0.34460282651072127,0.15196412782619678,33.602067833185245,-0.11557144454595149,0.25005990474140083,False,34,0,29,85,53,B,0,43.55,18.05,47.800000000000004,47.800000000000004,Persistence
SYBT,"Stock Yards Bancorp, Inc. - Common Stock",Financial Services,Banks - Regional,United States,その他,78.1500015258789,2.306611968,19.261630876083373,0.1288495195706851,0.036046124148531526,0.06666730711344233,,0.15775071417831904,0.03427031779368641,66.12783391927469,0.08097584800124855,0.04131625225906504,True,25,26,42,100,52,B,-20,18.950000000000003,19.700000000000003,38.5,38.5,Persistence
SYM,Symbotic Inc. - Class A Common Stock,Industrials,Specialty Industrial Machinery,United States,その他,42.7400016784668,25.799309312,95.28819264211654,0.25654199048305565,0.5194091891262658,0.9835954775902055,0.18808396553151377,3.0,,49.71997469529311,-0.12798464341235105,0.5104238237754997,False,24,30,58,65,43,C,0,32.05,36.55,56.75000000000001,56.75000000000001,Persistence
SYNA,Synaptics Incorporated - Common Stock,Technology,Semiconductors,United States,半導体,119.5199966430664,4.668770816,171.2697647895813,0.11976235146966854,-0.29200796989152095,-0.2210725987239179,0.4471749045890347,3.0,0.3405819532580096,37.05844930559738,-0.03137498521794531,0.19007934735359236,True,39,27,30,85,90,S,0,51.0,42.0,55.75,55.75,Persistence
TBBK,"The Bancorp, Inc. - Common Stock",Financial Services,Banks - Regional,United States,その他,63.88999938964844,2.66002432,28.96612847328186,0.31619900702190723,0.1723329811069263,0.2866434994527874,,0.2584849588175672,0.023883217454296612,76.00281444677758,0.1164427501373957,0.20475476348116164,True,37,32,85,100,35,C,-20,26.25,22.5,58.75,58.75,Persistence
TBLA,Taboola.com Ltd. - Ordinary Shares,Communication Services,Internet Content & Information,United States,その他,5.139999866485596,1.404887168,19.785632786056997,0.08256049642739863,0.2268100313610269,0.027502408735681404,0.297854647392314,0.09565881911299405,0.12056485151620752,59.447000760302544,0.1042839087915724,0.020952406383696057,True,2,47,50,100,45,C,-5,16.0,49.75,56.5,56.5,Persistence
TCBI,"Texas Capital Bancshares, Inc. - Common Stock",Financial Services,Banks - Regional,United States,その他,103.94999694824219,4.53959424,64.29982986228943,0.3469023302507867,-0.13313845484416229,0.10113118767026939,,-0.16294398273798485,0.02918728607113559,64.79801899739732,0.036624379212105755,0.019154617327709265,True,32,20,33,85,55,B,-20,22.25,13.25,30.400000000000006,30.400000000000006,Persistence
TCBK,TriCo Bancshares - Common Stock,Financial Services,Banks - Regional,United States,その他,54.540000915527344,1.753495552,10.910727183151245,0.058076514483116966,-0.054403716585994695,0.021392778974408663,,0.2166524013314313,0.008168243270278352,65.35628090071936,0.07243408388423794,0.0076418882085456715,True,23,24,30,100,40,C,-25,11.25,12.0,24.5,24.5,Persistence
TENB,"Tenable Holdings, Inc. - Common Stock",Technology,Software - Infrastructure,United States,ソフトウェア,38.599998474121094,4.256498176,122.93327514038086,0.11042409010456422,0.12684328479673473,0.16908741479322767,0.7809326549296831,0.20986758746094847,0.23727746761825907,87.62026605253051,0.506705948095742,0.0,True,25,32,75,85,10,D,0,32.5,37.75,64.5,64.5,Persistence
TER,"Teradyne, Inc. - Common Stock",Technology,Semiconductor Equipment & Materials,United States,半導体,369.0899963378906,57.778143232,2109.236756622162,0.13126232321942777,0.05364948148524566,-0.1517401495065839,0.582235431457569,-0.04993872355146062,0.06770223436806444,48.494558339736415,-0.04036616614141066,0.23716518036649478,True,46,14,33,40,100,S,0,50.5,26.5,48.150000000000006,50.5,Acceleration
TFSL,TFS Financial Corporation - Common Stock,Financial Services,Banks - Regional,United States,その他,17.84000015258789,5.002909184,17.33628774827957,0.060410344372608525,-0.006019751078702671,0.047376373626373626,,-0.1703376356154134,0.2807320284531971,71.48760460852884,0.1308241342336616,0.0011198464210622544,True,18,12,21,85,10,D,-20,7.25,2.75,14.799999999999997,14.799999999999997,Persistence
TH,Target Hospitality Corp. - Common Stock,Industrials,Specialty Business Services,United States,その他,18.469999313354492,1.839343488,27.708877669887542,-0.1699243020462265,-0.3146442208059502,0.1227586481667779,0.1330453631075834,-0.9481022144262997,0.020173329183994868,56.89654151835395,0.05884102749910672,0.09990258765484426,True,18,0,25,100,85,S,-5,32.0,18.5,50.75,50.75,Persistence
THRM,Gentherm Inc - Common Stock,Consumer Cyclical,Auto Parts,United States,その他,33.880001068115234,1.03899744,13.711236432266235,0.029171966123764183,-0.008816426107294653,0.2194983464159063,0.24167590861349444,0.6925686180286627,0.17675370534413135,32.59491932694692,0.019787764007831662,0.13239432189383263,True,27,12,30,100,90,S,-5,39.25,28.0,54.5,54.5,Persistence
TILE,"Interface, Inc. - Common Stock",Consumer Cyclical,"Furnishings, Fixtures & Appliances",United States,その他,35.66999816894531,2.070864256,22.765662931365966,0.05411436710756139,0.04293308431721651,-0.028061073148632543,0.3874813066119433,0.061687688630693814,0.2192517003419747,78.28346614494455,0.184317035149412,0.007512533892058074,True,36,24,34,100,10,D,0,43.0,34.0,45.7,45.7,Persistence
TLN,Talen Energy Corporation - Common Stock,Utilities,Utilities - Independent Power Producers,United States,電力/エネルギー,364.6700134277344,17.429405696,378.0935166220093,0.26676314520019295,-0.14054726368159204,0.3588732394366197,0.3811881188118812,3.0,0.6245758826226502,55.0598500620532,-0.02792820384662356,0.18206079216060198,False,43,17,39,65,90,S,-10,41.0,21.5,45.7,45.7,Persistence
TMUS,"T-Mobile US, Inc. - Common Stock",Communication Services,Telecom Services,United States,その他,177.52000427246094,192.112984064,1156.9218330442047,0.08487714987714988,0.03617709208482904,-0.012730768747407976,0.6288713494660794,0.5454818673612503,0.5577023951249105,41.346959332304415,-0.046247823117481365,0.3017059538251267,False,51,12,34,25,73,A,0,49.3,20.05,39.550000000000004,49.3,Acceleration
TOWN,Towne Bank - Common Stock,Financial Services,Banks - Regional,United States,その他,36.45000076293945,3.327814144,25.406015031776427,0.2046722530247398,-0.0033655923269679425,0.011661246896744642,,1.6102403472641846,0.017083160189077844,66.82147031361205,0.05532659381391568,0.006541233926207387,True,39,29,30,85,40,C,-20,26.0,18.5,25.75,26.0,Acceleration
TPG,TPG Inc. - Class A Common Stock,Financial Services,Asset Management,United States,その他,41.43000030517578,15.922061312,106.59876933521271,0.2703070070802288,0.3954778973967287,0.2254890655272615,,0.9911966905746853,0.1341992679872837,44.976082085976735,-0.01768604085152203,0.38951663746708304,False,18,29,85,65,73,A,-20,10.55,18.799999999999997,57.60000000000001,57.60000000000001,Persistence
TRIN,Trinity Capital Inc. - Common Stock,Financial Services,Asset Management,United States,その他,17.790000915527344,1.599101312,19.38265074748993,0.16593159880109862,0.40901317532577014,3.0,,-0.6899936658798912,0.5209040462157867,79.86589638588455,0.06638010115654346,0.006145179069672037,True,5,14,40,100,25,D,-35,0.0,0.0,17.0,17.0,Persistence
TRIP,"TripAdvisor, Inc. - Common Stock",Consumer Cyclical,Travel Services,United States,その他,14.289999961853027,1.662801024,63.37679288081646,0.030517711171662125,0.026286353467561523,0.19839142091152814,0.923320994182972,1.3285714285714285,0.4765714285714286,73.79999660492008,0.24516399225382188,0.2533960074428453,True,45,24,49,100,18,D,-5,45.55,29.799999999999997,50.550000000000004,50.550000000000004,Persistence
TRMB,Trimble Inc. - Common Stock,Technology,Scientific & Technical Instruments,United States,その他,53.040000915527344,12.364234752,185.067171194458,-0.02606358428583064,-0.030378813804722668,0.033294344857601396,0.6907423410364341,-0.2750100441944556,0.14950601374570446,70.65217842001057,-0.06554238551866659,0.37775689529819306,False,33,7,37,65,28,D,0,37.3,17.8,42.2,42.2,Persistence
TRMK,Trustmark Corporation - Common Stock,Financial Services,Banks - Regional,United States,その他,46.380001068115234,2.718125312,23.42027723936081,0.5073409461663948,-0.2285324706121481,0.1010464398478923,,1.5320451869962872,0.02634211053181917,57.01881842713104,0.03684166805152543,0.015077491657931909,True,48,34,38,100,75,A,-20,38.5,28.0,40.900000000000006,40.900000000000006,Persistence
TROW,"T. Rowe Price Group, Inc. - Common Stock",Financial Services,Asset Management,United States,その他,118.55000305175781,25.401307136,278.32932616485596,0.031183038231645428,0.09799551118334494,-0.00429998150545589,0.5127002788866408,0.17192204088100144,0.03118158111255212,77.39740017663789,0.13555684195501103,0.0,True,10,12,38,65,10,D,-20,0.0,0.0,19.150000000000006,19.150000000000006,Persistence
TRS,TriMas Corporation - Common Stock,Consumer Cyclical,Packaging & Containers,United States,その他,42.0099983215332,1.505120896,24.053244638977052,0.023652504755865566,-0.03273786705512535,-0.26213185793648097,0.21396270829461686,3.0,0.34010289007999567,55.11891039372229,0.03636848564247816,0.06706641216148902,True,42,24,26,100,87,S,-5,50.2,36.7,51.7,51.7,Persistence
TRUP,"Trupanion, Inc. - Common Stock",Financial Services,Insurance - Property & Casualty,United States,その他,26.90999984741211,1.173826944,10.806114088726044,0.11948581455474284,0.15973137411431484,0.22473566001862616,0.16050176995146964,0.9537735604469679,0.12216243153334704,74.52574714853858,0.1304442757641273,0.493506506560913,False,14,49,67,100,0,D,-25,0.5,26.75,36.85,36.85,Persistence
TSCO,Tractor Supply Company - Common Stock,Consumer Cyclical,Specialty Retail,United States,その他,31.760000228881836,16.656519168,426.5612582740593,0.04305617510068882,0.022499026329198906,0.02471179116064051,0.3642418993089817,0.16285011652229628,0.5435402850220863,54.41696720366805,0.006188820808915172,0.48441368413732194,False,24,12,38,65,65,A,0,34.25,25.25,50.150000000000006,50.150000000000006,Persistence
TSLA,"Tesla, Inc.  - Common Stock",Consumer Cyclical,Auto Manufacturers,United States,その他,393.45001220703125,1477.689606144,19458.324128956603,-0.029306991503736307,0.009475783534663594,0.18795266504627925,0.18026511436616155,0.7369449874336778,0.10680957287781374,48.06649108354222,-0.03191276807759256,0.19684410817879558,False,9,12,30,10,90,S,0,17.25,19.5,37.0,37.0,Persistence
TTAN,"ServiceTitan, Inc. - Class A Common Stock",Technology,Software - Application,United States,ソフトウェア,78.30999755859375,7.470583808,170.70209042816163,0.2449700600353942,0.2564325024701265,0.31344097286064304,0.7011067000359014,3.0,0.02943972603760221,65.59305826880602,0.19304431982820566,0.3453436234699355,False,39,49,97,85,23,D,0,44.3,51.8,79.19999999999999,79.19999999999999,Persistence
TTD,"The Trade Desk, Inc. - Class A Common Stock",Communication Services,Advertising Agencies,United States,その他,19.100000381469727,8.979069952,418.7446838632679,0.18465611733489964,0.25625912071198076,0.23344287439115982,0.7862547319254604,0.23808575033918727,0.07091084017798811,51.655635203839964,-0.090380881655457,0.787210339495299,False,28,26,100,85,55,B,0,39.25,37.75,87.25,87.25,Persistence
TTEK,"Tetra Tech, Inc. - Common Stock",Industrials,Engineering & Construction,United States,その他,29.899999618530273,7.759788544,114.91601403388023,0.0469178804846385,0.14950171916286167,0.2906643972913613,0.1766335513055365,0.2891568033872327,0.2305270640567151,65.66454464189248,0.0377426612635751,0.2952814884591085,False,5,12,57,85,53,B,0,21.8,27.05,63.2,63.2,Persistence
TTMI,"TTM Technologies, Inc. - Common Stock",Technology,Electronic Components,United States,半導体,155.97999572753906,16.198531072,465.95124223709104,0.18978259365560088,0.09414543886028952,-0.10520006444770959,0.20702497466749473,-1.0133515785358225,0.26779280223501567,36.539949850266325,-0.10935957518419806,0.2957059878637957,True,38,14,6,65,63,B,0,44.55,26.55,32.150000000000006,44.55,Acceleration
TTWO,"Take-Two Interactive Software, Inc. - Common Stock",Communication Services,Electronic Gaming & Multimedia,United States,ソフトウェア,254.99000549316406,47.343140864,775.7344195613861,0.18155353592729337,0.05308808135187677,-5.607581450120563e-05,0.5723363980530016,3.0,0.3152762383834939,84.84651498915008,0.1268513348761686,0.027831799969260194,True,65,59,34,40,10,D,0,55.75,51.25,30.700000000000003,55.75,Acceleration
TW,Tradeweb Markets Inc. - Class A Common Stock,Financial Services,Capital Markets,United States,その他,102.79000091552734,22.41089536,182.24667162323,0.18915970286491662,0.28973583546489773,0.12570692162812158,0.6731526401156873,0.3160957481529834,0.01699334896869269,56.39123224364657,-0.01792554842460893,0.2942734750385133,False,22,26,89,65,73,A,-20,13.549999999999997,16.549999999999997,59.80000000000001,59.80000000000001,Persistence
TXN,Texas Instruments Incorporated - Common Stock,Technology,Semiconductors,United States,半導体,293.0799865722656,266.729979904,3119.68405546875,0.13049037785307846,-0.10719789942348308,-0.12527461553824645,0.5702409229725144,0.7376502002670227,0.40618765360705505,48.57101572785252,-0.008456172317260596,0.11797283119971426,True,52,26,30,25,100,S,0,52.75,33.25,42.75,52.75,Acceleration
TXRH,"Texas Roadhouse, Inc. - Common Stock",Consumer Cyclical,Restaurants,United States,その他,194.27999877929688,12.769949696,249.11649983474732,0.09393482479772328,0.16012791924816783,0.15361530332243314,0.1593309033994973,-0.1583243172847669,0.27441349023178657,85.49678053559792,0.12127913210551491,0.011750331154304633,True,0,0,41,65,10,D,-20,0.0,0.0,20.799999999999997,20.799999999999997,Persistence
UCTT,"Ultra Clean Holdings, Inc. - Common Stock",Technology,Semiconductor Equipment & Materials,United States,半導体,106.4800033569336,4.773098496,160.39881505680086,-0.020785659801678107,0.20933986739694435,-0.26946889609569136,0.15720545277507303,3.0,0.37807981492192017,50.71447189720965,0.13788161772423563,0.2532435227460727,True,12,12,26,85,53,B,0,27.05,27.05,46.15,46.15,Persistence
UFPI,"UFP Industries, Inc. - Common Stock",Basic Materials,Lumber & Wood Production,United States,その他,89.19000244140625,5.037472256,48.935878639526365,-0.04990237224398326,-0.07842129207867024,-0.25017350112016123,0.16773614976275814,-0.32643914042754396,0.0887023343648464,61.751613083454515,0.04618758397344179,0.22588564033673142,False,30,0,25,85,70,A,0,42.25,19.75,49.0,49.0,Persistence
ULCC,"Frontier Group Holdings, Inc. - Common Stock",Industrials,Airlines,United States,その他,7.579999923706055,1.741803136,32.53673277251244,-0.013509933774834438,0.051825020897185846,0.07907396271797955,0.0037593984962406013,-2.949367088607595,0.7566481994459834,71.14845489407871,0.3551443540509371,0.05955340830285855,True,0,0,0,100,22,D,-25,0.0,0.0,4.399999999999999,4.399999999999999,Persistence
ULTA,"Ulta Beauty, Inc. - Common Stock",Consumer Cyclical,Specialty Retail,United States,その他,461.3299865722656,19.83225856,393.2215340046692,0.09713169330434519,0.007883341781693597,0.097831725861971,,0.10766408026991735,0.31175444266235997,44.217052508372625,-0.0707905829809975,0.3473161741435351,False,20,12,38,65,63,B,0,31.05,25.05,49.75000000000001,49.75000000000001,Persistence
UMBF,UMB Financial Corporation - Common Stock,Financial Services,Banks - Regional,United States,その他,143.8000030517578,10.925741056,115.10974544288635,0.6565526691640903,0.10630054581752332,-0.024668318332014157,,3.0,0.0034776409419694536,69.71709154632318,0.0943187772695605,0.01270161978888498,True,60,34,38,65,40,C,-20,38.75,19.25,25.150000000000006,38.75,Acceleration
UPBD,"Upbound Group, Inc. - Common Stock",Technology,Software - Application,United States,ソフトウェア,19.889999389648438,1.159462272,21.882181728515626,0.08667780410150157,0.08219365080716849,-0.05958907917101648,0.48385079554876925,3.0,0.5667387344818398,61.0451837871556,0.07690980814367186,0.2114647878292568,True,50,12,30,100,65,A,-5,54.0,25.5,49.5,54.0,Acceleration
UPST,"Upstart Holdings, Inc. - Common stock",Financial Services,Credit Services,United States,その他,34.779998779296875,3.328848128,160.13459207962035,0.6283868238676662,0.2375723009767397,-0.39347903934300993,,-1.94210648686352,0.6219883320083165,61.065861223051485,0.10902778460561291,0.5865921797841986,False,48,45,8,85,15,D,-40,10.25,8.0,0.0,10.25,Acceleration
UPWK,Upwork Inc. - Common Stock,Communication Services,Internet Content & Information,United States,その他,9.15999984741211,1.131426048,30.354315894355775,0.02399376076430637,0.11636164704789766,0.1145332983998525,0.77817269708448,0.603806812872433,0.28559149879191736,62.68116367687283,0.01662558356785304,0.5857078428517303,False,30,26,53,100,45,C,-5,37.0,34.0,58.150000000000006,58.150000000000006,Persistence
URBN,"Urban Outfitters, Inc. - Common Stock",Consumer Cyclical,Apparel Retail,United States,その他,70.72000122070312,6.056113152,84.86081906478881,0.11074526912626341,0.07712220493643122,0.07465584650124164,0.3597109081425042,-0.016333960962114327,0.2447405580263491,34.766701346801455,-0.017518499869303622,0.14486089685150466,True,39,14,41,85,90,S,0,51.0,32.25,61.8,61.8,Persistence
UVSP,Univest Financial Corporation - Common Stock,Financial Services,Banks - Regional,United States,その他,44.130001068115234,1.228835328,11.117891819095611,0.09635224329517922,0.008099157404631074,0.0021574572391299942,,0.34617093969611956,0.03880549922560392,63.75488275907345,0.10152922764672602,0.02259137150148338,True,35,24,42,100,25,D,-25,18.75,10.5,28.1,28.1,Persistence
VC,Visteon Corporation - Common Stock,Consumer Cyclical,Auto Parts,United States,その他,102.44999694824219,2.734802176,77.87941418014526,-0.025349198137609934,-0.02225594334850784,0.052715654952076675,0.14118895966029724,-0.04482758620689655,0.12728883638511518,34.5288285929509,-0.09250676563438937,0.19900779111241146,False,0,0,25,100,70,A,0,22.0,22.0,52.75,52.75,Persistence
VCTR,"Victory Capital Holdings, Inc. - Common Stock",Financial Services,Asset Management,United States,その他,87.73999786376953,5.486478848,44.57191891479492,0.4618518439758382,0.0882418139210843,-0.03950865699578849,0.5444698885486984,0.12585436712616732,0.22835410854903068,53.82830246543432,0.049016340386760275,0.009930093156608944,True,54,32,53,85,75,A,-20,40.75,24.25,45.400000000000006,45.400000000000006,Persistence
VECO,Veeco Instruments Inc. - Common Stock,Technology,Semiconductor Equipment & Materials,United States,半導体,57.4900016784668,3.508815104,121.15184248712539,-0.07389784762603147,0.07632552311928395,0.03141439044660807,0.39953544665464386,0.16609776377401428,0.19762482133361492,39.53557449553919,-0.07366226917744217,0.307683031736131,True,6,12,34,85,63,B,0,23.55,28.05,52.550000000000004,52.550000000000004,Persistence
VERX,"Vertex, Inc. - Class A Common Stock",Technology,Software - Application,United States,ソフトウェア,12.850000381469727,2.079347584,23.480548697052,0.12248191296627353,0.16490416449010897,0.16427798480139294,0.6434696517040687,-0.38759201111854635,0.2760169494859679,57.613176718806756,0.015585512653029711,0.6469780262966773,False,17,37,70,100,65,A,0,34.25,49.25,76.5,76.5,Persistence
VIAV,Viavi Solutions Inc. - Common Stock,Technology,Communication Equipment,United States,通信/光通信,41.65999984741211,10.276924416,396.64423364721296,0.08386645341863255,-0.0955609800198897,-0.14415041782729804,0.5728119524116941,-0.36016511867905054,0.34722640184572173,35.92519187379257,-0.16375271903175975,0.24706310376389887,True,38,35,29,65,68,A,0,45.05,42.8,45.800000000000004,45.800000000000004,Persistence
VICR,Vicor Corporation - Common Stock,Technology,Electronic Components,United States,半導体,282.95001220703125,12.89725952,265.95461972381594,0.2608018760200302,-0.11356617184163295,0.014984501815430028,0.5730692002005738,3.0,0.009131734431449,47.2850137831924,-0.05177101598733969,0.25496336532597874,True,57,51,38,65,73,A,0,59.8,55.3,51.75000000000001,59.8,Acceleration
VISN,"Vistance Networks, Inc.  - Common Stock",Technology,Communication Equipment,United States,通信/光通信,12.149999618530273,2.740670976,72.75352946578026,0.39707796904383047,-0.25818220839145833,-0.6780334438916529,0.494874715261959,0.01937046004842615,0.7762351936826379,38.53212173071589,0.0192506853270294,0.05667705663233464,True,64,85,28,100,77,A,-10,60.7,76.45,45.800000000000004,76.45,Transition
VLY,Valley National Bancorp - Common Stock,Financial Services,Banks - Regional,United States,その他,14.59000015258789,8.084777984,105.90582015760421,0.09923952845771987,-0.01974704336923721,0.009653847145361428,,,0.05206125266001094,56.588200020220974,0.06407828673758789,0.014189191583824267,True,18,12,10,85,60,B,-20,12.25,7.75,18.75,18.75,Persistence
VNOM,"Viper Energy, Inc.  - Class A Common Stock",Energy,Oil & Gas Midstream,United States,電力/エネルギー,40.75,14.520613888,85.60535875,0.6209302325581395,0.03990326481257558,-0.04477763647725081,0.4971305595408895,-17.039473684210527,0.1725199273932602,24.168132529597287,-0.11057433237589728,0.18878967518684078,False,56,10,26,65,53,B,0,57.05,22.55,41.150000000000006,57.05,Acceleration
VRNS,"Varonis Systems, Inc. - Common Stock",Technology,Software - Infrastructure,United States,ソフトウェア,42.86000061035156,5.03380992,98.60886060424805,0.13173972229784917,0.10375430723615674,0.05389393497933003,0.788344463475812,0.29510176430738416,0.2912165133968739,86.37772003897369,0.35436615708521846,0.3230137469491009,True,55,14,53,85,18,D,0,55.8,25.05,54.00000000000001,55.8,Acceleration
VRSK,"Verisk Analytics, Inc. - Common Stock",Industrials,Consulting Services,United States,その他,188.35000610351562,24.677963776,633.6197797825622,0.06628032064406426,0.07469978369508466,0.07384861834201041,0.6987991017671754,0.29540267362243233,0.7909611815027036,57.21371690196153,0.07055600253027047,0.3832586304378109,False,17,12,44,65,58,B,-10,18.3,14.55,42.050000000000004,42.050000000000004,Persistence
VRSN,"VeriSign, Inc. - Common Stock",Technology,Software - Infrastructure,United States,ソフトウェア,256.42999267578125,23.335129088,222.25813185180664,0.06369590342879157,0.04306476458375193,0.04786300793038108,0.881504285886756,0.2216123499142367,1.3560600346934157,28.80951276400357,-0.08128571861103184,0.17280647523941534,True,38,24,47,65,63,B,-20,24.549999999999997,14.049999999999997,34.7,34.7,Persistence
VSAT,"ViaSat, Inc. - Common Stock",Technology,Communication Equipment,United States,通信/光通信,83.05999755859375,11.343417344,288.1006616317749,0.026708065876163912,0.05504816098388378,0.675858065111781,0.33041562147111814,3.0,0.4557529470145527,59.627902824110066,0.1953280172006442,0.07515867034286658,True,19,50,46,65,57,B,0,29.7,52.95,52.949999999999996,52.95,Transition
VSEC,VSE Corporation - Common Stock,Industrials,Aerospace & Defense,United States,防衛/宇宙,232.3300018310547,6.518518272,128.3414163114929,0.414647392197961,0.44527039447079153,-0.18736033269200894,0.11879706007956665,1.1103380298022845,0.16898684694401694,83.97223933082611,0.2295207853520986,0.0,True,26,33,38,85,10,D,0,33.25,38.5,44.150000000000006,44.150000000000006,Persistence
WABC,Westamerica Bancorporation - Common Stock,Financial Services,Banks - Regional,United States,その他,59.5099983215332,1.397768192,14.410346093559266,-0.12150468085106383,-0.0923697260887701,0.2215231438147287,,-0.14429870984352205,0.0037257264042361137,66.94345328053603,0.06185498825617582,0.009487408324725714,True,0,0,25,100,40,C,-25,0.0,0.0,21.75,21.75,Persistence
WAFD,"WaFd, Inc. - Common Stock",Financial Services,Banks - Regional,United States,その他,38.34000015258789,2.832884224,24.907772799129486,0.004193519785876968,-0.027986388566827048,0.1224267395391861,,-0.497662536907312,0.06806252759628488,65.39131853937467,0.06898225875075784,0.017930346990874237,True,18,12,25,100,40,C,-20,12.5,8.0,26.75,26.75,Persistence
WBD,"Warner Bros. Discovery, Inc. - Series A Common Stock",Communication Services,Entertainment,United States,その他,26.479999542236328,66.388979712,639.7931989398003,-0.05149919890135042,-0.04840153916894557,0.22190022769612916,0.44002037752037754,-0.30246216399367515,0.3253934155967428,45.05206962219598,-0.01703121262883383,0.1167444981134553,True,7,42,25,40,100,S,0,21.25,47.5,43.75,47.5,Transition
WBTN,WEBTOON Entertainment Inc. - Common stock,Communication Services,Internet Content & Information,United States,その他,11.640000343322754,1.574132352,3.5727235053777693,0.025381949130797832,0.05124155329027993,0.1884030580291795,0.23300776376739796,-2.4142374313476975,0.014836635307832606,50.12106811495814,-0.03165422659786395,0.4537775394163764,False,3,0,22,100,65,A,-5,18.75,16.5,45.1,45.1,Persistence
WDAY,"Workday, Inc. - Class A Common Stock",Technology,Software - Application,United States,ソフトウェア,135.39999389648438,33.440206848,691.5114638282776,0.1309495619228037,0.1635211461633834,0.1677927927927928,0.7570142378559463,0.26861580630424853,0.21140865331415293,54.62839294876313,0.05966521237850175,0.4533489742747501,False,28,33,82,40,50,B,0,32.0,35.75,65.1,65.1,Persistence
WDC,Western Digital Corporation - Common Stock,Technology,Computer Hardware,United States,その他,539.0,185.783681024,5762.54602,0.5070444831407314,0.00991207034372502,-0.6671633054860853,0.3878151260504202,2.63764404609475,0.3364519354377946,50.78540989629602,0.017847691388607985,0.27770256608904526,True,74,100,30,25,83,S,0,67.55,87.05,39.35,87.05,Transition
WDFC,WD-40 Company - Common Stock,Basic Materials,Specialty Chemicals,United States,その他,245.8300018310547,3.30774144,42.038159463119506,0.04983092233264528,0.09921173372048654,0.03553255464322887,0.5505665459648217,-0.050450881267932776,0.20533449346271299,71.83664298297285,0.1373267947225589,0.02329415831547484,True,8,12,45,85,10,D,0,19.75,22.75,48.0,48.0,Persistence
WEN,Wendy's Company (The) - Common Stock,Consumer Cyclical,Restaurants,United States,その他,8.600000381469727,1.638133632,269.3508079475784,-0.030982082286516045,0.02975552558744175,0.04107506305162718,0.27037045033490426,-0.07014820691478965,0.8362685337676667,66.79036126927542,0.18297620111763213,0.2271575901057018,True,0,0,15,100,50,B,-45,0.0,0.0,0.0,0.0,Acceleration
WERN,"Werner Enterprises, Inc. - Common Stock",Industrials,Trucking,United States,その他,43.20000076293945,2.589844992,45.99568881231308,-0.01843473394014635,-0.07712534707639625,-0.0019693140805196875,0.0969648964024965,0.18474989591387617,0.26032705663567435,46.47576907435478,0.09245952065670847,0.029431534666223405,True,20,12,6,100,60,B,0,36.0,30.0,40.3,40.3,Persistence
WFRD,Weatherford International plc - Ordinary shares,Energy,Oil & Gas Equipment & Services,United States,電力/エネルギー,83.01000213623047,5.9705216,113.45724081977845,-0.10792671866497369,0.07361246348588121,0.1856384206880628,0.3119154127694185,-0.0872210953346856,0.3159515104868193,15.793481532030839,-0.17915461456510548,0.2549811209800684,False,4,0,25,85,24,D,0,18.15,15.15,39.8,39.8,Persistence
WINA,Winmark Corporation - Common Stock,Consumer Cyclical,Specialty Retail,United States,その他,424.2900085449219,1.517970048,19.920415901184082,0.05863762792305487,-0.023478109401935288,0.022511755197099158,0.9639256899891582,0.06533136334389819,2.50662873079597,66.83808033891225,0.10280802131567363,0.15528862079164296,True,35,24,35,100,50,B,-25,21.25,13.0,29.25,29.25,Persistence
WING,Wingstop Inc. - Common Stock,Consumer Cyclical,Restaurants,United States,その他,177.99000549316406,4.84712192,200.43543513587952,0.11352701391962698,0.36028735694645203,0.28679154511203536,0.4868315125284673,-0.0005393590143923695,1.8321163988353195,64.74257572995238,0.16878828409390217,0.525450006187791,False,13,14,70,85,15,D,-40,0.0,0.0,22.75,22.75,Persistence
WLDN,"Willdan Group, Inc. - Common Stock",Industrials,Engineering & Construction,United States,その他,76.30000305175781,1.152939264,27.14029258552551,0.20458538206214938,0.10920122722238014,0.18865027100839357,0.3751467239476958,0.11054037071944706,0.1273054017651242,9.206469468167128,-0.11831656902783229,0.43456349732253147,False,33,29,71,100,28,D,-5,37.55,34.55,64.65,64.65,Persistence
WLFC,Willis Lease Finance Corporation - Common Stock,Industrials,Rental & Leasing Services,United States,その他,226.52000427246094,1.80455808,35.79808887519837,0.28287332029802026,0.35997180776719906,0.341836391206917,0.6826499744604864,0.5150007833307222,0.6860065822984187,90.89622694132962,0.14917760800664326,0.05003537439134674,True,30,29,67,100,22,D,-15,24.700000000000003,23.950000000000003,51.25,51.25,Persistence
WMG,Warner Music Group Corp. - Class A Common Stock,Communication Services,Entertainment,United States,その他,28.280000686645508,14.751287296,57.95590220718384,0.043728602552131964,0.06443597813483519,0.019935799966210508,0.4584762188758014,-0.23725055432372505,0.4688167667107539,47.68440348243259,-0.05766213631129848,0.18171297561055297,False,8,0,37,65,80,S,0,23.75,17.75,52.6,52.6,Persistence
WMT,Walmart Inc. - Common Stock,Consumer Defensive,Discount Stores,United States,その他,111.83999633789062,890.031505408,2773.630790779724,0.04725214211766779,0.05070009643201543,0.06025954990192855,0.24926699786724774,0.1787519747235387,0.2356956173507384,29.061879281390475,-0.09033953010708852,0.16661699790481585,False,2,24,42,10,53,B,0,8.3,24.8,36.2,36.2,Persistence
WSBC,"WesBanco, Inc. - Common Stock",Financial Services,Banks - Regional,United States,その他,39.63999938964844,3.812597248,90.89511320045472,0.6230863819038542,0.009211460011367191,0.015180923214538726,,0.3952489398069477,0.058462901930013626,75.24475412547417,0.13299232675225037,0.007759733851584694,True,41,34,50,85,10,D,-20,24.5,19.25,30.75,30.75,Persistence
WSC,WillScot Holdings Corporation - Class A Common Stock,Industrials,Rental & Leasing Services,United States,その他,26.65999984741211,4.825317888,55.82643958047867,-0.04769843529163282,0.013088393063671813,0.10367852860722582,0.5100212759802336,0.6007844422760261,0.6706913676997239,45.210729089325284,0.037561217647526395,0.14703800901139225,True,17,12,28,85,100,S,-10,25.5,21.75,46.650000000000006,46.650000000000006,Persistence
WSFS,WSFS Financial Corporation - Common Stock,Financial Services,Banks - Regional,United States,その他,77.16999816894531,4.016239104,42.219320148239134,0.018389482003786463,0.030919942934611262,0.0996203782350188,,0.03875686268788812,0.01420103784935364,62.001679887041185,0.0615731097753236,0.016566879463929794,True,2,24,42,85,40,C,-20,0.0,14.75,32.35,32.35,Persistence
WTFC,Wintrust Financial Corporation - Common Stock,Financial Services,Banks - Regional,United States,その他,161.19000244140625,10.871904256,87.51005232543946,0.11225937018026326,0.07873783544677086,0.16129246606675987,,0.3538365917941859,0.06299336681995342,61.53846153846153,0.05864325653553141,0.009828557716777405,True,28,26,50,65,40,C,-20,14.75,13.25,31.75,31.75,Persistence
WULF,TeraWulf Inc. - Common Stock,Financial Services,Capital Markets,United States,その他,21.18000030517578,10.495381504,612.9143677312851,0.20281183283232537,1.0230105880483613,3.0,0.5092873467691669,-3.0476156272018935,0.7922509622331311,33.94919110943526,-0.1269075571899169,0.26915111664141306,True,17,5,46,65,51,B,-40,0.0,0.0,11.75,11.75,Persistence
WWD,"Woodward, Inc. - Common Stock",Industrials,Aerospace & Defense,United States,防衛/宇宙,418.0199890136719,24.906825728,407.39183079299926,0.07304356562940983,0.14056398105241055,0.22317367455797615,0.26808938667767107,-0.007126417334434043,0.15602131510841025,66.62948579397846,0.10413592037275869,0.04220514463544696,True,0,12,45,65,37,C,0,13.45,22.45,48.4,48.4,Persistence
WYFI,"WhiteFiber, Inc. - Ordinary Shares",Technology,Information Technology Services,United States,その他,31.440000534057617,1.214030976,82.64554340386391,0.6617447504459402,,,0.6205749787164034,-2.6953664580590115,0.03591916642307853,57.43739258554542,0.15244621994662894,0.29774402026825236,True,30,10,22,100,53,B,-5,37.8,22.8,42.7,42.7,Persistence
WYNN,"Wynn Resorts, Limited - Common Stock",Consumer Cyclical,Resorts & Casinos,United States,その他,95.91000366210938,9.954185216,149.78984596939088,0.0013977349202668196,0.09125434770327824,0.7386748118424468,0.4142669493258824,-0.3107589330639191,0.9288846750452411,22.413810266331907,-0.0619762825409949,0.2758909091998274,False,4,0,39,85,36,C,-20,0.0,0.0,29.900000000000006,29.900000000000006,Persistence
XEL,Xcel Energy Inc. - Common Stock,Utilities,Utilities - Regulated Electric,United States,電力/エネルギー,81.95999908447266,51.165134848,519.3440419987106,0.09136224983260174,-0.05385048571026327,-0.0721097322011757,0.47201581566568956,-1.506426735218509,0.42743729338462105,66.17708692936404,0.03481720618383888,0.00859832531533576,True,38,12,10,40,55,B,0,40.0,20.5,26.5,40.0,Acceleration
XMTR,"Xometry, Inc. - Class A Common Stock",Industrials,Industrial Distribution,United States,その他,91.81500244140625,5.072398336,72.67570610748291,0.25865169404376304,0.17721609128927981,0.21654096256179103,0.39143732222984395,0.28036796989337237,0.48232535667595067,63.465666967828845,0.14815827523522954,0.04874631542994509,True,39,24,61,85,37,C,0,45.7,34.45,62.2,62.2,Persistence
XPEL,"XPEL, Inc. - Common Stock",Consumer Cyclical,Auto Parts,United States,その他,48.52000045776367,1.337259008,13.635575728645325,0.13273073263558516,0.06083125364313778,0.22315296935427617,0.42213145737085256,0.564419523384733,0.059768486325112544,64.04869992041449,0.0643338596354579,0.11701547253685278,True,36,26,54,100,65,A,-5,43.5,36.0,62.7,62.7,Persistence
Z,"Zillow Group, Inc. - Class C Capital Stock",Communication Services,Internet Content & Information,United States,その他,33.43000030517578,7.648844288,166.96346212417603,0.15518783542039355,0.14961439588688946,-0.006639427987742594,0.7413859852884244,-0.6070038910505836,0.08038698328935796,53.49951575691874,-0.09853304758489752,0.62987156312965,False,53,51,37,85,55,B,0,58.0,56.5,52.6,58.0,Acceleration
ZBRA,Zebra Technologies Corporation - Class A Common Stock,Technology,Communication Equipment,United States,通信/光通信,267.17999267578125,12.726689792,246.663241038208,0.08331660309174864,0.08660558464223386,-0.20705760249091854,0.48054114158636024,-0.1289308176100629,0.3172194777699365,76.33622137630846,0.11398798907490014,0.21730722949083847,True,8,0,29,65,35,C,0,19.25,13.25,39.2,39.2,Persistence
ZD,"Ziff Davis, Inc. - Common Stock",Communication Services,Advertising Agencies,United States,その他,52.43000030517578,1.93128,39.36051197910309,0.03537163762549155,0.027609403912529654,-0.019388251735985053,0.8576431093361115,0.014770163564579808,0.2365349768760786,75.6715318957706,0.1491305477854565,0.0,True,47,12,45,100,10,D,-5,46.25,20.0,46.75,46.75,Persistence
ZG,"Zillow Group, Inc. - Class A Common Stock",Communication Services,Internet Content & Information,United States,その他,33.41999816894531,7.64655616,50.35524804107666,0.15518783542039355,0.14961439588688946,-0.006639427987742594,0.7413859852884244,-0.6070038910505836,0.08038698328935796,51.61009192130365,-0.10400708647560945,0.6147994773390016,False,53,51,37,85,55,B,0,58.0,56.5,52.6,58.0,Acceleration
ZION,Zions Bancorporation N.A. - Common Stock,Financial Services,Banks - Regional,United States,その他,69.3499984741211,10.200817664,127.0155624553299,0.08146964856230032,0.004815409309791332,-0.011738578680203046,,-0.09419600380589914,0.03901561973255422,64.3349752213467,0.0874133698940863,0.01909474586129609,True,30,12,25,65,40,C,-20,16.25,2.75,18.0,18.0,Persistence
ZM,"Zoom Communications, Inc. - Class A Common Stock",Technology,Software - Application,United States,ソフトウェア,87.1449966430664,25.553721344,358.8443600018692,0.04358352161524986,0.030528420948466434,0.03056344696969697,0.7701603834562699,0.06349087877360472,0.004889043993118634,40.89709812106318,-0.10190535969786918,0.2210851020520194,False,41,31,57,65,80,S,0,48.5,41.0,63.6,63.6,Persistence
ZS,"Zscaler, Inc. - Common Stock",Technology,Software - Infrastructure,United States,ソフトウェア,147.3300018310547,23.824664576,611.5373716003418,0.23311687443000206,0.34065266006659445,0.4821558537269489,0.7687424596397835,0.24231643730233354,0.2798453804801579,75.37064233238407,0.03998138493639419,0.5618699061929531,False,29,35,96,65,30,D,0,34.5,39.0,75.05000000000001,75.05000000000001,Persistence
AA,Alcoa Corporation Common Stock ,Basic Materials,Aluminum,United States,その他,48.68000030517578,12.846262272,328.20348285751345,0.07868852459016394,0.12738129087290304,-0.15259818488474822,0.16935546722780764,3.0,0.1672763345526691,11.406842782854682,-0.25232852006021494,0.41902375255667573,False,12,24,30,65,8,D,0,19.55,28.55,34.35,34.35,Persistence
AAMI,Acadian Asset Management Inc. Common Stock,Financial Services,Asset Management,United States,その他,73.08999633789062,2.604122624,46.63982301315308,0.1149129746835443,0.18518518518518517,0.022531160115052733,0.4270001773993259,-1.3115468409586057,0.3861152141802068,40.38379263147038,0.016975729574959134,0.11641688516322587,True,9,2,30,100,100,S,-30,1.75,0.0,31.5,31.5,Persistence
AAP,Advance Auto Parts Inc.,Consumer Cyclical,Auto Parts,United States,その他,61.529998779296875,3.712056064,102.19579027252198,-0.05421156806685727,-0.012487783689868607,0.006571956286642487,0.4340193000813859,-2.1041666666666665,0.4417385421951632,52.12121169008155,0.07348475017163011,0.060444030325874885,True,10,49,6,85,72,A,-10,17.45,46.7,28.950000000000003,46.7,Transition
ABCB,Ameris Bancorp Common Stock,Financial Services,Banks - Regional,United States,その他,90.12000274658203,6.064400896,60.679600249328615,0.06330930428708746,0.058794696256818886,-0.005795423551334845,,1.6268796725319083,0.025161507651636352,61.000854155132735,0.049323161226059724,0.01669393075639889,True,42,24,30,85,55,B,-20,29.75,16.25,28.75,29.75,Acceleration
ABG,Asbury Automotive Group Inc Common Stock,Consumer Cyclical,Auto & Truck Dealerships,United States,その他,205.39999389648438,3.824301312,52.62655943618775,0.04714752801275264,0.16118005498996804,-0.040896986503735286,0.17065948108228235,0.5699724517906336,0.5253309462739495,56.184703398922316,0.050317005399637287,0.22773247752086703,False,9,24,22,85,75,A,0,27.0,38.25,48.35,48.35,Persistence
ABM,ABM Industries Incorporated Common Stock,Industrials,Specialty Business Services,United States,その他,44.27000045776367,2.593377536,37.741503490257266,0.04623537574467067,0.03248357294600069,0.03712243486280839,,-0.07292289300657502,0.31851219280766674,38.236459955528105,0.07123416153064122,0.08477610122899037,True,18,12,33,100,75,A,0,36.0,31.5,58.150000000000006,58.150000000000006,Persistence
ABX,"Abacus Global Management, Inc. Class A Common Stock",Financial Services,Insurance - Life,United States,その他,11.859999656677246,1.137639296,7.596982080082894,1.1017662501159495,0.6855623531479756,0.48504084399289055,0.8773239074720169,0.8730442269606105,0.45572830003335985,78.60465033754525,0.2620243174855615,0.0,True,89,87,55,100,10,D,-35,47.75,46.25,22.25,47.75,Acceleration
ACA,"Arcosa, Inc. Common Stock ",Industrials,Engineering & Construction,United States,その他,144.97000122070312,7.119013888,148.12527329727172,0.12198918245846142,0.11352311625287058,0.02902621722846442,0.22445723798293682,-0.43804034582132567,0.30546417395490655,88.34045951710772,0.1265388307037576,0.00220243705841116,True,38,21,33,85,10,D,0,42.25,29.5,41.400000000000006,42.25,Acceleration
ACEL,"Accel Entertainment, Inc. ",Consumer Cyclical,Gambling,United States,その他,12.770000457763672,1.039387328,4.497083361206054,0.08122686787351784,0.05173527451684011,0.20687112870013002,0.31346697120875155,-0.03933982287930908,0.5505019517071433,36.66668785941578,0.039157641661017546,0.047725532955315134,True,22,12,41,100,77,A,-5,34.2,26.7,57.949999999999996,57.949999999999996,Persistence
ACHR,Archer Aviation Inc. Class A Common Stock,Industrials,Aerospace & Defense,United States,防衛/宇宙,4.980000019073486,3.799067136,216.234265128181,,,,0.0,-0.19374167776298268,0.049434283628695404,43.44262214989761,-0.144535678733673,0.634897368495202,False,0,0,10,85,43,C,-10,7.050000000000001,7.050000000000001,25.35,25.35,Persistence
ACI,"Albertsons Companies, Inc. Class A Common Stock",Consumer Defensive,Grocery Stores,United States,その他,14.130000114440918,6.920569344,122.67630774357319,0.03460093119992437,0.014553678362698564,0.02045081951379078,0.27180498361838346,-0.296370429677075,0.5715070294665974,35.746603991709506,-0.0948797766818615,0.3570915681088431,False,18,0,29,85,53,B,-20,11.55,0.0,27.800000000000004,27.800000000000004,Persistence
ACM,AECOM Common Stock,Industrials,Engineering & Construction,United States,その他,67.73999786376953,8.706142208,133.11688590206145,0.002118779562109784,0.12011278536694574,0.09357027458244797,0.0753867098002667,-0.03244275617925308,0.26470803997524966,44.357523795156325,-0.07701366861883148,0.4901056402978639,False,0,12,33,85,55,B,0,18.25,27.25,50.400000000000006,50.400000000000006,Persistence
ACVA,ACV Auctions Inc. Class A Common Stock,Consumer Cyclical,Auto & Truck Dealerships,United States,その他,7.300000190734863,1.27446976,21.526131062436104,0.1921821343595603,0.324004538332703,0.14163912803152334,0.52421650171273,0.07776993195532161,0.1750166496102195,67.93250558121044,0.21306793272339092,0.5581113808441703,True,18,39,85,100,25,D,-5,26.0,41.75,71.75,71.75,Persistence
AD,"Array Digital Infrastructure, Inc. Common Shares",Communication Services,Telecom Services,United States,その他,36.2400016784668,3.132692736,18.972365678710936,0.5831754636511128,0.02452497785386537,-0.9759009354761333,0.5122452611361,-0.7994071976714042,0.2564062497327968,25.902855799127323,-0.07783339894399435,0.17732419081584688,True,66,75,29,85,63,B,0,68.55,75.3,49.800000000000004,75.3,Transition
ADM,Archer-Daniels-Midland Company Common Stock,Consumer Defensive,Farm Products,United States,その他,76.79000091552734,37.009440768,273.87000246520995,-0.06151058108266105,-0.08947676584872519,-0.07504234117137343,0.06270166564925438,2.426242868785656,0.18626047452709538,40.84995301933486,-0.010414782214187412,0.08702888647849247,True,30,12,30,40,100,S,-20,18.5,5.0,26.5,26.5,Persistence
ADT,ADT Inc. Common Stock,Industrials,Security & Protection Services,United States,その他,6.829999923706055,5.008078848,64.004236635046,0.046986534096731904,0.05278987556804212,0.06182700488189609,0.8083354797901262,0.09556508295852574,0.4861161711111747,54.014602350980596,0.003431852233465207,0.20991696916262237,False,17,24,49,85,90,S,0,34.5,39.75,66.2,66.2,Persistence
AEE,Ameren Corporation Common Stock,Utilities,Utilities - Regulated Electric,United States,電力/エネルギー,115.0199966430664,31.831969792,225.31439672405244,0.15426997245179064,0.0164,-0.057433706170667335,0.47403113990226164,0.5015179113539769,0.40906840498390956,64.94480394478407,0.04820783574265654,0.02789049239578529,True,55,21,10,40,55,B,0,52.75,27.25,26.5,52.75,Acceleration
AEO,"American Eagle Outfitters, Inc. Common Stock",Consumer Cyclical,Apparel Retail,United States,その他,16.459999084472656,2.758256896,84.71064458827972,0.04102050574892112,0.012710931872734841,0.054498216673784475,0.36510453133776893,-0.2315464485172658,0.4240545380179965,35.31299482352594,-0.03215190023644772,0.4094816266096142,False,22,0,33,100,55,B,0,37.0,20.5,54.150000000000006,54.150000000000006,Persistence
AES,The AES Corporation Common Stock,Utilities,Utilities - Diversified,United States,その他,14.579999923706055,10.39783936,117.56619388480186,-0.0036650920345333115,-0.030786233028102305,0.004042165332487913,0.1807406196354124,0.6502155172413793,0.5775189306135065,37.83784480403326,0.0023841961133782637,0.14584655356572784,True,27,12,2,65,90,S,0,39.0,27.75,35.35,39.0,Acceleration
AESI,Atlas Energy Solutions Inc. Common Stock,Energy,Oil & Gas Equipment & Services,United States,電力/エネルギー,14.470000267028809,1.807383808,40.39886609551907,0.03726761601087923,0.719911720633266,0.2718654966399019,0.13755649085646987,0.7368600188899194,0.27903167614120805,34.1269873707752,-0.16933603280351442,0.2673417586314527,True,9,12,26,100,51,B,-5,21.85,24.1,44.5,44.5,Persistence
AFG,"American Financial Group, Inc. Common Stock",Financial Services,Insurance - Property & Casualty,United States,その他,142.75,11.860538368,85.11111875,-0.019328340178787148,0.07116977225672878,0.14100103351542892,,,0.05575638747625758,77.08005627621978,0.06894888648228746,0.0,True,0,0,10,65,25,D,-20,0.0,0.0,6.75,6.75,Persistence
AFL,AFLAC Incorporated Common Stock,Financial Services,Insurance - Life,United States,その他,120.87999725341797,61.526093824,339.29685549064635,-0.0926913425345044,0.015232737115864339,-0.01618714427445042,,,0.07219884948913884,62.39506391052399,0.043601358491676054,0.0,True,0,0,10,40,55,B,-20,0.0,0.0,6.5,6.5,Persistence
AGCO,AGCO Corporation Common Stock,Industrials,Farm & Heavy Construction Machinery,United States,その他,116.48999786376953,8.434869248,88.13283768379212,-0.1354753513578405,-0.19084260775443368,0.13919408128744645,0.2545923427891291,1.4956169925826028,0.21486778785693925,61.984199310139026,0.00841220703710871,0.1687053341642336,True,30,47,30,85,80,S,-20,23.25,36.0,33.75,36.0,Transition
AGM,Federal Agricultural Mortgage Corporation Common Stock,Financial Services,Credit Services,United States,その他,200.94000244140625,2.179997696,29.85667026275635,0.08879456525216761,0.06839325695469124,0.13570206171892946,,,0.9383052780907928,86.61067522323196,0.12069223479166467,0.01068385683828666,True,18,12,12,100,10,D,-40,0.0,0.0,0.0,0.0,Acceleration
AGX,"Argan, Inc. Common Stock",Industrials,Engineering & Construction,United States,その他,706.1500244140625,9.899692032,296.1946277404785,0.08056359166715284,0.5247317004254072,0.25996176160337553,0.20503575035517455,1.5517916037788586,0.002120783509812417,60.77428120942755,0.02676558849358492,0.11570967978383061,True,15,31,57,85,80,S,0,32.0,44.0,68.6,68.6,Persistence
AI,"C3.ai, Inc. Class A Common Stock",Technology,Software - Infrastructure,United States,ソフトウェア,9.0600004196167,1.40837056,67.10398030794144,-0.3567301365356144,0.25266757249293265,0.16412226615941078,0.3091965413077181,-3.322908698195563,0.0068322730263036995,21.73913573709619,-0.06302351782517052,0.6893003955066633,False,4,0,14,100,28,D,-15,5.800000000000001,2.8000000000000007,23.300000000000004,23.300000000000004,Persistence
AIG,"American International Group, Inc. New Common Stock",Financial Services,Insurance - Diversified,United States,その他,79.38999938964844,42.093072384,389.26385415733336,-0.01818848551521819,-0.023910086620373684,-0.06795663052543786,,,0.056997035732446945,67.42253015295191,0.053304731821348254,0.07161359705494569,True,30,35,10,40,52,B,-20,13.700000000000003,17.450000000000003,5.899999999999999,17.450000000000003,Transition
AIN,Albany International Corporation Common Stock,Consumer Cyclical,Textile Manufacturing,United States,その他,73.38999938964844,2.080970752,22.244141865005492,-0.03884399263782743,0.07204926522921241,0.10921192362064651,0.2062202562873421,-0.409993150385473,0.27192503210258395,59.53126862646926,0.132202358744733,0.038012865265134206,True,0,0,21,100,57,B,0,20.7,20.7,47.949999999999996,47.949999999999996,Persistence
AIR,AAR Corp. Common Stock,Industrials,Aerospace & Defense,United States,防衛/宇宙,140.11000061035156,5.57137152,72.76472771697998,0.1990598990900858,0.16498367244410952,0.09368131868131868,0.18978600971048373,-0.8992805755395683,0.368276734866062,72.37667628869477,0.18000883147504695,0.02116807874959372,True,35,2,48,85,10,D,0,40.0,15.25,49.650000000000006,49.650000000000006,Persistence
AIT,"Applied Industrial Technologies, Inc. Common Stock",Industrials,Industrial Distribution,United States,その他,330.8500061035156,12.228064256,102.21610938568115,0.01875650476871264,0.015095198189627705,0.1580081854243184,0.3030967536656686,0.3424504154053485,0.18022108967786307,58.856630184474994,0.053117293605259776,0.036938936152313924,True,27,24,46,65,72,A,0,37.2,34.95,55.949999999999996,55.949999999999996,Persistence
AIZ,"Assurant, Inc. Common Stock",Financial Services,Insurance - Property & Casualty,United States,その他,279.4800109863281,13.847573504,119.12416248275757,0.0788718164596927,0.06700743828380466,0.09208280192288826,,0.43818607162137846,0.06081356642123363,77.8692691437981,0.11672591469301921,0.0,True,23,24,42,65,10,D,-20,8.0,8.75,21.35,21.35,Persistence
AJG,Arthur J. Gallagher & Co. Common Stock,Financial Services,Insurance Brokers,United States,その他,252.44000244140625,64.862437376,516.9100331991577,0.2065772392903505,0.14723987291501192,0.17792903421982084,0.4257638789269832,-0.2687423187218353,0.19082997240500954,75.56746748970501,0.19600017955139293,0.19747867975583114,True,31,17,66,40,35,C,-20,12.75,2.25,33.300000000000004,33.300000000000004,Persistence
ALB,Albemarle Corporation Common Stock,Basic Materials,Specialty Chemicals,United States,その他,135.55999755859375,15.98722048,364.8658336288452,-0.04366189954265214,-0.4408430392911536,0.313806880339405,0.13003183326841972,1.6975912025652469,0.20133189928968181,30.832431660273897,-0.21144547668173574,0.3696964829528314,False,40,65,30,65,41,C,0,43.85,62.6,40.95,62.6,Transition
ALG,"Alamo Group, Inc. Common Stock",Industrials,Farm & Heavy Construction Machinery,United States,その他,170.25,2.071660416,33.24642,-0.015227388421216164,-0.03618380363755592,0.11630096404900582,0.24805966147351619,-0.21348454636091724,0.1318883915011428,73.50146973327466,0.0703252340747927,0.26357143470027716,False,18,0,25,100,23,D,-20,10.8,0.0,23.35,23.35,Persistence
ALK,"Alaska Air Group, Inc. Common Stock",Industrials,Airlines,United States,その他,51.09000015258789,5.692906496,175.94936242549898,0.2133787814230933,0.12555150585075772,0.08086253369272237,0.14172343563452489,-2.8524590163934427,0.3385393644712932,66.89549999592634,0.1693430283551591,0.1999686867477681,True,39,5,26,85,50,B,0,47.0,21.5,45.55,47.0,Acceleration
ALL,Allstate Corporation (The) Common Stock,Financial Services,Insurance - Property & Casualty,United States,その他,250.3300018310547,64.440180736,473.37528511253356,0.05595528615287727,0.12235161068014348,0.11802358891281585,,0.13312693498452013,0.06254279463584896,83.90654187373075,0.13880160442593545,0.0,True,2,24,42,40,10,D,-20,0.0,5.0,15.100000000000001,15.100000000000001,Persistence
ALLY,Ally Financial Inc. Common Stock,Financial Services,Credit Services,United States,その他,45.31999969482422,13.891625984,154.7714245578003,-0.014274474541980444,-0.019073869900771773,-0.0183982683982684,,-1.5112359550561798,0.10889684799134702,63.12768075624076,0.03576170273448044,0.040846567305307536,True,18,12,10,65,67,A,-20,9.95,5.449999999999999,15.149999999999999,15.149999999999999,Persistence
ALSN,"Allison Transmission Holdings, Inc. Common Stock",Consumer Cyclical,Auto Parts,United States,その他,116.37000274658203,9.651260416,179.57229678829194,-0.06666666666666667,0.06260296540362438,0.09606356085229324,0.48604651162790696,0.004559270516717325,0.47517264057875697,51.085021883138005,-0.03055045479525592,0.14221186120217277,True,10,12,30,85,100,S,0,30.25,31.75,57.75,57.75,Persistence
AM,Antero Midstream Corporation Common Stock,Energy,Oil & Gas Midstream,United States,電力/エネルギー,22.459999084472656,10.668050432,58.5315437141037,0.0698746245321256,0.05791038282410874,0.12293457776001179,0.653011918055624,0.28015058463737524,0.5476659535603989,65.53669759372407,0.03529566387012971,0.03840772742227709,True,38,24,46,65,67,A,0,44.95,34.45,54.949999999999996,54.949999999999996,Persistence
AMBQ,"Ambiq Micro, Inc. Common Stock",Technology,Semiconductors,United States,半導体,82.8499984741211,1.975594496,67.73360200252533,-0.04670882248544047,0.16067259715885682,-0.27987649437412093,0.44260418677772567,-0.07846098811558488,0.0036712150747238467,49.473272636536166,0.21172850792575224,0.08432807913051214,True,4,18,14,100,70,A,-15,10.0,20.5,31.700000000000003,31.700000000000003,Persistence
AMC,"AMC Entertainment Holdings, Inc. Class A Common Stock",Communication Services,Entertainment,United States,その他,1.8899999856948853,1.68702272,95.52539987698317,0.04565254895195377,-0.03644599592735735,0.2304034361098328,0.669574542679783,-0.23489706378670266,1.014742198608097,41.1764705882353,0.04836919985208953,0.4661016932029691,True,30,0,12,100,75,A,-35,10.0,0.0,11.600000000000001,11.600000000000001,Persistence
AME,"AMETEK, Inc.",Industrials,Specialty Industrial Machinery,United States,その他,234.6199951171875,53.775609856,300.24320775146487,0.06626193240918692,0.052180174171397385,0.07258236282076504,0.3604103759487083,-0.017780279743538064,0.14591166801296254,59.41753371160058,0.017108711686429606,0.030255465199441466,True,22,12,41,40,87,S,0,31.200000000000003,23.700000000000003,49.95,49.95,Persistence
AMG,"Affiliated Managers Group, Inc. Common Stock",Financial Services,Asset Management,United States,その他,344.6000061035156,9.10160384,127.96204326644897,0.016414327012592482,-0.008212654290990377,-0.11667239010989011,0.5083879676050906,0.04134812102939593,0.2922974998370876,50.22363719818583,0.08491196516559443,0.03608389901114511,True,40,24,34,85,72,A,-20,29.950000000000003,17.950000000000003,34.35,34.35,Persistence
AMP,"Ameriprise Financial, Inc. Common Stock",Financial Services,Asset Management,United States,その他,489.1600036621094,43.974057984,376.1420306159973,0.07043558850787766,0.11129707112970712,0.08956375368214335,,0.2713818351768188,0.03070653312659766,69.96910213267886,0.06024249210160169,0.09734663031003378,True,5,24,42,40,65,A,-20,0.0,10.5,26.1,26.1,Persistence
AMPX,"Amprius Technologies, Inc. Common Stock",Industrials,Electrical Equipment & Parts,United States,電力/エネルギー,12.380000114440918,1.753344384,92.23143415258885,2.0513429795901046,1.6808099192355819,1.102104256336681,0.11491983145833044,0.028036871905686697,0.2541382233525186,28.066911779890532,-0.3022757738918091,0.45962460947640077,False,67,70,44,100,8,D,-15,51.05,53.3,35.800000000000004,53.3,Transition
AMR,"Alpha Metallurgical Resources, Inc. Common Stock",Basic Materials,Coking Coal,United States,その他,160.0,2.03433984,38.9584,-0.27992026470225223,-0.14810436199396385,-0.1536415616180254,0.011664344504599947,-0.9533603974062577,0.0058825953926685045,31.745831706226554,-0.14730698027977593,0.3591027281725355,False,0,0,25,100,41,C,0,19.1,19.1,46.95,46.95,Persistence
AMRC,"Ameresco, Inc. Class A Common Stock",Industrials,Engineering & Construction,United States,その他,25.399999618530273,1.344965888,16.542892751550674,0.09164101590573176,0.2875640261800786,-0.2465378075905684,0.1573463635394379,-0.3604418421938718,0.4288493912623366,35.90909839661394,-0.14707858685013386,0.4124450639025774,False,3,0,2,100,33,D,-15,5.550000000000001,3.3000000000000007,17.700000000000003,17.700000000000003,Persistence
AMTM,"Amentum Holdings, Inc. Common Stock",Industrials,Specialty Business Services,United States,その他,21.239999771118164,5.18927872,42.8992771377182,0.7159036719122556,0.06649713922441196,0.024622199062011463,0.10512054470923365,3.0,0.3636125654450262,42.99999872843425,-0.0852004113666543,0.43405274548436595,False,64,57,46,85,55,B,0,66.25,61.0,57.55,66.25,Acceleration
AN,"AutoNation, Inc. Common Stock",Consumer Cyclical,Auto & Truck Dealerships,United States,その他,186.41000366210938,6.23755776,71.72031685897826,0.032355204854027965,-0.006809183306183184,-0.0013377802482860848,0.17908973124778332,-13.31159420289855,0.7076194049554619,40.010435189592506,-0.03828988253957378,0.17946117760403554,False,18,0,0,85,90,S,-10,25.25,11.75,29.25,29.25,Persistence
ANET,"Arista Networks, Inc. Common Stock",Technology,Computer Hardware,United States,その他,159.99000549316406,201.454518272,1320.0439374229431,0.28595907526666764,0.19502747346506946,0.33754516343285457,0.6405609780472368,0.15673793591208313,,52.45790251046104,0.001211580881288843,0.09981427255290373,True,41,29,87,25,100,S,0,44.5,35.5,74.1,74.1,Persistence
ANF,Abercrombie & Fitch Company Common Stock,Consumer Cyclical,Apparel Retail,United States,その他,92.41999816894531,4.106378752,126.00126660362244,0.06420115479428774,0.15602905802049535,0.15764338918439885,0.6147414537591155,-0.2826779759343132,0.3297957521922011,53.605760193082375,0.12602951254978784,0.28825572718673065,True,12,0,53,85,53,B,0,27.05,18.05,61.00000000000001,61.00000000000001,Persistence
AOS,A.O. Smith Corporation Common Stock,Industrials,Specialty Industrial Machinery,United States,その他,62.720001220703125,8.644611072,122.46331118347167,0.0031691155286660906,-0.009006436877076411,0.026345933562428408,0.38833481280350896,0.15238497256226255,0.06112383861524755,66.2140525190849,0.05731815346922252,0.21614777334710053,False,24,24,34,85,55,B,0,36.25,36.25,50.95,50.95,Persistence
APAM,Artisan Partners Asset Management Inc. Class A Common Stock,Financial Services,Asset Management,United States,その他,35.40999984741211,2.513871104,31.21727881547928,0.07634992561625181,0.14015655332463023,-0.018276728230064886,0.4571860000267405,-0.5345897426144977,0.19655269918315696,49.46565081110421,-0.02638190124635912,0.1957194949137431,False,8,12,33,100,90,S,-20,10.0,13.0,41.150000000000006,41.150000000000006,Persistence
APD,"Air Products and Chemicals, Inc. Common Stock",Basic Materials,Specialty Chemicals,United States,その他,314.19000244140625,69.964046336,527.9978700527954,-0.005231145563029932,-0.039634920634920634,-0.007764635471626794,0.3141319066568084,-0.1954920634920635,0.4482811529609469,76.41072413553327,0.08837817775545749,0.0,True,22,0,6,40,25,D,0,25.0,8.5,18.3,25.0,Acceleration
APG,APi Group Corporation Common Stock,Industrials,Engineering & Construction,United States,その他,41.97999954223633,18.186911744,136.49104181165694,0.12724422912510686,0.012990762124711317,0.05641964013418725,0.3143723928706864,0.23694029850746268,0.3437779767233662,45.81280348471865,-0.03212569215606814,0.1502024646650163,True,32,26,42,65,100,S,0,43.75,39.25,59.35,59.35,Persistence
APH,Amphenol Corporation Common Stock,Technology,Electronic Components,United States,半導体,164.58999633789062,202.48428544,1583.5647940658569,0.5171224552806006,0.21251005599496603,-0.005410758139903351,0.3688162219037268,1.0369887870469454,0.42779597592509294,61.726494805899485,0.12796389320921056,0.06652682905553015,True,67,41,41,25,37,C,0,57.7,38.2,36.2,57.7,Acceleration
APO,"Apollo Global Management, Inc. (New) Common Stock",Financial Services,Asset Management,United States,その他,118.61000061035156,68.380741632,567.8080157718658,0.22727272727272727,-0.20003676020095576,1.976294675419402,0.9549751942338295,,0.028992361410915306,26.761840973929807,-0.07778153908685367,0.2277699709267237,False,42,5,33,40,53,B,-20,22.799999999999997,0.0,18.75,22.799999999999997,Acceleration
AR,Antero Resources Corporation Common Stock,Energy,Oil & Gas E&P,United States,電力/エネルギー,35.380001068115234,10.961997824,176.97023464269637,0.21728120193410777,-0.037457343746421456,-0.4844554357269614,0.22104830650968066,0.6633768819477524,0.26624474431023526,58.6309545772695,-0.026877724227306478,0.21638981456431935,False,58,51,26,65,90,S,0,62.25,57.0,48.55,62.25,Acceleration
ARES,Ares Management Corporation Class A Common Stock,Financial Services,Asset Management,United States,その他,116.9000015258789,38.559072256,299.8660389141083,0.4419041897085061,0.06963245522158748,0.18866036774372816,0.5419738919093197,0.18340781843538687,0.49670250119711723,32.68421813905587,-0.039789352215680016,0.3711512127189485,False,42,32,57,40,63,B,-20,23.799999999999997,16.299999999999997,33.95,33.95,Persistence
ARLO,"Arlo Technologies, Inc. Common Stock",Industrials,Building Products & Equipment,United States,その他,12.979999542236328,1.409755392,16.21338232820511,0.03603739386086133,0.0401281821587374,0.0015537892474521526,0.4399061396531626,0.3759512937595129,0.021713229516854077,53.191481686645346,-0.029010043868918638,0.3323045686394806,False,15,61,46,100,73,A,-5,28.549999999999997,63.05,59.900000000000006,63.05,Transition
ARMK,Aramark Common Stock,Industrials,Specialty Business Services,United States,その他,56.290000915527344,14.801656832,139.27356461521148,0.06353755518240328,0.08191703249326067,0.17504901817886387,0.08357316608793579,0.44370070447258175,0.4300748258369324,64.42625062692377,0.09968838116107542,0.010720572829407145,True,5,24,42,65,40,C,0,17.5,31.75,47.35,47.35,Persistence
AROC,"Archrock, Inc. Common Stock",Energy,Oil & Gas Equipment & Services,United States,電力/エネルギー,36.790000915527344,6.44787456,86.13808469356538,0.28699860313357656,0.16888594488542788,0.17120917537087496,0.4857183897630449,0.6956306070097366,0.5566667678322784,52.50696793210477,-0.008261235760097413,0.12300356981091377,True,50,43,85,85,100,S,0,60.25,55.0,88.0,88.0,Persistence
ARW,"Arrow Electronics, Inc. Common Stock",Technology,Electronics & Computer Distribution,United States,その他,197.47999572753906,10.097931264,116.19031768623353,0.104916269997082,-0.15657647055980708,-0.1082118396348366,0.11236269742246564,-1.035852983974328,0.10609537653339426,30.29502539735644,-0.06017401255971962,0.1590512532993403,True,23,14,10,65,80,S,0,35.0,28.25,37.75,37.75,Persistence
ASAN,"Asana, Inc. Class A Common Stock",Technology,Software - Application,United States,ソフトウェア,7.340000152587891,1.691942144,40.2728559372139,0.09246058717238864,0.10938170493973984,0.19241537100794573,0.8902904125664196,3.0,0.29548814815516866,47.14286038664675,0.05821634240170027,0.5218241061773119,False,37,44,61,100,50,B,-5,42.75,48.0,63.55000000000001,63.55000000000001,Persistence
ASB,Associated Banc-Corp Common Stock,Financial Services,Banks - Regional,United States,その他,30.639999389648438,5.788417024,73.60738973373414,0.43707413272195617,-0.06194667684879988,-0.11057048951785794,,0.082307356023779,0.0854457562570079,65.38462075894323,0.07320488803525418,0.022335697496212385,True,46,32,30,85,40,C,-20,31.25,20.75,25.75,31.25,Acceleration
ASH,Ashland Inc. Common Stock,Basic Materials,Specialty Chemicals,United States,その他,67.01000213623047,3.068238848,86.28040350055694,-0.13677236157122574,-0.035600182565038795,-0.0836470096194061,0.30098684210526316,-1.0145985401459854,0.3231403166341358,55.040883263509826,0.1362827368707611,0.013398057379967897,True,4,0,10,85,45,C,0,20.25,17.25,35.75,35.75,Persistence
ASIC,Ategrity Specialty Insurance Company Holdings Common Stock,Financial Services,Insurance - Property & Casualty,United States,その他,25.420000076293945,1.22099008,1.8993824057006836,0.23413914854261067,0.4248288551111406,,,,,78.64583682579371,0.22998016030724833,0.0,True,9,17,0,100,10,D,-25,0.0,3.75,2.0,3.75,Transition
ATEN,"A10 Networks, Inc. Common Stock",Technology,Software - Infrastructure,United States,ソフトウェア,36.29999923706055,2.613533696,48.61314047826767,0.11028445218879922,0.03971394517282479,-0.10215525544164544,0.7933555206035304,-0.1720443853548783,0.3616279752879029,69.40297961170616,0.19463313034654336,0.04473686218261719,True,50,2,36,100,37,C,0,56.2,20.2,52.199999999999996,56.2,Acceleration
ATI,ATI Inc. Common Stock,Industrials,Metal Fabrication,United States,その他,188.10000610351562,25.670088704,368.64591596191406,0.05164943490520621,0.04513980401082972,0.08803441084462982,0.2195143218380782,0.9851279000594884,0.34304651345203546,32.407430082774155,0.08205189635328361,0.07834774129694251,True,27,24,38,65,62,B,0,36.2,33.95,49.550000000000004,49.550000000000004,Persistence
ATKR,Atkore Inc. Common Stock,Industrials,Electrical Equipment & Parts,United States,電力/エネルギー,69.20999908447266,2.337032192,26.666612647247316,-0.10982797598915446,-0.09000554456526033,-0.1009691235118291,0.2371938037691843,-0.25933181686090206,0.3267340411133264,31.657919287541716,-0.10727763441756573,0.18967338582170745,True,0,0,21,100,80,S,0,23.0,23.0,52.55,52.55,Persistence
ATMU,Atmus Filtration Technologies Inc. Common Stock,Consumer Cyclical,Auto Parts,United States,その他,49.709999084472656,4.059936512,48.21845056194305,0.056720172496406325,0.025489834776733614,0.04225081620894949,0.28243496004080937,1.619718309859155,0.4529503220552306,54.74271470397646,-0.04483205928062893,0.24102407174801807,False,30,24,34,85,90,S,0,44.25,39.75,57.95,57.95,Persistence
ATO,Atmos Energy Corporation Common Stock,Utilities,Utilities - Regulated Gas,United States,電力/エネルギー,176.8699951171875,29.52310784,268.5594005859375,0.12906215255161413,-0.025768608329082225,0.01753948794548443,0.5813101043962529,-0.25641568983311974,0.32933321845233343,76.66666980633579,0.00493447637784725,0.07498912301321423,True,31,14,14,65,52,B,0,38.2,25.45,34.35,38.2,Acceleration
AUB,Atlantic Union Bankshares Corporation Common Stock,Financial Services,Banks - Regional,United States,その他,42.2599983215332,6.048068608,57.38421782083511,0.6813315602685043,0.164594167177193,-0.00127208359894363,,3.0,0.03782927967867826,67.29322355800372,0.10234908073041922,0.02153276996403197,True,60,34,38,85,25,D,-20,40.25,20.75,27.150000000000006,40.25,Acceleration
AVA,Avista Corporation Common Stock,Utilities,Utilities - Diversified,United States,その他,41.400001525878906,3.421231104,38.43058641643524,0.013415892672858616,0.10616438356164383,0.02456140350877193,0.6481670061099797,-102.0,0.39310922359133865,46.381989931557214,0.012214089043507804,0.02427524798229218,True,15,12,30,85,75,A,0,31.5,29.25,52.75,52.75,Persistence
AVNT,Avient Corporation Common Stock,Basic Materials,Specialty Chemicals,United States,その他,37.310001373291016,3.421706496,38.852396830062865,0.006110356746080731,0.03105511009291078,-0.07480349730636757,0.3115146310042329,0.44551519644180876,0.33198353690918747,55.70783610918131,0.04276336314371106,0.12444953549850937,True,9,12,30,85,100,S,0,29.5,31.75,57.75,57.75,Persistence
AVY,Avery Dennison Corporation Common Stock,Consumer Cyclical,Packaging & Containers,United States,その他,166.97000122070312,12.77159936,126.88718272766113,0.011398289114519684,0.04679411307581029,-0.07467392386578607,0.28753881768392525,-0.02575107296137339,0.42411125123555676,67.18228907515851,0.043258757770319164,0.14473172983093624,False,0,0,17,65,70,A,0,16.75,16.75,39.6,39.6,Persistence
AWI,Armstrong World Industries Inc Common Stock,Industrials,Building Products & Equipment,United States,その他,158.55999755859375,6.767156224,67.31268296356201,0.12111779760669572,0.11619827053736875,0.05036087908523234,0.40640424481737414,0.3375,0.25661141996155246,55.94381796930051,-0.0107110996720542,0.21705899279014432,False,44,26,42,85,90,S,0,54.75,41.25,62.35,62.35,Persistence
AWK,"American Water Works Company, Inc. Common Stock",Utilities,Utilities - Regulated Water,United States,その他,136.86000061035156,26.7260928,334.8902627935028,0.09735269000853972,0.10628247520075579,0.11656118143459916,0.6071984435797665,-0.2897196261682243,0.4491281530387676,78.58131862416414,0.08004156536885942,0.044701043875712235,True,12,12,34,65,37,C,0,22.45,22.45,42.35,42.35,Persistence
AWR,American States Water Company Common Stock,Utilities,Utilities - Regulated Water,United States,その他,84.76000213623047,3.321969152,34.6231894726181,0.10515249580575657,-0.00040288803573616875,0.21193299262707313,0.7438764392400236,0.7865655471289275,0.345615176207657,87.66730317852334,0.08988454552831487,0.0,True,44,26,26,85,25,D,0,48.25,34.75,40.55,48.25,Acceleration
AX,"Axos Financial, Inc. Common Stock",Financial Services,Banks - Regional,United States,その他,97.9000015258789,5.56900608,44.39471369194031,0.15682502478033075,0.20586490761377527,0.2620577114202147,,0.618152540108936,0.015037316995088342,78.16995204450382,0.09090505255346301,0.030789036180369125,True,14,14,85,85,37,C,-20,6.949999999999999,6.949999999999999,55.400000000000006,55.400000000000006,Persistence
AXP,American Express Company Common Stock,Financial Services,Credit Services,United States,その他,351.9599914550781,240.151609344,1117.5275266685485,0.09524026141412303,0.08979591836734693,0.14477318300480496,,0.31831287585468326,0.19249663391678776,84.32806998168942,0.09652701543871707,0.0781115884631267,True,23,24,50,25,37,C,-20,4.699999999999999,5.449999999999999,21.15,21.15,Persistence
AXTA,Axalta Coating Systems Ltd. Common Shares,Basic Materials,Specialty Chemicals,United States,その他,35.11000061035156,7.514204672,86.52438330413818,-0.030136467020470053,0.017746913580246913,0.06142506142506143,0.3443423881180379,0.0389908256880734,0.4250559284116331,67.13680497492201,0.14139518492159442,0.012932220647153691,True,6,12,26,85,25,D,0,19.75,24.25,40.55,40.55,Persistence
AYI,Acuity Inc. Common Stock,Industrials,Electrical Equipment & Parts,United States,電力/エネルギー,359.0400085449219,10.748059648,185.32029561050416,0.13137203853163237,-0.028136227923688074,-0.013454481915079504,0.47829988954344627,-0.03998559077809798,0.211221399730821,73.01960864098244,0.1839127389608976,0.04677957560100775,True,31,2,33,65,22,D,0,35.2,13.45,38.800000000000004,38.800000000000004,Persistence
AZO,"AutoZone, Inc. Common Stock",Consumer Cyclical,Auto Parts,United States,その他,3159.280029296875,51.576369152,1768.185846796875,0.02425324500434499,0.05917664158113705,0.07414237923041946,0.5262486365892685,-0.07317931884313096,0.6349052074767645,56.05148542427077,-0.03365612076961302,0.27448593859363285,False,8,0,35,40,73,A,-10,9.3,3.3000000000000007,33.85,33.85,Persistence
AZZ,AZZ Inc.,Industrials,Specialty Business Services,United States,その他,150.00999450683594,4.502792704,50.53836714935303,0.04584774209250677,0.026115561440671075,0.16162895148185055,0.23935506157277223,2.31778908569979,0.24323122837675076,49.82508837088358,0.03539428647036584,0.06343262644851085,True,30,24,42,85,87,S,0,43.95,39.45,61.75,61.75,Persistence
BA,Boeing Company (The) Common Stock,Industrials,Aerospace & Defense,United States,防衛/宇宙,226.49000549316406,178.542608384,1358.870953507309,0.3449644451794278,-0.14495976553461706,0.1679377852510209,0.04794160714485318,0.8690095846645367,0.3235533628555295,55.32661415616217,0.01209746632799085,0.1017647789983868,True,51,69,14,25,100,S,0,52.0,65.5,33.95,65.5,Transition
BAC,Bank of America Corporation Common Stock,Financial Services,Banks - Diversified,United States,その他,58.72999954223633,416.782778368,2194.98146319149,0.06840424727932286,0.030038241103834813,0.08234860452869931,,,0.10724856363530845,72.50945496492692,0.09809925325296234,0.0,True,18,12,22,10,25,D,-20,0.0,0.0,0.0,0.0,Acceleration
BAH,Booz Allen Hamilton Holding Corporation Common Stock,Industrials,Consulting Services,United States,その他,62.45000076293945,7.489881088,159.63188170019149,-0.06368948247078464,0.12361658225473644,0.15152824279079813,0.527057145404297,0.043907793633369926,0.5790952514751334,21.818902432002744,-0.15461202896055476,0.44689042338110246,False,10,12,30,85,16,D,0,21.85,23.35,40.95,40.95,Persistence
BALL,Ball Corporation Common Stock,Consumer Cyclical,Packaging & Containers,United States,その他,63.38999938964844,16.877366272,215.4984232750702,0.11581178465451462,-0.02213563256508042,-0.0979658988932097,0.19588177190183118,3.0,0.3591477156320426,87.94403356934642,0.0934966242232408,0.06169692779621499,True,47,27,26,65,37,C,0,48.7,33.7,37.95,48.7,Acceleration
BAM,Brookfield Asset Management Inc Class A Limited Voting Shares,Financial Services,Asset Management,United States,その他,45.869998931884766,73.24459008,130.55496160993576,0.15517673602406618,0.07404415724286484,,0.7020399305555556,,0.2124714025928316,45.53039706464065,-0.026473616865816604,0.2472338946249089,False,23,21,22,40,90,S,-20,12.25,10.75,20.1,20.1,Persistence
BANC,"Banc of California, Inc. Common Stock",Financial Services,Banks - Regional,United States,その他,20.299999237060547,3.13030272,61.70661818086624,0.11894239615210232,2.541458771126318,-0.7924075533718066,,2.649649447354921,0.08668910203227008,58.43870632848658,0.056002886110982815,0.035629454973069685,True,17,26,38,85,72,A,-20,12.700000000000003,19.450000000000003,36.550000000000004,36.550000000000004,Persistence
BBAI,"BigBear.ai, Inc. Common Stock",Technology,Information Technology Services,United States,その他,3.5299999713897705,1.690691456,114.92829176851988,-0.19315452867868246,0.019798406846949036,0.0009870267271354935,0.22305595588696034,0.05922856620559381,0.12834652623059492,25.984260246412134,-0.13969585147696678,0.6038159335754588,False,2,30,10,100,16,D,-15,3.1000000000000014,24.1,18.700000000000003,24.1,Transition
BBT,Beacon Financial Corporation Common stock,Financial Services,Banks - Regional,United States,その他,30.219999313354492,2.532922112,30.424437608709336,0.5552608709103131,-0.042409764453038734,0.13197526949904884,,1.122217887545139,0.03785783449119592,51.09089938077059,0.027347315901500992,0.059742218118200574,True,48,34,38,100,87,S,-20,39.7,29.200000000000003,43.30000000000001,43.30000000000001,Persistence
BBWI,"Bath & Body Works, Inc.",Consumer Cyclical,Specialty Retail,United States,その他,21.959999084472656,4.426297344,127.01180350479126,-0.002189681127685781,-0.01642212949252928,-0.017328042328042328,0.4373885612398848,0.3106060606060606,0.9773130795028605,66.95463642153466,0.14135055620522863,0.32139494579288186,True,39,12,24,85,33,D,-20,25.299999999999997,5.050000000000001,21.050000000000004,25.299999999999997,Acceleration
BBY,"Best Buy Co., Inc. Common Stock",Consumer Cyclical,Specialty Retail,United States,その他,77.98999786376953,16.437727232,308.86105888996127,0.003925062608360624,-0.0442787443615944,-0.061471337854766946,0.22482070470845025,-0.09626436781609195,0.28173142467620993,54.88330650499164,0.16729486732283144,0.03225462891215393,True,30,12,21,65,57,B,0,37.95,24.45,39.2,39.2,Persistence
BC,Brunswick Corporation Common Stock,Consumer Cyclical,Recreational Vehicles,United States,その他,79.08999633789062,5.138828288,54.185742841033935,0.02400183307555708,-0.18188208829318586,-0.060303573001379875,0.24841500708585068,0.5011363636363636,0.4297277963932081,44.65566662465717,-0.02080552446799708,0.10405795435541379,True,27,12,22,85,100,S,0,43.0,31.75,53.35,53.35,Persistence
BCAT,BlackRock Capital Allocation Term Trust Common Shares of Beneficial Interest,Financial Services,Asset Management,United States,その他,15.760000228881836,1.651258368,10.978967759447098,0.13118431597820956,-0.04460799312495775,1.6458395319810109,,,,51.9098932088177,0.030788352073994312,0.019290570742339627,True,23,14,8,100,75,A,-25,14.75,8.0,19.4,19.4,Persistence
BCC,"Boise Cascade, L.L.C. Common Stock",Basic Materials,Lumber & Wood Production,United States,その他,75.93000030517578,2.671956736,34.16508328731537,-0.047543875981627216,-0.01666377849872299,-0.18469122448957692,0.16455263759847422,-0.939080531350748,0.1575641521149508,61.151080530370855,0.042888498816824175,0.1791996495207921,True,0,0,25,100,80,S,0,23.0,23.0,54.75,54.75,Persistence
BCO,Brinks Company (The) Common Stock,Industrials,Security & Protection Services,United States,その他,101.5,4.179874304,51.648275,0.04974161495640376,0.028166413654453697,0.07476573696395106,0.2581160191591272,1.1444717444717445,0.6290467625899281,50.853239146891056,-0.014664863234412765,0.24952028174760052,False,33,24,32,85,90,S,-10,36.5,29.75,46.85,46.85,Persistence
BDC,Belden Inc Common Stock,Technology,Communication Equipment,United States,通信/光通信,115.41000366210938,4.494531584,72.67829570617675,0.10329832152163834,-0.020343666851904633,-0.036217741517791203,0.3797783878426367,-0.019212830080367393,0.3956924287332082,55.99678584808474,0.011168020849271725,0.23459587656846415,False,39,14,25,85,90,S,0,51.0,32.25,53.0,53.0,Persistence
BDJ,Blackrock Enhanced Equity Dividend Trust,Financial Services,Asset Management,United States,その他,9.649999618530273,1.70751616,5.996268512964249,0.6714484577347699,0.0998032695068475,3.0,,,,74.16632137697795,0.053682060321396934,0.0,True,36,22,20,100,25,D,-25,19.5,9.0,16.0,19.5,Acceleration
BE,Bloom Energy Corporation Class A Common Stock,Industrials,Electrical Equipment & Parts,United States,電力/エネルギー,270.8900146484375,77.053001728,3952.346263973999,0.37326441660515003,0.10527870893233443,0.11203585948087147,0.2902182516351333,0.725396729620467,0.6804977629869237,53.90650144354832,-0.030170668141005837,0.21674133333003906,True,44,20,57,40,100,S,-10,39.0,21.0,51.35,51.35,Persistence
BEN,"Franklin Resources, Inc. Common Stock",Financial Services,Asset Management,United States,その他,34.11000061035156,17.724823552,161.9756016483307,0.03452465204057561,0.08008255408056666,-0.05146641209382137,0.8034364417891389,0.1478217073784941,0.41089275618429144,71.86521585536778,0.09755027721100443,0.0,True,17,24,37,65,25,D,-20,5.0,10.25,21.6,21.6,Persistence
BEPC,Brookfield Renewable Corporation Brookfield Renewable Corporation Class A Subordinate Voting Shares,Utilities,Utilities - Renewable,United States,その他,36.4900016784668,6.655104512,52.639929071331025,-0.09995171414775471,0.044113940005041596,0.05002646903123346,0.5989806866952789,-0.59,0.33639527092744287,39.317778214569685,-0.028015361072946228,0.16159199823582268,False,8,0,14,85,80,S,0,26.75,20.75,44.95,44.95,Persistence
BF-A,Brown Forman Inc Class A Common Stock,Consumer Defensive,Beverages - Wineries & Distilleries,United States,その他,26.760000228881836,12.279207936,6.044816451702118,-0.011823899371069183,-0.04858784107228339,-0.011825922421948912,0.6053971486761711,1.0719257540603249,0.31694958196098305,46.684350535221185,-0.0059584915236867595,0.11777447174267491,False,42,12,38,65,90,S,-20,30.25,7.75,35.150000000000006,35.150000000000006,Persistence
BF-B,Brown Forman Inc Class B Common Stock,Consumer Defensive,Beverages - Wineries & Distilleries,United States,その他,26.15999984741211,12.003889152,83.88504791070937,-0.011823899371069183,-0.04858784107228339,-0.011825922421948912,0.6053971486761711,1.0719257540603249,0.31694958196098305,46.29629126477381,-0.006773663798824761,0.13757810238778398,False,42,12,38,65,90,S,-20,30.25,7.75,35.150000000000006,35.150000000000006,Persistence
BFH,"Bread Financial Holdings, Inc. Common Stock",Financial Services,Credit Services,United States,その他,102.20999908447266,4.130006016,78.62555284572602,0.0018238665971860343,-0.10640279394644936,0.10981912144702842,,,0.19384018002912234,51.84010619181138,0.10329709837552996,0.05996508848672968,True,18,12,10,85,57,B,-20,11.95,7.449999999999999,18.15,18.15,Persistence
BG,Bunge Limited Common Shares,Consumer Defensive,Farm Products,United States,その他,106.45999908447266,20.655167488,193.29622653770446,0.32426376440460947,-0.10802821632515956,-0.11440980485483103,0.04847218075047278,-2.677480916030534,0.3560680919870643,19.507461649694193,-0.12349398226829218,0.18986381464374602,False,44,8,6,65,41,C,-20,26.85,0.0,7.75,26.85,Acceleration
BH,Biglari Holdings Inc. Class B Common Stock,Consumer Cyclical,Restaurants,United States,その他,420.9200134277344,1.321276288,23.491545949401857,0.09153747162495789,-0.008770441095155453,-0.007910795125885653,0.3780160450942542,3.0,0.3497590656369376,80.33683400583894,0.34487572523169413,0.11742010908184594,True,34,12,30,100,35,C,-25,19.0,2.5,23.5,23.5,Persistence
BH-A,Biglari Holdings Inc. Class A Common Stock,Consumer Cyclical,Restaurants,United States,その他,2128.989990234375,1.336588416,36.87506467635498,0.09153747162495789,-0.008770441095155453,-0.007910795125885653,0.3780160450942542,3.0,0.3497590656369376,76.5851035760175,0.30480512876456706,0.13560753447001098,True,34,12,30,100,35,C,-25,19.0,2.5,23.5,23.5,Persistence
BHE,"Benchmark Electronics, Inc. Common Stock",Technology,Electronic Components,United States,半導体,86.12999725341797,3.09008896,50.82401942928314,0.001130602894087395,-0.0644144226650736,-0.016406642204237838,0.10156187714075547,-0.4523375990562409,0.14927970304795785,46.81956234889624,0.01181242682468892,0.127090312640485,True,18,0,25,85,100,S,0,36.25,22.75,55.0,55.0,Persistence
BILL,"BILL Holdings, Inc. Common Stock",Technology,Software - Application,United States,ソフトウェア,40.47999954223633,4.031675392,113.57210351568222,0.13362404392592617,0.2189050590098142,0.6488093476374659,0.8139555713572684,0.2008546677110882,0.17615711156876077,83.37328956139223,0.10547327997285355,0.28112238403466244,False,31,56,82,85,8,D,0,36.8,55.55,67.94999999999999,67.94999999999999,Persistence
BIPC,Brookfield Infrastructure Corporation Brookfield Infrastructure Corporation,Utilities,Utilities - Regulated Gas,United States,その他,39.0,4.79663616,40.472445,0.0005455537370430987,0.4646424290850979,0.3271474019088017,0.6363140676117776,,0.5522996878251821,39.63067843155105,-0.018439658799191197,0.21984083972209295,False,12,18,41,85,80,S,0,29.75,34.25,59.8,59.8,Persistence
BJ,"BJ's Wholesale Club Holdings, Inc. Common Stock",Consumer Defensive,Discount Stores,United States,その他,89.18000030517578,11.387749376,199.82027588378907,0.04660419151407359,0.026697546343678345,0.03383476144262811,0.18639935343138184,0.04832065045431447,0.36296505880120766,45.762713743027334,-0.01712048329314332,0.19286811449547012,False,20,24,38,65,90,S,0,33.75,36.75,55.150000000000006,55.150000000000006,Persistence
BKE,"Buckle, Inc. (The) Common Stock",Consumer Cyclical,Apparel Retail,United States,その他,42.189998626708984,2.173548032,23.53463598394394,0.06581811940487267,-0.034424653993094925,-0.06250803791591801,0.4899374727912254,0.03023946249856062,0.3871906900075559,34.79625673799518,-0.12284352098906735,0.2611265709450048,False,40,24,34,100,41,C,0,49.1,37.1,51.900000000000006,51.900000000000006,Persistence
BKH,Black Hills Corporation Common Stock,Utilities,Utilities - Regulated Gas,United States,その他,73.79000091552734,5.617494016,86.48630847305297,0.08567937209193026,-0.08733324754428859,-0.08640959322830943,0.38471861471861474,-4.879518072289157,0.4324918581758634,59.27978014964308,0.005704446437403778,0.030412505126477505,True,22,12,6,85,87,S,0,37.95,30.450000000000003,41.95,41.95,Persistence
BKSY,BlackSky Technology Inc. Class A Common Stock,Industrials,Specialty Business Services,United States,その他,27.8799991607666,1.034599552,60.935641365737915,0.04390114895242573,0.08044067222622021,0.4459372609028309,0.6687497067792634,-1.0180853957030187,0.5423098232732507,28.965154835931827,-0.23421322557477367,0.4600039011429684,True,12,0,41,100,26,D,-15,11.600000000000001,2.6000000000000014,37.75,37.75,Persistence
BKV,BKV Corporation Common Stock,Energy,Oil & Gas E&P,United States,電力/エネルギー,27.350000381469727,2.991723776,25.125624850444794,0.5135772697791228,-0.2004795695518015,-0.5551326538663782,0.8238226142645682,-19.701282487799343,0.1555343679136737,75.17985154935965,-0.006271198130494769,0.14956466072027796,True,73,75,25,100,65,A,0,76.25,77.75,51.75,77.75,Transition
BLDR,"Builders FirstSource, Inc. Common Stock",Industrials,Building Products & Equipment,United States,その他,84.69000244140625,9.109245952,207.1699543222046,-0.07376937228468512,-0.04075712406557047,-0.24768918709494828,0.30385669120678144,-0.42814097765398695,0.45386050137352246,59.47956075663383,0.07683976796291164,0.4324107055111111,False,4,0,21,85,50,B,0,20.75,17.75,42.8,42.8,Persistence
BLK,"BlackRock, Inc. Common Stock",Financial Services,Asset Management,United States,その他,995.72998046875,161.90799872,878.676942614746,0.18665163914343116,0.14267316199115293,-0.0007833044256700051,0.4670465807730426,-0.24441608168474793,0.08821280250355887,44.70461962865511,-0.03839653873020785,0.15863519555366043,False,43,2,41,25,90,S,-20,25.0,0.0,26.799999999999997,26.799999999999997,Persistence
BMI,"Badger Meter, Inc. Common Stock",Technology,Scientific & Technical Instruments,United States,その他,145.8699951171875,4.257298944,76.19373324951172,0.10901231371543195,0.17476890015804614,0.24404492474821773,0.4168053035848507,0.19305844630702593,,68.41850285273613,0.15185085681569152,0.4003336394894465,False,11,26,61,85,15,D,0,22.5,33.75,57.800000000000004,57.800000000000004,Persistence
BMNR,"BitMine Immersion Technologies, Inc. Common Stock",Financial Services,Capital Markets,United States,その他,14.359999656677246,8.1791232,600.7002538382959,0.8413897280966768,3.0,0.5088257507558416,0.05086136177194422,-48.18867924528302,,36.66666077978775,-0.2266348009748435,0.8935983876671866,False,22,45,38,85,33,D,-30,2.549999999999997,19.799999999999997,18.750000000000007,19.799999999999997,Transition
BNY,The Bank of New York Mellon Corporation Common Stock,Financial Services,Banks - Diversified,United States,その他,146.6199951171875,100.636893184,604.5069088684082,0.08221053784642349,0.052698339483394835,0.07154330903249723,,3.0,0.07261909803091256,59.60968018012769,0.053634978987220826,0.004548836984762033,True,30,37,42,25,60,B,-20,12.25,17.5,21.35,21.35,Persistence
BOH,Bank of Hawaii Corporation Common Stock,Financial Services,Banks - Regional,United States,その他,82.7300033569336,3.277846784,29.894486713027955,0.1249254748654594,-0.061304803498635756,-0.03504517267608176,,0.14275526782503006,0.02690967094969285,64.57401634562915,0.05863662688467072,0.003012774040567819,True,25,26,30,85,40,C,-20,15.5,16.25,25.75,25.75,Persistence
BOOT,"Boot Barn Holdings, Inc. Common Stock",Consumer Cyclical,Apparel Retail,United States,その他,157.72000122070312,4.786403328,111.5522024633789,0.17934921385753994,0.14642692390982892,0.0056671784461409915,0.38083793174284636,3.0,0.3156964582716856,36.04463836503981,-0.039148070200744164,0.2416578302688219,False,51,39,50,85,80,S,0,59.0,50.0,64.75,64.75,Persistence
BOW,Bowhead Specialty Holdings Inc. Common Stock,Financial Services,Insurance - Property & Casualty,United States,その他,31.479999542236328,1.033741376,5.966561713237763,0.29593366416661965,0.5016406861949488,0.5107408236585964,,0.1196599982828196,0.06175612808765881,79.85184280960648,0.17229101326938862,0.12017885365464642,True,11,29,85,100,35,C,-25,1.75,15.25,53.75,53.75,Persistence
BOX,"Box, Inc. Class A Common Stock",Technology,Software - Infrastructure,United States,ソフトウェア,27.889999389648438,3.863675136,60.546399674987796,0.07991982607578912,0.05048369487184182,0.04729864745668975,0.7921882552008787,0.04353900500246647,0.3415009766761963,69.0476356270082,0.09330529422626571,0.1731396451777329,True,47,12,53,85,65,A,0,54.5,28.25,63.400000000000006,63.400000000000006,Persistence
BRBR,"BellRing Brands, Inc. Common Stock ",Consumer Defensive,Packaged Foods,United States,その他,13.859999656677246,1.61161088,98.70267085505962,0.16050495942290352,0.1976241900647948,0.21531170251549397,0.33255633255633255,0.2937310414560162,1.1522848034006377,89.6000166015701,0.25182893199736,0.7640851122267702,False,14,14,69,100,0,D,-45,0.0,0.0,17.950000000000003,17.950000000000003,Persistence
BRC,Brady Corporation Common Stock,Industrials,Security & Protection Services,United States,その他,91.94000244140625,4.331550208,42.15081351928711,0.12838295711994918,0.007155390606991861,0.02288754298950434,0.5026555805510685,-0.12308913016177461,0.09143129635641398,85.12721130484032,0.10076939695560412,0.04275843574510162,True,31,2,45,85,22,D,0,38.2,16.45,50.4,50.4,Persistence
BRK-A,Berkshire Hathaway Inc. Common Stock,Financial Services,Insurance - Diversified,United States,その他,761580.0,1095.078182912,198.0108,-0.032317222651756586,-0.034381351900704925,0.8765382003323068,,1.1558195592286502,0.10561572146728458,73.39161353276924,0.051664978793949996,0.011172640339658653,True,30,12,38,10,25,D,-20,6.5,0.0,8.400000000000002,8.400000000000002,Persistence
BRK-B,Berkshire Hathaway Inc. New Common Stock,Financial Services,Insurance - Diversified,United States,その他,507.7799987792969,1095.207223296,2873.5422464920043,-0.032317222651756586,-0.034381351900704925,0.8765382003323068,,1.1558195592286502,0.10561572146728458,69.53970375126909,0.05188059340670475,0.011735853346468268,True,30,12,38,10,40,C,-20,8.0,0.0,11.400000000000002,11.400000000000002,Persistence
BRO,"Brown & Brown, Inc. Common Stock",Financial Services,Insurance Brokers,United States,その他,70.0,23.726348288,220.8458,0.2248671625929862,0.12050488211478924,0.1785012629806343,0.4907166406385563,0.26556776556776557,0.26401253709446165,79.6110806519739,0.1748306831477471,0.3502700492510859,False,40,29,71,65,8,D,-20,20.549999999999997,12.299999999999997,36.900000000000006,36.900000000000006,Persistence
BROS,Dutch Bros Inc. Class A Common Stock,Consumer Cyclical,Restaurants,United States,その他,72.16000366210938,12.605155328,267.60140478073123,0.2787976721584056,0.3264100578187903,0.30684752074391214,0.2587941707734109,1.2034097351583382,0.3618838047475272,67.48407331103759,0.2191496297032645,0.028017164082856625,True,21,29,81,65,25,D,-20,8.0,14.0,45.80000000000001,45.80000000000001,Persistence
BST,BlackRock Science and Technology Trust Common Shares of Beneficial Interest,Financial Services,Asset Management,United States,その他,48.5,1.683921024,5.4826825,-0.07960208154094707,-0.05872340228309766,1.4458309394142819,,,,58.30043165766707,0.054580845084687545,0.04358113043526667,True,0,0,8,100,72,A,-25,0.0,0.0,18.799999999999997,18.799999999999997,Persistence
BSTZ,BlackRock Science and Technology Term Trust Common Shares of Beneficial Interest,Financial Services,Asset Management,United States,その他,29.389999389648438,2.020390528,8.428170124969482,0.15302130376586628,-0.028455445523854667,1.2115133955496706,,,,46.42857532458323,0.02708672528615976,0.07228538173824482,True,23,14,8,100,87,S,-20,20.950000000000003,14.200000000000003,26.799999999999997,26.799999999999997,Persistence
BTT,BlackRock Municipal 2030 Target Term Trust,Financial Services,Asset Management,United States,その他,22.829999923706055,1.452568192,2.321240242242813,,3.0,0.9962430766262386,,,0.02897715031861973,70.47923188436246,0.006114911690518373,0.00638992116446385,True,0,0,10,100,40,C,-25,0.0,0.0,13.5,13.5,Persistence
BTU,Peabody Energy Corporation Common Stock ,Energy,Thermal Coal,United States,電力/エネルギー,22.299999237060547,2.716898816,71.4073850569725,-0.08855949205749758,-0.14353003012109083,-0.007065577390152351,0.1363718762139065,-1.4299019607843138,0.07919479267116683,23.840178818976767,-0.13149859525458582,0.43365986619951297,False,18,0,10,100,16,D,0,30.1,16.6,33.7,33.7,Persistence
BTX,BlackRock Technology and Private Equity Term Trust Common Shares of Beneficial Interest,Financial Services,Asset Management,United States,その他,8.600000381469727,1.003708608,6.866326304569244,-0.7178162771595705,-0.8112511716657763,1.1303788822444711,,,,45.496346328496905,-0.00039175336747798945,0.08704879917016162,True,18,0,0,100,100,S,-25,13.5,0.0,20.0,20.0,Persistence
BURL,"Burlington Stores, Inc. Common Stock",Consumer Cyclical,Apparel Retail,United States,その他,313.17999267578125,19.712239616,226.11908651184083,0.0876448061241828,0.09327772584579315,0.11776509651593936,0.43918280681703237,3.0,0.6054141033769641,27.31227857781252,-0.015791733397164942,0.09959178287334108,True,16,37,36,65,73,A,-10,19.05,34.8,40.65,40.65,Persistence
BW,"Babcock & Wilcox Enterprises, Inc. Common Stock",Industrials,Specialty Industrial Machinery,United States,その他,11.739999771118164,1.747376128,46.663974990243915,0.011422641165222989,-0.010909901812585965,-0.03608084182614446,0.24477943628802265,0.3407803601662306,0.5561017772401039,26.696836142698572,-0.2975528165812594,0.4627002486885778,True,38,37,2,100,18,D,-15,30.299999999999997,29.549999999999997,14.700000000000003,30.299999999999997,Acceleration
BWA,BorgWarner Inc. Common Stock,Consumer Cyclical,Auto Parts,United States,その他,63.52000045776367,13.028900864,200.26966864326477,0.016328269203464432,-0.00788843499084378,0.12370399683419074,0.18678401788208998,0.6570644718792867,0.2946473963250781,19.394911632318227,-0.03717603089599598,0.17538619415328674,True,27,12,26,65,73,A,0,37.3,26.05,45.150000000000006,45.150000000000006,Persistence
BWXT,"BWX Technologies, Inc. Common Stock",Industrials,Aerospace & Defense,United States,防衛/宇宙,191.05999755859375,17.503893504,198.86097725891113,0.18300085735822705,0.0830606307151879,0.11800026334246075,0.22913121301890774,0.15899929743583704,0.47196192433796597,46.191081698118666,-0.05593397154859306,0.19756814206635764,False,25,26,42,65,80,S,0,36.5,37.25,55.35,55.35,Persistence
BX,Blackstone Inc. Common Stock,Financial Services,Asset Management,United States,その他,122.77999877929688,150.06932992,690.4870876350403,0.13535214179720306,0.5600239144275673,-0.017662904801481416,,0.32956772496069736,0.27890276410256143,52.90519934755884,0.025181952625308313,0.3297092500341747,False,10,26,41,25,73,A,-20,0.0,10.55,23.400000000000006,23.400000000000006,Persistence
BY,"Byline Bancorp, Inc. Common Stock",Financial Services,Banks - Regional,United States,その他,37.439998626708984,1.700122624,15.203260242347717,0.0940848490855925,0.05194009619019069,0.19793959947412632,,-0.20358361375958123,0.051301835884681096,72.69227355190078,0.1023519272997953,0.023219492873194414,True,18,12,45,100,10,D,-25,4.5,0.0,26.75,26.75,Persistence
BYD,Boyd Gaming Corporation Common Stock,Consumer Cyclical,Resorts & Casinos,United States,その他,87.9000015258789,6.533621248,89.54680805446625,0.04116717902475043,0.05127789493731697,0.05150368020044006,0.49540773447826963,-0.4548632505501415,0.41243876137125857,56.08078298982421,0.036507208442723066,0.020066839282078204,True,8,12,37,85,75,A,0,26.25,29.25,56.6,56.6,Persistence
C,"Citigroup, Inc. Common Stock",Financial Services,Banks - Diversified,United States,その他,139.97000122070312,238.729609216,1964.8785814860535,0.05628966679888933,0.03306441285695992,0.04846938775510204,,-1.8335817188276204,0.13838052206794968,54.91716660506289,0.06123338867455554,0.039129518911858834,True,18,12,22,25,72,A,-30,0.0,0.0,2.75,2.75,Persistence
CACI,"CACI International, Inc. Class A Common Stock",Technology,Information Technology Services,United States,その他,502.8299865722656,11.108169728,145.85589420501708,0.12637248440957974,0.14282423425367016,0.08054742631571565,0.08857215909828481,0.11013847732592327,0.38565957853267463,43.64199131008843,0.0069178153219246015,0.24065602815143916,False,7,26,46,65,90,S,0,24.0,38.25,59.55,59.55,Persistence
CAG,"ConAgra Brands, Inc. Common Stock",Consumer Defensive,Packaged Foods,United States,その他,14.34000015258789,6.860788736,348.3180301063538,-0.036354131226713354,-0.018416551274741386,0.06424292859681516,0.2586370212179664,-0.19963133640552996,0.3853844720763928,61.15288981329728,0.05202708992040248,0.26565437409608306,False,0,12,21,85,38,C,-20,0.0,5.550000000000001,20.4,20.4,Persistence
CALX,"Calix, Inc Common Stock",Technology,Software - Infrastructure,United States,ソフトウェア,38.47999954223633,2.454342912,51.83352138338089,0.202631813141748,-0.20015044349086614,0.1979265452676628,0.568310316896831,1.294482183291622,0.014730917260104183,49.51689708424401,-0.03412201376113388,0.43759133919851884,False,53,66,38,100,65,A,0,61.25,71.0,58.900000000000006,71.0,Transition
CALY,Callaway Golf Company Common Stock,Consumer Cyclical,Leisure,United States,その他,18.260000228881836,3.28237312,46.32936388072014,-0.008470905328006931,-0.025788906081492945,-0.46625122006156616,0.4211446046308432,-0.09052504526252263,0.22965962119132582,64.1618520477183,0.1304961659685261,0.05142855953860592,True,34,18,29,85,37,C,0,41.95,29.95,44.6,44.6,Persistence
CARR,Carrier Global Corporation Common Stock ,Industrials,Building Products & Equipment,United States,その他,70.06999969482422,58.198769664,418.210340728569,-0.0328648937116428,0.18653369215344837,0.09619389171679778,0.25861038304133904,3.0,0.32941650981446624,50.931681834982854,0.0445883970733403,0.12185354554326726,True,12,12,26,40,100,S,0,25.0,25.0,44.3,44.3,Persistence
CAT,"Caterpillar, Inc. Common Stock",Industrials,Farm & Heavy Construction Machinery,United States,その他,963.530029296875,443.794194432,3812.8858495837403,0.04289527689055533,-0.033566954965702354,0.12844330018341832,0.3177736022133779,-0.15498866213151927,0.43951919663234773,57.1043553397583,0.055217222595814394,0.09519203004334992,True,22,0,21,10,85,S,-20,6.5,0.0,11.05,11.05,Persistence
CAVA,"CAVA Group, Inc. Common Stock",Consumer Cyclical,Restaurants,United States,その他,76.87999725341797,8.954509312,230.59232616195678,0.22408227345693169,0.32250994922464665,0.2917487267757335,0.24622858712311302,-0.5058038415003024,0.3428226057276804,33.69657753596505,-0.06974496604345239,0.21059659374441347,True,9,5,76,85,80,S,-20,7.5,4.5,59.05000000000001,59.05000000000001,Persistence
CBOE,"Cboe Global Markets, Inc. Common Stock",Financial Services,Financial Data & Stock Exchanges,United States,その他,248.99000549316406,26.057746432,475.6381377934265,0.15134937110758334,0.08506691400556513,-0.04673487432108122,0.4090407704382504,0.6173896316245071,0.1709455901475503,26.19024642837394,-0.18542174271057188,0.319574905722201,False,51,33,34,65,24,D,-20,30.4,16.9,19.75,30.4,Acceleration
CBRE,CBRE Group Inc Common Stock Class A,Real Estate,Real Estate Services,United States,その他,141.5800018310547,41.456971776,301.8874984043121,0.13372661950960382,0.119502957839056,0.036363046581030234,0.18658446362515413,-0.14846538187009278,0.32357418142954303,67.48642851190709,0.03982903925210632,0.17498979472345189,False,35,14,33,40,70,A,0,39.25,23.5,42.150000000000006,42.150000000000006,Persistence
CBT,Cabot Corporation Common Stock,Basic Materials,Specialty Chemicals,United States,その他,86.3499984741211,4.457509376,59.63244544624329,-0.07035553329994992,0.01602645637242432,-0.09025688498032863,0.25316455696202533,-0.13303769401330376,0.31847968545216254,51.69008509681472,0.032278928396840115,0.07548183015612077,True,0,0,21,85,87,S,0,21.450000000000003,21.450000000000003,50.2,50.2,Persistence
CBZ,"CBIZ, Inc. Common Stock",Industrials,Specialty Business Services,United States,その他,35.119998931884766,1.88414336,28.60576593000412,0.5208346199996471,0.13969258305398335,0.12692469222275968,0.12885937626337432,0.5844842838830815,0.4146709126237547,53.49526213618561,0.10111299099785263,0.5486441327100913,False,60,41,59,100,35,C,-5,58.5,44.25,59.45,59.45,Persistence
CC,Chemours Company (The) Common Stock,Basic Materials,Specialty Chemicals,United States,その他,19.010000228881836,2.85868032,51.3960069188118,0.004496713939813214,-0.04870023033892728,-0.11023276240667546,0.1553030303030303,1.051359516616314,0.5952316445407748,34.970066062757,-0.16689292797671595,0.31719648080662316,True,42,25,22,100,51,B,0,51.6,38.85,47.300000000000004,51.6,Acceleration
CCK,"Crown Holdings, Inc.",Consumer Cyclical,Packaging & Containers,United States,その他,113.29000091552734,12.659774464,135.7378481469345,0.047792559952546394,-0.017402164862614488,-0.07208529707177624,0.22029923170238577,0.4157160963244613,0.43231502242152464,93.77806231217843,0.13045423925583116,0.01762813759315124,True,35,24,22,65,10,D,0,37.0,28.75,30.35,37.0,Acceleration
CCL,Carnival Corporation Ltd. Common Shares,Consumer Cyclical,Travel Services,United States,その他,27.90999984741211,38.226907136,729.252152563076,0.06394628512049878,0.15875515213263558,0.7744268222532665,0.40096164682017954,1.010023130300694,0.541586859365024,48.89821147622911,0.024710298299989546,0.17002798775399636,False,19,24,46,40,90,S,0,29.25,33.0,53.3,53.3,Persistence
CCO,"Clear Channel Outdoor Holdings, Inc. Common Stock",Communication Services,Advertising Agencies,United States,その他,2.4100000858306885,1.226650368,27.164906417461633,0.06571088803704417,0.04953611316802702,0.038088716845546065,0.5336921964417071,1.510479018021038,1.6899739479612157,52.94117647058823,0.004668996526694282,0.008230444599618197,True,50,60,40,100,75,A,-25,35.0,42.5,37.0,42.5,Transition
CE,Celanese Corporation Common Stock,Basic Materials,Chemicals,United States,その他,47.68000030517578,5.228709888,81.10320371910095,-0.07051032333463186,-0.06022332051986088,0.12953582135842034,0.20452640402347025,0.512241054613936,0.5961742336943996,37.570096567722175,-0.14227315888019545,0.31138067914174816,False,9,30,22,85,41,C,0,23.6,39.35,41.550000000000004,41.550000000000004,Persistence
CET,Central Securities Corporation Common Stock,Financial Services,Asset Management,United States,その他,52.70000076293945,1.557246208,2.2155080320739744,-0.07898466813325454,0.28534068147782066,2.5096436510925955,,0.2626584407066699,0.0015236068461532645,54.31471229334609,0.0016600191553511221,0.0195482296071547,True,5,12,38,100,75,A,-25,1.25,6.5,35.900000000000006,35.900000000000006,Persistence
CF,"CF Industries Holdings, Inc. Common Stock",Basic Materials,Agricultural Inputs,United States,その他,110.54000091552734,16.982180864,318.0058962338257,0.19339622641509435,-0.10481073744533254,-0.40720543536563564,0.3845285149632976,0.029142857142857144,0.2580919931856899,59.36030798922411,-0.04567762874388122,0.19337720478601308,True,44,33,30,65,100,S,0,52.75,44.5,52.75,52.75,Acceleration
CFG,"Citizens Financial Group, Inc. Common Stock",Financial Services,Banks - Regional,United States,その他,70.9800033569336,30.016161792,335.61120087242125,0.05608912792931233,-0.05046206225680934,0.02530856501683082,,0.08408728046833422,0.049842943039792184,71.55257148238397,0.09345804661745907,0.011695855492340809,True,20,24,30,40,25,D,-20,3.5,6.5,11.5,11.5,Persistence
CFR,"Cullen/Frost Bankers, Inc. Common Stock",Financial Services,Banks - Regional,United States,その他,154.86000061035156,9.724750848,104.12321861038208,0.08311923671446085,0.03849827345529351,0.1716318780544319,,-0.8522470397653163,0.004205128429432815,72.40143509193558,0.09059440743368838,0.005714281795495586,True,18,12,37,85,25,D,-20,8.75,4.25,26.6,26.6,Persistence
CHD,"Church & Dwight Company, Inc. Common Stock",Consumer Defensive,Household & Personal Products,United States,その他,98.5999984741211,23.362637824,204.0995318414688,0.01573578294116684,0.04076415753506365,0.0915804747377037,0.447317513541398,0.11941827120032773,0.24741932588303936,54.38798114852343,0.02887938561713077,0.060213748904411606,True,6,24,46,65,87,S,0,22.950000000000003,36.45,58.95,58.95,Persistence
CHH,"Choice Hotels International, Inc. Common Stock",Consumer Cyclical,Lodging,United States,その他,112.37000274658203,5.112328704,77.20999073719025,0.007542722005200528,0.02634044936907649,0.10144163589403038,0.5271647608675639,-0.2817557951265046,0.6930460286690131,59.3485268250618,0.023474210257812926,0.16012017214371616,True,8,12,35,85,100,S,-10,18.75,21.75,50.5,50.5,Persistence
CHWY,"Chewy, Inc. Class A Common Stock",Consumer Cyclical,Internet Retail,United States,その他,20.850000381469727,8.536494592,245.13022273488045,0.062404626811563654,0.06401320451752379,0.10166024310702639,0.2978931079633377,0.2428729281767956,0.15408151140684412,62.44019286126752,-0.0308455854657155,0.5074415431238305,False,5,12,42,85,45,C,0,21.0,26.25,53.35,53.35,Persistence
CIEN,Ciena Corporation Common Stock,Technology,Communication Equipment,United States,通信/光通信,422.4599914550781,59.800449024,1767.5704919480895,0.18793535668519323,-0.08471215071346519,0.20753051275635134,0.42036147551518427,0.7605394148047983,0.2771775447779047,44.558666880681734,-0.18267424169314375,0.3262201093220445,True,36,26,38,40,61,B,0,39.1,31.6,43.1,43.1,Persistence
CL,Colgate-Palmolive Company Common Stock,Consumer Defensive,Household & Personal Products,United States,その他,95.12999725341797,76.122005504,528.8538154809952,0.013979404009750758,0.03309862774322866,0.08292981577336228,0.6010695711902659,0.024816694867456288,0.5238211879975505,72.42184794510177,0.07321263398758118,0.0344844701797298,True,14,12,46,40,37,C,0,20.2,18.7,42.699999999999996,42.699999999999996,Persistence
CLF,Cleveland-Cliffs Inc. Common Stock,Basic Materials,Steel,United States,その他,9.859999656677246,5.624288256,195.68677898623466,-0.029971331769611677,-0.12779596290234588,-0.04319457131671669,-0.046211714132187,-0.7338983050847457,0.36243254047571455,13.88367320282488,-0.13943586168817815,0.39060571874506367,False,18,0,6,85,24,D,-10,18.65,5.15,19.35,19.35,Persistence
CLH,"Clean Harbors, Inc. Common Stock",Industrials,Waste Management,United States,その他,291.20001220703125,15.388765184,143.98093403564454,0.02391954976882664,0.08888639106462529,0.04694514095813402,0.3127655414994635,0.3043435549218124,0.3981734919050962,55.45950126993198,-0.009339114863781457,0.0717245748309081,True,9,12,42,65,87,S,0,25.200000000000003,27.450000000000003,56.75,56.75,Persistence
CLX,Clorox Company (The) Common Stock,Consumer Defensive,Household & Personal Products,United States,その他,97.26000213623047,11.760811008,244.17269426303864,0.0015508247568024813,-0.040059547976722155,0.03967918953144787,0.45228040540540543,0.5755693581780539,0.5178924653839238,47.78723281300879,0.0360541940658694,0.22663198620465821,False,41,38,30,65,90,S,0,49.5,47.25,50.75,50.75,Persistence
CMG,"Chipotle Mexican Grill, Inc. Common Stock",Consumer Cyclical,Restaurants,United States,半導体,35.38999938964844,45.395955712,782.4387351557159,0.05407070429499128,0.14609555100672644,0.14325962412845358,0.253757190098847,-0.04226539276586482,0.5643222531558344,69.6768094616126,0.0966094412197733,0.3798843599282861,False,0,12,37,40,38,C,-20,0.0,0.0,17.950000000000003,17.950000000000003,Persistence
CMI,Cummins Inc. Common Stock,Industrials,Specialty Industrial Machinery,United States,その他,661.7000122070312,91.307368448,791.2410235968017,-0.012667878716790804,0.0010861588140319977,0.21340029920923273,0.25292545292545293,3.0,0.23870322428806778,51.18107251767027,-0.0202445355830483,0.09055926032027119,True,12,12,30,40,100,S,0,25.0,25.0,46.5,46.5,Persistence
CMS,CMS Energy Corporation Common Stock,Utilities,Utilities - Regulated Electric,United States,電力/エネルギー,77.7300033569336,24.012322816,291.5660198918915,0.1362608117099135,0.007102653444116859,-0.13192182410423453,0.4152711090291603,-1.2314356435643565,0.47314789314238503,70.16529926127322,0.050695729365802716,0.02009369111363659,True,39,14,6,65,25,D,0,41.5,22.75,24.55,41.5,Acceleration
CNA,CNA Financial Corporation Common Stock,Financial Services,Insurance - Property & Casualty,United States,その他,51.16999816894531,13.84309248,32.19283679801941,0.05100364311736553,0.06659047619047619,0.10377596501555798,,-0.029079159935379646,0.042783289892429764,83.54565245914385,0.13603335223025792,0.0,True,0,12,37,65,10,D,-20,0.0,0.0,18.6,18.6,Persistence
CNK,"Cinemark Holdings Inc Cinemark Holdings, Inc. Common Stock",Communication Services,Entertainment,United States,その他,31.530000686645508,3.68231808,74.46850152173997,0.02147893097229054,-0.005608634688753383,0.24931763555627978,0.6412520064205457,-0.43781725888324874,0.6747558582737545,34.878061091454825,0.0634139246795107,0.07291966354839545,True,30,0,27,85,62,B,-10,31.450000000000003,8.95,38.5,38.5,Persistence
CNM,"Core & Main, Inc. Class A Common Stock",Industrials,Industrial Distribution,United States,その他,44.93000030517578,8.695753728,149.18400046329498,0.02768445101464857,0.11026559236048941,0.007668019846639603,0.2692559173532104,0.030716723549488054,0.40049301561216105,33.5892491441338,-0.0769350819276277,0.32920277615177596,False,2,24,34,85,53,B,0,19.55,36.05,50.550000000000004,50.550000000000004,Persistence
CNO,"CNO Financial Group, Inc. Common Stock",Financial Services,Insurance - Life,United States,その他,52.43000030517578,4.894262272,48.02142372951508,0.00940255533561274,0.07205556091444006,0.1593603220755983,,,0.104450562765206,65.22277753594929,0.09996501902182119,0.006443057601639055,True,0,0,22,85,40,C,-20,0.0,0.0,21.35,21.35,Persistence
CNP,"CenterPoint Energy, Inc (Holding Co) Common Stock",Utilities,Utilities - Regulated Electric,United States,電力/エネルギー,44.61000061035156,29.182500864,294.98072938591,0.08261020479000347,-0.00609475620975161,-0.06705289132067374,0.45057176445441915,-0.004212299915754001,0.4938324665835733,66.83007951650573,0.044699870109191575,0.0095470758533564,True,38,12,10,65,55,B,0,43.75,24.25,32.75,43.75,Acceleration
CNR,"Core Natural Resources, Inc. Common Stock",Energy,Thermal Coal,United States,電力/エネルギー,79.33999633789062,3.99933952,58.71596098983765,0.9242115388702489,-0.13652925136687233,0.09939263637392336,-0.0002662808915247522,-0.929052084101313,0.07381469621877658,28.39203192667864,-0.08766972498145263,0.2985557438049586,False,40,10,33,85,36,C,0,46.35,23.85,46.60000000000001,46.60000000000001,Persistence
CNS,Cohen & Steers Inc Common Stock,Financial Services,Asset Management,United States,その他,78.56999969482422,4.038938624,26.1602742483902,0.07706223067622275,0.06446341632705675,-0.12108435414938193,0.48564756756756755,-2.486664785154872,0.15778139236723418,57.84616323617789,0.08374986484338222,0.0,True,38,12,18,85,60,B,-30,17.25,0.0,13.149999999999999,17.25,Acceleration
CNX,CNX Resources Corporation Common Stock,Energy,Oil & Gas E&P,United States,電力/エネルギー,33.84000015258789,4.78760192,71.20325192106247,0.48866481238417975,-0.044549676823147644,-0.6162289496064445,0.47234760951479904,0.9385544224478757,0.28642239450319457,65.87153099314264,-0.0376849829361259,0.20582023778786596,False,71,85,34,85,70,A,0,73.0,83.5,53.95,83.5,Transition
COF,Capital One Financial Corporation Common Stock,Financial Services,Credit Services,United States,その他,205.1199951171875,126.357905408,1023.8554300274658,0.3661791777459603,0.06320167450458042,0.07407299270072992,,0.5417281038041876,0.07535474111708512,79.52917189056309,0.07652712517144254,0.1983070078056673,False,41,20,57,25,40,C,-20,18.5,2.75,25.6,25.6,Persistence
COHR,Coherent Corp. Common Stock,Technology,Scientific & Technical Instruments,United States,その他,333.3599853515625,65.218322432,2045.0451673370362,0.23417588421322738,-0.08767504505726634,0.5558328127223652,0.3516835725282546,-0.030922755951034362,0.26112767166326784,45.02764286885688,-0.09663632728242132,0.21909631541487576,True,37,54,33,40,90,S,0,42.75,55.5,46.150000000000006,55.5,Transition
COMP,"Compass, Inc. Class A Common Stock",Real Estate,Real Estate Services,United States,その他,12.619999885559082,9.429070848,198.0674908038807,0.23671634897230462,0.15232343909928353,-0.1882685277500831,0.18413870374626523,0.9215500945179584,0.3093212081844755,94.64666279479142,0.43673580056697664,0.07069219760974664,True,51,35,26,85,22,D,0,53.2,41.2,39.949999999999996,53.2,Acceleration
COP,ConocoPhillips Common Stock,Energy,Oil & Gas E&P,United States,電力/エネルギー,104.7300033569336,127.591940096,849.5530304309082,0.07670106859073889,-0.02486596248730874,-0.2847733584732591,0.2508821932681867,-0.09530352235823132,0.19226006445845872,25.105408862027403,-0.09955171011878695,0.2114474891001652,True,30,0,25,25,63,B,0,32.55,10.05,32.6,32.6,Persistence
COTY,Coty Inc. Class A Common Stock,Consumer Defensive,Household & Personal Products,United States,その他,2.299999952316284,2.025072768,41.53116813897371,-0.03679306963059824,0.10152860049332925,0.04707412713973305,0.6483904359483447,-0.24851109907958852,0.3565088136247974,65.16853646638526,0.07116241938437111,0.5533980757815523,False,12,0,33,100,30,D,0,27.0,18.0,49.150000000000006,49.150000000000006,Persistence
COUR,"Coursera, Inc. Common Stock",Consumer Defensive,Education & Training Services,United States,その他,5.900000095367432,1.689515904,47.04642376045704,0.09039873326615805,0.09263919471531928,0.2139240409656405,0.5457425742574258,0.16318537859007834,,65.40541083905043,0.052631595962075145,0.5354330563797997,False,13,37,48,100,30,D,-5,22.75,40.75,52.400000000000006,52.400000000000006,Persistence
CPAY,"Corpay, Inc. Common Stock",Technology,Software - Infrastructure,United States,ソフトウェア,352.4599914550781,23.037462528,276.29338730163573,0.13933868382366077,0.057713203142651166,0.096462665980767,0.7859781914286339,-0.26410269917848134,0.3787350753849145,50.85884169351158,0.042696515706464606,0.03204902993778313,True,38,14,48,65,87,S,0,46.95,28.950000000000003,60.05000000000001,60.05000000000001,Persistence
CPK,Chesapeake Utilities Corporation Common Stock,Utilities,Utilities - Regulated Gas,United States,その他,125.0,3.000594944,23.905625,0.18140243902439024,0.1738741425589025,-0.014837667107389452,0.4143010752688172,-0.8541846419327006,0.40742965855612295,58.77771381072956,0.008657730891654067,0.08604569615325872,False,39,14,14,85,90,S,0,51.0,32.25,46.95,51.0,Acceleration
CPNG,"Coupang, Inc. Class A Common Stock",Consumer Cyclical,Internet Retail,United States,その他,18.559999465942383,33.316390912,513.6121644209861,0.14094092771243558,0.24135668293483165,0.18461837438662973,0.2936526321885678,-0.4816285998013903,0.26058357227188395,59.31720724032726,0.06306200300992267,0.4464658472519161,False,5,14,58,40,50,B,0,14.75,21.5,51.900000000000006,51.900000000000006,Persistence
CR,Crane Company Common Stock,Industrials,Specialty Industrial Machinery,United States,その他,217.63999938964844,12.567771136,112.1488034854889,0.0815503003003003,0.1445142580956984,0.04806664040074295,0.4220390455531453,0.5429475587703436,0.315617376861992,67.83178840612838,0.1415304950430003,0.02661119480162482,True,13,24,42,65,25,D,0,22.0,30.25,44.35,44.35,Persistence
CRBG,Corebridge Financial Inc. Common Stock,Financial Services,Asset Management,United States,その他,29.760000228881836,13.40647936,156.64518360474585,-0.050732272679380463,-0.0014729089952656496,-0.2624636275460718,,,0.026371851325242356,68.21415180059167,0.08504805652812933,0.14324461362680924,True,0,0,10,65,65,A,-20,0.0,0.0,14.75,14.75,Persistence
CRC,California Resources Corporation Common Stock,Energy,Oil & Gas E&P,United States,電力/エネルギー,51.2599983215332,4.551626752,45.70162040353775,0.15082854244166385,0.05119089939566299,-0.13044822256568778,0.42844548927416987,,0.1835742266648656,25.438581521268105,-0.1431941651812008,0.2641831258736028,False,39,2,14,85,24,D,0,44.4,16.65,33.75,44.4,Acceleration
CRCL,"Circle Internet Group, Inc. Class A Common Stock",Financial Services,Capital Markets,United States,その他,64.62000274658203,17.272324096,923.0295344320679,0.6385605275575942,0.15566514485689426,0.8787154233134555,0.08669240476188743,0.5907168437661632,0.000467786809905992,32.150651265927394,-0.32690441705342843,0.7251148449751051,False,45,22,68,65,25,D,-20,26.0,8.75,38.650000000000006,38.650000000000006,Persistence
CRGY,Crescent Energy Company Class A Common Stock,Energy,Oil & Gas E&P,United States,電力/エネルギー,9.34000015258789,3.084550144,58.29308915233612,0.2213855108244206,0.23013369417133034,-0.2206243570221765,0.7855137547481942,-3.233984338145108,0.4588498768846327,7.87404294686759,-0.21784934293059613,0.32279098043909576,False,24,40,17,85,24,D,0,33.15,45.15,35.400000000000006,45.15,Transition
CRI,"Carter's, Inc. Common Stock",Consumer Cyclical,Apparel Retail,United States,その他,40.650001525878906,1.497957248,37.06080964115143,0.01910058078085807,-0.034455529173402714,-0.08315007814219233,0.4535689370713622,-0.7171319995713497,0.47247560875784944,45.4722496675606,0.06214112999095276,0.07094159876469103,True,38,0,25,100,72,A,-5,45.7,17.2,48.15,48.15,Persistence
CRK,"Comstock Resources, Inc. Common Stock",Energy,Oil & Gas E&P,United States,電力/エネルギー,14.680000305175781,4.311455232,40.39091983966827,0.5382751798848099,-0.19904620061605932,-0.56860958909962,0.22907707154973342,0.05756788873729149,0.4149298236550497,70.79889510426311,0.007287065609474948,0.46364633339240513,False,60,87,2,85,30,D,0,60.75,81.0,28.35,81.0,Transition
CRM,"Salesforce, Inc. Common Stock",Technology,Software - Application,United States,ソフトウェア,166.11000061035156,136.04409344,2833.3507386608126,0.09579100145137881,0.08715609490202829,0.11179510079101812,0.7767609873570138,0.15827569567315425,0.15294065268687948,49.597160562304694,-0.04570184868640222,0.38784616947004663,False,35,24,57,25,73,A,0,37.3,29.05,52.2,52.2,Persistence
CRS,Carpenter Technology Corporation Common Stock,Industrials,Metal Fabrication,United States,その他,597.239990234375,29.674233856,572.672523236084,0.042540855890132984,0.08210798729561228,0.38882535533409573,0.2671439991658267,0.6045989904655076,0.201732247332798,65.23871624551593,0.22162230455276588,0.031774910459379475,True,15,31,57,65,37,C,0,24.7,36.7,55.0,55.0,Persistence
CSL,Carlisle Companies Incorporated Common Stock,Industrials,Building Products & Equipment,United States,その他,366.7300109863281,14.839757824,172.1192297062683,0.003257654488768087,0.09084566918834071,-0.15827430542812052,0.3570987469869918,0.058451472191930205,0.46009899409228805,60.1851970372145,0.044526040436250844,0.1466179800646644,True,6,12,26,65,80,S,0,22.25,26.75,46.55,46.55,Persistence
CSW,"CSW Industrials, Inc. Common Stock",Industrials,Specialty Industrial Machinery,United States,その他,276.1199951171875,4.506135552,40.85195327758789,0.2325489780838232,0.10779097926441653,0.04609554772108341,0.41908680346109045,-0.1295234588680833,0.40781479045048874,50.891796387673054,0.0017817108296279169,0.1745795422460205,True,43,5,41,85,100,S,0,55.0,26.5,63.8,63.8,Persistence
CTOS,"Custom Truck One Source, Inc. Common Stock",Industrials,Rental & Leasing Services,United States,その他,10.039999961853027,2.283425536,11.155996157612801,0.07860987193998713,-0.03368184011581148,0.1856313005137672,0.21188328754185407,0.46849441975594575,0.702463842317811,41.26582767466425,-0.003928733979996321,0.16123644629248163,True,23,12,0,100,100,S,-10,32.25,24.0,35.0,35.0,Persistence
CTRI,"Centuri Holdings, Inc. Common Stock",Utilities,Utilities - Regulated Gas,United States,その他,27.389999389648438,2.76460032,38.2730047971344,0.13102843932021072,-0.09038359921580422,0.05033787663563049,0.08266312545238823,-1.1392940217668133,0.38962772032798026,39.790577833285795,-0.14611717380968067,0.3447368447470203,False,23,37,6,100,41,C,0,36.35,46.85,36.5,46.85,Transition
CTS,CTS Corporation Common Stock,Technology,Electronic Components,United States,半導体,60.5,1.729871104,24.8664075,0.05160114695117687,-0.06479755533027386,-0.06210414930759676,0.3842953679722455,0.08512776702932234,0.10832501429391962,30.759892109712723,-0.024672840426686597,0.11380117136826219,True,24,24,34,100,90,S,-5,37.0,37.0,56.7,56.7,Persistence
CTVA,"Corteva, Inc. Common Stock ",Basic Materials,Agricultural Inputs,United States,その他,85.80000305175781,57.3847552,405.05580840713503,0.029157795126567305,-0.018460466736328805,-0.013119450014322544,0.4729038561002241,0.8184754521963824,0.06021706150075855,88.79431810557347,0.07582163498262116,0.0,True,38,24,38,40,25,D,0,37.0,26.5,35.900000000000006,37.0,Acceleration
CUBI,"Customers Bancorp, Inc Common Stock",Financial Services,Banks - Regional,United States,その他,77.70999908447266,2.628547584,26.78585958442688,0.16569187737000346,-0.0721246958251624,0.16968821532875522,,3.0,0.0685022510562797,51.61929100644893,0.021212714006225344,0.04309814110894627,True,35,26,30,100,87,S,-20,29.950000000000003,23.200000000000003,38.900000000000006,38.900000000000006,Persistence
CVI,CVR Energy Inc. Common Stock,Energy,Oil & Gas Refining & Marketing,United States,電力/エネルギー,28.479999542236328,2.863111424,31.77356908929825,-0.058869908015768725,-0.17703038823402184,-0.15133994126284875,0.04705389555989947,-2.383720930232558,0.48057204533189424,39.035590997839066,-0.10184041042090763,0.28604991489529763,False,18,12,2,100,53,B,0,33.8,29.3,36.7,36.7,Persistence
CVLG,"Covenant Logistics Group, Inc. Class A Common Stock",Industrials,Trucking,United States,その他,43.939998626708984,1.106013184,8.756143226337432,,,,,-0.12813861451993747,0.3239430423089136,39.022143175620585,0.13056360742497097,0.05138171597140954,True,0,0,6,100,47,C,-5,14.7,14.7,32.7,32.7,Persistence
CVNA,Carvana Co. Class A Common Stock,Consumer Cyclical,Auto & Truck Dealerships,United States,その他,68.5999984741211,75.242930176,791.6652483908844,0.48628684268265926,0.26942716553709034,-0.20824757424286974,0.20627890955614606,0.07496977025392987,0.41822589197788046,51.043336914671634,-0.030252743328295053,0.2831017167532538,False,49,32,30,40,73,A,0,50.05,37.3,41.1,50.05,Acceleration
CVSA,Covista Inc. Common Shares,Consumer Defensive,Education & Training Services,United States,その他,129.8800048828125,4.419931648,44.56377787536621,0.12850644810343217,0.0922412473997571,0.04992177108526156,0.568621420463124,0.16481557991267082,0.281214030763507,47.122825579368616,0.06307923755697736,0.15908056038138577,True,48,33,46,85,85,S,0,57.25,46.0,63.55,63.55,Persistence
CVX,Chevron Corporation Common Stock,Energy,Oil & Gas Integrated,United States,電力/エネルギー,169.1999969482422,336.978313216,1648.3108382704163,-0.04643924431530293,-0.017769268661794804,-0.16462113466572204,0.30410124056562854,0.10289816538154746,0.12579163734676493,24.602662734448913,-0.07728449099592134,0.19133441343164678,False,6,12,34,10,53,B,0,11.3,15.8,31.800000000000004,31.800000000000004,Persistence
CWEN,"Clearway Energy, Inc. Class C Common Stock",Utilities,Utilities - Renewable,United States,電力/エネルギー,32.7599983215332,7.865569792,57.26103726621628,0.04230488694383661,0.04337899543378995,0.10420168067226891,0.629111266620014,-0.2919254658385093,0.5645151606124287,22.94179965077278,-0.14260144793842075,0.20601067246199886,False,12,12,41,85,41,C,0,25.85,25.85,52.0,52.0,Persistence
CWK,Cushman & Wakefield Ltd. Common Shares,Real Estate,Real Estate Services,United States,その他,13.989999771118164,3.277864192,33.888885795564654,0.0891017837294236,-0.0049717180867312,-0.060559882046765684,0.18273361715363232,0.7544910179640718,0.3903290519240289,62.91391314041097,0.04413892233108276,0.18662795636252663,False,39,12,26,85,70,A,0,49.0,28.75,49.55,49.55,Persistence
CWT,California Water Service Group Common Stock,Utilities,Utilities - Regulated Water,United States,その他,50.22999954223633,3.00642944,30.237957424430846,-0.03536437867836413,0.3047624560802988,-0.061196955215487146,0.6433659287699722,-0.19172136295176537,0.2830901587240012,84.65907520746467,0.11615591342090749,0.0,True,12,0,18,85,10,D,0,22.75,13.75,33.15,33.15,Persistence
CXM,"Sprinklr, Inc. Class A Common Stock",Technology,Software - Application,United States,ソフトウェア,5.409999847412109,1.2671776,21.79835008518219,0.07635165508529698,0.08743514118739418,0.18468432035458354,0.674035230984601,1.3987524722349003,0.03877977961281628,51.30433448548096,0.0331919805573705,0.42139041425774665,False,27,19,62,100,65,A,-5,36.75,30.75,67.1,67.1,Persistence
CXT,"Crane NXT, Co. Common Stock",Industrials,Specialty Industrial Machinery,United States,その他,52.5,3.020974336,73.0734375,0.11427226257734732,0.06864083950262345,0.03836107172177028,0.42482042614836724,0.1754593953764078,0.38817225003208833,89.9791319850842,0.23169572544835562,0.2295777270254502,True,41,14,42,85,35,C,0,47.0,26.75,51.35,51.35,Persistence
CXW,"CoreCivic, Inc. Common Stock",Industrials,Security & Protection Services,United States,その他,31.030000686645508,3.068509184,48.020477562618254,0.12720745741076628,0.03427702219984341,0.02780317222565732,0.2345596156263935,-0.7274146134497076,0.41487768608084824,84.94983800293566,0.3090728373762968,0.0,True,35,14,29,85,10,D,0,40.0,24.25,39.2,40.0,Acceleration
D,"Dominion Energy, Inc. Common Stock",Utilities,Utilities - Regulated Electric,United States,電力/エネルギー,69.75,61.3459968,473.42986875,0.14157272287156789,0.004585562426179393,0.03264456880470656,0.49018538713195203,-0.013927576601671309,0.42242592161026093,68.658493922545,0.06526686329262614,0.0,True,34,21,22,40,40,C,0,35.5,25.75,30.1,35.5,Acceleration
DAL,"Delta Air Lines, Inc. Common Stock",Industrials,Airlines,United States,その他,92.75,60.936228864,753.76672875,0.027918822899599304,0.06193150496141125,0.14760191372424974,0.24165141089577677,0.3320623916811092,0.24932056027644897,83.33331780750456,0.1893840343091885,0.00971603274106556,True,5,24,42,40,10,D,0,10.75,25.0,35.1,35.1,Persistence
DAN,Dana Incorporated Common Stock ,Consumer Cyclical,Auto Parts,United States,その他,24.90999984741211,2.679685888,56.81709410196304,-0.030256012412723042,0.01589386575594378,-0.25039385584875934,0.08026666666666667,1.1594202898550725,0.4505635245901639,28.688516132421313,-0.2526592749300504,0.35790407923199513,False,15,54,22,100,16,D,0,27.85,57.1,40.300000000000004,57.1,Transition
DAR,Darling Ingredients Inc. Common Stock,Consumer Defensive,Packaged Foods,United States,その他,56.529998779296875,8.984163328,141.2045880508423,0.07361139422677346,-0.15805721205407125,0.039171464945062955,0.24013812532422016,0.34021167779514133,0.40408341491255956,47.52370416939336,-0.04390301975221257,0.12816159820998674,True,23,12,22,85,100,S,-20,20.0,11.75,33.35,33.35,Persistence
DBD,Diebold Nixdorf Incorporated Common stock,Technology,Software - Application,United States,ソフトウェア,83.16000366210938,2.879697152,28.851947470550538,0.014555730319106395,,,0.25256851564758126,1.1966911764705883,0.2434879618098796,55.39114506016686,0.042337812299405794,0.06319694934217633,True,12,47,30,100,87,S,0,32.7,58.95,58.900000000000006,58.95,Transition
DBRG,"DigitalBridge Group, Inc.",Financial Services,Asset Management,United States,その他,15.779999732971191,2.917415168,44.23780905140877,-0.8764771630165096,-0.2519595154276248,0.2713205845863239,2.920271178843568,3.0,0.09679683620234314,60.974247378771835,0.00731039973181981,0.0006333870789277488,True,27,24,45,100,55,B,-20,20.75,18.5,40.75,40.75,Persistence
DCH,Dauch Corporation Common Stock,Consumer Cyclical,Auto Parts,United States,その他,5.130000114440918,1.217691392,22.722925106906892,-0.04705382945027674,0.007467719384817831,0.047756100923755686,0.12070176640910103,-0.2692119432207538,0.6258133189409613,32.37179305935875,-0.15552773850232762,0.42999998728434247,False,0,0,15,100,33,D,-15,3.3000000000000007,3.3000000000000007,24.85,24.85,Persistence
DCI,"Donaldson Company, Inc. Common Stock",Industrials,Specialty Industrial Machinery,United States,その他,89.08999633789062,10.326515712,80.3859036956787,0.029166550483785518,0.04532470560802145,0.03756124115405553,0.3484786908342139,-0.16465962152863112,0.22447265887410991,64.94559986644839,0.043497491556995484,0.18907055372659218,True,4,0,41,65,80,S,0,20.75,17.75,54.8,54.8,Persistence
DCO,Ducommun Incorporated Common Stock,Industrials,Aerospace & Defense,United States,防衛/宇宙,186.60000610351562,2.814965504,55.664647820739745,0.04882368947741855,0.038903977849171455,0.062389742567754376,0.268676675084471,-3.4259637923295596,0.2914915944252222,76.73268485987973,0.21834813612018492,0.019185250441442182,True,21,0,18,100,10,D,-10,21.75,6.0,26.9,26.9,Persistence
DCOM,"Dime Commercial Bancshares, Inc. Common Stock",Financial Services,Banks - Regional,United States,その他,40.310001373291016,1.778214912,14.854437056064606,0.4420007704577219,-0.10963866691989557,-0.15607424542903553,,0.965936765878575,0.05385555160334648,54.46428693070736,0.06882255011633047,0.023497999871364857,True,53,32,30,100,60,B,-25,35.75,20.0,28.5,35.75,Acceleration
DD,"DuPont de Nemours, Inc. Common Stock",Basic Materials,Specialty Chemicals,United States,その他,139.91000366210938,18.890565632,204.91219136352538,0.019348117279357046,0.015875415784699122,-0.4918952139509872,0.34501387063804934,0.075,0.1480417149478563,48.62797857042348,-0.016478985323916284,0.08772326754177813,True,36,12,34,65,100,S,0,46.75,28.75,54.95,54.95,Persistence
DDS,"Dillard's, Inc. Common Stock",Consumer Cyclical,Department Stores,United States,その他,547.2100219726562,8.545806848,64.20962397827148,-0.00408104055836586,-0.041340069416765345,-0.017408698846447686,0.40322086207379904,0.023050485994340317,0.1590751330305108,31.052821307378494,-0.04146221408192961,0.21772927527552052,False,24,12,34,85,80,S,0,38.75,29.75,55.95,55.95,Persistence
DE,Deere & Company Common Stock,Industrials,Farm & Heavy Construction Machinery,United States,その他,621.27001953125,167.704035328,855.4857105444336,-0.11585969357456748,-0.16149913690081,0.17483717483717484,0.3648270457852905,-0.2704899525852337,0.6061549492433677,70.42363602178088,0.07751518905580915,0.057039151879879235,True,22,0,19,25,37,C,-30,0.0,0.0,0.0,0.0,Acceleration
DEC,Diversified Energy Company Common Stock,Energy,Oil & Gas Integrated,United States,電力/エネルギー,14.300000190734863,1.00151296,19.00949075355053,1.0273928999636406,-0.08456299005832328,-0.5476257835338961,0.2855773198755162,0.6613408484129338,0.49079885277240454,56.70588847757487,-0.02235306425830176,0.2029937226595513,True,74,87,30,100,100,S,-5,75.5,85.25,56.5,85.25,Transition
DECK,Deckers Outdoor Corporation Common Stock,Consumer Cyclical,Footwear & Accessories,United States,その他,104.69000244140625,14.53944832,230.51848672576904,0.09761770470706504,0.16275363167227294,0.18208572469885198,0.5770385958654284,0.1450197839624689,0.10174021392360956,36.30447196025116,-0.0013773845056464682,0.15511258697977456,True,10,24,58,65,90,S,0,26.25,36.75,66.15,66.15,Persistence
DELL,Dell Technologies Inc. Class C Common Stock ,Technology,Computer Hardware,United States,その他,394.32000732421875,254.786879488,3424.446472806702,0.1880460828528676,0.08076901328809725,-0.13563894781087185,0.19999471542567246,3.0,0.31103015224216574,50.81575651172232,0.22045433873436823,0.1537470715181906,True,47,26,26,25,70,A,0,46.0,30.25,34.55,46.0,Acceleration
DFH,"Dream Finders Homes, Inc. Class A Common Stock",Consumer Cyclical,Residential Construction,United States,その他,16.790000915527344,1.53688,11.780452292366029,-0.028541173953650592,0.1870748063403107,0.12154706215864058,0.1745994770114517,0.5518824935370736,0.43090540428879104,61.42271202710783,0.12672470280267334,0.45821229301281996,False,9,12,2,100,15,D,-15,8.25,10.5,14.100000000000001,14.100000000000001,Persistence
DFIN,"Donnelley Financial Solutions, Inc. Common Stock ",Technology,Software - Application,United States,ソフトウェア,46.209999084472656,1.154435584,17.615944800987243,-0.019056145287121115,-0.0191921726041144,-0.04366602687140115,0.6344198174706649,0.024714828897338403,0.2230134932533733,80.04017056521124,0.10171752452823984,0.2947191475571788,False,44,12,42,100,8,D,-25,23.799999999999997,0.0,24.700000000000003,24.700000000000003,Persistence
DG,Dollar General Corporation Common Stock,Consumer Defensive,Discount Stores,United States,その他,118.16999816894531,26.066722816,372.0901451344299,0.05200544130611833,0.049641228412082836,0.02237413304944452,0.30660930299520633,0.41938801169035733,0.5076473667739643,55.762868377200256,0.05946144271448927,0.24007707178251753,False,39,24,38,65,75,A,0,46.5,35.25,52.150000000000006,52.150000000000006,Persistence
DHI,"D.R. Horton, Inc. Common Stock",Consumer Cyclical,Residential Construction,United States,その他,158.57000732421875,44.967223296,358.08199768951414,-0.06931801507551343,0.037816832297436015,0.05915173237753883,0.23696657557284004,0.6218819461595456,0.17002807911770676,55.7436371626788,0.05217350322685618,0.1306427878876098,True,9,12,30,40,85,S,0,21.25,23.5,43.5,43.5,Persistence
DINO,HF Sinclair Corporation Common Stock,Energy,Oil & Gas Refining & Marketing,United States,電力/エネルギー,72.5,13.069969408,172.3894125,-0.05986703988803359,-0.10586910274058316,-0.16335558173014003,0.051806915032193236,0.240625,0.19576014536644457,56.8637837406712,0.05452427324957185,0.02008104188160708,True,38,24,30,65,60,B,0,44.25,33.75,44.75,44.75,Persistence
DIS,Walt Disney Company (The) Common Stock,Communication Services,Entertainment,United States,その他,99.5,172.782895104,1148.97227,0.03353728615054564,0.027705910144210217,0.07465970358550325,0.3776436325125761,0.1773571678934455,0.22720921048634526,49.812736167303875,-0.018425399133929383,0.18596147467483498,False,24,24,46,25,90,S,0,30.75,30.75,49.55,49.55,Persistence
DK,"Delek US Holdings, Inc. Common Stock",Energy,Oil & Gas Refining & Marketing,United States,電力/エネルギー,52.61000061035156,3.224337664,65.80222131340027,-0.09528188859452254,-0.280254080839487,-0.1683652340790869,0.05489186693898106,0.987535182951347,0.4828482556186749,64.1038724228456,0.1577228711234,0.009973631640652928,True,33,37,2,85,25,D,0,40.0,43.0,27.35,43.0,Transition
DKS,Dick's Sporting Goods Inc Common Stock,Consumer Cyclical,Specialty Retail,United States,その他,236.17999267578125,21.13870848,282.58463763671875,0.2806154409679079,0.035307756639333096,0.049821404864314106,0.3292025847046085,-0.21423409978989533,0.44491534014388995,63.67693982100034,0.05816850069713992,0.01250159098572212,True,31,5,41,65,40,C,0,37.0,17.5,46.8,46.8,Persistence
DLB,Dolby Laboratories Common Stock,Industrials,Specialty Business Services,United States,その他,51.150001525878906,4.838693376,47.76233692481995,0.059203703165763934,-0.02002163502966738,0.03664959048263948,0.8813072127963947,0.44748271627781794,0.012044885617270181,42.004053311588,-0.08048699905289929,0.3193011486933292,False,38,12,45,85,63,B,0,47.55,28.05,58.6,58.6,Persistence
DLX,Deluxe Corporation Common Stock,Industrials,Conglomerates,United States,その他,24.309999465942383,1.113010432,11.351554250621795,0.0053727966820624,-0.032158007571956394,-0.020424394886528658,0.5300487530470654,0.753,0.5170414862410951,58.28570868044789,-0.030154375362119637,0.2282272548366587,True,35,24,30,100,100,S,-5,46.25,38.0,56.5,56.5,Persistence
DNOW,DNOW Inc. Common Stock,Industrials,Industrial Distribution,United States,その他,12.600000381469727,2.30007936,42.201496277666095,0.18836915297092288,0.02240413614821198,0.08661048689138577,0.16950354609929077,-0.5363321799307958,0.14908256880733944,33.43751229345506,-0.04705718985002876,0.2531120477382091,False,23,2,37,100,63,B,0,38.55,22.8,57.95,57.95,Persistence
DOCN,"DigitalOcean Holdings, Inc. Common Stock",Technology,Software - Infrastructure,United States,ソフトウェア,130.1300048828125,13.580911616,483.55333839416505,0.15476515311645306,0.12661715380929564,0.20225151911604972,0.5985975569846477,-0.5728882975405917,0.8717966158877513,29.54712109923726,-0.1286221117514626,0.2821997368744656,True,37,21,60,65,34,D,-20,20.9,8.899999999999999,36.05,36.05,Persistence
DOV,Dover Corporation Common Stock,Industrials,Specialty Industrial Machinery,United States,その他,213.7100067138672,28.778489856,236.07262181640624,0.044754205090713046,0.007994429288347052,-0.020358803871510244,0.397669541607976,0.9167076987704141,0.26633067665949733,44.91347613295172,-0.021218299258754375,0.07965444572729298,True,43,12,30,65,87,S,0,50.7,27.450000000000003,50.150000000000006,50.7,Acceleration
DOW,Dow Inc. Common Stock ,Basic Materials,Chemicals,United States,その他,27.709999084472656,19.971743744,361.90962969264984,-0.06973279955311423,-0.037156559544619244,-0.21580963762257918,0.06337570056044836,-8.582781456953642,0.33479107588233287,11.757063725700391,-0.20641446959635892,0.33146000044360663,False,0,0,6,65,24,D,0,12.15,12.15,24.35,24.35,Persistence
DRI,"Darden Restaurants, Inc. Common Stock",Consumer Cyclical,Restaurants,United States,その他,204.32000732421875,23.401791488,318.7851834274292,0.06028972783143108,0.08602376094128415,0.08907580477673936,0.21881805460100856,0.04371695811305409,0.49493127830301104,39.1910118953661,0.013359403395529684,0.05838752634114553,True,2,24,34,65,77,A,-20,0.0,15.450000000000003,30.35,30.35,Persistence
DT,"Dynatrace, Inc. Common Stock",Technology,Software - Application,United States,ソフトウェア,44.77000045776367,13.0493696,265.4932659146118,0.18820698152627655,0.18745010590480451,0.23478028190897085,0.8155933426047631,0.22959149313659238,0.037213368133205756,73.40425963637013,0.11482416452911691,0.20956919243989494,True,46,14,100,65,35,C,0,47.75,23.75,78.25,78.25,Persistence
DTE,DTE Energy Company Common Stock,Utilities,Utilities - Regulated Electric,United States,電力/エネルギー,154.05999755859375,32.048842752,221.77244768554687,0.26948703540178215,-0.022597096900745392,-0.3371645516954441,0.3030858732768433,-0.23786407766990292,0.48625753708430436,73.05145178332083,0.0624710266414068,0.0023958760262605718,True,43,17,6,40,25,D,0,40.75,21.25,18.3,40.75,Acceleration
DTM,"DT Midstream, Inc. Common Stock ",Energy,Oil & Gas Midstream,United States,電力/エネルギー,144.58999633789062,14.750221312,106.15580646133422,0.2670744138634047,0.06399132321041215,0.002173913043478261,0.7924376508447305,0.06779661016949153,0.3345238095238095,62.26266377075597,0.00995493894701229,0.04079878553243343,True,56,29,61,65,67,A,0,58.45,38.2,63.2,63.2,Persistence
DUK,Duke Energy Corporation (Holding Company) Common Stock,Utilities,Utilities - Regulated Electric,United States,電力/エネルギー,129.60000610351562,101.035671552,503.23034369964597,0.06192970319860329,0.044631796283551274,0.010150166852057841,0.5117721872382666,-36.291666666666664,0.4642426533698451,66.89570742763033,0.039003007892413975,0.020531160576333835,True,38,12,22,25,55,B,0,37.75,18.25,29.35,37.75,Acceleration
DV,"DoubleVerify Holdings, Inc. Common Stock",Communication Services,Advertising Agencies,United States,その他,11.4399995803833,1.755630336,41.96432086075783,0.1392131220417478,0.14724832894647213,0.26551772917965244,0.821594807367722,0.3029015583141531,0.0735191812608099,69.32908516377461,0.10524989519496489,0.2968654420089832,True,25,14,82,100,33,D,-5,32.05,23.8,71.69999999999999,71.69999999999999,Persistence
DVN,Devon Energy Corporation Common Stock,Energy,Oil & Gas E&P,United States,電力/エネルギー,40.470001220703125,46.678224896,632.7403750854493,0.07829360100376412,0.04469786341591296,-0.20402733580259794,0.2554689318128927,3.0,0.2717174594132726,26.663116549658668,-0.11344550793216626,0.2172488793801897,False,42,25,26,40,53,B,0,42.8,30.05,34.900000000000006,42.8,Acceleration
DXC,DXC Technology Company Common Stock ,Technology,Information Technology Services,United States,その他,9.90999984741211,1.606215296,64.0288558641243,-0.01763654727682387,-0.05824248189068559,-0.05287595287595288,0.23971844353052832,-0.0036496350364963502,0.3294802172226532,63.39067254461535,0.02103895275668908,0.389778325918672,False,18,0,21,100,53,B,-5,28.799999999999997,15.3,42.15,42.15,Persistence
DY,"Dycom Industries, Inc. Common Stock",Industrials,Engineering & Construction,United States,その他,437.760009765625,13.146570752,305.5148996154785,0.17947585864270077,0.12607607960007414,0.09639376735280542,0.20557791035991915,3.0,0.5004039014032354,41.56228089553099,-0.03321595748728567,0.18206278067817674,True,47,26,42,65,100,S,0,55.0,39.25,59.35,59.35,Persistence
EAT,"Brinker International, Inc. Common Stock",Consumer Cyclical,Restaurants,United States,その他,177.7100067138672,7.621590016,171.1987120678711,0.21949672714094812,0.06820381302622665,0.08651192134801924,0.18245978975520968,0.8551569506726457,0.6322332561786007,71.88653602389041,0.20342333676395963,0.027685054660559365,True,39,36,40,85,10,D,-30,13.0,10.75,15.25,15.25,Persistence
ECAT,BlackRock ESG Capital Allocation Term Trust Common Shares of Beneficial Interest,Financial Services,Asset Management,United States,その他,15.800000190734863,1.571599232,7.7515590935754775,-0.1160516485564761,-0.17765033785973627,1.955884027034504,,,0.00021349130274929428,76.46143627124809,0.054413989261977165,0.0,True,18,0,18,100,25,D,-25,6.0,0.0,14.899999999999999,14.899999999999999,Persistence
ECG,"Everus Construction Group, Inc. Common Stock",Industrials,Engineering & Construction,United States,その他,138.25999450683594,7.057012224,90.15726851799012,0.31466705969256253,-0.0016483381738304857,0.057475224599425764,0.12120691215296231,-0.2179862553106456,0.215237651201951,46.98834865051554,-0.08882179223967099,0.18266734740083726,True,32,20,33,85,90,S,0,45.75,36.75,57.400000000000006,57.400000000000006,Persistence
ECL,Ecolab Inc. Common Stock,Basic Materials,Specialty Chemicals,United States,その他,283.3599853515625,79.748128768,536.6313906585693,0.021586390028841145,0.02749311366692341,0.0798150523689367,0.44464343456955946,0.046663735297350774,0.36432583018508846,74.33736200187727,0.0837932423583961,0.07607026218014079,True,6,12,42,40,37,C,0,14.2,18.7,40.5,40.5,Persistence
ECVT,Ecovyst Inc. Common Stock,Basic Materials,Specialty Chemicals,United States,その他,11.829999923706055,1.294834816,24.21908564380646,0.20929474590294087,0.02299754635843685,-0.2869126596184398,0.21849719770840964,-0.2587702553660813,0.3415935884686331,25.55068355719459,-0.1216216280328325,0.20975285820392106,True,39,5,21,100,51,B,-5,44.35,18.85,41.75,44.35,Acceleration
ED,"Consolidated Edison, Inc. Common Stock",Utilities,Utilities - Regulated Electric,United States,電力/エネルギー,113.98999786376953,42.00869888,272.968428184433,0.10894074462506555,0.040441928663984175,-0.06426292278238672,0.5325097529258778,1.031114952463267,0.38036003914051714,74.60426143240375,0.05967716389586405,0.004461928318765745,True,55,39,34,40,25,D,0,49.75,37.75,33.7,49.75,Acceleration
EE,"Excelerate Energy, Inc. Class A Common Stock",Energy,Oil & Gas Midstream,United States,電力/エネルギー,37.9900016784668,4.32551168,15.602873589363098,0.4425764912729891,-0.2653458307124559,-0.5313483002038437,0.3219253531206264,1.2734029577679524,0.34634212933390873,79.90132601690223,0.0942793266742196,0.11030681071710845,True,60,32,30,85,50,B,0,62.75,41.75,47.75,62.75,Acceleration
EFX,"Equifax, Inc. Common Stock",Industrials,Consulting Services,United States,その他,172.07000732421875,20.75759616,334.23996677703855,0.069247152840119,0.07899035174352351,0.02791769161688337,0.5644744423409334,0.39520295202952027,0.4292999106555857,61.77191101758657,0.03884172229451565,0.3456203816215376,False,13,24,42,65,53,B,0,24.8,33.05,49.95,49.95,Persistence
EIX,Edison International Common Stock,Utilities,Utilities - Regulated Electric,United States,電力/エネルギー,75.66000366210938,29.113511936,181.4621961831665,0.09761918290811977,0.077182029624189,-0.05121951219512195,0.48071646736035617,-0.031746031746031744,0.4418884138429796,64.11568399240693,0.06468314017563183,0.0021102088282620468,True,48,26,10,65,40,C,0,49.75,33.25,29.75,49.75,Acceleration
EL,"Estee Lauder Companies, Inc. (The) Common Stock",Consumer Defensive,Household & Personal Products,United States,その他,83.70999908447266,30.285852672,309.52944101470945,-0.08213736545361353,-0.018981772470144563,-0.10300501775948583,0.7397040346223649,-0.5350451075641915,0.47591996782626184,40.417971307513035,0.01198699534319326,0.2952317630753433,False,12,0,29,40,73,A,0,22.3,13.3,40.550000000000004,40.550000000000004,Persistence
ELF,"e.l.f. Beauty, Inc. Common Stock",Consumer Defensive,Household & Personal Products,United States,その他,76.41999816894531,4.542445056,311.41684193832396,0.2458704379159158,0.2828166323544923,0.7689256518163788,0.7072207773796313,0.6481269510926119,0.38297388894133133,74.7952093937227,0.2701778753620994,0.47896639310706796,False,30,17,83,85,0,D,0,35.25,25.5,66.9,66.9,Persistence
EME,"EMCOR Group, Inc. Common Stock",Industrials,Engineering & Construction,United States,その他,774.6599731445312,34.49759744,355.2900500830078,0.16616001135786643,0.15761448120790855,0.1360361751226964,0.19327130810714582,-0.10775471437659796,0.05039165791932948,43.70452924895477,-0.09743585753986293,0.17916824037665563,True,35,14,62,40,90,S,0,41.25,25.5,62.1,62.1,Persistence
EMN,Eastman Chemical Company Common Stock,Basic Materials,Specialty Chemicals,United States,その他,68.86000061035156,7.874138112,86.0553756627655,-0.06714986143679386,0.018675352877307275,-0.12948960302457466,0.21069469835466179,-0.38372093023255816,0.3221616528703143,38.81604169302944,-0.04525294822627451,0.13377204495170522,True,0,0,21,85,90,S,0,21.75,21.75,50.8,50.8,Persistence
EMR,Emerson Electric Company Common Stock,Industrials,Specialty Industrial Machinery,United States,電力/エネルギー,139.0500030517578,77.881901056,402.9578705937958,0.02995655156643037,0.15344543356412793,0.09859461025789626,0.528363676731794,-0.08444902162718847,0.3278762749022972,44.69274338301147,-0.010455511424529294,0.13322729784226145,True,11,19,41,40,100,S,0,24.25,30.25,52.55,52.55,Persistence
ENR,"Energizer Holdings, Inc. Common Stock",Industrials,Electrical Equipment & Parts,United States,電力/エネルギー,21.75,1.489298304,22.600425,0.022757187391756147,-0.02456330033449336,-0.029638372512376644,0.4174823043316287,-0.8094663852879108,0.7752759672570062,63.531116963501745,0.13346424537312404,0.23015596221390758,True,37,19,19,100,50,B,-15,32.75,19.25,30.450000000000003,32.75,Acceleration
ENS,EnerSys Common Stock,Industrials,Electrical Equipment & Parts,United States,電力/エネルギー,206.67999267578125,7.534752256,136.59377375946045,0.03698523238884348,0.009969091572532902,-0.034166186024350564,0.2925758441702458,2.357187993680885,0.297174048365808,40.55482083061531,-0.07922116899667067,0.14967115547210805,True,42,12,26,85,90,S,0,53.25,30.75,53.55,53.55,Persistence
ENVA,"Enova International, Inc. Common Stock",Financial Services,Credit Services,United States,その他,235.19000244140625,5.852678656,113.0229075732422,0.18581270223493115,0.25507699848746646,0.2197784094672784,0.47306476950349546,0.18514948961779187,0.7003895225303443,87.72338458477847,0.29989500050520224,0.028862789849584552,True,15,26,83,85,10,D,-30,0.0,3.25,38.900000000000006,38.900000000000006,Persistence
EOG,"EOG Resources, Inc. Common Stock",Energy,Oil & Gas E&P,United States,電力/エネルギー,130.77999877929688,69.657157632,554.7726782217408,-0.03404910599709128,0.008454835648347855,-0.21395632713956328,0.6337791161101762,-0.4021833304453301,0.1623197359022375,37.362637362637365,-0.037795130490494454,0.12071905968171558,True,12,0,37,40,90,S,0,24.0,15.0,48.35,48.35,Persistence
EPAC,Enerpac Tool Group Corp. Common Stock,Industrials,Specialty Industrial Machinery,United States,その他,34.869998931884766,1.840309632,19.16995626279831,0.04646061983681363,-0.014533503620838377,0.04723374233880639,0.5054782063190246,0.31521428162728155,0.22910443344160356,47.781986786345406,0.0007231730973355211,0.20145433598342835,False,31,24,38,100,90,S,-5,42.25,37.0,58.900000000000006,58.900000000000006,Persistence
EPAM,"EPAM Systems, Inc. Common Stock",Technology,Information Technology Services,United States,その他,88.2699966430664,4.611617792,154.08896098995208,0.15421430898023242,0.007973495588994017,-0.027806507267397876,0.28834613388611,0.16255298640284466,0.02931456818007497,44.402883155142874,-0.09967344169452376,0.6013098506030806,False,37,14,30,85,55,B,0,46.0,28.75,48.75,48.75,Persistence
EPC,Edgewell Personal Care Company Common Stock,Consumer Defensive,Household & Personal Products,United States,その他,27.209999084472656,1.253872896,32.44152955844879,-0.013400186360207659,0.0009326701012613253,0.036791453699866465,0.4159658196536991,-0.7627507163323782,0.37611479381306073,73.51944550721976,0.27981395975983586,0.020518415697767228,True,4,0,25,100,10,D,-5,14.0,11.0,35.75,35.75,Persistence
EPD,Enterprise Products Partners L.P. Common Stock,Energy,Oil & Gas Midstream,United States,電力/エネルギー,36.75,79.509291008,99.17649,-0.06444440491648731,0.13082570652720507,-0.14558484858900766,0.1360559738383147,-0.16970036404368524,0.44635567764627354,44.226588211828066,-0.02541204443124471,0.07663314812881906,True,0,0,17,40,87,S,0,14.700000000000001,14.700000000000001,36.75,36.75,Persistence
EQBK,"Equity Bancshares, Inc. Class A Common Stock",Financial Services,Banks - Regional,United States,その他,49.22999954223633,1.016145472,7.923814576320648,-0.04114311130879573,0.5756345770581321,-0.29705388803645566,,-0.41681968417186926,0.06247203119576877,58.77932817671075,0.06361265503987246,0.01932273318647509,True,0,0,25,100,60,B,-25,0.0,0.0,25.75,25.75,Persistence
EQH,"Equitable Holdings, Inc. Common Stock",Financial Services,Asset Management,United States,その他,45.61000061035156,12.449620992,190.7458116025543,-0.06116700201207243,0.1878585086042065,-0.17273014868712433,,-0.6330275229357798,0.020635869052485926,64.40923267362108,0.07090867833650057,0.16565420503682593,True,0,0,25,65,65,A,-20,0.0,0.0,23.0,23.0,Persistence
EQT,EQT Corporation Common Stock,Energy,Oil & Gas E&P,United States,電力/エネルギー,52.61000061035156,32.906399744,414.17827995506286,0.5995614485258298,0.030021802838747752,-0.582395167430068,0.4587503233784062,3.0,0.1880332996481649,58.20722395045774,-0.0468689545541147,0.223343907701824,False,78,64,38,40,90,S,0,73.5,63.0,48.900000000000006,73.5,Acceleration
ES,Eversource Energy (D/B/A) Common Stock,Utilities,Utilities - Regulated Electric,United States,電力/エネルギー,74.44000244140625,27.995398144,227.08183284759522,0.13834647711764805,-0.0008308492234506689,-0.03080971990675493,0.8469225179674922,0.9805682715211014,0.4721186831532982,78.26906721117925,0.07665087517658012,0.0011806276336477546,True,59,26,17,65,25,D,0,56.5,31.75,30.6,56.5,Acceleration
ESAB,ESAB Corporation Common Stock,Industrials,Metal Fabrication,United States,その他,92.77999877929688,5.764975104,80.99044433441162,0.03712488639278343,-0.012239951044520511,0.06990067399787159,0.3688027144593508,-0.2975429813582768,0.2822382437274632,54.10075210285981,-0.022237157493998558,0.3102577162296906,False,22,0,25,85,73,A,0,36.55,20.05,49.6,49.6,Persistence
ESE,ESCO Technologies Inc. Common Stock,Technology,Scientific & Technical Instruments,United States,その他,332.7799987792969,8.6213888,107.38644170608521,0.1917700165483116,0.07400621411953591,-0.0019929982670594355,0.420933039251845,1.1722105214962686,0.09558751537096932,58.022960293861225,0.05442642518567277,0.062106667918964624,True,51,26,34,85,72,A,0,58.2,39.45,54.35,58.2,Acceleration
ESI,Element Solutions Inc. Common Stock,Basic Materials,Specialty Chemicals,United States,その他,43.63999938964844,10.631018496,160.4415849560547,0.03838170051691155,0.05301731527515858,-0.08480426767082451,0.41960645970523675,-0.22479564032697547,0.32195083702513033,51.75097528945121,0.01656221246760568,0.11102058965164098,True,4,0,25,65,100,S,0,22.75,19.75,50.0,50.0,Persistence
ETR,Entergy Corporation Common Stock,Utilities,Utilities - Regulated Electric,United States,電力/エネルギー,115.11000061035156,53.70976256,416.23776220703127,0.08982021612920849,-0.022042472915218485,-0.11746564666098092,0.47716913810993794,-0.8840804752903052,0.4303049224844427,67.0811571915038,0.026705798822626657,0.019171779041398045,True,38,12,10,40,55,B,0,40.0,20.5,26.5,40.0,Acceleration
ETSY,"Etsy, Inc. Common Stock",Consumer Cyclical,Internet Retail,United States,その他,76.97000122070312,7.304163328,234.667294271698,0.02676642220364259,0.02181469281688793,0.07102810439610757,0.7163864344073403,-0.09904636437879688,1.0878824470670128,64.66693376004869,0.1467931041370893,0.03376854528925614,True,30,0,39,85,37,C,-20,18.950000000000003,0.0,30.1,30.1,Persistence
EVC,Entravision Communications Corporation Common Stock,Communication Services,Advertising Agencies,United States,その他,13.050000190734863,1.201111424,28.812051421108247,0.22645966000635706,0.2286032661937834,-0.08317232013333745,0.2383409965281036,-0.9469520847800489,0.5512901569245776,75.0495886853684,0.5591642346812001,0.03189906276733657,True,9,23,25,100,22,D,-5,18.95,29.450000000000003,38.15,38.15,Persistence
EVR,Evercore Inc. Class A Common Stock,Financial Services,Capital Markets,United States,その他,342.6400146484375,13.254166528,133.50796850769044,0.2940760701209863,0.22821749344277228,-0.12168470642074287,,0.23423829653984657,0.21557672434821543,42.26279610336106,-0.0017566056121976295,0.1010488804453078,True,44,29,38,65,100,S,-20,32.75,21.5,37.150000000000006,37.150000000000006,Persistence
EVTC,"Evertec, Inc. Common Stock",Technology,Software - Infrastructure,United States,ソフトウェア,29.6299991607666,1.825810688,22.981027349090578,0.10210931937370932,0.2170361978900518,0.12338112802368659,0.4965454627405781,-0.2105036239483558,0.5038924867694677,73.84441968211999,0.1416288904974625,0.2101867793651336,True,13,14,55,100,35,C,-5,23.25,24.0,57.25,57.25,Persistence
EXP,Eagle Materials Inc Common Stock,Basic Materials,Building Materials,United States,その他,220.14999389648438,6.801639936,104.82221809387207,0.021300521829606442,0.0005360074394822814,0.051780459566242984,0.2826503535820377,-0.4411394214574246,0.4676392233288672,52.79263023468356,0.034408609869011,0.08700335488417373,True,18,0,29,85,100,S,0,36.25,22.75,57.2,57.2,Persistence
EXPD,"Expeditors International of Washington, Inc. Common Stock",Industrials,Integrated Freight & Logistics,United States,その他,167.57000732421875,21.916672,238.27365836456298,0.04419539994047459,0.1398268407577975,-0.45521906846608606,0.1292198786720654,0.39611506893446286,0.11659812188805138,52.50111789729935,0.06320075036735379,0.0,True,5,24,30,65,60,B,0,19.5,33.75,44.75,44.75,Persistence
F,Ford Motor Company Common Stock,Consumer Cyclical,Auto Manufacturers,United States,その他,13.359999656677246,53.235494912,716.2412047941684,0.01229782909531223,0.04995147311724209,0.11473076168723942,0.008971148146763712,0.8499777415046743,0.5731705630100982,22.89155611320612,-0.03167037156229631,0.23394499727295087,True,9,12,34,40,73,A,0,20.05,22.3,43.300000000000004,43.300000000000004,Persistence
FAF,First American Corporation (New) Common Stock,Financial Services,Insurance - Specialty,United States,その他,69.4800033569336,7.080012288,82.76180079864503,0.2163641413563808,0.020439805938547207,-0.2101735535013563,,0.12264428739693757,0.16452849255644286,64.66500350363796,0.03006722166833038,0.014975975466994673,True,41,29,30,85,55,B,-20,29.0,20.0,28.75,29.0,Acceleration
FBIN,"Fortune Brands Innovations, Inc. Common Stock",Industrials,Building Products & Equipment,United States,その他,53.220001220703125,6.348795904,163.07725994049073,-0.031633760034714686,-0.0037179542605161905,-0.02049544780859623,0.4457340025094103,-0.22697576396206534,0.42767536729748795,72.1694015213285,0.3098031211179997,0.1641419622806235,True,4,0,21,85,35,C,0,19.25,16.25,39.8,39.8,Persistence
FBK,FB Financial Corporation Common Stock,Financial Services,Banks - Regional,United States,その他,55.900001525878906,2.880161792,22.811672622680664,0.2318025870716658,-0.04649352117156808,-0.09367050668953102,,0.11160342976393908,0.011247712617663537,59.50855637007273,0.04378488496175466,0.08607127556979399,True,41,29,30,100,100,S,-20,35.75,26.75,41.5,41.5,Persistence
FBP,First BanCorp. New Common Stock,Financial Services,Banks - Regional,United States,その他,26.329999923706055,4.072838912,48.48616825950623,0.06251574439499538,0.008823319601234106,0.01195051056145405,,0.11006693019267168,0.015157144042834716,65.28734069817662,0.07684779537255024,0.013488220425180802,True,20,24,42,85,40,C,-20,11.75,14.75,32.35,32.35,Persistence
FCF,First Commonwealth Financial Corporation Common Stock,Financial Services,Banks - Regional,United States,その他,20.469999313354492,2.081480704,16.443755148410798,0.09367464020764531,-0.00862975211752387,0.17364556894256672,,0.5050519237690599,0.03133280985326463,64.45179924314432,0.07524978661168324,0.013969215430156265,True,27,24,30,100,40,C,-20,19.25,17.0,29.5,29.5,Persistence
FCN,"FTI Consulting, Inc. Common Stock",Industrials,Consulting Services,United States,その他,153.58999633789062,4.629823488,86.95728027664184,0.024388615095445584,0.060015900301555465,0.151980185598242,0.32133041706245447,-0.7397724145025286,0.17954905389671705,47.649658606133215,-0.028974628033289082,0.17879485996718011,False,4,0,41,85,90,S,0,24.75,21.75,61.8,61.8,Persistence
FCX,"Freeport-McMoRan, Inc. Common Stock",Basic Materials,Copper,United States,その他,60.970001220703125,87.648026624,923.291287385559,0.018071105873109408,0.1137606650623496,0.003292361720807726,0.28157437777349026,-0.5255102040816326,0.18037718981553114,36.15267361194449,-0.04200289932863305,0.14988845255201755,True,0,12,37,40,90,S,0,15.0,24.0,48.35,48.35,Persistence
FDS,FactSet Research Systems Inc. Common Stock,Financial Services,Financial Data & Stock Exchanges,United States,その他,250.08999633789062,8.89458688,266.0832516036987,0.05387607033139421,0.0563642047884736,0.13103587411844078,0.5271743531167035,0.004550505403826849,0.3620842270191103,57.5928633584534,0.08490455232331157,0.4347365290220281,True,10,24,46,85,60,B,-20,6.25,16.75,38.55,38.55,Persistence
FDX,FedEx Corporation Common Stock,Industrials,Integrated Freight & Logistics,United States,その他,313.0,74.683916288,751.31268,0.0026569965675709577,-0.027308524208307913,-0.03589913593977243,0.21603393762937015,-0.04942602040816327,0.4269916806463761,33.929304203836494,-0.012827466802469973,0.07254604881520295,True,30,0,17,40,77,A,0,36.2,13.7,34.75,36.2,Acceleration
FE,FirstEnergy Corp. Common Stock,Utilities,Utilities - Regulated Electric,United States,電力/エネルギー,48.529998779296875,28.071264256,213.25755748580931,0.12010095011876484,0.046775446775446775,0.03298820130026487,0.6530815109343936,0.11764705882352941,0.47502862049227246,61.953721582244896,0.04412331887509755,0.05547042990195693,True,49,26,26,65,67,A,0,53.2,35.95,43.95,53.2,Acceleration
FERG,Ferguson Enterprises Inc. Common Stock,Industrials,Industrial Distribution,United States,その他,230.24000549316406,44.652244992,318.0949867892456,,0.038029357179011306,-0.0033295217596018027,,0.06795469686875416,0.3365108015116476,52.412143741017026,-0.03047291774434849,0.13665280566786608,False,2,12,26,40,90,S,0,16.5,24.0,42.3,42.3,Persistence
FG,"F&G Annuities & Life, Inc. Common Stock",Financial Services,Insurance - Life,United States,その他,27.940000534057617,3.70163072,18.81451695962906,0.0014757424829367274,0.26925778506204634,0.9075480125055828,,-0.21907949790794978,0.0229706390328152,47.19727765748144,0.01233161066299662,0.1858997657835979,False,0,0,45,85,90,S,-20,1.75,1.75,44.0,44.0,Persistence
FHI,"Federated Hermes, Inc. Common Stock",Financial Services,Asset Management,United States,その他,56.599998474121094,4.296656384,36.147023025512695,0.103284555475699,0.013990658397812092,0.11326491512739537,0.6791815014802881,-0.1399789799433626,0.20499682192508356,44.48305541718576,0.006122625418781166,0.0572951763649392,True,38,14,49,85,87,S,-20,29.950000000000003,11.950000000000003,45.60000000000001,45.60000000000001,Persistence
FHN,First Horizon Corporation Common Stock,Financial Services,Banks - Regional,United States,その他,25.68000030517578,12.1881856,118.81558341197967,0.0733204134366925,-0.018700475435816166,0.011217948717948718,,-0.5138888888888888,0.018074300157375173,65.24823942233033,0.05067576834529786,0.014203414307912122,True,18,12,25,65,40,C,-20,7.25,2.75,18.0,18.0,Persistence
FICO,Fair Isaac Corporation Common Stock,Technology,Software - Application,United States,ソフトウェア,1270.8299560546875,29.471698944,397.1788403155518,0.15914926469817633,0.1347613601602054,0.0989544533751552,0.8223278377432166,0.21729367003998926,1.6459631086223518,64.28426854966791,0.11027352875433649,0.32386479580736177,False,58,33,55,65,23,D,-20,35.55,16.799999999999997,31.1,35.55,Acceleration
FIG,"Figma, Inc. Class A Common Stock",Technology,Software - Application,United States,ソフトウェア,21.34000015258789,11.27555584,408.61458842172624,0.40957609434307374,0.48356025463779084,,0.8242762751613013,3.0,0.024901978403096492,58.94454358410929,0.05455624275800617,0.8250819659623944,False,41,33,45,65,50,B,0,45.5,39.5,51.0,51.0,Persistence
FIGS,"FIGS, Inc. Class A Common Stock",Consumer Cyclical,Apparel Manufacturing,United States,その他,9.989999771118164,1.66880192,31.863104269981385,0.1359714017258324,0.018165623866023026,0.07870352980715055,0.6652516724819283,-0.17366427090316647,0.1034558859026614,39.7129212802109,-0.20348904008904897,0.41647200459100575,False,41,21,49,100,33,D,-5,44.05,29.049999999999997,53.550000000000004,53.550000000000004,Persistence
FIS,"Fidelity National Information Services, Inc. Common Stock",Technology,Information Technology Services,United States,その他,41.79999923706055,21.605548032,264.5338031716919,0.0543102597017873,0.030108839385616926,0.011419753086419753,0.36864287721270017,0.4569377990430622,0.39808289536550406,69.01875595389555,-0.001601111014782749,0.47336148834237096,False,39,12,42,65,45,C,0,43.5,23.25,48.35,48.35,Persistence
FITB,Fifth Third Bancorp Common Stock,Financial Services,Banks - Regional,United States,その他,57.15999984741211,51.804766208,455.5134689840126,0.06611070824268794,-0.01838889547989085,0.04036040483831153,,0.578838174273859,0.06511456506325335,70.3006477713295,0.12051735637496613,0.005740160400417792,True,27,24,30,40,10,D,-20,7.25,5.0,8.5,8.5,Persistence
FIX,"Comfort Systems USA, Inc. Common Stock",Industrials,Engineering & Construction,United States,その他,1741.300048828125,61.265846272,946.8928470520019,0.2951507767511408,0.3496831042721385,0.2575609294255288,0.2412640753464128,0.39765930519007137,0.07504196831351576,45.3535356789332,-0.075357229710203,0.15737158755615413,True,17,36,85,40,90,S,0,27.75,42.0,74.75,74.75,Persistence
FLG,"Flagstar Bank, N.A. Common Stock",Financial Services,Banks - Regional,United States,その他,14.59000015258789,6.081332736,88.73506782802582,-0.2020123839009288,-0.2887420864299477,1.451417004048583,,-5.96,0.13922662034920924,51.004020371105874,0.0250763705389009,0.0451570413901526,True,18,18,18,85,87,S,-30,4.950000000000003,4.950000000000003,18.549999999999997,18.549999999999997,Persistence
FLO,"Flowers Foods, Inc. Common Stock",Consumer Defensive,Packaged Foods,United States,その他,8.630000114440918,1.829501568,73.35897077280045,0.029977934694454988,0.002486235054008875,0.05930473496521511,0.4887100281386076,0.13726762089416059,0.49806673787680805,65.23125300589818,0.10014143399235104,0.4401677020239733,False,28,12,42,100,15,D,-25,12.5,0.5,26.1,26.1,Persistence
FLOC,Flowco Holdings Inc. Class A Common Stock,Energy,Oil & Gas Equipment & Services,United States,電力/エネルギー,20.739999771118164,2.211862784,18.54975209528923,0.41929800963237795,1.1998660217077712,0.6373369042251815,0.3531976954637175,0.8773338143771985,0.12716790040519912,25.65359426199619,-0.14192408509567717,0.2616589655230949,True,27,20,72,100,34,D,0,38.65,33.4,71.39999999999999,71.39999999999999,Persistence
FLR,Fluor Corporation Common Stock,Industrials,Engineering & Construction,United States,その他,49.45000076293945,6.906676224,137.68388437425614,-0.04977015016855654,0.05434923096807548,0.12587310826542492,-0.007740437334709411,-1.658132530120482,0.129917435648373,46.800725141769824,0.005212080166503643,0.128941335842867,True,0,0,10,85,100,S,-10,12.75,12.75,36.75,36.75,Persistence
FLS,Flowserve Corporation Common Stock,Industrials,Specialty Industrial Machinery,United States,その他,72.33999633789062,9.245559808,144.13237890350342,0.037617660778014685,0.05490678675556529,0.1951406868928279,0.33439417583300557,0.2633485240597289,0.3083761956483655,38.094488907953796,-0.028151218302222874,0.20933776734132967,True,9,24,42,85,90,S,0,28.5,39.75,62.35,62.35,Persistence
FLUT,Flutter Entertainment plc Ordinary Shares,Consumer Cyclical,Gambling,United States,その他,106.02999877929688,18.39420416,315.3740379191589,0.16621583143507973,0.19151823579304494,0.24590510408961216,0.45193188060794726,-0.5674814027630181,0.4396174863387978,42.30396349314438,0.03813578870413541,0.6564160833369181,False,13,2,80,65,65,A,0,26.0,17.75,73.25,73.25,Persistence
FMC,FMC Corporation Common Stock,Basic Materials,Agricultural Inputs,United States,その他,11.350000381469727,1.421322624,58.70753647314071,-0.18339181837450838,-0.053646251225817954,-0.22672043844682283,0.3700178808329007,-1.2926061007957559,0.4334379387232637,51.85719668475662,-0.11315492688127185,0.7342660543534965,False,4,0,6,100,55,B,-15,8.5,5.5,24.299999999999997,24.299999999999997,Persistence
FNB,F.N.B. Corporation Common Stock,Financial Services,Banks - Regional,United States,その他,19.030000686645508,6.773993984,88.5659086456585,0.10588972431077694,0.015913430935709738,0.0887040887040887,,-0.2524850894632207,0.06135897589042187,61.858996500129905,0.06103018376404559,0.0205867016082198,True,23,14,37,85,40,C,-20,14.0,7.25,29.6,29.6,Persistence
FND,"Floor & Decor Holdings, Inc. Common Stock",Consumer Cyclical,Home Improvement Retail,United States,その他,59.040000915527344,6.381878784,169.87697543426515,0.05124097518498486,0.00948960144852017,0.03503621666733498,0.4363513238863147,-0.5901464219690524,0.364115312985546,63.221277937207354,0.16389100460978223,0.34704709012254115,False,22,12,37,85,23,D,0,31.55,24.05,46.2,46.2,Persistence
FNF,"Fidelity National Financial, Inc. Common Stock",Financial Services,Insurance - Specialty,United States,その他,48.84000015258789,13.145654272,88.61041227684021,0.058779483339573196,0.15918757052339208,0.005761676123963335,,-0.14814814814814814,0.0437375016052984,60.90007362419257,0.013248850572196554,0.13717787073174528,False,0,0,37,65,70,A,-20,0.0,0.0,30.6,30.6,Persistence
FOR,Forestar Group Inc Common Stock ,Real Estate,Real Estate - Development,United States,その他,30.799999237060547,1.571068928,4.637401885128021,0.10136478070756592,0.05045584243858306,-0.05411098676848134,0.21865976900866219,-0.24470734744707348,0.26047178833280205,63.31124850759428,0.09681919153791552,0.03689807135917379,True,35,2,6,100,52,B,-15,31.450000000000003,6.699999999999999,23.700000000000003,31.450000000000003,Acceleration
FOUR,"Shift4 Payments, Inc. Class A Common Stock",Technology,Software - Infrastructure,United States,ソフトウェア,51.349998474121094,5.090322944,102.32565545936585,0.2548784148904233,0.298635477582846,0.2866171749598716,0.3416267942583732,0.19935691318327975,0.5297830827499139,78.09251914506882,0.19539251609161062,0.5192397748539265,False,15,17,81,85,0,D,0,24.0,25.5,65.80000000000001,65.80000000000001,Persistence
FSK,FS KKR Capital Corp. Common Stock,Financial Services,Asset Management,United States,その他,10.430000305175781,2.921092864,29.900099074859618,-0.8298192771084337,-0.14762516046213095,3.0,,,0.5560492388374972,50.734018701373365,-0.0009814319138501072,0.44719643703426937,False,0,0,10,100,65,A,-20,1.5,1.5,23.5,23.5,Persistence
FSS,Federal Signal Corporation Common Stock,Industrials,Farm & Heavy Construction Machinery,United States,その他,131.08999633789062,7.996785664,86.69767997802734,0.17136717700778942,0.08057119637777907,0.2006551435740173,0.2894748910800275,0.19087572102779235,0.2485162584635961,84.24522295235978,0.13304251169341139,0.0,True,25,26,57,85,10,D,-20,12.5,13.25,34.6,34.6,Persistence
FTV,Fortive Corporation Common Stock ,Technology,Scientific & Technical Instruments,United States,その他,62.650001525878906,19.099543552,188.54236034206392,0.019162439657918598,0.04266843813076471,-0.32816657225741114,0.6350171912192542,,0.28170765993337704,65.6812166195495,0.03770442772904421,0.001088605346805164,True,12,0,18,65,55,B,0,24.25,15.25,37.15,37.15,Persistence
FUL,H. B. Fuller Company Common Stock,Basic Materials,Specialty Chemicals,United States,その他,58.060001373291016,3.122897152,53.54177206642151,-0.026661260457484105,0.016463425401901603,-0.0635469114204348,0.3111061786526846,-0.25723809582166557,0.40056854469460546,33.29313099023156,-0.049449725377494556,0.1361876862337087,False,4,12,21,85,80,S,0,23.75,29.75,48.8,48.8,Persistence
FUN,Six Flags Entertainment Corporation Common Stock New,Consumer Cyclical,Leisure,United States,その他,20.989999771118164,2.1452608,50.975998594141004,0.1444716466968828,0.5060733831924513,-0.010297774327150634,0.9130068196868099,-3.8938832163976196,0.6924298152554582,33.03393804392498,0.00648290924513664,0.36278079398283014,True,20,2,30,100,73,A,-10,27.299999999999997,13.8,46.1,46.1,Persistence
GAB,"Gabelli Equity Trust, Inc. (The) Common Stock",Financial Services,Asset Management,United States,その他,5.670000076293945,1.764485376,6.910624442987442,0.5036296789353978,-0.13155527185643245,2.180637808353388,,,,62.640201914934366,0.03322226204935754,0.04992854999842199,True,36,22,8,100,67,A,-25,23.700000000000003,13.200000000000003,17.799999999999997,23.700000000000003,Acceleration
GAM,"General American Investors, Inc. Common Stock",Financial Services,Asset Management,United States,その他,63.939998626708984,1.53370368,2.1803539531707763,0.3750510032407841,-0.0997555748641208,2.627150822537805,,,0.001015289505874655,59.28450043378379,0.0016197407578664139,0.019625921037054853,True,32,20,18,100,75,A,-25,21.5,12.5,24.9,24.9,Persistence
GAP,"Gap, Inc. (The) Common Stock",Consumer Cyclical,Apparel Retail,United States,その他,19.25,6.92959488,154.0941325,0.0185602545406337,0.013231244542951172,-0.04655481557377049,0.4079135754262658,-0.2078922040423484,0.44418936035465484,26.654719855000465,-0.13058794363487475,0.3344595650586102,False,34,0,21,85,24,D,0,40.65,15.15,37.599999999999994,40.65,Acceleration
GATX,GATX Corporation Common Stock,Industrials,Rental & Leasing Services,United States,その他,173.6699981689453,6.165764096,50.51539236740112,0.09769788710186061,0.12375079736338507,0.10832678711704635,0.4895426338772696,,0.704919581099475,52.96256724990437,-0.030834327641150395,0.13165424912476012,False,8,12,28,85,90,S,-10,17.75,20.75,44.650000000000006,44.650000000000006,Persistence
GBCI,"Glacier Bancorp, Inc. Common Stock",Financial Services,Banks - Regional,United States,その他,51.779998779296875,6.738786816,71.54209421340943,0.24005125755067425,0.026081878604625828,-0.11508609963390001,,0.656898360030511,0.023786368799135833,65.54973830354871,0.06674465319687158,0.019898057618702683,True,48,29,30,85,40,C,-20,32.75,18.5,25.75,32.75,Acceleration
GD,General Dynamics Corporation Common Stock,Industrials,Aerospace & Defense,United States,防衛/宇宙,373.5400085449219,101.01649408,546.9708991122436,0.10130773744655881,0.12878501135503406,0.07270281929606415,0.1513035204567079,0.23873591989987483,0.17098988628622333,61.45641518980371,0.09084372766311474,0.0,True,10,26,50,25,40,C,0,15.25,27.25,41.75,41.75,Persistence
GDDY,GoDaddy Inc. Class A Common Stock,Technology,Software - Infrastructure,United States,ソフトウェア,88.51000213623047,11.719596032,250.2722096904373,0.08263360447826468,0.07500999036223878,0.0397917532324689,0.6361414635131587,0.24930616128776464,0.48072782486403065,74.23691533066841,0.04208858716689824,0.5043955207391888,False,50,12,46,65,30,D,0,50.25,21.75,47.55,50.25,Acceleration
GEF,Greif Inc. Class A Common Stock,Consumer Cyclical,Packaging & Containers,United States,その他,75.18000030517578,4.271437824,19.066775777397154,0.04301487318276531,-0.3424206630443342,0.14279800579543206,0.2064570943075616,-0.6178180972319144,0.4514411216077983,85.35164920450136,0.13009023224140298,0.004423518980425502,True,18,0,17,85,10,D,0,27.25,13.75,32.6,32.6,Persistence
GEF-B,"Greif, Inc. Corporation Class B Common Stock",Consumer Cyclical,Packaging & Containers,United States,その他,92.56999969482422,3.506313984,13.127814506721496,0.04301487318276531,-0.3424206630443342,0.14279800579543206,0.2064570943075616,-0.6178180972319144,0.4514411216077983,82.33562601439988,0.11747745708276994,0.01036990818055581,True,18,0,17,85,10,D,0,27.25,13.75,32.6,32.6,Persistence
GEV,GE Vernova Inc. Common Stock,Industrials,Specialty Industrial Machinery,United States,その他,1113.1099853515625,299.114921984,3672.4726435705566,0.08968083583798483,0.05102439904930955,0.1208943144263843,0.19793527372071032,1.1823529411764706,0.018598451187000126,67.34457920145803,0.06855452272360109,0.052559454547702604,True,33,24,42,25,52,B,0,33.7,26.95,39.75,39.75,Persistence
GFF,Griffon Corporation Common Stock,Industrials,Building Products & Equipment,United States,その他,92.86000061035156,4.259175424,38.08235055030823,-0.039486643898274075,-0.02296417041222144,-0.05733041529400861,0.4198555830607724,-0.017107687127469105,0.7714535066002403,45.36121262684955,0.03928049412857026,0.04788268458316267,True,7,0,19,85,87,S,-10,16.700000000000003,11.450000000000003,39.10000000000001,39.10000000000001,Persistence
GFL,"GFL Environmental Inc. Subordinate voting shares, no par value",Industrials,Waste Management,United States,その他,37.47999954223633,13.529203712,129.35790822008133,0.07771877239851437,-0.18318142505488658,0.11154659606880334,0.2066687827808764,-0.4971198156682028,0.4111437041336706,63.26194968118681,0.02076387977272126,0.2652401160670237,False,18,35,17,65,53,B,0,28.55,41.3,36.2,41.3,Transition
GGG,Graco Inc. Common Stock,Industrials,Specialty Industrial Machinery,United States,その他,75.23999786376953,12.487445504,106.24038178359986,0.058338648834343754,-0.037479402042078586,0.024298805563369802,0.5245376472544984,0.23877249433454442,0.0157580162906541,55.56658592336313,-0.017995607925156053,0.20381565295934678,False,31,24,38,65,90,S,0,42.0,36.75,55.150000000000006,55.150000000000006,Persistence
GHC,Graham Holdings Company Common Stock,Industrials,Conglomerates,United States,その他,1183.27001953125,5.096443392,25.546799721679687,0.025185017274401658,0.08517270130062514,0.12495473937652583,0.29927051734855076,-0.15049556276922696,0.1575736331149004,54.96369415855268,0.04576249464709227,0.005515176044579391,True,0,0,37,85,75,A,0,20.25,20.25,56.6,56.6,Persistence
GHM,Graham Corporation Common Stock,Industrials,Specialty Industrial Machinery,United States,その他,115.41999816894531,1.34939136,35.98564702911377,0.16864066013644852,0.13131356685872594,0.1808513346656653,0.23543272739132384,-1.022578839335697,0.06239802729160487,62.143134842761974,0.12370268632455562,0.06761453012908215,True,23,14,47,100,37,C,-5,30.950000000000003,24.2,53.25,53.25,Persistence
GIC,Global Industrial Company Common Stock,Industrials,Industrial Distribution,United States,その他,33.209999084472656,1.270651136,4.915079864501953,0.048027965650885324,0.03264537393078553,0.0927879255638453,0.3554492060039156,0.5927505330490405,0.17837465564738292,61.51468939528163,0.05833334306877891,0.11191185264542239,True,31,24,46,100,65,A,-5,39.75,34.5,58.3,58.3,Persistence
GIS,"General Mills, Inc. Common Stock",Consumer Defensive,Packaged Foods,United States,その他,37.56999969482422,20.051423232,439.33888018131256,-0.05449898904888487,-0.018663255645307495,-0.011794448149217186,0.33627324338113174,-0.2907235378777967,0.46442147204722706,68.69392052041148,0.09636450128895499,0.25302921822809693,False,4,0,21,65,38,C,-20,0.0,0.0,15.399999999999999,15.399999999999999,Persistence
GL,Globe Life Inc. Common Stock,Financial Services,Insurance - Life,United States,その他,180.49000549316406,14.014103552,125.17884330978393,0.03742582513292936,0.060676273094628336,0.042242965978793665,,-0.058200609135530774,0.08520397361017304,93.64714068968263,0.12728329992321333,0.0,True,0,12,37,65,10,D,-20,0.0,0.0,18.6,18.6,Persistence
GLW,Corning Incorporated Common Stock,Technology,Electronic Components,United States,半導体,196.7899932861328,169.364914176,3536.953778930054,0.1914163744473243,0.042103590721321894,-0.11283388540418635,0.35965192910614885,0.45071868583162217,0.3027182334710744,54.85511178212172,0.04438549667499587,0.2303571066247337,True,50,33,30,25,100,S,0,51.25,38.5,42.75,51.25,Acceleration
GM,General Motors Company Common Stock,Consumer Cyclical,Auto Manufacturers,United States,その他,76.0,68.526555136,677.66502,-0.012926665315137482,0.09078106632837141,0.09638561903850448,0.06267464422572817,1.2961538461538462,0.46683067646933346,33.31040490381349,-0.03574287554372888,0.11617172942916414,True,12,25,22,40,90,S,0,24.0,33.75,40.1,40.1,Persistence
GME,GameStop Corporation Common Stock,Consumer Cyclical,Specialty Retail,United States,その他,22.81999969482422,10.23913472,120.467006588974,-0.05051007062516349,-0.2749582764375664,-0.11040626265352949,0.3295132097302956,3.0,0.41988179122867814,58.37694766579688,0.006563375136006853,0.17587579434111922,False,40,38,26,65,90,S,0,48.75,47.25,48.55,48.75,Acceleration
GNK,Genco Shipping & Trading Limited Ordinary Shares New (Marshall Islands),Industrials,Marine Shipping,United States,その他,24.5,1.06763776,8.875125,-0.19139228776216502,0.1021064287110011,-0.2851542275214458,0.13449338408555375,-1.8628085276178532,0.17100222474492754,56.92307190703877,0.015061090756707234,0.08223148600328738,True,0,0,10,100,100,S,-5,20.0,20.0,45.5,45.5,Persistence
GNRC,Generac Holdlings Inc. Common Stock,Industrials,Specialty Industrial Machinery,United States,その他,252.66000366210938,14.873760768,247.50447628738402,-0.020179317915915745,0.0679069383570651,-0.11875163892246147,0.3829129750041992,-0.5564965396779188,0.26881042126753263,48.53688134460132,-0.04169276557530577,0.14509035542744383,True,4,0,25,65,100,S,0,22.75,19.75,50.0,50.0,Persistence
GNW,Genworth Financial Inc Common Stock,Financial Services,Insurance - Life,United States,その他,9.609999656677246,3.680718848,31.2473943836689,-0.005179896402071959,-0.03093203093203093,-0.0033802055164954027,,,0.017176980802197928,87.3785571763878,0.06901304014469406,0.0,True,18,0,10,85,25,D,-20,8.75,0.0,11.75,11.75,Persistence
GOLF,Acushnet Holdings Corp. Common Stock,Consumer Cyclical,Leisure,United States,その他,117.55999755859375,6.883614208,48.781520986938474,0.04136558230851035,0.03152651453928325,0.04918170702486328,0.4772891239013104,-0.2959573918960137,0.40248875335670525,83.33329590685298,0.2240805976473171,0.00818359259843805,True,26,0,37,85,10,D,0,33.25,13.75,43.6,43.6,Persistence
GPC,Genuine Parts Company Common Stock,Consumer Cyclical,Auto Parts,United States,その他,132.57000732421875,18.443419648,263.2104581918335,0.034639882904991356,0.01714805282320389,0.04501440149297793,0.3679278239578939,-0.3845348524371557,0.31426108675225556,87.0085629961786,0.2836998075883794,0.09391692923420664,True,22,0,37,65,35,C,0,29.75,13.25,43.6,43.6,Persistence
GPGI,"GPGI, Inc. Class A Common Stock",Industrials,Metal Fabrication,United States,その他,16.75,4.855179264,33.0010175,-0.8577552898321568,0.0766507350964726,0.03211035838467961,0.48052621021663544,-1.1921342933579946,0.0,86.02826469571946,0.21806777639701122,0.3555310916980511,False,8,0,18,85,8,D,-10,9.55,3.5500000000000007,22.75,22.75,Persistence
GPI,"Group 1 Automotive, Inc. Common Stock",Consumer Cyclical,Auto & Truck Dealerships,United States,その他,288.3900146484375,3.431320064,65.4025294720459,0.1322838911630147,0.1152923009785327,0.10181172597875737,0.16045969678442631,,0.5672006647599908,23.899352962140455,-0.10932842909790429,0.40760186982875996,False,35,2,32,85,28,D,0,41.8,17.05,44.45,44.45,Persistence
GPK,Graphic Packaging Holding Company,Consumer Cyclical,Packaging & Containers,United States,その他,10.850000381469727,3.21037824,65.003600035429,-0.021573748154876803,-0.06586762834111158,-0.001271186440677966,0.18591157015202506,0.7768595041322314,0.4788110403397028,55.09835955191563,0.054237527527876916,0.5229358775299551,False,27,12,2,85,50,B,0,38.0,26.75,32.35,38.0,Acceleration
GPN,Global Payments Inc. Common Stock,Industrials,Specialty Business Services,United States,その他,78.62999725341797,21.508726784,330.9218132907486,-0.0038898806484513253,0.048265098273879016,-0.17778712419287362,0.7257442954586096,-0.1443101970649684,0.4099362104104796,78.76713961772647,0.13478964489968495,0.1149557258495207,True,12,0,29,65,35,C,0,22.25,13.25,39.2,39.2,Persistence
GPOR,Gulfport Energy Corporation Common Shares,Energy,Oil & Gas E&P,United States,電力/エネルギー,168.8699951171875,3.03453312,88.41188594360352,0.42528677455621555,-0.11677856689712503,-0.5489289570926427,0.7065386652482345,,0.2603520666503826,58.57718390227817,-0.034562982714190484,0.24099963617297865,False,66,73,18,85,90,S,0,71.25,76.5,49.15,76.5,Transition
GRBK,"Green Brick Partners, Inc. Common Stock",Consumer Cyclical,Residential Construction,United States,その他,79.25,3.419205632,22.71899375,-0.010420208831055433,0.17845036042782583,-0.004825937980183105,0.3141215121220945,3.0,0.12976064466674847,68.10495198820225,0.13328586142857357,0.016627328437544612,True,16,12,34,85,25,D,0,27.25,24.25,44.95,44.95,Persistence
GRC,Gorman-Rupp Company (The) Common Stock,Industrials,Specialty Industrial Machinery,United States,その他,84.05999755859375,2.220045056,17.497929091796873,0.03444465161968084,0.00023653889017772258,0.26579044847963734,0.3064923379480033,0.6006196969969916,0.35757131811337645,52.49597106971593,0.06646845101330758,0.08371485158066272,True,31,24,50,100,85,S,0,46.75,41.5,69.5,69.5,Persistence
GRND,Grindr Inc. Common Stock,Technology,Software - Application,United States,ソフトウェア,16.059999465942383,2.854279168,29.826711308145523,0.2764133752713007,0.3271002845689685,0.3316462836192088,0.7441247743795153,0.4830826228630094,0.7543589733932671,93.22034354914577,0.21877178515131684,0.28717270410640383,True,26,52,87,100,18,D,-10,26.299999999999997,45.8,66.44999999999999,66.44999999999999,Persistence
GTES,Gates Industrial Corporation plc Ordinary Shares,Industrials,Specialty Industrial Machinery,United States,その他,26.690000534057617,6.779258368,55.84202016737938,0.010269350390235315,-0.04537560920956809,0.004501716279331495,0.39837941449814124,0.3345547819714181,0.3295858153648237,49.022166772892966,0.024725505283095757,0.08028945165239354,True,27,24,30,85,100,S,0,43.0,40.75,57.75,57.75,Persistence
GTLS,"Chart Industries, Inc. Common Stock",Industrials,Specialty Industrial Machinery,United States,その他,208.72000122070312,9.991233536,294.28685292114255,0.024926087061029254,0.2409545115585384,1.0791987099975193,0.33719512195121953,-0.46938775510204084,0.36353809756893457,72.89518456202356,0.004677785192466944,0.0012441119348806447,True,4,0,45,85,40,C,0,19.75,16.75,54.0,54.0,Persistence
GVA,Granite Construction Incorporated Common Stock,Industrials,Engineering & Construction,United States,その他,145.92999267578125,6.383955456,135.46243430114745,0.10400431782419987,0.14203944102511784,0.06297057847073963,0.1607493390597867,0.033468984615769304,0.3715736902083742,58.352277634378055,0.046644533970071275,0.0894105356687533,True,7,26,46,85,100,S,0,28.0,42.25,66.55,66.55,Persistence
GWRE,"Guidewire Software, Inc. Common Stock",Technology,Software - Application,United States,ソフトウェア,134.47000122070312,11.19548416,309.7059280114746,0.22637703124027916,0.08301402454986574,0.11410952801699208,0.6254292246138954,0.5822729811929738,0.263016156339773,63.9009968747012,0.017689814030143605,0.48652054867313566,False,54,66,58,65,45,C,0,54.75,63.75,57.150000000000006,63.75,Transition
GWW,"W.W. Grainger, Inc. Common Stock",Industrials,Industrial Distribution,United States,その他,1342.97998046875,63.406276608,503.8995184716797,0.045083876980428705,0.04187401383663066,0.0820856317310218,0.3906476424032995,-0.15222929936305732,0.31934835974112924,56.383074697428746,0.0655161100086287,0.023131008707181315,True,22,0,37,40,60,B,0,28.5,12.0,42.35,42.35,Persistence
GXO,"GXO Logistics, Inc. Common Stock ",Industrials,Integrated Freight & Logistics,United States,その他,51.95000076293945,5.976774656,69.50364627073289,0.1254590485950978,0.19748414808754347,0.08729011453352607,0.11617847928365457,-0.42105263157894735,0.4774098841950742,60.53149717164117,0.026825962201185546,0.20795847440948087,False,5,2,37,85,70,A,0,23.5,21.25,55.6,55.6,Persistence
H,Hyatt Hotels Corporation Class A Common Stock,Consumer Cyclical,Lodging,United States,その他,191.27999877929688,18.011232256,183.90902402633668,0.06814079422382671,-0.002849857507124644,0.13172636224749618,0.1972961554710604,-0.6565874730021598,0.32459390139640926,37.006311427643375,0.0589970951926297,0.05349100774151948,True,18,0,21,65,62,B,0,29.45,15.95,40.2,40.2,Persistence
HAL,Halliburton Company Common Stock,Energy,Oil & Gas Equipment & Services,United States,電力/エネルギー,32.959999084472656,27.534708736,420.7060427140808,-0.033124128312412834,-0.0032148753149708925,0.13405922057446915,0.1570501262170934,-0.30994634750309535,0.3251899240303878,11.451200139093913,-0.15658942612677174,0.22986927789988965,True,0,0,21,65,51,B,0,14.850000000000001,14.850000000000001,38.0,38.0,Persistence
HASI,"HA Sustainable Infrastructure Capital, Inc. Common Stock",Financial Services,Asset Management,United States,その他,38.2599983215332,4.889668608,47.213603128738406,0.05051540827891413,0.3425097554832544,0.8642751931253176,,,0.6288979007604454,61.535891226414044,-0.03694579283742239,0.10677417952882243,True,0,0,20,85,80,S,-30,0.0,0.0,18.25,18.25,Persistence
HAYW,"Hayward Holdings, Inc. Common Stock",Industrials,Electrical Equipment & Parts,United States,電力/エネルギー,16.969999313354492,3.681861888,46.29797637667656,0.0670869127791207,0.059603890162949945,-0.244787449700792,0.4800495475224011,0.20014485112818792,0.3068425609269993,78.10944718909205,0.15099224302969227,0.019641834955387766,True,43,24,34,85,10,D,0,46.0,31.75,41.95,46.0,Acceleration
HCC,"Warrior Met Coal, Inc. Common Stock",Basic Materials,Coking Coal,United States,その他,80.83000183105469,4.267982848,62.52443131637573,-0.14107931970469834,-0.09030343696413927,-0.03572303590305152,0.08504224670487916,-0.11813128668976196,0.097325992286081,29.28056724519496,-0.10455870985999147,0.26704749069847566,False,0,0,10,85,36,C,0,16.35,16.35,33.95,33.95,Persistence
HCI,"HCI Group, Inc. Common Stock",Financial Services,Insurance - Property & Casualty,United States,その他,182.63999938964844,2.331364608,36.44033267822265,0.20323061855697613,0.36262133892354487,0.11793173817247575,,0.34491890506584005,0.026840226372597403,75.84383608292634,0.1458965410014505,0.1084639907043953,True,14,29,77,100,35,C,-20,9.0,20.25,54.349999999999994,54.349999999999994,Persistence
HD,"Home Depot, Inc. (The) Common Stock",Consumer Cyclical,Home Improvement Retail,United States,その他,357.8999938964844,356.868063232,1888.949640786438,0.03240467921310982,0.04483555928184504,-0.03007566564804991,0.33315521334928316,-0.22535987748851455,0.6218183548218279,71.41707059631288,0.1118897910570819,0.1371618351605647,True,4,0,19,10,35,C,-10,0.0,0.0,9.950000000000003,9.950000000000003,Persistence
HE,"Hawaiian Electric Industries, Inc. Common Stock",Utilities,Utilities - Regulated Electric,United States,電力/エネルギー,13.630000114440918,2.353023488,25.547663314504625,-0.041291985651505506,-0.02057884053641928,-0.03899948464110646,0.07623256501028865,-0.6518117712769671,0.3316018294095437,61.16505753299091,-0.018167140569749104,0.20199062205361817,True,10,65,21,100,80,S,0,30.5,71.75,52.55,71.75,Transition
HEI,Heico Corporation Common Stock,Industrials,Aerospace & Defense,United States,防衛/宇宙,362.0899963378906,50.569228288,190.99161036834718,0.16263059376011782,0.2997077259733062,0.34405444495866094,0.3983158247722876,0.4026500181563859,0.2580669410526568,72.16769827068293,0.1627579134998856,0.0,True,14,26,85,40,10,D,0,17.5,26.5,58.75000000000001,58.75000000000001,Persistence
HEI-A,Heico Corporation Common Stock,Industrials,Aerospace & Defense,United States,防衛/宇宙,261.70001220703125,36.54883328,112.64091925415039,0.16263059376011782,0.2997077259733062,0.34405444495866094,0.3983158247722876,0.4026500181563859,0.2580669410526568,64.00184615677423,0.12549263351308418,0.051779991457005216,True,14,26,85,40,37,C,0,20.2,29.2,64.15,64.15,Persistence
HESM,Hess Midstream LP Class A Representing Limited Partner Interests,Energy,Oil & Gas Midstream,United States,電力/エネルギー,38.15999984741211,7.885159936,42.03209503192902,0.08398686239024063,0.10831290394472921,0.057257304429783225,0.8676106851348009,0.14821822768842635,0.859558371123214,45.996584320366836,-0.0026119853367809432,0.06309844644508704,True,17,24,47,85,87,S,-20,14.200000000000003,19.450000000000003,44.5,44.5,Persistence
HGTY,"Hagerty, Inc. Class A Common Stock",Financial Services,Insurance - Property & Casualty,United States,その他,12.390000343322754,4.254161152,2.075201157503128,0.1812077543095268,0.1870737296131554,0.2521715228810096,,0.2490429085303186,0.08496133671064043,73.29191663586478,0.1598517531734311,0.10347318256721955,True,10,26,85,85,35,C,-20,3.75,15.75,55.0,55.0,Persistence
HGV,Hilton Grand Vacations Inc. Common Stock ,Consumer Cyclical,Resorts & Casinos,United States,その他,52.90999984741211,4.1542528,77.7570648757553,0.013250351335073279,0.25213675213675213,0.03728813559322034,0.6391915989696849,-0.15846994535519127,0.6370806968882725,57.536610930214984,0.0739788963353109,0.03254706205875778,True,12,12,47,85,72,A,-10,18.95,18.95,51.5,51.5,Persistence
HHH,Howard Hughes Holdings Inc. Common Stock,Real Estate,Real Estate - Development,United States,その他,74.20999908447266,4.424740864,35.63044686042786,-0.15753626143763969,0.9264739703747883,-0.3898898280619541,0.4356678319497292,0.16332444327262402,0.4807288639903845,80.27261453108012,0.132137059377516,0.17406788709243132,False,6,12,34,85,25,D,0,19.75,24.25,44.95,44.95,Persistence
HIG,"The Hartford Insurance Group, Inc. Common Stock",Financial Services,Insurance - Diversified,United States,その他,137.85000610351562,37.788934144,261.2574670675659,0.06394026682838083,0.08442252363337444,0.11329733687196852,,-0.0019083969465648854,0.05082735444259683,71.84465266030168,0.03968061959580777,0.03546414135946445,True,0,12,37,40,52,B,-20,0.0,0.1999999999999993,20.75,20.75,Persistence
HII,"Huntington Ingalls Industries, Inc. Common Stock",Industrials,Aerospace & Defense,United States,防衛/宇宙,291.5,11.48627456,149.0104275,0.08227134807108799,0.007071765322158198,0.07287373548145373,0.1269625120153797,3.0,0.2292728841477763,42.1052577905185,-0.07101260238281971,0.3547727026016883,False,30,24,42,65,63,B,0,38.55,34.05,51.95,51.95,Persistence
HLF,Herbalife Ltd. Common Shares,Consumer Defensive,Packaged Foods,United States,その他,13.109999656677246,1.359106048,23.538414433579444,0.008892271334441528,-0.013689159292035399,-0.0272846053339482,0.7787394540942928,0.5477356181150551,0.7838759467317563,63.42182907452502,-0.011237674084906887,0.3431863598192338,False,54,12,35,100,53,B,-35,25.799999999999997,0.0,19.85,25.799999999999997,Acceleration
HLI,"Houlihan Lokey, Inc. Class A Common Stock",Financial Services,Capital Markets,United States,その他,140.14999389648438,9.678671872,99.31869467468262,0.09546265698396596,0.24812526509555977,0.05800501479181208,0.3850008939773434,-0.1571138940055136,0.11420588054412265,57.608331291651595,-0.03908392964381153,0.32526326491692503,False,4,12,49,85,73,A,-20,3.0500000000000007,9.05,42.800000000000004,42.800000000000004,Persistence
HLIO,"Helios Technologies, Inc. Common Stock",Industrials,Specialty Industrial Machinery,United States,その他,82.38999938964844,2.722689536,36.207933031768796,0.04107209331182529,-0.0355433221637147,-0.05624576462615767,0.3232419547079857,0.09051254089422028,0.2423902277979531,47.780963821009124,0.03982350286157901,0.11294141014182148,True,36,24,34,100,100,S,0,52.0,43.0,63.7,63.7,Persistence
HLT,Hilton Worldwide Holdings Inc. Common Stock ,Consumer Cyclical,Lodging,United States,その他,338.1199951171875,76.972466176,825.5182774786377,0.07741184893502774,0.09174401563263312,0.1666476689843839,0.2820001661267547,0.07107438016528926,0.7805532371527364,45.02396416500599,0.023621983081239695,0.034549728917082585,True,2,12,40,40,87,S,-10,6.200000000000003,13.700000000000003,39.400000000000006,39.400000000000006,Persistence
HLX,"Helix Energy Solutions Group, Inc. Common Stock",Energy,Oil & Gas Equipment & Services,United States,電力/エネルギー,8.539999961853027,1.258646144,14.512961335172653,-0.049380226121776,0.053369392616117506,0.4771824533272248,0.12322199285467612,-0.2600583807036411,0.24073895678128862,22.90749490918884,-0.11078717916239814,0.19052134526471784,True,0,0,40,100,63,B,-5,16.3,16.3,54.6,54.6,Persistence
HMN,Horace Mann Educators Corporation Common Stock,Financial Services,Insurance - Property & Casualty,United States,その他,53.849998474121094,2.174525952,16.830278523101807,0.04805211558307534,0.08207705192629816,0.06837670568935948,,,0.038869165367534354,87.81024979563712,0.14599430703016117,0.0,True,0,12,22,100,10,D,-20,0.0,5.0,19.1,19.1,Persistence
HNI,HNI Corporation Common Stock,Consumer Cyclical,"Furnishings, Fixtures & Appliances",United States,その他,41.43000030517578,2.98266624,36.478493818702695,0.12373337555414819,0.03796220213640099,0.030569904310271828,0.4142655864741106,0.1996547756041427,0.3262231320368475,86.35169894139686,0.22503473760265633,0.19674857238793772,True,41,14,42,100,35,C,0,49.25,29.0,55.1,55.1,Persistence
HOG,"Harley-Davidson, Inc. Common Stock",Consumer Cyclical,Recreational Vehicles,United States,その他,24.959999084472656,2.627496704,76.13286440746307,-0.13758516326630552,-0.11131302131182538,0.014134867500821007,0.300171131243468,-0.5212067752833605,0.37958560886732634,43.521587421381255,0.02309362275450787,0.16940972692741854,True,4,0,25,100,100,S,0,28.0,25.0,58.75,58.75,Persistence
HOMB,"Home BancShares, Inc. Common Stock",Financial Services,Banks - Regional,United States,その他,28.68000030517578,5.776537088,59.71950423545837,0.07706785507706786,0.023245330233955967,0.06694551086292645,,-0.10684055292988877,0.0340669138229426,58.77378085982282,0.05956062093624305,0.04825519549955244,True,18,12,37,85,72,A,-20,13.450000000000003,8.95,36.0,36.0,Persistence
HP,"Helmerich & Payne, Inc. Common Stock",Energy,Oil & Gas Drilling,United States,電力/エネルギー,31.299999237060547,3.12783872,41.104097998085024,0.358921674362722,-0.04031929859863857,0.3950942813403376,0.16271166170539184,-0.3851132173995601,0.32957192780272654,18.46522602617962,-0.1720083732969642,0.24632795191258436,False,32,8,36,85,41,C,0,40.85,22.85,49.25,49.25,Persistence
HPE,Hewlett Packard Enterprise Company Common Stock,Technology,Communication Equipment,United States,通信/光通信,41.22999954223633,54.596911104,1149.9508648324586,0.13838085438311148,0.034048395400720785,0.022424199887703538,0.3025717284814556,-0.682370820668693,0.3171949516507259,32.6744442052229,0.049260971776519495,0.2635685598837375,True,39,2,37,40,73,A,0,42.55,14.8,44.95,44.95,Persistence
HPQ,HP Inc. Common Stock,Technology,Computer Hardware,United States,その他,21.93000030517578,20.055482368,375.08425586963654,0.032412853115256074,-0.0029599017089243828,-0.14611349546971864,0.20602224432588842,-0.1130820399113082,0.26052814288108406,22.554881024806207,-0.03560540151079874,0.24345588029669207,False,30,0,21,65,63,B,0,38.55,16.05,40.400000000000006,40.400000000000006,Persistence
HRB,"H&R Block, Inc. Common Stock",Consumer Cyclical,Personal Services,United States,その他,40.040000915527344,5.07547904,89.64415664974213,0.04172673706987168,0.03979108256040505,0.002574156794012595,0.44533002569798685,-0.08876232154867297,0.6204997827750744,69.66824798779298,0.12086406581723567,0.26393471949634567,True,34,12,31,85,33,D,-10,31.549999999999997,15.05,34.9,34.9,Persistence
HRI,Herc Holdings Inc. Common Stock ,Industrials,Rental & Leasing Services,United States,その他,134.91000366210938,4.505056768,86.93533180984497,0.2827504445761707,0.028031687995124923,0.1978102189781022,0.3257855822550832,-11.5625,0.7028890824622532,44.178929832726034,-0.012518355758830896,0.24780689869915082,True,31,5,31,85,100,S,-10,36.0,16.5,48.3,48.3,Persistence
HRL,Hormel Foods Corporation Common Stock,Consumer Defensive,Packaged Foods,United States,その他,25.0,13.757873152,112.626375,0.015549547568002375,-0.015624512283639733,-0.027995941184090996,0.1562688746885883,-0.47109711302715934,0.21335015391112405,55.22387687919256,0.10554897527641209,0.16773769514164213,True,30,0,25,65,70,A,-20,19.25,0.0,24.0,24.0,Persistence
HSY,The Hershey Company Common Stock,Consumer Defensive,Confectioners,United States,その他,182.13999938964844,36.945891328,444.8359670093536,0.04376910272504761,0.00333820212320797,0.07156895659149266,0.33548561069861765,-0.09166028788141588,0.4176152367567632,51.28357255528822,-0.01340162995035005,0.22320857531749805,False,22,0,33,40,90,S,0,31.5,15.0,46.150000000000006,46.150000000000006,Persistence
HTGC,"Hercules Capital, Inc. Common Stock",Financial Services,Asset Management,United States,その他,15.960000038146973,2.9864128,19.96667824772358,0.23964437659896254,-0.17057644286568424,1.3098982874597862,,-2.5851439057856944,0.5023337563966697,62.03208119797821,0.030093120388587274,0.1088252287542022,False,27,17,10,100,70,A,-30,12.25,4.75,14.5,14.5,Persistence
HTH,Hilltop Holdings Inc.,Financial Services,Financial Conglomerates,United States,その他,38.81999969482422,2.27214208,12.234317003822326,0.0865432582668187,-0.008424189799990637,-0.07261035359844684,,-1.2081326531759626,0.031751794920212656,56.52776754932747,0.03003235691296138,0.02804203731583985,True,30,12,10,100,75,A,-30,15.0,1.5,15.5,15.5,Persistence
HUBB,Hubbell Inc Common Stock,Industrials,Electrical Equipment & Parts,United States,電力/エネルギー,487.1000061035156,25.739229184,338.25237591840823,0.03839388824731278,0.04757207467103426,0.08589502617271974,0.35316360401053964,0.07881105081401085,0.3022676453431849,54.64229807120907,-0.02172232414479146,0.12420206511348401,True,6,24,42,65,100,S,0,24.25,37.75,59.35,59.35,Persistence
HUBS,"HubSpot, Inc. Common Stock",Technology,Software - Application,United States,ソフトウェア,192.1199951171875,9.834758144,335.94774766174316,0.19170875605080487,0.21072098349022914,0.2537659542140847,0.8376097718941795,0.22746401074515799,0.06805779015923351,54.52521304542834,-0.06123843515542165,0.65747907513842,False,28,26,100,85,55,B,0,39.25,37.75,87.25,87.25,Persistence
HUN,Huntsman Corporation Common Stock,Basic Materials,Chemicals,United States,その他,10.819999694824219,1.897668736,91.60200921638489,-0.05848243870112657,-0.012272950417280314,-0.23831484482113924,0.13214851310927328,0.46835443037974683,0.3422665716322167,18.764994989305194,-0.2096948773793747,0.31906863051951,False,5,12,26,100,24,D,-5,16.15,21.4,39.099999999999994,39.099999999999994,Persistence
HXL,Hexcel Corporation Common Stock,Industrials,Aerospace & Defense,United States,防衛/宇宙,99.30999755859375,7.490673664,98.34073198242187,-0.004781923279033105,0.06372275013974288,0.13392913735184128,0.22957917524684512,-0.2252341054706752,0.3672337278106509,55.365980035085975,0.07063179032480177,0.007495502881266916,True,0,0,21,85,60,B,0,18.75,18.75,44.8,44.8,Persistence
IBM,International Business Machines Corporation Common Stock,Technology,Information Technology Services,United States,その他,289.5199890136719,272.115580928,2452.784394924927,0.07621946361130146,0.014435822825735531,0.021972575582355856,0.5818674484719261,-0.025935374149659865,0.42538188043191993,58.762381471449245,0.13565885891183194,0.12061483050615723,True,29,12,37,25,70,A,0,32.5,19.75,40.6,40.6,Persistence
IBP,"Installed Building Products, Inc. Common Stock",Consumer Cyclical,Residential Construction,United States,その他,228.25999450683594,6.14948608,112.79924148544312,0.010029578757692177,0.05855466781832577,0.040752116263390516,0.3397401373367443,0.19649960222752585,0.47954545454545455,64.3279955626883,-0.008301149340035634,0.3301776515598602,False,6,24,38,85,53,B,0,22.55,36.05,52.75000000000001,52.75000000000001,Persistence
ICE,Intercontinental Exchange Inc. Common Stock,Financial Services,Financial Data & Stock Exchanges,United States,その他,132.99000549316406,75.20751616,690.2487162107849,0.0747385426409319,0.187619913157629,0.027708592777085927,0.5615506329113924,0.003629764065335753,0.1481440896505877,42.083507058192865,-0.08444190507022108,0.28527478594037925,False,13,24,50,40,63,B,-20,2.0500000000000007,10.3,30.1,30.1,Persistence
IDA,"IDACORP, Inc. Common Stock",Utilities,Utilities - Regulated Electric,United States,電力/エネルギー,154.5500030517578,8.563342848,108.00031488258362,-0.007465101090366811,0.03412505746293499,0.07443820822746734,0.1979071118154084,-0.39200264184234757,0.35832532145080936,81.00235910038086,0.0760085826326514,0.0,True,0,12,6,85,25,D,0,15.25,24.25,29.55,29.55,Persistence
IDT,IDT Corporation Class B Common Stock,Communication Services,Telecom Services,United States,その他,58.81999969482422,1.462769024,15.557007619285583,0.021328138347191605,-0.026698868470376655,-0.09178722003552638,0.36231978205352033,0.7933658404899695,0.0017614096387273777,62.14652754623727,0.09301611196983821,0.15309479710000531,True,46,31,34,100,65,A,-5,51.0,39.75,51.7,51.7,Persistence
IE,Ivanhoe Electric Inc. Common Stock,Basic Materials,Copper,United States,電力/エネルギー,9.510000228881836,1.505353216,24.737792995376587,0.1182350913478111,-0.25672559569561876,-0.5375592417061611,0.6528976572133169,0.4631345849509865,0.07427892723160615,32.6259950975556,-0.2222258379496216,0.5225903517842183,False,62,62,22,100,33,D,-15,49.8,49.8,28.700000000000003,49.8,Acceleration
IEX,IDEX Corporation Common Stock,Industrials,Specialty Industrial Machinery,United States,その他,223.82000732421875,16.566050816,162.09716390441895,0.057727606461086635,-0.0015577751305782094,0.028913542223199976,0.44506146059291396,0.022885572139303482,0.2668687743611953,63.29749490689319,0.04023373565408572,0.01863462912051519,True,24,12,30,65,55,B,0,33.25,24.25,43.75,43.75,Persistence
IFF,"International Flavors & Fragrances, Inc. Common Stock",Basic Materials,Specialty Chemicals,United States,その他,83.83000183105469,21.40209152,169.54743615333558,-0.05172413793103448,0.00043557801202195314,-0.0772508038585209,0.3616161616161616,-0.5780730897009967,0.25917224636829944,69.9712732187765,0.11860530184107711,0.0,True,4,0,25,65,25,D,0,15.25,12.25,35.0,35.0,Persistence
INGM,Ingram Micro Holding Corporation Common Stock,Technology,Information Technology Services,United States,その他,25.649999618530273,5.91090432,41.5187566325283,0.09529475141658086,-0.0011801117909930907,-0.05477922159179561,0.06667085519379488,3.0,0.17222085610954876,17.032992560997556,-0.08848053569698246,0.18931731626638065,True,42,24,30,85,63,B,0,50.55,37.05,50.35,50.55,Acceleration
INGR,Ingredion Incorporated Common Stock,Consumer Defensive,Packaged Foods,United States,その他,97.62000274658203,6.155825664,113.40710959075928,-0.028398384925975774,-0.08946078431372549,0.02693178957966272,0.2532206676825045,-0.5521472392638037,0.2495884513106243,41.38756594902982,-0.04534170954336993,0.2674667564047751,False,18,12,25,85,73,A,-20,13.549999999999997,9.05,29.6,29.6,Persistence
INSW,"International Seaways, Inc. Common Stock ",Energy,Oil & Gas Midstream,United States,電力/エネルギー,82.4000015258789,4.079186944,53.91926499847412,-0.11381832740830569,-0.11211494949966178,0.23952629052870186,0.422890020419731,-0.8544384977744524,0.21592068175499,56.569884620601684,0.03750008751235532,0.08424095963840164,True,4,0,29,85,100,S,0,25.75,22.75,57.2,57.2,Persistence
INVX,"Innovex International, Inc. Common Stock",Energy,Oil & Gas Equipment & Services,United States,電力/エネルギー,24.09000015258789,1.681973248,11.699067674102784,0.4803973347578628,0.18948084652922656,0.18910976071782512,0.3100226833399608,0.9510301208591646,0.06251404431261516,15.32738838606545,-0.12264727309558501,0.22415456539417128,True,57,20,89,100,51,B,-5,57.85,30.1,79.15,79.15,Persistence
IONQ,"IonQ, Inc. Common Stock",Technology,Computer Hardware,United States,その他,49.119998931884766,18.335019008,1315.7815865883065,2.01850347085181,0.9541330187823247,0.9802353786721768,0.40401181393059316,-1.4225106124924196,0.004569157418819492,36.1102403031686,-0.1061875620078499,0.401632341050401,False,57,40,52,65,45,C,-10,47.0,34.25,43.85,47.0,Acceleration
IOT,Samsara Inc. Class A Common Stock,Technology,Software - Infrastructure,United States,ソフトウェア,35.93000030517578,20.936773632,259.4086737533188,0.2957383091084767,0.3326424041349072,0.43650629458504775,0.767366330272112,0.8607847006691663,0.02864121882618549,63.58253281668821,0.13870455492714748,0.2054400854654133,True,43,49,100,65,50,B,0,47.0,51.5,81.25,81.25,Persistence
IP,International Paper Company Common Stock,Consumer Cyclical,Packaging & Containers,United States,その他,38.790000915527344,20.539963392,242.20476571655274,0.4925165772023998,-0.012349529096239008,-0.24233259297764756,0.29605652872979604,-1.2100396301188903,0.27175745443051313,78.15251079386583,0.15109787342746914,0.2699827334107103,True,44,8,6,65,18,D,0,44.55,17.55,23.150000000000002,44.55,Acceleration
IR,Ingersoll Rand Inc. Common Stock,Industrials,Specialty Industrial Machinery,United States,その他,80.58999633789062,31.537833984,354.2990097502136,0.057484450587422256,0.05219528511801748,0.16222977198586955,0.4360663451358664,-0.02204232125681308,0.2650405526528649,71.64617113271755,0.06459471711844228,0.18357436731815518,False,22,0,37,40,40,C,0,26.5,10.0,38.35,38.35,Persistence
IT,"Gartner, Inc. Common Stock",Technology,Information Technology Services,United States,その他,136.32000732421875,9.126882304,203.94699975769043,0.03666825105294674,0.061022123746985756,0.07872938720336548,0.6839304958762401,-0.15035009778156935,0.41407351522497343,37.997325387701466,-0.08737544397187233,0.6594383737884896,False,12,0,41,85,45,C,0,26.25,17.25,52.8,52.8,Persistence
ITT,ITT Inc. Common Stock ,Industrials,Specialty Industrial Machinery,United States,その他,186.8000030517578,16.782078976,193.93109316825866,0.08477704024017407,0.10590922936338715,0.09883857147638651,0.35353561000380856,0.2482884527612962,0.1374239350912779,51.48221703934544,-0.0615828718144552,0.15567958995220693,False,9,12,46,65,80,S,0,24.5,26.75,57.55,57.55,Persistence
ITW,Illinois Tool Works Inc. Common Stock,Industrials,Specialty Industrial Machinery,United States,その他,272.760009765625,78.47305216,409.80691287231446,0.00918354510001258,-0.01297572484013162,0.010984182776801407,0.44097481924707055,-0.048171589310829814,0.5704111964329948,72.72522640605939,0.0643724561258041,0.0782803738317757,True,22,0,21,40,37,C,0,26.2,9.7,28.950000000000003,28.950000000000003,Persistence
IVZ,Invesco Ltd Common Stock,Financial Services,Asset Management,United States,その他,27.010000228881836,11.97344256,148.96838931235314,0.05111257623207516,0.06133230704639284,-0.054968671989948585,0.3523858807294852,0.2855740922473013,0.3611316158559091,40.390387767311545,-0.004058086860956409,0.07500001633003923,True,9,12,30,65,87,S,-20,5.200000000000003,7.450000000000003,30.150000000000006,30.150000000000006,Persistence
J,Jacobs Solutions Inc. Common Stock,Industrials,Engineering & Construction,United States,その他,127.88999938964844,15.1013632,177.9947433505249,0.04598249830166071,0.059855852966708506,0.10920350801803196,0.24812866533003963,-0.34929447415749837,0.24082191257347788,53.137411389421146,0.0506893605633712,0.2158964400156121,False,0,0,37,65,75,A,0,17.25,17.25,51.6,51.6,Persistence
JBL,Jabil Inc. Common Stock,Technology,Electronic Components,United States,半導体,341.29998779296875,35.763830784,553.1005212176514,0.03181802444344424,-0.16768485966226732,0.03656132385447159,0.08878598751761627,0.2575107296137339,0.18152402523863453,35.55951681054145,-0.04969762832128014,0.11495479223229793,True,23,12,30,40,90,S,0,32.25,24.0,44.5,44.5,Persistence
JBTM,JBT Marel Corporation Common Stock,Industrials,Specialty Industrial Machinery,United States,その他,145.8300018310547,7.593049088,86.25188373298646,1.2134032634032634,0.031002162941600575,0.04659498207885305,0.35137696803749147,0.2229070364663585,0.22976058212362802,85.9177304964539,0.12102983606531185,0.13355856731820792,True,52,22,54,85,35,C,0,55.25,32.75,57.95,57.95,Persistence
JEF,Jefferies Financial Group Inc. Common Stock,Financial Services,Capital Markets,United States,その他,52.619998931884766,10.702486528,147.81299729959488,0.029349117918294212,0.4130500192235358,0.04086239378800304,0.5805129809398414,-2.7121340295190275,0.3125494204250791,33.47417862236796,-0.01153849173434085,0.23519338095450898,False,8,0,41,65,80,S,-30,0.0,0.0,24.799999999999997,24.799999999999997,Persistence
JLL,Jones Lang LaSalle Incorporated Common Stock,Real Estate,Real Estate Services,United States,その他,327.4599914550781,15.192040448,128.16784065551758,0.1144843361257036,0.12870891295133136,-0.004855695255990528,,0.6313771257085695,0.14550224424333327,75.05079801077522,0.06558489482969329,0.08699049765366233,True,14,26,30,65,50,B,0,25.25,34.25,42.75,42.75,Persistence
JOBY,"Joby Aviation, Inc. Common Stock",Industrials,Airports & Air Services,United States,その他,8.489999771118164,8.351128064,355.4173273683071,3.0,-0.8682170542635659,,0.4510435189518016,-0.18228122562300267,0.020514531753375496,38.58267992465723,-0.14134878341024446,0.5836194200462628,False,43,40,18,85,33,D,-10,38.3,36.05,27.75,38.3,Acceleration
JOE,St. Joe Company (The) Common Stock,Real Estate,Real Estate - Diversified,United States,その他,61.33000183105469,3.520939776,19.35973502799988,0.27439495253726376,0.03455565973515548,0.5428164916911394,0.4305342857031521,1.8743691761828485,0.3771958593965066,34.68356378170543,-0.056025901958032136,0.15338533869289958,False,46,36,57,85,70,A,0,54.25,46.75,66.6,66.6,Persistence
JPM,JP Morgan Chase & Co. Common Stock,Financial Services,Banks - Diversified,United States,その他,334.4700012207031,896.216137728,3451.0263532450867,0.07322989394413329,0.09349346894522174,0.21314992131655797,,,0.1129928359962937,68.16763185726208,0.0699225932193078,0.001939585539373978,True,0,0,30,10,40,C,-30,0.0,0.0,0.0,0.0,Acceleration
JXN,Jackson Financial Inc. Class A Common Stock ,Financial Services,Insurance - Life,United States,その他,104.47000122070312,7.28606208,70.25137467086792,1.1057567917205693,-0.02306477093206951,-0.6743827160493827,,,0.013069151923218732,39.59844603679812,-0.0340911911701949,0.13040828685550435,False,55,10,18,85,80,S,-20,42.0,8.25,27.15,42.0,Acceleration
KAI,Kadant Inc Common Stock,Industrials,Specialty Industrial Machinery,United States,その他,309.0,3.648814848,54.302115,-0.0010784291388515489,0.0999423602235421,0.05850637587193655,0.45210634755304835,0.14911366006256518,0.21872784254908076,62.575392242535536,-0.004252390821566552,0.135429789584184,True,10,12,38,85,80,S,0,28.25,29.75,58.150000000000006,58.150000000000006,Persistence
KBH,KB Home Common Stock,Consumer Cyclical,Residential Construction,United States,その他,61.15999984741211,3.749107968,98.19329715501786,-0.10012458719848498,0.08103058217844146,-0.07143148908655206,0.18784377829240625,-0.11171234126235657,0.25639032779002946,66.44262571285202,0.16992538209550348,0.08821573411683777,True,0,0,21,85,50,B,0,17.75,17.75,42.8,42.8,Persistence
KBR,"KBR, Inc. Common Stock",Industrials,Engineering & Construction,United States,その他,36.40999984741211,4.6164224,66.2232359224701,0.009857328145265888,0.10839562967222542,0.05971968312004875,0.14770100179809914,0.29396984924623115,0.43863912515188336,55.687027625353025,0.06611160780969898,0.28295325509021624,False,5,24,34,85,58,B,0,22.3,36.55,51.550000000000004,51.550000000000004,Persistence
KD,"Kyndryl Holdings, Inc. Common Stock",Technology,Information Technology Services,United States,その他,12.25,2.701335808,56.036155,0.0023245002324500234,-0.06198604535260404,-0.05720662516151768,0.21793002915451895,0.008902077151335312,0.39486893474623536,59.83773219699703,0.005268428822148092,0.7178069559304483,False,20,12,26,100,65,A,0,36.5,30.5,52.3,52.3,Persistence
KEX,Kirby Corporation Common Stock,Industrials,Marine Shipping,United States,その他,129.83999633789062,6.94280448,80.20735933776855,0.030060541184049855,0.05635714378129407,0.1102021938023969,0.26260697670962085,-0.019580314812219394,0.1888968874234464,27.237150330297922,-0.09325179183437698,0.14909234252567313,True,0,12,37,85,63,B,0,19.05,28.05,54.2,54.2,Persistence
KEY,KeyCorp Common Stock,Financial Services,Banks - Regional,United States,その他,23.020000457763672,24.847067136,292.9565543255806,0.6571883530482256,-0.2926790024135157,-0.11542840876743524,,2.5075125208681137,0.05959399287345225,62.5454555542994,0.04840327386820538,0.016659521238380125,True,48,57,30,65,55,B,-20,31.25,38.0,23.75,38.0,Transition
KEYS,Keysight Technologies Inc. Common Stock,Technology,Scientific & Technical Instruments,United States,その他,313.8599853515625,53.637214208,515.9858159179687,0.07953404298051818,-0.08876281112737922,0.008118081180811807,0.6208372093023256,0.4265033407572383,0.24581895407486062,42.137832788339544,-0.09439832552267716,0.1593186145866243,True,35,24,42,40,90,S,0,41.25,33.0,51.1,51.1,Persistence
KFY,Korn Ferry Common Stock,Industrials,Staffing & Employment Services,United States,その他,69.68000030517578,3.54371584,55.29282224216461,0.06430621864005685,-0.012312265583499224,-0.023859955667852487,0.8807877518893937,0.07425185008513373,0.14553692503596755,42.09364064766239,0.014194058662895418,0.06802774192653038,True,47,24,45,85,87,S,0,56.7,39.45,63.400000000000006,63.400000000000006,Persistence
KGS,"Kodiak Gas Services, Inc. Common Stock",Energy,Oil & Gas Equipment & Services,United States,電力/エネルギー,67.94000244140625,6.856431104,139.82799842468262,0.1283426103953124,0.3632842220134269,0.20125071866175645,0.42197844201513646,3.0,0.6046912274777982,51.55538768557954,-0.027817848078096275,0.10921718327382965,True,27,53,71,85,100,S,-10,33.0,52.5,70.30000000000001,70.30000000000001,Persistence
KKR,KKR & Co. Inc. Common Stock,Financial Services,Asset Management,United States,その他,93.83999633789062,87.50030848,455.1521342376709,-0.11241735784662385,0.5108904849377255,1.5737153408698852,0.1799646014086965,-0.9512940469323831,0.1329724814357429,46.50381360298336,-0.02994804935477158,0.3791832763131476,False,0,0,33,40,73,A,-20,0.0,0.0,22.75,22.75,Persistence
KMI,"Kinder Morgan, Inc. Common Stock",Energy,Oil & Gas Midstream,United States,電力/エネルギー,32.060001373291016,71.327916032,343.23854250263213,0.12165562913907285,-0.01526020607799661,-0.20135416666666667,0.5287240951762414,-0.03825681969394544,0.4368779897729147,57.20165303527417,-0.001875184463533635,0.06557854590328104,True,43,14,25,40,87,S,0,46.95,25.200000000000003,41.150000000000006,46.95,Acceleration
KMPR,Kemper Corporation,Financial Services,Insurance - Property & Casualty,United States,その他,28.829999923706055,1.697344128,43.40832183512688,0.032421697929932866,-0.0623583225388601,-0.09351435648105678,,0.6800121322414316,0.07564520913675467,74.72527421343398,0.02343511448851773,0.5302635116005953,False,39,12,30,100,30,D,-25,22.25,2.0,22.5,22.5,Persistence
KMT,Kennametal Inc. Common Stock,Industrials,Tools & Accessories,United States,その他,33.4900016784668,2.55227648,39.2499470671463,-0.03910989257408402,-0.015054008692204348,0.0326605898464364,0.30407581685389545,-0.2960477035866161,0.252752796011019,44.17629914927803,-0.06445256677296221,0.2218242450167855,True,4,0,25,100,90,S,0,27.0,24.0,56.75,56.75,Persistence
KMX,CarMax Inc,Consumer Cyclical,Auto & Truck Dealerships,United States,その他,50.97999954223633,7.234628096,211.7530750986099,-0.01792135517894831,-0.006881961287366163,-0.10607534012357069,0.10844166740626598,3.0,0.7033004482760726,48.52130349776042,0.1561086805368024,0.278005960889872,True,12,12,20,85,53,B,-10,17.05,17.05,32.85,32.85,Persistence
KN,Knowles Corporation Common Stock,Technology,Electronic Components,United States,半導体,36.779998779296875,3.146920704,47.549366321868895,0.07172538392050587,0.21169001751313485,-0.04594820384294068,0.4320633850303439,-0.29699570815450643,0.1291979830653601,41.60904459695241,0.0029067087463972344,0.14065421881014778,True,7,35,29,85,100,S,0,28.0,49.0,57.2,57.2,Persistence
KNF,Knife Riv Holding Co. Common Stock,Basic Materials,Building Materials,United States,その他,84.87999725341797,4.8172672,57.20444974895477,0.08520406139347811,0.024256717367110076,0.1166282470433723,0.1835113788504303,-1.4640920098467614,0.33372309295630026,64.52659267998413,0.029172788163993033,0.10246380958735035,True,18,0,18,85,80,S,0,34.25,20.75,47.15,47.15,Persistence
KNSL,"Kinsale Capital Group, Inc. Common Stock",Financial Services,Insurance - Property & Casualty,United States,その他,354.8500061035156,8.183841792,127.32727919006348,0.18044566227303507,0.29652194578949387,0.45975579515596016,,0.03958070389496387,0.037129930516131136,75.16226680012232,0.1309991882505851,0.27398100030526235,False,7,26,85,85,8,D,-20,0.0,13.049999999999997,49.599999999999994,49.599999999999994,Persistence
KNTK,Kinetik Holdings Inc. Class A Common Stock,Energy,Oil & Gas Midstream,United States,電力/エネルギー,47.75,7.981886976,57.30573,0.18980005111505677,0.1802887906196375,0.035370707628410616,0.3376783691124803,-0.7940399421256913,0.5447828241993536,52.774973102706284,-0.006529376637569132,0.06865614250702914,True,39,14,41,85,87,S,0,50.7,31.950000000000003,61.2,61.2,Persistence
KNX,Knight-Swift Transportation Holdings Inc.,Industrials,Trucking,United States,その他,76.3499984741211,12.406416384,350.3415117483139,0.008044584685883198,0.0375694191044624,-0.03860979120914328,0.13961464794585157,3.0,0.22463145635173823,34.871032553225064,0.06657997531245544,0.0739842171000971,True,12,25,30,65,62,B,0,24.95,34.7,45.15,45.15,Persistence
KO,Coca-Cola Company (The) Common Stock,Consumer Defensive,Beverages - Non-Alcoholic,United States,その他,84.13999938964844,362.01086976,1794.1971399848937,0.018699135164998618,0.028565808453905668,0.06394753976374291,0.6162574831563797,0.11706391056739085,0.4340177072202717,60.03532896158906,0.05822009773002713,0.0,True,14,24,46,10,40,C,-20,0.0,3.5,15.799999999999997,15.799999999999997,Persistence
KOS,Kosmos Energy Ltd. Common Shares (DE),Energy,Oil & Gas E&P,United States,電力/エネルギー,2.069999933242798,1.227901696,29.820636388288737,-0.2309989864852766,-0.015426584736319998,-0.24216527007978694,0.0176007799110802,0.293700324967699,0.6499898011891941,13.392861324304093,-0.2557704976683633,0.3669724937868993,True,5,12,0,100,26,D,-15,6.350000000000001,11.600000000000001,15.2,15.2,Persistence
KR,Kroger Company (The) Common Stock,Consumer Defensive,Grocery Stores,United States,その他,58.220001220703125,35.668324352,549.5324784220886,0.0035276605289451682,-0.01943494691380241,0.01201284247730308,0.23300957722057408,0.9448508722566122,0.49430464636758553,33.647446711600026,-0.08483909276110453,0.22583725300584878,False,27,12,22,40,70,A,-20,13.25,2.0,16.1,16.1,Persistence
KRMN,Karman Holdings Inc. Common Stock,Industrials,Aerospace & Defense,United States,防衛/宇宙,56.369998931884766,7.470507008,205.15607446264266,0.3656730900127733,0.22994246629023352,0.24035450989351573,0.40302439024390246,-4.72641095409462,0.5319356287859027,63.76165110402807,-0.035288901839338145,0.5110590815834332,False,36,20,61,85,45,C,-10,34.25,22.25,53.800000000000004,53.800000000000004,Persistence
KSS,Kohl's Corporation Common Stock,Consumer Cyclical,Department Stores,United States,その他,18.190000534057617,2.062745856,96.58835713582992,-0.04278404537328155,-0.07181277180132753,-0.03436843850149188,0.4056804276421717,3.0,0.4961832061068702,55.2220939207784,0.19738850654264012,0.24667929995070967,True,34,24,26,100,70,A,0,47.5,40.0,53.3,53.3,Persistence
KTB,"Kontoor Brands, Inc. Common Stock ",Consumer Cyclical,Apparel Manufacturing,United States,その他,85.0,4.6981504,81.5541,0.2089594251830626,4.065240202004087e-05,-0.009109827151936352,0.4515174835112687,0.24426768523119952,0.5009807672054368,60.26844537901184,0.16261737948374752,0.0,True,52,17,30,85,25,D,0,54.25,28.0,42.75,54.25,Acceleration
KVUE,Kenvue Inc. Common Stock,Consumer Defensive,Household & Personal Products,United States,その他,19.829999923706055,38.07377408,418.28241784070013,-0.02141701714655451,0.0007122507122507123,0.03304347826086956,0.581327691087014,0.2898876404494382,0.32035751218791547,77.1604992779743,0.11914502354584071,0.09140865234787043,True,13,24,34,40,35,C,0,19.25,27.5,35.7,35.7,Persistence
KVYO,"Klaviyo, Inc. Series A Common Stock",Technology,Software - Application,United States,ソフトウェア,16.899999618530273,5.057828864,101.81252670186997,0.31633748069259193,0.34288116728429635,0.4766831377393453,0.7467437697474674,0.2744118497401314,0.07639358118795093,73.59854324135696,0.05390503654725049,0.5295100089080407,False,34,45,97,85,15,D,0,39.75,48.0,77.6,77.6,Persistence
KWR,Quaker Houghton Common Stock,Basic Materials,Specialty Chemicals,United States,その他,161.16000366210938,2.798776064,29.36496426727295,0.026606714406697665,-0.05817142465134876,0.00500518371977557,0.3597160699214353,-0.50488377236092,0.3237575841620394,75.42394736842105,0.11604486197326681,0.10398889269421985,True,22,0,25,100,35,C,0,35.0,18.5,45.75,45.75,Persistence
L,Loews Corporation Common Stock,Financial Services,Insurance - Property & Casualty,United States,その他,116.5199966430664,23.976189952,107.25374391002656,0.05435350078310807,0.09956627120806226,0.11587188612099644,,0.12829084830756374,0.1098925279103164,80.72529977014463,0.07618595379113839,0.0,True,2,24,42,65,25,D,-20,0.0,10.25,24.35,24.35,Persistence
LAD,"Lithia Motors, Inc. Common Stock",Consumer Cyclical,Auto & Truck Dealerships,United States,その他,306.2300109863281,6.983826432,96.87586397552491,0.039977119613575696,0.16577057756673957,0.10126721489438693,0.15233201097917093,-0.921302578018996,0.6167155238338007,44.9992310087646,0.0615922604330952,0.1379355373344961,True,0,12,35,85,85,S,-10,11.25,20.25,47.5,47.5,Persistence
LAZ,"Lazard, Inc. Common Stock",Financial Services,Capital Markets,United States,その他,41.540000915527344,4.089101568,143.76038896842957,0.019983151346272234,0.20977288584711148,-0.09714485517596746,0.3375472605555192,-0.3010783990363243,0.43986075753116843,44.19192940881812,-0.0848406989810696,0.2635696697173341,False,4,0,21,85,63,B,-20,2.0500000000000007,0.0,25.4,25.4,Persistence
LB,LandBridge Company LLC Class A Shares Representing Limited Liability Company Interests,Energy,Oil & Gas Equipment & Services,United States,電力/エネルギー,73.75,5.680004096,31.03215625,0.8106935627626098,0.5090098126672614,0.4072850879734245,0.9322125840687517,0.8309852815411621,0.41014790023249414,57.69230840661707,0.06822199383482211,0.13374145911928495,True,86,64,82,85,85,S,0,85.75,69.25,83.35,85.75,Acceleration
LBRT,Liberty Energy Inc. Class A common stock,Energy,Oil & Gas Equipment & Services,United States,電力/エネルギー,23.790000915527344,3.882324224,95.4822392245102,-0.07161841701850753,-0.09114860208495158,0.14429190201165132,0.08428987078756581,-0.9209094987103286,0.17375857325327648,27.3504346654815,-0.21349453313457364,0.29681298641875264,True,18,0,25,85,34,D,0,29.65,16.15,41.8,41.8,Persistence
LCII,LCI Industries,Consumer Cyclical,Recreational Vehicles,United States,その他,103.36000061035156,2.512837376,71.84243562423705,0.10178771134884775,-0.011519738914100795,-0.27315074696431424,0.23781925207974638,-0.15130004177453338,0.3889833302214398,71.07055816181978,-0.018876153462538046,0.32917387127761766,False,35,14,21,100,38,C,0,45.05,29.3,44.15,45.05,Acceleration
LDOS,"Leidos Holdings, Inc. Common Stock",Technology,Information Technology Services,United States,その他,108.83999633789062,13.690489856,219.138448626709,0.030728604009122553,0.07928488146132918,0.07238121700472354,0.18044718760917666,0.26360808709175737,0.3879789520492107,32.1233812166837,-0.12684159909722106,0.45004265232709617,False,5,24,38,65,33,D,0,16.8,31.05,43.75000000000001,43.75000000000001,Persistence
LEA,Lear Corporation Common Stock,Consumer Cyclical,Auto Parts,United States,その他,130.85000610351562,6.554944,91.11413050003051,-0.0020123573328756543,-0.00685646591582186,0.12327501615489553,0.06468006070742204,-0.06091913074456715,0.19621911864772185,23.590942022381796,-0.04152527602700978,0.10737424536183389,True,18,0,25,85,73,A,0,33.55,20.05,49.6,49.6,Persistence
LEG,"Leggett & Platt, Incorporated Common Stock",Consumer Cyclical,"Furnishings, Fixtures & Appliances",United States,その他,11.9399995803833,1.630541568,35.7016733453083,-0.07493840678894059,-0.07231286902418894,-0.08187770804593235,0.18349732435698257,0.2539045069165551,0.46824454247257097,76.96670097289964,0.13551371585169328,0.06473031432389771,True,5,47,22,100,22,D,-25,0.0,27.450000000000003,16.5,27.450000000000003,Transition
LEN,Lennar Corporation Class A Common Stock,Consumer Cyclical,Residential Construction,United States,その他,88.20999908447266,21.249359872,276.9670477253723,-0.03539691319644579,0.035289722897830146,0.016701488906926167,0.09907659458435202,-0.9873725063578801,0.17063376221451967,38.22502233237127,-0.01302613556993554,0.3718204343260305,False,0,0,25,65,63,B,0,16.05,16.05,42.6,42.6,Persistence
LEN-B,Lennar Corporation Class B,Consumer Cyclical,Residential Construction,United States,その他,86.2699966430664,20.782022656,6.2321445574951175,-0.03539691319644579,0.035289722897830146,0.016701488906926167,0.09907659458435202,-0.9873725063578801,0.17063376221451967,38.19148798019172,-0.012140160511052076,0.35867491247244293,False,0,0,25,65,63,B,0,16.05,16.05,42.6,42.6,Persistence
LEU,Centrus Energy Corp. Class A Common Stock,Energy,Uranium,United States,電力/エネルギー,162.1300048828125,3.18955008,143.55963412353515,0.015158371040723982,0.38038725796377265,0.089857045609258,0.26186761756184534,-0.0486322188449848,0.4968314321926489,51.73245606641598,-0.12398620839683473,0.6281421906357512,False,0,12,44,85,43,C,0,17.05,26.05,54.050000000000004,54.050000000000004,Persistence
LEVI,Levi Strauss & Co Class A Common Stock,Consumer Cyclical,Apparel Manufacturing,United States,その他,24.40999984741211,9.387994112,61.898023263072965,0.04144562334217507,0.0325054346895808,-0.052929351878870406,0.617287488061127,-0.5406170815322701,0.33662831444924657,52.38095238095237,0.06765456144436277,0.016915025275250073,True,42,12,33,85,60,B,0,50.25,27.75,51.400000000000006,51.400000000000006,Persistence
LHX,"L3Harris Technologies, Inc. Common Stock",Industrials,Aerospace & Defense,United States,防衛/宇宙,302.07000732421875,56.274116608,472.9268448669434,0.025322391559202812,0.09815129512333282,0.13814324229281444,0.25726046192545166,0.24686192468619247,0.269838572642311,43.468700749874785,-0.012709016329630828,0.19586156986791572,False,5,24,38,40,90,S,0,18.75,33.0,48.900000000000006,48.900000000000006,Persistence
LII,"Lennox International, Inc. Common Stock",Industrials,Building Products & Equipment,United States,その他,570.030029296875,19.837026304,234.3450453442383,-0.027334169584183627,0.07214115096649873,0.05584520176330959,0.3339171943872346,,0.43380371404772405,70.43225730795143,0.1012909147136164,0.13319816255353603,True,4,0,6,65,35,C,0,16.25,13.25,26.55,26.55,Persistence
LION,Lionsgate Studios Corp Common Shares,,,,その他,14.65999984741211,4.26068864,56.60357881084442,0.018222617711920144,0.05489347808342176,-0.20546079512290033,0.3979785698001368,1.0635097493036212,0.7302472264459087,55.12465264192908,0.07770343715609306,0.1060975494872663,True,19,43,24,85,85,S,-10,25.5,43.5,41.45,43.5,Transition
LMND,"Lemonade, Inc. Common Stock",Financial Services,Insurance - Property & Casualty,United States,その他,71.5199966430664,5.494222848,112.47020112098694,0.4015194681861349,0.22498836668217775,0.6743280093494352,,-0.24519230769230768,0.0945630160461131,75.84714751658238,0.23568554930787877,0.25939736078409037,True,32,26,55,85,18,D,-30,8.549999999999997,4.049999999999997,25.1,25.1,Persistence
LMT,Lockheed Martin Corporation Common Stock,Industrials,Aerospace & Defense,United States,防衛/宇宙,545.9099731445312,125.866975232,759.6610231292725,0.0563743085173768,0.051382989744121,0.024051285160038797,0.10152169278328536,0.3066010970304521,0.36263368983957217,49.09647728869924,0.049053796869524345,0.19327624752943817,True,35,12,38,25,100,S,0,40.0,22.75,47.150000000000006,47.150000000000006,Persistence
LNC,Lincoln National Corporation Common Stock,Financial Services,Insurance - Life,United States,その他,37.0,7.074888192,64.07808,0.019623103007393408,0.5360771923832295,-0.38131966823392677,,,0.015414521433159797,52.30947462084337,0.025010254088733273,0.1848315039236694,False,0,0,10,85,90,S,-30,0.0,0.0,14.75,14.75,Persistence
LNG,"Cheniere Energy, Inc. Common Stock",Energy,Oil & Gas Midstream,United States,電力/エネルギー,245.97000122070312,51.543474176,563.6119712471009,0.27211360886454816,-0.2300186329312543,-0.38991264807945436,0.4771225470564678,-0.2202154626108999,0.5328724781755148,55.59823247796825,0.008826119738859866,0.1696477819657394,True,53,31,25,40,100,S,0,55.75,39.25,43.75,55.75,Acceleration
LNN,Lindsay Corporation Common Stock,Industrials,Farm & Heavy Construction Machinery,United States,その他,122.12000274658203,1.241824256,23.806683935432435,0.11414423941727038,-0.09940897573596169,-0.12541015617397758,0.31163508622525016,0.3538678086909646,0.16235032753117135,67.8161066537269,0.08139857650405023,0.16638857942084248,True,44,26,34,100,65,A,-25,29.5,16.0,31.700000000000003,31.700000000000003,Persistence
LOAR,Loar Holdings Inc. Common Stock,Industrials,Aerospace & Defense,United States,防衛/宇宙,80.9000015258789,7.574219776,71.58153485012055,0.2320248051854555,0.26881317386771325,0.3259478603707076,0.5265644803468988,1.1530802603036876,0.3573091939158815,84.27672763930626,0.25198477763804716,0.013053552261677525,True,29,29,89,85,10,D,0,35.5,35.5,72.2,72.2,Persistence
LOB,"Live Oak Bancshares, Inc. Common Stock",Financial Services,Banks - Regional,United States,その他,41.04999923706055,1.899071104,13.76755399412155,0.12358675839848535,0.13113272012981067,0.08674826084959347,,0.3350888130041964,0.006766138228125976,65.53966841378927,0.07943935688406994,0.017707625323162998,True,10,26,50,100,40,C,-25,1.5,13.5,35.5,35.5,Persistence
LOW,"Lowe's Companies, Inc. Common Stock",Consumer Cyclical,Home Improvement Retail,United States,その他,227.5,127.560859648,697.758425,0.03121638740827497,-0.031293052548710884,-0.11005676959375225,0.334758825301903,-0.006105481943361912,0.8251514479905437,57.222839446473444,0.02275966507485624,0.20459298385183086,False,34,0,19,25,90,S,-20,18.25,0.0,14.700000000000003,18.25,Acceleration
LPG,Dorian LPG Ltd. Common Stock,Energy,Oil & Gas Midstream,United States,電力/エネルギー,36.0099983215332,1.540604288,28.536123169898985,0.36273626139491194,-0.36984039854255574,0.43866213046766495,0.5446104433839989,-0.24512454953418364,0.37914499669445473,25.504206717494583,-0.10180404709119444,0.24538982815636612,True,50,42,37,100,63,B,-5,53.8,47.8,52.95,53.8,Acceleration
LPX,Louisiana-Pacific Corporation Common Stock,Industrials,Building Products & Equipment,United States,その他,79.30999755859375,5.540983296,92.22444101104736,-0.07922475348520912,0.13948082138705928,-0.33030617540217955,0.21750369276218612,-0.7843601895734598,0.14427103159497526,59.94753158596524,0.07103014840882604,0.21695501219237712,False,0,0,25,85,75,A,0,20.25,20.25,50.0,50.0,Persistence
LRN,"Stride, Inc. Common Stock",Consumer Defensive,Education & Training Services,United States,その他,90.44000244140625,3.845946624,86.74191074157714,0.17903708158890705,0.11032743754891534,0.08934311831743807,0.39243018695664644,0.7163548303929874,0.23965554746183346,34.36093603414331,-0.01233379311019195,0.4674047244468071,False,54,33,54,85,55,B,0,58.75,43.0,61.95,61.95,Persistence
LTH,"Life Time Group Holdings, Inc. Common Stock",Consumer Cyclical,Leisure,United States,その他,40.810001373291016,9.084418048,130.8550248533821,0.1427930995671491,0.1824430556263599,0.21619954821714768,0.47630134996853357,-1.414337115970108,0.5188102424702649,78.94739581706695,0.2299578430540541,0.011864355274123873,True,16,14,47,85,10,D,0,25.75,24.25,49.1,49.1,Persistence
LUCK,Lucky Strike Entertainment Corporation Class A Common Stock,Consumer Cyclical,Leisure,United States,その他,7.699999809265137,1.050142336,1.262530468726158,0.04046287330657692,0.09050331038260656,0.16132959674456102,0.37214993677856184,1.90960551474288,0.8335580881838658,28.571425941329537,-0.038261504327895664,0.2958950966727307,False,16,43,36,100,46,C,-25,6.600000000000001,26.85,29.0,29.0,Persistence
LUMN,"Lumen Technologies, Inc. Common Stock",Communication Services,Telecom Services,United States,その他,6.429999828338623,6.624899584,96.98497341079712,-0.05386023802258163,-0.09953974033111218,-0.16712438494106877,0.4647637477826157,-0.6633393829401089,0.5156077106749752,18.78785890870398,-0.2839962760825304,0.4564666213180956,False,38,0,25,85,8,D,0,42.05,13.55,36.6,42.05,Acceleration
LUV,Southwest Airlines Company Common Stock,Industrials,Airlines,United States,その他,50.25,24.560879616,348.2088825,0.021103955172288323,0.05335173048177533,0.09561602418745276,0.1744289634037701,0.4780150753768844,0.20580847183510548,76.65473578615858,0.17530520306915037,0.07504665585414584,True,5,12,22,65,22,D,0,15.7,20.95,32.75,32.75,Persistence
LVS,Las Vegas Sands Corp. Common Stock,Consumer Cyclical,Resorts & Casinos,United States,その他,46.9900016784668,31.137329152,212.31962358398437,0.15215082315454062,0.0892788276128037,1.5236009732360096,0.49788737804409616,0.0960591133004926,0.7200729927007299,27.926837834908298,-0.07163310169747755,0.31630444037150235,False,33,26,48,40,36,C,-10,24.35,19.1,33.60000000000001,33.60000000000001,Persistence
LW,"Lamb Weston Holdings, Inc. Common Stock ",Consumer Defensive,Packaged Foods,United States,その他,45.90999984741211,6.338921984,67.14865442682266,-0.002520254808584328,0.20876163420924757,0.30537461270096855,0.21679351448545253,2.7524752475247523,0.5620891161431701,53.28467763018468,0.05918336702786279,0.29420552142741946,False,12,25,37,85,58,B,-20,7.550000000000001,17.299999999999997,33.2,33.2,Persistence
LYV,"Live Nation Entertainment, Inc. Common Stock",Communication Services,Entertainment,United States,その他,186.58999633789062,43.42188032,537.7169173464965,0.08834920240762234,0.018890346376845838,0.3623866047480603,0.25546392133835705,-0.7095490653026278,0.4540914791044709,74.79137209752682,0.11867322272224606,0.0,True,18,0,44,40,10,D,0,20.5,7.0,36.2,36.2,Persistence
LZB,La-Z-Boy Incorporated Common Stock,Consumer Cyclical,"Furnishings, Fixtures & Appliances",United States,その他,39.90999984741211,1.592304256,33.54215982175827,0.008262821050755095,0.030375759577181933,-0.12871446004206122,0.44041455162733617,0.1310635360338434,0.2762955146927414,53.120754078284634,0.0788002498181851,0.04635600232837827,True,6,24,30,100,72,A,-5,21.7,35.2,50.9,50.9,Persistence
M,Macy's Inc Common Stock,Consumer Cyclical,Department Stores,United States,その他,23.25,6.115632128,164.224515,-0.01673476484395375,-0.03603452610408112,-0.062202837046642305,0.40334202731974717,0.7424242424242424,0.32048281808104445,40.399509954226396,0.08221764550426215,0.10439133975523045,True,43,24,30,85,85,S,0,53.5,39.25,54.75,54.75,Persistence
MA,Mastercard Incorporated Common Stock,Financial Services,Credit Services,United States,その他,539.3900146484375,476.59630592,2303.73744951355,0.16416373770724607,0.12228065981353096,0.1286594414714215,0.7788722515324327,0.20955395259826293,0.350831840759274,76.88632461975592,0.0843100063584412,0.09536043638734044,True,43,26,71,10,50,B,-20,18.75,6.0,31.550000000000004,31.550000000000004,Persistence
MAIN,Main Street Capital Corporation Common Stock,Financial Services,Asset Management,United States,その他,51.959999084472656,4.831752192,35.3013635779953,-0.01563406963148502,0.1792009884678748,0.6024488667077326,,,0.4325454648176664,54.74610775880219,0.0036828664014799356,0.17894742171987252,False,0,0,10,85,90,S,-30,0.0,0.0,14.75,14.75,Persistence
MAN,ManpowerGroup Common Stock,Industrials,Staffing & Employment Services,United States,電力/エネルギー,38.790000915527344,1.804019968,49.896353977661136,0.005780249693344311,-0.056073382854423856,-0.04604715672676838,0.166931185993284,-1.6253390158853158,0.22803244506064343,64.19679624346307,0.24310988492302638,0.1294084407920675,True,18,0,10,100,50,B,-15,18.5,5.0,25.5,25.5,Persistence
MAS,Masco Corporation Common Stock,Industrials,Building Products & Equipment,United States,その他,82.7699966430664,16.697558016,197.24379895030975,-0.03398058252427184,-0.01744696874607757,-0.08214285714285714,0.3542713567839196,-0.04520396912899669,0.6181503557008268,78.6895684488493,0.1497837474813547,0.0,True,4,0,19,65,10,D,-10,3.75,0.75,18.700000000000003,18.700000000000003,Persistence
MATX,"Matson, Inc. Common Stock",Industrials,Marine Shipping,United States,その他,203.52999877929688,6.15948544,67.31551179626464,-0.022590449471038634,0.10573256640599754,-0.2874510706884642,0.22765734788458664,-0.6641905178064235,0.1568513245318837,55.81098593580397,0.09347592532578741,0.0019125117357314196,True,0,0,25,85,60,B,0,18.75,18.75,47.0,47.0,Persistence
MBC,"MasterBrand, Inc. Common Stock",Consumer Cyclical,"Furnishings, Fixtures & Appliances",United States,その他,9.880000114440918,1.264487808,32.64095157808304,0.012701821952303363,-0.00946372239747634,-0.16769958784918332,0.30262917321826893,-0.443391757460919,0.37866081795897305,57.45140793605152,0.15124681176824006,0.2850940425026844,False,34,0,25,100,43,C,-5,39.8,14.3,42.35,42.35,Persistence
MC,Moelis & Company Class A Common Stock,Financial Services,Capital Markets,United States,その他,68.55000305175781,5.098497024,71.45241018096924,0.2697688241129468,0.3975405616626187,-0.13249710493384229,0.32945761987768957,0.2998943169480468,0.1534769358040082,48.95259849447731,0.03614631158294314,0.10056715910816565,True,21,36,49,85,100,S,-20,18.5,29.75,48.2,48.2,Persistence
MCB,Metropolitan Bank Holding Corp. Common Stock,Financial Services,Banks - Regional,United States,その他,98.52999877929688,1.221259392,14.231180373687744,0.11922622915521172,0.09443895049129969,-0.031144760553503428,,-0.43479304385988976,0.0013293819700193176,56.582634968817764,0.07364426092048489,0.020284388204411332,True,35,14,25,100,60,B,-25,22.25,6.5,25.75,25.75,Persistence
MCD,McDonald's Corporation Common Stock,Consumer Cyclical,Restaurants,United States,その他,280.6300048828125,199.38926592,1374.920049072876,0.03722993827160494,0.016669935281427732,0.09977568803381934,0.5740747628789288,0.07703836930455636,0.9210115097034361,46.376065937600345,-0.00031702649714021217,0.17258644006489246,False,28,24,40,25,90,S,-40,0.0,0.0,6.25,6.25,Persistence
MCO,Moody's Corporation Common Stock,Financial Services,Financial Data & Stock Exchanges,United States,その他,490.510009765625,85.6805376,543.6175285229492,0.08888261851015801,0.19810682893847195,0.08193123628383321,0.7443638248250842,0.021420071400238,0.46437144662034113,70.38091145483374,0.08702345953185957,0.0868532467634287,True,17,24,54,40,50,B,-20,3.75,9.0,29.700000000000003,29.700000000000003,Persistence
MCY,Mercury General Corporation Common Stock,Financial Services,Insurance - Property & Casualty,United States,その他,110.4800033569336,6.119335936,34.9520062620163,0.09438817393349773,0.18273637791003214,0.2708062384815427,,0.03812189763859779,0.06138221080554091,76.74530585070491,0.10087923979342181,0.0,True,2,24,57,85,10,D,-20,0.0,11.75,34.6,34.6,Persistence
MDU,"MDU Resources Group, Inc. Common Stock (Holding Company)",Utilities,Utilities - Regulated Gas,United States,その他,20.709999084472656,4.32851456,33.8960555015564,0.06660379140125758,-0.02516092254867602,0.03208038926388058,0.3261655856380522,-13.484980005851945,0.3511916366469235,46.376800577179836,-0.04131181016216385,0.08561112195591902,True,22,0,10,85,100,S,0,39.25,22.75,46.75,46.75,Persistence
MET,"MetLife, Inc. Common Stock",Financial Services,Insurance - Life,United States,その他,90.05999755859375,57.947918336,363.85544883636476,0.07875262009667622,0.03234021255924868,0.007788277529706716,,,0.02708524006731386,56.6595016385597,0.09220930395124247,0.0,True,30,0,22,40,60,B,-20,14.5,0.0,14.100000000000001,14.5,Acceleration
MGM,MGM Resorts International Common Stock,Consumer Cyclical,Resorts & Casinos,United States,その他,47.099998474121094,12.050592768,170.96851996120452,0.01723483799381052,0.06658496785096542,0.23132869700479566,0.4441938538859438,0.20508603802605152,0.7583497676523971,49.391466839991644,0.09850124584742659,0.07082265239392391,True,9,12,44,65,72,A,-10,13.7,15.95,44.85,44.85,Persistence
MGY,Magnolia Oil & Gas Corporation Class A Common Stock,Energy,Oil & Gas E&P,United States,電力/エネルギー,25.200000762939453,4.799879168,84.53327655927659,-0.0030709347162292174,0.07246008285390378,-0.27590199546412997,0.47294688015733566,-0.05749318738324108,0.14173267674603493,31.578978340712325,-0.10347669938299162,0.21667915871758395,False,8,0,33,85,70,A,0,25.75,19.75,53.400000000000006,53.400000000000006,Persistence
MH,"McGraw Hill, Inc. Common Stock",Consumer Defensive,Education & Training Services,United States,その他,10.5,2.008399616,12.309045,0.0007052780208813691,0.0718299312718633,0.006522834026347013,0.8092340571842717,-0.7376252519465317,0.48230715004098973,34.6534692418809,-0.08611416085632458,0.41634240502564634,False,15,35,44,100,45,C,0,30.75,45.75,58.2,58.2,Persistence
MHK,"Mohawk Industries, Inc. Common Stock",Consumer Cyclical,"Furnishings, Fixtures & Appliances",United States,その他,119.3499984741211,7.274757632,93.32573130683899,-0.004752281556533695,-0.02678018158795161,-0.05129035281287541,0.23872086338939677,-0.09315673289183223,0.1795313904130106,63.85809242308965,0.12230964051459367,0.14597496619591346,True,30,0,25,85,50,B,0,40.25,17.75,45.0,45.0,Persistence
MHO,"M/I Homes, Inc. Common Stock",Consumer Cyclical,Residential Construction,United States,その他,156.83999633789062,4.041407488,45.32832734161377,-0.01928864933502343,0.11681362746318212,-0.023694429457570363,0.24104137348591975,-0.25437342034450355,0.21557547688201587,71.58596262415737,0.1392476582063859,0.03779143350987347,True,0,0,25,85,22,D,0,14.95,14.95,39.4,39.4,Persistence
MIAX,"Miami International Holdings, Inc. Common Stock",Financial Services,Capital Markets,United States,その他,40.84000015258789,3.952848128,123.85791886276245,0.1964796960191988,0.09516266461224564,0.3046524772564634,0.31562093817559617,0.8357217804285398,0.0065101137423824364,48.82833645854554,-0.09458524535240148,0.2814919063520011,False,42,28,61,85,63,B,-20,30.549999999999997,20.049999999999997,47.400000000000006,47.400000000000006,Persistence
MIR,"Mirion Technologies, Inc. Class A Common Stock",Industrials,Specialty Industrial Machinery,United States,その他,17.3799991607666,4.252115968,71.91513432741165,0.07504646840148699,0.07479086028218254,0.11577040958484257,0.47395720769397015,1.125248508946322,0.34383099690644076,59.03164313502489,-0.0489428245859077,0.4157983475372571,False,41,47,46,85,65,A,0,50.0,54.5,59.55,59.55,Persistence
MKC,"McCormick & Company, Incorporated Common Stock",Consumer Defensive,Packaged Foods,United States,その他,53.45000076293945,14.370115584,292.20073142084124,0.017341642250546574,0.0092311848938789,0.049082749389811824,0.3789599871350672,0.14435857805255023,0.31544498651556013,64.25675794101241,0.10445751695636979,0.2679911295443244,False,24,24,42,65,23,D,-20,10.05,10.05,23.950000000000003,23.950000000000003,Persistence
MKL,Markel Group Inc. Common Stock,Financial Services,Insurance - Property & Casualty,United States,その他,1979.6500244140625,24.772765696,159.9755184729004,-0.024902447439287444,0.06596941436343139,0.3301754728431419,,0.09206738734039756,0.062460022886566366,72.82156618113272,0.0708102898576478,0.09683374578498471,True,2,12,38,65,50,B,-20,0.0,3.75,27.150000000000006,27.150000000000006,Persistence
MLI,"Mueller Industries, Inc. Common Stock",Industrials,Metal Fabrication,United States,その他,56.5,12.49214976,89.5324425,0.1087308153384954,0.10186720930198562,-0.1411466042930805,0.2901640211298329,0.2137757311673045,0.007363993154084793,18.527822856166722,-0.15338614321577887,0.1954903113175674,False,40,26,30,65,41,C,0,43.85,33.35,40.95,43.85,Acceleration
MLM,"Martin Marietta Materials, Inc. Common Stock",Basic Materials,Building Materials,United States,その他,599.4199829101562,35.992711168,385.8406487994385,0.0861886259272342,-0.03230217056913348,-0.050316507060542116,0.3071544715447154,0.6192052980132451,0.304900860456416,59.69440505214919,0.022197672104770166,0.15245333287996893,False,43,12,30,40,90,S,0,47.25,24.0,44.5,47.25,Acceleration
MMI,"Marcus & Millichap, Inc. Common Stock",Real Estate,Real Estate Services,United States,その他,31.860000610351562,1.20500288,6.630703327026367,0.08490072694882625,0.07761403378400346,-0.5037857894615544,0.3769684674424887,3.0,0.09460456007156846,61.46927038339423,0.08706038571511376,0.023248508689172664,True,49,30,34,100,40,C,-5,50.75,36.5,46.7,50.75,Acceleration
MMM,3M Company Common Stock,Industrials,Conglomerates,United States,その他,160.44000244140625,83.680256,640.5583141473388,0.015178026449643948,-0.0014221861032100772,-0.05928672451358893,0.39911014911014914,1.188087774294671,0.33397821535525934,54.81170601017793,0.053952767429465136,0.07225590944516831,True,46,12,30,40,72,A,0,47.7,22.2,40.9,47.7,Acceleration
MMS,"Maximus, Inc. Common Stock",Industrials,Specialty Business Services,United States,その他,55.75,2.929125376,43.66256375,0.023572249579124183,0.08185346873465767,0.0591036355289485,0.2455119202191161,-0.08704010292518974,0.35486366235432676,30.92467759029772,-0.08238265639950355,0.43080171412306983,False,0,12,33,100,45,C,0,19.5,28.5,52.150000000000006,52.150000000000006,Persistence
MO,"Altria Group, Inc.",Consumer Defensive,Tobacco,United States,その他,72.70999908447266,121.417785344,624.0390203924179,-0.01491880258266484,-0.0028289922934347867,-0.008990719257540603,0.7220815333432643,0.053768435721751245,0.7341862523916954,59.46004825972865,0.03512709172247148,0.018095933991367295,True,17,12,32,25,75,A,-10,14.0,10.25,28.85,28.85,Persistence
MOD,Modine Manufacturing Company Common Stock,Consumer Cyclical,Auto Parts,United States,その他,230.97000122070312,12.198861824,403.3937265319824,0.2313141087671763,0.07297117700805715,0.04782627616519431,0.22982616076200058,-0.1848414539829853,0.16312719659014432,34.636946131385244,-0.1446892349113507,0.24738508848098462,True,39,5,45,65,68,A,0,45.8,20.3,54.6,54.6,Persistence
MOG-A,Moog Inc. Class A Common Stock,Industrials,Aerospace & Defense,United States,防衛/宇宙,417.4200134277344,13.224933376,147.54336504623413,0.06973310870721759,0.0882850500122128,0.09236727394546976,0.27388007741753667,1.798417162665969,0.21366340906292397,58.8374234302785,0.1816671427597374,0.019795685229442236,True,12,24,42,65,45,C,0,23.25,32.25,48.35,48.35,Persistence
MOS,Mosaic Company (The) Common Stock,Basic Materials,Agricultural Inputs,United States,その他,21.1299991607666,6.716099584,229.62244777994155,0.0835760779659798,-0.18788560247077635,-0.2838715412126409,0.15780259533370947,-12.278481012658228,0.2156649686888534,50.22320882131991,-0.05566197332703444,0.4197275671865835,False,33,19,10,85,55,B,0,43.0,32.5,37.75,43.0,Acceleration
MPC,Marathon Petroleum Corporation Common Stock,Energy,Oil & Gas Refining & Marketing,United States,電力/エネルギー,266.3500061035156,77.757325312,671.592218139801,-0.044395955755271346,-0.06412632515382904,-0.16384056623443954,0.07537358985372912,-0.2226027397260274,0.4092430468703472,54.77586943527748,0.06181356504353047,0.003218387706535577,True,30,12,17,40,60,B,0,34.5,21.0,31.35,34.5,Acceleration
MRSH,Marsh Common Stock,Financial Services,Insurance Brokers,United States,その他,178.5399932861328,86.019588096,477.0195832620239,0.1031564314334778,0.07573891625615764,0.0972972972972973,0.422667803268967,0.2546412443552434,0.36533810253789817,62.71103101524498,0.07939935580151722,0.15398737994217573,True,32,26,42,40,65,A,-20,16.5,12.0,26.1,26.1,Persistence
MS,Morgan Stanley Common Stock,Financial Services,Capital Markets,United States,その他,213.92999267578125,337.428545536,1338.2080493344117,0.14482567119626524,0.1372490970454142,0.009101772555267874,,-8.898571428571428,0.2608926471727207,51.46616149302909,0.050090870456981525,0.05795060933696263,True,35,14,18,10,72,A,-30,4.950000000000003,0.0,0.0,4.950000000000003,Acceleration
MSA,MSA Safety Incorporated Common Stock,Industrials,Security & Protection Services,United States,その他,171.47999572753906,6.619828736,63.29498122299194,0.036874357074120366,0.011463672637830623,0.1699620341725171,0.4646396922574719,0.21974773435725933,0.2454945908469159,70.86668706130288,0.02737617318473675,0.1507691514819753,True,31,12,50,85,65,A,0,42.5,28.25,61.75,61.75,Persistence
MSCI,MSCI Inc. Common Stock,Financial Services,Financial Data & Stock Exchanges,United States,その他,603.1099853515625,43.862736896,427.88844130737306,0.09745046440495664,0.12938645746010155,0.12466523584918247,0.8244143566720764,0.05198379527287598,1.1065080871252209,53.0696198354427,0.020395105548734388,0.06324655678891551,True,17,24,55,40,87,S,-40,0.0,0.0,17.650000000000006,17.650000000000006,Persistence
MSGE,Madison Square Garden Entertainment Corp. Class A Common Stock,Communication Services,Entertainment,United States,その他,78.38999938964844,3.708257024,49.30456596611023,-0.017232985671321272,0.12656430564559318,0.30299775053941147,0.43181958007242766,0.06878337256703221,0.7191297140687563,63.34198228932314,0.1093782647877094,0.03162443057571159,True,6,12,32,85,37,C,-10,10.95,15.45,36.25,36.25,Persistence
MSGS,Madison Square Garden Sports Corp. Class A Common Stock (New),Communication Services,Entertainment,United States,その他,395.1600036621094,9.513915392,131.63372461990357,0.011751946406996453,0.1574201050879658,0.08046834860486465,0.27338003502626973,-0.029708866343184825,0.8042694575735893,50.82113324752383,0.08948164636636796,0.019527070295075444,True,0,0,27,85,60,B,-20,0.0,0.0,28.1,28.1,Persistence
MSI,"Motorola Solutions, Inc. Common Stock",Technology,Communication Equipment,United States,通信/光通信,422.6600036621094,70.159695872,489.0746833375549,0.07996671905334196,0.08408498697133694,0.0950395083406497,0.5166067454203047,0.20524835988753515,0.5036876579503843,60.59627171314284,0.027630997766775883,0.12822976873518904,True,13,24,42,40,80,S,0,23.75,32.0,49.1,49.1,Persistence
MSM,"MSC Industrial Direct Company, Inc. Common Stock",Industrials,Industrial Distribution,United States,その他,122.77999877929688,6.856807936,109.25025681381226,-0.013459999879611124,-0.04697374741911395,0.08596917624644052,0.40751464178074615,-0.22619743647402743,0.218843620636994,63.17135250447324,0.11424706991777223,0.004540275459872996,True,22,0,29,85,25,D,0,31.75,15.25,42.2,42.2,Persistence
MTB,M&T Bank Corporation Common Stock,Financial Services,Banks - Regional,United States,その他,238.8800048828125,34.982797312,289.5643699188232,0.04344058065215036,-0.017769738242179187,0.17284412829152626,,-0.15733647613435475,0.060938597723760014,64.58332495012326,0.08584781985173165,0.012688539384798664,True,18,12,25,40,40,C,-20,3.5,0.0,11.75,11.75,Persistence
MTDR,Matador Resources Company Common Stock,Energy,Oil & Gas E&P,United States,電力/エネルギー,50.18000030517578,6.231263232,92.81769566448212,0.05103712088504662,0.23471467596245202,-0.11858420201589202,0.4578431806906797,-0.13710590310635304,0.29777468541451746,30.80356895771432,-0.09826804818312716,0.22809884222918325,True,8,0,29,85,80,S,0,26.75,20.75,53.2,53.2,Persistence
MTG,MGIC Investment Corporation Common Stock,Financial Services,Insurance - Specialty,United States,その他,28.229999542236328,5.970370048,53.980275924682616,0.004889333800324741,0.04556221009053746,-0.01507778493074178,,0.1767128359429612,0.09731747306945146,88.54744897714541,0.06536209996209731,0.0437725547511466,True,2,12,30,85,37,C,-20,0.0,5.449999999999999,25.15,25.15,Persistence
MTH,Meritage Homes Corporation Common Stock,Consumer Cyclical,Residential Construction,United States,その他,81.86000061035156,5.468302336,85.98369814109802,-0.08326749246316913,0.041601229925604555,-0.02549112009646001,0.1973550557407371,1.3612557271868682,0.2478946279509024,68.19748658511908,0.1812044392890709,0.03897628179067388,True,12,25,30,85,37,C,0,25.45,35.2,45.15,45.15,Persistence
MTN,"Vail Resorts, Inc. Common Stock",Consumer Cyclical,Resorts & Casinos,United States,その他,140.67999267578125,5.012924416,133.5517374468994,0.02743527204958008,-0.0014442624743715225,0.14388941499149613,0.427801805928928,-0.15389664527228214,0.596107745308188,55.889321012777806,0.09288340891661902,0.11651095381817819,True,22,12,21,85,85,S,0,37.75,30.25,49.8,49.8,Persistence
MTZ,"MasTec, Inc. Common Stock",Industrials,Engineering & Construction,United States,その他,373.42999267578125,29.507899392,446.6465441897583,0.16220691993734448,0.025636186394489998,0.22682423610953445,0.12537328212943255,-0.7062728085775671,0.28207377970486747,54.20208010807326,-0.041758931696098074,0.14646525944439887,True,23,14,41,65,100,S,0,37.0,30.25,58.8,58.8,Persistence
MUR,Murphy Oil Corporation Common Stock,Energy,Oil & Gas E&P,United States,電力/エネルギー,31.8799991607666,4.569984,68.54486739557267,-0.10890916909108135,-0.12475332385772202,-0.1827631310809594,0.2777702804436687,-0.7585809903682388,0.22391647968711512,22.296707799652523,-0.1536475317634605,0.24761484155406827,False,30,0,25,85,41,C,0,39.35,16.85,43.2,43.2,Persistence
MUSA,Murphy USA Inc. Common Stock,Consumer Cyclical,Specialty Retail,United States,その他,560.75,10.357436416,193.559685,-0.04249591242967156,-0.05969046977621299,-0.08174920349226523,0.1217189434585225,-0.03902439024390244,0.5804308265267256,28.12501224752144,0.010278013733961597,0.0992402396502114,True,30,0,17,65,73,A,0,39.55,17.05,40.2,40.2,Persistence
MWA,MUELLER WATER PRODUCTS Common Stock,Industrials,Specialty Industrial Machinery,United States,その他,24.969999313354492,3.907082496,33.343314033098224,0.08747242716969651,0.030571450968095947,0.02268718935385602,0.36140449045254247,-0.1013584117032393,0.24558159769427376,44.18602905450039,-0.04365989800201682,0.17561875171595606,False,37,12,41,85,90,S,0,49.5,30.75,61.8,61.8,Persistence
MYE,"Myers Industries, Inc. Common Stock",Consumer Cyclical,Packaging & Containers,United States,その他,31.540000915527344,1.184557952,19.688057071495056,-0.012602223415335276,0.028551152611039434,-0.09613727798547492,0.33431023249392666,0.22514902382558288,0.444799317766154,66.30201711923722,0.2940406581234125,0.10676862959895984,True,9,24,26,100,50,B,-5,21.75,33.0,44.3,44.3,Persistence
NATL,NCR Atleos Corporation Common Stock,Technology,Software - Application,United States,ソフトウェア,44.56999969482422,3.28917248,35.39994510761261,0.011382113821138212,0.028428093645484948,0.015526443474041727,0.2436839687643546,-0.024390243902439025,0.5111150317572336,54.9261208712532,0.006140224482352615,0.07396636805082923,True,0,12,29,85,87,S,0,21.450000000000003,30.450000000000003,54.60000000000001,54.60000000000001,Persistence
NBHC,National Bank Holdings Corporation Common Stock,Financial Services,Banks - Regional,United States,その他,44.5099983215332,1.993639552,20.724077768497466,0.02526691809861646,-0.04443000340395954,0.2781903872308446,,0.09793750362532007,0.005518278005867951,60.125755321257145,0.04861033018734007,0.016353628253409875,True,20,12,30,100,55,B,-25,10.5,4.5,27.5,27.5,Persistence
NCLH,Norwegian Cruise Line Holdings Ltd. Ordinary Shares,Consumer Cyclical,Travel Services,United States,その他,19.780000686645508,9.081198592,392.06394301015854,0.036703988364128595,0.10874096658636966,0.7651419558359621,0.4261907698243883,-2.3945648377402486,0.6479710821878374,55.24782184141982,0.07758859032899144,0.2657757871370648,False,4,0,24,85,58,B,-10,11.55,8.55,36.050000000000004,36.050000000000004,Persistence
NE,Noble Corporation plc A Ordinary Shares,Energy,Oil & Gas Drilling,United States,電力/エネルギー,37.9900016784668,6.061151232,65.46589049240113,0.0744812150363429,0.18107251475269773,0.8311868257314972,0.19727456561544304,3.0,0.26239736236194294,18.449599841024636,-0.18881405495855197,0.29369881119199526,False,12,12,46,85,24,D,0,24.15,24.15,51.349999999999994,51.349999999999994,Persistence
NEE,"NextEra Energy, Inc. Common Stock",Utilities,Utilities - Regulated Electric,United States,電力/エネルギー,88.33999633789062,184.242372608,1055.1368915596008,0.10742132266795944,-0.11954897915629224,0.341572819240313,0.6226834962790019,-0.32343025705857564,0.44950428025441774,66.7946286710061,-0.010943888068693494,0.09085569912536406,True,35,2,37,25,80,S,0,38.0,13.25,42.6,42.6,Persistence
NET,"Cloudflare, Inc. Class A Common Stock",Technology,Software - Infrastructure,United States,ソフトウェア,242.41000366210938,86.040895488,856.7642205432129,0.29845666035387564,0.2875515232370281,0.3296662055840556,0.745137889154528,0.5610460413983165,0.5828657697751719,62.402650958332764,0.07521875514349739,0.11094403137134462,True,48,17,89,40,65,A,0,48.5,25.25,71.95,71.95,Persistence
NEU,NewMarket Corp Common Stock,Basic Materials,Specialty Chemicals,United States,その他,786.5999755859375,7.2351616,85.08258635925293,-0.022030404534913683,0.03266320019240896,-0.024008978591210428,0.31462268945522276,0.06285679674131953,0.2796577775296245,30.43451353145292,0.058233570286084675,0.08750494653143799,True,6,12,30,85,75,A,0,24.75,29.25,52.75,52.75,Persistence
NFG,National Fuel Gas Company Common Stock,Energy,Oil & Gas Integrated,United States,電力/エネルギー,79.33999633789062,7.540105216,56.60869068710327,0.17108663571248606,-0.10532894219308289,-0.005615160888654676,0.46086590757312385,0.3895416589348673,0.3249257033750257,66.8972220433134,-0.003071066824947648,0.16748960367893592,False,39,33,34,85,70,A,0,49.0,44.5,53.95,53.95,Persistence
NGVT,Ingevity Corporation Common Stock ,Basic Materials,Specialty Chemicals,United States,その他,72.48999786376953,2.520599552,23.5900575548172,-0.02708107657695192,-0.012669683257918552,-0.2714140142660193,0.395255224391915,3.0,0.7526497486524135,54.8486680612255,0.013914192493502675,0.06908956842240058,True,16,30,24,100,87,S,-10,25.700000000000003,36.2,45.60000000000001,45.60000000000001,Persistence
NI,NiSource Inc Common Stock,Utilities,Utilities - Regulated Gas,United States,その他,47.81999969482422,22.926784512,220.06094379562379,0.21761287602427087,-0.009136484179169542,-0.05900249547055003,0.503989641986089,0.07858386535113175,0.45214968752352985,57.26391519378491,0.012909600090783777,0.025672414205845037,True,49,29,10,65,75,A,0,54.0,39.0,36.75,54.0,Acceleration
NIC,Nicolet Bankshares Inc. Common Stock,Financial Services,Banks - Regional,United States,その他,166.72000122070312,3.543117568,80.09145498641968,0.1228270178765285,0.267180144243159,-0.07584270605165086,,0.2791491911324146,0.014682463688229216,79.40289180709874,0.13846965701693772,0.01243932005927807,True,10,26,38,85,10,D,-20,1.25,13.25,24.150000000000006,24.150000000000006,Persistence
NIQ,NIQ Global Intelligence plc Ordinary Shares,,,,その他,9.880000114440918,2.915947264,13.322241554312706,0.056839349544379,0.18893843713524677,0.19914585127763423,0.5564738948170732,1.1592526690391458,0.5695824757424287,75.14621619752558,0.0701442816452741,0.499493402786333,False,23,43,50,100,15,D,0,33.75,48.75,55.5,55.5,Persistence
NJR,NewJersey Resources Corporation Common Stock,Utilities,Utilities - Regulated Gas,United States,その他,57.4900016784668,5.80198144,50.12323286338806,0.1335195061170395,-0.08479648944418577,-0.3244982155755427,0.3568236682950208,-0.6658027127689143,0.4971381258844602,68.4662846037767,0.03372209749896462,0.0034132430470944354,True,39,14,6,85,55,B,0,47.5,28.75,35.55,47.5,Acceleration
NKE,"Nike, Inc. Common Stock",Consumer Cyclical,Footwear & Accessories,United States,その他,44.09000015258789,65.29230848,1283.4160348916816,,-0.09838012538452552,0.0028310912392369722,,-0.506120598458516,0.3012110773941332,42.188813094253575,0.005730091464030183,0.4333906351907463,False,0,0,21,40,65,A,0,12.5,12.5,34.55,34.55,Persistence
NMAX,"Newsmax, Inc. Class B Common Stock",Communication Services,Broadcasting,United States,その他,8.989999771118164,1.161154176,14.082654841461181,0.10664743342972464,0.2642037084663937,,0.39323877343194685,-1.1557441055695443,0.03900494472473373,51.81674206167816,0.19586035167948151,0.433879111692017,True,9,2,14,100,45,C,-15,11.25,6.0,26.700000000000003,26.700000000000003,Persistence
NNI,"Nelnet, Inc. Common Stock",Financial Services,Credit Services,United States,その他,135.25999450683594,4.860435968,21.730194417495728,0.15865671987383273,0.20406403661123076,-0.3016560004326585,,-0.38200150470336625,0.5532598874712444,67.55904679288628,0.023443987798662996,0.062192341998318496,True,5,14,17,85,67,A,-20,3.1999999999999993,9.95,24.0,24.0,Persistence
NOC,Northrop Grumman Corporation Common Stock,Industrials,Aerospace & Defense,United States,防衛/宇宙,549.010009765625,77.977796608,605.0996174133301,0.022445348865547242,0.04436243318910664,0.07343860991202666,0.19814558802497975,0.2617321632964517,0.3312571773361621,48.70603609814577,0.003760851984553228,0.2851618502071009,False,5,24,38,40,73,A,0,17.05,31.3,45.5,45.5,Persistence
NOG,"Northern Oil and Gas, Inc. Common Stock",Energy,Oil & Gas E&P,United States,電力/エネルギー,17.950000762939453,1.952675584,65.12511576805115,-0.03175119618109394,0.1346359665843213,-0.03967624098725046,0.3222820932489252,1.9501486333622708,0.4428225072212594,31.248306616502987,-0.1876927485836773,0.39474839821013197,False,16,25,26,100,41,C,-5,26.1,32.85,42.5,42.5,Persistence
NOV,NOV Inc. Common Stock,Energy,Oil & Gas Equipment & Services,United States,電力/エネルギー,18.020000457763672,6.467170816,83.80840922899246,-0.014205186020293123,0.03343819177443784,0.18598866933812352,0.2020814272644099,-0.080797481636936,0.20724470817465238,18.71098804317353,-0.09872085438752534,0.15631152017024386,True,0,0,25,85,63,B,0,19.05,19.05,47.6,47.6,Persistence
NOW,"ServiceNow, Inc. Common Stock",Technology,Software - Application,United States,ソフトウェア,106.31999969482422,109.648666624,2739.0227429380416,0.20884923525127458,0.22438970014491139,0.23823326432022085,0.7753426720891701,0.3431111111111111,0.09228819417774023,53.89422691609155,0.06163090174529566,0.4911409226974356,False,29,29,100,25,50,B,0,30.5,30.5,71.25,71.25,Persistence
NPKI,NPK International Inc. Common Stock,Industrials,Building Products & Equipment,United States,その他,14.3100004196167,1.20843712,18.623320746097566,0.2738253428909048,0.04739270303590692,0.07593539662060282,0.36369805409268596,3.0,0.060528615214665044,47.06897155566853,-0.05697676549694143,0.12477063695760285,True,46,65,54,100,90,S,-5,53.5,67.75,67.7,67.75,Transition
NPO,Enpro Inc. Common Stock,Industrials,Specialty Industrial Machinery,United States,その他,335.5,7.087995904,114.482665,0.09020692285687042,-0.010006608137449259,-0.036299126637554587,0.4263972710574652,0.1776923076923077,0.2508449117536613,50.17386641393807,0.038580440814936064,0.1345285559591939,True,36,12,30,85,100,S,0,49.75,31.75,57.75,57.75,Persistence
NRG,"NRG Energy, Inc. Common Stock",Utilities,Utilities - Independent Power Producers,United States,電力/エネルギー,136.6999969482422,28.841848832,385.4481968950653,0.09182367579097049,-0.024043298754466917,-0.0862314935167866,0.19379415882525314,-0.5787444933920705,0.5704186684969115,65.92356402186022,-0.017516828651181263,0.2549115219122658,False,30,0,17,65,53,B,0,37.55,15.05,36.2,37.55,Acceleration
NRP,Natural Resource Partners LP Limited Partnership,Energy,Thermal Coal,United States,電力/エネルギー,99.11000061035156,1.313248384,5.276616432495117,-0.17421345402751534,-0.16559852344239517,-0.10493926878705213,,,0.044205701763177056,27.4368330479886,-0.06955692207554466,0.20403743771119465,False,0,0,10,100,53,B,-5,15.3,15.3,36.1,36.1,Persistence
NSP,"Insperity, Inc. Common Stock",Industrials,Staffing & Employment Services,United States,その他,45.369998931884766,1.731735808,38.602383041210174,0.03510104847287646,0.014646931853222325,0.09210304765111972,0.13211978860833823,-1.6410788381742738,0.19745801180208805,67.48522216410835,0.3259585957961461,0.20474157904104998,True,18,0,22,100,50,B,-15,18.5,5.0,32.1,32.1,Persistence
NUE,Nucor Corporation Common Stock,Basic Materials,Steel,United States,その他,220.75,50.27381248,418.84332375,0.0572655690765927,-0.11465114939217606,-0.16375987666216998,0.11934510986643689,-1.2332506203473945,0.20285437556973565,23.4874392522446,-0.06747141113433847,0.1691678798581499,True,30,0,10,40,63,B,0,34.8,12.3,28.1,34.8,Acceleration
NVR,"NVR, Inc. Common Stock",Consumer Cyclical,Residential Construction,United States,その他,6750.7900390625,18.222354432,202.45619327148438,-0.019132606969687972,0.10578854142927097,-0.09521452585225663,0.23094950659190888,-0.18467794090317785,0.1797687525717398,58.85734177643313,0.08083546978309161,0.20978695551182255,False,0,0,25,65,75,A,0,17.25,17.25,45.0,45.0,Persistence
NWN,Northwest Natural Holding Company Common Stock,Utilities,Utilities - Regulated Gas,United States,その他,49.72999954223633,2.092655872,16.391753799114227,0.11827381582211183,-0.037145660660974134,0.15435632807732758,0.4019480937486185,-0.018808147621549778,0.43505986096087246,53.06957992044827,-0.008856470976243343,0.1004326009368834,True,33,21,6,100,100,S,0,49.75,40.75,48.3,49.75,Acceleration
NYT,New York Times Company (The) Common Stock,Communication Services,Publishing,United States,その他,73.8499984741211,11.953560576,142.35547255867004,0.09242323522121149,0.06585201586710149,0.051046193315401105,0.5080519151352357,0.4436105407524539,0.012210510862203004,48.93097513244257,-0.02240074669499031,0.13987889646931242,True,46,24,50,65,100,S,0,54.25,37.75,63.75,63.75,Persistence
OBDC,Blue Owl Capital Corporation Common Stock,Financial Services,Asset Management,United States,その他,10.819999694824219,5.370024448,39.10364119709015,0.0659541870071348,-0.20613153831019002,0.5656756126021003,,,0.5411310652368898,48.36854993436332,-0.005660339649686189,0.19046347953534956,False,18,12,10,85,90,S,-20,15.25,10.75,24.75,24.75,Persistence
OBK,"Origin Bancorp, Inc. Common Stock",Financial Services,Banks - Regional,United States,その他,51.369998931884766,1.587543168,7.9274182351684574,0.10487641381347604,-0.0011065336556467264,0.07963425280666554,,0.7186755212069325,0.002309269097872412,61.55809154102041,0.07087824316974112,0.012495223378682179,True,32,14,30,100,40,C,-25,18.0,4.5,24.5,24.5,Persistence
OC,Owens Corning Inc Common Stock New,Industrials,Building Products & Equipment,United States,その他,151.05999755859375,12.164608,218.60496486694336,0.025581159273170236,0.17666029622551363,-0.14230099375064031,0.28090666138770665,-0.22730923694779118,0.43952234206471497,72.6786010648243,0.21282285601860265,0.04969809273783998,True,0,0,17,65,22,D,0,11.95,11.95,30.0,30.0,Persistence
ODC,Oil-Dri Corporation Of America Common Stock,Basic Materials,Specialty Chemicals,United States,その他,100.33999633789062,1.453759488,13.920669391937256,,0.0594788158471361,0.184836584057443,,0.11486060796975901,0.19943599216029104,64.70222411957891,0.2036286313151385,0.01829569282195713,True,2,12,30,100,25,D,-5,14.0,21.5,41.5,41.5,Persistence
OFG,OFG Bancorp Common Stock,Financial Services,Banks - Regional,United States,その他,49.47999954223633,2.09094528,22.922599387931825,0.029175202515213227,0.03248815495336184,0.1329668520901289,,-0.05432023796533942,0.03848549659275881,65.64584068022413,0.07618489521888538,0.013359959386977028,True,0,12,37,100,40,C,-20,0.0,8.0,33.35,33.35,Persistence
OGE,OGE Energy Corp Common Stock,Utilities,Utilities - Regulated Electric,United States,電力/エネルギー,49.439998626708984,10.20314624,69.84017806005478,0.09205105014571399,0.11629211382417828,-0.2077791272921172,0.45047697923376584,1.2973750449478605,0.3939459309001079,67.7257223197159,0.03649099738114139,0.008423625722045828,True,20,37,34,65,55,B,0,30.25,43.0,45.95,45.95,Persistence
OGS,"ONE Gas, Inc. Common Stock",Utilities,Utilities - Regulated Gas,United States,その他,77.31999969482422,4.852798976,61.20264575843811,0.1650398021077407,-0.1215991635715159,-0.07991256805165234,0.35841145442830846,0.6164556659517137,0.38107375915556657,55.11223716462825,-0.04643206865082178,0.1398541488839732,False,36,26,10,85,90,S,0,48.75,41.25,44.75,48.75,Acceleration
OI,"O-I Glass, Inc. Common Stock",Consumer Cyclical,Packaging & Containers,United States,その他,9.789999961853027,1.500802816,30.94286127943039,-0.01607717041800643,-0.08078817733990148,0.03631855309218203,0.17258014316837847,2.3125,0.540841718056908,68.13725811020927,0.0785501812016929,0.41130484330092215,False,30,25,22,100,30,D,-5,35.5,31.75,38.1,38.1,Persistence
OII,"Oceaneering International, Inc. Common Stock",Energy,Oil & Gas Equipment & Services,United States,電力/エネルギー,38.5,3.840192,45.89123,0.04621854897167064,0.09751903942168659,0.1735757113457149,0.20417031229571905,1.1633048148379441,0.3273550250557315,44.73258014187334,0.011156871430459056,0.04985193570935999,True,12,24,46,85,87,S,0,30.450000000000003,39.45,63.95,63.95,Persistence
OKE,"ONEOK, Inc. Common Stock",Energy,Oil & Gas Midstream,United States,電力/エネルギー,87.83000183105469,55.335784448,345.36337660003664,0.5498663471287676,0.22747072467047577,-0.21038995845803368,0.25995420619108506,-0.14649459365190093,0.4924295853903753,46.362198369261336,-0.0066742908371519565,0.07780340402058847,True,48,22,25,40,87,S,0,50.7,31.200000000000003,41.150000000000006,50.7,Acceleration
OKLO,Oklo Inc. Class A common stock,Utilities,Utilities - Independent Power Producers,United States,電力/エネルギー,52.36000061035156,9.110168576,571.8230430656433,,,,,-1.978137421919364,0.0009486691480362221,39.08729696189509,-0.18101761671867428,0.6993223797296967,False,0,0,10,85,33,D,-10,6.050000000000001,6.050000000000001,23.35,23.35,Persistence
OLN,Olin Corporation Common Stock,Basic Materials,Chemicals,United States,その他,20.040000915527344,2.28416256,69.66395298259735,0.03680371859757496,-0.042865505634421194,-0.2712399479533286,0.07395882491741387,-0.19539110678351185,0.42855387807474954,26.20136805377939,-0.2048597908573674,0.3303855610440796,False,30,0,17,100,24,D,0,39.9,17.4,39.150000000000006,39.9,Acceleration
OMC,Omnicom Group Inc. Common Stock,Communication Services,Advertising Agencies,United States,その他,78.62000274658203,22.40718848,410.54697164241793,0.10088532803028855,0.06785232980765304,0.028210314155545136,0.08494143666880888,0.7505179232845753,0.19725150830740618,58.080007226553676,0.05610665145412786,0.06464634600624339,True,44,14,42,65,72,A,0,49.95,27.45,53.75,53.75,Persistence
OMF,"OneMain Holdings, Inc. Common Stock",Financial Services,Credit Services,United States,その他,59.5,6.87409152,65.124535,0.09543751377562266,0.060046728971962615,0.01929030721600381,,,0.8286110705418431,65.24122953781907,0.0605428619287882,0.13444248516780227,True,30,12,12,85,65,A,-40,1.75,0.0,0.8500000000000014,1.75,Acceleration
ONTO,Onto Innovation Inc. Common Stock,Technology,Semiconductor Equipment & Materials,United States,半導体,307.5799865722656,15.300125696,457.3468336340332,0.01817240796053158,0.2101479651120034,-0.18833883979335106,0.4971534812282955,0.40243155122489743,0.007380452507263252,50.69820160606887,0.04788629500245033,0.1872639010406377,True,13,12,38,65,100,S,0,29.5,28.75,57.150000000000006,57.150000000000006,Persistence
OPFI,OppFi Inc. Class A Common Stock,Financial Services,Credit Services,United States,その他,9.960000038146973,1.4345536,8.872567233982085,0.1351558949964161,0.03342967566494875,0.12385753623092398,0.8324059961477264,0.22971981621385087,0.4412961317614608,76.4331237274216,0.12907248549016434,0.3010526289019668,True,49,40,49,100,18,D,-25,28.549999999999997,21.799999999999997,30.550000000000004,30.550000000000004,Persistence
OPLN,"OPENLANE, Inc. Common Stock",Consumer Cyclical,Auto & Truck Dealerships,United States,その他,40.599998474121094,4.30141184,49.82289712749481,0.08163265306122448,0.05472666155569971,0.10888046037143605,0.4047040578960972,0.4032527105921601,0.1245898863323667,58.01011055870534,0.11355515922361142,0.05361312284267317,True,30,24,46,85,57,B,0,40.95,36.45,57.949999999999996,57.949999999999996,Persistence
OPY,"Oppenheimer Holdings, Inc. Class A Common Stock (DE)",Financial Services,Capital Markets,United States,その他,109.45999908447266,1.172098176,13.934805183448791,0.14350825412426982,0.14707505054751466,0.12411460194555786,0.36245010136923245,2.619885982562039,0.16883313655248006,62.73670577060833,0.0805344580144241,0.05374637433496772,True,24,46,64,100,52,B,-25,13.200000000000003,29.700000000000003,45.60000000000001,45.60000000000001,Persistence
ORA,"Ormat Technologies, Inc. Common Stock",Utilities,Utilities - Renewable,United States,その他,112.55999755859375,6.91721216,110.33581200683594,0.12492298108119783,0.060560099538957156,0.1297607194081936,0.2755665999355258,-2.708685626441199,0.45736850092883896,23.135834161469546,-0.11043211594831735,0.22425918108995493,False,23,14,22,85,53,B,0,35.3,28.55,43.95,43.95,Persistence
ORCL,Oracle Corporation Common Stock,Technology,Software - Infrastructure,United States,ソフトウェア,140.27000427246094,404.04369408,4525.190993082047,0.17348734298506943,0.08379751137629576,0.06019537974936942,0.658224089552682,-59.11675126903553,0.5966900851546652,14.896670121872376,-0.24736788578752128,0.569406037688761,False,47,14,34,10,16,D,0,38.35,13.6,24.400000000000002,38.35,Acceleration
ORI,Old Republic International Corporation Common Stock,Financial Services,Insurance - Property & Casualty,United States,その他,41.869998931884766,10.197607424,75.40996157627106,0.10986928422177948,0.13412601093950208,-0.10209812702575649,,,0.053236981250858094,79.51608784866747,0.0726865544840159,0.03445185106729615,True,5,14,10,65,37,C,-20,0.0,3.9499999999999993,9.149999999999999,9.149999999999999,Persistence
OSK,Oshkosh Corporation (Holding Company)Common Stock,Industrials,Farm & Heavy Construction Machinery,United States,その他,142.6999969482422,8.897531904,96.28753644081115,-0.02869471212092971,0.11102827736878618,0.16613136923448443,0.17452961438454084,1.183346065699007,0.10929867757436162,61.84922597237531,0.03167756010618406,0.19447142367898987,True,12,12,30,85,80,S,-20,9.75,9.75,33.75,33.75,Persistence
OTF,Blue Owl Technology Finance Corp. Common Stock,Financial Services,Asset Management,United States,その他,10.460000038146973,4.839237632,26.946006098270416,1.2048944717931307,-0.09810465721546893,3.0,,,0.4273323343081429,46.70562363986769,-0.010807477809732756,0.24634249763745614,False,43,22,10,85,90,S,-30,24.0,8.25,14.75,24.0,Acceleration
OTIS,Otis Worldwide Corporation Common Stock ,Industrials,Specialty Industrial Machinery,United States,その他,73.13999938964844,28.06499328,281.12273015403747,0.01192062267723161,0.0036596523330283625,0.03829009864815491,0.30282031737232346,0.0048712595685455815,0.79892987890735,61.05805910569548,0.002290952600851366,0.2616614078963502,False,24,12,36,65,53,B,-10,23.049999999999997,14.05,36.65,36.65,Persistence
OVV,Ovintiv Inc. (DE),Energy,Oil & Gas E&P,United States,電力/エネルギー,52.959999084472656,14.88274432,173.1476858067703,,,,,0.0613540197461213,0.3150564001961746,38.139228743356846,-0.0692367126879476,0.1560240573472066,True,2,24,26,65,80,S,0,19.25,35.75,46.55,46.55,Persistence
OWL,Blue Owl Capital Inc. Class A Common Stock,Financial Services,Asset Management,United States,その他,9.039999961853027,14.093814784,231.5796226227808,0.25038957893237296,0.3256042938124564,0.26420397715740856,0.544613609330153,0.2810829534471994,0.309806777265128,37.313419557879165,-0.05338703179019297,0.5343976731885812,False,22,17,89,65,45,C,-20,10.75,7.0,54.2,54.2,Persistence
OXY,Occidental Petroleum Corporation Common Stock,Energy,Oil & Gas E&P,United States,電力/エネルギー,48.90999984741211,48.647581696,476.2031651643562,-0.019346927653390255,-0.04910174468820176,-0.3679095921821259,0.3493261705182235,-0.20691653786707884,0.27737391015133156,21.96580792511456,-0.12355840664032097,0.25821388101835496,False,34,0,25,40,24,D,0,33.9,8.4,28.55,33.9,Acceleration
P,"Everpure, Inc. Class A common stock",Technology,Computer Hardware,United States,その他,72.70999908447266,24.169162752,242.39041554794312,0.15614059120676835,0.11924697795996002,0.028032994435312413,0.7038120388998382,0.1686750646742751,0.04636349847109456,54.65084520332661,-0.043080473899350366,0.2633231881192313,False,49,26,62,65,73,A,0,53.8,36.55,64.95,64.95,Persistence
PAG,"Penske Automotive Group, Inc. Common Stock",Consumer Cyclical,Auto & Truck Dealerships,United States,その他,179.4199981689453,11.79673088,53.6797721521759,-0.0017668398985714645,0.030672941633108533,0.11151257603865568,0.1640127638838675,-0.237218574108818,0.49559317410798004,47.58160787627634,0.053206423372836556,0.02404263629782461,True,0,0,17,65,60,B,0,15.75,15.75,37.6,37.6,Persistence
PARR,"Par Pacific Holdings, Inc.  Common Stock",Energy,Oil & Gas Refining & Marketing,United States,電力/エネルギー,58.4900016784668,2.932938752,50.5169370996666,-0.06392999548433204,-0.03128029732912777,0.12430985067165999,0.16216473645783794,3.0,0.32002595933055605,60.000009812733786,-0.003835434233258565,0.154768724596706,True,18,74,26,100,80,S,0,36.5,78.5,55.3,78.5,Transition
PATH,"UiPath, Inc. Class A Common Stock",Technology,Software - Infrastructure,United States,ソフトウェア,11.710000038146973,6.067188224,603.4177657157182,0.12653882310808692,0.09295512785228947,0.23568437370404344,0.8317467334586718,0.15219766916850433,0.025555485656769,65.77380842565191,0.08828995672486573,0.39294974171198227,False,50,71,72,85,38,C,0,54.05,69.8,68.45,69.8,Transition
PAY,"Paymentus Holdings, Inc. Class A Common Stock",Technology,Software - Infrastructure,United States,ソフトウェア,27.059999465942383,3.403859456,39.66603551714897,0.37254242926543885,0.41864798450747776,0.2363959026239384,0.24767260032745317,3.0,0.01026224574589937,79.46346147331334,0.12122113823292972,0.304906261140082,False,26,32,85,85,8,D,0,33.05,37.55,69.6,69.6,Persistence
PAYC,"Paycom Software, Inc. Common Stock",Technology,Software - Application,United States,ソフトウェア,139.2100067138672,6.490958336,153.93633727409363,0.08947536108751063,0.11188522170396174,0.23160267597440373,0.8316518009455574,0.19875222816399288,0.011883611670417309,57.96571845902569,0.049373612508418485,0.4115578953519594,False,17,12,65,85,65,A,0,32.0,28.25,70.0,70.0,Persistence
PB,"Prosperity Bancshares, Inc. Common Stock",Financial Services,Banks - Regional,United States,その他,70.9000015258789,8.497697792,104.5679307504654,0.04906096397916514,0.07197264747296205,-0.04034385354598969,,0.14489961333528215,0.05069751328697327,49.7759823723834,0.020474836514045334,0.050998029287616785,True,2,24,30,85,87,S,-20,2.950000000000003,19.450000000000003,35.150000000000006,35.150000000000006,Persistence
PBF,PBF Energy Inc. Class A Common Stock,Energy,Oil & Gas Refining & Marketing,United States,電力/エネルギー,47.810001373291016,5.65632768,128.12124168014526,-0.11423722569325961,-0.13593025925771302,-0.1816238631825976,-0.0194665948459548,-1.2538129496402877,0.2237882011382576,67.70944536384661,0.14666603828222974,0.06044504530411624,True,30,18,10,85,37,C,-10,28.950000000000003,19.95,24.15,28.950000000000003,Acceleration
PBI,Pitney Bowes Inc. Common Stock,Industrials,Integrated Freight & Logistics,United States,その他,16.81999969482422,2.2781248,53.904230421981815,-0.06610536475413477,-0.025170220185913392,-0.1626971548800326,0.5409734290238605,1.0219752881665147,0.6693669293087838,45.675685149711214,0.032492022813420805,0.07174398919421787,True,26,54,28,100,87,S,-10,33.2,54.2,47.80000000000001,54.2,Transition
PBT,Permian Basin Royalty Trust Common Stock,Energy,Oil & Gas Midstream,United States,電力/エネルギー,24.799999237060547,1.155898112,2.773011914691925,-0.4051790460358992,-0.06813305191197193,-0.46578670731521926,,,,21.6897789031418,-0.05612059985734426,0.19891562570640606,True,0,0,0,100,63,B,-5,16.3,16.3,32.6,32.6,Persistence
PCG,Pacific Gas & Electric Co. Common Stock,Utilities,Utilities - Regulated Electric,United States,電力/エネルギー,17.049999237060547,37.5479296,315.911678113842,0.02113108644907654,-0.000368429670869494,0.12675276752767528,0.39582915580509326,-0.3157669237360754,0.4331231330899436,54.75825353126364,0.031193311886375964,0.10263504227772698,True,22,12,6,40,100,S,0,32.5,25.0,33.3,33.3,Persistence
PCOR,"Procore Technologies, Inc. Common Stock",Technology,Software - Application,United States,ソフトウェア,43.970001220703125,6.634642432,148.9332094847107,0.14830234747001844,0.2123114493531647,0.3190864242442756,0.7952134919308678,0.6980941176470589,0.03234028489570424,56.973993637364664,-0.08322489288729636,0.4476130394022772,False,32,32,92,85,55,B,0,42.25,42.25,82.85,82.85,Persistence
PEG,Public Service Enterprise Group Incorporated Common Stock,Utilities,Utilities - Regulated Electric,United States,電力/エネルギー,81.62000274658203,40.67299328,249.50459449604034,0.1825072886297376,-0.08427516240989588,0.1466326530612245,0.3482084155161078,1.020850040096231,0.4203487564262887,61.43318293645552,0.03341485033079664,0.06458861727113298,True,39,39,26,40,67,A,0,41.95,41.95,37.7,41.95,Acceleration
PFGC,Performance Food Group Company Common Stock,Consumer Defensive,Food Distribution,United States,その他,113.08999633789062,17.765292032,180.68501804901123,0.08609465831177121,0.017928659131914063,0.12497715845255147,0.11716791287052382,-0.08248631743549648,0.4471623828378409,80.16031410474643,0.15624484833731267,0.0,True,18,0,29,65,10,D,-20,4.25,0.0,14.200000000000003,14.200000000000003,Persistence
PFS,"Provident Financial Services, Inc Common Stock",Financial Services,Banks - Regional,United States,その他,23.540000915527344,3.067584256,26.547000632476806,0.2528676732011279,0.4495131268999735,-0.051565180739342346,,0.013294155841100608,0.09701605759003647,54.22742762069149,0.0449519485547008,0.017939024202957815,True,11,29,45,85,75,A,-20,8.5,22.0,41.0,41.0,Persistence
PFSI,"PennyMac Financial Services, Inc. Common Stock",Financial Services,Mortgage Finance,United States,その他,83.47000122070312,4.3341696,47.86962835006714,0.5528853551652252,0.07629970858577323,0.1392563249084503,0.5925503376050335,0.6261137686601321,0.7846472838580857,56.978492280341925,-0.023704546209483476,0.4729786793121956,False,53,34,35,85,65,A,-40,19.0,4.75,13.5,19.0,Acceleration
PG,Procter & Gamble Company (The) Common Stock,Consumer Defensive,Household & Personal Products,United States,その他,151.41000366210938,352.57319424,1439.845542625122,0.0029153131284284676,0.024790868960807746,0.022684475039594948,0.5116036258364577,-0.15008472524812394,0.28318068209948016,56.25765115700423,0.03639558869411541,0.08761881048103097,True,8,12,41,10,100,S,0,17.5,20.5,45.05,45.05,Persistence
PGR,Progressive Corporation (The) Common Stock,Financial Services,Insurance - Property & Casualty,United States,その他,232.22000122070312,135.198482432,859.7666881195069,0.16317375204066734,0.2135850393827618,0.2520015326597697,,0.15949844950788727,0.056055397069221954,78.77230707283925,0.14283730175259768,0.05485172269368908,True,7,26,85,25,22,D,-20,0.0,5.449999999999999,37.400000000000006,37.400000000000006,Persistence
PH,Parker-Hannifin Corporation Common Stock,Industrials,Specialty Industrial Machinery,United States,その他,962.8900146484375,121.40732416,666.5798704406739,-0.004014049172102358,0.045371098872279046,0.2019588430126378,0.3685138539042821,0.11963806970509383,0.31480979182206553,67.55832410758111,0.06378636185046709,0.056649501057203816,True,6,24,30,25,52,B,0,13.45,26.95,33.15,33.15,Persistence
PHIN,PHINIA Inc. Common Stock,Consumer Cyclical,Auto Parts,United States,その他,75.70999908447266,2.802826496,37.84856419231415,0.023508668821627974,-0.027714285714285716,0.04540023894862605,0.21877691645133507,-0.07389162561576355,0.26722556981922974,39.77197804517303,-0.028108775609826178,0.11096763939949608,True,18,12,21,100,90,S,0,37.5,33.0,54.55,54.55,Persistence
PHM,"PulteGroup, Inc. Common Stock",Consumer Cyclical,Residential Construction,United States,その他,133.6699981689453,25.462310912,250.35120792060852,-0.03538188940182037,0.11738398306816429,0.003661755726855606,0.26412987604575866,0.11924091486056321,0.1272509515097247,65.82226390071833,0.0982166906508789,0.05836693110625639,True,2,12,30,65,52,B,0,16.45,23.95,43.15,43.15,Persistence
PII,Polaris Inc. Common Stock,Consumer Cyclical,Recreational Vehicles,United States,その他,63.119998931884766,3.590654976,56.6157986419487,-0.0032611422359729073,-0.1968794770773639,0.04021422750029107,0.19137304250559284,3.0,0.3401720579520608,36.10988151792138,-0.05660943092030242,0.1326814936732747,False,30,25,26,85,70,A,0,42.25,38.5,49.55,49.55,Persistence
PINS,"Pinterest, Inc. Class A Common Stock",Communication Services,Internet Content & Information,United States,その他,22.06999969482422,12.362672128,430.53747109668734,0.15786472694880047,0.19347995513033903,0.09009467725027065,0.8006709039129825,0.3318138103890688,0.0477078846611844,53.07443185909899,0.07692155829966008,0.4365585722104599,False,28,14,65,65,50,B,0,35.75,25.25,62.0,62.0,Persistence
PIPR,Piper Sandler Companies Common Stock,Financial Services,Capital Markets,United States,その他,71.08999633789062,4.804079616,46.2390663180542,0.24444983589581637,0.1352363352684939,-0.05370859630206926,,0.8537330776438505,0.04487731838438414,27.095931711121082,-0.1075738036041476,0.23154893076787889,False,48,29,38,85,53,B,-20,34.05,19.799999999999997,32.75000000000001,34.05,Acceleration
PJT,PJT Partners Inc. Class A Common Stock,Financial Services,Capital Markets,United States,その他,162.99000549316406,6.649682944,81.15190878501892,0.1476676911042696,0.294832038654783,0.12450158702297892,0.32428511657138387,-0.08948132481256586,0.22455879560558795,60.532453394292396,0.05335140415652856,0.1457158964373828,True,9,14,66,85,65,A,-20,6.0,9.75,50.55000000000001,50.55000000000001,Persistence
PKG,Packaging Corporation of America Common Stock,Consumer Cyclical,Packaging & Containers,United States,その他,238.1999969482422,21.223297024,153.7140310306549,0.07228656972791145,0.07445145083564031,-0.07968860580325549,0.21020546649906,0.39712368168744006,0.4069647102699175,77.22314170051936,0.07374457084637412,0.020809562908540292,True,5,12,22,65,25,D,0,16.0,21.25,33.35,33.35,Persistence
PL,Planet Labs PBC Class A Common Stock,Industrials,Aerospace & Defense,United States,防衛/宇宙,31.3799991607666,11.183910912,572.8688714790726,0.2593594486642221,0.10718816834016022,0.1539298113523236,0.5605130521533697,1.747535549158161,0.4036708138180968,42.06033537844032,-0.15482490410269548,0.3894941978753176,True,57,52,67,65,61,B,0,58.6,54.85,65.3,65.3,Persistence
PLNT,"Planet Fitness, Inc. Common Stock",Consumer Cyclical,Leisure,United States,その他,53.45000076293945,4.246216448,101.45585169816971,0.1205852136073673,0.10298265887320947,0.14363580465684286,0.5193626977126354,0.3492309810817109,0.9349032269498404,56.48453227147983,-0.021101701464300054,0.5292822604454168,False,39,26,58,85,65,A,-20,28.5,18.75,46.150000000000006,46.150000000000006,Persistence
PLOW,"Douglas Dynamics, Inc. Common Stock",Consumer Cyclical,Auto Parts,United States,その他,50.27000045776367,1.162503424,12.209326361179352,0.1539989164544137,0.0005737638556931103,-0.07773492536538175,0.2662589760278514,0.9074157438252153,0.34952872262849427,64.60242817016959,0.08212115220101625,0.07250922970213337,True,47,14,26,100,52,B,-5,50.45,25.7,44.699999999999996,50.45,Acceleration
PM,Philip Morris International Inc Common Stock,Consumer Defensive,Tobacco,United States,その他,182.27000427246094,284.078538752,993.5437684389495,0.07312952109403875,0.076874964462387,0.10742396574523015,0.6711769336744735,-0.010117887310869766,0.705861097058611,53.74358738939322,0.032299338017450545,0.04210819727528119,True,12,12,39,25,87,S,-10,11.450000000000003,11.450000000000003,35.10000000000001,35.10000000000001,Persistence
PNC,"PNC Financial Services Group, Inc. (The) Common Stock",Financial Services,Banks - Regional,United States,その他,249.49000549316406,100.186365952,616.9488651837158,0.10899130184054977,-0.03254451624901204,0.01870796627829876,,,0.099553325476139,69.00514233645657,0.10343420797381958,0.008465104782437631,True,23,14,10,25,25,D,-20,3.5,0.0,0.0,3.5,Acceleration
PNFP,"Pinnacle Financial Partners, Inc. Common stock",Financial Services,Banks - Regional,United States,その他,99.5,15.035127808,148.4077325,0.1775920255682453,0.09966321837169444,0.060350959489580365,,-0.17603193891669794,0.03821146804131622,68.1589050611386,0.02549381177801075,0.15519826210697762,True,35,14,45,65,80,S,-20,24.0,8.25,37.0,37.0,Persistence
PNW,Pinnacle West Capital Corporation Common Stock,Utilities,Utilities - Regulated Electric,United States,電力/エネルギー,109.37000274658203,13.25424128,147.5089632543564,0.041956598304557245,0.09133833518846182,0.08593268175705909,0.41600737386700487,-0.28176241687155523,0.47615286818394187,75.01793700851228,0.07046989800349779,0.0,True,4,12,18,65,25,D,0,15.25,21.25,31.15,31.15,Persistence
POR,Portland General Electric Co Common Stock,Utilities,Utilities - Regulated Electric,United States,電力/エネルギー,52.720001220703125,6.1012864,71.01937724441528,0.03953488372093023,0.17687307560725282,0.10426898375519456,0.479586129753915,0.8551020408163266,0.3743008314436886,70.47545345799868,0.061230368698459825,0.017267849959656748,True,17,12,34,85,25,D,0,28.0,24.25,44.95,44.95,Persistence
POST,"Post Holdings, Inc. Common Stock",Consumer Defensive,Packaged Foods,United States,その他,92.77999877929688,4.205029376,80.13130154571533,0.02971209309957464,0.13327134887712774,0.1947976483456385,0.2867579460903887,-0.028076463560334528,0.5692321338813163,48.95777774515609,-0.03509357386377001,0.1904720505610311,False,0,0,37,85,90,S,-20,1.75,1.75,39.6,39.6,Persistence
PPG,"PPG Industries, Inc. Common Stock",Basic Materials,Specialty Chemicals,United States,その他,125.33000183105469,27.936057344,253.17663009887696,0.0018933417481855476,-0.024442802610515946,0.04022031510183169,0.41316535433070867,0.6638054363376252,0.357317404289981,65.43318664652976,0.11578405201985069,0.035633062733192146,True,31,24,30,65,37,C,0,36.7,31.45,40.15,40.15,Persistence
PPL,PPL Corporation Common Stock,Utilities,Utilities - Regulated Electric,United States,電力/エネルギー,36.88999938964844,27.754203136,430.95229296981813,0.0685417159064051,0.018046198267564966,0.051885598582637305,0.42733908427339085,-2.0129032258064514,0.4276810184775882,61.29541778455947,0.021275012083856796,0.06590185919539508,True,25,12,18,65,67,A,0,35.2,25.45,39.55,39.55,Persistence
PR,Permian Resources Corporation Class A Common Stock,Energy,Oil & Gas E&P,United States,電力/エネルギー,18.200000762939453,15.679958016,218.13310614408493,0.012893507233138176,0.6023407402945247,0.46433831550745686,0.4105420287526028,0.9132592816344464,0.20545768146097196,38.049318248931264,-0.08008255103481327,0.18492940940613972,True,13,12,54,65,80,S,0,27.5,26.75,61.95,61.95,Persistence
PRG,"PROG Holdings, Inc. Common Stock",Industrials,Rental & Leasing Services,United States,その他,44.130001068115234,1.76809344,29.199277156734468,0.00422745209519812,0.02553228415390245,-0.0994962711128459,,1.4953728236911428,0.3738953110019324,72.58064516129032,0.20537108005568272,0.053207455691076475,True,12,12,26,100,22,D,-5,21.2,21.2,38.699999999999996,38.699999999999996,Persistence
PRI,"Primerica, Inc. Common Stock",Financial Services,Insurance - Life,United States,その他,297.05999755859375,9.263521792,67.67620864379883,0.06557482123682846,0.12393492175934062,0.03426441353010836,,0.05074802487813078,0.12123356418348218,74.01807892948634,0.07564463489531899,0.0,True,2,24,42,85,25,D,-20,0.0,13.25,29.35,29.35,Persistence
PRIM,Primoris Services Corporation Common Stock,Industrials,Engineering & Construction,United States,その他,88.19999694824219,4.78528512,263.2509718914032,0.18974995288056795,0.11399226637271884,0.292879087200626,0.10734135104093784,-0.10817181770560502,0.21573120377512592,45.60775215340587,-0.2779029540496667,0.5649880670916034,False,23,14,62,85,35,C,0,33.5,26.75,62.35,62.35,Persistence
PRK,Park National Corporation Common Stock,Financial Services,Banks - Regional,United States,その他,186.4199981689453,3.373472768,22.779591676254274,0.07027373815565292,0.1177892718578971,-0.03570851811823749,,0.1313293843750921,0.001740232266902655,64.1967273149334,0.07455905782508536,0.0039005917785005896,True,2,24,30,85,40,C,-20,0.0,14.75,25.75,25.75,Persistence
PRLB,"Proto Labs, Inc. Common stock",Industrials,Metal Fabrication,United States,その他,76.4000015258789,1.81786496,19.637856392211916,0.06435944019645032,-0.005928034024176535,0.031693413977944215,0.4448039585314569,-0.1310515584037285,0.003991276042519468,45.149266478146174,0.04412952701851572,0.06464249215927463,True,22,12,29,100,87,S,-5,35.2,27.700000000000003,53.35000000000001,53.35000000000001,Persistence
PRM,"Perimeter Solutions, SA Common Stock",Basic Materials,Specialty Chemicals,United States,その他,33.91999816894531,5.533269504,70.03021061965943,0.16381326564082085,0.7415525227563426,-0.10650892498023606,0.5746237336527474,0.1184505111161249,0.26652473966333295,46.5653480497863,0.03679516757348613,0.10217048001777096,True,15,14,42,85,100,S,0,34.0,33.25,64.35,64.35,Persistence
PRMB,Primo Brands Corporation Class A Common Stock,Consumer Defensive,Beverages - Non-Alcoholic,United States,その他,25.020000457763672,9.078972416,83.04225721933365,0.29335274138767586,0.09657990508012855,0.058003647744928055,0.30315126050420166,-0.09893733968486625,0.5399705738106915,62.67123690329997,0.09069069417835256,0.16757178532585193,True,43,40,41,85,65,A,-20,31.5,29.25,36.8,36.8,Persistence
PRSU,"Pursuit Attractions and Hospitality, Inc. Common Stock",Consumer Cyclical,Travel Services,United States,その他,55.400001525878906,1.52068928,19.446231535606383,0.23446606710178777,0.04625661960974635,0.1702419093499751,0.9234710455177414,3.0,0.20221249708677524,90.05238320829375,0.21326270137839226,0.010184021482804215,True,60,31,72,100,10,D,-5,56.0,34.25,61.599999999999994,61.599999999999994,Persistence
PRU,"Prudential Financial, Inc. Common Stock",Financial Services,Insurance - Life,United States,その他,112.94999694824219,39.230369792,219.4731390701294,-0.13736116024053768,0.30240486501428177,-0.047748569824167336,,,0.029671465867087136,67.23767319807632,0.10320173324212246,0.022553732177442703,True,0,12,10,40,25,D,-20,0.0,0.0,0.5,0.5,Persistence
PSN,Parsons Corporation Common Stock,Technology,Information Technology Services,United States,その他,56.290000915527344,6.021820928,62.70255781982422,-0.057229338651990584,0.24028795007816822,0.2973530679298029,0.22493382954301727,-0.13486919073426462,0.2396125926287981,47.64173900780059,0.05275955522837475,0.3695822562620376,False,0,12,40,85,58,B,0,18.55,27.55,54.85,54.85,Persistence
PSX,Phillips 66 Common Stock,Energy,Oil & Gas Refining & Marketing,United States,電力/エネルギー,176.4199981689453,70.732955648,492.0344927931976,-0.07528308872325414,-0.028806165577785467,-0.1328960527089829,0.09844684837130598,0.1702401372212693,0.26758957654723126,47.82156547491618,0.014647694095793232,0.05618855754049675,True,2,24,26,40,87,S,0,16.200000000000003,32.7,41.7,41.7,Persistence
PUMP,ProPetro Holding Corp. Common Stock,Energy,Oil & Gas Equipment & Services,United States,電力/エネルギー,12.09000015258789,1.482439296,60.334601711483,-0.12125576236285611,-0.11415181191843224,0.27404682812625764,0.09934696862014028,-0.5956088501580385,0.16517673852923176,28.95149111224835,-0.2368580439060352,0.33571430517702605,True,0,35,25,100,34,D,-5,13.399999999999999,39.65,40.55,40.55,Persistence
PVH,PVH Corp. Common Stock,Consumer Cyclical,Apparel Manufacturing,United States,その他,75.2300033569336,3.468711936,102.38276846855163,0.03435842318760184,-0.06127341961660718,0.02144234391968263,0.5752497150901655,-0.07523187907935418,0.3680249978597723,35.27306841284374,-0.10995032646564941,0.23834206616601894,False,26,0,29,85,70,A,0,39.25,19.75,51.2,51.2,Persistence
PWR,"Quanta Services, Inc. Common Stock",Industrials,Engineering & Construction,United States,その他,668.3099975585938,100.286693376,1000.8510276937866,0.20305595515865363,0.13363477977374613,0.22304818060639092,0.1501097782044521,0.09728268154609178,0.2575111121916038,47.250314543744594,-0.0607426616158251,0.14877986835058551,True,29,29,63,25,90,S,0,34.5,34.5,58.900000000000006,58.900000000000006,Persistence
QBTS,D-Wave Quantum Inc. Common Shares,Technology,Computer Hardware,United States,その他,22.530000686645508,8.346130432,673.2583780188561,1.7854310637815793,0.007878511075588034,0.22096751707793114,0.8258835970228169,-0.6938807229450686,0.0474518269559397,45.9408467498914,-0.03675958361957474,0.49687357523864434,False,68,40,45,85,65,A,-10,60.25,39.25,49.0,60.25,Acceleration
QSR,Restaurant Brands International Inc. Common Shares,Consumer Cyclical,Restaurants,United States,その他,74.79000091552734,34.129436672,270.97688761711123,0.12229359980965977,0.19709484477356878,0.07947732513451192,0.3384566461734153,0.11290322580645161,0.6130782744485653,54.83473820532337,-0.003767925190523227,0.0758812682241922,True,11,14,44,40,87,S,-30,0.0,0.0,21.60000000000001,21.60000000000001,Persistence
QTWO,"Q2 Holdings, Inc. Common Stock",Technology,Software - Application,United States,ソフトウェア,52.630001068115234,3.294660352,43.50764298297882,0.14120614992303981,0.11501319193626885,0.10421391864204231,0.5406116438037315,0.6245127436281859,0.271744300022644,74.66879146866258,0.11595975882777323,0.44582499324384467,False,62,63,64,85,0,D,0,59.25,60.0,56.45,60.0,Transition
QXO,"QXO, Inc. Common Stock",Industrials,Industrial Distribution,United States,その他,16.209999084472656,16.822823936,387.13951773468017,3.0,0.04371113597593411,0.21188541779759226,0.2298529712665517,1.1629279811097992,0.2463917720443373,47.455290791864265,-0.08113873969734386,0.40118214749843506,False,65,52,50,65,55,B,0,64.0,54.25,54.75,64.0,Acceleration
R,"Ryder System, Inc. Common Stock",Industrials,Rental & Leasing Services,United States,その他,260.7200012207031,10.08752128,112.25560372558594,-0.0016525023607176581,0.0608564988730278,-0.038680683733247734,0.20320012611334437,2.098086124401914,0.5296881674498077,29.739800381689975,0.03387177610465086,0.06998642852780715,True,12,37,22,65,60,B,0,24.75,43.5,40.35,43.5,Transition
RAL,Ralliant Corporation Common Stock,Technology,Electronic Components,United States,半導体,68.36000061035156,7.6517504,115.14490142807007,-0.039866338701443356,-0.0004638864405993413,0.03158348088242331,0.5028518948182521,-0.14707282246549264,0.32002302700439605,56.950680316717055,0.15195588008215613,0.07157404372742616,True,8,0,29,85,57,B,0,24.45,18.45,48.6,48.6,Persistence
RAMP,"LiveRamp Holdings, Inc. Common Stock",Technology,Software - Infrastructure,United States,ソフトウェア,37.72999954223633,2.267115008,51.699154572753905,0.09034577107755036,0.13024720272988702,0.10573214456328793,0.70709154427141,0.08371978707853904,0.022844634080191505,54.01461276723711,0.08770855732392016,0.002643465080043094,True,20,61,62,100,60,B,0,36.0,66.75,71.1,71.1,Persistence
RBA,"RB Global, Inc. Common Stock",Industrials,Specialty Business Services,United States,その他,112.80999755859375,21.016502272,140.4038870114136,0.07154194482050324,0.1643113381889336,1.1222747721767217,0.4637201298276951,-0.07998778812395055,0.34493123610310467,61.75745823477024,0.05999917260283419,0.05033206064240502,True,8,12,49,65,52,B,0,20.95,23.95,53.6,53.6,Persistence
RBC,RBC Bearings Incorporated Common Stock,Industrials,Tools & Accessories,United States,その他,604.5599975585938,19.12547328,177.0302812850952,0.14337224225386544,0.04870858168300968,0.06193425440686041,0.4437436527874285,0.4052502050861362,0.19353075526577782,49.00260547645457,0.006857940072328454,0.06831668863614944,True,32,26,46,65,87,S,0,42.45,37.95,58.95,58.95,Persistence
RBLX,Roblox Corporation Class A Common Stock,Communication Services,Electronic Gaming & Multimedia,United States,その他,55.40999984741211,39.67238144,674.3737752929115,0.3577400090339227,0.2867547085422863,0.2580712720421815,0.7807406568298746,1.1095898955247154,0.18862422751293853,68.65998764104768,0.16436916287812198,0.608575863216746,False,74,27,100,40,15,D,0,63.0,27.75,68.0,68.0,Persistence
RBRK,"Rubrik, Inc. Class A Common Stock",Technology,Software - Infrastructure,United States,ソフトウェア,83.63999938964844,17.215500288,380.00830042694093,0.48463133245501633,0.4119370847215763,0.04680245207304203,0.8010341964046251,3.0,0.4133074718709607,72.63276226652857,0.24480956814985663,0.1508629503588991,True,81,68,64,65,35,C,0,74.0,64.25,58.45,74.0,Acceleration
RCL,Royal Caribbean Cruises Ltd. Common Stock,Consumer Cyclical,Travel Services,United States,その他,296.29998779296875,79.46616832,793.4898858096313,0.08789808917197452,0.18597122302158273,0.5723981900452488,0.4935318389650942,-0.3810716074111167,0.5294456858646291,54.23952308719997,0.057104766247775295,0.17623548031545366,True,11,12,52,40,85,S,0,22.75,23.5,55.6,55.6,Persistence
RDDT,"Reddit, Inc. Class A Common Stock",Communication Services,Internet Content & Information,United States,その他,194.6699981689453,37.475733504,893.8681772923279,0.6939682588514888,0.6171120693407824,0.20598139195831414,0.9118204445300035,2.1700908164210917,0.007166644078596605,59.12850928109719,0.181947101696319,0.28089097442401184,True,85,87,90,40,53,B,0,75.05,76.55,70.10000000000001,76.55,Transition
RDN,Radian Group Inc. Common Stock,Financial Services,Insurance - Specialty,United States,その他,37.939998626708984,5.04507904,52.52697959871292,-0.007639067925945392,0.02463004394794199,-0.011273794307002618,,1.1738834973351275,0.13927354203445116,85.31597102815998,0.05772014168821988,0.003152988498477679,True,12,25,30,85,25,D,-20,4.25,14.0,22.75,22.75,Persistence
RDW,Redwire Corporation Common Stock,Industrials,Aerospace & Defense,United States,防衛/宇宙,11.3100004196167,2.249770752,463.89431366112234,0.10286056277355221,0.24733798195242002,0.5185395113018455,0.051538399611188467,-6.09775686385508,0.08542946595111435,22.104242332746793,-0.1960020225444941,0.5633204406873848,True,5,2,47,100,26,D,-10,11.350000000000001,9.100000000000001,46.050000000000004,46.050000000000004,Persistence
RES,"RPC, Inc. Common Stock",Energy,Oil & Gas Equipment & Services,United States,電力/エネルギー,5.599999904632568,1.24117248,10.861059815037251,0.14951742015365382,-0.12517975559421665,0.009809197621119741,0.14293364056546123,-0.5911815597577555,0.0527014372933529,16.43835825224201,-0.1930987603198057,0.29585797929625196,False,23,2,25,100,24,D,-5,29.65,13.899999999999999,38.55,38.55,Persistence
REX,REX American Resources Corporation,Basic Materials,Chemicals,United States,その他,44.97999954223633,1.48153856,10.559279792537689,0.012445310517968345,-0.22905767329346377,-0.02528187134502924,0.14405514637494676,3.0,0.026661869728016086,63.788304387488424,-0.039127064508623716,0.12079750437075874,True,30,37,30,100,80,S,-5,40.5,45.75,52.5,52.5,Persistence
REZI,"Resideo Technologies, Inc. Common Stock ",Industrials,Industrial Distribution,United States,その他,30.65999984741211,4.64272896,41.50352199344635,0.10516195829019376,0.08314642742710669,-0.020094191522762952,0.29389721627408993,-4.4423076923076925,0.3823076010909522,47.71709836437599,-0.0800252106310497,0.31101123938399755,False,35,2,6,85,63,B,-10,35.3,10.55,27.150000000000006,35.3,Acceleration
RF,Regions Financial Corporation Common Stock,Financial Services,Banks - Regional,United States,その他,30.280000686645508,25.8403328,337.431395051775,0.0625441197232811,-0.06507391763463569,0.05736217725052338,,0.48140495867768596,0.030752956288488422,64.88225278066739,0.0692468205486997,0.016883070236876605,True,23,24,30,65,40,C,-20,11.0,11.75,20.75,20.75,Persistence
RGA,"Reinsurance Group of America, Incorporated Common Stock",Financial Services,Insurance - Reinsurance,United States,その他,221.0,14.478409728,83.039645,0.0742051072708305,0.19846705805609915,0.15843828715365238,,,0.0364646529152564,70.9558652188097,0.05833186364068728,0.010900782670199713,True,0,12,30,65,25,D,-20,0.0,1.25,17.75,17.75,Persistence
RH,RH Common Stock,Consumer Cyclical,Specialty Retail,United States,その他,169.0800018310547,3.195775744,184.9194164025879,0.08135903668093687,0.050056352888588986,-0.1563444077207569,0.44068647631540997,2.166608171535801,0.8208345827189802,56.69593571375781,0.188803826751138,0.32637449469699326,True,46,37,24,85,53,B,-20,32.55,25.799999999999997,25.050000000000004,32.55,Acceleration
RHI,Robert Half Inc. Common Stock,Industrials,Staffing & Employment Services,United States,その他,33.47999954223633,3.424789504,79.40384531433105,-0.07200530311670256,-0.09334038532865849,-0.1168290149599165,0.3722805180472049,-0.24662079169619738,0.08596438159337542,57.09992387800303,0.17119306713267812,0.15094240508472118,True,34,0,29,85,70,A,0,45.25,19.75,51.2,51.2,Persistence
RHLD,Resolute Holdings Management Common Stock ,Industrials,Specialty Business Services,United States,その他,148.33999633789062,1.224908928,28.53616509552002,0.09863732877445187,0.0766507350964726,0.03211035838467961,0.563162394087284,0.30674667260678284,0.5859394448360151,68.85956647224248,0.1949546420742396,0.3447011550223439,False,43,12,42,100,23,D,-5,44.55,21.3,47.7,47.7,Persistence
RJF,"Raymond James Financial, Inc. Common Stock",Financial Services,Asset Management,United States,その他,162.66000366210938,31.699675136,264.12162084640505,0.0951815808212675,0.10211021974189048,0.05686111879089485,,0.1517948717948718,0.047829536438852994,68.12767689715952,0.0665040145778598,0.06545726473996953,True,2,24,42,40,52,B,-20,0.0,9.2,23.5,23.5,Persistence
RKT,"Rocket Companies, Inc. Class A Common Stock",Financial Services,Mortgage Finance,United States,その他,15.770000457763672,44.620107776,561.3703046451759,0.2686536901865369,0.35271530444322546,-0.3586515287787976,,-0.32945285215366704,0.25642250968114033,67.2566365457526,0.11090763634560544,0.327218425833637,False,9,5,6,40,23,D,-30,0.0,0.0,0.0,0.0,Acceleration
RL,Ralph Lauren Corporation Common Stock,Consumer Cyclical,Apparel Manufacturing,United States,その他,398.2200012207031,23.700598784,294.0894531015015,0.14627772284220936,0.0674970594444612,0.029145198336333725,0.6986505638055333,-0.3081754833644126,0.38883648814522903,53.81913413082007,0.06865440974874422,0.03634667782287113,True,50,14,45,65,72,A,0,54.45,27.45,55.4,55.4,Persistence
RLI,RLI Corp. Common Stock (DE),Financial Services,Insurance - Property & Casualty,United States,その他,62.52000045776367,5.747984384,65.73165288127899,0.06329926162911549,0.1708935352918067,-0.10953997427549718,,0.09574822370114616,0.016229851045673073,81.75626350016749,0.21222424932966974,0.05297981904434027,True,2,24,30,85,22,D,-20,0.0,12.950000000000003,22.15,22.15,Persistence
RNG,"RingCentral, Inc. Class A Common Stock",Technology,Software - Application,United States,ソフトウェア,40.0099983215332,3.355182848,60.44570511423111,0.04780338235998659,0.08988530390764016,0.10767779996278284,0.7124484422748298,0.3248435813377044,0.870401733430985,58.057851511074574,-0.02441763811160461,0.18513239175310595,True,20,54,44,85,100,S,-20,17.75,43.25,45.45,45.45,Persistence
RNST,Renasant Corporation Common Stock,Financial Services,Banks - Regional,United States,その他,42.97999954223633,3.965855744,35.5206057216835,0.48818403172461056,0.04854364321870518,0.0019522608004745056,,1.562800474291258,0.03924112307134581,57.17722534081796,0.05459677950313592,0.015574903975087562,True,56,20,57,85,60,B,-20,40.75,13.75,44.599999999999994,44.599999999999994,Persistence
ROG,Rogers Corporation Common Stock,Technology,Electronic Components,United States,半導体,143.89999389648438,2.568404224,49.082129418182376,-0.023250210817973738,-0.08619550858652576,-0.06466227347611203,0.31672422298963987,0.0014084507042253522,0.015245821386110917,48.55920855401219,-0.0016249125875402624,0.13878749745443322,True,24,12,34,100,100,S,0,43.0,34.0,63.7,63.7,Persistence
ROK,"Rockwell Automation, Inc. Common Stock",Industrials,Specialty Industrial Machinery,United States,ロボティクス,471.70001220703125,52.48792576,422.04651042205813,0.009438528557599225,-0.08765731949657761,0.16720787588268646,0.48141932390314074,1.1251956181533647,0.3250735359657724,55.65803955660537,0.052944890270382926,0.047224640460843306,True,41,12,34,40,72,A,0,43.95,22.2,43.1,43.95,Acceleration
ROL,"Rollins, Inc. Common Stock",Consumer Cyclical,Personal Services,United States,その他,43.380001068115234,20.88589312,201.9503893724823,0.10987727476076428,0.10263633813797515,0.14001475616166195,0.5275239627231757,0.12056936876056965,0.330519789219821,28.736967920286503,-0.12846833968259622,0.33445085293806426,False,33,26,64,65,24,D,0,36.9,31.65,56.25,56.25,Persistence
RPM,RPM International Inc. Common Stock,Basic Materials,Specialty Chemicals,United States,その他,111.62000274658203,14.295808,82.6054992326355,0.005094149818745768,0.010868040329562232,0.0817990830874478,0.41375631320324163,-0.40742127078665913,0.3811685236104301,61.048091559318635,0.07082900293812307,0.11658553445394775,True,4,12,37,65,65,A,0,19.25,25.25,49.6,49.6,Persistence
RRC,Range Resources Corporation Common Stock,Energy,Oil & Gas E&P,United States,電力/エネルギー,37.810001373291016,8.908877824,129.80400331459046,0.2732398255058379,-0.07646545173505724,-0.5233022089460854,0.37034546965963044,0.6761508539227618,0.18494160832169668,49.453241891794185,-0.05196598006878198,0.2044120822360051,False,62,51,34,85,80,S,0,67.25,59.0,55.95,67.25,Acceleration
RRX,Regal Rexnord Corporation Common Stock,Industrials,Specialty Industrial Machinery,United States,その他,218.4499969482422,14.542123008,256.5760749156189,-0.016457290596307468,-0.034700113587278224,0.19793403476494376,0.3737130339539978,0.7865573114622925,0.35494576539041733,54.19060516605541,0.031487997736832286,0.08287503795638955,True,31,24,30,65,100,S,0,43.0,37.75,52.75,52.75,Persistence
RS,"Reliance, Inc. Common Stock",Basic Materials,Steel,United States,その他,372.010009765625,18.99056128,158.3349003564453,0.03319840983014095,-0.06557520988254682,-0.13034361233480177,0.28735230126693856,-0.497097678142514,0.16769012753897025,28.982495457419944,-0.016389588032252513,0.10018620720301369,True,30,0,25,65,73,A,0,39.55,17.05,44.6,44.6,Persistence
RSG,"Republic Services, Inc. Common Stock",Industrials,Waste Management,United States,その他,217.33999633789062,66.867712,362.40466359359743,0.03486776447105788,0.07129969929836284,0.1076160165790837,0.4195648243023326,0.15761653051417587,0.40173427224582436,66.7166562099334,0.048700069982330604,0.10635842473176499,True,6,24,38,40,80,S,0,18.5,32.0,46.900000000000006,46.900000000000006,Persistence
RSI,"Rush Street Interactive, Inc. Class A Common Stock",Consumer Cyclical,Gambling,United States,その他,31.68000030517578,7.336272384,112.77763308639527,0.22762565700267184,0.33700107500278514,0.16708374703653422,0.34622206080950046,0.7091518117964764,0.009311903199941686,60.119558661389945,0.14380619909915268,0.0,True,25,36,89,85,25,D,0,34.0,42.25,75.2,75.2,Persistence
RTX,RTX Corporation Common Stock,Industrials,Aerospace & Defense,United States,防衛/宇宙,199.25,268.32666624,1091.2105575,0.09741385716762863,0.17147417295414974,0.02752184154814086,0.20077198288996986,0.8985470303339281,0.23092255624594485,67.95604829615735,0.11037610118326163,0.056938313607085025,True,12,24,42,25,37,C,0,16.45,25.45,36.75,36.75,Persistence
RVLV,"Revolve Group, Inc. Class A Common Stock",Consumer Cyclical,Internet Retail,United States,その他,22.6200008392334,1.618586496,22.23071062479019,0.08475977311487365,0.05725733331212414,-0.029686331050211727,0.5350360044448723,1.280615881765908,0.04242478114407693,62.61574339801247,0.05858241507008101,0.2807631068203753,False,50,24,38,100,38,C,-5,51.3,31.799999999999997,48.50000000000001,51.3,Acceleration
RVT,"Royce Small-Cap Trust, Inc. Common Stock",Financial Services,Asset Management,United States,その他,18.469999313354492,2.260059392,8.04627050086975,3.0,-0.8674107337109764,1.1613129676578728,,,,71.56397118910046,0.026134933370990585,0.0021610434917731037,True,43,22,8,100,40,C,-20,31.25,15.5,17.4,31.25,Acceleration
RXO,"RXO, Inc. Common Stock",Industrials,Trucking,United States,その他,26.610000610351562,4.388529664,56.95631140640259,0.261978021978022,0.1586452762923351,-0.1811926605504587,0.14367816091954022,0.8596491228070176,0.20445529447665547,39.22463346067839,0.1183397899836505,0.08619506032088127,True,48,35,10,85,60,B,0,54.75,45.0,38.75,54.75,Acceleration
RYAN,"Ryan Specialty Holdings, Inc. Class A Common Stock",Financial Services,Insurance - Specialty,United States,その他,42.029998779296875,11.094953984,126.28690688217164,0.2128289826728836,0.21090284753813268,0.20424149645865708,,0.23050781525519004,0.3342169489683573,74.73752057220453,0.24581570547885476,0.36687792357285515,False,44,17,81,65,8,D,-20,23.549999999999997,3.3000000000000007,42.400000000000006,42.400000000000006,Persistence
RYZ,Ryerson Holding Corporation Common Stock,Industrials,Metal Fabrication,United States,その他,24.030000686645508,1.246886016,13.144410375595093,-0.0059582055798377805,-0.09982970227259381,-0.19212157631728763,0.17111106249863278,-0.6628679962013295,0.3392107123549715,18.531069744747143,-0.10592377258886852,0.20979938154486835,False,30,0,21,100,53,B,-5,37.8,15.3,42.15,42.15,Persistence
S,"SentinelOne, Inc. Class A Common Stock",Technology,Software - Infrastructure,United States,ソフトウェア,17.510000228881836,6.002492928,111.23420255399704,0.21889901042167553,0.3224755857645608,0.4713048256782076,0.741153805436652,3.0,0.0061527368420189145,79.95642601939262,0.09198629688417875,0.11476240540761283,True,39,31,97,85,50,B,0,47.0,41.0,84.6,84.6,Persistence
SAH,"Sonic Automotive, Inc. Common Stock",Consumer Cyclical,Auto & Truck Dealerships,United States,その他,83.7300033569336,2.64621184,21.864834426612855,0.06533186167333366,-0.01030447246110601,0.026519344908614323,0.15724976243268926,3.0,0.7081414239536403,49.68306576634204,0.0539911633938899,0.03593656994635863,True,30,25,20,100,72,A,-10,34.7,30.950000000000003,40.4,40.4,Persistence
SAM,"Boston Beer Company, Inc. (The) Common Stock",Consumer Defensive,Beverages - Brewers,United States,その他,183.6199951171875,1.912116224,58.39666704711914,-0.023812102382303173,0.002141265791275126,-0.039088968557177944,0.4847750171247342,0.24899342467340613,0.0317301932397505,53.309068380310606,-0.03227814762302003,0.2939050038972844,False,13,24,38,100,73,A,-25,7.049999999999997,15.299999999999997,35.50000000000001,35.50000000000001,Persistence
SARO,"StandardAero, Inc. Common Stock",Industrials,Aerospace & Defense,United States,防衛/宇宙,30.110000610351562,10.01073152,128.4473054537201,0.1575953078394955,0.14767369289310067,0.09945986944154384,0.14803316710413653,3.0,0.37351296113664373,83.2268447509203,0.1422610213658559,0.09088159476465034,True,47,39,46,65,35,C,0,48.5,42.5,48.55,48.55,Persistence
SBH,"Sally Beauty Holdings, Inc. (Name to be changed from Sally Holdings, Inc.) Common Stock",Consumer Cyclical,Specialty Retail,United States,その他,14.140000343322754,1.349076096,22.316243441843987,-0.00419878123157972,-0.0029773631881497725,-0.022915085970229836,0.5162197035519303,0.18796392479516796,0.5443795679419985,55.82329517229916,0.059191927113238806,0.16823527392219095,False,10,24,30,100,75,A,-5,25.0,35.5,51.5,51.5,Persistence
SBR,Sabine Royalty Trust Common Stock,Energy,Oil & Gas Midstream,United States,電力/エネルギー,73.11000061035156,1.065895936,2.419575470199585,-0.06670472181531319,-0.11226935298830762,-0.2603378221620821,,,,42.08275658719173,-0.02435782163054553,0.07057606361460347,True,30,0,0,100,87,S,-5,41.2,18.700000000000003,37.400000000000006,41.2,Acceleration
SBSI,"Southside Bancshares, Inc. Common Stock",Financial Services,Banks - Regional,United States,その他,34.900001525878906,1.038334784,5.155253725395203,-0.08074148762894594,0.02789991270065893,-0.009229930726151076,,-0.18975156306857655,0.08621495574067571,58.05862482140425,0.05040940815397294,0.019938193549658766,True,0,0,25,100,60,B,-25,0.0,0.0,25.75,25.75,Persistence
SCCO,Southern Copper Corporation Common Stock,Basic Materials,Copper,United States,その他,172.00999450683594,143.512846336,260.7052280743408,0.17375408889744084,0.1553790496978516,-0.0151374914161168,0.535946348733234,0.009545133160499647,0.3467265941425725,41.70886039660901,-0.04598198379253981,0.20200690942701507,True,48,33,42,25,100,S,0,49.75,38.5,49.35,49.75,Acceleration
SCHW,Charles Schwab Corporation (The) Common Stock,Financial Services,Capital Markets,United States,その他,97.0,168.69613568,1163.638675,0.22008568805467715,0.040823910389127784,-0.09271746459878624,,3.0,0.06303730180551737,68.93249029444871,0.07390916377995566,0.08892077104888398,True,51,29,30,25,65,A,-20,28.5,12.0,15.75,28.5,Acceleration
SCI,Service Corporation International Common Stock,Consumer Cyclical,Personal Services,United States,その他,78.55999755859375,10.839001088,152.7905536517334,0.029346363528003558,0.02112333887347071,-0.0021620182341643666,0.26456534966539297,-0.029773147799661445,0.27965202198803163,64.1783235384317,0.025300520074193037,0.10031455302950278,False,30,12,21,65,70,A,0,39.25,25.75,41.8,41.8,Persistence
SCL,Stepan Company Common Stock,Basic Materials,Specialty Chemicals,United States,その他,56.75,1.28898112,9.55755125,0.06964262289969059,-0.06255740039419237,-0.16136257919351524,0.11572676121321684,-0.354125824273748,0.2867410724510562,68.98735756232492,0.08185495494807071,0.14927968814583145,True,30,0,21,100,65,A,-5,39.0,16.5,44.55,44.55,Persistence
SEB,Seaboard Corporation Common Stock,Industrials,Conglomerates,United States,その他,4337.14990234375,4.15410048,42.85104103515625,0.07098901098901099,-0.048316251830161056,-0.14951525393578227,0.07110609480812641,-0.25,0.22107688576279408,14.932755028119772,-0.14239472711233783,0.27180705329898885,False,30,12,25,85,24,D,0,37.65,24.15,39.8,39.8,Persistence
SEI,"Solaris Energy Infrastructure, Inc. Class A Common Stock",Energy,Oil & Gas Equipment & Services,United States,電力/エネルギー,67.19000244140625,6.276027392,153.0571458114624,0.987297622735882,0.06876329165343902,-0.08455492882923704,0.3232471613053576,-2.3912918823420015,0.5034491994329725,40.08958094006846,-0.0941203076327906,0.18930978923704855,True,62,36,14,85,90,S,0,68.25,48.75,46.95,68.25,Acceleration
SF,Stifel Financial Corporation Common Stock,Financial Services,Capital Markets,United States,その他,73.16999816894531,11.224408064,111.22534836662292,0.11330765968883934,0.1437787255861651,-0.00994234239805505,,1.5319657553480268,0.03703205817616928,55.88821585260183,-0.003839266468636221,0.1723370337601959,False,17,14,30,65,90,S,-20,11.5,9.25,30.75,30.75,Persistence
SFBS,"ServisFirst Bancshares, Inc. Common Stock",Financial Services,Banks - Regional,United States,その他,86.63999938964844,4.7359872,34.13875895950317,0.16357378531830438,0.11992534706347141,-0.1331845646381689,,0.406800687963459,0.0019602655581623485,63.62538256468613,0.08970122633822791,0.02476358666061628,True,40,26,30,85,40,C,-20,26.75,16.25,25.75,26.75,Acceleration
SG,"Sweetgreen, Inc. Class A Common Stock",Consumer Cyclical,Restaurants,United States,その他,8.770000457763672,1.042118592,43.983306295776366,0.003912379252570084,0.15886727130458306,0.24236287637868137,0.1523693327485673,-1.6020529421406327,0.44980611695918304,46.021507096464035,0.08084797156411647,0.46063958583555537,True,0,0,22,100,60,B,-35,0.0,0.0,14.100000000000001,14.100000000000001,Persistence
SGI,Somnigroup International Inc. Common Stock,Consumer Cyclical,"Furnishings, Fixtures & Appliances",United States,その他,78.43000030517578,16.498965504,241.59106714004517,0.5162546391125352,0.0011166605757907987,0.000853450377956596,0.42576071691299405,0.11243851018973998,0.5754049324609721,68.98695463330533,0.09018486679440361,0.19594157642107476,False,54,22,53,65,55,B,0,55.75,31.75,56.400000000000006,56.400000000000006,Persistence
SHAK,"Shake Shack, Inc. Class A Common Stock",Consumer Cyclical,Restaurants,United States,その他,56.470001220703125,2.415872512,115.15786173934937,0.15383743357858165,0.1517884974524911,0.2077178323705199,0.47595388104664343,0.5847543190486875,0.4757524091489915,44.28746430748913,-0.1716783319498383,0.6024079299722241,False,40,26,75,100,43,C,-20,29.299999999999997,18.799999999999997,54.849999999999994,54.849999999999994,Persistence
SHW,Sherwin-Williams Company (The) Common Stock,Basic Materials,Specialty Chemicals,United States,その他,352.4800109863281,86.934126592,1028.832755267334,0.02059874017793363,0.0020215253406443722,0.040769519028033,0.48847685827362847,0.2740015360983103,0.4996814880876545,79.34044856019052,0.11189536998302757,0.05390546037643211,True,31,12,42,40,22,D,0,31.45,17.2,37.5,37.5,Persistence
SITE,"SiteOne Landscape Supply, Inc. Common Stock",Industrials,Industrial Distribution,United States,その他,112.38999938964844,4.9798016,100.51431010414123,0.03616262167995419,0.05565888589230912,0.0714161165774069,0.3475599387859208,0.028499580888516344,0.3043856379674494,58.182367361847696,-0.03209027304622739,0.3115467112425823,False,6,24,42,85,73,A,0,24.55,38.05,58.95,58.95,Persistence
SJM,The J.M. Smucker Company Common Stock,Consumer Defensive,Packaged Foods,United States,その他,116.27999877929688,12.428086272,211.15401258331298,0.037221668328348285,0.06692995219289129,-0.041094123716175025,0.3352705255830912,0.41587068332108745,0.4370691887492756,48.92619413051664,0.11509132704357246,0.006578421635072088,True,9,30,26,65,45,C,-20,1.0,16.75,19.549999999999997,19.549999999999997,Persistence
SKY,"Champion Homes, Inc. Common Stock",Consumer Cyclical,Residential Construction,United States,その他,85.25,4.679737344,78.94277875,0.07255678395521066,0.22650127937108577,-0.22318189491130072,0.26441984067660823,0.41730723761986077,0.05555967358902881,60.318823686806475,0.11332833347519262,0.12528215882589677,True,5,24,30,85,50,B,0,21.5,35.75,47.75,47.75,Persistence
SLB,SLB Limited Common Shares,Energy,Oil & Gas Equipment & Services,United States,電力/エネルギー,45.130001068115234,67.47195392,773.3088865023041,-0.01601036126649949,0.09518635883506865,0.1795592894521377,0.18222807214069675,0.01564945226917058,0.2120726106291463,8.669198388369892,-0.15908808758447282,0.22203064344232085,True,2,12,30,40,51,B,0,12.600000000000001,20.1,36.7,36.7,Persistence
SLGN,Silgan Holdings Inc. Common Stock,Consumer Cyclical,Packaging & Containers,United States,その他,46.38999938964844,4.902483968,45.606472299957275,0.10734497823455846,-0.022295662890632503,-0.06602106621244111,0.17729362475062338,-0.07915275318185877,0.46257418392494776,89.19954242948616,0.16069594591545505,0.16960340646110753,True,35,14,17,85,35,C,0,42.5,26.75,37.6,42.5,Acceleration
SLVM,Sylvamo Corporation Common Stock,Basic Materials,Paper & Paper Products,United States,その他,38.540000915527344,1.531430656,13.923924230766296,-0.11184733633713226,0.013974737973662993,0.025633958103638367,0.21933751119068934,-0.8225806451612904,0.3087224031849439,32.33256951253786,-0.03550172154078189,0.28832300220152185,False,0,0,21,100,63,B,-5,16.3,16.3,44.15,44.15,Persistence
SM,SM Energy Company Common Stock,Energy,Oil & Gas E&P,United States,電力/エネルギー,26.850000381469727,6.437252608,109.01704279885293,0.17484088356420815,0.12986463620981387,-0.2934649090560225,0.3333333333333333,1.3302696078431373,0.2934183508051443,20.969872410207188,-0.10945118226162649,0.22336538633414052,True,51,27,30,85,63,B,0,57.3,39.3,50.35,57.3,Acceleration
SMG,Scotts Miracle-Gro Company (The) Common Stock,Basic Materials,Agricultural Inputs,United States,その他,68.8499984741211,4.005826304,57.41539072753906,-0.03929405804036367,0.0003942218342578774,-0.09500267577278866,0.3059388825407987,-0.5305912596401028,0.8680525164113786,70.85575408253393,0.11847918637809692,0.015162425010181984,True,7,42,19,85,10,D,-20,0.0,25.25,13.700000000000003,25.25,Transition
SMR,NuScale Power Corporation Class A Common Stock,Industrials,Specialty Industrial Machinery,United States,電力/エネルギー,9.760000228881836,3.377992704,334.63258784747126,-0.15024969631529222,0.6240683910565541,0.9323957980345645,0.3631309762063598,-3.232526906448349,,51.51515566336486,-0.145508648015883,0.8173310841636588,False,4,0,12,85,43,C,-10,10.05,7.050000000000001,26.450000000000003,26.450000000000003,Persistence
SN,"SharkNinja, Inc. Ordinary Shares",Consumer Cyclical,"Furnishings, Fixtures & Appliances",United States,その他,151.47000122070312,21.436092416,274.1243494091797,0.1574617188787331,0.29972165474374135,0.14428065463556722,0.4901387488537608,0.605586940112849,0.16852680115316873,69.9497456997455,0.23315575434214733,0.0052538453359884645,True,25,26,85,65,25,D,0,31.0,31.75,68.0,68.0,Persistence
SNA,Snap-On Incorporated Common Stock,Industrials,Tools & Accessories,United States,その他,412.0899963378906,21.34705152,151.56670065307617,0.009337561663143059,1.957598418260478e-05,0.05488900361383583,0.517290199957332,-0.11313932980599647,0.15357274467149293,71.83814121883591,0.08755182111199243,0.0,True,26,0,45,65,25,D,0,31.75,12.25,46.0,46.0,Persistence
SNAP,Snap Inc. Class A Common Stock,Communication Services,Internet Content & Information,United States,その他,4.840000152587891,8.0206592,235.86240343589782,0.10632469367131483,0.16397397807045633,0.0009274536941362892,0.5499285418886825,0.9994557611568963,0.539624621734189,40.31620903487772,-0.11884647092178573,0.5323671522511965,False,28,39,42,85,55,B,0,39.25,47.5,55.35,55.35,Persistence
SNDR,"Schneider National, Inc. Common Stock",Industrials,Trucking,United States,その他,35.79999923706055,6.269449728,38.84819017210007,0.07254512805972971,-0.03789848878866683,-0.1673884077281812,0.08626614736619495,0.2452316076294278,0.0830561352038181,35.246964919527144,0.05558304879725303,0.07393744252045581,True,35,12,30,85,62,B,0,45.2,27.95,50.15,50.15,Persistence
SNOW,Snowflake Inc. Common Stock,Technology,Software - Application,United States,ソフトウェア,260.1499938964844,90.167984128,1907.4496724983214,0.2916256250006894,0.2921468781812435,0.35864099544019606,0.6716860100436683,0.26374127313777923,0.3001495210235538,63.28670403112168,0.3111896609224571,0.07142350622524382,True,32,31,93,40,37,C,0,33.7,32.95,68.55000000000001,68.55000000000001,Persistence
SNX,TD SYNNEX Corporation Common Stock,Technology,Electronics & Computer Distribution,United States,その他,244.63999938964844,19.561109504,240.8737665990448,0.06938376357830493,0.015585327365195311,-0.07680624588070571,0.06989466930726371,0.3326357264255543,0.1346081787403063,28.011934896130043,-0.029780004991177948,0.15682088978289122,True,35,24,30,65,73,A,0,43.3,35.05,47.35,47.35,Persistence
SO,Southern Company (The) Common Stock,Utilities,Utilities - Regulated Electric,United States,電力/エネルギー,97.9800033569336,110.452965376,692.7862299358368,0.10585990121239336,0.05825050489050806,-0.13750469619864067,0.4846885256995906,-4.523409363745499,0.47569355253018236,68.52873416946491,0.04791165950576612,0.003216036796397356,True,43,2,10,25,55,B,0,41.5,10.75,22.75,41.5,Acceleration
SON,Sonoco Products Company Common Stock,Consumer Cyclical,Packaging & Containers,United States,その他,57.41999816894531,5.677040128,75.71716768547059,0.4171980627157604,-0.025004658705273214,-0.07132235493939833,0.20939815418860017,-0.2152720092598897,0.4112148050757127,87.0828778828884,0.14395306403420452,0.0,True,44,20,25,85,10,D,0,46.75,28.75,37.0,46.75,Acceleration
SPB,"Spectrum Brands Holdings, Inc. Common Stock",Consumer Defensive,Household & Personal Products,United States,その他,84.98999786376953,1.954395648,35.09916931777954,-0.052262222072269646,0.015451555433739893,-0.06822027134876296,0.3673549305802777,0.39376053962900504,0.19357320392945912,53.13173931688893,0.045388724505523,0.028574694948475643,True,9,12,34,100,75,A,-5,24.25,26.5,53.7,53.7,Persistence
SPGI,S&P Global Inc. Common Stock,Financial Services,Financial Data & Stock Exchanges,United States,その他,439.8900146484375,130.207440896,1215.7976270833374,0.07939189189189189,0.13691285908618067,0.11769966908147751,0.7024647887323944,-0.01958670260557053,0.2219281045751634,69.14489558373697,0.10649305598559093,0.16890248177552764,True,12,12,57,25,50,B,-20,0.0,0.0,27.6,27.6,Persistence
SPH,"Suburban Propane Partners, L.P. Common Stock",Utilities,Utilities - Regulated Gas,United States,その他,17.510000228881836,1.161666944,5.666236074066162,0.07937629787246868,-0.07138429072610157,-0.0481336561291805,0.6064929027069816,0.129898374787457,0.5790937841041618,36.81318431796404,-0.07308833993254236,0.1433463908327079,False,32,24,34,100,70,A,-5,41.0,35.0,52.7,52.7,Persistence
SPHR,Sphere Entertainment Co. Class A Common Stock,Communication Services,Entertainment,United States,その他,163.7899932861328,5.862404608,125.32718916275024,0.18809822678010962,0.7895321096280961,-0.05937825278048701,0.5164284923916741,1.6172986739320838,0.2283798125754767,65.5369819931696,0.1422724793613342,0.05340117643386144,True,31,76,46,85,37,C,0,39.7,73.45,53.949999999999996,73.45,Transition
SPXC,"SPX Technologies, Inc. Common Stock",Industrials,Building Products & Equipment,United States,その他,227.74000549316406,11.401766912,234.10647734672546,0.1417410151721357,0.13938662991040662,0.1918680265589705,0.4051476755993113,-0.02702702702702703,0.13915552349775287,46.67898721236637,0.030680574895665228,0.07576802033795112,True,27,14,66,65,87,S,0,38.7,28.950000000000003,69.95,69.95,Persistence
SR,Spire Inc. Common Stock,Utilities,Utilities - Regulated Gas,United States,その他,79.68000030517578,4.710426112,62.57270423965454,-0.04496721943694562,-0.027491280051007014,0.21278144189219922,0.41544177031174284,-7.739726027397261,0.4469776161308994,56.451625847271956,-0.04160380132654417,0.1542436672844478,False,7,12,6,85,90,S,0,27.0,30.75,42.55,42.55,Persistence
SRE,DBA Sempra Common Stock,Utilities,Utilities - Diversified,United States,その他,93.05999755859375,60.834009088,408.7083420776367,0.03921122487675389,-0.21142344497607657,0.1579749290117044,0.4661363304627062,-0.8279927448609432,0.31585165677591587,59.02432398810838,0.018738863165616692,0.060400378780613294,True,26,0,14,40,87,S,0,34.2,14.700000000000001,35.10000000000001,35.10000000000001,Persistence
SSB,SouthState Bank Corporation Common Stock,Financial Services,Banks - Regional,United States,その他,100.16000366210938,9.782431744,87.68958240615845,0.5699702063005246,-0.019702605727967976,0.05414539021599394,,-0.5157207872259547,0.010212089715597976,59.32680465211338,0.04124866833273574,0.06528394867644503,True,36,22,33,85,87,S,-20,28.450000000000003,17.950000000000003,36.80000000000001,36.80000000000001,Persistence
SSD,"Simpson Manufacturing Company, Inc. Common Stock",Basic Materials,Lumber & Wood Production,United States,その他,200.72000122070312,8.257284608,74.72906005447388,0.045099789932437004,0.008282579795943903,0.04617768551103995,0.4585053720666253,0.8859907606319272,0.1586338090580962,59.32747271731886,0.05107014850148264,0.043052150672451835,True,35,24,50,85,72,A,0,46.2,37.95,63.15,63.15,Persistence
ST,Sensata Technologies Holding plc Ordinary Shares,Technology,Scientific & Technical Instruments,United States,その他,45.34000015258789,6.59388928,91.19687630691529,-0.058050244100895036,-0.02992032756962088,0.006164404300340856,0.2926980699149683,0.24790022906592007,0.42441162966364027,35.700710181608045,-0.04001427564955394,0.15331464428463953,True,8,12,22,85,90,S,0,27.75,30.75,51.35,51.35,Persistence
STC,Stewart Information Services Corporation Common Stock,Financial Services,Insurance - Property & Casualty,United States,その他,67.95999908447266,2.06782464,18.666572948532103,0.17315038152214546,0.10325334098835755,-0.26454111952708376,,0.39034695872441955,0.23633725353963733,60.37565541669946,0.015635246501870894,0.0984786487583357,True,40,26,30,100,80,S,-20,33.0,22.5,37.5,37.5,Persistence
STT,State Street Corporation Common Stock,Financial Services,Asset Management,United States,その他,170.69000244140625,47.241367552,428.8850880844116,0.0809660190417215,0.08154039347007117,-0.014845360824742268,,1.7670486700622523,0.0791264509748748,62.45757179597452,0.07850541902709421,0.01260797561835466,True,12,37,30,40,40,C,-20,0.0,17.75,14.5,17.75,Transition
STZ,"Constellation Brands, Inc. Common Stock",Consumer Defensive,Beverages - Brewers,United States,その他,137.47000122070312,23.4804736,356.1421574624634,-0.10478317513493393,0.024784677467927483,0.053868776844466074,0.5155378050114893,-0.07435116867034725,0.5115225679779001,41.441991141483875,-0.05301936140500936,0.19813556452762787,False,8,35,25,65,80,S,-20,3.75,24.0,26.0,26.0,Persistence
SVV,"Savers Value Village, Inc. Common Stock",Consumer Cyclical,Specialty Retail,United States,その他,9.970000267028809,1.535242112,8.375049474310876,0.09191950921458335,0.024907865294361137,0.04384826635143042,0.552771547046554,0.7126307264340294,0.6868924012139916,50.0,0.12568876973621312,0.2727935638739544,True,35,12,40,100,53,B,-15,31.549999999999997,14.3,42.6,42.6,Persistence
SWK,"Stanley Black & Decker, Inc. Common Stock",Industrials,Tools & Accessories,United States,その他,91.9000015258789,14.28636672,167.0622557738495,-0.015313327736451967,-0.026322626432884907,-0.0688188158655605,0.30325040977105694,-0.08645418326693227,0.2822860424502323,67.17587044679598,0.14325471511111246,0.023586922608581674,True,34,12,25,65,25,D,0,37.75,21.25,35.0,37.75,Acceleration
SWX,"Southwest Gas Holdings, Inc. Common Stock (DE)",Utilities,Utilities - Regulated Gas,United States,その他,89.80999755859375,6.499986944,61.758293871154784,-0.2160764959502524,-0.023466324955734336,-0.48897350791097355,0.46314639400529795,-1.4944912508101102,0.3363555046911748,58.128964974828584,0.009256967054815783,0.038153868730728374,True,14,26,14,85,87,S,0,31.950000000000003,40.95,46.35000000000001,46.35000000000001,Persistence
SXI,Standex International Corporation Common Stock,Industrials,Specialty Industrial Machinery,United States,その他,327.8699951171875,3.972119296,77.55436864501954,0.09640386603481652,-0.027546123867819627,0.007763766099717274,0.39899406029816215,-0.4298902678349319,0.3852885989992852,59.84322728895662,0.14914572206992782,0.08331707213852814,True,22,0,25,85,70,A,0,36.25,19.75,49.0,49.0,Persistence
SXT,Sensient Technologies Corporation Common Stock,Basic Materials,Specialty Chemicals,United States,その他,124.48999786376953,5.29940992,66.02576016700745,0.03524403619765378,0.06919427374781147,0.013507636188022733,0.3345303145999252,-0.6077456375907453,0.31619459952756895,50.42588777254445,0.06964818704887073,0.0,True,4,12,37,85,60,B,0,21.75,27.75,53.6,53.6,Persistence
SYF,Synchrony Financial Common Stock,Financial Services,Credit Services,United States,その他,76.33000183105469,25.67514112,264.78572315185545,-0.004981402763018066,0.10486534086739561,0.16729484324139113,,,0.1274780637306352,64.49276644301833,0.03784874869596521,0.13019430800258802,True,0,12,10,65,80,S,-20,0.0,6.75,17.75,17.75,Persistence
SYY,Sysco Corporation Common Stock,Consumer Defensive,Food Distribution,United States,その他,84.83000183105469,40.564232192,310.3853419996643,0.032037948353711126,0.03300360301342942,0.11202575907686928,0.1839621482118717,-0.2563745943439963,0.54134608201987,78.27424274454141,0.11571888059119594,0.05620872868979678,True,0,0,29,40,22,D,-20,0.0,0.0,10.350000000000001,10.350000000000001,Persistence
T,AT&T Inc.,Communication Services,Telecom Services,United States,その他,20.579999923706055,142.996815872,1464.3551798713588,0.027072979335600315,-0.0007514620838370308,0.013972055888223553,0.5955367375525277,0.05046466392911174,0.3689760541459026,30.098670846941758,-0.1457532579465332,0.2853817228386233,False,28,24,34,25,41,C,0,28.85,25.85,33.150000000000006,33.150000000000006,Persistence
TALO,"Talos Energy, Inc. Common Stock",Energy,Oil & Gas E&P,United States,電力/エネルギー,13.59000015258789,2.268521984,28.903959774532318,-0.0980447595421085,0.3537190150670217,-0.11749173718810155,0.09924047930699355,,0.22366521092993102,34.68354308133394,-0.08760103612307622,0.18083182473823106,True,0,0,10,100,80,S,0,23.0,23.0,46.5,46.5,Persistence
TAP,Molson Coors Beverage Company Class B Common Stock,Consumer Defensive,Beverages - Brewers,United States,その他,39.779998779296875,7.460792832,135.9921027268982,-0.041816461684011354,-0.006417651532630895,0.0935520044855621,0.3836887835703002,-0.1362239119883514,0.27936442317841187,43.57541375591917,-0.023191162617124082,0.2521006878564424,False,4,0,25,85,73,A,-20,3.0500000000000007,0.05000000000000071,29.6,29.6,Persistence
TDAY,"USA TODAY Co., Inc. Common Stock",Communication Services,Publishing,United States,その他,8.829999923706055,1.298958848,14.462480275039672,-0.08252810029828858,-0.05790580240656267,-0.09566180457494526,0.3872069901043599,0.2388333070742083,0.6173089086512973,76.6055206409396,0.1447313713184713,0.003385974507186625,True,9,47,24,100,10,D,-15,7.75,36.25,25.200000000000003,36.25,Transition
TDC,Teradata Corporation Common Stock,Technology,Software - Infrastructure,United States,ソフトウェア,34.560001373291016,3.252096256,117.59144147266387,-0.04971428571428571,-0.045280960174577195,0.02116991643454039,0.5935057125676488,0.02888086642599278,0.31309724564362,57.94224386025132,0.08671731259379695,0.0876451848260048,True,10,24,34,85,85,S,0,28.75,39.25,56.95,56.95,Persistence
TDG,Transdigm Group Incorporated Common Stock,Industrials,Aerospace & Defense,United States,防衛/宇宙,1348.489990234375,75.425882112,546.0777639953614,0.11221662468513854,0.20577069096431283,0.21293055811383313,0.6014041444909977,-0.03404255319148936,1.3108385350735519,70.4031178435938,0.0935258995918828,0.1108174938302808,True,20,14,64,40,50,B,-20,6.0,1.5,35.2,35.2,Persistence
TDS,"Telephone and Data Systems, Inc. Common Shares",Communication Services,Telecom Services,United States,その他,36.189998626708984,4.120231424,42.39459294126511,-0.05302402970597805,-0.04290048136207091,-0.749655828560872,0.5902482236300558,-0.7435922698688568,0.16722842698102225,24.11430418747375,-0.11803458717802873,0.23807910299651155,False,11,25,33,85,53,B,0,26.3,36.8,50.00000000000001,50.00000000000001,Persistence
TDW,Tidewater Inc. Common Stock,Energy,Oil & Gas Equipment & Services,United States,電力/エネルギー,68.12000274658203,3.387652096,59.31038339138031,0.005164823325296192,0.3325296910350154,0.5593792651972258,0.2982326842530896,0.38626163237763445,0.28457826873310316,36.98807192324004,-0.11739246225934144,0.25241439098686536,True,5,24,53,85,63,B,0,22.8,37.05,63.00000000000001,63.00000000000001,Persistence
TDY,Teledyne Technologies Incorporated Common Stock,Technology,Scientific & Technical Instruments,United States,その他,652.0800170898438,30.210304,224.01882947113037,0.07855379188712522,0.006121905775885015,0.032407577034404424,0.4275762828269614,-0.03086085544125609,0.1728523483346745,63.11891520904708,0.03798398302564217,0.05302140365342272,True,22,12,41,40,67,A,0,29.2,21.7,45.949999999999996,45.949999999999996,Persistence
TE,T1 Energy Inc. Common Stock,Industrials,Electrical Equipment & Parts,United States,電力/エネルギー,8.5600004196167,2.390563328,309.48715757125854,3.0,,,0.0735884654340357,1.1084563968056649,0.39983951700595,50.653121810415016,0.08778534138322268,0.28903650774602957,True,47,83,26,100,68,A,0,57.05,84.05,52.9,84.05,Transition
TEX,Terex Corporation Common Stock,Industrials,Farm & Heavy Construction Machinery,United States,その他,68.16000366210938,7.785001984,108.38292582321166,0.05734347571679345,-0.004852484472049689,0.16613852421910366,0.19387566869581258,0.7037037037037037,0.42091545854373674,60.362102256195946,0.08104042087037962,0.08608203286838835,True,27,12,22,85,65,A,-20,19.5,8.25,26.35,26.35,Persistence
TFC,Truist Financial Corporation Common Stock,Financial Services,Banks - Regional,United States,その他,50.97999954223633,63.514927104,578.3132913071632,0.5302756439222774,-0.33682948756368,0.0024533119711610675,,,0.11744390343683908,51.434030372421574,0.03795163008605546,0.06758154710104405,True,36,22,10,40,87,S,-20,21.700000000000003,11.200000000000003,12.900000000000006,21.700000000000003,Acceleration
TFIN,"Triumph Financial, Inc. Common Stock",Financial Services,Banks - Regional,United States,その他,77.01000213623047,1.833319552,19.77847884864807,0.019954709643573078,-0.004589694267912624,-0.13783823972837558,,2.0928331936295055,0.061572695181071085,56.37440609498294,0.10230340613292829,0.029000069261937104,True,42,37,30,100,45,C,-25,26.0,22.25,25.5,26.0,Acceleration
TGLS,Tecnoglass Inc. Ordinary Shares,Basic Materials,Building Materials,United States,その他,45.619998931884766,2.023922816,13.251697289733887,0.10495505970134164,0.06830480099368148,0.16285219866865763,0.4284320004879983,-0.6208268750893161,0.13617112771264814,61.34879478604187,0.0641556319117074,0.44704713962356696,False,27,2,49,100,30,D,0,38.25,19.5,57.95,57.95,Persistence
TGT,Target Corporation Common Stock,Consumer Defensive,Discount Stores,United States,その他,130.2100067138672,59.140227072,626.5829222577668,-0.01675956684120639,-0.007876214948050497,-0.0156524926686217,0.2793376598587517,-0.36662198391420914,0.3410657253319886,46.844983140435616,0.01827778653452274,0.07783279371035295,True,0,0,21,40,87,S,0,14.700000000000001,14.700000000000001,38.95,38.95,Persistence
THG,Hanover Insurance Group Inc,Financial Services,Insurance - Property & Casualty,United States,その他,221.61000061035156,7.753422336,75.50806745796204,0.05637948783940291,0.042475056594281885,0.09766423088958015,,0.46998241647827177,0.07189349636195186,86.29761211804929,0.1476617435639906,0.0,True,23,24,42,85,10,D,-20,11.0,11.75,26.35,26.35,Persistence
THO,"Thor Industries, Inc. Common Stock",Consumer Cyclical,Recreational Vehicles,United States,その他,76.5,3.982388992,69.002235,-0.046191292836057246,-0.09694616919050802,-0.31821683031903397,0.13994909958672122,0.12077218517268479,0.1306357960982177,50.8267058223704,0.00736805709267715,0.3555404229829,False,32,12,30,85,73,A,0,44.05,29.05,52.35,52.35,Persistence
TIC,"TIC Solutions, Inc. Common Stock",Industrials,Specialty Business Services,United States,その他,8.109999656677246,1.792655488,14.750994525542259,0.45734564885525264,,-1.0,0.29364188366172295,-0.16843134060921974,0.3896063720725727,44.44443932542599,-0.06296942669021993,0.44030367254785585,False,14,8,21,100,55,B,-5,26.0,21.5,42.55,42.55,Persistence
TJX,"TJX Companies, Inc. (The) Common Stock",Consumer Cyclical,Apparel Retail,United States,その他,154.25999450683594,170.411687936,990.9854872112275,0.07118523775727466,0.039526347824483096,0.08572973405959629,0.30963029218843174,0.1712720343020486,0.3771353482260184,20.39526579378804,-0.0177528910420236,0.08402119142318534,True,24,24,42,25,73,A,0,29.05,29.05,43.95,43.95,Persistence
TKO,"TKO Group Holdings, Inc. Class A Common Stock",Communication Services,Entertainment,United States,その他,194.4199981689453,37.158772736,338.7894841092682,-0.030524701790923092,0.5145891399021829,1.8284037058379314,0.5980797655660822,1.4798979596204302,0.26220198336054606,36.113297068642424,-0.003095862623776078,0.12889494746436583,False,30,46,42,40,80,S,0,36.5,48.5,49.1,49.1,Persistence
TKR,Timken Company (The) Common Stock,Industrials,Tools & Accessories,United States,その他,139.16000366210938,9.670856704,153.62568604278565,0.001924338508637656,-0.04109876284336339,0.06055551849133809,0.30409446069230434,0.328426561988878,0.3079169662113587,52.79012252504347,0.1104871257086406,0.042389233083136246,True,27,12,30,85,57,B,0,38.7,27.45,49.15,49.15,Persistence
TMHC,Taylor Morrison Home Corporation Common Stock,Consumer Cyclical,Residential Construction,United States,その他,71.86000061035156,6.611116544,308.8686546234131,-0.005711951906775303,0.10114883986976786,-0.09812694766403114,0.230279210193216,3.0,0.24015864527393685,47.9337436000908,0.1046038035785473,0.0016671678380864063,True,12,12,30,85,45,C,0,26.25,26.25,46.75,46.75,Persistence
TMP,Tompkins Financial Corporation Common Stock,Financial Services,Banks - Regional,United States,その他,94.54000091552734,1.3597632,9.479998591804504,-0.13924235032658483,0.36961817397235486,-0.2903458426766504,,-0.6400396588438095,0.0651163531169087,60.86956306480928,0.08502812568916737,0.01438696079817849,True,0,12,25,100,40,C,-25,0.0,3.0,21.75,21.75,Persistence
TNC,Tennant Company Common Stock,Industrials,Specialty Industrial Machinery,United States,その他,87.4800033569336,1.490563328,14.952519573783874,-0.06466153726587394,0.03465744612415568,0.13861930049441495,0.40240963855421685,-0.3718887262079063,0.2606982425723067,49.876919227985105,0.029533417315945824,0.040263281486652994,True,4,0,25,100,87,S,-5,21.700000000000003,18.700000000000003,51.150000000000006,51.150000000000006,Persistence
TNET,"TriNet Group, Inc. Common Stock",Industrials,Staffing & Employment Services,United States,その他,55.209999084472656,2.536603648,19.92611681957245,-0.008509796160696616,0.011814177012414898,0.017729773792541266,0.17684630738522955,0.16417910447761194,0.24809059784040033,69.8081095879399,0.23989630412077836,0.24052158690543785,True,2,12,30,100,50,B,0,21.5,29.0,51.5,51.5,Persistence
TNL,Travel   Leisure Co. Common  Stock,Consumer Cyclical,Travel Services,United States,その他,76.58999633789062,4.7810944,59.93703343414307,0.040631469979296064,0.0304,0.051303616484440706,0.8985327033076349,0.36553524804177545,0.848224852071006,62.649738267186834,0.11481573992022351,0.01931026438500839,True,38,12,47,85,25,D,-20,23.75,4.25,32.1,32.1,Persistence
TOL,"Toll Brothers, Inc. Common Stock",Consumer Cyclical,Residential Construction,United States,その他,157.13999938964844,14.688032768,193.53440894828796,0.011061664610749405,0.0852234486320424,-0.02730956314002607,0.2511448497422612,0.09577117084025609,0.20084572405833498,61.745913480802514,0.09642297347772308,0.05230009163814363,True,2,12,30,65,52,B,0,16.45,23.95,43.15,43.15,Persistence
TOST,"Toast, Inc. Class A Common Stock",Technology,Software - Infrastructure,United States,ソフトウェア,28.81999969482422,16.715599872,408.0357171792984,0.24052419354838708,0.2833117723156533,0.4152325155620652,0.25889809848854217,0.9869281045751634,0.006359300476947536,77.79273251239456,0.11415227812551558,0.4154158186444918,False,21,36,85,65,0,D,0,25.5,36.75,63.00000000000001,63.00000000000001,Persistence
TPB,"Turning Point Brands, Inc. Common Stock",Consumer Defensive,Tobacco,United States,その他,85.94000244140625,1.664445952,45.43948719085694,0.283929462651805,0.10950458986538035,0.011938523607768913,0.5707961352907386,-0.2977946475760342,0.40454860883797056,56.87615184355762,0.017662553375248646,0.3977680642667126,False,47,17,45,100,73,A,-5,52.55,30.049999999999997,59.349999999999994,59.349999999999994,Persistence
TPC,Tutor Perini Corporation Common Stock,Industrials,Engineering & Construction,United States,その他,76.75,4.051744,45.48013125,0.28105822106337947,0.11512084215691505,0.023602686008460057,0.11681588384999636,0.21683846954208544,0.07894199350363207,56.837975765381564,-0.038859687832102474,0.21066836065506883,True,50,66,50,85,100,S,0,60.25,72.25,68.75,72.25,Transition
TPL,Texas Pacific Land Corporation Common Stock,Energy,Oil & Gas E&P,United States,電力/エネルギー,407.20001220703125,28.086388736,188.66187365570067,0.1308642535026487,0.11752467958106065,-0.05367968092151592,0.8545947706686378,-0.508631630453065,0.009964405357554282,62.77224393520394,0.0193465833723905,0.24563250748904417,True,50,14,40,65,80,S,0,55.25,28.25,54.25,55.25,Acceleration
TPR,"Tapestry, Inc. Common Stock",Consumer Cyclical,Luxury Goods,United States,その他,144.2100067138672,29.136871424,443.02323532546995,0.05089039453171843,0.0015463375820084374,-0.003530555763333084,0.7544039824839175,-0.046045173105432984,0.5925385608996276,47.892870221819194,0.019302294225596494,0.09645732995572893,True,45,0,32,65,100,S,0,53.5,19.75,53.85,53.85,Persistence
TR,"Tootsie Roll Industries, Inc. Common Stock",Consumer Defensive,Confectioners,United States,その他,40.779998779296875,3.065480704,14.451208167419434,0.012868889973548741,-0.05998193315266486,0.11993973535962268,0.352810283349078,-0.20299937133970816,0.011072726721755176,60.49688671703466,0.02957336081951404,0.08772701151828458,True,22,12,29,85,80,S,0,37.25,29.75,53.2,53.2,Persistence
TREX,"Trex Company, Inc. Common Stock",Industrials,Building Products & Equipment,United States,その他,48.470001220703125,5.035971584,100.19549007339478,0.019816770000234487,0.05170815381650419,-0.010131613327872425,0.3917030794529694,2.343278108551212,0.12888999278264476,57.74545628066843,0.1444668207142048,0.2923054061541557,True,16,25,34,85,53,B,0,30.05,36.8,50.550000000000004,50.550000000000004,Persistence
TRGP,"Targa Resources, Inc. Common Stock",Energy,Oil & Gas Midstream,United States,電力/エネルギー,258.8800048828125,55.567015936,344.2185040924072,0.03948356377621097,0.019999626407974945,-0.23265869716863039,0.2939342153943729,-0.14592776721742945,0.6948101386289376,40.591947309474726,-0.009325701735744348,0.06457089473238482,True,33,19,15,40,87,S,-10,29.450000000000003,18.950000000000003,25.650000000000006,29.450000000000003,Acceleration
TRU,TransUnion Common Stock,Financial Services,Financial Data & Stock Exchanges,United States,その他,78.30999755859375,15.098167296,229.74469618743896,0.0938142358621349,0.09203382752140321,0.03269629909161972,0.5909359089220549,0.28043352041803754,0.4641812668160426,76.36973384855438,0.12400120604255113,0.2058261119984055,True,43,24,42,65,35,C,-20,25.5,11.25,26.35,26.35,Persistence
TRV,"The Travelers Companies, Inc. Common Stock",Financial Services,Insurance - Property & Casualty,United States,その他,342.30999755859375,72.790401024,736.2095348492431,0.051692943913155855,0.12218113262272497,0.12134106678230702,,,0.06448492777020068,88.63408797486889,0.12269503419318159,0.0,True,0,12,22,40,10,D,-20,0.0,0.0,4.100000000000001,4.100000000000001,Persistence
TSLX,"Sixth Street Specialty Lending, Inc. Common Stock",Financial Services,Asset Management,United States,その他,17.290000915527344,1.64288896,13.117145644569398,-0.14390016365318176,-0.07473135190888276,1.0030917562934092,,,0.509471001605948,63.07209812376587,0.0002136863380794991,0.24272233806786073,False,0,0,10,100,70,A,-25,0.0,0.0,19.5,19.5,Persistence
TSN,"Tyson Foods, Inc. Common Stock",Consumer Defensive,Farm Products,United States,その他,58.88999938964844,20.73690112,231.67649654884337,0.021234688326548987,0.008093644220041225,-0.007525993769002665,0.06542862915817123,-0.19272976680384088,0.24087511593649408,66.2337503963318,-0.048559200936410946,0.14341819069602274,False,30,0,25,65,70,A,-20,19.25,0.0,24.0,24.0,Persistence
TTC,Toro Company (The) Common Stock,Industrials,Tools & Accessories,United States,その他,97.08000183105469,9.244883968,107.02439181861878,-0.01601291504864959,0.0067205481858912414,0.008527698407424636,0.333628946434906,0.2399228130360206,0.3027509596370827,65.80679883162227,0.05155010329354452,0.03771803306062122,True,9,12,30,85,52,B,0,24.7,26.95,48.15,48.15,Persistence
TTI,"Tetra Technologies, Inc. Common Stock",Industrials,Conglomerates,United States,その他,9.300000190734863,1.374748544,18.381775876994134,0.05311369679408323,-0.04335405948309174,0.13204498086632094,0.24717243696626578,1.8087334437086093,0.3334714492253918,36.72056429303911,-0.0832560952020379,0.24512983594943544,True,30,25,26,100,80,S,-5,40.5,36.75,50.3,50.3,Persistence
TWLO,Twilio Inc. Class A Common Stock,Technology,Software - Infrastructure,United States,ソフトウェア,209.30999755859375,31.767785472,487.92567495880127,0.13664851517574106,0.07320535057637981,0.08562376235553681,0.4891703932333706,0.43801020602170493,0.11069329406021355,52.76464828251565,0.09447829209294492,0.11549189444534037,True,39,56,50,40,85,S,0,43.75,56.5,54.5,56.5,Transition
TXNM,"TXNM Energy, Inc. Common Stock",Utilities,Utilities - Regulated Electric,United States,電力/エネルギー,56.939998626708984,6.303670784,133.96643586896897,0.09862373103882459,0.01650218286116219,-0.13796373060449735,0.6239500629385031,0.17248785663726635,0.47313485003464134,46.323511880970116,-0.025918257803516764,0.04270344544511483,False,44,12,14,85,77,A,0,53.45,29.45,44.35,53.45,Acceleration
TXT,Textron Inc. Common Stock,Industrials,Aerospace & Defense,United States,防衛/宇宙,92.5,16.084729856,153.6272375,0.08006130491898993,0.0013885843747716143,0.06325277799362809,0.18210689911480504,0.42923076923076925,0.21391141265375918,46.471591120487965,0.01673151691193988,0.08167152966326936,True,23,24,42,65,100,S,0,37.0,37.75,59.35,59.35,Persistence
TY,Tri Continental Corporation Common Stock,Financial Services,Asset Management,United States,その他,34.939998626708984,1.8599744,1.3974252450752258,-0.20686401711696337,0.2668417127469365,1.8713792324888325,,,,61.81475207884201,0.026255706657455018,0.004841981791149729,True,0,0,8,100,55,B,-25,0.0,0.0,15.399999999999999,15.399999999999999,Persistence
TYL,"Tyler Technologies, Inc. Common Stock",Technology,Software - Application,United States,ソフトウェア,318.1000061035156,13.086811136,317.77872509735107,0.09099856254294712,0.09532568447512003,0.05488421817269879,0.46464066131010057,0.08013440125840225,0.1139596531810769,60.8959526865762,0.022142700646730084,0.4800248446684431,False,10,24,50,65,45,C,0,21.75,32.25,52.75,52.75,Persistence
UA,"Under Armour, Inc. Class C Common Stock",Consumer Cyclical,Apparel Manufacturing,United States,その他,6.480000019073486,2.762585344,24.84478371712911,-0.038328450460952186,-0.0942792717979459,-0.034097979643123645,0.4548307919063622,0.2887681302439003,0.4392589250976177,66.16915859582116,0.13369957121078918,0.17766498414153398,True,31,12,10,100,50,B,-10,33.25,19.0,30.5,33.25,Acceleration
UAA,"Under Armour, Inc. Class A Common Stock",Consumer Cyclical,Apparel Manufacturing,United States,その他,6.630000114440918,2.826534144,59.24674182266235,-0.038328450460952186,-0.0942792717979459,-0.034097979643123645,0.4548307919063622,0.2887681302439003,0.4392589250976177,64.76189935558875,0.1265547678970338,0.1855037057978124,True,31,12,10,100,50,B,-10,33.25,19.0,30.5,33.25,Acceleration
UBER,"Uber Technologies, Inc. Common Stock",Technology,Software - Application,United States,ソフトウェア,74.43000030517578,151.509630976,1728.406396236763,0.18279594342625857,0.17963573938467317,0.16952661793769802,0.39754311090604993,0.4159535895576505,0.1954629300022653,59.32009175095288,0.01670883551311849,0.25644354206041065,False,47,33,79,25,73,A,0,46.3,35.8,64.30000000000001,64.30000000000001,Persistence
UEC,Uranium Energy Corp. Common Stock,Energy,Uranium,United States,電力/エネルギー,10.770000457763672,5.329775616,139.50710077955247,3.0,-0.9986373784133975,3.0,0.36621930966380895,0.36175226311240505,,51.6509471626282,-0.17934099997296726,0.46524325798643074,False,62,52,12,85,43,C,-10,53.55,46.05,26.450000000000003,53.55,Acceleration
UGI,UGI Corporation Common Stock,Utilities,Utilities - Regulated Gas,United States,その他,35.150001525878906,7.535939072,54.66739137313843,0.010679611650485437,-0.19242831541218638,-0.1165644171779141,0.49855907780979825,0.010362694300518135,0.46138921226232055,57.51883053547584,0.017159529060084187,0.11659212386629063,False,28,24,30,85,90,S,0,42.75,39.75,55.75,55.75,Persistence
UHAL,U-Haul Holding Company Common Stock,Industrials,Rental & Leasing Services,United States,その他,67.58000183105469,13.211498496,19.65327823249817,0.03588368863195946,0.03608296534779655,-0.04075525888746739,0.8583448758566629,0.3194666605273536,0.3778268484148731,74.06766539179227,0.19653402185080937,0.0,True,20,12,21,65,10,D,0,25.75,19.75,29.8,29.8,Persistence
UHAL-B,U-Haul Holding Company Series N Non-Voting Common Stock ,Industrials,Rental & Leasing Services,United States,その他,59.290000915527344,11.590851584,32.32458240414047,0.03588368863195946,0.03608296534779655,-0.04075525888746739,0.8583448758566629,0.3194666605273536,0.3778268484148731,72.71665175132497,0.16447311503173498,0.0,True,20,12,21,65,10,D,0,25.75,19.75,29.8,29.8,Persistence
UI,Ubiquiti Inc. Common Stock,Technology,Communication Equipment,United States,通信/光通信,525.3800048828125,31.797092352,63.63665309143067,0.334487085751028,-0.006195272175590772,0.14708351165578604,0.43420690137534024,0.18487709166995567,0.2028134591609266,34.01551987354894,-0.2398765555766537,0.5149329074634671,False,44,46,49,40,33,D,0,42.3,43.8,43.550000000000004,43.8,Transition
ULS,UL Solutions Inc. Class A Common Stock,Industrials,Specialty Business Services,United States,その他,96.98999786376953,19.549605888,122.17539060905456,0.06376306620209059,0.07169529499626587,0.0626984126984127,0.4945954798558795,0.40418118466898956,0.23382403286545703,47.25443668622399,0.0032385892359186722,0.07396846225350141,True,16,12,50,65,87,S,0,30.450000000000003,27.450000000000003,61.150000000000006,61.150000000000006,Persistence
UMAC,"Unusual Machines, Inc. Common Stock",Technology,Computer Hardware,United States,その他,22.079999923706055,1.055289856,124.94266036828041,1.0123225640794355,,,0.34885001335361215,,0.014394821466733328,37.9150067073838,0.10692227136172931,0.3393177398727886,True,29,28,14,100,43,C,-15,26.049999999999997,25.299999999999997,26.300000000000004,26.300000000000004,Persistence
UNF,Unifirst Corporation Common Stock,Industrials,Specialty Business Services,United States,その他,273.55999755859375,4.947032576,71.79308575927735,0.0020272460885602927,0.08704877237245791,0.11606479736828164,0.3658812540290221,0.056914246729748166,0.026074499083024526,47.424211993539934,0.04386561231746465,0.007582065605542829,True,6,24,46,85,75,A,0,24.75,38.25,61.55,61.55,Persistence
UNM,Unum Group Common Stock,Financial Services,Insurance - Life,United States,その他,92.33999633789062,14.753737728,147.21534766159058,0.015167981485680332,0.03911054782389692,0.0365221052631579,,-0.5997117117117117,0.05931416228742715,52.26454864521989,0.08896576221740685,0.004205834195236306,True,0,0,37,65,60,B,-20,0.0,0.0,28.6,28.6,Persistence
USB,U.S. Bancorp Common Stock,Financial Services,Banks - Regional,United States,その他,61.72999954223633,96.158777344,636.8313672775269,0.04408267788549479,-0.02420304858458573,0.1583278200463116,,,0.09881345283059746,71.67133666075667,0.102351703398224,0.003712064971511057,True,18,12,10,40,10,D,-20,0.5,0.0,0.0,0.5,Acceleration
USFD,US Foods Holding Corp. Common Stock,Consumer Defensive,Food Distribution,United States,その他,104.29000091552734,22.96691712,336.0135182997513,0.04084272777675106,0.06405034132089783,0.045218310479490265,0.17410714285714285,0.15126050420168066,0.41045686007315496,85.76123079802822,0.16963196521062923,0.0,True,2,24,34,65,10,D,-20,0.0,8.75,16.950000000000003,16.950000000000003,Persistence
UTI,Universal Technical Institute Inc Common Stock,Consumer Defensive,Education & Training Services,United States,その他,48.2400016784668,2.656161024,53.6862978679657,0.1404815425959516,0.20625181097384296,0.45047460986472126,0.4967891950369548,-0.10138480770167378,0.33759936281908975,70.65338408612344,0.22558488315827568,0.0,True,13,14,76,100,10,D,0,25.75,26.5,68.80000000000001,68.80000000000001,Persistence
UUUU,Energy Fuels Inc Ordinary Shares (Canada),Energy,Uranium,United States,電力/エネルギー,13.8100004196167,3.451383552,147.89391839375497,-0.15607957600430142,1.0595338536173804,2.0306032760687174,0.20862534510482084,-0.8837655843722915,0.4785827409671835,38.21892511495849,-0.23096625856576386,0.5018037243253631,False,0,0,10,85,33,D,-10,6.050000000000001,6.050000000000001,23.35,23.35,Persistence
UVE,UNIVERSAL INSURANCE HOLDINGS INC Common Stock,Financial Services,Insurance - Property & Casualty,United States,その他,43.0099983215332,1.200457088,9.42585618215561,0.0548352686158039,0.09266719460297704,0.13816128467649988,,1.9006462035541196,0.03538443389166794,73.72472853772936,0.10951194412123727,0.0,True,12,24,42,100,10,D,-25,0.0,9.0,25.1,25.1,Persistence
UVV,Universal Corporation Common Stock,Consumer Defensive,Tobacco,United States,その他,51.619998931884766,1.286664448,14.134071907539367,-0.0077406860010776025,0.07229606053759532,0.06955690350778886,0.17507992901277838,-0.696372171136992,0.33968238019320024,39.92630236182981,-0.033839954660479545,0.1077323707408113,False,0,0,21,100,80,S,-5,18.0,18.0,47.55,47.55,Persistence
UWMC,UWM Holdings Corporation Class A Common Stock,Financial Services,Mortgage Finance,United States,その他,2.1700000762939453,3.506086912,60.3848959230423,0.09766002898728926,0.7829349635186401,-0.568800246867703,,0.5666889562884595,0.25953216896584236,44.50581932931283,-0.21816330400138034,0.6500940039533022,False,9,24,14,85,43,C,-30,0.0,5.049999999999997,7.550000000000004,7.550000000000004,Persistence
V,Visa Inc.,Financial Services,Credit Services,United States,その他,362.1300048828125,688.6785024,3291.0193778747557,0.1133997661860491,0.10023581294214927,0.11405663596042306,0.803625,0.15428235168244797,0.2526523934274845,86.17735037478063,0.11156088135229134,0.0,True,40,26,71,10,10,D,-20,12.5,2.0,23.550000000000004,23.550000000000004,Persistence
VAC,Marriott Vacations Worldwide Corporation Common Stock,Consumer Cyclical,Resorts & Casinos,United States,その他,100.25,3.442892288,48.01423625,0.013086370042279041,0.05077215993230379,0.01524914089347079,0.3751987281399046,-1.195945945945946,0.582146151480988,66.94213746987914,0.2021610619533894,0.027076871998619245,True,4,0,18,85,25,D,0,18.25,15.25,36.15,36.15,Persistence
VFC,V.F. Corporation Common Stock,Consumer Cyclical,Apparel Manufacturing,United States,その他,16.299999237060547,6.39525632,117.40873150455475,0.010575409553030183,-0.041448199507890436,-0.10583848895143534,0.5477981890447545,0.49011977724910305,0.536411093136331,38.44659590094082,-0.06850703851722338,0.239596192630665,False,46,47,30,85,70,A,0,54.25,55.0,51.75,55.0,Transition
VG,"Venture Global, Inc. Class A common stock",Energy,Oil & Gas Midstream,United States,電力/エネルギー,11.130000114440918,27.650906112,148.05098327229024,1.7693081255028158,-0.37039382043814106,0.22472084367245657,0.50170673251507,0.4122579529737206,0.653014257381282,31.02052563462206,-0.1014556562635752,0.37330125516406937,True,56,34,16,65,63,B,-10,48.05,31.549999999999997,27.650000000000006,48.05,Acceleration
VIRT,"Virtu Financial, Inc. Class A Common Stock",Financial Services,Capital Markets,United States,その他,61.77000045776367,13.29155072,84.20177612400055,0.2624895331825486,0.2544618777669398,-0.030209166732915765,0.6426715761987909,-0.16485152695721142,0.445499161916468,66.86202174520093,0.14412619657962641,0.025863418918071,True,57,24,44,65,25,D,-20,35.0,10.25,25.450000000000003,35.0,Acceleration
VLO,Valero Energy Corporation Common Stock,Energy,Oil & Gas Refining & Marketing,United States,電力/エネルギー,267.760009765625,79.50671872,892.6824189575195,-0.05538916392697931,-0.10282110440296754,-0.1792519687271449,0.04376176775045441,-0.1291551246537396,0.20181761743809065,58.13704396212097,0.07583140762638907,0.006235127154686652,True,30,0,25,40,60,B,0,34.5,12.0,35.75,35.75,Persistence
VLTO,Veralto Corp Common Stock ,Industrials,Pollution & Treatment Controls,United States,その他,92.55000305175781,22.730213376,241.49997796325684,0.05969574427113422,0.03425612427803226,0.031006160164271046,0.599491186625477,0.23658536585365852,0.3742363187313142,76.71008422138891,0.07589758643918525,0.15222465381282865,False,43,24,46,65,40,C,0,46.0,31.75,49.55,49.55,Persistence
VMC,Vulcan Materials Company (Holding Company) Common Stock,Basic Materials,Building Materials,United States,その他,303.19000244140625,39.340384256,406.1881941207886,0.07056095555226014,-0.04680090980351842,0.06379866579177602,0.2738411555074234,0.40838605632055575,0.2924900002395152,64.10351128147664,0.059464267705018226,0.07870467654099436,True,23,24,26,40,52,B,0,28.45,29.2,34.7,34.7,Persistence
VMI,"Valmont Industries, Inc. Common Stock",Industrials,Conglomerates,United States,その他,555.3499755859375,10.781371392,148.211801484375,0.007133192017538995,-0.02384996112200504,-0.039273229388412635,0.30212114611186563,-0.3685483560307931,0.2747342274975225,59.06940495082205,0.05182972091344615,0.047067494027973875,True,34,0,25,65,72,A,0,42.45,16.95,44.4,44.4,Persistence
VNT,Vontier Corporation Common Stock ,Technology,Scientific & Technical Instruments,United States,その他,28.6200008392334,4.029696,52.53186844040871,0.0324269889224572,-0.037542000516929436,-0.028011556337143573,0.47171283651970347,0.279292343387471,0.48880699505585057,49.607541479574905,-0.061179791775927084,0.34339019674940335,False,31,12,30,85,63,B,0,42.3,28.05,50.35,50.35,Persistence
VOYA,"Voya Financial, Inc. Common Stock",Financial Services,Financial Conglomerates,United States,その他,94.37000274658203,8.556179968,123.60063924732208,0.012165758459003929,0.0939969499514765,0.2410529938059188,,,0.0181036458886609,63.377011610547264,0.11508975900715751,0.0,True,0,0,30,85,25,D,-20,0.0,0.0,22.75,22.75,Persistence
VOYG,"Voyager Technologies, Inc. Class A Common Stock",Industrials,Aerospace & Defense,United States,防衛/宇宙,34.220001220703125,2.02795072,99.92531226455688,0.15424469413233458,0.05966397671649689,,0.17951676190819557,-0.9002449055034425,0.4443802394012494,22.645300186805457,-0.051531040758904495,0.3389994027791952,True,5,2,2,100,46,C,-10,13.350000000000001,11.100000000000001,25.300000000000004,25.300000000000004,Persistence
VPG,"Vishay Precision Group, Inc. Common Stock",Technology,Scientific & Technical Instruments,United States,その他,121.58999633789062,1.61726848,78.65474478103637,0.0022184378282798624,-0.1366744778170839,-0.020773346571791054,0.38876700021484234,-0.40377393916635373,0.0975610291101562,39.34287265000917,0.14174371599376198,0.18891339225133244,True,22,0,29,100,60,B,-5,32.5,16.0,47.95,47.95,Persistence
VRT,"Vertiv Holdings, LLC Class A Common Stock",Industrials,Electrical Equipment & Parts,United States,電力/エネルギー,300.5299987792969,115.43621632,2231.8544802845763,0.27685414014328863,0.16735633523720714,0.20586840024598085,0.363170705480992,0.6626145172656801,0.26431332088696735,50.610105988794615,-0.0740127228659773,0.20104050547877855,True,40,29,85,25,90,S,0,42.75,34.5,71.0,71.0,Persistence
VRTS,"Virtus Investment Partners, Inc. Common Stock",Financial Services,Asset Management,United States,その他,151.63999938964844,1.013276992,19.319694122238158,-0.060835208946230464,0.07288424630266731,-0.04563131791421076,0.5273931970189635,-18.37473849372385,0.6625209731543624,61.641378622688464,0.06447132973625198,0.24931742422851846,True,8,12,8,100,65,A,-45,0.0,0.0,0.0,0.0,Acceleration
VSH,"Vishay Intertechnology, Inc. Common Stock",Technology,Semiconductors,United States,半導体,45.91999816894531,7.04311296,433.01869473342896,0.04475135544921734,-0.13652317944060116,-0.02726481750305441,0.19383307136284605,0.39208345573416586,0.2534712906456062,34.574489427811784,-0.008711003365490515,0.2924499678072474,True,23,30,6,85,73,A,0,37.3,42.55,39.150000000000006,42.55,Transition
VST,Vistra Corp. Common Stock,Utilities,Utilities - Independent Power Producers,United States,電力/エネルギー,151.0500030517578,50.931412992,670.6695660499573,0.029842080817464003,0.16543744502334393,0.07655885780885781,0.3288984101928064,-0.46961770623742455,0.4829843561973526,55.07202843033653,-0.020671797410295692,0.3039690628323329,False,4,0,33,40,73,A,0,16.3,13.3,42.75,42.75,Persistence
VSTS,Vestis Corporation Common Stock,Industrials,Rental & Leasing Services,United States,その他,14.279999732971191,1.886460544,20.31636982009411,-0.025297773912795547,-0.006889921940646009,0.05146287409215837,0.265009018812442,-0.9853162391857118,0.48803502012453126,63.97693811669349,0.1959398093205666,0.03708699889173141,True,0,0,17,100,37,C,-5,13.7,13.7,36.75,36.75,Persistence
VSXY,Victorias Secret & Co. Common Stock ,Consumer Cyclical,Apparel Retail,United States,その他,76.70999908447266,6.09780992,174.11482172195434,0.05184590690208668,0.007764477515367195,-0.0255359394703657,0.3638028383946284,0.2631578947368421,0.5677239178136845,46.52100980844967,0.21276413215310527,0.1332203493279926,True,39,12,26,85,70,A,0,49.0,28.75,49.55,49.55,Persistence
VTOL,"Bristow Group, Inc. Common Stock",Energy,Oil & Gas Equipment & Services,United States,電力/エネルギー,41.40999984741211,1.225976704,11.890467356185914,0.05299998375122131,0.09099688692020912,0.09468834057259341,0.6677369923891925,1.7231349313223807,0.3950380333506255,38.15600020128639,-0.04907698635859492,0.16952988328462257,False,24,37,50,100,80,S,-5,36.0,45.75,63.5,63.5,Persistence
VVV,Valvoline Inc. Common Stock,Consumer Cyclical,Auto & Truck Dealerships,United States,その他,39.08000183105469,4.98411008,89.23136818084717,0.05639283508338481,0.12157949428472463,0.16778577784968854,0.38502017189966675,-0.06633906633906633,0.520259137207909,57.715677572313545,0.11063749710813377,0.03909506785040158,True,4,0,41,85,57,B,0,21.45,18.45,55.199999999999996,55.199999999999996,Persistence
VVX,"V2X, Inc. Common Stock",Industrials,Aerospace & Defense,United States,防衛/宇宙,74.0999984741211,2.320106752,49.95006797142029,0.036528768635090594,0.09059237581646408,0.37091592121375644,0.0833434894971873,-0.2985399051350794,0.33472190048889916,27.47811424524498,-0.024676619892053477,0.18401056638825242,True,0,12,48,100,73,A,0,22.3,31.3,66.0,66.0,Persistence
VYX,NCR Voyix Corporation Common Stock,Technology,Information Technology Services,United States,その他,8.699999809265137,1.198922368,24.174732970004083,-0.046486870120652946,-0.10991787744788377,-0.002520478890989288,0.23595087458131744,-0.07449856733524356,0.33817903596021426,72.96511797146795,0.20405223630715008,0.40533152828361374,False,21,0,6,100,0,D,-15,15.75,0.0,13.3,15.75,Acceleration
VZ,Verizon Communications Inc. Common Stock,Communication Services,Telecom Services,United States,その他,42.560001373291016,177.711792128,1434.5359182884217,0.025247054633943673,0.006075805753355128,-0.020908393320422408,0.5892279526163064,0.03984779621604482,0.44932444132212596,32.224036680544486,-0.08775627081817503,0.15920325422964468,False,40,12,30,25,70,A,0,40.75,19.75,36.75,40.75,Acceleration
W,Wayfair Inc. Class A Common Stock,Consumer Cyclical,Internet Retail,United States,その他,94.5,12.473668608,346.5234675,0.051134925322757575,-0.0126635007914688,-0.017596988050417418,0.30223970458376814,2.963855421686747,1.2491279069767443,73.90561718803369,0.2756341826117937,0.20621589603054885,True,49,37,24,65,35,C,-20,30.0,21.0,16.450000000000003,30.0,Acceleration
WAL,Western Alliance Bancorporation Common Stock (DE),Financial Services,Banks - Regional,United States,その他,81.54000091552734,8.902974464,87.96820688770295,0.12275371687136392,0.20821618244298656,0.030337169067353342,,0.01153655601953429,0.06980403992497898,47.83814005103745,0.022327337860993935,0.14260117221146915,True,7,26,30,85,100,S,-30,0.0,12.25,27.75,27.75,Persistence
WBS,Webster Financial Corporation Common Stock,Financial Services,Banks - Regional,United States,その他,76.72000122070312,12.430672896,278.5879700326538,0.1190612383082341,-0.027264997502742458,0.07214781997807096,,-0.2629868991038075,0.04424895820228506,85.48397516750856,0.04975327283615214,0.0,True,23,14,25,65,40,C,-20,11.0,4.25,18.0,18.0,Persistence
WCC,"WESCO International, Inc. Common Stock",Industrials,Industrial Distribution,United States,その他,307.8900146484375,14.995749888,185.7562036376953,0.07755238601572956,-0.025302431963976198,0.04505581206436945,0.21147637904121067,-0.9749627421758569,0.3960981879247525,33.98032625432616,-0.11737507392126133,0.17671173004666715,True,18,0,21,65,80,S,0,31.25,17.75,43.8,43.8,Persistence
WD,"Walker & Dunlop, Inc Common Stock",Financial Services,Mortgage Finance,United States,その他,54.54999923706055,1.872769152,19.22860198106766,0.08990454661851319,0.07402033306778953,-0.16231381375059284,0.4227330985995369,-6.842729256516435,0.4888199928925474,59.200672353038705,0.06040164513097602,0.35214250771292627,False,34,0,6,100,58,B,-35,11.299999999999997,0.0,4.900000000000006,11.299999999999997,Acceleration
WEC,"WEC Energy Group, Inc. Common Stock",Utilities,Utilities - Regulated Electric,United States,電力/エネルギー,118.83000183105469,38.705979392,274.40402267829893,0.13955976232281772,-0.03295850669065557,-0.07339487777939858,0.4217814103937715,-3.3652194102623634,0.43313152802014043,67.9775385244024,0.049080745916755396,0.0001682511007415823,True,39,14,6,40,55,B,0,40.75,22.0,24.3,40.75,Acceleration
WEX,WEX Inc. common stock,Technology,Software - Infrastructure,United States,ソフトウェア,146.47999572753906,5.078189568,95.96563680091857,0.012403926641808082,0.031475667189952906,0.08397855866587255,0.5863650030066145,-0.26869300911854105,0.33739365950206607,64.67517524605253,0.021693519941385492,0.20791650068170725,False,8,0,41,85,70,A,0,25.75,19.75,57.8,57.8,Persistence
WFC,Wells Fargo & Company Common Stock,Financial Services,Banks - Diversified,United States,その他,85.51000213623047,261.67681024,1334.1176472292327,0.01704821619519782,-0.0036442001525479133,0.11065243115318417,,,0.08984092661792556,60.332215370701945,0.07078371632319876,0.10341794118138793,True,18,12,10,25,65,A,-30,0.0,0.0,0.0,0.0,Acceleration
WH,"Wyndham Hotels & Resorts, Inc. Common Stock ",Consumer Cyclical,Lodging,United States,その他,82.41000366210938,6.169252352,125.05182390701295,0.014914772727272728,0.007874015748031496,-0.06742323097463285,,0.33195020746887965,0.6128646580583453,61.62330759964564,0.007192046989770878,0.08520191221290616,True,35,12,20,85,80,S,-10,37.0,19.75,38.25,38.25,Persistence
WHD,"Cactus, Inc. Class A Common Stock",Energy,Oil & Gas Equipment & Services,United States,電力/エネルギー,50.41999816894531,3.500077312,41.76918698310852,-0.044930404473656725,0.029950043757292884,0.5935639170270596,0.37015673957950085,-0.20699653711855043,0.020169190598290143,30.47435689343557,-0.10839967630428426,0.19636600541803736,True,4,0,37,85,80,S,0,23.75,20.75,57.6,57.6,Persistence
WHR,Whirlpool Corporation Common Stock,Consumer Cyclical,"Furnishings, Fixtures & Appliances",United States,その他,38.099998474121094,2.469760768,97.9922435754776,-0.0652134642018426,-0.14638910305833977,-0.01363820726019063,0.15369750064416388,-0.7890625,0.44934058378648667,36.42091473417904,-0.13345284586953685,0.6408651753688763,False,18,35,17,100,33,D,0,31.8,44.55,40.95,44.55,Transition
WK,Workiva Inc. Class A Common Stock,Technology,Software - Application,United States,ソフトウェア,51.93000030517578,2.91427712,56.74806573348999,0.19749824010396924,0.1724353571763018,0.17134836160818034,0.7847197728156569,0.5972235119323985,0.533853429130587,60.35502057029126,0.03987280940672861,0.4434679920276872,False,65,39,82,100,45,C,0,68.25,48.75,79.1,79.1,Persistence
WKC,World Kinect Corporation Common Stock,Energy,Oil & Gas Refining & Marketing,United States,電力/エネルギー,33.209999084472656,1.705514496,37.34696867042541,-0.12453519256308102,-0.11617124915637196,-0.19193606026783824,0.025674086996093897,0.18570683359415754,0.11887992632889374,68.2822800352007,0.1416365864068364,0.008336496188398936,True,2,12,30,100,25,D,-5,14.0,21.5,41.5,41.5,Persistence
WLK,Westlake Corporation Common Stock,Basic Materials,Specialty Chemicals,United States,その他,74.7699966430664,9.579752448,87.85287680568695,-0.0800527096030308,-0.03235575390500478,-0.20552108395593263,0.07278424350940017,-2.7320261437908497,0.3211261960823606,19.302554947752142,-0.17613186849325954,0.3903955819998166,False,0,0,6,85,24,D,0,15.15,15.15,29.35,29.35,Persistence
WLY,"John Wiley & Sons, Inc. Common Stock",Communication Services,Publishing,United States,その他,52.7599983215332,2.678116352,36.28980940150337,-0.0006443694567685318,-0.10431359107137422,-0.07273280855487896,0.7426174808890755,0.4745236485640602,0.2966624199693034,72.12219769041178,0.22364157660204048,0.0,True,38,24,38,100,10,D,0,44.5,34.0,47.900000000000006,47.900000000000006,Persistence
WM,"Waste Management, Inc. Common Stock",Industrials,Waste Management,United States,その他,230.39999389648438,92.523053056,576.785648720398,0.1423650455513756,0.08014295505727993,0.03695806680881308,0.4043802571020473,0.30430754979157015,0.4997709174211847,67.67125514723472,0.04649283956387144,0.05756951515943993,True,44,14,38,40,67,A,0,45.7,23.2,44.300000000000004,45.7,Acceleration
WMB,"Williams Companies, Inc. (The) Common Stock",Energy,Oil & Gas Midstream,United States,電力/エネルギー,73.13999938964844,89.450094592,571.9430928271485,0.1377701609064077,-0.037040432749610344,-0.005289557683538532,0.619581589958159,-0.6084494773519163,0.5018182439007733,57.300954858841266,-0.007027108536571544,0.07203903965499768,True,41,21,29,40,87,S,0,45.45,30.450000000000003,43.35000000000001,45.45,Acceleration
WMK,"Weis Markets, Inc. Common Stock",Consumer Defensive,Grocery Stores,United States,その他,80.0999984741211,1.982042112,15.52458120426178,0.0346386378197436,0.016365639051511133,0.00012452306816354566,0.2500878934201261,-0.8489962043261535,0.08488580463548884,43.31872076825435,0.07772197381300552,0.0306184057048631,True,30,0,37,100,72,A,-25,19.700000000000003,0.0,34.75,34.75,Persistence
WMS,"Advanced Drainage Systems, Inc. Common Stock",Industrials,Building Products & Equipment,United States,その他,152.17999267578125,11.65633536,170.3084343032837,0.05031634727786395,0.010357376813071474,-0.06403134230139418,0.38270232915548774,0.5446822250622038,0.3979909104689851,66.16925216906078,0.0713898067015283,0.13137168950503453,True,43,12,30,65,65,A,0,48.5,25.25,45.75,48.5,Acceleration
WOR,"Worthington Enterprises, Inc. Common Shares",Industrials,Metal Fabrication,United States,その他,54.56999969482422,2.703757056,19.001546743736267,-0.07380651728381485,-0.1218142314112976,0.08349214666484366,0.27651716731873643,-0.2290396175326594,0.19234558316894296,35.90355782882996,-0.025724546502983933,0.17924171820169388,False,21,7,25,100,80,S,0,38.75,28.25,54.75,54.75,Persistence
WRB,W.R. Berkley Corporation Common Stock,Financial Services,Insurance - Property & Casualty,United States,その他,72.08000183105469,26.833707008,153.2637078933716,0.06929465563392585,0.13045750692812624,0.07967155397194847,,-0.04481792011464574,0.06443512570865365,73.25876405246392,0.07769019813201636,0.05703086495288084,True,0,12,37,65,37,C,-20,0.0,2.4499999999999993,24.0,24.0,Persistence
WS,"Worthington Steel, Inc. Common Shares",Basic Materials,Steel,United States,その他,32.02000045776367,1.598447872,13.186156388511657,-0.09832099341223109,-0.049089447570474266,-0.11334758780014255,0.12562635373226005,0.03954214360041623,0.11616882454888368,18.694681069685345,-0.1877439640617025,0.3366947769041461,False,2,12,30,100,24,D,-5,13.899999999999999,21.4,41.3,41.3,Persistence
WSM,"Williams-Sonoma, Inc. Common Stock (DE)",Consumer Cyclical,Specialty Retail,United States,その他,227.52999877929688,26.790885376,302.65016552627566,0.012354858775956712,-0.00504615611693055,-0.10649303578557498,0.46152631239163316,-0.07307217726176937,0.2692033795080186,58.774203040975145,0.12886404653808708,0.05262938537709006,True,38,0,29,65,57,B,0,43.95,15.45,43.6,43.95,Acceleration
WSO,"Watsco, Inc. Common Stock",Industrials,Industrial Distribution,United States,その他,404.7099914550781,16.669308928,142.01071245162964,-0.049752064662050684,0.045930903610727804,0.0012953745382401492,0.28047833420128215,-0.2798730033969842,0.10845054311572085,61.13660726137772,0.009249331262216309,0.15372268766688668,True,0,0,25,65,80,S,0,17.75,17.75,46.0,46.0,Persistence
WT,"WisdomTree, Inc. Common Stock",Financial Services,Asset Management,United States,その他,18.040000915527344,2.75906048,62.791380186653136,0.15433782908656488,0.22548455026000258,0.15825714712372863,0.5406043102522922,0.30435918690982483,0.6322698637950852,57.8512448804025,-0.0048176950891046086,0.08934874296478626,True,21,33,73,100,100,S,-30,10.75,19.75,55.150000000000006,55.150000000000006,Persistence
WTRG,"Essential Utilities, Inc. Common Stock",Utilities,Utilities - Regulated Water,United States,その他,39.380001068115234,11.169467392,87.58781697566987,0.18623248117431798,0.01572140553426194,-0.10236220472440945,0.578350167601829,0.2500572037382643,0.42660170168321404,68.8552131251136,0.04718087292711889,0.04579022939898608,True,48,26,10,65,67,A,0,52.45,35.95,35.15,52.45,Acceleration
WTS,"Watts Water Technologies, Inc. Class A Common Stock",Industrials,Specialty Industrial Machinery,United States,その他,368.54998779296875,12.30621184,219.29645648651123,0.08271911908356273,0.09526820016534553,0.03879767618085375,0.4945663317613287,0.09361571516267649,0.06861724281549354,66.07093462637172,0.15873048020177313,0.05850050759980834,True,10,24,50,65,37,C,0,20.95,31.45,51.15,51.15,Persistence
WTTR,"Select Water Solutions, Inc. Class A common stock",Energy,Oil & Gas Equipment & Services,United States,電力/エネルギー,17.989999771118164,2.528945152,35.820158394269946,-0.03080488266790627,-0.08406834313872052,0.14266264000807255,0.1438155845337032,-2.294105259747623,0.22105812691305907,46.190479362182536,-0.012621808077988416,0.10229546161451535,True,18,0,10,100,100,S,0,38.5,25.0,50.5,50.5,Persistence
WU,Western Union Company (The) Common Stock,Financial Services,Credit Services,United States,その他,8.010000228881836,2.502605312,71.6044358460617,-0.037769912345297765,-0.03380766582510902,-0.026477488548765502,0.3703310538919199,0.42509974610083423,0.37365005598430034,80.73952212433386,0.0035757125523486876,0.17515256167799137,False,9,12,30,100,55,B,-20,7.25,9.5,32.5,32.5,Persistence
WWW,"Wolverine World Wide, Inc. Common Stock",Consumer Cyclical,Footwear & Accessories,United States,その他,16.530000686645508,1.355287168,16.630007190799713,0.06797720797720798,-0.21753087520620626,-0.16459326579261024,0.4730832844261858,-0.21513445903689807,0.4457965248932311,37.76334983980576,-0.0110701855166678,0.4787843442868348,False,29,12,25,100,55,B,-5,37.25,24.5,44.75,44.75,Persistence
XOM,ExxonMobil Holdings Corporation Common Stock,Energy,Oil & Gas Integrated,United States,電力/エネルギー,137.08999633789062,568.230805504,2507.7777067092898,-0.04522368657644725,0.013594385369453565,-0.16047657866683387,0.21994103209274324,-0.23128011459825498,0.09696868457392312,26.564796055728763,-0.07090438059815656,0.1950749787353143,True,0,0,25,10,63,B,0,7.800000000000001,7.800000000000001,28.85,28.85,Persistence
XPO,"XPO, Inc. Common Stock",Industrials,Trucking,United States,その他,206.3300018310547,24.225202176,344.51333065734866,0.010530227948463826,0.042355371900826444,0.0033687483804094327,0.12001961505455437,3.0,0.49914571637783745,29.236475214578533,-0.02251627680522456,0.09651002214552329,True,12,12,34,65,73,A,0,26.05,26.05,49.550000000000004,49.550000000000004,Persistence
XPRO,Expro Group Holdings N.V. Common Stock,Energy,Oil & Gas Equipment & Services,United States,電力/エネルギー,14.380000114440918,1.63063552,21.42828527053356,-0.061715831719019475,0.13223344817830143,0.18238449044800056,0.11935573192623958,2.7750453615411343,0.07458236240476049,33.6617324584584,-0.09314497759820418,0.21805325765615366,False,12,12,30,100,70,A,-5,26.0,26.0,50.5,50.5,Persistence
XXI,"Twenty One Capital, Inc. Class A Common Stock",Financial Services,Shell Companies,United States,その他,5.420000076293945,1.87969856,7.948104911880493,,,,,,0.12333634268776654,44.360908320897025,-0.22256008774044495,0.8568787898293136,False,0,0,10,100,43,C,-25,0.0,0.0,14.100000000000001,14.100000000000001,Persistence
XYL,Xylem Inc. Common Stock New,Industrials,Specialty Industrial Machinery,United States,その他,118.12000274658203,28.076355584,229.67548634052275,0.055244101845363235,0.16268332428028245,0.3335747917421224,0.38461538461538464,-0.03397027600849257,0.11698990586367244,74.8221164787853,0.048505441821954355,0.21986470125011312,False,7,12,56,65,55,B,0,20.5,24.25,58.050000000000004,58.050000000000004,Persistence
XYZ,"Block, Inc. Class A Common Stock,",Technology,Software - Infrastructure,United States,ソフトウェア,78.83000183105469,46.918119424,488.17134063919065,0.003011062576745717,0.1006327769007525,0.2500649827080686,0.428208016117265,0.5608802094498336,0.22671053396435747,69.11304381153596,0.0939920274239091,0.028109958847736625,True,19,19,54,40,40,C,0,24.25,24.25,47.7,47.7,Persistence
YELP,Yelp Inc. Common Stock,Communication Services,Internet Content & Information,United States,その他,26.520000457763672,1.458353536,36.30535022666931,0.03745651755161239,0.056094631363392274,0.12028092024673524,0.9026618565075377,0.30268686510939036,0.025954690665826445,71.82045801120057,0.07986613787267759,0.2478728950600101,False,20,24,57,100,40,C,-5,29.0,32.0,59.349999999999994,59.349999999999994,Persistence
YETI,"YETI Holdings, Inc. Common Stock",Consumer Cyclical,Leisure,United States,その他,49.689998626708984,3.764430848,67.0819950460434,0.02110583630667265,0.10318843585358045,0.039800729929752726,0.5740901496071168,-0.07949332337961013,0.18492688304687158,45.85078805657265,0.10308479447675625,0.029681712262020914,True,8,0,45,85,45,C,0,23.25,17.25,55.0,55.0,Persistence
YOU,"Clear Secure, Inc. Class A Common Stock",Technology,Software - Application,United States,ソフトウェア,53.790000915527344,7.189640704,87.7820540940857,0.1691019198222425,0.2557274613374969,0.4026778896930737,0.6442368216843422,0.21091229927651314,0.0861774508359726,60.94118660792129,-0.030977131454323868,0.13498841404242717,True,25,21,97,85,80,S,0,39.5,36.5,90.6,90.6,Persistence
YUM,"Yum! Brands, Inc.",Consumer Cyclical,Restaurants,United States,その他,164.72999572753906,45.403082752,392.90080740966795,0.08809113789905948,0.06684567552289429,0.034200526161940956,0.4616508400292184,0.14455307262569833,1.609003293888008,69.70425850541457,0.07329417067839561,0.015603454988872847,True,40,24,40,40,40,C,-40,0.0,0.0,0.0,0.0,Acceleration
ZETA,Zeta Global Holdings Corp. Class A Common Stock,Technology,Software - Infrastructure,United States,ソフトウェア,20.700000762939453,5.159632896,182.48199522573472,0.2972038888237084,0.3801595393585766,0.2331152140327365,0.6063465954557021,0.791582513518796,0.13108071437502827,53.738325566160604,0.07551467820852445,0.1801979895865563,True,36,49,97,85,85,S,0,48.25,58.0,91.6,91.6,Persistence
ZWS,Zurn Elkay Water Solutions Corporation Common Stock,Industrials,Pollution & Treatment Controls,United States,その他,49.15999984741211,8.236379648,52.867401235904694,0.08260453239706352,0.02352172492649461,0.1940240287096271,0.4509699864378796,0.1652557968347442,0.20646413376128983,54.07113847371208,-0.0035500929611208512,0.06672547641216714,True,28,24,58,85,87,S,0,42.45,39.45,70.55000000000001,70.55000000000001,Persistence
