ticker,name,sector,industry,country,theme,price,market_cap_bil,dollar_volume_mil,revenue_growth_1y,revenue_growth_2y,revenue_growth_3y,gross_margin,fcf_growth,debt_ratio,rsi,gap50,dist_high,above200,acceleration_score,transition_score,persistence_score,upside_score,entry_score,entry_grade,risk_penalty,acceleration_final,transition_final,persistence_final,total_score,best_type
AAL,"American Airlines Group, Inc. - Common Stock",Industrials,Airlines,United States,その他,14.979999542236328,9.907549184,1390.0978191209413,0.007784398000405822,0.026956884140334925,0.07794408935900839,0.19166071788113412,-3.2751592356687897,0.5970796775342377,59.89491542861571,0.1797133000262317,0.07872082832888931,True,0,0,14,85,57,B,0,18.45,18.45,40.35,40.35,Persistence
AAOI,"Applied Optoelectronics, Inc. - Common Stock",Technology,Communication Equipment,United States,通信/光通信,169.0500030517578,13.56504064,2225.2652029213714,0.8275018547109658,0.14573665493507806,-0.023211769246649732,0.300435579254578,-2.1202507096387455,0.2123220785623015,46.98351029435553,0.02307348413393604,0.24226804828808154,True,66,50,22,65,100,S,-10,59.25,47.25,38.35,59.25,Acceleration
AAON,"AAON, Inc. - Common Stock",Industrials,Building Products & Equipment,United States,その他,127.19000244140625,10.418351104,132.79399394897462,0.20109442086895685,0.027485241990281708,0.31473197207883097,0.26747827437666255,-1.4516879813806176,0.25178979075131486,43.90207579276156,0.10965610416610783,0.1414596986759329,True,27,5,33,65,70,A,0,37.0,20.5,48.400000000000006,48.400000000000006,Persistence
AAPL,Apple Inc. - Common Stock,Technology,Consumer Electronics,United States,その他,291.1300048828125,4275.929874432,14697.69538520874,0.0642551178283274,0.020219940775141214,-0.028004605303199367,0.4690516410716045,-0.09227347505215656,0.2746262258483859,34.18561939152667,0.020212564977907806,0.07636423347727844,True,38,12,29,10,77,A,0,37.7,18.2,33.85,37.7,Acceleration
ABNB,"Airbnb, Inc. - Class A Common Stock",Consumer Cyclical,Travel Services,United States,その他,132.27999877929688,78.508826624,495.8621578240967,0.10259412718429112,0.11949178178884744,0.18073580188117633,0.8295890858589985,,0.09307456772334294,49.8481400130544,-0.022832112890664655,0.08253568109997057,True,20,2,55,40,100,S,0,31.0,17.5,60.25,60.25,Persistence
ABTC,American Bitcoin Corp. - Class A Common Stock,Financial Services,Capital Markets,United States,その他,0.8569999933242798,1.539237248,9.536443110714554,1.5883668591078743,0.1008910296856004,-0.010958737309934399,0.503137758959625,,0.15113773473500455,27.531089686854457,-0.20362041931682653,0.9079484474008689,False,73,40,26,100,16,D,-35,36.349999999999994,11.600000000000001,7.5,36.349999999999994,Acceleration
ACDC,ProFrac Holding Corp. - Class A Common Stock,Energy,Oil & Gas Equipment & Services,United States,電力/エネルギー,7.550000190734863,1.365951744,11.08494803003788,-0.11369756720982245,-0.16695817490494297,0.08426781002638523,0.03651251416211762,-0.8254674977738201,0.4607671680074618,53.144655243316315,0.09391755137779413,0.2830009133718637,True,18,0,17,100,68,A,-5,30.299999999999997,16.8,42.95,42.95,Persistence
ACIW,"ACI Worldwide, Inc. - Common Stock",Technology,Software - Infrastructure,United States,ソフトウェア,45.2400016784668,4.599169536,35.488519316673276,0.10380433146332407,0.09755682823447125,0.02157534174320153,0.4899078408575608,-0.07720188589626295,0.273461652796686,61.73185220703802,0.05451107899626153,0.1562849201855329,False,43,14,41,85,55,B,0,50.5,28.75,54.8,54.8,Persistence
ACLS,"Axcelis Technologies, Inc. - Common Stock",Technology,Semiconductor Equipment & Materials,United States,半導体,180.1199951171875,5.535789056,99.99181408935547,-0.17567850353435868,-0.09971572716884072,0.2289200628697019,0.4491375940351446,-0.16812425662911915,0.03109337709378404,62.25158096206498,0.26353001961255285,0.0,True,4,0,29,85,25,D,0,18.25,15.25,42.2,42.2,Persistence
ACMR,"ACM Research, Inc. - Class A Common Stock",Technology,Semiconductor Equipment & Materials,United States,半導体,93.94999694824219,6.492836352,173.78212785507202,0.15239516287823576,0.4023413056302143,0.43435468274216116,0.4438732998339082,-2.022224895491865,0.1037217310166302,63.0528447027045,0.4725451067980355,0.0,True,9,2,69,85,25,D,-10,12.0,6.75,54.2,54.2,Persistence
ACT,"Enact Holdings, Inc. - Common Stock",Financial Services,Insurance - Specialty,United States,その他,42.40999984741211,5.920467968,12.461118205165864,0.02833561052244432,0.04168205213550307,0.05371673244294087,,,0.10799806657492762,49.37913458086814,0.0005429494889833408,0.03462850980174222,True,0,0,22,85,87,S,-20,1.4500000000000028,1.4500000000000028,30.75,30.75,Persistence
ADBE,Adobe Inc. - Common Stock,Technology,Software - Application,United States,ソフトウェア,204.02000427246094,82.464882688,1429.628355838394,0.10527784236224134,0.10799113813179453,0.10240826990798592,0.8926753334174765,0.25136542613997204,0.22538649308380798,32.54200285559523,-0.16690417042383102,0.4921464697856386,False,25,26,75,40,33,D,0,28.05,28.8,57.85,57.85,Persistence
ADEA,Adeia Inc.  - Common Stock,Technology,Software - Application,United States,ソフトウェア,31.915000915527344,3.520576512,74.79378603181648,0.179142820671021,-0.032830231385742356,-0.11424294824039204,,-0.2147304431963989,0.41156813749214616,63.876058308984696,0.09601683243332085,0.04922625078811368,True,41,28,17,85,52,B,0,48.7,38.95,41.0,48.7,Acceleration
ADI,"Analog Devices, Inc. - Common Stock",Technology,Semiconductors,United States,半導体,417.7900085449219,203.50009344,2194.6195806358337,0.1689321605654812,-0.23390946142220995,0.024270612678441477,0.614669518890112,0.370454692501696,0.1805401203416052,56.947751956226426,0.06450993452655804,0.04542235993532368,True,46,33,42,25,72,A,0,45.45,35.7,43.75,45.45,Acceleration
ADP,"Automatic Data Processing, Inc. - Common Stock",Technology,Software - Application,United States,ソフトウェア,226.2100067138672,90.423894016,600.3760614690399,0.07073521293991439,0.06608853998956263,0.09176096931198972,0.46027168071436564,0.2221634856157142,0.16986169951638863,52.815813711204314,0.07242086692124726,0.2533835929209102,False,31,24,50,40,58,B,0,35.05,29.8,49.1,49.1,Persistence
ADSK,"Autodesk, Inc. - Common Stock",Technology,Software - Application,United States,ソフトウェア,198.42999267578125,41.897549824,551.3536090490722,0.17533844397325068,0.11533563762052028,0.0983016983016983,0.9097973910630031,0.5787375415282392,0.21929894922595652,26.92974290827803,-0.15851819703036824,0.3927905153547427,False,62,26,65,40,24,D,0,54.9,27.9,50.55,54.9,Acceleration
ADTN,"ADTRAN Holdings, Inc. - Common Stock",Technology,Communication Equipment,United States,通信/光通信,15.260000228881836,1.236030976,40.974779214572905,0.1745784203225247,-0.1970063527978418,0.12048723789316027,0.38286798295268437,0.5756139482799031,0.20343663267449458,48.59877027519271,-0.04055327304106585,0.21340203459045634,True,46,54,34,100,100,S,-5,54.5,60.5,58.7,60.5,Transition
AEHR,Aehr Test Systems - Common Stock,Technology,Semiconductor Equipment & Materials,United States,半導体,108.47000122070312,3.411734528,236.38270781021117,-0.10948684647678879,0.019350071581410385,0.27803025831710243,0.4058641975308642,-13.305858987090367,0.07292536429013925,57.06778999576715,0.2092746479365008,0.0695659674298548,True,4,0,14,85,57,B,-10,11.45,8.45,30.35,30.35,Persistence
AEIS,"Advanced Energy Industries, Inc. - Common Stock",Industrials,Electrical Equipment & Parts,United States,電力/エネルギー,354.3699951171875,14.178576384,347.3694158636475,0.21376518218623483,-0.10496436767725571,-0.10275264952948432,0.37658438959306206,0.7013513513513514,0.2667138031267185,58.11472446572005,0.021812884395082836,0.08885874418138967,True,46,36,30,65,100,S,0,54.25,46.75,52.75,54.25,Acceleration
AEP,"American Electric Power Company, Inc. - Common Stock",Utilities,Utilities - Regulated Electric,United States,電力/エネルギー,129.22999572753906,70.314688512,642.4443085102081,0.10927437756706049,0.038931619428932675,-0.033478449044018435,0.6100749680014628,-0.6949327817993796,0.43253538354010135,44.00406590739749,-0.013080754451566737,0.050903932288117966,True,50,14,14,40,87,S,0,52.2,25.200000000000003,35.10000000000001,52.2,Acceleration
AEVA,"Aeva Technologies, Inc. - Common Stock",Technology,Software - Infrastructure,United States,ソフトウェア,24.889999389648438,1.68095104,64.55656916694642,0.9943739658025372,1.1022727272727273,0.02862595419847328,-0.036506443940483434,-0.06843420817711122,0.5698020600887029,48.84718426274896,0.3182913283467394,0.3413601802951661,True,32,58,22,100,53,B,-15,29.299999999999997,48.8,32.7,48.8,Transition
AFRM,"Affirm Holdings, Inc. - Class A Common Stock",Financial Services,Credit Services,United States,その他,66.16999816894531,22.160236544,306.70125001297,0.38803847956886767,0.46285953582684974,0.1769024051132001,0.6751122375180343,1.0688896376726882,0.7040211551324083,51.49229833694509,0.042375521257378215,0.28216535094511214,False,48,85,87,65,73,A,-30,23.049999999999997,50.8,48.69999999999999,50.8,Transition
AGYS,"Agilysys, Inc. - Common Stock",Technology,Software - Application,United States,ソフトウェア,90.63999938964844,2.553023232,46.567206086425784,0.1585057904971991,0.16069804265067547,0.19891954661348546,0.6261055018289322,0.30191995415034867,0.03954910202521972,70.40816385374865,0.22179716234873825,0.3577097326684284,False,28,33,87,100,8,D,0,36.8,40.55,74.44999999999999,74.44999999999999,Persistence
AIP,"Arteris, Inc.  - Common Stock",Technology,Semiconductors,United States,半導体,41.0,1.893051392,45.881255,0.22269766474949762,0.07561584615957963,0.06526658462027075,0.9023080519701328,3.0,0.05187297337239527,62.127444611416415,0.37998816427454446,0.0,True,72,44,65,100,25,D,-5,66.5,45.5,60.75,66.5,Acceleration
AKAM,"Akamai Technologies, Inc. - Common Stock",Technology,Software - Infrastructure,United States,ソフトウェア,133.5,19.40895744,709.37094,0.05437180294089349,0.04702302251883565,0.053990788170502346,0.589486416320614,-0.1614562347704292,0.4943871512380655,38.00035473146428,0.06527799884850387,0.17152786083120725,True,26,0,37,65,75,A,0,36.75,17.25,51.6,51.6,Persistence
ALAB,"Astera Labs, Inc. - Common Stock",Technology,Semiconductors,United States,半導体,367.1499938964844,62.932422656,2334.1909654463198,1.151265487395594,2.422370761870218,0.44974459134615385,0.756882202867951,1.7507492848844588,0.0027065790238167205,62.4027603347701,0.5506668503176141,0.0008708393151977406,True,62,87,83,40,25,D,0,55.0,73.75,60.650000000000006,73.75,Transition
ALGM,"Allegro MicroSystems, Inc. - Common Stock",Technology,Semiconductors,United States,半導体,50.404998779296875,9.386540032,113.19551385864258,0.22770846034377645,-0.30910158219193096,0.07776281693786184,0.4628377163811544,3.0,0.2160128515190566,55.912408640872655,0.13541905554456934,0.059958974573498414,True,53,42,38,85,57,B,0,58.2,49.95,53.550000000000004,58.2,Acceleration
ALGT,Allegiant Travel Company - Common Stock,Industrials,Airlines,United States,その他,91.58999633789062,2.46171008,56.89753752502441,0.037407630137678706,0.001088508229751735,0.09037508867948053,0.15371527200978755,0.9608375541747167,0.4429898695800186,62.13425109311441,0.11178274571705757,0.20210823584459536,True,27,30,34,100,50,B,0,40.25,42.5,53.7,53.7,Persistence
ALKT,"Alkami Technology, Inc. - Common Stock",Technology,Software - Application,United States,ソフトウェア,15.1899995803833,1.625621248,22.470946129250528,0.32886125164370716,0.26061148430508513,0.2964752533411661,0.578395948056866,2.185347235151741,0.43500148130312183,37.55796664912123,-0.08915381982133141,0.5069782588872016,False,55,20,85,100,45,C,-5,55.75,29.5,75.75,75.75,Persistence
ALNT,Allient Inc. - Common Stock,Technology,Electronic Components,United States,半導体,91.37000274658203,1.552971392,23.411278953742983,0.04624807535549316,-0.08410497827642344,0.1503932499383683,0.3277118298652065,0.5446264805546056,0.350815017443018,82.95667850617298,0.25347148611935316,0.0,True,34,24,30,100,10,D,-5,36.5,29.0,38.5,38.5,Persistence
ALRM,"Alarm.com Holdings, Inc. - Common Stock",Technology,Software - Application,United States,ソフトウェア,46.650001525878906,2.307336192,22.6945259923172,0.07592886775970471,0.06594781338396383,0.04643354352632872,0.6614918902240634,-0.2974234754614246,0.4987576003081544,74.6114310524419,0.04113432129936114,0.21146041842122215,False,42,12,41,100,55,B,0,52.0,29.5,58.55,58.55,Persistence
AMAL,Amalgamated Financial Corp. - Common Stock,Financial Services,Banks - Regional,United States,その他,44.650001525878906,1.333577088,5.3354519323349,0.044177125595621786,0.10766323084192289,0.07206108588795918,,0.09905143511325537,0.009228468260292524,69.09092248964612,0.0754132779012332,0.0,True,2,12,42,100,40,C,-25,0.0,3.0,31.1,31.1,Persistence
AMAT,"Applied Materials, Inc. - Common Stock",Technology,Semiconductor Equipment & Materials,United States,半導体,567.25,450.373484544,4884.6181125,0.04386223138062997,0.02485198174755817,0.028388598022105877,0.4867456288776086,-0.23894750901562709,0.19422022645251935,77.00179884749323,0.3288510066495798,0.0,True,26,0,45,10,10,D,0,22.0,2.5,29.250000000000004,29.250000000000004,Persistence
AMBA,"Ambarella, Inc. - Ordinary Shares",Technology,Semiconductor Equipment & Materials,United States,半導体,67.77999877929688,2.973385472,123.52498097534179,0.3715338844715918,0.2578265054708267,-0.32917661415970095,0.5919242798859489,1.4730334683436368,0.016823190583521164,35.3403448808816,-0.021665415534142824,0.2903361191153673,False,74,68,46,100,63,B,0,76.8,72.3,62.9,76.8,Acceleration
AMD,"Advanced Micro Devices, Inc. - Common Stock",Technology,Semiconductors,United States,半導体,511.57000732421875,834.166325248,16333.14629314392,0.34337793290672874,0.13690476190476192,-0.03902377017922969,0.4951644100580271,1.8004158004158004,0.05000909965421314,57.22721404068582,0.3226388905634676,0.05704860851729082,True,67,32,46,10,57,B,0,57.45,31.2,39.2,57.45,Acceleration
AMKR,"Amkor Technology, Inc. - Common Stock",Technology,Semiconductor Equipment & Materials,United States,半導体,82.77999877929688,20.518885376,447.55999700012205,0.061777148996817195,-0.028505481645962328,-0.08298849975005587,0.13992272786699902,-0.44651550980664906,,67.81836638732833,0.2086677662750183,0.0,True,30,12,15,65,25,D,0,34.75,21.25,29.5,34.75,Acceleration
AMSC,American Superconductor Corporation - Common Stock,Industrials,Specialty Industrial Machinery,United States,その他,40.02000045776367,1.908731648,57.832702561511994,0.34259799477600555,0.5299336029497593,0.3741602506038647,0.3054570373217897,-0.29416312330885197,0.005409199154542172,24.65694714942981,-0.1361446324985833,0.3998200318745759,False,21,20,84,100,24,D,-5,28.15,27.4,71.0,71.0,Persistence
AMZN,"Amazon.com, Inc. - Common Stock",Consumer Cyclical,Internet Retail,United States,その他,238.5500030517578,2566.108479488,9957.035381129837,0.12377754683294695,0.10990892246666145,0.11829574129883673,0.5028566486824266,-0.7659529168440903,0.18701607007953136,26.761484897107167,-0.06367848702758452,0.1325138676922722,True,31,14,63,10,63,B,0,31.05,18.3,49.75000000000001,49.75000000000001,Persistence
ANDE,"The Andersons, Inc. - Common Stock",Consumer Defensive,Food Distribution,United States,その他,71.8499984741211,2.446783744,20.668011311073304,-0.02208473816856033,-0.2367822020605674,-0.1486415539188049,0.06482474951239575,-1.3078395559431546,0.25434924068743214,53.51617410040755,-0.01886082951736163,0.09531603965440821,True,18,0,6,100,100,S,-20,18.5,5.0,28.299999999999997,28.299999999999997,Persistence
AOSL,Alpha and Omega Semiconductor Limited - Common Shares,Technology,Semiconductors,United States,半導体,45.209999084472656,1.35311616,44.32184865245819,0.0591655839117324,-0.04924919104149881,-0.1109006214375373,0.23127375524662364,0.33977851995078223,0.04921961939586369,53.619578852982784,0.15080918178348182,0.15210053744878024,True,35,12,10,100,70,A,-5,43.25,26.0,39.5,43.25,Acceleration
APA,APA Corporation - Common Stock,Energy,Oil & Gas E&P,United States,電力/エネルギー,37.02000045776367,13.085468672,195.35139571558,-0.08390674745814933,0.17610822563111486,-0.2524604966139955,0.40560538116591927,1.5091678420310297,0.2584313946286808,41.92378362436254,-0.03284172021271319,0.1604462107718345,True,16,24,30,65,100,S,0,31.75,37.75,52.75,52.75,Persistence
APLD,Applied Digital Corporation - Common Stock,Technology,Information Technology Services,United States,その他,42.70000076293945,12.202359808,948.5292769477844,0.05544657365793673,1.4663850375505487,3.0,0.29642215641535996,-5.225871968128735,0.37585196434396206,43.82066854293191,0.1261558486408777,0.13997987007748483,True,0,0,26,65,70,A,-10,6.75,6.75,34.55,34.55,Persistence
APP,Applovin Corporation - Class A Common Stock,Communication Services,Advertising Agencies,United States,その他,496.7699890136719,166.884671488,2351.0856816545106,0.6999436734698942,0.7505291128821205,-0.3462108341397302,0.8786399662671873,0.901546112822155,0.4882825661433603,52.52907803725512,0.025921331381237134,0.3228325987648867,False,52,56,45,25,73,A,0,50.05,53.05,45.60000000000001,53.05,Transition
APPF,"AppFolio, Inc. - Class A Common Stock",Technology,Software - Application,United States,ソフトウェア,161.2100067138672,5.700149248,61.232396850128175,0.1972042377128237,0.2800522205836134,0.31482804000144105,0.6367974237028592,0.3013543456758743,0.05538726818555896,47.025823220347775,-0.0014370115428587508,0.4981789674276508,False,22,14,97,85,65,A,0,35.75,29.75,87.6,87.6,Persistence
APPN,Appian Corporation - Class A Common Stock,Technology,Software - Infrastructure,United States,ソフトウェア,24.010000228881836,1.762625024,24.389718382501602,0.17813789459695117,0.13139688611071892,0.16532796570874225,0.7254246241421196,3.0,0.43347145987460134,60.41009197993012,0.07497034564122047,0.47392636831788565,False,53,63,71,100,30,D,-5,52.75,60.25,65.05000000000001,65.05000000000001,Persistence
APPS,"Digital Turbine, Inc. - Common Stock",Technology,Software - Application,United States,ソフトウェア,9.760000228881836,1.177660928,103.36503922401428,0.15238345708309378,-0.09913275369984682,-0.18236124459394523,0.4858761859775569,1.717189203051869,0.43829293272532416,81.57576145701107,0.9096814914683241,0.04500978729237405,True,65,67,30,100,22,D,-5,60.95,62.45,40.9,62.45,Transition
ARCB,ArcBest Corporation - Common Stock,Industrials,Trucking,United States,その他,173.0399932861328,3.852524288,60.49478165283203,-0.04040685146442263,-0.056110039135455834,-0.11961901830341093,0.06863968950849318,1.1983815381930811,0.1894199037617087,87.52128972344356,0.3663976067581189,0.0010391867757867104,True,42,12,30,85,10,D,0,45.25,22.75,39.75,45.25,Acceleration
ARHS,"Arhaus, Inc. - Class A Common Stock",Consumer Cyclical,Specialty Retail,United States,その他,7.170000076293945,1.01484224,9.302859998989105,0.08505578208600849,-0.012888831594838565,0.04782704926570149,0.3889207103714993,0.48413397418153453,0.4162600215379718,67.78242577650143,0.05441177148926213,0.4122304205540988,False,27,12,26,100,30,D,-5,33.25,22.0,40.3,40.3,Persistence
ARRY,"Array Technologies, Inc. - Common Stock",Technology,Solar,United States,その他,7.769999980926514,1.195230976,45.530296238234044,0.40219609590230254,-0.41910727911751666,-0.03724780861117795,0.2324923820670783,-0.4105347897694961,0.5277567309917675,43.81533612651301,-0.03213751669139433,0.3503344518274465,False,32,26,17,100,73,A,-5,41.3,36.8,43.95,43.95,Persistence
ASO,"Academy Sports and Outdoors, Inc. - Common Stock",Consumer Cyclical,Specialty Retail,United States,その他,51.0099983215332,3.16355712,83.79539949274063,0.020218254135452394,-0.03666672024426188,-0.036869321116428225,0.34783892197031296,-0.32451590067191094,0.3586200662644712,45.57702939886896,-0.05438626089282065,0.16400415798362178,False,34,0,25,85,80,S,0,46.25,20.75,51.0,51.0,Persistence
ASST,"Strive, Inc. - Class A Common Stock",Financial Services,Asset Management,United States,その他,15.149999618530273,1.199738496,77.10243855859757,0.48995464414780515,,,-2.836164383561644,-0.24325916199881384,0.0047107616491421506,31.064359561659174,-0.0004618584875369068,0.9149831656678953,False,24,38,10,100,55,B,-35,3.5,14.0,6.5,14.0,Transition
ASTE,"Astec Industries, Inc. - Common Stock",Industrials,Farm & Heavy Construction Machinery,United States,その他,51.369998931884766,1.181131392,9.630847399749756,0.08068347253084054,-0.024734718278284263,0.04998038446449588,0.2653148043108338,3.0,0.2544616734932709,59.84473080543942,-0.05903065454948352,0.2078783718443278,True,30,24,26,100,90,S,-25,21.5,17.0,32.3,32.3,Persistence
ATEX,Anterix Inc. - Common Stock,Communication Services,Telecom Services,United States,その他,82.5,1.560427392,38.9453625,,0.43903602958721066,1.183949973944763,,-2.9243561143784222,0.016181132619242037,84.03452349337962,0.5408982485013234,0.0,True,0,0,10,100,10,D,-15,1.0,1.0,17.5,17.5,Persistence
ATLC,Atlanticus Holdings Corporation - Common Stock,Financial Services,Credit Services,United States,その他,92.37999725341797,1.396600576,11.300383164024353,0.3446726786907148,0.16799369579888973,-0.12382889272469366,,0.353544361185246,0.8582619012137863,61.25730708777057,0.1979635091973045,0.0,True,49,32,28,100,25,D,-45,9.25,0.0,0.4000000000000057,9.25,Acceleration
ATRO,Astronics Corporation - Common Stock,Industrials,Aerospace & Defense,United States,防衛/宇宙,80.0,4.128808704,57.52376,0.08385695212376765,0.1541193779508594,0.2884908037854229,0.2994427741588256,0.9478724365344656,0.535398017201611,71.02777047334266,0.22181862715989897,0.0,True,15,54,49,85,10,D,0,25.0,54.25,50.2,54.25,Transition
AUR,"Aurora Innovation, Inc.  - Class A Common Stock",Consumer Cyclical,Auto Parts,United States,その他,6.130000114440918,12.02217472,196.23546396351813,,,-1.0,-4.666666666666667,0.05116279069767442,0.03585147247119078,34.74026079583183,0.005049858096852254,0.2702380484734512,True,2,12,10,65,73,A,-10,8.55,16.05,26.35,26.35,Persistence
AVAV,"AeroVironment, Inc. - Common Stock",Industrials,Aerospace & Defense,United States,防衛/宇宙,170.5800018310547,8.632213504,215.58582951416017,0.14497572273691262,0.3259431379223586,0.21269282887474986,0.38828359291127396,-1.6258296159286258,0.057373633169636444,48.63633212643392,-0.0746265943117851,0.5837786218188888,False,9,2,61,85,55,B,-10,15.0,9.75,55.80000000000001,55.80000000000001,Persistence
AVGO,Broadcom Inc. - Common Stock,Technology,Semiconductors,United States,半導体,382.07000732421875,1817.72877824,12050.625576208497,0.23874432853763525,0.4398503587481504,0.07878806131976027,0.6776652527118193,0.38631915112805193,0.3807074556379024,42.57329390779285,-0.059977212105740335,0.20661585748011765,True,36,43,75,10,90,S,0,37.5,42.75,61.75,61.75,Persistence
AVPT,"AvePoint, Inc. - Class A Common Stock",Technology,Software - Infrastructure,United States,ソフトウェア,10.869999885559082,2.304626944,20.807027680940628,0.26934901144389106,0.21578957049572337,0.16994994383207296,0.7406393847870187,-0.05539999291106937,0.012606740405559688,58.3333287659295,0.06413179053192668,0.4370792239155251,False,57,47,92,100,50,B,0,62.75,55.25,85.6,85.6,Persistence
AVT,"Avnet, Inc. - Common Stock",Technology,Electronics & Computer Distribution,United States,その他,90.58999633789062,7.43056128,128.23602816604614,-0.065511914339481,-0.10475051683730277,0.09157170576850333,0.107426801810425,0.24492455329596596,0.23746308655827145,59.98847365480789,0.13045533761583208,0.025180285802224717,True,23,12,30,85,45,C,0,34.5,26.25,46.75,46.75,Persistence
AXON,"Axon Enterprise, Inc. - Common Stock",Industrials,Aerospace & Defense,United States,防衛/宇宙,441.7300109863281,35.60435712,510.3527681930542,0.33469450081295504,0.3343546705674829,0.3146680728437939,,-0.7721552406934789,0.272796944936605,62.82033803113537,0.0766376722057441,0.4928298037305189,False,44,8,76,40,30,D,0,42.0,15.0,57.800000000000004,57.800000000000004,Persistence
AXTI,AXT Inc - Common Stock,Technology,Semiconductor Equipment & Materials,United States,半導体,97.18000030517578,6.357825024,877.5869081558991,-0.11105967129960448,0.3109176067022891,-0.4628962995507306,0.12727849104453956,-0.05004753117485881,0.1494313557778541,28.207684717265565,0.04874879928045248,0.3099481712585873,True,0,0,10,85,56,B,-10,8.350000000000001,8.350000000000001,27.950000000000003,27.950000000000003,Persistence
BAND,Bandwidth Inc. - Class A Common Stock,Technology,Software - Infrastructure,United States,ソフトウェア,65.33999633789062,2.092010752,72.96158021072388,0.007121032162215242,0.2451602599826656,0.048791594550834684,0.3914093208298566,-0.03338290344084919,0.456149234249169,53.74123591564512,0.506866605511748,0.10725516930813205,True,4,0,41,100,70,A,0,25.0,22.0,61.55,61.55,Persistence
BANF,BancFirst Corporation - Common Stock,Financial Services,Banks - Regional,United States,その他,116.2699966430664,3.90508928,17.705013738822938,0.09371936609290694,0.035393136830506475,0.09408345592192602,,0.05530666049129807,0.006618687795646212,63.522361336501014,0.03861274232875908,0.13698505475084777,True,20,24,42,85,80,S,-20,15.75,18.75,40.35,40.35,Persistence
BANR,Banner Corporation - Common Stock,Financial Services,Banks - Regional,United States,その他,67.23999786376953,2.284004608,14.012143154830932,0.08468628046100543,-0.021393420804902908,-0.012222884882997621,,-0.11268966504437446,0.01619775562524489,61.36962224062032,0.042225596228194946,0.0,True,18,12,25,100,55,B,-20,14.0,9.5,29.75,29.75,Persistence
BATRA,"Atlanta Braves Holdings, Inc. - Series A Common Stock",Communication Services,Entertainment,United States,その他,54.790000915527344,3.514439936,2.48993159160614,0.10523456879537924,0.03446564283785492,0.08853118028547594,0.3019036385380318,0.6238649793894671,0.518402037948998,62.088719298226465,0.035442031594438914,0.014036328658996268,True,42,46,18,85,55,B,0,49.75,52.75,42.15,52.75,Transition
BATRK,"Atlanta Braves Holdings, Inc. - Series C Common Stock",Communication Services,Entertainment,United States,その他,50.720001220703125,3.25337472,17.49637162109375,0.10523456879537924,0.03446564283785492,0.08853118028547594,0.3019036385380318,0.6238649793894671,0.518402037948998,59.56114220934446,0.041016741281140794,0.015145607364987865,True,42,46,18,85,75,A,0,51.75,54.75,46.15,54.75,Transition
BCPC,Balchem Corporation - Common Stock,Basic Materials,Specialty Chemicals,United States,その他,165.0399932861328,5.302707712,31.495407118759154,0.08753108996271301,0.03387215848419245,-0.021137402133796286,0.3573533906500534,0.18265248944225013,0.10715302339152155,58.24558585638402,-0.0044085362451156615,0.09942159645772272,True,36,24,34,85,100,S,0,49.75,40.75,59.95,59.95,Persistence
BELFA,Bel Fuse Inc. - Class A Common Stock,Technology,Electronic Components,United States,半導体,261.32000732421875,3.324697856,39.22151989929199,0.263023755029993,-0.1641432731126126,-0.02204107710861421,0.39146649295659963,0.144339182066849,0.23673652694610778,55.65919331152151,0.09365765387341857,0.034864832696592435,True,36,36,34,85,72,A,0,46.95,46.95,54.35,54.35,Persistence
BELFB,Bel Fuse Inc. - Class B Common Stock,Technology,Electronic Components,United States,半導体,293.8699951171875,4.179626752,91.30246878295898,0.263023755029993,-0.1641432731126126,-0.02204107710861421,0.39146649295659963,0.144339182066849,0.23673652694610778,62.92804158963963,0.11317340906529531,0.02926705495855434,True,36,36,34,85,25,D,0,42.25,42.25,44.95,44.95,Persistence
BFC,Bank First Corporation - Common Stock,Financial Services,Banks - Regional,United States,その他,145.16000366210938,1.629109504,15.296961185913085,0.10013062765943688,0.12488542954826508,0.16185904208115348,,-0.12937122581965815,0.027066894950062082,57.74849640056119,0.019884832076977402,0.04040422991711322,True,5,14,55,100,87,S,-25,2.450000000000003,9.200000000000003,47.650000000000006,47.650000000000006,Persistence
BGC,"BGC Group, Inc. - Class A Common Stock",Financial Services,Capital Markets,United States,その他,11.850000381469727,5.676821504,36.814929435129166,0.30863842254695584,0.11445373915581933,0.1159243530529027,0.3889234615870773,0.34946875192667337,0.4516652240066782,61.904587192683444,0.0709224529347476,0.0,True,44,32,63,85,40,C,-20,29.75,20.75,43.900000000000006,43.900000000000006,Persistence
BHRB,Burke & Herbert Financial Services Corp. - Common Stock,Financial Services,Banks - Regional,United States,その他,67.08000183105469,1.351649024,12.60399694404602,0.3146172525754912,1.3505703422053232,-0.07921710887079765,,0.184607051408312,0.06785953534480735,72.66038691738063,0.05385692136595412,0.026367652183657882,True,16,32,38,100,25,D,-25,4.5,16.5,25.900000000000006,25.900000000000006,Persistence
BJRI,"BJ's Restaurants, Inc. - Common Stock",Consumer Cyclical,Restaurants,United States,その他,52.619998931884766,1.105910528,19.800379398078917,0.030814070855270236,0.018056162894746514,0.03840018817283862,0.1545507695518488,0.6645775679635357,0.48328877202830256,74.63325494080455,0.2725021253176261,0.0,True,27,24,34,100,10,D,-25,11.25,9.0,20.700000000000003,20.700000000000003,Persistence
BKNG,Booking Holdings Inc. - Common Stock,Consumer Cyclical,Travel Services,United States,その他,164.94000244140625,127.808454656,1224.4939606246949,0.1338725304351489,0.11111631172478352,0.25014628437682856,,0.15112743856093236,0.6592741935483871,56.26125412865111,-0.02510964327006577,0.2850021278934754,False,28,14,57,25,73,A,-10,22.049999999999997,11.55,42.2,42.2,Persistence
BKR,Baker Hughes Company - Common Stock,Energy,Oil & Gas Equipment & Services,United States,電力/エネルギー,63.13999938964844,62.639214592,479.0457009692383,-0.0034496388659312227,0.09107660942523328,0.20561542824730572,0.23596437457180977,0.23515092502434273,0.14889557496147354,42.52049813056424,-0.0173740655678653,0.09069697454806434,True,5,12,30,40,100,S,0,19.75,25.0,46.5,46.5,Persistence
BL,"BlackLine, Inc. - Common Stock",Technology,Software - Application,United States,ソフトウェア,28.729999542236328,1.685328128,46.46316080968857,0.07207776702952233,0.10735666004515285,0.1282331748696786,0.7524581433896752,-0.1774433522768848,0.5231014839851118,49.26787211332773,-0.05239689258076539,0.5116437421718628,False,18,0,52,100,55,B,-5,29.0,15.5,59.599999999999994,59.599999999999994,Persistence
BLBD,Blue Bird Corporation - Common Stock,Industrials,Farm & Heavy Construction Machinery,United States,その他,71.54000091552734,2.263996928,33.89386393375397,0.09868582211090937,0.18923227809493878,0.414864664011281,0.2050626343237851,0.5998288975367505,0.14445946054009964,61.996321545160626,0.0787190584443159,0.016497071535382657,True,9,24,67,100,40,C,-20,5.75,17.0,49.849999999999994,49.849999999999994,Persistence
BLKB,"Blackbaud, Inc. - Common Stock",Technology,Software - Application,United States,ソフトウェア,27.899999618530273,1.281505664,20.678363717269896,-0.02274246854387229,0.042945405932723925,0.04628557657321343,0.5878346102546606,-0.11025095183350891,,42.38833363673556,-0.17770914994404385,0.6103896190374114,False,14,42,23,100,43,C,-5,24.8,45.8,41.25,45.8,Transition
BOKF,BOK Financial Corporation - Common Stock,Financial Services,Banks - Regional,United States,その他,134.61000061035156,8.178902528,34.08796350456238,0.08261782457445242,-0.019634800309903232,0.08584797765412278,,,0.05950347816217319,58.150341647485774,0.025803770093663574,0.020630394314510185,True,18,12,10,85,75,A,-20,13.75,9.25,21.75,21.75,Persistence
BPOP,"Popular, Inc. - Common Stock",Financial Services,Banks - Regional,United States,その他,160.9499969482422,10.387344384,75.29884657226563,0.08873118648428455,0.05837050304480258,-0.0997856517399114,,0.476202553597364,0.020463961035759457,73.0537327866073,0.08842732985003644,0.0,True,35,24,30,65,25,D,-20,18.5,10.25,17.75,18.5,Acceleration
BRUN,Boost Run Inc. - Class A Common Stock,Technology,Software - Infrastructure,United States,ソフトウェア,30.920000076293945,1.899374592,69.9544903726101,2.3884057971014494,,,0.8552832223751256,3.0,0.5941834336338043,61.23778621028963,0.4309846153554989,0.21122450320137756,True,52,35,37,100,50,B,-5,54.0,41.25,50.35,54.0,Acceleration
BRZE,"Braze, Inc. - Class A Common Stock",Technology,Software - Application,United States,ソフトウェア,21.65999984741211,2.43960192,74.13243247776032,0.24396622908275897,0.25775752437473504,0.3274211790921317,0.6714563617102557,1.9581295843520783,0.07421187925193737,41.051229503775936,-0.04372972701578077,0.4014921064012815,False,33,17,97,100,65,A,0,46.25,34.25,91.35,91.35,Persistence
BSY,"Bentley Systems, Incorporated - Class B Common Stock",Technology,Software - Application,United States,ソフトウェア,30.670000076293945,9.317443584,84.73139581077575,0.10988437618940282,0.10149843741477825,0.11767183886188656,0.815199173779897,0.23492923374940058,0.3613700847245713,38.13039001122387,-0.07378701284194915,0.4741894282073392,False,43,26,71,85,45,C,0,49.5,36.75,69.30000000000001,69.30000000000001,Persistence
BULL,Webull Corporation - Class A Ordinary Shares,Technology,Software - Application,United States,ソフトウェア,6.539999961853027,3.47809408,103.0255676990652,0.46323267288603315,0.0016095941050902206,0.0032694884585113206,0.7745187667477075,2.0718133318920744,0.01997567297325036,55.05618037727186,0.0154018061334138,0.6313415982958152,False,69,77,72,85,65,A,0,71.0,77.0,73.85,77.0,Transition
BUSE,First Busey Corporation - Common Stock,Financial Services,Banks - Regional,United States,その他,28.790000915527344,2.4345536,21.27062847640991,0.5594144480924054,0.0471560028593149,-0.020855414164172505,,0.0064945267899230085,0.01784759523695899,70.30879559343673,0.0787955418417159,0.0,True,50,34,38,100,25,D,-20,35.0,23.0,30.900000000000006,35.0,Acceleration
BWIN,"The Baldwin Insurance Group, Inc. - Class A Common Stock",Financial Services,Insurance Brokers,United States,その他,18.1299991607666,1.767492736,26.32058888162613,0.0814579983331432,0.13952021090649552,0.24574544786903643,0.2896545097957535,-7.62677816224529,0.4584000911392929,39.44827390255793,-0.15181290627317742,0.592950184371321,False,0,0,29,100,33,D,-35,0.0,0.0,12.550000000000004,12.550000000000004,Persistence
CACC,Credit Acceptance Corporation - Common Stock,Financial Services,Credit Services,United States,その他,548.1500244140625,5.73368832,80.53694233703614,0.07196738977650752,0.1353867432705607,0.03115743280307186,0.618995585471393,-0.07314496963295485,0.7361122374503284,51.42931843642922,0.04740709215900808,0.04443551632289261,True,22,26,39,85,87,S,-30,7.950000000000003,10.950000000000003,30.10000000000001,30.10000000000001,Persistence
CAKE,The Cheesecake Factory Incorporated - Common Stock,Consumer Cyclical,Restaurants,United States,その他,75.27999877929688,3.740314112,86.49483659744263,0.04749338233056435,0.041342019471999294,0.041277796144051325,0.4333286422592213,0.4407007960189698,0.6529887125376187,84.15460552139936,0.21320406693653243,0.0,True,39,12,36,85,10,D,-30,13.0,0.0,13.049999999999997,13.049999999999997,Persistence
CALM,"Cal-Maine Foods, Inc. - Common Stock",Consumer Defensive,Farm Products,United States,その他,78.0999984741211,3.70011136,55.31354291931152,0.8319318375734974,-0.2605586327961485,0.7703632595620313,0.4342878796588833,2.4950440709604904,,54.13190347284884,0.019782915266844676,0.3117157460394345,False,66,64,32,85,73,A,-20,49.55,48.05,33.45,49.55,Acceleration
CAR,"Avis Budget Group, Inc. - Common Stock",Industrials,Rental & Leasing Services,United States,その他,187.1199951171875,6.610010624,175.90495820983887,-0.017897091722595078,-0.08228048010107392,-0.026819334511642205,0.676274750306641,-0.8303789731051344,0.9135553635985539,73.93273106070944,-0.18970136108199154,0.7379161550269266,True,30,18,12,85,18,D,-20,17.049999999999997,8.05,11.450000000000003,17.049999999999997,Acceleration
CARG,"CarGurus, Inc. - Class A Common Stock",Consumer Cyclical,Auto & Truck Dealerships,United States,その他,27.170000076293945,2.45038336,43.04896322088241,0.1365037516728401,0.1426403272524738,-0.5780022778974463,0.9278186950098127,0.6463771704478628,0.28831222984845073,43.48355777013496,-0.1691309355628694,0.3038687951303233,False,35,33,41,100,51,B,0,46.35,44.85,57.75,57.75,Persistence
CART,Maplebear Inc. - Common Stock,Consumer Cyclical,Internet Retail,United States,その他,41.244998931884766,9.693804544,153.5794655727768,0.10775606867969213,0.11045364891518737,0.1924735397883183,0.7370390165686799,0.4606741573033708,0.009764035801464606,50.1087328417651,0.003745314165787073,0.20330309895333462,True,22,14,72,85,100,S,0,39.25,33.25,80.85,80.85,Persistence
CASH,"Pathward Financial, Inc. - Common Stock",Financial Services,Banks - Regional,United States,その他,84.16999816894531,1.776831488,16.585698139190672,0.04008683447872293,0.07838612300217619,0.15827263207225137,,0.11574102456484525,0.00591940375419807,55.01174421775453,-0.030487103140795887,0.15719371932533205,True,2,24,42,100,100,S,-25,1.5,18.0,43.099999999999994,43.099999999999994,Persistence
CASY,"Caseys General Stores, Inc. - Common Stock",Consumer Cyclical,Specialty Retail,United States,その他,895.1400146484375,33.180094464,598.0340923864746,,0.07252858171207757,-0.015340844911797198,,0.5760387546536047,0.36036263123897583,61.05714722394716,0.11415933165491082,0.02307156543034087,True,9,12,26,40,25,D,0,15.25,17.5,29.3,29.3,Persistence
CATY,Cathay General Bancorp - Common Stock,Financial Services,Banks - Regional,United States,その他,60.97999954223633,4.08782336,23.90355002056122,0.12083144333640758,-0.09915460756162056,0.02470174355575065,,0.11716366786577742,0.007132605503810942,70.1232994649977,0.0951491489155391,0.0,True,25,26,30,85,25,D,-20,14.0,14.75,22.75,22.75,Persistence
CBRL,"Cracker Barrel Old Country Store, Inc. - Common Stock",Consumer Cyclical,Restaurants,United States,その他,46.689998626708984,1.043589632,80.20991589078903,0.003723101728093139,0.0081195349842338,0.05355981083216588,0.3295324719463648,0.4687231166277498,0.5456393590035358,85.89356880788233,0.4684002861294139,0.33614296199437693,True,9,24,38,100,18,D,-25,0.0,9.799999999999997,24.500000000000007,24.500000000000007,Persistence
CBSH,"Commerce Bancshares, Inc. - Common Stock",Financial Services,Banks - Regional,United States,その他,55.81999969482422,8.137280512,67.59215853046418,0.06262059530350043,0.0488368442255789,0.05097513559930719,,0.11408507389144033,0.0003888186357326878,74.88107045256936,0.08401533675284974,0.0953947089824104,True,20,24,42,85,50,B,-20,12.75,15.75,34.35,34.35,Persistence
CCB,Coastal Financial Corporation - Common Stock,Financial Services,Banks - Regional,United States,その他,73.52999877929688,1.1212448,8.06072611618042,-0.10663269023965305,0.2984053167576494,0.6463491194365905,,-0.01495882122247745,0.011182263942344905,64.58175705044029,-0.02410992808610173,0.38194504476056773,False,0,12,33,100,53,B,-25,0.0,4.300000000000001,28.750000000000007,28.750000000000007,Persistence
CCC,CCC Intelligent Solutions Holdings Inc. - Common Stock,Technology,Software - Application,United States,ソフトウェア,4.599999904632568,2.699926528,44.729571072664264,0.11875635055038103,0.09051707222482565,0.10726591415659571,0.7349169962942325,0.10236752514358481,0.38126456582915247,51.38888704924003,-0.07944768382098767,0.5413758696811143,False,37,14,58,100,55,B,0,48.25,31.0,67.9,67.9,Persistence
CDNS,"Cadence Design Systems, Inc. - Common Stock",Technology,Software - Application,United States,ソフトウェア,384.9599914550781,106.178125824,929.9863473571777,0.14123200059294191,0.13478725844049344,0.14831831155638936,0.8636432203164237,0.419407178296418,0.2576973171276534,54.18229814236329,0.11560294081100918,0.07548217317337948,True,43,26,71,25,57,B,0,41.7,28.95,56.7,56.7,Persistence
CDW,CDW Corporation - Common Stock,Technology,Information Technology Services,United States,その他,132.19000244140625,16.887728128,272.13955802612304,0.06788039259573211,-0.01765063622754491,-0.09990862657745476,0.21732867762808764,-0.05767731878409977,0.361088581375326,68.62472320664972,0.06654287460549603,0.26304560605011446,False,30,0,21,65,38,C,0,36.05,13.55,35.4,36.05,Acceleration
CECO,CECO Environmental Corp. - Common Stock,Industrials,Pollution & Treatment Controls,United States,その他,96.73999786376953,3.470356992,102.71901343173981,0.38794622293357806,0.02402151070487937,0.2891864457311057,0.3476660713524738,-1.73485254691689,0.26857163316248384,62.76541534390986,0.2723690233608431,0.0,True,36,20,37,85,25,D,0,42.25,30.25,46.6,46.6,Persistence
CEG,Constellation Energy Corporation - Common Stock When-Issued,Utilities,Utilities - Independent Power Producers,United States,電力/エネルギー,253.75999450683594,90.618208256,1057.6170987056732,0.08337576374745417,-0.054177702865398504,0.01955810147299509,0.18380135510907453,1.2561145356929808,0.15706824573354994,29.215205043317695,-0.10909390600220839,0.36926138900422856,False,30,25,30,40,36,C,0,32.1,28.35,33.7,33.7,Persistence
CELH,"Celsius Holdings, Inc. - Common Stock",Consumer Defensive,Beverages - Non-Alcoholic,United States,その他,29.18000030517578,7.459585536,285.70167478797913,0.8554244152165413,0.028539909287761737,1.0165329465547945,0.5038558500104761,0.350163668854485,0.13085460818291042,45.825930217805315,-0.08661790709187708,0.5501079242894935,False,59,36,58,85,55,B,-20,42.5,25.25,44.150000000000006,44.150000000000006,Persistence
CENT,Central Garden & Pet Company - Common Stock,Consumer Defensive,Packaged Foods,United States,その他,42.849998474121094,2.681157888,3.0320658920288084,-0.0223080432187873,-0.033117900668956035,-0.008538040632746538,0.31873301408983645,-0.17247417961831604,0.3972556040404419,75.81616951085182,0.11951212378687584,0.0,True,25,12,25,100,10,D,-20,14.75,5.0,20.75,20.75,Persistence
CENTA,Central Garden & Pet Company - Class A Common Stock Nonvoting,Consumer Defensive,Packaged Foods,United States,その他,37.77000045776367,2.363298304,11.687926641654968,-0.0223080432187873,-0.033117900668956035,-0.008538040632746538,0.31873301408983645,-0.17247417961831604,0.3972556040404419,75.47770255700024,0.1043795062394998,0.0,True,25,12,25,100,10,D,-20,14.75,5.0,20.75,20.75,Persistence
CENX,Century Aluminum Company - Common Stock,Basic Materials,Aluminum,United States,その他,61.189998626708984,6.056221696,112.44702477634429,0.13853983695896951,0.01596961654617004,-0.21312065675296152,0.10142806281894062,1.7932647333956968,0.24161635746706034,43.87689217651265,-0.02128260326014005,0.11022245726867662,True,47,27,30,85,100,S,0,58.0,43.0,57.75,58.0,Acceleration
CEVA,"CEVA, Inc. - Common Stock",Technology,Semiconductors,United States,半導体,46.029998779296875,1.28236672,43.885230986175536,0.02486464245972003,0.09772221024646116,-0.1921000472703449,0.8708188105622365,-13.164728682170542,0.04154732959696695,59.493670191494324,0.37891156999138675,0.08050344553414866,True,15,0,25,100,70,A,-15,18.25,7.0,37.75,37.75,Persistence
CFFN,"Capitol Federal Financial, Inc. - Common Stock",Financial Services,Banks - Regional,United States,その他,8.25,1.026239936,5.692335,0.20419112196663142,3.0,-1.098186025293119,,1.076625,0.19949173208179696,68.38234469140235,0.07331050432019803,0.0,True,21,29,38,100,40,C,-25,9.75,15.75,28.900000000000006,28.900000000000006,Persistence
CG,The Carlyle Group Inc. - Common Stock,Financial Services,Asset Management,United States,その他,45.75,16.468830208,154.61875875,-0.05560780625440865,1.569400392689926,-0.6053408041009746,,-3.031175346392738,0.4771671932957824,51.599999694823985,-0.037053966939283874,0.32666504748568254,False,0,0,10,65,73,A,-30,0.0,0.0,6.350000000000001,6.350000000000001,Persistence
CGNX,Cognex Corporation - Common Stock,Technology,Scientific & Technical Instruments,United States,その他,63.61000061035156,10.585942016,129.79111744537354,0.08730747992105105,0.09189693235125909,-0.16752278623184805,0.6691677754211507,0.7664468285113177,0.037978631874657526,44.5661829482141,0.06771208690475558,0.06907655633279924,True,24,31,42,65,72,A,0,34.95,40.2,53.75,53.75,Persistence
CHCO,City Holding Company - Common Stock,Financial Services,Banks - Regional,United States,その他,130.75999450683594,1.845175936,11.9475406980896,0.07058464474395044,0.009344139818640834,0.1476970716602053,,-0.005743478597414661,0.022314727511887057,69.34256125449829,0.049506827732899314,0.0002974788839572204,True,18,12,37,100,55,B,-25,9.0,4.5,31.35,31.35,Persistence
CHDN,"Churchill Downs, Incorporated - Common Stock",Consumer Cyclical,Gambling,United States,その他,86.94000244140625,6.059449856,66.59386837005616,0.07007277913908495,0.11073648291830848,0.3602055475743176,0.3358282921494241,0.37173238812583076,0.686565568842274,54.59132119789964,-0.03380029317311034,0.26065137214914713,False,9,12,51,85,73,A,-10,16.8,19.05,53.9,53.9,Persistence
CHEF,"The Chefs' Warehouse, Inc. - Common Stock",Consumer Defensive,Food Distribution,United States,その他,90.75,3.700569856,38.79018,0.09364922149842972,0.10497200884277685,0.31390690820651573,0.24197639399287196,-0.15220897107817102,0.4807202342003751,90.99254350352471,0.22588088001929515,0.0,True,0,12,44,85,10,D,-20,0.0,2.75,27.450000000000003,27.450000000000003,Persistence
CHRD,Chord Energy Corporation - Common Stock,Energy,Oil & Gas E&P,United States,電力/エネルギー,135.33999633789062,7.619531264,96.37425799224853,-0.07121503720566542,0.3475919388006234,0.06851141029627668,0.17764970599488306,-0.24552797358171632,0.1243710358219508,40.412779867330435,-0.018088669248685595,0.0876979798431744,True,0,0,33,85,100,S,0,22.75,22.75,59.400000000000006,59.400000000000006,Persistence
CHRN,ChronoScale Corporation - Common Stock,Technology,Information Technology Services,United States,その他,18.360000610351562,2.627194368,6.840201827392578,,,,-0.3665023229354319,,0.7229454306377383,57.41552947714397,0.308167535108321,0.21404109029793178,True,0,0,0,100,70,A,-20,2.0,2.0,19.0,19.0,Persistence
CHRW,"C.H. Robinson Worldwide, Inc. - Common Stock",Industrials,Integrated Freight & Logistics,United States,その他,193.74000549316406,22.836723712,303.8114522140503,-0.08418599177340694,0.007303351023840443,-0.2874960445000076,0.08373509796206598,0.9410850145815509,0.27585624728544567,74.4473645538467,0.1017929834217923,0.027526473728472143,True,9,24,26,65,10,D,0,17.5,28.75,32.55,32.55,Persistence
CHTR,"Charter Communications, Inc. - Class A Common Stock",Communication Services,Telecom Services,United States,その他,145.82000732421875,22.846840832,445.8526924942017,-0.005645820096214941,0.00875345651656381,0.010828921550479435,0.5653777339613685,0.3976589686807972,0.6297847781963907,50.84876286675023,-0.15680174697750782,0.6513318184242781,False,13,12,28,65,43,C,-10,13.8,13.05,30.25,30.25,Persistence
CHYM,"Chime Financial, Inc. - Class A Common Stock",Technology,Software - Application,United States,ソフトウェア,16.700000762939453,6.363019776,69.31410466661453,0.30688490613284536,0.3088211943322213,0.2672550003072842,0.8797098002990712,-0.51561273177508,0.06854558549937519,42.9667579690385,-0.15215941910146347,0.5463189312713035,False,29,8,95,85,43,C,-20,18.799999999999997,3.0500000000000007,62.099999999999994,62.099999999999994,Persistence
CIFR,Cipher Digital Inc. - Common Stock,Technology,Information Technology Services,United States,その他,24.5,10.021704704,594.68409,0.4804125074370331,0.19258605193863232,3.0,0.28398871136276355,-0.79406827513433,0.6447127944028623,56.398584683809,0.21908741626517017,0.06808675744359283,True,32,8,38,65,57,B,-20,19.450000000000003,1.4499999999999993,28.550000000000004,28.550000000000004,Persistence
CINF,Cincinnati Financial Corporation - Common Stock,Financial Services,Insurance - Property & Casualty,United States,その他,169.00999450683594,26.143604736,109.46101304229737,0.11413954308900062,0.13222810346549485,0.52567423434405,,0.17700799390940236,0.021608702014535876,51.540787184470226,0.032997707719736084,0.01530493906019481,True,7,26,67,65,75,A,-20,2.5,16.75,48.099999999999994,48.099999999999994,Persistence
CLBK,"Columbia Financial, Inc. - Common Stock",Financial Services,Banks - Regional,United States,その他,20.700000762939453,2.154005504,8.13541079984665,0.43822966932775914,-0.22884396904675142,-0.21509739986607307,,1.2632270531400966,0.10740486730261654,55.48387612810498,0.07375731167048726,0.011461306828899993,True,44,55,30,100,60,B,-20,34.0,42.25,33.5,42.25,Transition
CLMT,"Calumet, Inc - Common Stock",Basic Materials,Specialty Chemicals,United States,その他,34.41999816894531,2.99960448,27.890180316314698,-0.012483887907576263,0.0020090887347524516,-0.10782493651708171,0.05938942737666481,1.4597887896019497,0.9145375432332924,51.09407528226257,0.02586411854231133,0.07992519889501241,True,12,43,20,100,87,S,-20,12.700000000000003,35.95,33.400000000000006,35.95,Transition
CLSK,"CleanSpark, Inc. - Common Stock",Financial Services,Capital Markets,United States,その他,16.479999542236328,4.228909824,410.98061818422315,1.0221074074855925,1.2502968980095956,0.2804257745675727,0.4160618232212905,0.01553086462485746,0.2589612301174351,52.487801111007215,0.20302504645959887,0.2896552155049023,True,31,57,48,85,53,B,-30,11.299999999999997,30.799999999999997,28.250000000000007,30.799999999999997,Transition
CMCSA,Comcast Corporation - Class A Common Stock,Communication Services,Telecom Services,United States,その他,24.5,87.51960064,758.13584,-0.00019396917506526255,0.017759023459349193,0.001194133100546007,0.7174695045551182,0.5335246751175955,0.36289710267724506,40.32697306944319,-0.06976390508064347,0.24890329834389893,False,21,24,38,40,80,S,0,29.75,32.0,46.900000000000006,46.900000000000006,Persistence
CME,CME Group Inc. - Class A Common Stock,Financial Services,Financial Data & Stock Exchanges,United States,その他,269.5299987792969,97.387323392,955.16310497406,0.06370206032528017,0.09880083887504705,0.11146750607642347,0.8609023709474588,0.16602252189628805,0.017247392203168767,36.48196872790286,-0.04794094088078603,0.15026586545756018,False,17,24,57,40,80,S,-20,6.75,12.0,37.35,37.35,Persistence
CNOB,"ConnectOne Bancorp, Inc. - Common Stock",Financial Services,Banks - Regional,United States,その他,32.77000045776367,1.647702528,10.55095704738617,0.4322496355064094,-0.018736041797500623,-0.14667271262866166,,0.7749837454091764,0.0812556864033365,73.92687363676859,0.1169240615639988,0.0,True,53,32,30,100,10,D,-25,30.75,15.0,18.5,30.75,Acceleration
CNXC,Concentrix Corporation - Common Stock,Technology,Information Technology Services,United States,その他,26.200000762939453,1.5983264,30.268729881420136,0.02150672114275021,0.3519743472182828,0.12494843443872715,0.34959200657129097,0.33527161616868423,0.43104515659478976,49.3755602092673,-0.0027603111278675166,0.5619340621491989,False,9,12,53,100,65,A,-5,23.25,25.5,62.150000000000006,62.150000000000006,Persistence
CNXN,"PC Connection, Inc. - Common Stock",Technology,Electronics & Computer Distribution,United States,その他,72.86000061035156,1.83796992,8.491833071136474,0.025205219765905645,-0.017022820106614506,-0.08779275237472305,0.18774023182000776,-0.6509233701959793,0.0013235375761052612,72.4475412547417,0.10768086100279993,0.0168668194535867,True,30,0,25,100,10,D,-5,33.5,11.0,35.75,35.75,Persistence
COCO,"The Vita Coco Company, Inc. - Common Stock",Consumer Defensive,Beverages - Non-Alcoholic,United States,その他,80.9000015258789,4.620412928,76.93873295116424,0.18171441417173598,0.04538179784932295,0.15387330610794625,0.36504149037357736,-0.0691711389385808,0.03212998581830956,64.17737780048893,0.241746023144041,0.0,True,27,14,49,85,25,D,-20,15.5,5.75,33.2,33.2,Persistence
COHU,"Cohu, Inc. - Common Stock",Technology,Semiconductor Equipment & Materials,United States,半導体,61.33000183105469,2.893264128,101.28312487388611,0.12737599526107637,-0.3685916878561483,-0.21709944326535635,0.4274565299940833,2.366344195519348,0.2636964976162165,70.68195019101206,0.3137657693278008,0.0,True,42,34,30,100,10,D,0,47.5,41.5,43.5,47.5,Acceleration
COIN,"Coinbase Global, Inc. - Class A Common Stock",Financial Services,Financial Data & Stock Exchanges,United States,その他,159.77999877929688,42.09575936,1425.3270659106445,0.09404240810672959,1.1117178931939855,-0.026868945290976668,0.7463949897825262,,0.2639358095583717,35.97418281782787,-0.14001344156728548,0.619372053828361,False,12,0,26,40,33,D,-20,0.0,0.0,10.900000000000002,10.900000000000002,Persistence
COKE,"Coca-Cola Consolidated, Inc. - Common Stock",Consumer Defensive,Beverages - Non-Alcoholic,United States,その他,187.88999938964844,12.506765312,105.86662015609741,0.047587320985385484,0.03694969144216784,0.07303727473033599,0.39739072267712405,0.22607857648879373,0.6756315015716949,62.91267063727005,0.008545978052087264,0.13266282401546414,True,27,12,36,65,80,S,-30,8.0,0.0,22.049999999999997,22.049999999999997,Persistence
COLB,"Columbia Banking System, Inc. - Common Stock",Financial Services,Banks - Regional,United States,その他,31.309999465942383,9.063943168,84.81017830338477,0.19284603421461896,-0.03405107661492238,0.5730057406438848,,0.1332263242375602,0.054390112520948046,68.54543727311095,0.07615551133023717,0.010052258016076931,True,25,26,38,85,40,C,-20,15.5,16.25,30.150000000000006,30.150000000000006,Persistence
COLM,Columbia Sportswear Company - Common Stock,Consumer Cyclical,Apparel Manufacturing,United States,その他,66.98999786376953,3.425921536,32.53402741252899,0.008540388804547433,-0.034016086818002854,0.006654153743831102,0.5053119327381834,-0.4974062986246542,0.16311768544435654,62.51738234256412,0.09259941335866602,0.011801195470622442,True,26,0,33,85,40,C,0,36.25,16.75,47.400000000000006,47.400000000000006,Persistence
CORZ,"Core Scientific, Inc. - Common Stock",Technology,Software - Infrastructure,United States,ソフトウェア,27.600000381469727,8.773634048,352.4535228713894,-0.37529568881787134,0.01646496815286624,-0.21538372639630932,0.11879543224698215,-7.814459996940492,0.49518708969503045,58.67952853949118,0.21203605767043746,0.04991390339663017,True,0,18,2,85,57,B,0,18.45,31.95,33.75,33.75,Persistence
COST,Costco Wholesale Corporation - Common Stock,Consumer Defensive,Discount Stores,United States,その他,982.3499755859375,435.651411968,2484.888645493774,0.08167323631476146,0.05020017334599034,0.06757316460604351,0.12843206714262356,0.1822295972243174,0.10600656299044087,34.55192778837517,-0.021932887412362406,0.10231922673330159,True,20,24,42,10,90,S,0,25.5,28.5,43.6,43.6,Persistence
CPB,The Campbell's Company - Common Stock,Consumer Defensive,Packaged Foods,United States,その他,22.809999465942383,6.802084352,211.89885038874627,0.06403071814030718,0.02981724911830715,0.09285213735108619,0.3042036477128645,0.05538922155688623,0.48415682062298604,77.53083780107829,0.09133532203517136,0.29899082657002723,False,24,24,38,85,23,D,-20,13.049999999999997,13.049999999999997,26.750000000000007,26.750000000000007,Persistence
CPRT,"Copart, Inc. - Common Stock",Industrials,Specialty Business Services,United States,その他,30.75,28.468703232,345.96225375,0.09680248620251543,0.09492267512387847,0.10528572338536059,0.4518317144247914,0.2799430933032715,0.010280448665540504,25.16338687831177,-0.06366471353620752,0.38463079349976215,False,31,24,50,65,36,C,0,36.6,31.35,50.95,50.95,Persistence
CROX,"Crocs, Inc. - Common Stock",Consumer Cyclical,Footwear & Accessories,United States,その他,124.70999908447266,6.196795904,162.10117455997468,-0.014982784461062458,0.03527227675920357,0.11458895044564182,0.5833360350458726,-0.28591468890383787,0.3865738068147793,69.0622526637156,0.17000814924895677,0.02394926539085735,True,8,0,29,85,25,D,0,21.25,15.25,42.2,42.2,Persistence
CRUS,"Cirrus Logic, Inc. - Common Stock",Technology,Semiconductors,United States,半導体,164.08999633789062,8.27878656,89.97874949188233,0.05342715512080997,0.059918161541514574,-0.05729659883949185,0.5277776526137503,0.5296970980214767,0.053819554635020694,44.11177892943373,-0.00820084333329364,0.08278366720997851,True,17,24,38,85,100,S,0,35.5,40.75,62.150000000000006,62.150000000000006,Persistence
CRVL,CorVel Corp. - Common Stock,Financial Services,Insurance Brokers,United States,その他,60.34000015258789,3.058706176,13.940651935253143,0.07027553933779893,0.1260865246425612,0.10680915495113852,0.2429383835823091,0.20448885976408912,0.043713237924309395,42.481197795888825,0.04136824054515077,0.42571618608693823,False,5,24,50,85,65,A,-20,3.0,17.25,41.75,41.75,Persistence
CRWD,"CrowdStrike Holdings, Inc. - Class A Common Stock",Technology,Software - Infrastructure,United States,ソフトウェア,682.7999877929688,173.816856576,2646.9492606781005,0.21711245176577237,0.29391354434791717,0.3633347849133246,0.7466899972049074,0.16254614170161044,0.07396954761225268,52.65907221066207,0.2558414418139393,0.12704398952702026,True,23,17,97,25,70,A,0,28.0,23.5,73.6,73.6,Persistence
CRWV,"CoreWeave, Inc. - Class A Common Stock",Technology,Software - Infrastructure,United States,ソフトウェア,100.55000305175781,54.857101312,2850.9163575271605,1.6793733681462142,3.0,3.0,0.7168193334632625,-0.21804132370233495,0.6048841831974362,45.92947137035232,-0.07738323967071643,0.45228237254136133,True,37,10,50,40,65,A,-10,30.25,10.0,40.5,40.5,Persistence
CSCO,"Cisco Systems, Inc. - Common Stock",Technology,Communication Equipment,United States,通信/光通信,121.0999984741211,477.307731968,3176.1187239804076,0.05298961024478189,-0.05605459840696165,0.10553368116841554,0.6493804497475907,0.30146914789422136,0.22972254703943873,50.88939777742505,0.1874737552813971,0.06846155019906851,True,35,12,42,10,57,B,0,33.45,16.2,37.0,37.0,Persistence
CSGP,"CoStar Group, Inc. - Common Stock",Real Estate,Real Estate Services,United States,その他,32.84000015258789,13.41040128,278.27663769298556,0.18676900584795322,0.11446028513238289,0.124908357771261,0.7887280566676933,1.1673469387755102,0.11235528563294743,42.570270665003925,-0.06836879403029068,0.6608489152991458,False,50,27,75,65,55,B,0,52.75,35.5,68.5,68.5,Persistence
CSWC,Capital Southwest Corporation - Common Stock,Financial Services,Asset Management,United States,その他,23.540000915527344,1.462792832,14.548309065818787,0.3903153794566985,-0.001907189554469517,0.7747058727808244,,0.11480696497414627,0.5195020201899594,63.604239568225076,0.00938908656803611,0.023425618470574124,True,34,32,10,100,55,B,-35,11.0,9.5,6.5,11.0,Acceleration
CTAS,Cintas Corporation - Common Stock,Industrials,Specialty Business Services,United States,その他,176.27999877929688,70.536134656,400.1573600289917,0.07748211218226426,0.0885737818220963,0.12239035177343213,0.5003939486165667,0.05906459855180524,0.2701695561462564,54.53806963061445,0.018673067889584834,0.21353732858334093,False,10,24,46,40,90,S,0,22.5,33.0,53.3,53.3,Persistence
CTSH,Cognizant Technology Solutions Corporation - Class A Common Stock,Technology,Information Technology Services,United States,その他,52.16999816894531,24.676409344,480.49116098579407,0.06951763275233076,0.019790213403606677,-0.0038604076590487957,0.33717074095129806,0.42036124794745483,0.05567369031509762,47.81296353193933,-0.03968474365957709,0.3909433314916817,False,39,12,34,65,73,A,0,46.3,26.05,49.550000000000004,49.550000000000004,Persistence
CVBF,CVB Financial Corporation - Common Stock,Financial Services,Banks - Regional,United States,その他,21.229999542236328,3.746143744,29.070875273170472,0.0830747119795092,-0.13045202075568224,-0.009886302993026222,,-0.11153987654825655,0.03198760621004828,63.17363200643244,0.044711460278700446,0.0,True,18,12,25,85,55,B,-20,11.75,7.25,26.0,26.0,Persistence
CVCO,"Cavco Industries, Inc. - Common Stock",Consumer Cyclical,Residential Construction,United States,その他,592.760009765625,4.554755584,88.42793825683594,0.11364513673815083,0.12294795162893528,-0.16237405569481306,0.23474530018868303,0.47759901699253193,0.02061980807959553,77.8689283512945,0.1483978338536268,0.15048153882488782,True,10,26,30,85,35,C,0,23.75,35.75,44.75,44.75,Persistence
CVLT,"Commvault Systems, Inc. - Common Stock",Technology,Software - Application,United States,ソフトウェア,127.76000213623047,5.270180352,93.2999355600357,0.18889856461156326,0.1863241691659309,0.06966313616028753,0.8115047013998598,0.1646400754324104,0.48640119174788804,82.38079946500295,0.2453479957012044,0.34619518068714134,True,52,14,57,85,18,D,0,53.55,25.05,56.2,56.2,Persistence
CWST,"Casella Waste Systems, Inc. - Class A Common Stock",Industrials,Waste Management,United States,その他,89.37000274658203,5.68482048,54.262337717628476,0.17951650406509287,0.23149962595153029,0.16538090423919144,0.33766450117348207,0.0794496968451341,0.3751149598919392,54.20240221396541,0.0570677287430095,0.24153440246295474,False,11,14,75,85,75,A,0,28.5,30.75,77.5,77.5,Persistence
CZR,"Caesars Entertainment, Inc. - Common Stock",Consumer Cyclical,Resorts & Casinos,United States,その他,29.489999771118164,6.006923264,337.9589361769867,0.021431747443308138,-0.024548924358084662,0.06533592089455688,0.5,3.0,0.7870033819020829,84.00001525878906,0.05713322181550047,0.06410664687689066,True,38,25,28,85,37,C,-10,34.95,25.200000000000003,34.050000000000004,34.95,Acceleration
DASH,"DoorDash, Inc. - Common Stock",Consumer Cyclical,Internet Retail,United States,その他,150.5800018310547,65.61052672,715.3024413980866,0.27933221413915316,0.24169079328314996,0.31171198541698314,0.5087847196908946,0.013318534961154272,0.16735337504450887,41.59276726430926,-0.07832295124689312,0.46553557517415406,False,43,36,93,40,55,B,0,43.75,38.5,72.15,72.15,Persistence
DAVE,Dave Inc.  - Class A Common Stock,Technology,Software - Application,United States,ソフトウェア,286.7799987792969,3.646191616,182.12107212478637,0.5967165692816558,0.3395807682955541,0.2648678467862408,0.8668668415791202,1.4090920688921964,0.15429056784936132,69.79902179215989,0.15915386730216688,0.0,True,85,64,100,85,25,D,0,79.0,63.25,81.25,81.25,Persistence
DBX,"Dropbox, Inc. - Class A Common Stock",Technology,Software - Infrastructure,United States,ソフトウェア,27.09000015258789,6.320114688,104.19220408687592,-0.010674201397064594,0.018628078030060762,0.07600326895780464,0.8013486711622372,0.06770713793894882,1.260852754051109,47.81490977361398,0.0598259887476877,0.1579110446223556,False,23,38,35,85,75,A,-20,17.5,28.75,35.5,35.5,Persistence
DDOG,"Datadog, Inc. - Class A Common Stock",Technology,Software - Application,United States,ソフトウェア,229.89999389648438,81.835245568,1418.7381513345338,0.2767536858183308,0.2611946574802465,0.2705862336576921,0.7995549081775629,0.1801231578254761,0.1925097880082675,53.152023947062254,0.29755926463630716,0.17150166857440488,True,44,17,100,40,70,A,0,46.0,25.75,79.0,79.0,Persistence
DGII,Digi International Inc. - Common Stock,Technology,Communication Equipment,United States,通信/光通信,68.68000030517578,2.589387008,23.17743970298767,0.014562099394876972,-0.04676418290251299,0.14585356429905338,0.629158037380788,0.30251279895135164,0.18553594769825046,55.14705126123411,0.13390215931832297,0.01632769112906407,True,35,24,42,100,45,C,0,45.75,37.5,57.1,57.1,Persistence
DIOD,Diodes Incorporated - Common Stock,Technology,Semiconductors,United States,半導体,108.75,4.99649024,75.17398125,0.13038699737628898,-0.2109952284925611,-0.16937138229913326,0.312019718326965,1.9551399452715952,0.03905436869408929,57.142853720837785,0.08936063148250488,0.06427466135125491,True,39,26,34,85,72,A,0,49.2,39.45,54.35,54.35,Persistence
DJT,Trump Media & Technology Group Corp. - Common Stock,Communication Services,Internet Content & Information,United States,その他,7.800000190734863,2.160239872,33.93241882975578,0.0176301536420913,-0.12401055408970976,1.8093165589935396,0.5451040026068539,1.1942656796751419,0.3611366992794125,48.32215237620586,-0.1331599456728471,0.6072507577532855,False,48,55,42,100,43,C,0,55.3,60.55,56.7,60.55,Transition
DKNG,DraftKings Inc. - Class A Common Stock,Consumer Cyclical,Gambling,United States,その他,29.0,14.387736576,395.39673,0.26990504224364836,0.30073337292890556,0.6359994661812903,0.4125142765121954,0.7122798154322859,0.4171079442321682,64.56455966241651,0.18671533319055092,0.39871448734715603,False,32,74,71,65,23,D,0,36.05,67.55,59.900000000000006,67.55,Transition
DLTR,"Dollar Tree, Inc. - Common Stock",Consumer Defensive,Discount Stores,United States,その他,114.0,21.907902464,456.18126,0.10429217510026453,0.04751774317535799,0.08886870194335399,0.364046610824344,-0.10371318822023047,0.5239488497126138,68.74260122590535,0.12592369631357164,0.19269177409645358,True,27,37,33,65,50,B,0,35.0,42.5,44.400000000000006,44.400000000000006,Persistence
DOCU,"DocuSign, Inc. - Common Stock",Technology,Software - Application,United States,ソフトウェア,45.029998779296875,8.598235136,184.89925403762817,0.08155266551753446,0.07779369285146867,0.09776443162825453,0.7940481441217581,0.15025579060377015,0.04376801314560651,40.11423642874645,-0.05263027356200285,0.4702976397161445,False,35,12,57,85,55,B,0,44.5,27.25,63.6,63.6,Persistence
DORM,"Dorman Products, Inc. - Common Stock",Consumer Cyclical,Auto Parts,United States,その他,127.86000061035156,3.820813312,31.860154952087402,0.06028378501461031,0.041149079588016925,0.11307230746780532,0.4214096574268924,-0.6051423084550114,0.21518821312449912,71.92824538319056,0.09895022050649528,0.23133339289832422,False,25,12,41,85,40,C,0,35.5,25.75,51.8,51.8,Persistence
DOX,Amdocs Limited - Ordinary Shares,Technology,Software - Infrastructure,United States,ソフトウェア,56.400001525878906,5.987649536,65.57148777400971,-0.09432108641997015,0.024028194084970998,0.06792081713078231,0.37979550898064884,0.042348687176156384,0.1322279165993315,29.021456135205938,-0.10759491579709503,0.37936219169544033,False,9,24,34,85,36,C,0,23.1,34.35,47.150000000000006,47.150000000000006,Persistence
DPZ,Domino's Pizza Inc - Common Stock,Consumer Cyclical,Restaurants,United States,その他,323.8800048828125,10.772854784,233.99682592773436,0.04962969699236107,0.05068985332273062,-0.012739252192672152,0.3995065581051313,0.31150051170675686,2.9411037490554683,57.67308856028217,-0.032491056032589095,0.3242518755323007,False,9,24,24,65,73,A,-40,0.0,0.0,4.050000000000004,4.050000000000004,Persistence
DRS,"Leonardo DRS, Inc. - Common Stock",Industrials,Aerospace & Defense,United States,防衛/宇宙,48.529998779296875,12.945963008,42.67800887649536,0.1280148423005566,0.14437367303609341,0.049387300408466395,0.2382127192982456,0.22043010752688172,0.10477039679001338,60.789011292697616,0.09515502877688073,0.023344734946090243,True,10,26,50,65,40,C,0,21.25,33.25,51.75,51.75,Persistence
DRVN,Driven Brands Holdings Inc. - Common Stock,Consumer Cyclical,Auto & Truck Dealerships,United States,その他,13.430000305175781,2.21535872,21.653122342033384,0.06274665102403684,0.024815793782601576,-0.15893908795717476,0.5080244281957306,3.0,0.6396709552106772,45.75000011920923,0.0206098073690357,0.3008849065468628,False,50,60,28,100,73,A,-10,49.8,57.3,45.00000000000001,57.3,Transition
DSGR,"Distribution Solutions Group, Inc. - Common Stock",Industrials,Industrial Distribution,United States,その他,27.719999313354492,1.28052992,1.781148555879593,0.09751045394278822,0.1488166724189093,0.3638804886479501,0.33435874229743795,0.30348767288033673,0.4684325534235263,60.112351423680586,0.01744183685783334,0.16656642476713543,False,9,47,63,100,70,A,-5,23.75,52.25,68.65,68.65,Persistence
DUOL,"Duolingo, Inc. - Class A Common Stock",Technology,Software - Application,United States,ソフトウェア,122.62999725341797,5.713713664,175.26156577461242,0.38710656342577243,0.40841898743948984,0.43739157498748293,0.7223062310799363,0.36331622366883154,0.04707351035196584,69.88085912017499,0.1519551007128703,0.7438430964443545,False,34,39,97,85,15,D,0,39.75,43.5,77.6,77.6,Persistence
DXPE,"DXP Enterprises, Inc. - Common Stock",Industrials,Industrial Distribution,United States,その他,168.91000366210938,2.619002368,23.617841262054444,0.11893465183902688,0.07353747170260931,0.1335519491745181,0.315383375529728,-0.3002864809509612,0.5362135827268115,76.01599071042799,0.08256769096115978,0.06941761460001603,True,27,14,41,100,37,C,0,38.95,29.2,54.949999999999996,54.949999999999996,Persistence
EA,Electronic Arts Inc. - Common Stock,Communication Services,Electronic Gaming & Multimedia,United States,その他,203.27000427246094,50.97025536,390.149331750412,0.009111617312072893,-0.013091774662787622,0.01831403178023162,0.789669366617979,0.2502691065662002,0.11788896504455106,72.43171164235734,0.005890319924909119,0.005543543880255272,True,38,12,45,40,40,C,0,38.5,19.0,42.75,42.75,Persistence
EBAY,eBay Inc. - Common Stock,Consumer Cyclical,Internet Retail,United States,その他,108.61000061035156,48.222838784,504.5330954853058,0.07945152192939804,0.016910601265822785,0.032363450740173556,0.7145045045045045,-0.2668711656441718,0.4077228847245883,33.29268848828838,0.02182774418678274,0.0844729297640563,True,30,12,41,40,90,S,0,37.5,24.0,50.55,50.55,Persistence
EBC,"Eastern Bankshares, Inc. - Common Stock",Financial Services,Banks - Regional,United States,その他,20.75,4.460834816,47.3558575,-0.004203668932444681,1.3183180397813592,-0.5151100179279284,,0.5278970909777023,0.006526234667597088,63.26946999578902,0.03862207230346606,0.04201249851070876,True,9,12,38,85,67,A,-20,6.199999999999999,8.45,35.550000000000004,35.550000000000004,Persistence
ECPG,Encore Capital Group Inc - Common Stock,Financial Services,Credit Services,United States,その他,81.33999633789062,1.743963008,23.47675644302368,0.3437058679192106,0.07661939346353912,-0.12562475551490437,0.5460368090945171,-0.00015754358049295387,0.7493338701824038,53.58942107847424,0.010482437521654293,0.03637018352123161,True,62,65,23,100,87,S,-35,35.2,37.45,20.049999999999997,37.45,Transition
EEFT,"Euronet Worldwide, Inc. - Common Stock",Technology,Software - Infrastructure,United States,ソフトウェア,66.66000366210938,2.538086144,46.426359450531,0.0637625946162715,0.08183297180043383,0.09801119447421698,0.41317562791574386,-0.2945094217024042,0.33555257601676763,51.01412447623584,-0.05137592909463557,0.38123084020289244,False,4,12,37,100,63,B,0,24.3,30.3,57.95,57.95,Persistence
EFSC,Enterprise Financial Services Corporation - Common Stock,Financial Services,Banks - Regional,United States,その他,64.19000244140625,2.34844288,12.870095489501953,0.15980212663067714,-0.017993713841190417,0.09890107658757072,,-0.24338855892466396,0.010902506484639744,65.10792304736813,0.08199499406956087,0.0,True,23,14,25,100,40,C,-20,16.25,9.5,26.75,26.75,Persistence
ENPH,"Enphase Energy, Inc. - Common Stock",Technology,Solar,United States,電力/エネルギー,54.59000015258789,7.194865152,522.1833759595871,0.1071886817555546,-0.4192460579032699,-0.017189844232991098,0.4664025770798752,-0.8002432882236419,0.3454871399786654,40.4569368445514,0.21674512727554257,0.24526477574137398,True,34,21,29,85,70,A,0,45.25,35.5,51.2,51.2,Persistence
ENTG,"Entegris, Inc. - Common Stock",Technology,Semiconductor Equipment & Materials,United States,半導体,150.52000427246094,22.92419584,459.67906184783936,-0.013760335678143897,-0.08022361588013281,0.07369426206256914,0.44419070262153537,0.25340082252451757,0.4546075085324232,60.20354184634264,0.0816626252143659,0.03717670268164111,True,37,34,26,65,52,B,0,42.7,40.45,40.95,42.7,Acceleration
ENVX,Enovix Corporation - Common Stock,Industrials,Electrical Equipment & Parts,United States,電力/エネルギー,6.659999847412109,1.452901888,52.25848800270081,0.3790846840599809,2.018576661433804,0.2325056433408578,0.19185443574997643,0.38581654682097816,0.6147842657641003,49.80314977259653,-0.006177836869894083,0.5819209215427181,False,29,68,38,100,65,A,-25,18.25,47.5,33.900000000000006,47.5,Transition
EOSE,"Eos Energy Enterprises, Inc. - Common Stock",Industrials,Electrical Equipment & Parts,United States,電力/エネルギー,6.059999942779541,2.057454976,138.4119136930704,3.0,-0.04713640249114666,-0.08625306851149298,-1.2594853024876755,-0.4208965273992369,0.942624071251936,34.227120025144515,-0.14362026059288527,0.6842105380859941,False,65,40,8,100,33,D,-30,37.05,18.299999999999997,6.0,37.05,Acceleration
ERIE,Erie Indemnity Company - Class A Common Stock,Financial Services,Insurance Brokers,United States,その他,226.6699981689453,11.852544,39.47684688110352,0.07409012625297613,0.16716587856459053,0.16063891649907652,,0.17384931044974958,,52.20535381814671,-0.011345670867848033,0.37620606444286236,False,2,12,40,65,73,A,-20,0.0,6.050000000000001,32.85,32.85,Persistence
EVCM,EverCommerce Inc. - Common Stock,Technology,Software - Application,United States,ソフトウェア,9.130000114440918,1.615559936,1.207579465136528,0.047532395919492695,0.051066518842861175,-0.13834160832288891,0.7757489722485893,-0.1554383805805466,0.3815376069584792,30.303032492365773,-0.1621854632904576,0.318656688481137,False,18,42,36,100,41,C,-5,27.6,45.6,48.0,48.0,Persistence
EVLV,"Evolv Technologies Holdings, Inc. - Class A Common Stock",Industrials,Security & Protection Services,United States,その他,6.090000152587891,1.09541696,16.347417859592436,0.4047561738795552,0.3054106705209577,0.5092281720062976,0.5161029436962407,0.7311749086801531,0.13875739547779467,47.011960062706926,-0.049803388148660525,0.3047945212936091,False,59,68,73,100,73,A,-5,61.55,68.3,74.75,74.75,Persistence
EVRG,"Evergy, Inc. - Common Stock",Utilities,Utilities - Regulated Electric,United States,電力/エネルギー,83.8499984741211,19.328516096,168.36241193618775,0.019547483453901802,0.06156276097454704,-0.05988974415865918,0.522661701556629,-1.1300651742703316,0.4478018174587979,49.59926953395424,0.024291113362662133,0.0038018260875082597,True,8,0,10,65,75,A,0,23.25,17.25,36.75,36.75,Persistence
EWBC,"East West Bancorp, Inc. - Common Stock",Financial Services,Banks - Regional,United States,その他,132.6300048828125,18.16981504,99.77158432312012,0.12861419870456148,0.0016864262009981177,0.10486412690774066,,,0.039458582934987864,73.41211153863925,0.09292152176198604,0.0,True,23,14,22,65,25,D,-20,9.5,2.75,13.350000000000001,13.350000000000001,Persistence
EXC,Exelon Corporation - Common Stock,Utilities,Utilities - Regulated Electric,United States,電力/エネルギー,46.209999084472656,47.282446336,380.7532947563934,0.05341323606044815,0.05987941271229346,0.13885103260299822,0.42930167367466404,-0.48887434554973824,0.42961310800377456,53.41220974381013,0.009365423394078483,0.07248807214665832,True,7,12,18,40,87,S,0,19.950000000000003,23.700000000000003,37.3,37.3,Persistence
EXE,Expand Energy Corporation - Common Stock,Energy,Oil & Gas E&P,United States,電力/エネルギー,88.77999877929688,21.238736896,285.70779697158815,1.8877043354655294,-0.45710610932475887,-0.3205453115441755,0.5084912626138322,3.0,0.17888075794534591,26.04600941065307,-0.07390662928860815,0.26922750606503193,False,73,87,46,65,36,C,0,68.1,78.6,48.75,78.6,Transition
EXLS,"ExlService Holdings, Inc. - Common Stock",Technology,Information Technology Services,United States,その他,28.84000015258789,4.406259712,67.7617433585167,0.1356129227381618,0.1273735671516213,0.15482803652010843,0.3837160789565829,0.3412893733999811,0.23711297206319926,44.49918021619743,-0.04114051836025263,0.40141137463858156,False,32,26,64,85,65,A,0,43.25,38.75,69.45,69.45,Persistence
EXPE,"Expedia Group, Inc. - Common Stock",Consumer Cyclical,Travel Services,United States,その他,224.88999938964844,26.991765504,339.7863000778198,0.07610839237455262,0.0663603084352364,0.10045427273506471,0.9011742347111925,0.33533705452984114,0.26235072795681336,60.62364399023748,-0.042017922697067674,0.25041851963365164,False,41,24,53,65,53,B,0,45.8,33.05,56.00000000000001,56.00000000000001,Persistence
EXPO,"Exponent, Inc. - Common Stock",Industrials,Engineering & Construction,United States,その他,57.08000183105469,2.769043712,34.137836695098876,0.042075937219120736,0.040516724233651165,0.04573021646505992,,-0.11088823965464614,0.10653630329290989,48.60115325858804,-0.07604430554276566,0.2778620146669031,False,18,0,37,100,63,B,0,34.8,21.3,57.95,57.95,Persistence
EXTR,"Extreme Networks, Inc. - Common Stock",Technology,Communication Equipment,United States,通信/光通信,31.110000610351562,4.068506368,64.4964755153656,0.0204653943822206,-0.1487678806266734,0.1799237809948747,0.6220046716552624,2.407413354743744,0.19375521367165618,70.15362179272074,0.3729401716046765,0.0,True,45,37,42,85,10,D,0,47.5,41.5,46.35,47.5,Acceleration
EYE,"National Vision Holdings, Inc. - Common Stock",Consumer Cyclical,Specialty Retail,United States,その他,18.610000610351562,1.490971136,45.05174082756042,0.0900379527455411,0.03811780085187014,0.0679137215559305,0.5876860640164872,0.9256763842281879,0.3501576364712418,59.68587413495241,-0.10988450757415621,0.3682959542194878,False,35,47,46,100,63,B,-5,42.55,51.55,57.9,57.9,Persistence
EZPW,"EZCORP, Inc. - Class A Non-Voting Common Stock",Financial Services,Credit Services,United States,その他,31.25,1.922999296,25.47046875,0.09700224345343758,0.1072989520905284,0.18371858162430535,0.5854796434064726,0.41867516316357467,0.39157260959743423,39.98422376026854,-0.008012089697658717,0.09812413783992364,True,13,24,54,100,90,S,-25,8.75,17.0,47.7,47.7,Persistence
FA,First Advantage Corporation - Common Stock,Industrials,Specialty Business Services,United States,その他,16.489999771118164,2.828645632,13.653719810485839,0.8302486035305537,0.12627510438474862,-0.057111958549325145,0.45673782019564413,3.0,0.544924333598866,60.985629862126416,0.17569887473937715,0.10380434168534365,True,82,75,38,100,50,B,0,81.5,76.25,55.900000000000006,81.5,Acceleration
FAC,Factorial Energy Inc. - Class A Common Stock,Industrials,Electrical Equipment & Parts,United States,電力/エネルギー,15.329999923706055,1.646687104,11.163075994443894,,,,,0.20251065241242058,0.4368310397553517,62.043152352335554,0.35455377785464676,0.3012762283251002,True,5,12,2,100,33,D,-15,7.050000000000001,12.3,17.700000000000003,17.700000000000003,Persistence
FANG,"Diamondback Energy, Inc. - Common Stock",Energy,Oil & Gas E&P,United States,電力/エネルギー,192.1300048828125,54.04872704,463.582803581543,0.35434999546402973,0.32186113442858855,-0.12826677817269497,0.3497220175497354,0.8691849646445851,0.2093893806555116,43.52550664756517,-0.017880478078600288,0.09594870971945647,True,57,20,29,40,100,S,0,58.75,31.0,45.95,58.75,Acceleration
FAST,Fastenal Company - Common Stock,Industrials,Industrial Distribution,United States,その他,46.56999969482422,53.463994368,312.82233045005796,0.08673469387755102,0.027127826098792655,0.05244534853737501,0.45011889518931775,0.10963244613434728,0.0874547289675236,67.05577223841502,0.03356130402780178,0.0608869584629436,True,28,24,50,40,67,A,0,33.7,30.7,50.9,50.9,Persistence
FBNC,First Bancorp - Common Stock,Financial Services,Banks - Regional,United States,その他,61.779998779296875,2.5561728,12.092508061065674,0.11689860256801757,-0.1382546803338262,0.019031663252953586,,0.15548093235109572,-0.0002174712880670465,63.410453259623864,0.05335663889846525,0.002935061592951518,True,25,26,30,100,40,C,-20,17.75,18.5,29.5,29.5,Persistence
FCEL,"FuelCell Energy, Inc. - Common Stock",Industrials,Electrical Equipment & Parts,United States,電力/エネルギー,16.940000534057617,1.14528256,198.21994354916572,0.41049834124068063,-0.09126861921973516,-0.0543361638208516,-0.16696804542178273,0.3041904555702512,0.15443932602832602,32.509753355924985,0.14195578904544842,0.3578468130032593,True,47,50,10,100,43,C,-15,39.55,41.8,24.1,41.8,Transition
FCFS,"FirstCash Holdings, Inc. - Common Stock",Financial Services,Credit Services,United States,その他,224.88999938964844,9.858433024,89.50059750709534,0.08042729054682968,0.07510574922996285,0.1549516259414821,0.5027548160455914,0.12576079098943638,0.4845828798608804,48.34437321557459,0.037754298102252386,0.03302190483857412,True,31,24,50,85,87,S,-20,24.700000000000003,19.450000000000003,46.150000000000006,46.150000000000006,Persistence
FCNCA,"First Citizens BancShares, Inc. - Class A Common Stock",Financial Services,Banks - Regional,United States,その他,2108.610107421875,24.432410624,149.4688274645996,-0.026105263157894736,0.08521818597212703,0.9341581970835174,,-0.06331727460426703,0.1572194794904614,66.43542795327807,0.060826193963620274,0.04106869471307283,True,0,0,33,65,52,B,-20,0.0,0.0,24.800000000000004,24.800000000000004,Persistence
FELE,"Franklin Electric Co., Inc. - Common Stock",Industrials,Specialty Industrial Machinery,United States,電力/エネルギー,103.56999969482422,4.575732736,26.7661128711319,0.054374299042071576,-0.021205413888597004,0.010481912560043959,0.35468621700879766,-0.1189506125068853,0.12035167932276787,61.75033410372925,0.042111797453892374,0.05463339165186767,True,22,0,29,85,67,A,0,35.95,19.45,50.6,50.6,Persistence
FFBC,First Financial Bancorp. - Common Stock,Financial Services,Banks - Regional,United States,その他,32.29999923706055,3.389218816,27.660265846652983,0.07648119026589978,-0.005491601919561243,0.18539921894399422,,0.3153421464155201,0.05629053272223476,68.0063670273441,0.07854607117987211,0.0,True,23,24,30,85,40,C,-20,14.0,14.75,25.75,25.75,Persistence
FFIN,"First Financial Bankshares, Inc. - Common Stock",Financial Services,Banks - Regional,United States,その他,33.650001525878906,4.82143744,27.737023257751463,0.14910332062781523,0.12339320864597562,-0.08036904585564043,,-0.023607047634003706,0.0013630940804880026,66.69244338146557,0.05753560484576974,0.09213461544597107,True,35,14,25,85,65,A,-20,25.5,9.75,28.0,28.0,Persistence
FFIV,"F5, Inc. - Common Stock",Technology,Software - Infrastructure,United States,ソフトウェア,396.1600036621094,22.351048704,263.6860792375183,0.09656974844821954,0.0010489949235186367,0.04352030624906106,0.8141306290785966,0.18949825920234328,0.04142595639016554,51.62033915266171,0.1378375892011215,0.03170141780341468,True,35,24,57,65,57,B,0,41.7,33.45,59.0,59.0,Persistence
FHB,"First Hawaiian, Inc. - Common Stock",Financial Services,Banks - Regional,United States,その他,28.690000534057617,3.490109184,39.4744282848072,0.09386092860554272,-0.038003762502871546,0.056727342392702114,,0.05039845673774585,0.0,66.42156312760156,0.07197877105285573,0.0,True,20,24,30,85,40,C,-20,11.75,14.75,25.75,25.75,Persistence
FIBK,"First Interstate BancSystem, Inc. - Common Stock",Financial Services,Banks - Regional,United States,その他,37.11000061035156,3.604972288,36.53182680084228,0.05911773532059618,-0.02544355624878144,-0.07234581298607343,,-0.16325301204819276,0.011110860866497001,62.423289282995775,0.0672788051060284,0.024262436883541946,True,30,12,25,85,40,C,-20,19.25,5.75,23.0,23.0,Persistence
FISV,"Fiserv, Inc. - Common Stock",,,,その他,53.779998779296875,28.678397952,359.806745933075,0.03602854908095424,0.07138741947310533,0.07645035800868241,0.5936394092388997,-0.15073093638877913,0.36343329215179765,39.9035402676269,-0.06563166707200067,0.6936485454606298,False,8,12,41,65,45,C,0,20.25,23.25,47.8,47.8,Persistence
FIVE,"Five Below, Inc. - Common Stock",Consumer Cyclical,Specialty Retail,United States,その他,198.49000549316406,10.97557504,324.669109535141,0.22897299567370483,0.08910511947482826,0.1570262145402866,0.3599145870184106,2.8600240028503383,0.4116226816222502,37.32658061193102,-0.1017747050743486,0.19870009239294778,True,43,29,53,65,80,S,0,50.0,39.5,61.400000000000006,61.400000000000006,Persistence
FIVN,"Five9, Inc. - Common Stock",Technology,Software - Infrastructure,United States,ソフトウェア,21.229999542236328,1.625453312,68.34127922641754,0.10283721296276746,0.14437312737784572,0.16902186054752802,0.5507445904926341,1.0635844036814033,0.44975783069935815,43.19999579535519,0.07444706133178126,0.2719478856883311,True,31,63,60,100,68,A,-5,40.05,64.05,66.6,66.6,Persistence
FIZZ,National Beverage Corp. - Common Stock,Consumer Defensive,Beverages - Non-Alcoholic,United States,その他,36.939998626708984,3.45876992,11.792355761604309,0.008106107775989474,0.01599581220394703,0.03068418374834031,0.3695338759433106,0.016753476883423723,0.10719020301399994,58.829781405796304,0.055042688376477335,0.2254141394329883,True,6,24,46,85,85,S,-20,5.75,19.25,43.55,43.55,Persistence
FLEX,Flex Ltd. - Ordinary Shares,Technology,Electronic Components,United States,半導体,149.7100067138672,54.850441216,858.0097564281464,0.08139309650176267,-0.022790081393147834,-0.07322293172408954,0.09196102314250913,-0.014058106841611996,0.1956482320942883,61.62979639639676,0.29589656877772325,0.07552177067531024,True,30,12,25,40,37,C,0,32.2,18.7,31.15,32.2,Acceleration
FLNC,"Fluence Energy, Inc. - Class A Common Stock",Utilities,Utilities - Renewable,United States,電力/エネルギー,23.709999084472656,4.370006016,327.74663674453734,-0.16146821899960054,0.21667663069696813,0.8504692546239246,0.13071463609727643,-3.888107395816175,0.165805685193042,53.91396177057624,0.3170831455256763,0.26435000244410484,True,0,0,18,85,53,B,-10,8.05,8.05,31.75,31.75,Persistence
FLYW,Flywire Corporation - Voting Common Stock,Technology,Software - Infrastructure,United States,ソフトウェア,14.710000038146973,1.815476992,32.97055278550148,0.2659404564517702,0.22091621309173542,0.3929814254859611,0.6142048874443241,-0.022817760851689965,0.001073953593396063,35.34302829438437,0.014762696856444735,0.1703327457451494,True,42,24,92,100,90,S,-5,50.5,37.0,88.6,88.6,Persistence
FMBH,"First Mid Bancshares, Inc. - Common Stock",Financial Services,Banks - Regional,United States,その他,46.66999816894531,1.242159104,5.257375293731689,0.07419577566456391,0.15896219723781221,0.07958878343196196,,0.03806494810847004,0.046151347277616286,70.33113613374387,0.07548927722441404,0.0,True,2,24,50,100,25,D,-25,0.0,10.5,32.5,32.5,Persistence
FORM,"FormFactor, Inc. - Common Stock",Technology,Semiconductor Equipment & Materials,United States,半導体,139.2100067138672,10.852083712,227.29026611183167,0.028017323228553208,0.15155586923278772,-0.11342532860387974,0.39344427275147675,-0.851576525323017,0.026428458250092702,55.69422810068895,0.06789226193312319,0.10233424638772182,True,4,0,29,65,85,S,0,21.25,18.25,49.2,49.2,Persistence
FOX,Fox Corporation - Class B Common Stock,Communication Services,Entertainment,United States,その他,58.91999816894531,24.757377024,60.78422691101074,0.1659513590844063,-0.06256286461476564,0.06719622155431516,,1.0020066889632107,0.3218366027161026,55.58509295912111,0.02219790008349682,0.12578737311895014,True,38,26,26,65,100,S,0,48.25,39.25,50.55,50.55,Persistence
FOXA,Fox Corporation - Class A Common Stock,Communication Services,Entertainment,United States,その他,65.8499984741211,27.66926848,175.17350744087219,0.1659513590844063,-0.06256286461476564,0.06719622155431516,,1.0020066889632107,0.3218366027161026,55.73970998487471,0.024896319162805058,0.13056077382599493,True,38,26,26,65,100,S,0,48.25,39.25,50.55,50.55,Persistence
FRHC,Freedom Holding Corp. - Common Stock,Financial Services,Financial Conglomerates,United States,その他,138.1999969482422,8.470634496,24.351530462265014,0.08971844658728398,0.21344133955397054,1.0580299185741235,0.5455829305136649,,0.18484324002019273,44.12520041473534,-0.06471535583339201,0.2731671537190189,False,8,12,38,85,63,B,-20,5.050000000000001,8.05,34.75000000000001,34.75000000000001,Persistence
FRME,First Merchants Corporation - Common Stock,Financial Services,Banks - Regional,United States,その他,42.09000015258789,2.6526272,13.050635897312164,0.057819313846414054,-0.03731324942166076,0.0363897450266181,,,0.0450025994605758,64.13899130699973,0.052956163348295386,0.0,True,18,12,10,100,40,C,-20,12.5,8.0,18.5,18.5,Persistence
FROG,JFrog Ltd. - Ordinary shares,Technology,Software - Application,United States,ソフトウェア,77.73999786376953,9.415846912,182.92532457336426,0.24120162058213998,0.22465031467392235,0.24941436937580347,0.7678756768953069,0.31998218609959084,0.009285980004130084,54.92772628020428,0.26456259479771577,0.11969199396490772,True,50,24,100,85,70,A,0,57.25,37.75,90.25,90.25,Persistence
FRPT,"Freshpet, Inc. - Common Stock",Consumer Defensive,Packaged Foods,United States,その他,52.65999984741211,2.587859456,86.63781154895783,0.13006664431175058,0.2715912869428018,0.288154411567094,0.4080035208232193,1.3773015485916351,0.278428935045211,54.238607642503844,-0.08528271232530084,0.3840935690361157,False,24,39,77,100,63,B,-20,19.299999999999997,30.549999999999997,59.94999999999999,59.94999999999999,Persistence
FRSH,Freshworks Inc. - Class A Common Stock,Technology,Software - Application,United States,ソフトウェア,9.444999694824219,2.610920704,113.48374923324585,0.1643333055717498,0.2078828768409475,0.19765702340767752,0.8496141553083002,0.5130356751424814,0.02651942457534479,55.09065090847762,0.07250323392949047,0.3894635079642284,False,39,71,90,100,58,B,0,50.05,74.05,86.1,86.1,Persistence
FSLR,"First Solar, Inc. - Common Stock",Technology,Solar,United States,その他,267.30999755859375,28.723357696,809.672626755066,0.24085054545705253,0.2674882375168821,0.2669713005556024,0.4062437732020073,3.0,0.049194486127865804,52.906830632350655,0.15541049051267858,0.1600628513477023,True,25,42,89,65,70,A,0,35.5,48.25,79.2,79.2,Persistence
FSLY,"Fastly, Inc. - Class A Common Stock",Technology,Software - Application,United States,ソフトウェア,18.549999237060547,2.903074816,131.67865358421327,0.1477755133572201,0.07448397985722982,0.1693061413137674,0.5708216750157848,3.0,0.28689136278849225,59.636990497216296,-0.17471195636904127,0.44626867949072996,True,49,59,54,100,53,B,0,57.05,64.55,65.30000000000001,65.30000000000001,Persistence
FSUN,FirstSun Capital Bancorp - Common Stock,Financial Services,Banks - Regional,United States,その他,36.90999984741211,1.725051776,5.974068025302887,0.08370248301734827,0.03422065734131605,0.13082641068623288,,0.08636686588372967,0.00774634591537557,63.738333083773625,0.011158069126949501,0.10845414282557748,False,20,24,42,100,70,A,-25,12.0,15.0,37.1,37.1,Persistence
FTAI,FTAI Aviation Ltd. - Common Stock,Industrials,Aerospace & Defense,United States,防衛/宇宙,241.9600067138672,24.820977664,245.0171713986969,0.44527497534441446,0.4816866741367295,0.6528484170912083,0.3716557609867397,0.25827936723745404,0.7885417986088851,44.01975765025729,-0.02268247943739933,0.21694236240965656,True,33,54,59,65,100,S,-20,24.5,40.25,48.7,48.7,Persistence
FTDR,"Frontdoor, Inc. - Common Stock",Consumer Cyclical,Personal Services,United States,その他,68.83000183105469,4.834269696,32.379009461364745,0.13503253796095444,0.03653738055087127,0.0703971119133574,0.5527950310559007,0.6883116883116883,0.5560224089635855,81.61210197509075,0.10608308301835888,0.007927290921536986,True,40,26,42,85,10,D,0,43.75,33.25,46.35,46.35,Persistence
FTNT,"Fortinet, Inc. - Common Stock",Technology,Software - Infrastructure,United States,ソフトウェア,146.3000030517578,107.18646272,940.5488211194611,0.14167702071929883,0.12271904690091992,0.2008873998279531,0.8045620330607682,0.18444018731375053,0.09589766295768683,61.951693798301044,0.34238413664332096,0.022516169963358312,True,40,26,82,25,25,D,0,36.25,25.75,56.35,56.35,Persistence
FULT,Fulton Financial Corporation - Common Stock,Financial Services,Banks - Regional,United States,その他,23.360000610351562,4.46488064,38.335746601638796,0.11394611781193321,0.08949465971141368,0.07256404867739134,,-0.23996824480369516,0.01925852470857826,74.36545630845183,0.08209268468516757,0.0,True,35,14,37,85,25,D,-20,21.5,5.75,26.6,26.6,Persistence
FWONA,Liberty Media Corporation - Series A Liberty Formula One Common Stock,Communication Services,Entertainment,United States,その他,81.98999786376953,20.547162112,10.987889563713074,0.22693676430331233,0.02267637178051512,0.3882627283326856,0.33712628290941543,-0.44779411764705884,0.331211845694246,50.236389403802704,-0.0003414130337465865,0.17456965315250755,False,34,40,62,65,90,S,0,44.25,48.75,68.35,68.35,Persistence
FWONK,Liberty Media Corporation - Series C Liberty Formula One Common Stock,Communication Services,Entertainment,United States,その他,88.93000030517578,22.28636672,152.60032332366944,0.22693676430331233,0.02267637178051512,0.3882627283326856,0.33712628290941543,-0.44779411764705884,0.331211845694246,51.0341054136315,-0.00252928734028261,0.17908244436415727,False,34,40,62,65,90,S,0,44.25,48.75,68.35,68.35,Persistence
GABC,"German American Bancorp, Inc. - Common Stock",Financial Services,Banks - Regional,United States,その他,45.90999984741211,1.724577792,6.023851079978943,0.6816980570237475,-0.14266795376036123,-0.034741661115752914,,0.6975980246260348,0.01654960554454879,67.64704682385796,0.05849309975358749,0.0,True,45,34,38,100,40,C,-25,27.75,19.5,28.900000000000006,28.900000000000006,Persistence
GCT,GigaCloud Technology Inc - Class A Ordinary Shares,Technology,Software - Infrastructure,United States,ソフトウェア,34.099998474121094,1.241645568,24.66776839618683,0.11098220391682644,0.6496033849034782,0.43618169612158236,0.2330930299085896,0.28233783726901546,0.3906004279563794,34.818123736577064,-0.16230421816168805,0.34169886146013506,False,10,26,63,100,41,C,-5,21.6,33.6,62.85000000000001,62.85000000000001,Persistence
GEN,Gen Digital Inc. - Common Stock,Technology,Software - Infrastructure,United States,ソフトウェア,24.31999969482422,14.651191296,191.40326159820557,0.27064803049555275,0.035526315789473684,0.14561350618028338,0.7846,0.26285240464344944,0.5298607992815447,46.76165854314165,0.10709179144364597,0.2290139793128035,False,47,29,64,65,60,B,0,51.0,37.5,63.45,63.45,Persistence
GFS,GlobalFoundries Inc. - Ordinary Share,Technology,Semiconductors,United States,半導体,81.37999725341797,44.630130688,525.010845280838,0.006074074074074074,-0.08685064935064934,-0.08830784410458806,0.24885878368428802,-0.08021877848678213,0.09958578846041655,44.89208246115183,0.2067755849019601,0.09537574386809458,True,30,35,25,40,70,A,0,35.5,39.25,37.75,39.25,Transition
GIII,"G-III Apparel Group, LTD. - Common Stock",Consumer Cyclical,Apparel Manufacturing,United States,その他,35.279998779296875,1.488483328,22.849973209381105,-0.07035471624084035,0.026645433119814398,-0.03981928442682495,0.3936504146753547,-0.03381030492984563,0.10904581702300427,73.22916559047152,0.13487949348379227,0.010933541061630197,True,4,0,29,100,10,D,-5,14.0,11.0,37.95,37.95,Persistence
GLXY,Galaxy Digital Inc. - Class A common stock,Financial Services,Capital Markets,United States,その他,33.36000061035156,13.007067136,229.17853379302977,0.41810906217957444,-0.1749112800548723,,-0.001918842550121238,-4.714301941659346,0.4705275720185642,60.603333591825866,0.21898194065180993,0.2216518867175554,True,14,8,2,65,50,B,-30,0.0,0.0,0.0,0.0,Acceleration
GNTX,Gentex Corporation - Common Stock,Consumer Cyclical,Auto Parts,United States,その他,25.860000610351562,5.506934784,55.41707620796203,0.09551431418032026,0.0061322184876935765,0.19815805894615904,0.3419956413347784,0.29555933792700295,0.001296160038340106,78.1512510758884,0.11099813095894868,0.09661011776774729,True,27,12,46,85,35,C,0,36.5,25.25,53.55,53.55,Persistence
GOOG,Alphabet Inc. - Class C Capital Stock,Communication Services,Internet Content & Information,United States,その他,358.1600036621094,4367.737946112,8440.934095506744,0.15090081081544376,0.13866243322901553,0.08682770227269514,0.5965231508603998,0.0068990159969215545,0.09960170070941286,35.732917291324256,-0.003140446580426103,0.1019056804784985,True,45,26,58,10,90,S,0,44.25,30.0,52.400000000000006,52.400000000000006,Persistence
GOOGL,Alphabet Inc. - Class A Common Stock,Communication Services,Internet Content & Information,United States,その他,359.67999267578125,4386.274148352,11680.070040556946,0.15090081081544376,0.13866243322901553,0.08682770227269514,0.5965231508603998,0.0068990159969215545,0.09960170070941286,34.0641788816355,-0.006576974564256196,0.10611787767430046,True,45,26,58,10,90,S,0,44.25,30.0,52.400000000000006,52.400000000000006,Persistence
GPRE,"Green Plains, Inc. - Common Stock",Basic Materials,Chemicals,United States,その他,15.0,1.050452608,21.441975,-0.14930722190860893,-0.25394789581590554,-0.10022416976512,0.06546221219306969,1.589089077081784,0.2889775442918,41.86850309020345,-0.06906309779174005,0.1780821917808219,True,30,25,26,100,90,S,-5,41.5,37.75,52.3,52.3,Persistence
GSAT,"Globalstar, Inc. - Common Stock",Communication Services,Telecom Services,United States,その他,81.16000366210938,10.452509696,105.44997535812378,0.09042177120739447,0.11858825421790106,0.507083984269784,0.6480185797073843,0.6034294349425201,0.23485501436852638,39.54549710603796,0.005226827905475516,0.03873026923187097,True,27,37,69,65,77,A,0,37.7,45.2,69.60000000000001,69.60000000000001,Persistence
GSHD,"Goosehead Insurance, Inc. - Class A Common Stock",Financial Services,Insurance Brokers,United States,その他,36.81999969482422,1.311014912,19.025077942314148,0.16152048457099252,0.20372709318881183,0.247795978795549,,0.22969876676325898,0.8491650275753018,39.31398540819935,-0.10650369943682834,0.6510283485040248,False,10,14,75,100,45,C,-45,0.0,0.0,30.25,30.25,Persistence
GT,The Goodyear Tire & Rubber Company - Common Stock,Consumer Cyclical,Auto Parts,United States,その他,6.400000095367432,1.839607168,53.87916880286217,-0.03167708443691069,-0.0592046247383634,-0.03552030761836097,0.18440919037199124,0.9387755102040817,0.398506151142355,65.45454703086608,-0.006951329521180262,0.44588744678105197,False,27,12,6,100,45,C,-5,34.75,23.5,32.3,34.75,Acceleration
GTLB,GitLab Inc. - Class A Common Stock,Technology,Software - Infrastructure,United States,ソフトウェア,27.790000915527344,4.693731328,208.70401847564696,0.2581169023600953,0.30926219076884875,0.3666198484220052,0.8735971876753515,3.0,0.00010854756966635264,53.75354520928689,0.11744651419161038,0.4555250701989487,False,46,44,100,85,35,C,0,50.75,49.25,83.25,83.25,Persistence
HAS,"Hasbro, Inc. - Common Stock",Consumer Cyclical,Leisure,United States,その他,83.9000015258789,11.871069184,180.59055828437806,0.13681537903518318,-0.1734455259528711,-0.1457134563832875,0.645821368557633,0.06924142175719342,0.5935698847262247,31.315974435404883,-0.0747263008128574,0.1960512944981453,False,40,21,34,65,70,A,0,46.75,32.5,48.95,48.95,Persistence
HBAN,Huntington Bancshares Incorporated - Common Stock,Financial Services,Banks - Regional,United States,その他,17.520000457763672,35.51533056,390.6699054074478,0.1010155721056195,0.0033967391304347825,0.014612627515853323,,0.3083284111045481,0.08200581059589704,73.52942001448463,0.07380578694167125,0.08156477602162443,True,28,26,42,40,50,B,-20,12.0,10.5,23.1,23.1,Persistence
HBNC,"Horizon Bancorp, Inc. - Common Stock",Financial Services,Banks - Regional,United States,その他,19.75,1.013762816,7.29723,-1.1669662238198604,0.025918954706120528,-0.24340324062957966,,3.0,0.04907116493446629,69.97169771560905,0.08802239459860282,0.0,True,12,12,30,100,40,C,-25,3.0,3.0,24.5,24.5,Persistence
HBT,"HBT Financial, Inc. - Common Stock",Financial Services,Banks - Regional,United States,その他,30.59000015258789,1.11289728,3.272059366321564,0.060144357250466574,-0.014846089776533343,0.2571765937775005,,-0.10782677127799108,0.012858407655494845,69.19107923947541,0.08597875071601224,0.0,True,18,12,33,100,40,C,-25,7.5,3.0,26.150000000000006,26.150000000000006,Persistence
HFWA,Heritage Financial Corporation - Common Stock,Financial Services,Banks - Regional,United States,その他,29.040000915527344,1.196994432,7.013015021095276,0.13512454055350331,-0.11066041063416154,-0.020716856243172033,,0.4037591767173571,0.006078351166512376,69.13580634526932,0.06889407966974757,0.0,True,28,26,30,100,40,C,-25,15.0,13.5,24.5,24.5,Persistence
HLIT,Harmonic Inc. - Common Stock,Technology,Communication Equipment,United States,通信/光通信,14.930000305175781,1.619851776,75.72757429790497,-0.2615260139287177,0.2566862814750748,-0.3783860329590676,0.4846986183960524,0.8373632208757656,0.18536416310476378,48.672569193177694,0.2114770013412033,0.1274108841268468,True,17,12,38,100,70,A,-5,29.75,26.0,54.900000000000006,54.900000000000006,Persistence
HLMN,Hillman Solutions Corp. - Common Stock,Industrials,Tools & Accessories,United States,その他,7.71999979019165,1.514738048,13.614953029983043,0.054073930714147476,-0.002629231610109741,-0.006627743001544746,0.4872679458634836,-0.6424167065849955,0.32449492698818516,67.9999828338623,-0.023946216617273718,0.2811918105480644,False,38,12,29,100,53,B,-5,43.8,24.3,46.550000000000004,46.550000000000004,Persistence
HLNE,Hamilton Lane Incorporated - Class A Common Stock,Financial Services,Asset Management,United States,その他,80.0999984741211,4.44825856,80.44442846755982,0.06456155508771143,0.28730396033525807,0.04744937617375221,0.6987719254327773,0.4517674528171161,0.1546616420003332,27.607351502576677,-0.11902317515631944,0.49560339694444877,False,17,24,62,85,28,D,-20,8.3,13.549999999999997,40.95,40.95,Persistence
HON,Honeywell International Inc. - Common Stock,Industrials,Conglomerates,United States,その他,220.30999755859375,139.60011776,1124.0689741934204,0.0784918051674972,0.051743463903783815,-0.06927761800033835,0.3693445862934672,0.03750478377344049,0.482661744547441,44.0998576808004,-0.004080346769278404,0.10691507852561129,True,36,12,26,25,100,S,0,40.75,22.75,40.55,40.75,Acceleration
HOOD,"Robinhood Markets, Inc. - Class A Common Stock",Financial Services,Capital Markets,United States,その他,93.19000244140625,83.91806976,2759.888553153992,0.515757370382921,0.5823056300268097,0.37334315169366716,0.833445115135256,3.0,0.30484831004011853,67.23681491534617,0.16136046023502007,0.38875771784332447,False,55,61,96,40,23,D,-20,29.549999999999997,34.05,47.400000000000006,47.400000000000006,Persistence
HOPE,"Hope Bancorp, Inc. - Common Stock",Financial Services,Banks - Regional,United States,その他,13.1899995803833,1.686194816,10.283649122843743,0.052287085216554625,-0.17065018427195952,-0.0926934447729344,,0.4167040820144423,0.024560284132649775,69.95071901381652,0.07029492022421323,0.0,True,23,12,30,100,40,C,-25,11.25,3.0,24.5,24.5,Persistence
HTLD,"Heartland Express, Inc. - Common Stock",Industrials,Trucking,United States,その他,16.110000610351562,1.24835904,10.48591884727478,-0.2308348074626424,-0.13246589115314983,0.24737912140132812,0.08383175563385788,-2.920429736872343,0.135462988527354,74.30938979083977,0.21286499339801004,0.006781671249046472,True,0,0,10,100,10,D,-5,11.0,11.0,27.5,27.5,Persistence
HTO,H2O America  - Common Stock,Utilities,Utilities - Regulated Water,United States,その他,57.060001373291016,2.387404544,24.666467993659975,0.06967969333506137,0.11646824183315607,0.08001475757937032,0.5702469428796263,-0.5023283201521241,0.3839463364485473,45.11416889973955,-0.009811435726758362,0.062201834977423286,True,8,12,26,100,87,S,0,29.700000000000003,32.7,56.7,56.7,Persistence
HTZ,"Hertz Global Holdings, Inc - Common Stock",Industrials,Rental & Leasing Services,United States,その他,5.130000114440918,1.619872,31.563941654133796,-0.06022764946402918,-0.03436132749973322,0.0789867587795049,0.11418156161806209,-0.0297441998810232,0.8663439558961947,44.295298576912884,-0.11600494549941595,0.3563362296754139,False,10,40,0,100,63,B,-25,3.8000000000000007,26.299999999999997,12.600000000000001,26.299999999999997,Transition
HUBG,"Hub Group, Inc. - Class A Common Stock",Industrials,Integrated Freight & Logistics,United States,その他,46.380001068115234,2.836300032,36.840562448425295,-0.060961289301703595,-0.21307127248623253,0.2618163337297215,0.11107974629978284,-0.49104186607111205,0.1772838882936943,71.11036671920382,0.11767234863339086,0.11135449264038667,True,18,0,25,100,35,C,0,32.0,18.5,45.75,45.75,Persistence
HURN,Huron Consulting Group Inc. - Common Stock,Industrials,Consulting Services,United States,その他,109.43000030517578,1.773979392,25.246595370407103,0.11653135585702505,0.08797108857519723,0.20690428754720824,0.3180503347864188,-0.038083159491750423,0.35917082983173326,57.19985920068717,-0.07319419563739618,0.4103351696008879,False,27,2,45,100,55,B,-5,35.75,17.0,55.75,55.75,Persistence
HUT,Hut 8 Corp. - Common Stock,Financial Services,Capital Markets,United States,その他,118.86000061035156,13.382936576,501.2183593737793,0.447904670997937,0.8721537521472958,0.09537159815621646,0.5416174006243674,-1.3633705659335216,0.1559094606568569,57.86789569444112,0.2790891679219385,0.10645018198244723,True,22,8,38,65,70,A,-30,3.25,0.0,21.150000000000006,21.150000000000006,Persistence
HWC,Hancock Whitney Corporation - Common Stock,Financial Services,Banks - Regional,United States,その他,72.5,5.88395264,66.04315,0.04927584600515912,0.052344677765493446,-0.008489596218204823,,-0.15019699271330045,0.037724832365745864,73.75758252341888,0.0795004165695948,0.01110523147302625,True,0,12,25,85,25,D,-20,0.0,4.25,20.0,20.0,Persistence
HWKN,"Hawkins, Inc. - Common Stock",Basic Materials,Specialty Chemicals,United States,その他,158.33999633789062,3.304267008,19.80437504196167,0.11213210581354657,0.06012977037780065,-0.017042064040346572,0.2261289143818931,0.22982857142857144,0.2650914031370084,58.59658153906301,0.0024880556057590352,0.1385692953564459,True,40,14,26,85,100,S,0,52.75,33.25,55.55,55.55,Persistence
IBKR,"Interactive Brokers Group, Inc. - Class A Common Stock",Financial Services,Capital Markets,United States,その他,90.80999755859375,154.03393024,516.1258859240722,0.09725203950193216,0.19635289585206112,0.8575858778625954,0.8976716885149677,0.8148703170028818,9.348553434363315e-05,68.40837801750631,0.11543119485745494,0.0,True,24,24,65,25,25,D,-20,4.25,4.25,27.0,27.0,Persistence
IBOC,International Bancshares Corporation - Common Stock,Financial Services,Banks - Regional,United States,その他,76.52999877929688,4.758730752,24.308606162261963,0.01023342182066381,0.00023876886454006398,0.23516989028675422,,0.028566706031522334,0.007190974361944302,68.11593134580966,0.06274247460570623,0.0,True,20,24,42,85,40,C,-20,11.75,14.75,32.35,32.35,Persistence
ICFI,"ICF International, Inc. - Common Stock",Industrials,Consulting Services,United States,その他,72.76000213623047,1.31726016,19.08749516040802,-0.07274826503982845,0.028803945318906825,0.10296500378659344,0.371634475994086,-0.19920193985904047,0.27867870533726213,67.42089324798152,0.056742643668777654,0.2723814373321586,False,4,0,25,100,38,C,-5,16.8,13.8,41.35,41.35,Persistence
ICHR,Ichor Holdings - Ordinary Shares,Technology,Semiconductor Equipment & Materials,United States,半導体,86.80000305175781,3.02646016,101.39238556480407,0.11614529350796193,0.04675017260084821,-0.3663466578754739,0.09262366353893624,-1.613334634908239,0.1698956069654749,67.11436191624935,0.2864577115279128,0.0,True,35,2,10,85,25,D,0,41.5,16.75,31.75,41.5,Acceleration
IDCC,"InterDigital, Inc. - Common Stock",Technology,Software - Application,United States,ソフトウェア,283.7300109863281,7.33300992,104.60699910049439,-0.039724081076226575,0.5803037912035925,0.2005137682014181,0.8877214438589234,1.2272323547518458,0.23650165432182493,66.24306021597218,-0.054786433760468906,0.28129249255377786,False,30,31,53,85,43,C,0,39.55,40.3,59.00000000000001,59.00000000000001,Persistence
IESC,"IES Holdings, Inc. - Common Stock",Industrials,Engineering & Construction,United States,その他,749.8300170898438,14.939529216,145.5832469680786,0.16887986858774118,0.2133288070512408,0.09711012697017918,0.25493256943266257,0.1564004333007477,0.05520909516495045,65.30030351889305,0.18714090908417133,0.0,True,7,26,57,65,25,D,0,17.5,31.75,52.6,52.6,Persistence
IMKTA,"Ingles Markets, Incorporated - Class A Common Stock",Consumer Defensive,Grocery Stores,United States,その他,92.01000213623047,1.747672576,13.778037769889831,-0.054184040326931616,-0.042963121580624666,0.03767439955455991,0.23887004156108263,-0.23351805514965165,0.21186971660291334,63.111779867641935,0.027674874530276786,0.03381288572083916,True,0,0,25,100,67,A,-25,0.0,0.0,27.15,27.15,Persistence
INDB,Independent Bank Corp. - Common Stock,Financial Services,Banks - Regional,United States,その他,83.2699966430664,4.017761024,25.3877729265213,0.24288075325751377,-0.05402650780264413,0.0026116077007022603,,0.14100703626972685,0.03314937773593243,65.33423140342907,0.05946593721831524,0.023379411210717592,True,29,29,30,85,40,C,-20,18.5,18.5,25.75,25.75,Persistence
INOD,Innodata Inc. - Common Stock,Technology,Information Technology Services,United States,その他,100.9000015258789,3.294925568,179.46629221401216,0.4763670282351975,0.9644021895707289,0.098403817673194,0.3952865538438308,0.31430888913468275,0.02627629854145783,53.032675249790906,0.4215472378553145,0.16954731254420655,True,23,32,54,85,70,A,0,37.0,43.75,64.95,64.95,Persistence
INTA,"Intapp, Inc. - Common Stock",Technology,Software - Application,United States,ソフトウェア,23.899999618530273,1.841772032,28.298077548332213,0.17094789360847157,0.2270052127122919,0.2896376313535805,0.7398476553201618,0.9611826778127998,0.01802136304312087,63.80126564951406,0.053485298808569344,0.5615483332515715,False,29,32,97,100,30,D,-5,34.75,37.0,79.35,79.35,Persistence
INTC,Intel Corporation - Common Stock,Technology,Semiconductors,United States,半導体,124.56999969482422,626.088804352,16215.56212557457,-0.004670345191239336,-0.020782621523935976,-0.13997525930155105,0.34766238434904356,0.6838911599386817,0.22033401283646048,53.40533051432014,0.30186506220316517,0.037623629903642354,True,49,44,14,10,57,B,0,43.95,40.2,21.6,43.95,Acceleration
INTU,Intuit Inc. - Common Stock,Technology,Software - Application,United States,ソフトウェア,276.7300109863281,75.695898624,2023.4083308303832,0.15634019035922628,0.13342149220489977,0.12902718843312902,0.7956560989857151,0.31268882175226587,0.17963634395800637,36.45709528436174,-0.24136372847151855,0.6549317020500459,False,58,26,75,40,33,D,0,52.8,28.8,57.85,57.85,Persistence
IOSP,Innospec Inc. - Common Stock,Basic Materials,Specialty Chemicals,United States,その他,86.58999633789062,2.132802304,16.489765952606202,-0.03652324699252195,-0.05305829228243021,-0.007587717064724754,0.2769403824521935,-0.486088379705401,0.02876009604889762,79.98286160320369,0.11166850102274173,0.009165126806865351,True,18,12,25,100,10,D,0,29.5,25.0,40.75,40.75,Persistence
IPAR,"Interparfums, Inc. - Common Stock",Consumer Defensive,Household & Personal Products,United States,その他,101.77999877929688,3.259583744,23.57886341720581,0.024914533592687586,0.10218756521904111,0.21259960631406713,0.6363542309787849,0.008530461612922742,0.1310337562324633,68.06158331714384,0.10011498897506574,0.24615110941536103,True,14,24,62,85,50,B,0,28.25,35.75,65.35,65.35,Persistence
IPGP,IPG Photonics Corporation - Common Stock,Technology,Semiconductor Equipment & Materials,United States,半導体,114.6500015258789,4.86616064,64.90393911380768,0.027266475222436228,-0.24102501167045584,-0.09940771447178721,0.38002763562026226,-1.0231234769568593,0.007115514709522003,45.84368530850794,-0.005040307315042043,0.2550841478921735,True,22,35,14,85,83,S,0,37.55,47.3,45.550000000000004,47.3,Transition
IRDM,Iridium Communications Inc - Common Stock,Communication Services,Telecom Services,United States,その他,47.31999969482422,5.003036672,120.34233042388917,0.04932934624802271,0.05053476375418446,0.09665147551987839,0.7154816275630722,-0.020492379069805434,0.6955826707846554,47.2161155219241,0.11672251293207044,0.09122335371306238,True,15,12,39,85,70,A,-10,21.0,18.75,46.7,46.7,Persistence
ITRI,"Itron, Inc. - Common Stock",Technology,Scientific & Technical Instruments,United States,その他,80.55999755859375,3.571977728,51.82626042938232,-0.03017120766360064,0.12292967580083666,0.21055723995357448,0.37686729520267453,0.8450723220607572,0.34078200729054986,43.26396824567818,-0.06298781919483178,0.4180031886702663,False,16,24,38,85,55,B,0,30.25,36.25,53.150000000000006,53.150000000000006,Persistence
JBHT,"J.B. Hunt Transport Services, Inc. - Common Stock",Industrials,Integrated Freight & Logistics,United States,その他,289.3599853515625,27.28641536,271.0637534777832,-0.00728936154300035,-0.0578706458820242,-0.1339499212872905,0.13306202400580844,0.5338476455324928,0.18503447958315436,78.76621084501585,0.1435206884834545,0.0,True,39,24,30,65,10,D,0,40.0,28.75,34.75,40.0,Acceleration
JBLU,JetBlue Airways Corporation - Common Stock,Industrials,Airlines,United States,その他,5.010000228881836,1.863814656,125.44990473117828,-0.023386140747925423,-0.03494539781591264,0.04990172526752566,0.14798057823879937,0.17559322033898306,0.568255884127942,49.09090948498959,0.0030030430802178852,0.2244581734833958,True,20,30,2,100,100,S,-15,25.0,32.5,31.1,32.5,Transition
JJSF,J & J Snack Foods Corp. - Common Stock,Consumer Defensive,Packaged Foods,United States,その他,79.56999969482422,1.49220928,17.559905382652282,0.0053836946064625925,0.010216643390647723,0.12904952428410843,0.2967863858320285,-0.17331175814346161,0.11839513688372284,67.65119165079892,0.012559960232042141,0.31624276629371667,False,0,0,37,100,53,B,-25,0.0,0.0,30.950000000000003,30.950000000000003,Persistence
JKHY,"Jack Henry & Associates, Inc. - Common Stock",Technology,Information Technology Services,United States,その他,128.22999572753906,9.110841344,234.30954199310304,0.07210196326589012,0.06634300780381402,0.0693906584232512,0.4271233635668601,0.22263406611087605,,29.388949664788996,-0.10841623756481884,0.32879255388313516,False,27,24,36,85,36,C,0,36.6,34.35,48.25,48.25,Persistence
KALU,Kaiser Aluminum Corporation - Common Stock,Basic Materials,Aluminum,United States,その他,190.6300048828125,3.115009792,42.08633932800293,0.11541005291005291,-0.02040816326530612,-0.09944864202573003,0.1311592054550845,-0.8613138686131386,0.4243605739238927,61.862283153348145,0.1373151161782662,0.0,True,35,14,2,85,25,D,0,41.5,25.75,27.35,41.5,Acceleration
KDP,Keurig Dr Pepper Inc. - Common Stock,Consumer Defensive,Beverages - Non-Alcoholic,United States,その他,31.709999084472656,43.143340032,381.84562552539825,0.08155820467721972,0.03624949372215472,0.05385217329444405,0.5420104800337289,-0.06825297432686286,0.29104383418381147,77.84944578186739,0.10904368679947292,0.07540820375000543,True,26,12,41,40,22,D,-20,7.699999999999999,0.0,16.949999999999996,16.949999999999996,Persistence
KEEL,Keel Infrastructure Corp. - Common Stock,Technology,Information Technology Services,United States,その他,5.590000152587891,3.375402496,284.01530230264666,0.7203355493194471,0.10692691029900332,-0.15466060044373298,-0.0824508452694569,0.27931248585329793,0.5274664749480076,60.71428898926632,0.41436635688538875,0.13601231315923937,True,67,44,10,85,50,B,-10,58.0,40.75,26.75,58.0,Acceleration
KHC,The Kraft Heinz Company - Common Stock,Consumer Defensive,Packaged Foods,United States,その他,24.389999389648438,28.921116672,343.90728399383545,-0.0349763986690397,-0.029804804804804803,0.00585236926562205,0.33313286825435007,0.21225165562913909,0.2594453818501944,60.33357404893267,0.07495808970442927,0.10068109739351634,True,9,12,30,65,65,A,-20,3.0,5.25,25.75,25.75,Persistence
KLAC,KLA Corporation  - Common Stock,Technology,Semiconductor Equipment & Materials,United States,半導体,254.5399932861328,332.499288064,2838.2558313368227,0.23887647752854163,-0.0651491379238068,0.13940396333735458,0.6090980853989936,0.2343973045578454,0.37890901414407807,76.33050874612641,0.3662763517608767,0.0,True,47,36,46,10,10,D,0,37.75,29.5,29.8,37.75,Acceleration
KMB,Kimberly-Clark Corporation - Common Stock,Consumer Defensive,Household & Personal Products,United States,その他,102.29000091552734,33.954179072,459.85901971588135,-0.021303183576316574,-0.01988802052956958,-0.1501363073110285,0.36012646683285704,-0.34779148428173495,0.42671657503801613,61.324332982225805,0.059028858825205165,0.215484361653362,False,4,0,21,40,55,B,0,14.5,11.5,32.55,32.55,Persistence
KTOS,"Kratos Defense & Security Solutions, Inc. - Common Stock",Industrials,Aerospace & Defense,United States,防衛/宇宙,57.75,10.829279232,261.58757625,0.18525037402094519,0.09565133545463311,0.154514082155182,0.22861597861597863,,0.05909533073929961,52.287961902398465,-0.07409485975351902,0.5582160383972389,False,23,14,30,65,55,B,0,32.5,25.75,43.75,43.75,Persistence
LASR,"nLIGHT, Inc. - Common Stock",Technology,Semiconductors,United States,半導体,69.66000366210938,3.929430784,76.65978913009644,0.3162056530410782,-0.05417752392566728,-0.13276570078245709,0.29833161137259406,2.1950247789330484,0.1148662796231084,39.75792960270679,-0.018382384957026633,0.1799881558023905,True,66,81,30,85,90,S,0,71.25,82.5,55.75,82.5,Transition
LAUR,"Laureate Education, Inc. - Common Stock",Consumer Defensive,Education & Training Services,United States,その他,36.7599983215332,5.145601536,43.046509434490204,0.08635540219143877,0.05548384141083132,0.19481819989358198,0.2833112995246573,0.6360205661280596,0.23363065696738958,69.69696281620388,0.10911637425148636,0.03135711245013628,True,27,12,50,85,37,C,0,36.7,25.45,56.15,56.15,Persistence
LBRDA,Liberty Broadband Corporation - Class A Common Stock,Communication Services,Telecom Services,United States,その他,34.119998931884766,4.908546048,6.308617202510834,,,-1.0,,,0.19773499433748584,51.32555669093024,-0.1539713045732285,0.6369561386126638,False,0,0,10,85,43,C,-10,7.050000000000001,7.050000000000001,25.35,25.35,Persistence
LCID,"Lucid Group, Inc. - Common Stock",Consumer Cyclical,Auto Manufacturers,United States,その他,5.199999809265137,2.029335296,77.45087715911865,0.6758311133998158,0.35708274046610705,-0.021227233340074748,-0.9280508793830653,-0.30878263070795225,0.3811512151988898,40.50444830944998,-0.21247920524563685,0.8338658167407201,False,58,58,14,100,43,C,-10,52.8,52.8,31.300000000000004,52.8,Acceleration
LECO,"Lincoln Electric Holdings, Inc. - Common Shares",Industrials,Tools & Accessories,United States,電力/エネルギー,258.25,14.14877184,80.134975,0.05596195246802555,-0.04365025970766546,0.11443787652434283,0.3624500148003675,0.10743738261183232,0.3418408148927209,44.95324546354633,-0.0070859299859459025,0.13313732210916054,True,24,24,30,65,100,S,0,37.75,37.75,52.75,52.75,Persistence
LFUS,"Littelfuse, Inc. - Common Stock",Technology,Electronic Components,United States,半導体,472.1400146484375,11.939903488,160.16405716918945,0.08924997991571905,-0.07275241391365737,-0.06016157384331976,0.37968624151089514,0.25495982779423054,0.2238748219519025,53.90750840920969,0.10681350983414387,0.03230165903914851,True,30,12,34,65,57,B,0,37.95,24.45,46.35,46.35,Persistence
LGIH,"LGI Homes, Inc. - Common Stock",Consumer Cyclical,Residential Construction,United States,その他,54.04999923706055,1.255704704,21.51406169631958,-0.22568530435422168,-0.06613386020402107,0.023487115174737627,0.2072970805110982,0.032905258389330845,0.42521392875712777,68.83301559266702,0.18515625479521122,0.19890324204595775,True,2,12,2,100,50,B,-15,6.5,14.0,21.1,21.1,Persistence
LIF,"Life360, Inc. - Common Stock",Technology,Software - Application,United States,ソフトウェア,45.25,3.666683904,31.83247,0.3176368295808164,0.21990818276752114,0.33382098508574054,0.778052672115976,1.952037845705968,0.32342386275539553,63.624049373674616,0.04529295313295877,0.5919379542874803,False,65,69,96,85,45,C,0,66.0,69.0,83.05000000000001,83.05000000000001,Persistence
LINC,Lincoln Educational Services Corporation - Common Stock,Consumer Defensive,Education & Training Services,United States,その他,46.150001525878906,1.46391168,24.030305794525148,0.17764916012216406,0.1639749252783876,0.08551280983786361,0.6036805270134937,0.008635703918722787,0.4133797276362427,42.51496565247606,0.03168148162088161,0.11284119339158337,True,52,26,34,100,100,S,-5,59.0,39.5,58.7,59.0,Acceleration
LIND,Lindblad Expeditions Holdings Inc.  - Common Stock,Consumer Cyclical,Travel Services,United States,その他,23.450000762939453,1.53832,17.096692056236268,0.1958844596239959,0.13200759205187318,0.35122894424673784,0.45783696640420013,0.08503441828843375,0.6774014804716121,68.6528537093478,0.17062704336220985,0.0,True,36,32,75,100,25,D,-15,29.5,26.5,56.25,56.25,Persistence
LITE,Lumentum Holdings Inc. - Common Stock,Technology,Communication Equipment,United States,通信/光通信,921.5599975585938,71.69736704,5639.145427860718,0.21027074749852856,-0.23078664402942842,0.03176456849235081,0.2795744680851064,0.06767586821015138,0.6182473273757318,48.053642217011365,0.023117730880730988,0.1248990803546993,True,39,74,0,40,100,S,-10,35.25,61.5,20.0,61.5,Transition
LKFN,Lakeland Financial Corporation - Common Stock,Financial Services,Banks - Regional,United States,その他,61.83000183105469,1.54040704,10.58282311340332,0.06100038260828406,0.026853738259083895,0.00875999493358502,,0.10563552865712672,0.026351848391893473,59.11237475253088,0.03066827790855582,0.07710057111660693,True,32,24,42,100,87,S,-25,22.700000000000003,16.700000000000003,40.5,40.5,Persistence
LKQ,LKQ Corporation - Common Stock,Consumer Cyclical,Auto Parts,United States,その他,26.200000762939453,6.67552,84.4830814601326,-0.012443029733053607,0.041751450749868114,0.03712677817727059,0.3856860303274485,0.04567901234567901,0.3343463037590011,37.532834152424556,-0.06099427652146454,0.3037668427817808,False,6,12,30,85,53,B,0,22.55,27.05,48.35,48.35,Persistence
LLYVA,"Liberty Live Holdings, Inc. - Series A Liberty Live Group Common Stock",Communication Services,Entertainment,United States,その他,96.93000030517578,8.917989376,32.3818898519516,0.1217587439389356,,,0.19249065979667548,,0.882287138551522,51.89107395548866,0.029490174394011224,0.0205133265771765,True,5,20,0,85,75,A,-30,0.0,5.25,6.25,6.25,Persistence
LLYVK,"Liberty Live Holdings, Inc. - Series C Liberty Live Group Common Stock",Communication Services,Entertainment,United States,その他,100.80999755859375,9.27496704,44.05094463317871,0.1217587439389356,,,0.19249065979667548,,0.882287138551522,54.81564594100739,0.04191964496013616,0.01108499956591635,True,5,20,0,85,75,A,-30,0.0,5.25,6.25,6.25,Persistence
LNT,Alliant Energy Corporation - Common Stock,Utilities,Utilities - Regulated Electric,United States,電力/エネルギー,73.11000061035156,18.882633728,177.73479808380128,0.09570459683496609,-0.011422895455674199,-0.04233055885850178,0.45667125171939477,,0.4848145332319635,46.341478003011886,0.012163539631912934,0.01282739642936907,True,38,12,10,65,75,A,0,45.75,26.25,36.75,45.75,Acceleration
LOPE,"Grand Canyon Education, Inc. - Common Stock",Consumer Defensive,Education & Training Services,United States,その他,147.49000549316406,3.910593536,40.112119343948365,0.07073364814395325,0.07503702262152422,0.05441970095664903,0.5319373999837261,-0.05434050210465402,0.10815525468479953,34.14802870019224,-0.08904040848560879,0.33126273655706234,False,8,0,45,85,53,B,0,24.05,18.05,56.6,56.6,Persistence
LPLA,LPL Financial Holdings Inc. - Common Stock,Financial Services,Capital Markets,United States,その他,295.6600036621094,23.64773376,340.73189292037966,0.3717668325352377,0.23199982731261828,0.1688236884252383,0.2366910133029977,-2.4455433035494942,0.4035453239439255,56.29459713162915,-0.023576885539038337,0.2562825562014766,False,44,8,57,65,73,A,-30,20.049999999999997,0.0,32.2,32.2,Persistence
LQDT,"Liquidity Services, Inc. - Common Stock",Consumer Cyclical,Internet Retail,United States,その他,37.939998626708984,1.183015936,5.688913094081879,0.31198839584055843,0.15536376414320333,0.12287805748973397,0.43807128216854885,-0.03842515575561862,0.0367740955102759,76.31182367067562,0.08779169323080843,0.0,True,48,20,66,100,25,D,-5,48.5,27.5,61.30000000000001,61.30000000000001,Persistence
LRCX,Lam Research Corporation - Common Stock,Technology,Semiconductor Equipment & Materials,United States,半導体,366.80999755859375,458.721951744,3688.6963569488526,0.23684089764599187,-0.14477021451510846,0.011695393503201566,0.48705023885591736,0.27222466214509405,0.21009371635669932,68.67857876223499,0.28287181929544003,0.0,True,43,36,38,10,25,D,0,36.25,31.0,28.400000000000002,36.25,Acceleration
LSCC,Lattice Semiconductor Corporation - Common Stock,Technology,Semiconductors,United States,半導体,144.52999877929688,19.801745408,315.8182815325928,0.02721039024265755,-0.30896257769746893,0.11629787569129378,0.6821496688083598,0.09319364624017522,0.047679817012410544,50.91416445930642,0.14830656418072793,0.06513587921514162,True,32,12,42,65,57,B,0,39.45,24.45,50.75,50.75,Persistence
LSTR,"Landstar System, Inc. - Common Stock",Industrials,Integrated Freight & Logistics,United States,その他,224.27000427246094,7.609079296,115.01911439117431,-0.015663241856348868,-0.09127807061309873,-0.286858362775702,0.1310420425991197,-0.15871233316246874,0.08159003872403243,79.64343925600217,0.19663178176251678,0.00488082206397791,True,30,0,25,85,10,D,0,36.25,13.75,37.0,37.0,Persistence
LUNR,"Intuitive Machines, Inc. - Class A Common Stock",Industrials,Aerospace & Defense,United States,防衛/宇宙,26.6200008392334,4.271240448,470.27825182619097,-0.09152631578947368,1.8660859071539013,-0.07440718590743024,0.02927118938647819,0.17257526071671245,0.49152352097459695,37.06666891592529,-0.10250096759670868,0.4175054618200146,True,2,30,10,85,55,B,-10,9.75,30.75,27.75,30.75,Transition
LWLG,"Lightwave Logic, Inc. - Common Stock",Basic Materials,Specialty Chemicals,United States,その他,9.59000015258789,1.47762368,60.59101151407242,1.4774331886407615,1.360500716014024,,0.9711933461400435,0.14697310133362823,0.0328177410921572,31.726460179829573,-0.22477486156022705,0.4736552956092142,True,52,70,25,100,43,C,-15,43.3,56.8,32.35,56.8,Transition
LYFT,"Lyft, Inc. - Class A Common Stock",Technology,Software - Application,United States,ソフトウェア,13.539999961853027,5.140901376,193.40996305509566,0.09164250496369176,0.3139318860138855,0.07532205897974059,0.41458198133357693,0.45591027670511713,0.14138709927837634,45.871563245126474,-0.02736872518538881,0.44892144362926917,False,9,24,61,85,65,A,0,26.0,37.25,67.80000000000001,67.80000000000001,Persistence
LZ,"LegalZoom.com, Inc. - Common Stock",Industrials,Specialty Business Services,United States,その他,5.909999847412109,1.014438208,15.85180159072876,0.10876091282789813,0.032016248768402075,0.06572480680797253,0.6588024755205723,0.48004362486617375,0.02807894870601851,38.21988391632728,-0.04784922387803646,0.471377487827431,False,40,14,54,100,55,B,-5,45.5,26.0,60.7,60.7,Persistence
MANH,"Manhattan Associates, Inc. - Common Stock",Technology,Software - Application,United States,ソフトウェア,142.9199981689453,8.455804416,82.17042374725342,0.03745375842325817,0.12234730409970658,0.21072138123073875,0.5632120452157959,0.30623969713056354,0.06692971545935848,54.44167645281556,0.03154094331824858,0.37299290761530984,False,13,24,58,85,73,A,0,29.8,38.05,67.75,67.75,Persistence
MAR,Marriott International - Class A Common Stock,Consumer Cyclical,Lodging,United States,その他,402.5400085449219,106.14521856,573.6356137768555,0.04326693227091633,0.058491123012693456,0.14152987050498242,0.1994195371572596,0.3046523261630815,0.6202977487291212,71.61169411738679,0.10229243763681374,0.0,True,5,24,32,25,10,D,-10,0.0,12.75,15.850000000000001,15.850000000000001,Persistence
MARA,"MARA Holdings, Inc. - Common Stock",Financial Services,Capital Markets,United States,その他,14.079999923706055,5.368288768,554.9074401931763,0.38196740292940956,0.6938437400002064,2.290854585445806,0.802621120436383,-0.30018485082967933,0.5002612222290991,51.652383537645676,0.1534554445215772,0.38353766069871426,True,29,8,55,85,53,B,-30,9.799999999999997,0.0,32.1,32.1,Persistence
MAT,"Mattel, Inc. - Common Stock",Consumer Cyclical,Leisure,United States,その他,14.649999618530273,4.256835584,59.388681203584675,-0.005934143885004422,-0.011334408705108176,0.001201909143985661,0.4872551786092625,-0.3122071223822887,0.4040833795405144,37.49997290695381,-0.009211315414992843,0.33889892962968,False,26,0,25,85,63,B,0,38.55,19.05,47.6,47.6,Persistence
MBIN,Merchants Bancorp - Common Stock,Financial Services,Banks - Regional,United States,その他,50.11000061035156,2.301823232,5.400855865783692,0.015405605991318886,0.1924355925839844,0.2718288978225674,,0.558762236885725,0.19757330771137538,71.50313040174981,0.06452135040503662,0.0,True,9,12,37,100,25,D,-30,0.0,0.0,20.35,20.35,Persistence
MCHB,Mechanics Bancorp - Class A Common Stock,Financial Services,Banks - Regional,United States,その他,15.430000305175781,3.41621888,7.2840402440643315,0.748640061174175,,,,-0.34563051781791726,0.01247380765698908,72.53522214565965,0.07004292650701692,0.0,True,22,22,25,85,25,D,-20,11.75,11.75,20.0,20.0,Persistence
MCHP,Microchip Technology Incorporated - Common Stock,Technology,Semiconductors,United States,半導体,95.23999786376953,51.627630592,1086.9055228207396,0.07076972010178118,-0.42345174473436026,-0.09531088911799211,0.5773482421336276,0.12809221603419246,0.3851886904057731,52.306904220884036,0.08031314098039083,0.06997658122197535,True,31,47,34,40,72,A,0,36.45,48.45,43.1,48.45,Transition
MCRI,"Monarch Casino & Resort, Inc. - Common Stock",Consumer Cyclical,Resorts & Casinos,United States,その他,129.02000427246094,2.290042624,19.514275646209718,0.04392879165661278,0.04129393512776233,0.04940255718082324,0.5504297179545976,0.3767836276117883,0.018654722108048128,85.55840027638013,0.1349005225909503,0.0,True,37,31,50,100,10,D,0,43.75,39.25,54.5,54.5,Persistence
MDB,"MongoDB, Inc. - Class A Common Stock",Technology,Software - Infrastructure,United States,ソフトウェア,342.79998779296875,27.572064256,1016.4396718048096,0.22794268264784995,0.19217462036790015,0.3107153982741971,0.7174856532417241,3.0,0.008741774075461417,53.23324806706645,0.16205197912554758,0.22197007933669774,True,57,42,97,65,70,A,0,59.5,48.25,83.6,83.6,Persistence
MDLZ,"Mondelez International, Inc. - Class A Common Stock",Consumer Defensive,Confectioners,United States,その他,62.9900016784668,80.857104384,469.770298967762,0.05751763123953788,0.011800310972900933,0.14351028702057403,0.2837532760723461,-0.08174850979279023,0.30500650467917245,56.94917270624584,0.045820891748739094,0.08641239320329745,True,18,0,33,40,100,S,0,29.5,16.0,48.150000000000006,48.150000000000006,Persistence
META,"Meta Platforms, Inc. - Class A Common Stock",Communication Services,Internet Content & Information,United States,その他,566.97998046875,1439.235178496,10056.124192687988,0.2216703849824621,0.21941112807816043,0.15687468377226457,0.8199944269179861,-0.14726660748631454,0.22921362435488674,35.87650516500449,-0.08820419382725839,0.280618271478126,False,54,5,85,10,53,B,0,47.3,10.55,59.85000000000001,59.85000000000001,Persistence
MGEE,MGE Energy Inc. - Common Stock,Utilities,Utilities - Regulated Electric,United States,電力/エネルギー,77.66000366210938,2.931394816,24.129739737854003,0.09854581767472642,-0.019534175029800226,-0.03371218959887701,0.4153773125674037,-2.9576103184121,0.28787451432772815,58.13405514761425,0.008710867022011603,0.12697676058143958,False,34,12,10,100,90,S,0,49.5,33.0,48.5,49.5,Acceleration
MGNI,"Magnite, Inc. - Common Stock",Communication Services,Advertising Agencies,United States,その他,16.25,2.327243776,39.94176875,0.06851998742834907,0.07819786674412225,0.07389237682148929,0.6265594513924586,-0.1927699315902217,0.1979411416156429,76.06837174901058,0.19997045820925355,0.3872549125374224,True,18,26,49,100,18,D,0,30.3,36.3,55.550000000000004,55.550000000000004,Persistence
MGRC,McGrath RentCorp - Common Stock,Industrials,Rental & Leasing Services,United States,その他,115.08999633789062,2.826813952,17.680700687408446,0.036547881204291824,0.0950901733742706,0.30861696019129575,0.4818461505875126,-0.5191091270396596,0.21845500244578442,66.17171615679229,0.024601419422472463,0.08763321939440682,True,8,0,53,100,80,S,0,29.0,23.0,70.15,70.15,Persistence
MIDD,The Middleby Corporation - Common Stock,Industrials,Specialty Industrial Machinery,United States,その他,158.5,7.166497792,83.6142975,0.016177502722809285,-0.028330798959930167,-0.19608029352917153,0.3910765393748973,-0.14105463305673752,0.3471839061712709,67.2751268356864,0.07714974999422095,0.06135260317958608,True,34,0,25,85,52,B,0,43.45,17.95,45.4,45.4,Persistence
MKSI,MKS Inc. - Common Stock,Technology,Scientific & Technical Instruments,United States,その他,355.69000244140625,24.02477056,385.22294334411623,0.096207473508087,-0.009939260077305357,0.021144629264166902,0.46731111676418213,0.2121951219512195,0.5055707139608913,62.03167141617985,0.20282472585671174,0.0,True,31,24,30,65,25,D,0,35.5,30.25,37.75,37.75,Persistence
MKTX,"MarketAxess Holdings, Inc. - Common Stock",Financial Services,Capital Markets,United States,その他,120.88999938964844,4.296364544,90.59496554260254,0.03570077971158871,0.08577537349826655,0.04767785048030071,0.5942018367703849,-0.013834461104079447,0.14726345634833266,20.685923580492556,-0.17870071366748508,0.45334619748529426,False,8,0,45,85,16,D,-20,0.3500000000000014,0.0,29.200000000000003,29.200000000000003,Persistence
MLKN,"MillerKnoll, Inc. - Common Stock",Consumer Cyclical,"Furnishings, Fixtures & Appliances",United States,その他,16.239999771118164,1.11040576,12.327621426258087,0.011437548230625068,-0.1122311663526706,0.03575772934617334,0.3876399901904684,-0.628696604600219,0.45871095134423573,59.75961298573048,0.04310457671010883,0.27484624914864386,False,22,0,21,100,73,A,-5,33.8,17.3,46.15,46.15,Persistence
MNST,Monster Beverage Corporation - Common Stock,Consumer Defensive,Beverages - Non-Alcoholic,United States,その他,92.83000183105469,90.78849536,509.61071765197755,0.10698854045979898,0.04939505130722895,0.13135326134319963,0.5584764218214752,0.19638073878351445,,72.50371947035424,0.1317999011703574,0.0,True,36,33,40,40,10,D,-20,14.0,11.75,14.0,14.0,Acceleration
MORN,"Morningstar, Inc. - Common Stock",Financial Services,Financial Data & Stock Exchanges,United States,その他,175.22000122070312,6.663268864,84.94402829177857,0.07489780668981583,0.11601098793289512,0.08981075590719555,0.6103455326109181,-0.014034306081532635,0.35126176814662136,46.42857407057163,-0.012273023458518526,0.43692227154473073,False,15,12,45,85,65,A,-20,10.5,8.25,39.0,39.0,Persistence
MPWR,"Monolithic Power Systems, Inc. - Common Stock",Technology,Semiconductors,United States,半導体,1577.3199462890625,77.493731328,1182.3432585388184,0.26431018078020935,0.21197843907324918,0.015006565790559085,0.551787716644466,0.06271900941650364,0.004761815068860586,49.281442365454176,0.03824559789669422,0.06661384313984123,True,49,17,65,40,87,S,0,51.45,27.450000000000003,63.150000000000006,63.150000000000006,Persistence
MQ,"Marqeta, Inc. - Class A Common Stock",Technology,Software - Infrastructure,United States,ソフトウェア,3.8299999237060547,1.624035968,19.411722663316727,0.23252497559147525,-0.25019706553519744,-0.09627696115775602,0.6997650763981795,2.5814438010714866,0.01067386738516478,46.35416543783878,-0.06320322481224899,0.4392386579079429,False,51,17,42,100,55,B,-5,53.75,28.25,54.1,54.1,Persistence
MRCY,Mercury Systems Inc - Common Stock,Industrials,Aerospace & Defense,United States,防衛/宇宙,120.30000305175781,7.223207424,80.96310505386353,0.09187991978689652,-0.1423242240846427,-0.014485977998314102,0.27904431920352624,3.0,0.2645997722982597,71.07966186365407,0.3078674579969532,0.0,True,40,52,26,85,10,D,0,43.75,52.75,37.55,52.75,Transition
MRTN,"Marten Transport, Ltd. - Common Stock",Industrials,Trucking,United States,その他,18.15999984741211,1.481658752,16.179470264053343,-0.08307080567972872,-0.1482577742817876,-0.10477514443640921,0.1311262804814565,0.48113111689156235,0.000204260623921446,73.04073773123609,0.15887276460658828,0.006564597085659045,True,23,12,10,100,10,D,-5,28.25,20.0,27.5,28.25,Acceleration
MRVL,"Marvell Technology, Inc. - Common Stock",Technology,Semiconductors,United States,半導体,279.70001220703125,244.681572352,15433.091483551025,0.42087285211450765,0.04713401238266427,-0.06958240421650111,0.5101774339198984,0.0016551525618883132,0.21495335490211037,64.73228843736338,0.5284822475770261,0.11607616635248628,True,64,85,46,25,50,B,0,56.75,72.5,41.55,72.5,Transition
MSFT,Microsoft Corporation - Common Stock,Technology,Software - Infrastructure,United States,ソフトウェア,390.739990234375,2902.586556416,14802.412818548584,0.1493215623240672,0.15669962013071279,0.06882029555656428,0.6882374238616519,-0.0332113782721983,0.0978799779645656,38.93438147209588,-0.04975013616190294,0.27460536831214427,False,17,14,57,10,63,B,0,20.55,18.3,46.45,46.45,Persistence
MSTR,Strategy Inc - Class A Common Stock,Technology,Software - Application,United States,ソフトウェア,123.97000122070312,43.801219072,2305.4199048509217,0.029726662293723675,-0.06610432816602554,-0.006014853864889117,0.686909748487636,-0.01988624827676108,0.13361689530368723,29.427253294274536,-0.19910535812566493,0.7280763262110254,False,36,7,22,40,16,D,-10,24.6,2.8499999999999996,15.3,24.6,Acceleration
MTCH,"Match Group, Inc. - Common Stock",Communication Services,Internet Content & Information,United States,その他,34.88999938964844,8.138669056,99.48325085968017,0.0022486810123548123,0.034141436598083996,0.05508612371320883,0.7280411746167481,0.1603757222484841,0.8905732612298526,42.78922623326234,-0.013291508413219744,0.09775016701015714,True,14,24,44,85,100,S,-20,13.25,20.75,45.45,45.45,Persistence
MTSI,"MACOM Technology Solutions Holdings, Inc. - Common Stock",Technology,Semiconductors,United States,半導体,379.8699951171875,28.9824768,640.0258606231689,0.3257773671903484,0.12518526172604552,-0.03963890575706859,0.5469088909060458,0.11815753364668788,0.2557764719306253,48.548482537754765,0.1745393755569626,0.07276410391411336,True,57,27,42,65,57,B,0,58.2,35.7,50.75,58.2,Acceleration
MU,"Micron Technology, Inc. - Common Stock",Technology,Semiconductors,United States,半導体,981.6099853515625,1106.994921472,54320.200852036745,0.48851101111066864,0.615894465894466,-0.49476558944014565,0.39790786023864305,3.0,0.18452136525036836,64.15080644653867,0.4485569528099299,0.09073979993073142,True,40,62,42,10,50,B,0,36.5,53.0,35.6,53.0,Transition
MXL,"MaxLinear, Inc - Common Stock",Technology,Semiconductors,United States,半導体,84.45999908447266,7.56305152,403.7559580233765,0.29710036391070876,-0.4799549377364723,-0.3811544188271925,0.568414659963519,0.9974396648288503,0.18210412910160273,38.80255452245668,0.2700713558088169,0.1741468479827237,True,54,65,18,85,60,B,0,59.25,67.5,43.15,67.5,Transition
MYRG,"MYR Group, Inc. - Common Stock",Industrials,Engineering & Construction,United States,その他,445.7200012207031,6.940322304,114.93781671478271,0.0879159739344316,-0.07728384795981234,0.21118634873636466,0.11585534716881786,3.0,0.06295865344670178,49.638615384557866,0.11543049124190727,0.06934205826102881,True,33,31,30,85,57,B,0,43.2,41.7,49.15,49.15,Persistence
MZTI,The Marzetti Company - Common Stock,Consumer Defensive,Packaged Foods,United States,その他,111.61000061035156,3.06061184,38.284462409362796,0.019961437343162233,0.027013042879474487,0.0871736290481332,0.2386678274096679,0.10609478358707881,0.043580414270069444,43.28424224383115,-0.07763874541291932,0.39402061124570004,False,2,24,42,85,63,B,-20,0.5500000000000007,17.049999999999997,36.95,36.95,Persistence
NBN,Northeast Bank - Common Stock,Financial Services,Banks - Regional,United States,その他,129.9199981689453,1.11151232,20.38574691268921,0.35103209719769574,0.24499357728665064,0.1602892984417247,,3.0,0.07927777731038628,60.60806769945106,0.058920249815791914,0.0,True,56,32,85,100,40,C,-25,36.0,18.0,54.75,54.75,Persistence
NBTB,NBT Bancorp Inc. - Common Stock,Financial Services,Banks - Regional,United States,その他,48.18000030517578,2.505852928,14.681409692993164,0.2088116969366741,0.1094327888925584,0.0051599527101399475,,0.2380376078043263,0.01121298175862502,66.13855173169672,0.0714494373233198,0.0,True,44,29,50,100,40,C,-20,32.0,20.75,40.5,40.5,Persistence
NCNO,"nCino, Inc. - Common Stock",Technology,Software - Application,United States,ソフトウェア,15.319999694824219,1.678351232,62.785035549316405,0.10010783176764566,0.13453980018592235,0.16709648188286005,0.6055489331367344,0.5466346964389412,0.1691001671009025,44.72574026427634,-0.08284344056394051,0.5313551441293977,False,29,56,72,100,55,B,-5,37.25,57.5,70.6,70.6,Persistence
NDAQ,"Nasdaq, Inc. - Common Stock",Financial Services,Financial Data & Stock Exchanges,United States,その他,88.9800033569336,50.321821696,281.3992606163025,0.11648648648648649,0.22031662269129287,-0.026019916479280435,0.4222948438634713,0.14838337182448036,0.3048336714649148,44.71603700410526,0.0035711504979408976,0.11287450036952194,False,14,33,38,40,90,S,-20,5.5,19.75,28.900000000000006,28.900000000000006,Persistence
NDSN,Nordson Corporation - Common Stock,Industrials,Specialty Industrial Machinery,United States,その他,288.2099914550781,16.058469376,122.77169216003418,0.03783233782702169,0.0233159301111757,0.014806904895922368,0.5515604005749928,0.34432259756843975,0.3535773557243116,48.46111692821398,0.02508996578728255,0.034060486585101045,True,43,24,46,65,87,S,0,50.7,36.45,58.95,58.95,Persistence
NEXT,NextDecade Corporation - Common Stock,Energy,Oil & Gas Equipment & Services,United States,電力/エネルギー,8.399999618530273,2.225940992,21.36346702981949,,,,,-0.8833935449086239,0.6966999704164584,48.85495335729896,0.047956437961845066,0.30000003178914386,True,0,0,0,100,83,S,-20,3.3000000000000007,3.3000000000000007,21.6,21.6,Persistence
NMIH,NMI Holdings Inc - Common Stock,Financial Services,Insurance - Specialty,United States,その他,37.04999923706055,2.8147584,20.333224831295013,0.08520963299440375,0.12429641988038058,0.10400260840715558,,0.06676769270155858,0.10857077845970084,46.704310750475045,-0.02755907709004744,0.14136737133508387,False,2,24,50,100,90,S,-20,5.5,22.0,50.5,50.5,Persistence
NMRK,"Newmark Group, Inc. - Class A Common Stock",Real Estate,Real Estate Services,United States,その他,15.180000305175781,3.782997248,20.333534508781433,0.20285616004662402,0.10854010414642677,-0.08691800155755237,,3.0,0.41894900089995013,58.2857177111586,-0.007467460820534639,0.21865552498386495,False,51,42,22,85,90,S,0,60.0,53.25,51.35,60.0,Acceleration
NN,NextNav Inc. - Common stock,Technology,Software - Infrastructure,United States,ソフトウェア,21.5,2.933394176,56.719365,-0.1933321573469748,0.46789228379078196,-0.0163015792154865,-0.8674830527006342,-0.32007731958762886,1.1683271327306806,49.22879248279065,0.08791353561831802,0.08859686897283091,True,0,0,0,100,85,S,-30,0.0,0.0,12.0,12.0,Persistence
NNE,Nano Nuclear Energy Inc. - common stock,Industrials,Specialty Industrial Machinery,United States,電力/エネルギー,23.18000030517578,1.208185088,72.22134745082855,,,,,-2.6546444728361833,0.01222592633627717,41.96832696342137,-0.07163024416714714,0.5906763223031799,False,0,0,10,100,55,B,-15,5.5,5.5,26.5,26.5,Persistence
NOVT,Novanta Inc. - Common Shares,Technology,Scientific & Technical Instruments,United States,その他,160.52999877929688,5.717003776,77.81771955825806,0.03303151451943387,0.07665409193092138,0.02411305338696694,0.4438955741382827,-0.6573823841528121,0.16706656942094156,50.732828874387245,0.12533226843391837,0.04780827886394742,True,4,0,41,85,57,B,0,21.45,18.45,55.199999999999996,55.199999999999996,Persistence
NSIT,"Insight Enterprises, Inc. - Common Stock",Technology,Electronics & Computer Distribution,United States,その他,111.05000305175781,3.354145024,55.099124764175414,-0.052233253785640456,-0.051672871366545185,-0.1203458933883964,0.21357930832114735,-0.5234181308152878,0.17456862115912058,66.23598340429862,0.27631945353079757,0.2428064893029295,True,0,0,25,85,50,B,0,17.75,17.75,45.0,45.0,Persistence
NSSC,"NAPCO Security Technologies, Inc. - Common Stock",Industrials,Security & Protection Services,United States,その他,37.220001220703125,1.32977152,15.213675498962402,-0.03812625781167249,0.11072548339088337,0.183880829845466,0.5562682729420056,0.17446429387307535,0.026925270388258867,49.809202942662125,-0.0714026369424145,0.2058838011934125,False,10,12,38,100,80,S,-5,25.5,27.0,56.900000000000006,56.900000000000006,Persistence
NTAP,"NetApp, Inc. - Common Stock",Technology,Software - Infrastructure,United States,ソフトウェア,161.61000061035156,31.662618624,691.4370749113465,0.05371272063298844,0.048500319081046586,-0.014775227915749764,0.7074368231046931,0.3968609865470852,0.2543745346239762,63.97085904089078,0.28749313642895824,0.10752154309600895,True,50,24,38,40,50,B,0,48.5,29.0,40.900000000000006,48.5,Acceleration
NTCT,"NetScout Systems, Inc. - Common Stock",Technology,Software - Infrastructure,United States,ソフトウェア,41.41999816894531,2.961331712,26.527852027282716,0.044735552992114784,-0.008169219547775346,-0.09302592588542749,0.7940759666869114,0.3529029781062032,0.016815338347525202,51.96548411011641,0.11858268484750278,0.04628142118596592,True,53,54,45,100,57,B,0,60.45,61.2,61.15,61.2,Transition
NTNX,"Nutanix, Inc. - Class A Common Stock",Technology,Software - Infrastructure,United States,ソフトウェア,49.310001373291016,13.32950528,237.9806682777977,0.18108158167102256,0.1534820803104845,0.1784537663303804,0.8680884044340125,0.2551436473424698,0.45163520644835486,55.33886448879901,0.10474341591069629,0.3921351121333797,False,49,63,82,65,43,C,0,50.8,61.3,69.95,69.95,Persistence
NTRS,Northern Trust Corporation - Common Stock,Financial Services,Asset Management,United States,その他,174.33999633789062,32.261138432,197.03993556106568,-0.024606774100164045,0.22394626116483354,0.0018192036916523694,,3.0,0.07900404611909602,60.49126630417016,0.07355596235791469,0.0,True,12,25,30,40,40,C,-20,0.0,8.75,14.5,14.5,Persistence
NVDA,NVIDIA Corporation - Common Stock,Technology,Semiconductors,United States,半導体,205.19000244140625,4969.90683136,36121.662393085324,0.654735357900948,1.1420340763599357,1.2585452658115222,0.7106808435754708,0.5886809195931179,0.05338413852797107,42.3379743199006,-0.007326933377360326,0.12857749409777627,True,39,34,80,10,100,S,0,40.75,37.0,66.5,66.5,Persistence
NVTS,Navitas Semiconductor Corporation - Common Stock,Technology,Semiconductors,United States,半導体,23.389999389648438,5.6200192,863.8609762579346,-0.4488007490816547,0.04840414820781313,1.0940885011728119,0.3103057757644394,0.32358142513034727,0.012931869906028145,39.783820523017866,0.2335391571305899,0.26423407624930434,True,9,12,22,85,43,C,-10,13.8,16.05,31.950000000000003,31.950000000000003,Persistence
NWBI,"Northwest Bancshares, Inc. - Common Stock",Financial Services,Banks - Regional,United States,その他,14.800000190734863,2.164725248,14.412240185737609,0.25247518094326826,-0.04991502543760531,0.03414810032432106,,0.13103167702358826,0.04122334278882854,68.12227692548593,0.08243648444190392,0.0,True,29,29,30,100,40,C,-20,20.75,20.75,29.5,29.5,Persistence
NWE,"NorthWestern Energy Group, Inc.  - Common Stock",Utilities,Utilities - Regulated Electric,United States,電力/エネルギー,71.05000305175781,4.370144768,40.85268600471497,0.0638490836238637,0.06451882827535628,-0.03768615889303083,0.5686721194318246,0.08773148635467323,0.40638269175552627,47.67442657576991,0.001852867088489643,0.031488516076536056,True,10,12,10,85,87,S,0,28.950000000000003,30.450000000000003,44.150000000000006,44.150000000000006,Persistence
NWL,Newell Brands Inc. - Common Stock,Consumer Defensive,Household & Personal Products,United States,その他,4.920000076293945,2.090644736,48.52158195241928,-0.049854919546293855,-0.0677486782245174,-0.14018395179194418,0.3375902276513048,-0.9282700421940928,0.48707419505366306,79.04584998231545,0.2513278015678496,0.18661685983290546,True,34,0,21,100,35,C,0,44.0,18.5,43.55,44.0,Acceleration
NWPX,"NWPX Infrastructure, Inc. - Common Stock",Basic Materials,Steel,United States,その他,128.85000610351562,1.241728512,19.228930660858154,0.06792231417039557,0.10845607678545308,-0.02908240743775469,0.19702739337988567,0.375277356066799,0.1773614202163449,72.64537032543532,0.2515711996151256,0.002863296035383575,True,5,24,30,100,10,D,-5,14.75,29.0,38.5,38.5,Persistence
NWS,News Corporation - Class B Common Stock,Communication Services,Entertainment,United States,その他,29.260000228881836,15.934497792,38.240040599126814,0.024236548715462918,0.029955067398901646,-0.22850264805007223,,0.05740740740740741,0.18962848297213622,46.77913980312765,-0.023898790071186077,0.16239197564905247,False,2,24,30,65,90,S,0,20.25,36.75,50.75,50.75,Persistence
NWSA,News Corporation - Class A Common Stock,Communication Services,Entertainment,United States,その他,25.68000030517578,13.98489088,107.02756447189331,0.024236548715462918,0.029955067398901646,-0.22850264805007223,,0.05740740740740741,0.18962848297213622,48.17392221605237,-0.015027720963026216,0.1689554103446371,False,2,24,30,65,90,S,0,20.25,36.75,50.75,50.75,Persistence
NXST,"Nexstar Media Group, Inc. - Common Stock",Communication Services,Broadcasting,United States,その他,174.5,5.329049088,56.6348475,-0.08470501202145367,0.09608757348469492,-0.0533486854730378,0.5483936148716912,-0.32760180995475113,0.5876820947814863,30.689605123016193,-0.08477931647762017,0.3054695155050035,False,8,0,25,85,53,B,0,24.05,18.05,45.6,45.6,Persistence
NXT,Nextpower Inc. - Class A Common Stock,Technology,Solar,United States,電力/エネルギー,121.87999725341797,18.548099072,302.65667497959134,0.20282292797674503,0.18375408675991792,0.3142276292401651,0.32592522876110797,-0.1740532230857426,,45.79019194284348,-0.019207084869497324,0.22071609968165326,True,31,17,74,65,100,S,0,43.0,32.5,76.95,76.95,Persistence
OCFC,OceanFirst Financial Corp. - Common Stock,Financial Services,Banks - Regional,United States,その他,18.600000381469727,1.07136128,19.03896039047241,0.05405860825149417,-0.047414820109602095,-0.076193234476367,,-0.06099721290566394,0.10850498516339627,48.305100270477055,0.0006641201387710991,0.06864226013072569,True,30,0,25,100,87,S,-25,21.200000000000003,0.0,31.150000000000006,31.150000000000006,Persistence
ODFL,"Old Dominion Freight Line, Inc. - Common Stock",Industrials,Trucking,United States,その他,245.75,51.10820864,475.85186875,-0.054760344706017906,-0.008752245083318674,-0.06292654227735538,0.3302830276386915,0.07560433125179483,0.00731148631849891,75.02339526526235,0.14445284394286795,0.011980845811630114,True,6,12,34,40,10,D,0,11.5,16.0,30.700000000000003,30.700000000000003,Persistence
OKTA,"Okta, Inc. - Class A Common Stock",Technology,Software - Infrastructure,United States,ソフトウェア,116.29000091552734,20.212058112,581.9558660816192,0.11839080459770115,0.15333627927529828,0.21797631862217437,0.7735525865022268,0.1821917808219178,0.04346035015447992,63.20703255141735,0.31482843706432523,0.1681092603138187,True,28,40,82,65,50,B,0,35.75,44.75,71.35,71.35,Persistence
OLED,Universal Display Corporation - Common Stock,Technology,Electronic Components,United States,半導体,91.45999908447266,4.275836416,63.35937166576385,0.004519179105860265,0.12361453015028737,-0.0651780110570709,0.7631057575110166,-0.3161631999545246,0.009785809074623095,44.945015003043366,-0.019895718466680052,0.4263859098499349,False,15,12,40,85,65,A,0,30.5,28.25,56.25,56.25,Persistence
OLLI,"Ollie's Bargain Outlet Holdings, Inc. - Common Stock",Consumer Defensive,Discount Stores,United States,その他,83.25,5.032736768,182.985165,0.1661716640144737,0.08039475674169219,0.15087665140127937,0.40500710026204156,0.820954162768943,0.23212822674336953,52.57018599817985,-0.019473897555439216,0.4087358082698517,False,36,26,54,85,65,A,0,46.25,38.75,63.95,63.95,Persistence
OLPX,"Olaplex Holdings, Inc. - Common Stock",Consumer Cyclical,Specialty Retail,United States,その他,2.0399999618530273,1.371118592,8.971919832229615,0.0006861144628196938,-0.0777438359153393,-0.3492589531915135,0.6942642330243994,-0.589750826838041,0.23525412908425916,45.45454545454546,0.0022599935689533077,0.009708728874782328,True,42,0,37,100,75,A,-5,49.0,17.5,55.35,55.35,Persistence
ON,ON Semiconductor Corporation - Common Stock,Technology,Semiconductors,United States,半導体,116.79000091552734,45.408325632,1370.2001450411224,-0.15346709402312808,-0.1418514479583182,-0.008791525545867263,0.33090369283117055,0.1700758825470142,0.23992143148010636,50.43287166997572,0.1542612611928415,0.12797724705134966,True,6,12,34,40,70,A,0,17.5,22.0,42.7,42.7,Persistence
ONB,Old National Bancorp - Common Stock,Financial Services,Banks - Regional,United States,その他,25.139999389648438,9.713417216,76.61892473983765,0.33886596516536904,0.026673091949610536,0.06296177320912304,,0.07667542207545416,0.09826210281973324,64.78666356282861,0.06305281210173523,0.016624115337727237,True,34,32,50,85,40,C,-20,22.25,20.75,36.75,36.75,Persistence
ONDS,Ondas Inc - Common Stock,Technology,Communication Equipment,United States,通信/光通信,9.329999923706055,4.825452544,771.9469798375798,3.0,-0.5415969099055982,3.0,0.3973113086672843,-0.16140669829275914,0.01373890952040048,51.274785290432575,-0.08338000766173732,0.3340471255330808,True,57,40,22,85,73,A,-10,52.8,40.05,37.95,52.8,Acceleration
OPEN,Opendoor Technologies Inc  - Common Stock,Real Estate,Real Estate Services,United States,その他,4.440000057220459,4.283430656,166.1533491412997,-0.15175625849019989,-0.2581341779441405,-0.5537997045031156,0.08007320979180965,2.67258064516129,0.5484004985459078,48.20716843862631,-0.08720857713212052,0.5779467809867084,False,42,25,22,85,55,B,0,49.75,37.0,44.35,49.75,Acceleration
ORLY,"O'Reilly Automotive, Inc. - Common Stock",Consumer Cyclical,Auto Parts,United States,その他,91.0199966430664,75.42964224,641.9549343238831,0.0642495944723634,0.056679409951145475,0.0973215562122047,0.5159231316716373,-0.21370711221904767,0.5134459486137986,47.43954280108136,-0.007967244614462441,0.1558152763801601,False,26,12,37,40,90,S,0,34.5,24.0,48.35,48.35,Persistence
OSBC,"Old Second Bancorp, Inc. - Common Stock",Financial Services,Banks - Regional,United States,その他,22.5,1.157228416,7.1604,0.19006141501041446,-0.0038720652556879856,0.14724159331057798,,-0.02473787951567754,0.04565635786126393,68.88297858849108,0.06545293357547355,0.0,True,23,2,33,100,40,C,-25,11.25,0.0,26.150000000000006,26.150000000000006,Persistence
OSIS,"OSI Systems, Inc. - Common Stock",Technology,Electronic Components,United States,半導体,225.52999877929688,3.71738624,67.3274705355835,0.1133433587347718,0.20363384064948567,0.08044971586395275,0.34274670405553226,1.4419260554780868,0.28985252472161827,52.33491537141886,-0.09972879729695232,0.271732097283356,False,21,39,50,85,63,B,0,34.8,48.3,61.35,61.35,Persistence
OTTR,Otter Tail Corporation - Common Stock,Industrials,Conglomerates,United States,その他,89.58999633789062,3.761360128,20.898658445739745,-0.01990909008919633,-0.013799636219709064,-0.07604596328333821,0.4320191279835713,0.040773376133331915,0.27842616526233394,58.09247551180047,0.019130708966758624,0.018633834172941056,True,6,12,30,85,75,A,0,24.75,29.25,52.75,52.75,Persistence
OUST,"Ouster, Inc. - Common Stock",Technology,Electronic Components,United States,半導体,39.79999923706055,2.534183168,207.6242580199814,0.5245947381211691,0.33408182134751857,1.0297594384459772,0.49258489585793225,-0.7316154873164219,0.0488675768777395,54.22900882505564,0.2775122289109974,0.1548099573562374,True,54,58,56,100,70,A,-10,52.5,55.5,59.80000000000001,59.80000000000001,Persistence
OZK,Bank OZK - Common Stock,Financial Services,Banks - Regional,United States,その他,52.099998474121094,5.68754176,47.98930859451294,0.04204718910439849,0.06152426899798596,0.24292040151343353,,-0.009635270042011347,0.011366150605210044,76.19047859328452,0.08039636884985615,0.0,True,0,0,45,85,25,D,-20,0.0,0.0,31.0,31.0,Persistence
PAGP,"Plains GP Holdings, L.P. - Class A Shares representing limited partner interests",Energy,Oil & Gas Midstream,United States,電力/エネルギー,24.3799991607666,5.6805504,43.81280889183044,-0.09464296672053019,0.03280801081629204,-0.1744968783788497,0.06497672947449279,0.12208436724565756,0.3664471159994884,28.01116841471449,0.019458291521408974,0.06050102335314967,True,2,24,26,85,60,B,0,20.25,36.75,47.55,47.55,Persistence
PANW,"Palo Alto Networks, Inc. - Common Stock",Technology,Software - Infrastructure,United States,ソフトウェア,279.6199951171875,227.89029888,2706.237810142822,0.1487387106820305,0.1646379502952399,0.2528764882304826,0.734143035297945,0.1190015479876161,0.014344975017178341,57.72852937161499,0.29890157077972024,0.06942230799535533,True,22,21,79,25,57,B,0,25.95,25.2,61.1,61.1,Persistence
PATK,"Patrick Industries, Inc. - Common Stock",Consumer Cyclical,Recreational Vehicles,United States,その他,86.69999694824219,2.851842304,33.84421080871582,0.06326965997906711,0.07140564785059017,-0.2896075521848996,0.23105858018165054,0.08321840521564694,0.4853158501437175,41.93547206972483,-0.09821113203602437,0.39999241802811286,False,2,12,22,100,63,B,0,22.8,30.3,49.7,49.7,Persistence
PAYO,Payoneer Global Inc. - Common Stock,Technology,Software - Infrastructure,United States,ソフトウェア,6.75,2.259756032,51.71158125,0.13912355903283533,0.20051160009925575,0.049163857977289366,,0.2508044931478637,0.008075953915045113,83.89513509941699,0.3136896245894874,0.0902965053106292,True,10,14,50,100,35,C,0,26.0,29.0,59.5,59.5,Persistence
PAYX,"Paychex, Inc. - Common Stock",Technology,Software - Application,United States,ソフトウェア,100.62999725341797,36.054810624,299.426066277504,0.055586078851145256,0.05416308841445148,0.0857384478608756,0.7235314177001633,-0.015665495594079364,0.3032039169046311,57.680904213535115,0.07936276896431903,0.31826994324435853,False,30,0,45,40,58,B,0,34.3,11.8,46.35,46.35,Persistence
PCAR,PACCAR Inc. - Common Stock,Industrials,Farm & Heavy Construction Machinery,United States,その他,118.5199966430664,62.37544448,360.61723818595885,-0.15503300281014026,-0.0416654805080934,0.21886764955915572,0.16655065249184386,0.046247366421441644,0.3526756916470063,65.8485925577426,0.008758878534555566,0.08180303984064922,True,2,12,26,40,80,S,-20,0.0,3.0,20.299999999999997,20.299999999999997,Persistence
PCT,"PureCycle Technologies, Inc. - Common stock",Industrials,Pollution & Treatment Controls,United States,その他,8.880000114440918,1.606068352,59.00067436037064,,,,-12.083542788749252,0.08394291702010878,0.45425430220686575,36.41425698420374,-0.035631662123521514,0.47517730056736857,False,2,30,2,100,55,B,-15,7.0,28.0,22.1,28.0,Transition
PCTY,Paylocity Holding Corporation - Common Stock,Technology,Software - Application,United States,ソフトウェア,108.83999633789062,5.82773504,73.7129759197998,0.13740031300913003,0.19403830076332498,0.3775835599794054,0.6876777575019386,0.12040887040887041,0.049640408727515295,44.23606787515305,0.01449785504516732,0.42824124821960086,False,19,26,89,85,65,A,0,33.5,38.75,83.2,83.2,Persistence
PDFS,"PDF Solutions, Inc. - Common Stock",Technology,Software - Application,United States,ソフトウェア,64.13999938964844,2.685395456,55.76459826934814,0.2204273813835567,0.08219012874242469,0.11636564365966785,0.7232129812258017,-0.08784954219252661,0.17391813172771717,76.70908066034556,0.37667844173933557,0.0,True,42,5,42,100,10,D,0,47.5,19.75,50.1,50.1,Persistence
PEBO,Peoples Bancorp Inc. - Common Stock,Financial Services,Banks - Regional,United States,その他,36.599998474121094,1.314798976,6.801926716423035,0.022941267920753263,0.050547489312951804,0.3052897612640308,,-0.05620943790562094,0.07400760443664679,69.43398399262969,0.06987516196596841,0.0,True,0,0,45,100,40,C,-25,0.0,0.0,32.75,32.75,Persistence
PEGA,Pegasystems Inc. - Common Stock,Technology,Software - Application,United States,ソフトウェア,32.7599983215332,5.47472128,57.523772452754976,0.16606687238675377,0.04506720572714531,0.08708990814549511,0.7586326591866708,0.4509245625550687,0.04655285676817147,43.03242693316724,-0.11044498182680637,0.5078093478109366,False,49,33,57,85,55,B,0,55.0,43.0,63.6,63.6,Persistence
PENG,"Penguin Solutions, Inc. - Common Stock",Technology,Information Technology Services,United States,その他,64.12999725341797,3.370682624,203.31453679237364,0.16911400448925346,-0.18765238508239376,0.03250575265997839,0.2880448044044612,0.7325184813282318,0.32437175364828097,61.280987710056586,0.5426989872581715,0.10194659060848398,True,35,56,26,85,50,B,0,44.0,59.75,45.55,59.75,Transition
PENN,"PENN Entertainment, Inc. - Common Stock",Consumer Cyclical,Resorts & Casinos,United States,その他,21.68000030517578,2.90172416,79.66890632144928,0.05820829722868306,0.033821056436530515,-0.006060890076073543,0.33793995115644304,0.022614451185879757,0.7900059571783999,77.77776796631943,0.2579784313554922,0.0,True,36,12,4,100,10,D,-10,33.0,15.0,19.2,33.0,Acceleration
PEP,"PepsiCo, Inc. - Common Stock",Consumer Defensive,Beverages - Non-Alcoholic,United States,その他,144.27000427246094,197.208571904,1245.5810504870606,0.022546650118666578,0.004187119414896525,0.058790165756088524,0.541485227575193,0.06718597857838364,0.4646318867028557,39.09009680869026,-0.03694269503262104,0.13724928923670268,False,28,12,42,25,80,S,-20,12.75,0.75,25.35,25.35,Persistence
PFBC,Preferred Bank - Common Stock,Financial Services,Banks - Regional,United States,その他,101.61000061035156,1.203260288,9.947111009750365,-0.0019756373279241016,-0.03132941943010749,0.15228260784113332,,0.019443171052229456,0.050493970332179346,74.35898689906975,0.07264829207240234,0.0,True,20,24,30,100,25,D,-25,7.5,10.5,21.5,21.5,Persistence
PFG,Principal Financial Group Inc - Common Stock,Financial Services,Asset Management,United States,その他,111.12000274658203,24.002215936,125.14334709320069,-0.031138972079093732,0.18015044856503096,-0.22070471769663721,,-0.0210405593171743,0.01158251959346938,76.15359577049406,0.1173801802455524,0.0,True,0,0,25,65,10,D,-20,0.0,0.0,12.0,12.0,Persistence
PGY,Pagaya Technologies Ltd. - Class A Ordinary Shares,Technology,Software - Infrastructure,United States,ソフトウェア,15.420000076293945,1.277868416,60.01996019696236,0.2556278930864566,0.2998599921844066,0.1275141739153271,0.4060535572854605,3.0,0.5553245523360291,63.24701250092376,0.10993544036676839,0.6480255742312114,False,35,74,73,100,15,D,-5,37.75,67.0,63.150000000000006,67.0,Transition
PI,"Impinj, Inc. - Common Stock",Technology,Semiconductors,United States,半導体,132.77000427246094,4.044066048,61.27933162193298,-0.01369073471606476,0.19037585476963897,0.19293638479441427,0.5253119158069653,-0.5873576862893217,0.5579710410758897,38.644574706965415,0.01495255641545132,0.45115951278348543,False,8,0,33,85,55,B,0,24.25,18.25,50.400000000000006,50.400000000000006,Persistence
PLAB,"Photronics, Inc. - Common Stock",Technology,Semiconductor Equipment & Materials,United States,半導体,31.780000686645508,1.87386624,72.54055286732674,-0.020361129758946925,-0.02817024558445693,0.08189567872861407,0.3530344026921184,-0.5432433883125148,0.00330223758599173,22.742381898255886,-0.28748866164179593,0.4217612588056971,False,22,12,29,100,8,D,-5,27.299999999999997,19.8,37.550000000000004,37.550000000000004,Persistence
PLMR,"Palomar Holdings, Inc. - Common stock",Financial Services,Insurance - Property & Casualty,United States,その他,114.8499984741211,3.043969536,28.800934117355347,0.5815589775810985,0.4733298574719493,0.14931852784894492,,0.5912541959592121,,51.53315945192504,-0.02436663800238524,0.2923598501874631,False,57,34,57,85,73,A,-20,42.8,25.549999999999997,47.2,47.2,Persistence
PLPC,Preformed Line Products Company - Common Stock,Industrials,Electrical Equipment & Parts,United States,電力/エネルギー,375.4200134277344,1.835057536,37.374939436798094,0.12737445975671788,-0.11343494420461146,0.051266755727048245,0.31156007876439107,-0.36900187397073575,0.07212742552641363,56.685918111684344,0.09461025593153508,0.03172389289756344,True,27,2,29,100,72,A,-5,37.45,18.7,50.35,50.35,Persistence
PLTR,Palantir Technologies Inc. - Class A Common Stock,Technology,Software - Infrastructure,United States,ソフトウェア,127.98999786376953,306.831949824,4914.917030067062,0.5618339093221548,0.2878613688375613,0.16745152216493142,0.8236651721415028,0.8406361201194149,0.0257671796927596,43.538299970398526,-0.0834097932306446,0.3822280027586313,False,82,64,90,10,63,B,0,69.3,55.8,64.60000000000001,69.3,Acceleration
PLUG,"Plug Power, Inc. - Common Stock",Industrials,Electrical Equipment & Parts,United States,電力/エネルギー,2.759999990463257,3.850390528,202.63747429981828,0.12898090691365013,-0.29452958467027174,0.27072878649635035,-0.3409403044572691,0.3776643136502238,0.3843306477224725,25.0,-0.15332229268612615,0.3333333141369898,True,38,62,6,85,34,D,-10,34.65,52.65,21.35,52.65,Transition
PLUS,ePlus inc. - Common Stock,Technology,Software - Application,United States,ソフトウェア,83.19000244140625,2.175550464,21.255045623779296,0.22117192155858909,-0.08175419798195707,0.05345554858060916,0.25222871680363423,-1.4064350532549161,0.06646096064747978,45.412454736568996,-0.0070327406909733185,0.1034074345971119,True,27,17,10,100,100,S,-10,35.25,27.75,40.5,40.5,Persistence
PLXS,Plexus Corp. - Common Stock,Technology,Electronic Components,United States,半導体,295.0199890136719,7.893678592,84.6161581489563,0.018213115594293817,-0.05925413954570987,0.10467029161183071,0.10079777513621488,-0.5489071838743701,0.05329809920595707,67.87022236384524,0.15871510665704186,0.0,True,18,12,25,85,25,D,0,28.75,24.25,40.0,40.0,Persistence
POOL,Pool Corporation - Common Stock,Industrials,Industrial Distribution,United States,その他,195.0,7.10638592,174.566925,-0.0040589702074185175,-0.04162014726806993,-0.10326216675914648,0.2972849830112928,-0.4838905470977639,0.42332533397901784,62.73352825669869,-0.0153984188627731,0.40470008334511864,False,30,0,17,85,45,C,0,39.75,17.25,39.6,39.75,Acceleration
POWI,"Power Integrations, Inc. - Common Stock",Technology,Semiconductors,United States,半導体,78.37999725341797,4.367332352,111.78124118297576,0.058550312311294525,-0.05750914432511956,-0.31729065113693256,0.5448631804899167,0.36351827216527116,,59.89464424945442,0.11751551779037295,0.0975764077026364,True,43,12,28,85,70,A,0,52.0,28.75,50.650000000000006,52.0,Acceleration
POWL,"Powell Industries, Inc. - Common Stock",Industrials,Electrical Equipment & Parts,United States,電力/エネルギー,294.75,10.738228224,177.76962,0.09083958607446392,0.4476539664925898,0.31305226237462025,0.293738760031078,0.6052184012942299,0.001500472504562735,55.906289889366526,0.10019257340965691,0.08445439475954004,True,12,24,67,65,70,A,0,25.75,34.75,67.1,67.1,Persistence
PPC,Pilgrim's Pride Corporation - Common Stock,Consumer Defensive,Packaged Foods,United States,その他,30.06999969482422,7.154312704,42.084468072891234,0.03463765076874518,0.029723969006953434,-0.006077267510313064,0.1274840515391414,-0.5636754660251762,0.3241622540854041,60.280972119100376,-0.03580384620773683,0.3760747291613256,False,30,0,21,85,53,B,-20,20.549999999999997,0.0,23.4,23.4,Persistence
PPLI,People Incorporated - Common Stock,Communication Services,Internet Content & Information,United States,その他,42.63999938964844,3.171882752,44.54686016235352,-0.08730794650590114,-0.1018297234057785,-0.44235972097003406,0.6616376725783045,-0.8760662613695273,0.1999548713743013,52.85313800931943,0.001103452658821479,0.060379057161194495,True,48,25,37,85,87,S,0,57.45,40.2,59.0,59.0,Persistence
PRCH,"Porch Group, Inc. - Common Stock",Financial Services,Insurance - Property & Casualty,United States,その他,10.279999732971191,1.1246656,15.130926006965637,0.11264229816308488,0.05582854324447661,0.5723324684360822,,2.1704476470985004,0.49262687431889973,57.860257916957835,0.11228925370676636,0.46008407359961145,False,35,45,49,100,35,C,-25,19.75,27.25,33.95,33.95,Persistence
PRDO,Perdoceo Education Corporation - Common Stock,Consumer Defensive,Education & Training Services,United States,その他,34.040000915527344,2.13441472,22.203611797180177,0.2419520801804883,-0.04048005363350066,0.021282839092760727,0.7665276753465328,0.38029802062827694,0.09483801214538233,51.63158331687236,-0.013137958924620807,0.09885572806017685,True,47,29,45,100,100,S,0,60.25,46.75,69.75,69.75,Persistence
PRGS,Progress Software Corporation - Common Stock,Technology,Software - Infrastructure,United States,ソフトウェア,31.469999313354492,1.32421376,19.414471976394655,0.29787539039220395,0.0849174657529315,0.15352824606777596,0.808166237315037,0.11244958504614908,0.5818205787786583,57.48449286830747,0.06994958930859232,0.512546460603677,False,44,29,64,100,50,B,-5,48.0,36.75,65.2,65.2,Persistence
PSKY,Paramount Skydance Corporation - Class B Common Stock,Communication Services,Entertainment,United States,その他,10.470000267028809,11.717742592,81.54763872980594,-0.014805072170511264,-0.016647874245539564,0.054852025467011824,0.2963749015849108,2.326530612244898,0.3416547459738821,50.17182513490714,-0.020360016891374996,0.4645484613156845,False,36,26,26,65,65,A,0,43.25,35.75,43.55,43.55,Persistence
PSMT,"PriceSmart, Inc. - Common Stock",Consumer Defensive,Discount Stores,United States,その他,182.3000030517578,5.632318976,43.73285923210144,0.07248746310973488,0.11379736627014295,0.08503224102350831,0.17350202861656738,1.6424802786599733,0.14501288363916645,80.88910204816273,0.12177437847610409,0.0,True,12,24,42,85,10,D,0,22.75,31.75,46.35,46.35,Persistence
PTC,PTC Inc. - Common Stock,Technology,Software - Application,United States,ソフトウェア,113.68000030517578,13.130698752,197.55651493034364,0.19175956896581728,0.0960485977226136,0.08467491867729901,0.8375515565345831,0.16460170254184986,0.20701698550377715,14.780837261188651,-0.18427563531997448,0.47499191360987025,False,62,40,65,65,16,D,0,57.85,41.35,55.2,57.85,Acceleration
PTEN,"Patterson-UTI Energy, Inc. - Common Stock",Energy,Oil & Gas Drilling,United States,電力/エネルギー,11.489999771118164,4.361806848,93.692445533638,-0.1025095060145101,0.29698976668268035,0.5661234812614633,0.04762293478837382,-0.25135271044956253,0.22986766277722545,42.39658259424862,0.011204645257098795,0.09778834872297477,True,0,18,33,85,100,S,0,22.75,36.25,59.400000000000006,59.400000000000006,Persistence
PTON,"Peloton Interactive, Inc. - Common Stock",Consumer Cyclical,Leisure,United States,その他,5.550000190734863,2.40310528,89.95179459134101,-0.0776181306473115,-0.035674749134021355,-0.21827368656133103,0.5091938333065682,3.0,0.9300334070484167,46.363639516279,0.036801830495989764,0.38333331214057076,False,30,65,28,100,73,A,-20,24.799999999999997,51.05,35.00000000000001,51.05,Transition
PWP,Perella Weinberg Partners - Class A Common Stock,Financial Services,Capital Markets,United States,その他,15.65999984741211,1.488914816,20.918392896175384,-0.1447953906375457,0.3536364645449332,0.02714934276262971,0.4332237319600534,-0.8527615661113902,0.2332715257692409,27.078330260574134,-0.1636787281564564,0.3518671941711268,False,14,57,29,100,24,D,-25,2.8999999999999986,35.15,20.75,35.15,Transition
PYPL,"PayPal Holdings, Inc. - Common Stock",Financial Services,Credit Services,United States,その他,41.529998779296875,36.633837568,609.9120538726806,0.0432430732459037,0.06805280306338383,0.08187368268042736,0.4662064391655613,-0.17777449386729718,0.12456812143739164,34.08353923275175,-0.09610260449454051,0.464463505261095,False,8,12,45,40,45,C,-20,0.0,0.0,23.75,23.75,Persistence
PZZA,"Papa John's International, Inc. - Common Stock",Consumer Cyclical,Restaurants,United States,その他,32.599998474121094,1.072605632,38.51380119731903,-0.0027090585693704,-0.03573794793588839,0.01598875031337665,0.2072608539844036,0.5100445121236968,1.1180382754552793,44.97485462455419,-0.04283061753443553,0.3878021394381378,False,27,12,20,100,73,A,-45,0.0,0.0,5.600000000000001,5.600000000000001,Persistence
QCOM,QUALCOMM Incorporated - Common Stock,Technology,Semiconductors,United States,半導体,211.72000122070312,223.152881664,4726.5272882514955,0.1365946306657769,0.08771635957565606,-0.18959276018099547,0.5542859723602204,0.14864259474957442,0.29537522685120554,42.414399517516735,0.15402220751208584,0.15344603000187307,True,45,14,34,25,70,A,0,44.5,21.25,38.95,44.5,Acceleration
QCRH,"QCR Holdings, Inc. - Common Stock",Financial Services,Banks - Regional,United States,その他,96.33000183105469,1.590387968,9.409514578857422,0.06509490048537228,-0.014929417420567283,0.1284065242192406,,-0.11483400700417701,0.06640833295911323,66.62601378132814,0.058641249924929306,0.0005187323489107927,True,18,12,25,100,40,C,-25,7.5,3.0,21.75,21.75,Persistence
QLYS,"Qualys, Inc. - Common Stock",Technology,Software - Infrastructure,United States,ソフトウェア,111.23999786376953,3.91753984,75.15485495674133,0.10131161625554873,0.09579264795530049,0.13218697100197457,0.828480478236503,0.31347083189506386,0.04773528168235957,66.79287961382131,0.1783848212751904,0.27672304514627155,False,46,26,65,85,23,D,0,49.55,34.55,61.6,61.6,Persistence
QRVO,"Qorvo, Inc. - Common Stock",Technology,Semiconductors,United States,半導体,98.58999633789062,8.677267456,129.31852639648437,-0.010877740106066973,-0.013406265966946333,0.05606181881039357,0.4589083046238471,0.4023074605552598,0.2659222499351997,39.22484255197604,0.07733440768522105,0.08906963614563536,True,37,31,34,85,75,A,0,48.0,43.5,54.95,54.95,Persistence
QS,QuantumScape Corporation - Common Stock,Consumer Cyclical,Auto Parts,United States,その他,7.090000152587891,4.361378816,159.27887407793045,,,,,0.17236239689788066,0.05427487241582808,37.69401773453515,-0.06239253341997695,0.6155097642490265,False,2,30,10,85,45,C,-10,8.75,29.75,25.75,29.75,Transition
QUBT,Quantum Computing Inc. - Common Stock,Technology,Computer Hardware,United States,その他,9.930000305175781,2.239562496,241.02687575740813,0.8284182305630027,0.04189944134078212,1.6323529411764706,0.09824046920821114,-0.6622769562676974,0.0011167939119907098,32.29166651883769,0.021331775689475654,0.5966693758453594,False,40,28,30,100,55,B,-10,40.5,31.5,42.5,42.5,Persistence
RBCAA,"Republic Bancorp, Inc. - Class A Common Stock",Financial Services,Banks - Regional,United States,その他,87.66000366210938,1.71969024,6.7156328805542,0.0848719782351125,0.06968978462754397,0.14751496462905858,,0.12513443676234373,0.07645063000732313,75.16776274140332,0.12931322988512725,0.0007978991467653516,True,20,24,50,100,10,D,-25,6.0,9.0,29.5,29.5,Persistence
RCAT,"Red Cat Holdings, Inc. - Common Stock",Industrials,Aerospace & Defense,United States,防衛/宇宙,11.180000305175781,1.701509632,199.2897662399292,1.283527696793003,2.8599092717894647,-0.28124738002069694,0.03127992339610597,-4.080142144902938,0.06736042853436716,56.58482380439456,-0.04803260149473313,0.35599078847328613,False,25,10,18,100,73,A,-15,26.049999999999997,14.8,34.5,34.5,Persistence
REAL,"The RealReal, Inc. - Common Stock",Consumer Cyclical,Luxury Goods,United States,その他,10.279999732971191,1.23861376,29.866843024191855,0.15381092585314513,0.09317245095611902,-0.08979225939654643,0.7459417329994443,3.0,1.1325516523116717,63.17072955148003,-0.010225131083251968,0.3917159784015899,False,65,39,32,100,53,B,-25,44.05,24.549999999999997,28.200000000000003,44.05,Acceleration
RELY,"Remitly Global, Inc. - Common stock",Technology,Software - Infrastructure,United States,ソフトウェア,19.079999923706055,4.01750528,76.58807369375229,0.29366682410798417,0.33853974170933565,0.4448329151110839,0.6020504578487439,2.0168274863143543,0.13170651115058274,31.617644996378843,-0.06610673186272656,0.21416806490452692,True,39,66,97,85,80,S,0,50.0,70.25,90.6,90.6,Persistence
REYN,Reynolds Consumer Products Inc. - Common Stock,Consumer Cyclical,Packaging & Containers,United States,その他,23.530000686645508,4.959356416,23.591531638441086,0.0070365358592692825,-0.016240681576144837,-0.015981137018600995,0.24563289438323033,-0.14363143631436315,0.3411669367909238,75.89289312870933,0.09168425815712447,0.051439933215941966,True,18,0,21,85,37,C,0,29.95,16.45,40.199999999999996,40.199999999999996,Persistence
RGTI,"Rigetti Computing, Inc.  - Common stock",Technology,Computer Hardware,United States,その他,20.979999542236328,6.973727232,1332.921157016926,-0.3430954587581094,-0.1014323784143904,-0.08349870248816975,0.291196388261851,-0.25101660591332525,0.010751994527239286,35.14472466931558,0.08955879753103746,0.62761804250239,False,0,0,10,85,40,C,-10,6.75,6.75,24.75,24.75,Persistence
RIOT,"Riot Platforms, Inc. - Common Stock",Financial Services,Capital Markets,United States,その他,26.610000610351562,10.062604288,423.3263921598053,0.7188935320635697,0.34195768816936134,0.08298382149237377,0.3792813178156881,,0.22017000244108936,57.34072285604577,0.23355494049721826,0.0580530757397677,True,66,40,34,65,57,B,-20,44.95,25.450000000000003,26.35,44.95,Acceleration
RIVN,"Rivian Automotive, Inc. - Class A Common Stock",Consumer Cyclical,Auto Manufacturers,United States,その他,16.760000228881836,22.506440704,580.317605725069,0.08390342052313883,0.12088407758231845,1.6743063932448734,0.026731019120103953,0.1288064403220161,0.44745694294940797,62.04933572602439,0.07797989570187908,0.2534521309883736,True,12,60,22,65,48,C,-10,13.55,49.55,27.950000000000003,49.55,Transition
RKLB,Rocket Lab Corporation - Common Stock,Industrials,Aerospace & Defense,United States,防衛/宇宙,102.38999938964844,63.975190528,2838.2917390808107,0.37959579472460764,0.7834352717995683,0.1592257673131244,0.3442694321525958,-1.7745962770406007,0.10925248593447646,33.52424274842055,0.016380812183940434,0.3184450356016415,True,24,15,52,40,73,A,-10,21.3,14.55,43.2,43.2,Persistence
RMBS,"Rambus, Inc. - Common Stock",Technology,Semiconductors,United States,半導体,146.55999755859375,15.848553472,357.6466980422974,0.27128905688579724,0.20712096929846438,0.013905227213259659,0.795917357941297,0.6667016838250743,0.016332307973939964,51.694434802981206,0.12089204342043625,0.14121648650161378,True,66,36,72,65,70,A,0,66.25,43.75,69.85,69.85,Persistence
ROAD,"Construction Partners, Inc. - Common Stock",Industrials,Engineering & Construction,United States,その他,113.87000274658203,6.43761152,65.71836403514862,0.5419556782238393,0.16650656071959416,0.20118247733303424,0.1561299494089653,0.2659782581779462,0.5215366166325394,51.149558934704835,-0.03429452233688095,0.18942193757299872,False,44,34,67,85,90,S,0,54.75,47.25,76.1,76.1,Persistence
ROCK,"Gibraltar Industries, Inc. - Common Stock",Industrials,Building Products & Equipment,United States,その他,40.29999923706055,1.19537536,14.785465220088959,0.10958226780631235,-0.022577884580486304,-0.2467456038493028,0.26877211028435904,-0.23213605061875842,0.04138840114437182,61.35371912528405,0.046361853541049144,0.4596406778273924,False,35,2,25,100,45,C,-5,40.75,16.0,42.75,42.75,Persistence
ROKU,"Roku, Inc. - Class A Common Stock",Communication Services,Entertainment,United States,その他,143.66000366210938,21.217683456,396.5281872080994,0.15180366738975778,0.18030062971016345,0.11453097903301228,0.43789615538632004,1.246356533824137,0.1180390225923952,65.76153313521253,0.20459300959608478,0.0,True,27,56,64,65,25,D,0,32.5,54.25,56.45,56.45,Persistence
ROP,"Roper Technologies, Inc. - Common Stock",Technology,Software - Application,United States,ソフトウェア,334.9700012207031,33.804288,351.358408530426,0.12264177747471304,0.13943475023471139,0.1500428161882423,0.6924391015501423,0.06721584436070459,0.2703907221563467,56.794719306952935,-0.022107028074155547,0.4108852851434506,False,19,14,68,40,65,A,0,26.75,23.0,60.400000000000006,60.400000000000006,Persistence
ROST,"Ross Stores, Inc. - Common Stock",Consumer Cyclical,Apparel Retail,United States,その他,240.1300048828125,77.029163008,862.7823049438476,0.07673449738014453,0.036918102673016526,0.08991909371871128,0.2770614559404892,0.348664902338834,0.3352258128747049,56.018206327788896,0.06931750160667786,0.0,True,23,24,38,40,60,B,0,29.25,30.0,42.900000000000006,42.900000000000006,Persistence
RRR,"Red Rock Resorts, Inc. - Class A Common Stock",Consumer Cyclical,Resorts & Casinos,United States,その他,63.11000061035156,6.394492928,52.77163586036682,0.03737575495961601,0.12466025476687358,0.036242641782056106,0.624004776575293,0.1581462667538018,0.8261299958028093,82.67117852238016,0.13333525740167299,0.03624673805222425,True,14,24,44,85,22,D,-20,5.449999999999999,12.950000000000003,29.85,29.85,Persistence
RUM,Rumble Inc. - Class A Common Stock,Communication Services,Internet Content & Information,United States,その他,7.159999847412109,1.549402368,26.07772184425354,0.05376717267339553,0.17939871411854716,1.0557299200869057,-0.06719694994112638,0.1783122814092984,0.005683806440695334,42.07317152950888,-0.007884289584406366,0.28542918959006475,True,12,60,30,100,83,S,-15,17.299999999999997,53.3,43.1,53.3,Transition
RUN,Sunrun Inc. - Common Stock,Technology,Solar,United States,その他,12.890000343322754,3.074900224,107.48674816288948,0.45113089685084157,-0.0982798134181899,-0.026539336665199174,0.3034490735026109,0.15730347772842287,0.6535357581905404,39.34729456013421,-0.04735859074186687,0.397944865241052,False,48,85,12,85,63,B,-20,35.05,62.8,20.450000000000003,62.8,Transition
RUSHA,"Rush Enterprises, Inc. - Class A Common Stock",Consumer Cyclical,Auto & Truck Dealerships,United States,その他,69.9800033569336,5.438306304,32.741194270591734,-0.04747765013749326,-0.015176988738456817,0.11593808216940522,0.19647910769087978,1.4772148437290553,0.3255883712489866,53.64549338131765,-0.006384763039180752,0.07921380979666934,True,12,12,26,85,87,S,0,30.450000000000003,30.450000000000003,52.95,52.95,Persistence
RUSHB,"Rush Enterprises, Inc. - Class B Common Stock",Consumer Cyclical,Auto & Truck Dealerships,United States,その他,70.91999816894531,5.511355392,4.013362696380615,-0.04747765013749326,-0.015176988738456817,0.11593808216940522,0.19647910769087978,1.4772148437290553,0.3255883712489866,75.46728541591774,0.029904458015220042,0.09352318883600028,True,12,12,26,85,65,A,0,28.25,28.25,48.55,48.55,Persistence
SAFT,"Safety Insurance Group, Inc. - Common Stock",Financial Services,Insurance - Property & Casualty,United States,その他,71.80999755859375,1.054417344,7.479370295715332,0.13006324922031076,0.19848997673730434,0.17945739248287712,,0.544296262930133,0.02503370957481421,50.25676187726674,-0.006519092796606275,0.08446253071073825,False,14,26,67,100,90,S,-25,9.5,18.5,54.849999999999994,54.849999999999994,Persistence
SAIA,"Saia, Inc. - Common Stock",Industrials,Trucking,United States,その他,482.8699951171875,12.845270016,189.14017708740235,0.007856471991608794,0.11370765865456528,0.03201080780227624,0.1597313904830927,1.059440475802155,0.08757448643731654,60.7401977466401,0.09279784555274286,0.008765487134805825,True,12,25,42,65,40,C,0,22.75,32.5,47.35,47.35,Persistence
SAIC,Science Applications International Corporation - Common Stock,Technology,Information Technology Services,United States,その他,113.80999755859375,4.811524608,68.02480459075927,-0.02901457414092793,0.004701773240193444,-0.03374870197300104,0.12007711374277058,0.259825327510917,0.5014942099364961,76.31577186197609,0.14028517476346083,0.045911648115184646,True,5,12,22,85,22,D,0,18.7,23.95,37.75,37.75,Persistence
SAIL,"SailPoint, Inc. - Common Stock",Technology,Software - Infrastructure,United States,ソフトウェア,14.619999885559082,8.292215296,76.87502959824562,0.24350315861798422,0.23162590841257225,0.554483540169098,0.6447458316844251,1.4313506484846463,0.002379842688989269,44.76367044167841,0.06849474959379598,0.39736192301623363,False,51,48,97,85,58,B,0,56.8,54.55,86.19999999999999,86.19999999999999,Persistence
SANM,Sanmina Corporation - Common Stock,Technology,Electronic Components,United States,半導体,255.1999969482422,13.678142464,205.8085895388794,0.07399969980159422,-0.1529616852645895,0.12821647295792651,0.08813033147310252,1.066911511033281,0.051291417989875,53.69433021872607,0.18923793837052597,0.09734013919651077,True,30,24,30,65,70,A,0,39.25,34.75,46.75,46.75,Persistence
SATS,EchoStar Corporation - Common stock,Communication Services,Telecom Services,United States,その他,114.08000183105469,33.061924864,1169.6788003740692,-0.051848356792915946,-0.06994065092511001,-0.08686415323700246,0.25822524761597626,-0.3986920807594349,0.700132310141108,41.777712704932966,-0.09330644295934926,0.1954866052477105,True,30,0,0,40,90,S,-20,17.5,0.0,8.0,17.5,Acceleration
SBCF,Seacoast Banking Corporation of Florida - Common Stock,Financial Services,Banks - Regional,United States,その他,32.08000183105469,3.119676416,21.553590830230714,0.2662539120176795,-0.09163506006429417,0.31263866300523074,,0.017166283803761912,0.045472888804999785,64.64088669483544,0.03274662818065109,0.07998351108079002,True,29,29,45,85,67,A,-20,21.200000000000003,21.200000000000003,39.4,39.4,Persistence
SBET,"Sharplink, Inc. - Common Stock",Financial Services,Capital Markets,United States,その他,5.510000228881836,1.08663488,41.335911517066954,3.0,-0.2606090586495313,0.41914005595498843,0.9322045981108537,0.23067145862552596,,37.23404705029735,-0.17460598943845834,0.8525949686614158,False,73,44,23,100,33,D,-35,38.05,16.299999999999997,9.25,38.05,Acceleration
SBGI,"Sinclair, Inc. - Class A Common Stock",Communication Services,Broadcasting,United States,その他,14.050000190734863,1.013926464,5.699663577375412,-0.1068207440811725,0.13209955328653478,-0.20213849287169042,0.4632376143893973,3.0,0.7596234661287611,56.395355606800145,-0.0223265795791689,0.15236470940350036,False,20,12,28,100,90,S,-15,24.0,18.0,43.400000000000006,43.400000000000006,Persistence
SBUX,Starbucks Corporation - Common Stock,Consumer Cyclical,Restaurants,United States,その他,103.04000091552734,117.434687488,817.4977288636017,0.027869151541621288,0.0055760015121360034,0.11551210376337584,0.22771108314239305,-0.2640366474789789,0.8310977304596857,49.83277665120982,0.027656101817727534,0.035386620390339026,True,18,0,27,25,87,S,-40,0.0,0.0,0.0,0.0,Acceleration
SCSC,"ScanSource, Inc. - Common Stock",Technology,Electronics & Computer Distribution,United States,その他,50.0099983215332,1.016429632,11.159981175441741,-0.06718154345852778,-0.1393745737872457,0.07302854018558415,0.13438721919488558,-0.7133977063664305,0.08238435578733494,74.832210899027,0.17347533513257218,0.0,True,18,0,25,100,10,D,-5,24.5,11.0,35.75,35.75,Persistence
SEIC,SEI Investments Company - Common Stock,Financial Services,Asset Management,United States,その他,89.4000015258789,10.75240448,53.401749911460875,0.08104365289807641,0.10696882424303036,-0.035782358640246266,0.5349526264907736,-0.019058745760255364,0.008761768968085589,47.7255410921842,0.0328674397038056,0.03542202190638261,True,8,12,33,65,87,S,-20,4.450000000000003,7.450000000000003,31.80000000000001,31.80000000000001,Persistence
SENEA,Seneca Foods Corp. - Class A Common Stock,Consumer Defensive,Packaged Foods,United States,その他,175.3699951171875,1.188489856,30.15048641052246,0.05116768964466741,0.08246520814779622,-0.03362303823097594,0.1393128172684411,-0.3958658843252305,0.22630429939138838,80.5550757330953,0.21050012811467825,0.0,True,3,19,25,100,10,D,-25,0.0,5.25,15.75,15.75,Persistence
SEZL,Sezzle Inc. - Common Stock,Financial Services,Credit Services,United States,その他,132.6999969482422,4.46230528,73.08186931930543,0.6607617066477826,0.7013898850812565,0.26906277250392074,0.7006145078939946,0.6040066881347536,0.3518360738477222,74.40418219488515,0.4037811793866328,0.27151957465707516,True,49,48,83,85,18,D,-20,31.299999999999997,30.549999999999997,50.5,50.5,Persistence
SFD,"Smithfield Foods, Inc. - Common Stock",Consumer Defensive,Packaged Foods,United States,その他,26.770000457763672,10.53338624,31.08371833152771,0.09821807382265592,-0.03401639344262295,-0.0962405086733749,0.13450518318202306,-0.08767471410419314,0.1967643918863431,54.51680790122823,-0.0031048187304577616,0.08393789241732105,True,30,12,25,65,100,S,-20,22.25,8.75,30.0,30.0,Persistence
SFM,"Sprouts Farmers Market, Inc. - Common Stock",Consumer Defensive,Grocery Stores,United States,その他,86.33000183105469,8.118844928,175.10961746406556,0.14079908903539057,0.12898295605453783,0.06763677654572615,0.38795449866394643,0.12750006629077787,0.4673017607400865,49.377869610303826,0.07186580656130434,0.5018177322650801,False,41,26,46,85,50,B,-20,28.5,17.25,36.55,36.55,Persistence
SFNC,Simmons First National Corporation - Common Stock,Financial Services,Banks - Regional,United States,その他,22.510000228881836,3.265395456,28.16439973637581,-0.8768810226155359,-0.024048519279120203,-0.10694758204125288,,0.0813506302327721,0.025262626107453293,65.94005520396937,0.0653503287918712,0.0,True,2,12,30,85,40,C,-20,0.0,5.75,25.75,25.75,Persistence
SHLS,"Shoals Technologies Group, Inc. - Class A Common Stock",Technology,Solar,United States,その他,10.430000305175781,1.749860224,59.471966040115355,0.19068505641169517,-0.1835218708264221,0.49550070349299563,0.35029905476394346,-1.2219042989096465,0.19401704013157822,53.10262834033568,0.16830022771125433,0.18324197875539308,True,27,14,22,100,70,A,-5,37.25,27.5,46.1,46.1,Persistence
SHOO,"Steven Madden, Ltd. - Common Stock",Consumer Cyclical,Footwear & Accessories,United States,その他,46.150001525878906,3.372893184,43.815503698692325,0.11002629519034117,0.15207293970171307,-0.0661764394024719,0.41413727665226713,-0.30574091819844934,0.25395384262570153,74.53271987753469,0.15818725159929403,0.0,True,9,2,25,85,10,D,0,20.5,15.25,37.0,37.0,Persistence
SIGI,"Selective Insurance Group, Inc. - Common Stock",Financial Services,Insurance - Property & Casualty,United States,その他,92.41000366210938,5.532542464,48.78786143341065,0.09783938814924857,0.14865884377714997,0.1894517362537793,,0.11711119300930334,0.059507142852429876,56.31932297358411,0.09174513514257483,0.0,True,2,24,50,85,60,B,-20,0.25,16.75,40.75,40.75,Persistence
SIRI,SiriusXM Holdings Inc. - Common Stock,Communication Services,Entertainment,United States,その他,27.520000457763672,9.263780864,175.389778917408,-0.016208759627543395,-0.028370378644029935,-0.005553704320781961,0.4704370179948586,0.22902270483711748,0.3563534897382237,34.87860764471631,0.037758737123835734,0.07867426566600788,True,31,47,34,85,77,A,0,43.7,55.7,55.35,55.7,Transition
SITM,SiTime Corporation - Common Stock,Technology,Semiconductors,United States,半導体,729.8900146484375,19.266781184,438.63835265319824,0.6115680054465532,0.40768648475967584,-0.4922762292625306,0.5356823608645075,3.0,0.002788292877340602,50.191198800951625,0.17915637254398786,0.19034251401910163,True,78,83,46,65,70,A,0,75.25,79.0,55.55,79.0,Transition
SKWD,"Skyward Specialty Insurance Group, Inc. - Common Stock",Financial Services,Insurance - Property & Casualty,United States,その他,50.04999923706055,2.029180288,17.989220975780487,0.23660684722866035,0.2817424109590877,0.4069704040665928,,0.3314522534738493,0.025038335908538076,59.23294792613793,0.09205558654606945,0.15584418174712747,True,14,29,85,100,85,S,-20,14.0,25.25,68.75,68.75,Persistence
SKYT,"SkyWater Technology, Inc. - Common Stock",Technology,Semiconductors,United States,半導体,36.61000061035156,1.80138048,33.612556810379026,0.2917880380636283,0.1938977682589071,0.3462978007992824,0.19660785409113424,-8.801666666666666,0.3411099771496934,47.9224422102216,0.07838864508566083,0.08268602479773073,True,27,40,61,100,85,S,-15,28.75,38.5,60.55000000000001,60.55000000000001,Persistence
SKYW,"SkyWest, Inc. - Common Stock",Industrials,Airlines,United States,その他,91.75,3.638632448,35.861405,0.15031009773464252,0.20184013801035078,-0.02312636754661098,0.2337520409284703,-0.21192933126108662,0.33495039227624196,63.821309548191664,0.048128220432346706,0.2584060855582445,False,5,14,29,85,53,B,0,21.8,28.55,47.800000000000004,47.800000000000004,Persistence
SLAB,"Silicon Laboratories, Inc. - Common Stock",Technology,Semiconductors,United States,半導体,219.50999450683594,7.239840256,87.229979167099,0.3428863798927421,-0.25294979405771495,-0.236155241742554,0.5823190156531135,3.0,,60.5900597648958,0.01698916985743465,0.0,True,62,73,28,85,55,B,0,64.75,73.0,47.650000000000006,73.0,Transition
SLDE,"Slide Insurance Holdings, Inc. - Common Stock",Financial Services,Insurance - Property & Casualty,United States,その他,16.700000762939453,1.913139584,18.199744331455232,0.36499987010134455,0.8073847992657888,0.9326244060190074,,0.46115837130699266,0.014848901734302108,29.51168201118088,-0.08123627277150976,0.28326174636191653,False,19,32,75,100,36,C,-25,7.850000000000001,17.6,48.45,48.45,Persistence
SLM,SLM Corporation - Common Stock,Financial Services,Credit Services,United States,その他,22.3799991607666,4.220710912,52.83369491877556,0.07319596549579514,0.021953442408760376,-0.007727242065592165,,,0.19702988220885997,53.36663636225406,0.011560666981036279,0.3354653336666513,False,30,12,10,85,73,A,-30,12.549999999999997,0.0,11.350000000000001,12.549999999999997,Acceleration
SMCI,"Super Micro Computer, Inc. - Common Stock",Technology,Computer Hardware,United States,その他,30.459999084472656,18.3192064,1946.853125984001,0.4658532304249225,1.1042028322665798,0.370928844889214,0.11059154174200105,1.587035499651183,0.34089711479082285,44.234230844011265,-0.05584350342263952,0.49827047366463917,False,26,33,64,65,55,B,0,34.75,40.0,62.45,62.45,Persistence
SMPL,The Simply Good Foods Company - Common Stock,Consumer Defensive,Packaged Foods,United States,その他,12.569999694824219,1.163670912,26.349610460281372,0.08983483322204036,0.07133740842313982,0.06331427476173933,0.36235423041932013,-0.25531111546568147,0.12705395766773997,61.26983982815701,0.025620084007689312,0.630837005096234,False,34,0,41,100,45,C,-25,20.0,0.0,31.549999999999997,31.549999999999997,Persistence
SMTC,Semtech Corporation - Common Stock,Technology,Semiconductors,United States,半導体,166.7100067138672,15.52923136,640.8165948074341,0.15472342615697793,0.04665165673294519,0.1483411827375673,0.516339912855068,2.7767043508050704,0.3526086318376388,54.51815689874396,0.3330487106460493,0.015589012663127576,True,46,39,54,65,45,C,0,48.75,43.5,54.95,54.95,Persistence
SNDK,Sandisk Corporation - Common Stock When-Issued,Technology,Computer Hardware,United States,その他,1980.0999755859375,293.232541696,22648.789441246947,0.10385712141677923,0.09480775550443642,,0.3007477906186268,0.7473684210526316,0.15725837504813245,71.94296257461183,0.5309794908000358,0.0,True,28,36,14,25,10,D,0,25.75,31.75,15.950000000000001,31.75,Transition
SNEX,StoneX Group Inc. - Common Stock,Financial Services,Capital Markets,United States,その他,130.69000244140625,10.357378048,83.94284201812744,0.3252689517638791,0.6413769531731413,-0.07844054758010782,0.019510765367711604,3.0,0.40908809755235487,74.35089640854324,0.20146210878476362,0.0,True,26,32,30,65,10,D,-20,10.25,14.75,14.75,14.75,Transition
SNPS,"Synopsys, Inc. - Common Stock",Technology,Software - Infrastructure,United States,ソフトウェア,453.8900146484375,86.910558208,945.9748740295411,0.15124466416295496,0.15220381142283568,0.15215414126611831,0.7698457566565516,0.06439694870886584,0.29639352526926116,29.54795722007293,-0.04420423573123305,0.2966761728993114,False,22,14,86,40,46,C,0,27.1,21.1,66.5,66.5,Persistence
SOFI,"SoFi Technologies, Inc.  - Common Stock",Financial Services,Credit Services,United States,その他,16.579999923706055,21.267849216,1206.137710549879,0.383185662520451,0.2391250418007651,0.33979542876389784,,-2.111656786845189,0.03818805262753344,55.68720558545959,-0.015000747143558289,0.48525301474787347,False,32,8,65,65,65,A,-30,10.25,0.0,35.0,35.0,Persistence
SONO,"Sonos, Inc. - Common Stock",Technology,Consumer Electronics,United States,その他,15.359999656677246,1.82981632,21.845605911712646,-0.04926036984142877,-0.08288692678771549,-0.055400904849298306,0.43687416682602637,-0.19654089217950527,0.07242146638195117,48.829948184662975,0.0408901534508027,0.1983298653965344,False,22,0,29,100,90,S,-5,35.5,19.0,53.95,53.95,Persistence
SOUN,"SoundHound AI, Inc. - Class A Common Stock",Technology,Software - Application,United States,ソフトウェア,6.900000095367432,2.986110464,176.78938744347096,0.9944977743142881,0.8462494277679681,0.47364194159786693,0.4235792090930618,0.05838309684252817,0.006122007111583861,35.266821371377034,-0.13709010781418,0.6775700832539867,False,68,70,59,100,33,D,-10,59.3,60.8,54.05,60.8,Transition
SPSC,"SPS Commerce, Inc. - Common Stock",Technology,Software - Application,United States,ソフトウェア,55.2400016784668,2.028009856,32.50404558763504,0.1783415521391108,0.187843400197426,0.19081785417244249,0.6917798284775217,0.10858232861552798,0.006147749429632118,55.14905096521364,0.002493561710979328,0.6123508654142681,False,19,26,87,100,65,A,0,35.75,41.0,85.85,85.85,Persistence
SRCE,1st Source Corporation - Common Stock,Financial Services,Banks - Regional,United States,その他,78.5199966430664,1.88988928,9.301871402320861,0.12051435715687997,0.04834944620467409,0.04098598656446716,,0.17383710038239863,0.022137606057025357,70.56704007866992,0.06776726531793698,0.0,True,37,26,42,100,25,D,-25,20.25,12.0,28.1,28.1,Persistence
SSNC,"SS&C Technologies Holdings, Inc. - Common Stock",Technology,Software - Application,United States,ソフトウェア,67.68000030517578,16.299646976,177.96760640247345,0.06633798027881672,0.06891037290106855,0.04160514858981639,0.4817448423200791,0.2729278841910142,0.3691922922792431,54.069302313496,-0.008256124249318281,0.24063472350731202,False,13,24,46,65,90,S,0,28.5,36.75,59.55,59.55,Persistence
STBA,"S&T Bancorp, Inc. - Common Stock",Financial Services,Banks - Regional,United States,その他,47.849998474121094,1.721494016,11.108137895774842,0.0474876852423487,-0.056853303196324596,0.08819330449521712,,-0.24398730277942393,0.026876054859801154,68.52537267714928,0.08181425815321557,0.0,True,18,12,25,100,40,C,-25,7.5,3.0,21.75,21.75,Persistence
STEP,StepStone Group Inc. - Class A Common Stock,Financial Services,Asset Management,United States,その他,44.38999938964844,5.594742784,59.352314533920286,0.6969289173752798,0.6508977264902738,3.0,0.4544249782930704,0.06740990840409172,0.19302299583805407,25.303749989672312,-0.1274058389103227,0.41449913859728216,False,46,22,76,85,16,D,-20,28.85,10.850000000000001,46.25,46.25,Persistence
STGW,Stagwell Inc. - Class A Common Stock,Communication Services,Advertising Agencies,United States,その他,6.630000114440918,1.643274496,10.227471326537133,0.023857390638374554,0.12426474283360445,-0.05975722823789936,0.3654321072533517,1.0235445060943356,0.38101271619464677,52.586204770345326,0.008303693343313299,0.10284164624837874,True,16,24,30,100,100,S,-5,32.0,38.0,56.5,56.5,Persistence
STLD,"Steel Dynamics, Inc. - Common Stock",Basic Materials,Steel,United States,その他,282.760009765625,40.777609216,304.6215999206543,0.03627006012979187,-0.06676801815941802,-0.1556755394039758,0.13160797401887628,3.0,0.2564689051863058,82.29781929624568,0.22131578864083065,0.0,True,42,25,26,40,10,D,0,38.5,25.75,26.3,38.5,Acceleration
STRA,"Strategic Education, Inc. - Common Stock",Consumer Defensive,Education & Training Services,United States,その他,77.41000366210938,1.75955968,18.067107804718017,0.039584238439910484,0.07679773753579235,0.06329917032698877,0.4897486240557632,0.19568780048310305,0.05352899624240878,45.94796348776686,-0.02265233511682626,0.08961177955188547,False,13,24,50,100,90,S,-5,28.75,37.0,65.5,65.5,Persistence
STRL,"Sterling Infrastructure, Inc. - Common Stock",Industrials,Engineering & Construction,United States,その他,858.989990234375,26.35892736,582.0687971826172,0.1769074505755862,0.0727740034245516,0.11460883580982867,0.22984045695486313,-0.1284969362008891,0.13285362652349372,60.07416588983702,0.2768756311776833,0.13559885012599626,True,26,21,45,65,50,B,0,34.25,30.5,51.0,51.0,Persistence
SWKS,"Skyworks Solutions, Inc. - Common Stock",Technology,Semiconductors,United States,半導体,73.97000122070312,11.1255296,376.84608881896975,-0.02180469123982767,-0.12454949291760958,-0.1299972655181843,0.41158335168465093,-0.34460282651072127,0.15196412782619678,39.794312281487485,0.099976779128226,0.11328215242948937,True,34,0,29,65,75,A,0,42.75,17.25,47.2,47.2,Persistence
SYBT,"Stock Yards Bancorp, Inc. - Common Stock",Financial Services,Banks - Regional,United States,その他,75.58000183105469,2.230757888,12.830839010849,0.1288495195706851,0.036046124148531526,0.06666730711344233,,0.15775071417831904,0.03427031779368641,66.22021900420637,0.059306026834814854,0.07676855920428408,True,25,26,42,100,52,B,-20,18.950000000000003,19.700000000000003,38.5,38.5,Persistence
SYM,Symbotic Inc. - Class A Common Stock,Industrials,Specialty Industrial Machinery,United States,その他,41.630001068115234,25.129275392,114.27227143192292,0.25654199048305565,0.5194091891262658,0.9835954775902055,0.18808396553151377,3.0,,23.560781932949524,-0.21548006953803542,0.5231386069547566,False,24,30,58,65,16,D,0,29.35,33.85,51.35000000000001,51.35000000000001,Persistence
SYNA,Synaptics Incorporated - Common Stock,Technology,Semiconductors,United States,半導体,138.44000244140625,5.349001216,129.51823648406983,0.11976235146966854,-0.29200796989152095,-0.2210725987239179,0.4471749045890347,3.0,0.3405819532580096,46.880570183725624,0.2629358965408404,0.061868973569632064,True,39,27,30,85,57,B,0,47.7,38.7,49.15,49.15,Persistence
TBBK,"The Bancorp, Inc. - Common Stock",Financial Services,Banks - Regional,United States,その他,57.459999084472656,2.39231488,22.29189394481659,0.31619900702190723,0.1723329811069263,0.2866434994527874,,0.2584849588175672,0.023883217454296612,60.28846464213717,0.00849125091980812,0.28478962280742737,False,37,32,85,100,53,B,-20,28.049999999999997,24.299999999999997,62.349999999999994,62.349999999999994,Persistence
TBLA,Taboola.com Ltd. - Ordinary Shares,Communication Services,Internet Content & Information,United States,その他,4.739999771118164,1.295557376,13.019689171314239,0.08256049642739863,0.2268100313610269,0.027502408735681404,0.297854647392314,0.09565881911299405,0.12056485151620752,43.74997930390934,0.10104524787896292,0.09714290073939733,True,2,47,50,100,70,A,-5,18.5,52.25,61.5,61.5,Persistence
TCBI,"Texas Capital Bancshares, Inc. - Common Stock",Financial Services,Banks - Regional,United States,その他,101.51000213623047,4.433037312,48.25785501556396,0.3469023302507867,-0.13313845484416229,0.10113118767026939,,-0.16294398273798485,0.02918728607113559,57.07693646884236,0.015379374638007714,0.040248467026139274,True,32,20,33,85,87,S,-20,25.450000000000003,16.450000000000003,36.80000000000001,36.80000000000001,Persistence
TCBK,TriCo Bancshares - Common Stock,Financial Services,Banks - Regional,United States,その他,52.63999938964844,1.692409216,6.452084725189209,0.058076514483116966,-0.054403716585994695,0.021392778974408663,,0.2166524013314313,0.008168243270278352,61.70527774569811,0.053521248604818716,0.0,True,23,24,30,100,40,C,-25,11.25,12.0,24.5,24.5,Persistence
TENB,"Tenable Holdings, Inc. - Common Stock",Technology,Software - Infrastructure,United States,ソフトウェア,26.799999237060547,2.955288832,104.36562902893067,0.11042409010456422,0.12684328479673473,0.16908741479322767,0.7809326549296831,0.20986758746094847,0.23727746761825907,55.33596331376328,0.19287121872749644,0.24421884012975564,True,25,32,75,100,70,A,0,40.75,46.0,80.25,80.25,Persistence
TER,"Teradyne, Inc. - Common Stock",Technology,Semiconductor Equipment & Materials,United States,半導体,403.20001220703125,63.117799424,1500.7366534353637,0.13126232321942777,0.05364948148524566,-0.1517401495065839,0.582235431457569,-0.04993872355146062,0.06770223436806444,58.76203730498186,0.10634215796208624,0.03522698536847676,True,46,14,33,40,57,B,0,46.2,22.2,39.550000000000004,46.2,Acceleration
TFSL,TFS Financial Corporation - Common Stock,Financial Services,Banks - Regional,United States,その他,16.920000076293945,4.744911872,15.626550670461654,0.060410344372608525,-0.006019751078702671,0.047376373626373626,,-0.1703376356154134,0.2807320284531971,75.01861601598887,0.1218492461138183,0.0,True,18,12,21,85,10,D,-20,7.25,2.75,14.799999999999997,14.799999999999997,Persistence
TH,Target Hospitality Corp. - Common Stock,Industrials,Specialty Business Services,United States,その他,18.399999618530273,1.83237248,26.275751455249786,-0.1699243020462265,-0.3146442208059502,0.1227586481667779,0.1330453631075834,-0.9481022144262997,0.020173329183994868,54.15282623600695,0.14378067365372416,0.013933560075451688,True,18,0,25,100,45,C,-5,28.0,14.5,42.75,42.75,Persistence
THRM,Gentherm Inc - Common Stock,Consumer Cyclical,Auto Parts,United States,その他,36.36000061035156,1.115062656,11.449582392196655,0.029171966123764183,-0.008816426107294653,0.2194983464159063,0.24167590861349444,0.6925686180286627,0.17675370534413135,66.8215589989467,0.15097530754841945,0.06888600971228781,True,27,12,30,100,37,C,-5,33.95,22.7,43.9,43.9,Persistence
TILE,"Interface, Inc. - Common Stock",Consumer Cyclical,"Furnishings, Fixtures & Appliances",United States,その他,31.8700008392334,1.85025088,19.021131950883866,0.05411436710756139,0.04293308431721651,-0.028061073148632543,0.3874813066119433,0.061687688630693814,0.2192517003419747,71.37221916213085,0.1261889759295895,0.08401894164735013,True,36,24,34,100,35,C,-5,40.5,31.5,45.7,45.7,Persistence
TLN,Talen Energy Corporation - Common Stock,Utilities,Utilities - Independent Power Producers,United States,電力/エネルギー,360.5400085449219,16.474878976,269.09804887771605,0.26676314520019295,-0.14054726368159204,0.3588732394366197,0.3811881188118812,3.0,0.6245758826226502,45.18398534168953,0.006755850358722337,0.191324216072176,False,43,17,39,65,90,S,-10,41.0,21.5,45.7,45.7,Persistence
TMUS,"T-Mobile US, Inc. - Common Stock",Communication Services,Telecom Services,United States,その他,189.10000610351562,204.644909056,951.0624071971131,0.08487714987714988,0.03617709208482904,-0.012730768747407976,0.6288713494660794,0.5454818673612503,0.5577023951249105,47.74787096256709,-0.005476506318105346,0.25615481472562646,False,51,12,34,25,73,A,0,49.3,20.05,39.550000000000004,49.3,Acceleration
TOWN,Towne Bank - Common Stock,Financial Services,Banks - Regional,United States,その他,35.66999816894531,3.2566016,19.26340416114807,0.2046722530247398,-0.0033655923269679425,0.011661246896744642,,1.6102403472641846,0.017083160189077844,60.44173891995033,0.03351538954753663,0.025789498853379833,True,39,29,30,85,55,B,-20,27.5,20.0,28.75,28.75,Persistence
TPG,TPG Inc. - Class A Common Stock,Financial Services,Asset Management,United States,その他,43.0099983215332,16.529273856,95.5744527202034,0.2703070070802288,0.3954778973967287,0.2254890655272615,,0.9911966905746853,0.1341992679872837,56.02775566597122,0.023131656289619613,0.36623489730980097,False,18,29,85,65,73,A,-20,10.55,18.799999999999997,57.60000000000001,57.60000000000001,Persistence
TRIN,Trinity Capital Inc. - Common Stock,Financial Services,Asset Management,United States,その他,16.889999389648438,1.518202368,16.699395746536254,0.16593159880109862,0.40901317532577014,3.0,,-0.6899936658798912,0.5209040462157867,61.362956233224324,0.04730578667332129,0.013267566206622896,True,5,14,40,100,55,B,-35,0.0,0.0,23.0,23.0,Persistence
TRIP,"TripAdvisor, Inc. - Common Stock",Consumer Cyclical,Travel Services,United States,その他,12.40999984741211,1.444042112,50.99088992303848,0.030517711171662125,0.026286353467561523,0.19839142091152814,0.923320994182972,1.3285714285714285,0.4765714285714286,80.90185199988262,0.13273334075987261,0.3516196320192226,False,45,24,49,100,8,D,-5,44.55,28.799999999999997,48.550000000000004,48.550000000000004,Persistence
TRMB,Trimble Inc. - Common Stock,Technology,Scientific & Technical Instruments,United States,その他,50.41999816894531,11.75348224,149.0604220867157,-0.02606358428583064,-0.030378813804722668,0.033294344857601396,0.6907423410364341,-0.2750100441944556,0.14950601374570446,28.330885615770626,-0.1731363033539786,0.40849367160324784,False,33,7,37,65,16,D,0,36.1,16.6,39.800000000000004,39.800000000000004,Persistence
TRMK,Trustmark Corporation - Common Stock,Financial Services,Banks - Regional,United States,その他,45.90999984741211,2.690580736,16.414661345443726,0.5073409461663948,-0.2285324706121481,0.1010464398478923,,1.5320451869962872,0.02634211053181917,63.437487449528916,0.03917625861155425,0.0,True,48,34,38,100,55,B,-20,36.5,26.0,36.900000000000006,36.900000000000006,Persistence
TROW,"T. Rowe Price Group, Inc. - Common Stock",Financial Services,Asset Management,United States,その他,109.63999938964844,23.492190208,212.51740361694337,0.031183038231645428,0.09799551118334494,-0.00429998150545589,0.5127002788866408,0.17192204088100144,0.03118158111255212,74.0569849831789,0.08468968825910819,0.0,True,10,12,38,65,25,D,-20,0.0,1.25,22.150000000000006,22.150000000000006,Persistence
TRS,TriMas Corporation - Common Stock,Consumer Cyclical,Packaging & Containers,United States,その他,41.31999969482422,1.480399872,17.83350526828766,0.023652504755865566,-0.03273786705512535,-0.26213185793648097,0.21396270829461686,3.0,0.34010289007999567,58.4745840335478,0.05929235360162366,0.032771570362231925,True,42,24,26,100,72,A,-5,48.7,35.2,48.699999999999996,48.7,Acceleration
TRUP,"Trupanion, Inc. - Common Stock",Financial Services,Insurance - Property & Casualty,United States,その他,23.649999618530273,1.031624128,9.071903353672027,0.11948581455474284,0.15973137411431484,0.22473566001862616,0.16050176995146964,0.9537735604469679,0.12216243153334704,67.80385122019563,-0.027421387042612513,0.581045185139183,False,14,49,67,100,45,C,-25,5.0,31.25,45.849999999999994,45.849999999999994,Persistence
TSCO,Tractor Supply Company - Common Stock,Consumer Cyclical,Specialty Retail,United States,その他,31.25,16.389050368,399.9428125,0.04305617510068882,0.022499026329198906,0.02471179116064051,0.3642418993089817,0.16285011652229628,0.5435402850220863,49.37007829724788,-0.10825744300648474,0.4926929705031183,False,24,12,38,65,55,B,0,33.25,24.25,48.150000000000006,48.150000000000006,Persistence
TSLA,"Tesla, Inc.  - Common Stock",Consumer Cyclical,Auto Manufacturers,United States,その他,406.42999267578125,1526.438821888,19269.018685505675,-0.029306991503736307,0.009475783534663594,0.18795266504627925,0.18026511436616155,0.7369449874336778,0.10680957287781374,43.60380981244031,0.020411728421193775,0.17034786350790923,False,9,12,30,10,90,S,0,17.25,19.5,37.0,37.0,Persistence
TTAN,"ServiceTitan, Inc. - Class A Common Stock",Technology,Software - Application,United States,ソフトウェア,66.7699966430664,6.369064448,114.52690289203643,0.2449700600353942,0.2564325024701265,0.31344097286064304,0.7011067000359014,3.0,0.02943972603760221,54.833508600377414,0.04280704935033077,0.44181579075432464,False,39,49,97,85,65,A,0,48.5,56.0,87.6,87.6,Persistence
TTD,"The Trade Desk, Inc. - Class A Common Stock",Communication Services,Advertising Agencies,United States,その他,19.280000686645508,9.063689216,409.3308025780678,0.18465611733489964,0.25625912071198076,0.23344287439115982,0.7862547319254604,0.23808575033918727,0.07091084017798811,34.62302623512156,-0.11856406935819112,0.7852049885495337,False,28,26,100,85,45,C,0,38.25,36.75,85.25,85.25,Persistence
TTEK,"Tetra Tech, Inc. - Common Stock",Industrials,Engineering & Construction,United States,その他,28.43000030517578,7.378287616,104.91949462623596,0.0469178804846385,0.14950171916286167,0.2906643972913613,0.1766335513055365,0.2891568033872327,0.2305270640567151,56.03715609047917,-0.03645205389997506,0.32992816876980985,False,5,12,57,85,73,A,0,23.8,29.05,67.2,67.2,Persistence
TTMI,"TTM Technologies, Inc. - Common Stock",Technology,Electronic Components,United States,半導体,194.0500030517578,20.152102912,502.7010866558075,0.18978259365560088,0.09414543886028952,-0.10520006444770959,0.20702497466749473,-1.0133515785358225,0.26779280223501567,51.88361012004096,0.26702536746732647,0.014724518615994109,True,38,14,6,65,45,C,0,42.75,24.75,28.55,42.75,Acceleration
TTWO,"Take-Two Interactive Software, Inc. - Common Stock",Communication Services,Electronic Gaming & Multimedia,United States,ソフトウェア,211.75,39.314915328,589.36271625,0.18155353592729337,0.05308808135187677,-5.607581450120563e-05,0.5723363980530016,3.0,0.3152762383834939,29.722776302334125,-0.026554043832607736,0.1926875096207334,False,65,59,34,40,63,B,0,61.05,56.55,41.300000000000004,61.05,Acceleration
TW,Tradeweb Markets Inc. - Class A Common Stock,Financial Services,Capital Markets,United States,その他,101.19000244140625,22.062053376,209.94547541534425,0.18915970286491662,0.28973583546489773,0.12570692162812158,0.6731526401156873,0.3160957481529834,0.01699334896869269,40.32309500596806,-0.08450538856304732,0.30561760104875846,False,22,26,89,65,63,B,-20,12.549999999999997,15.549999999999997,57.80000000000001,57.80000000000001,Persistence
TXN,Texas Instruments Incorporated - Common Stock,Technology,Semiconductors,United States,半導体,301.1199951171875,274.04713984,2490.7908252105713,0.13049037785307846,-0.10719789942348308,-0.12527461553824645,0.5702409229725144,0.7376502002670227,0.40618765360705505,46.63281525670921,0.10598078249917514,0.0731632812937371,True,52,26,30,25,57,B,0,48.45,28.95,34.15,48.45,Acceleration
TXRH,"Texas Roadhouse, Inc. - Common Stock",Consumer Cyclical,Restaurants,United States,その他,167.86000061035156,11.033373696,184.08283036933898,0.09393482479772328,0.16012791924816783,0.15361530332243314,0.1593309033994973,-0.1583243172847669,0.27441349023178657,39.998915659076395,0.003836980978306117,0.13056495041689264,False,0,0,41,65,80,S,-20,0.0,0.0,34.8,34.8,Persistence
UCTT,"Ultra Clean Holdings, Inc. - Common Stock",Technology,Semiconductor Equipment & Materials,United States,半導体,108.9000015258789,4.88180736,129.3873588129425,-0.020785659801678107,0.20933986739694435,-0.26946889609569136,0.15720545277507303,3.0,0.37807981492192017,69.49099217727246,0.33420239710999455,0.0,True,12,12,26,85,25,D,0,24.25,24.25,40.55,40.55,Persistence
UFPI,"UFP Industries, Inc. - Common Stock",Basic Materials,Lumber & Wood Production,United States,その他,84.55999755859375,4.775968256,39.02274767333984,-0.04990237224398326,-0.07842129207867024,-0.25017350112016123,0.16773614976275814,-0.32643914042754396,0.0887023343648464,64.34169517958766,-0.022684061273685847,0.262794762921572,False,30,0,25,85,53,B,0,40.55,18.05,45.6,45.6,Persistence
ULCC,"Frontier Group Holdings, Inc. - Common Stock",Industrials,Airlines,United States,その他,6.25,1.436183296,28.61309375,-0.013509933774834438,0.051825020897185846,0.07907396271797955,0.0037593984962406013,-2.949367088607595,0.7566481994459834,67.80821434618207,0.3239561978053549,0.04141104014054702,True,0,0,0,100,37,C,-25,0.0,0.0,7.399999999999999,7.399999999999999,Persistence
ULTA,"Ulta Beauty, Inc. - Common Stock",Consumer Cyclical,Specialty Retail,United States,その他,467.739990234375,20.107821056,427.49798017456055,0.09713169330434519,0.007883341781693597,0.097831725861971,,0.10766408026991735,0.31175444266235997,31.161402708706376,-0.09389696499339707,0.3382473820950821,False,20,12,38,65,53,B,0,30.05,24.05,47.75000000000001,47.75000000000001,Persistence
UMBF,UMB Financial Corporation - Common Stock,Financial Services,Banks - Regional,United States,その他,135.3699951171875,10.28524032,83.95917837158203,0.6565526691640903,0.10630054581752332,-0.024668318332014157,,3.0,0.0034776409419694536,59.43122628305943,0.07277293818819253,0.0,True,60,34,38,65,60,B,-20,40.75,21.25,29.150000000000006,40.75,Acceleration
UPBD,"Upbound Group, Inc. - Common Stock",Technology,Software - Application,United States,ソフトウェア,18.940000534057617,1.1040832,14.770264716482162,0.08667780410150157,0.08219365080716849,-0.05958907917101648,0.48385079554876925,3.0,0.5667387344818398,59.54861404305244,0.02053490513203037,0.2647704832375698,False,50,12,30,100,73,A,-5,54.8,26.3,51.1,54.8,Acceleration
UPST,"Upstart Holdings, Inc. - Common stock",Financial Services,Credit Services,United States,その他,30.5,2.919202816,143.5651775,0.6283868238676662,0.2375723009767397,-0.39347903934300993,,-1.94210648686352,0.6219883320083165,55.35911625497979,-6.557597374760064e-05,0.6374658148611687,False,48,45,8,100,65,A,-40,17.5,15.25,2.3999999999999986,17.5,Acceleration
UPWK,Upwork Inc. - Common Stock,Communication Services,Internet Content & Information,United States,その他,8.489999771118164,1.048668928,29.699504949331285,0.02399376076430637,0.11636164704789766,0.1145332983998525,0.77817269708448,0.603806812872433,0.28559149879191736,44.150932532006586,-0.12553562282683822,0.6160108757688918,False,30,26,53,100,43,C,-5,36.8,33.8,57.75000000000001,57.75000000000001,Persistence
URBN,"Urban Outfitters, Inc. - Common Stock",Consumer Cyclical,Apparel Retail,United States,その他,77.0,6.593901056,106.582245,0.11074526912626341,0.07712220493643122,0.07465584650124164,0.3597109081425042,-0.016333960962114327,0.2447405580263491,61.114206791142756,0.08456508781407716,0.06892378668175202,True,39,14,41,85,52,B,0,47.2,28.45,54.199999999999996,54.199999999999996,Persistence
UVSP,Univest Financial Corporation - Common Stock,Financial Services,Banks - Regional,United States,その他,42.58000183105469,1.18567424,7.599465826797485,0.09635224329517922,0.008099157404631074,0.0021574572391299942,,0.34617093969611956,0.03880549922560392,74.55090247800982,0.11066099517939289,0.0,True,35,24,42,100,10,D,-25,17.25,9.0,25.1,25.1,Persistence
VC,Visteon Corporation - Common Stock,Consumer Cyclical,Auto Parts,United States,その他,118.44000244140625,3.16163968,50.23395823547363,-0.025349198137609934,-0.02225594334850784,0.052715654952076675,0.14118895966029724,-0.04482758620689655,0.12728883638511518,59.32927938359023,0.08642960975002949,0.0710469643389177,True,0,0,25,85,72,A,0,19.95,19.95,49.4,49.4,Persistence
VCTR,"Victory Capital Holdings, Inc. - Common Stock",Financial Services,Asset Management,United States,その他,84.83999633789062,5.305138688,44.574085675964355,0.4618518439758382,0.0882418139210843,-0.03950865699578849,0.5444698885486984,0.12585436712616732,0.22835410854903068,48.204943793427745,0.06909945136151939,0.04265409943058478,True,54,32,53,85,72,A,-20,40.45,23.950000000000003,44.80000000000001,44.80000000000001,Persistence
VECO,Veeco Instruments Inc. - Common Stock,Technology,Semiconductor Equipment & Materials,United States,半導体,77.4800033569336,4.728874496,110.90448940509796,-0.07389784762603147,0.07632552311928395,0.03141439044660807,0.39953544665464386,0.16609776377401428,0.19762482133361492,71.13888727232234,0.4498937669948191,0.0,True,6,12,34,85,10,D,0,18.25,22.75,41.95,41.95,Persistence
VERX,"Vertex, Inc. - Class A Common Stock",Technology,Software - Application,United States,ソフトウェア,12.279999732971191,1.987111808,18.010523008360863,0.12248191296627353,0.16490416449010897,0.16427798480139294,0.6434696517040687,-0.38759201111854635,0.2760169494859679,41.94444635767975,-0.037632663135811095,0.6681977765498458,False,17,37,70,100,65,A,-5,29.25,44.25,71.5,71.5,Persistence
VIAV,Viavi Solutions Inc. - Common Stock,Technology,Communication Equipment,United States,通信/光通信,53.459999084472656,13.1878144,356.1010634016037,0.08386645341863255,-0.0955609800198897,-0.14415041782729804,0.5728119524116941,-0.36016511867905054,0.34722640184572173,55.88673748549022,0.11864404685346079,0.033797265221351715,True,38,35,29,65,57,B,0,43.95,41.7,43.6,43.95,Acceleration
VICR,Vicor Corporation - Common Stock,Technology,Electronic Components,United States,半導体,303.7699890136719,13.846263808,238.9925577064514,0.2608018760200302,-0.11356617184163295,0.014984501815430028,0.5730692002005738,3.0,0.009131734431449,58.53856449394957,0.1645166379488328,0.12164587025705306,True,57,51,38,65,70,A,0,59.5,55.0,51.150000000000006,59.5,Acceleration
VISN,"Vistance Networks, Inc.  - Common Stock",Technology,Communication Equipment,United States,通信/光通信,12.65999984741211,2.855711488,71.73415443540573,0.39707796904383047,-0.25818220839145833,-0.6780334438916529,0.494874715261959,0.01937046004842615,0.7762351936826379,55.45454309006245,0.1467292563267225,0.010551014308468732,True,64,85,28,100,45,C,-10,57.5,73.25,39.400000000000006,73.25,Transition
VLY,Valley National Bancorp - Common Stock,Financial Services,Banks - Regional,United States,その他,14.630000114440918,8.106943488,88.88632129529952,0.09923952845771987,-0.01974704336923721,0.009653847145361428,,,0.05206125266001094,71.95122613099613,0.08974168488232054,0.0,True,18,12,10,85,25,D,-20,8.75,4.25,11.75,11.75,Persistence
VNOM,"Viper Energy, Inc.  - Class A Common Stock",Energy,Oil & Gas Midstream,United States,電力/エネルギー,44.380001068115234,15.9321856,76.56570924274445,0.6209302325581395,0.03990326481257558,-0.04477763647725081,0.4971305595408895,-17.039473684210527,0.1725199273932602,36.254129625211576,-0.04509941568981675,0.11652723725953097,True,56,10,26,65,90,S,0,60.75,26.25,48.55,60.75,Acceleration
VRNS,"Varonis Systems, Inc. - Common Stock",Technology,Software - Infrastructure,United States,ソフトウェア,33.34000015258789,3.915707392,58.63555836835861,0.13173972229784917,0.10375430723615674,0.05389393497933003,0.788344463475812,0.29510176430738416,0.2912165133968739,59.62170825605646,0.19473371432233405,0.47338494030339345,False,55,14,53,85,35,C,0,57.5,26.75,57.400000000000006,57.5,Acceleration
VRSK,"Verisk Analytics, Inc. - Common Stock",Industrials,Consulting Services,United States,その他,183.8000030517578,24.081815552,360.12026497932436,0.06628032064406426,0.07469978369508466,0.07384861834201041,0.6987991017671754,0.29540267362243233,0.7909611815027036,69.87160249340045,0.04611322782537938,0.4089620277958944,False,17,12,44,65,45,C,-10,17.0,13.25,39.45,39.45,Persistence
VRSN,"VeriSign, Inc. - Common Stock",Technology,Software - Infrastructure,United States,ソフトウェア,279.8900146484375,25.469990912,224.59354390441894,0.06369590342879157,0.04306476458375193,0.04786300793038108,0.881504285886756,0.2216123499142367,1.3560600346934157,27.666540509902703,-0.00878642314087634,0.09712898500504032,True,38,24,47,65,73,A,-20,25.549999999999997,15.049999999999997,36.7,36.7,Persistence
VSAT,"ViaSat, Inc. - Common Stock",Technology,Communication Equipment,United States,通信/光通信,70.16999816894531,9.583043584,216.6540795465088,0.026708065876163912,0.05504816098388378,0.675858065111781,0.33041562147111814,3.0,0.4557529470145527,46.1951818305891,0.055419653596039654,0.19056412281943128,True,19,50,46,85,85,S,0,35.5,58.75,63.55,63.55,Persistence
VSEC,VSE Corporation - Common Stock,Industrials,Aerospace & Defense,United States,防衛/宇宙,196.1300048828125,5.502849536,86.07165264282227,0.414647392197961,0.44527039447079153,-0.18736033269200894,0.11879706007956665,1.1103380298022845,0.16898684694401694,65.36171433564621,0.048743944913327335,0.13856239322150762,True,26,33,38,85,80,S,0,40.25,45.5,58.150000000000006,58.150000000000006,Persistence
WABC,Westamerica Bancorporation - Common Stock,Financial Services,Banks - Regional,United States,その他,58.150001525878906,1.36582464,9.319991494560242,-0.12150468085106383,-0.0923697260887701,0.2215231438147287,,-0.14429870984352205,0.0037257264042361137,71.04069117811208,0.06578079920961723,0.0,True,0,0,25,100,25,D,-25,0.0,0.0,18.75,18.75,Persistence
WAFD,"WaFd, Inc. - Common Stock",Financial Services,Banks - Regional,United States,その他,37.06999969482422,2.739045888,17.43086990650177,0.004193519785876968,-0.027986388566827048,0.1224267395391861,,-0.497662536907312,0.06806252759628488,66.9131298402126,0.06994708971558203,0.0,True,18,12,25,100,40,C,-20,12.5,8.0,26.75,26.75,Persistence
WBD,"Warner Bros. Discovery, Inc. - Series A Common Stock",Communication Services,Entertainment,United States,その他,26.979999542236328,67.642548224,563.9033046323776,-0.05149919890135042,-0.04840153916894557,0.22190022769612916,0.44002037752037754,-0.30246216399367515,0.3253934155967428,49.1525226473492,-0.004729213106231626,0.10006671266867598,True,7,42,25,40,100,S,0,21.25,47.5,43.75,47.5,Transition
WBTN,WEBTOON Entertainment Inc. - Common stock,Communication Services,Internet Content & Information,United States,その他,12.0,1.622816768,3.8439,0.025381949130797832,0.05124155329027993,0.1884030580291795,0.23300776376739796,-2.4142374313476975,0.014836635307832606,47.86729654322695,0.006095265665722389,0.43688407786314654,False,3,0,22,100,65,A,-5,18.75,16.5,45.1,45.1,Persistence
WDAY,"Workday, Inc. - Class A Common Stock",Technology,Software - Application,United States,ソフトウェア,130.8000030517578,32.304130048,765.0969598508453,0.1309495619228037,0.1635211461633834,0.1677927927927928,0.7570142378559463,0.26861580630424853,0.21140865331415293,52.00543030483747,0.021924522921103667,0.47192053872783996,False,28,33,82,40,65,A,0,33.5,37.25,68.1,68.1,Persistence
WDC,Western Digital Corporation - Common Stock,Technology,Computer Hardware,United States,その他,562.9299926757812,194.030190592,3706.125602330017,0.5070444831407314,0.00991207034372502,-0.6671633054860853,0.3878151260504202,2.63764404609475,0.3364519354377946,62.42815270840854,0.25368776342105454,0.052234831284133844,True,74,100,30,25,37,C,0,62.95,82.45,30.15,82.45,Transition
WDFC,WD-40 Company - Common Stock,Basic Materials,Specialty Chemicals,United States,その他,223.00999450683594,3.000689152,33.74364226882935,0.04983092233264528,0.09921173372048654,0.03553255464322887,0.5505665459648217,-0.050450881267932776,0.20533449346271299,68.6623951206638,0.06449398330478877,0.1139602051561111,True,8,12,45,85,65,A,0,25.25,28.25,59.0,59.0,Persistence
WEN,Wendy's Company (The) - Common Stock,Consumer Cyclical,Restaurants,United States,その他,6.789999961853027,1.293363584,63.552634242954255,-0.030982082286516045,0.02975552558744175,0.04107506305162718,0.27037045033490426,-0.07014820691478965,0.8362685337676667,32.47948787922732,-0.034541434345650955,0.41365483709182366,False,0,0,15,100,55,B,-45,0.0,0.0,0.0,0.0,Acceleration
WERN,"Werner Enterprises, Inc. - Common Stock",Industrials,Trucking,United States,その他,43.959999084472656,2.635407104,43.51842089366913,-0.01843473394014635,-0.07712534707639625,-0.0019693140805196875,0.0969648964024965,0.18474989591387617,0.26032705663567435,77.04279289308457,0.19264900822228664,0.012356757083822813,True,20,12,6,100,10,D,0,31.0,25.0,30.3,31.0,Acceleration
WFRD,Weatherford International plc - Ordinary shares,Energy,Oil & Gas Equipment & Services,United States,電力/エネルギー,101.30999755859375,7.286754816,103.37013635894776,-0.10792671866497369,0.07361246348588121,0.1856384206880628,0.3119154127694185,-0.0872210953346856,0.3159515104868193,36.92306337976507,-0.02768156485871348,0.09073775602672192,True,4,0,25,85,90,S,0,24.75,21.75,53.0,53.0,Persistence
WINA,Winmark Corporation - Common Stock,Consumer Cyclical,Specialty Retail,United States,その他,400.6199951171875,1.433286528,17.10447069152832,0.05863762792305487,-0.023478109401935288,0.022511755197099158,0.9639256899891582,0.06533136334389819,2.50662873079597,69.09850189292567,0.04022938975043183,0.20241297198457334,False,35,24,35,100,70,A,-25,23.25,15.0,33.25,33.25,Persistence
WING,Wingstop Inc. - Common Stock,Consumer Cyclical,Restaurants,United States,その他,162.2899932861328,4.419570688,206.51807370643616,0.11352701391962698,0.36028735694645203,0.28679154511203536,0.4868315125284673,-0.0005393590143923695,1.8321163988353195,69.57066009437523,0.03529509695874555,0.5673087649144681,False,13,14,70,85,45,C,-40,0.0,0.0,28.75,28.75,Persistence
WLDN,"Willdan Group, Inc. - Common Stock",Industrials,Engineering & Construction,United States,その他,96.30000305175781,1.45515136,28.91937241645813,0.20458538206214938,0.10920122722238014,0.18865027100839357,0.3751467239476958,0.11054037071944706,0.1273054017651242,58.54567438772848,0.12898047212866245,0.28634947895770735,False,33,29,71,100,43,C,-5,39.05,36.05,67.65,67.65,Persistence
WLFC,Willis Lease Finance Corporation - Common Stock,Industrials,Rental & Leasing Services,United States,その他,190.25999450683594,1.515728256,22.703725144500734,0.28287332029802026,0.35997180776719906,0.341836391206917,0.6826499744604864,0.5150007833307222,0.6860065822984187,57.18357873443093,-0.013844330030892724,0.2021002073062196,True,30,29,67,100,100,S,-15,32.5,31.75,66.85,66.85,Persistence
WMG,Warner Music Group Corp. - Class A Common Stock,Communication Services,Entertainment,United States,その他,28.459999084472656,14.845176832,73.73288492809296,0.043728602552131964,0.06443597813483519,0.019935799966210508,0.4584762188758014,-0.23725055432372505,0.4688167667107539,9.261725584531888,-0.057384277853314174,0.17650468884334652,False,8,0,37,65,53,B,0,21.05,15.05,47.2,47.2,Persistence
WMT,Walmart Inc. - Common Stock,Consumer Defensive,Discount Stores,United States,その他,121.04000091552734,963.245899776,3237.4944268878935,0.04725214211766779,0.05070009643201543,0.06025954990192855,0.24926699786724774,0.1787519747235387,0.2356956173507384,52.14008904208931,-0.03537180095122962,0.09806256581205697,True,2,24,42,10,100,S,0,13.0,29.5,45.6,45.6,Persistence
WSBC,"WesBanco, Inc. - Common Stock",Financial Services,Banks - Regional,United States,その他,36.77000045776367,3.53655936,29.253109264183045,0.6230863819038542,0.009211460011367191,0.015180923214538726,,0.3952489398069477,0.058462901930013626,69.37053446328522,0.0689873464075707,0.007902681565809809,True,41,34,50,85,40,C,-20,27.5,22.25,36.75,36.75,Persistence
WSC,WillScot Holdings Corporation - Class A Common Stock,Industrials,Rental & Leasing Services,United States,その他,28.1299991607666,5.091380224,55.22790865232468,-0.04769843529163282,0.013088393063671813,0.10367852860722582,0.5100212759802336,0.6007844422760261,0.6706913676997239,72.27079120210462,0.20761734610301694,0.10000679805670776,True,17,12,28,85,35,C,-10,19.0,15.25,33.650000000000006,33.650000000000006,Persistence
WSFS,WSFS Financial Corporation - Common Stock,Financial Services,Banks - Regional,United States,その他,75.23999786376953,3.915794176,29.743123555526733,0.018389482003786463,0.030919942934611262,0.0996203782350188,,0.03875686268788812,0.01420103784935364,64.53726504901627,0.0626870440368552,0.0,True,2,24,42,85,40,C,-20,0.0,14.75,32.35,32.35,Persistence
WTFC,Wintrust Financial Corporation - Common Stock,Financial Services,Banks - Regional,United States,その他,159.25999450683594,10.741730304,65.98061942420959,0.11225937018026326,0.07873783544677086,0.16129246606675987,,0.3538365917941859,0.06299336681995342,68.05395323457157,0.07128266619785546,0.0092370159164526,True,28,26,50,65,40,C,-20,14.75,13.25,31.75,31.75,Persistence
WULF,TeraWulf Inc. - Common Stock,Financial Services,Capital Markets,United States,その他,26.059999465942383,12.913580032,698.4026433873653,0.20281183283232537,1.0230105880483613,3.0,0.5092873467691669,-3.0476156272018935,0.7922509622331311,60.137670454348786,0.1715939914004192,0.025430078945260448,True,17,5,46,65,25,D,-40,0.0,0.0,6.549999999999997,6.549999999999997,Persistence
WWD,"Woodward, Inc. - Common Stock",Industrials,Aerospace & Defense,United States,防衛/宇宙,386.8500061035156,23.049629696,280.1915909207153,0.07304356562940983,0.14056398105241055,0.22317367455797615,0.26808938667767107,-0.007126417334434043,0.15602131510841025,66.22178713797858,0.04929320026836761,0.03980735702494601,True,0,12,45,65,67,A,0,16.45,25.45,54.4,54.4,Persistence
WYNN,"Wynn Resorts, Limited - Common Stock",Consumer Cyclical,Resorts & Casinos,United States,その他,107.2699966430664,11.133202432,148.46382075393677,0.0013977349202668196,0.09125434770327824,0.7386748118424468,0.4142669493258824,-0.3107589330639191,0.9288846750452411,72.2789898421586,0.03970551416077675,0.19012431682311487,False,4,0,39,65,55,B,-20,0.0,0.0,28.700000000000003,28.700000000000003,Persistence
XEL,Xcel Energy Inc. - Common Stock,Utilities,Utilities - Regulated Electric,United States,電力/エネルギー,79.22000122070312,49.454637056,467.03914059661867,0.09136224983260174,-0.05385048571026327,-0.0721097322011757,0.47201581566568956,-1.506426735218509,0.42743729338462105,42.37704477204989,-0.0070541403685879245,0.04891488982652251,True,38,12,10,40,87,S,0,43.2,23.700000000000003,32.900000000000006,43.2,Acceleration
XMTR,"Xometry, Inc. - Class A Common Stock",Industrials,Industrial Distribution,United States,その他,86.98999786376953,4.8058368,83.27552495498657,0.25865169404376304,0.17721609128927981,0.21654096256179103,0.39143732222984395,0.28036796989337237,0.48232535667595067,46.34145912135674,0.2864289476977761,0.08738986422286989,True,39,24,61,85,70,A,0,49.0,37.75,68.80000000000001,68.80000000000001,Persistence
XPEL,"XPEL, Inc. - Common Stock",Consumer Cyclical,Auto Parts,United States,その他,45.130001068115234,1.2438272,11.548541623325347,0.13273073263558516,0.06083125364313778,0.22315296935427617,0.42213145737085256,0.564419523384733,0.059768486325112544,51.75586070999919,-0.003730741762010472,0.17870790825260974,True,36,26,54,100,100,S,-5,47.0,39.5,69.7,69.7,Persistence
Z,"Zillow Group, Inc. - Class C Capital Stock",Communication Services,Internet Content & Information,United States,その他,32.029998779296875,7.328521728,169.45855214172363,0.15518783542039355,0.14961439588688946,-0.006639427987742594,0.7413859852884244,-0.6070038910505836,0.08038698328935796,28.032598767085943,-0.19823178298569813,0.6453720229459616,False,53,51,37,85,16,D,0,54.1,52.6,44.800000000000004,54.1,Acceleration
ZBRA,Zebra Technologies Corporation - Class A Common Stock,Technology,Communication Equipment,United States,通信/光通信,228.4199981689453,10.880418816,274.268460201416,0.08331660309174864,0.08660558464223386,-0.20705760249091854,0.48054114158636024,-0.1289308176100629,0.3172194777699365,32.22847526828326,-0.02235211092044031,0.33085303500438595,False,8,0,29,65,63,B,0,22.05,16.05,44.800000000000004,44.800000000000004,Persistence
ZD,"Ziff Davis, Inc. - Common Stock",Communication Services,Advertising Agencies,United States,その他,46.2599983215332,1.704005504,25.733974466285705,0.03537163762549155,0.027609403912529654,-0.019388251735985053,0.8576431093361115,0.014770163564579808,0.2365349768760786,59.72644306414378,0.03386774021343893,0.04084597220404162,True,47,12,45,100,87,S,-5,53.95,27.700000000000003,62.150000000000006,62.150000000000006,Persistence
ZG,"Zillow Group, Inc. - Class A Common Stock",Communication Services,Internet Content & Information,United States,その他,32.220001220703125,7.371994624,42.39153340606689,0.15518783542039355,0.14961439588688946,-0.006639427987742594,0.7413859852884244,-0.6070038910505836,0.08038698328935796,27.4224890373696,-0.19805658960880845,0.6286307004682721,False,53,51,37,85,16,D,0,54.1,52.6,44.800000000000004,54.1,Acceleration
ZION,Zions Bancorporation N.A. - Common Stock,Financial Services,Banks - Regional,United States,その他,67.25,9.891924992,101.60668,0.08146964856230032,0.004815409309791332,-0.011738578680203046,,-0.09419600380589914,0.03901561973255422,72.51975252367774,0.08793224349961963,0.0,True,30,12,25,85,25,D,-20,17.75,4.25,20.0,20.0,Persistence
ZM,"Zoom Communications, Inc. - Class A Common Stock",Technology,Software - Application,United States,ソフトウェア,93.68000030517578,27.469993984,485.66054158210756,0.04358352161524986,0.030528420948466434,0.03056344696969697,0.7701603834562699,0.06349087877360472,0.004889043993118634,34.47559692788103,-0.02867119968760344,0.1626742706027924,True,41,31,57,65,90,S,0,49.5,42.0,65.6,65.6,Persistence
ZS,"Zscaler, Inc. - Common Stock",Technology,Software - Infrastructure,United States,ソフトウェア,129.52000427246094,20.944617472,972.3196240737915,0.23311687443000206,0.34065266006659445,0.4821558537269489,0.7687424596397835,0.24231643730233354,0.2798453804801579,29.23706186288841,-0.08638948347056247,0.6148332931750417,False,29,35,96,65,28,D,0,34.3,38.8,74.65,74.65,Persistence
AA,Alcoa Corporation Common Stock ,Basic Materials,Aluminum,United States,その他,68.7699966430664,18.147704832,311.9503325724792,0.07868852459016394,0.12738129087290304,-0.15259818488474822,0.16935546722780764,3.0,0.1672763345526691,46.75615225255774,-0.0033225544850422023,0.17925771701092727,True,12,24,30,65,100,S,0,28.75,37.75,52.75,52.75,Persistence
AAMI,Acadian Asset Management Inc. Common Stock,Financial Services,Asset Management,United States,その他,78.54000091552734,2.798300672,31.516531567382813,0.1149129746835443,0.18518518518518517,0.022531160115052733,0.4270001773993259,-1.3115468409586057,0.3861152141802068,67.25514442010189,0.1428544131039743,0.0,True,9,2,30,100,25,D,-30,0.0,0.0,16.5,16.5,Persistence
AAP,Advance Auto Parts Inc.,Consumer Cyclical,Auto Parts,United States,その他,60.79999923706055,3.668015872,157.30115002613067,-0.05421156806685727,-0.012487783689868607,0.006571956286642487,0.4340193000813859,-2.1041666666666665,0.4417385421951632,57.681935324132,0.08197664575898257,0.07159103896190136,True,10,49,6,85,72,A,-10,17.45,46.7,28.950000000000003,46.7,Transition
ABCB,Ameris Bancorp Common Stock,Financial Services,Banks - Regional,United States,その他,88.94999694824219,5.985668096,35.92868276733398,0.06330930428708746,0.058794696256818886,-0.005795423551334845,,1.6268796725319083,0.025161507651636352,66.08760441444929,0.054739719228950386,0.0,True,42,24,30,85,40,C,-20,28.25,14.75,25.75,28.25,Acceleration
ABG,Asbury Automotive Group Inc Common Stock,Consumer Cyclical,Auto & Truck Dealerships,United States,その他,199.52999877929688,3.715009024,46.514433315429685,0.04714752801275264,0.16118005498996804,-0.040896986503735286,0.17065948108228235,0.5699724517906336,0.5253309462739495,64.77357667989833,0.01610345026929394,0.2498026173495936,False,9,24,22,85,70,A,0,26.5,37.75,47.35,47.35,Persistence
ABM,ABM Industries Incorporated Common Stock,Industrials,Specialty Business Services,United States,その他,45.93000030517578,2.690621952,30.2906055512619,0.04623537574467067,0.03248357294600069,0.03712243486280839,,-0.07292289300657502,0.31851219280766674,81.88891172998714,0.1390634645248584,0.05664018137168448,True,18,12,33,100,22,D,0,30.7,26.2,47.550000000000004,47.550000000000004,Persistence
ACA,"Arcosa, Inc. Common Stock ",Industrials,Engineering & Construction,United States,その他,129.50999450683594,6.358469632,33.80340366622925,0.12198918245846142,0.11352311625287058,0.02902621722846442,0.22445723798293682,-0.43804034582132567,0.30546417395490655,64.88782299803586,0.07055991520410018,0.014308584302806657,True,38,21,33,85,40,C,0,45.25,32.5,47.400000000000006,47.400000000000006,Persistence
ACEL,"Accel Entertainment, Inc. ",Consumer Cyclical,Gambling,United States,その他,13.199999809265137,1.074386176,3.6305939475393294,0.08122686787351784,0.05173527451684011,0.20687112870013002,0.31346697120875155,-0.03933982287930908,0.5505019517071433,74.44795930186207,0.10528693975644629,0.015659958280126222,True,22,12,41,100,10,D,-5,27.5,20.0,44.55,44.55,Persistence
ACHR,Archer Aviation Inc. Class A Common Stock,Industrials,Aerospace & Defense,United States,防衛/宇宙,5.079999923706055,3.8753536,272.560029906559,,,,0.0,-0.19374167776298268,0.049434283628695404,29.487178507484572,-0.14899321490777598,0.6275659973723616,False,0,0,10,85,16,D,-10,4.35,4.35,19.95,19.95,Persistence
ACI,"Albertsons Companies, Inc. Class A Common Stock",Consumer Defensive,Grocery Stores,United States,その他,15.40999984741211,7.62078208,103.05691662954331,0.03460093119992437,0.014553678362698564,0.02045081951379078,0.27180498361838346,-0.296370429677075,0.5715070294665974,38.3721123649332,-0.05933965181987574,0.2988522365661795,False,18,0,29,85,53,B,-20,11.55,0.0,27.800000000000004,27.800000000000004,Persistence
ACM,AECOM Common Stock,Industrials,Engineering & Construction,United States,その他,70.12000274658203,9.012027392,180.40158766628267,0.002118779562109784,0.12011278536694574,0.09357027458244797,0.0753867098002667,-0.03244275617925308,0.26470803997524966,43.59145955757648,-0.09938833731753206,0.4745349136902904,False,0,12,33,85,55,B,0,18.25,27.25,50.400000000000006,50.400000000000006,Persistence
ACVA,ACV Auctions Inc. Class A Common Stock,Consumer Cyclical,Auto & Truck Dealerships,United States,その他,6.010000228881836,1.049255296,19.390724838466646,0.1921821343595603,0.324004538332703,0.14163912803152334,0.52421650171273,0.07776993195532161,0.1750166496102195,51.03449012946953,0.09407999757057146,0.6386048988468626,False,18,39,85,100,50,B,-5,28.5,44.25,76.75,76.75,Persistence
AD,"Array Digital Infrastructure, Inc. Common Shares",Communication Services,Telecom Services,United States,その他,40.7599983215332,3.523414528,19.351216803131102,0.5831754636511128,0.02452497785386537,-0.9759009354761333,0.5122452611361,-0.7994071976714042,0.2564062497327968,54.168059996832916,0.029876220394216217,0.0747168032987051,True,66,75,29,85,87,S,0,70.95,77.7,54.60000000000001,77.7,Transition
ADM,Archer-Daniels-Midland Company Common Stock,Consumer Defensive,Farm Products,United States,その他,80.23999786376953,38.672191488,282.88531006874086,-0.06151058108266105,-0.08947676584872519,-0.07504234117137343,0.06270166564925438,2.426242868785656,0.18626047452709538,58.34356046457855,0.058984943085380596,0.046011208161919136,True,30,12,30,40,72,A,-20,15.700000000000003,2.1999999999999993,20.9,20.9,Persistence
ADT,ADT Inc. Common Stock,Industrials,Security & Protection Services,United States,その他,6.800000190734863,5.171749376,65.46866783634663,0.046986534096731904,0.05278987556804212,0.06182700488189609,0.8083354797901262,0.09556508295852574,0.4861161711111747,44.45977384116787,-0.011926021575610854,0.21338728837418242,False,17,24,49,85,90,S,0,34.5,39.75,66.2,66.2,Persistence
AEE,Ameren Corporation Common Stock,Utilities,Utilities - Regulated Electric,United States,電力/エネルギー,109.0,30.165925888,195.50676,0.15426997245179064,0.0164,-0.057433706170667335,0.47403113990226164,0.5015179113539769,0.40906840498390956,45.63880757270343,-0.004011022114575889,0.03981519522229217,True,55,21,10,40,87,S,0,55.95,30.450000000000003,32.900000000000006,55.95,Acceleration
AEO,"American Eagle Outfitters, Inc. Common Stock",Consumer Cyclical,Apparel Retail,United States,その他,18.790000915527344,3.148702976,121.98196139347077,0.04102050574892112,0.012710931872734841,0.054498216673784475,0.36510453133776893,-0.2315464485172658,0.4240545380179965,65.65098500643003,0.09147340126526482,0.3258905593070053,False,22,0,33,85,38,C,0,33.05,16.55,47.00000000000001,47.00000000000001,Persistence
AES,The AES Corporation Common Stock,Utilities,Utilities - Diversified,United States,その他,14.680000305175781,10.469154816,135.5860976186371,-0.0036650920345333115,-0.030786233028102305,0.004042165332487913,0.1807406196354124,0.6502155172413793,0.5775189306135065,50.0,0.016671865532971012,0.1399881399221016,True,27,12,2,65,100,S,0,40.0,28.75,37.35,40.0,Acceleration
AESI,Atlas Energy Solutions Inc. Common Stock,Energy,Oil & Gas Equipment & Services,United States,電力/エネルギー,16.969999313354492,2.119647616,49.1944158594799,0.03726761601087923,0.719911720633266,0.2718654966399019,0.13755649085646987,0.7368600188899194,0.27903167614120805,38.61171546091726,0.03372232893917526,0.14075952843774722,True,9,12,26,100,90,S,0,30.75,33.0,57.3,57.3,Persistence
AFG,"American Financial Group, Inc. Common Stock",Financial Services,Insurance - Property & Casualty,United States,その他,134.10000610351562,11.141843968,59.508218708496095,-0.019328340178787148,0.07116977225672878,0.14100103351542892,,,0.05575638747625758,42.67949129326198,0.017664350853416985,0.05620524268969077,True,0,0,10,65,87,S,-20,0.0,0.0,19.150000000000006,19.150000000000006,Persistence
AFL,AFLAC Incorporated Common Stock,Financial Services,Insurance - Life,United States,その他,117.80000305175781,59.958423552,318.41458624893187,-0.0926913425345044,0.015232737115864339,-0.01618714427445042,,,0.07219884948913884,49.84009187803386,0.030864418307419747,0.0037212011160441642,True,0,0,10,40,75,A,-20,0.0,0.0,10.5,10.5,Persistence
AGCO,AGCO Corporation Common Stock,Industrials,Farm & Heavy Construction Machinery,United States,その他,112.48999786376953,8.145234944,78.52251810882568,-0.1354753513578405,-0.19084260775443368,0.13919408128744645,0.2545923427891291,1.4956169925826028,0.21486778785693925,49.3428495875459,-0.03226851561821053,0.1972500910044881,False,30,47,30,85,90,S,-20,24.25,37.0,35.75,37.0,Transition
AGM,Federal Agricultural Mortgage Corporation Common Stock,Financial Services,Credit Services,United States,その他,182.11000061035156,1.975710976,24.829788033218385,0.08879456525216761,0.06839325695469124,0.13570206171892946,,,0.9383052780907928,55.50930921416423,0.054522974333808844,0.10834534495025348,True,18,12,12,100,85,S,-45,0.0,0.0,3.6000000000000014,3.6000000000000014,Persistence
AGX,"Argan, Inc. Common Stock",Industrials,Engineering & Construction,United States,その他,641.6799926757812,8.99587072,225.97402622070314,0.08056359166715284,0.5247317004254072,0.25996176160337553,0.20503575035517455,1.5517916037788586,0.002120783509812417,47.15797041299076,-0.011758995283575848,0.13392987551186997,True,15,31,57,85,100,S,0,34.0,46.0,72.6,72.6,Persistence
AI,"C3.ai, Inc. Class A Common Stock",Technology,Software - Infrastructure,United States,ソフトウェア,10.899999618530273,1.58367424,88.00517992006301,,0.25266757249293265,0.16412226615941078,,0.5081666076487252,0.004674026837394554,66.132258745756,0.15117331089116326,0.6262002854743627,False,9,12,10,100,15,D,-15,8.25,10.5,18.5,18.5,Persistence
AIG,"American International Group, Inc. New Common Stock",Financial Services,Insurance - Diversified,United States,その他,75.73999786376953,40.15781888,283.0657449161911,-0.01818848551521819,-0.023910086620373684,-0.06795663052543786,,,0.056997035732446945,44.453833139207,-0.005647906644774207,0.12014371037557395,False,30,35,10,40,90,S,-20,17.5,21.25,13.5,21.25,Transition
AIN,Albany International Corporation Common Stock,Consumer Cyclical,Textile Manufacturing,United States,その他,70.94999694824219,2.011784576,17.422481250610353,-0.03884399263782743,0.07204926522921241,0.10921192362064651,0.2062202562873421,-0.409993150385473,0.27192503210258395,75.20669810376957,0.1737199705911872,0.0027129641465777057,True,0,0,21,100,10,D,0,16.0,16.0,38.55,38.55,Persistence
AIR,AAR Corp. Common Stock,Industrials,Aerospace & Defense,United States,防衛/宇宙,129.00999450683594,5.129988096,46.31200782806396,0.1990598990900858,0.16498367244410952,0.09368131868131868,0.18978600971048373,-0.8992805755395683,0.368276734866062,75.77576983203873,0.12874771389944925,0.0,True,35,2,48,85,10,D,0,40.0,15.25,49.650000000000006,49.650000000000006,Persistence
AIT,"Applied Industrial Technologies, Inc. Common Stock",Industrials,Industrial Distribution,United States,その他,320.1099853515625,11.831117824,65.94105643249512,0.01875650476871264,0.015095198189627705,0.1580081854243184,0.3030967536656686,0.3424504154053485,0.18022108967786307,61.710161344993935,0.06184698550006483,0.008364091036372461,True,27,24,46,65,40,C,0,34.0,31.75,49.55,49.55,Persistence
AIZ,"Assurant, Inc. Common Stock",Financial Services,Insurance - Property & Casualty,United States,その他,260.989990234375,12.931436544,111.67109207153321,0.0788718164596927,0.06700743828380466,0.09208280192288826,,0.43818607162137846,0.06081356642123363,59.763522934475404,0.0917234830109013,0.0,True,23,24,42,65,60,B,-20,13.0,13.75,31.35,31.35,Persistence
AJG,Arthur J. Gallagher & Co. Common Stock,Financial Services,Insurance Brokers,United States,その他,218.69000244140625,56.19064832,383.18643537780764,0.2065772392903505,0.14723987291501192,0.17792903421982084,0.4257638789269832,-0.2687423187218353,0.19082997240500954,67.95483592886191,0.04039880158125354,0.3215777946630409,False,31,17,66,40,53,B,-20,14.549999999999997,4.050000000000001,36.900000000000006,36.900000000000006,Persistence
ALB,Albemarle Corporation Common Stock,Basic Materials,Specialty Chemicals,United States,その他,170.4199981689453,20.098422784,373.56148808631895,-0.04366189954265214,-0.4408430392911536,0.313806880339405,0.13003183326841972,1.6975912025652469,0.20133189928968181,49.460222089036534,-0.0612665499096952,0.20761045916492302,True,40,65,30,65,90,S,0,48.75,67.5,50.75,67.5,Transition
ALG,"Alamo Group, Inc. Common Stock",Industrials,Farm & Heavy Construction Machinery,United States,その他,153.74000549316406,1.870761088,25.27716300315857,-0.015227388421216164,-0.03618380363755592,0.11630096404900582,0.24805966147351619,-0.21348454636091724,0.1318883915011428,56.85841056502541,-0.04842854732132401,0.3349865980939658,False,18,0,25,100,73,A,-25,10.799999999999997,0.0,28.35,28.35,Persistence
ALK,"Alaska Air Group, Inc. Common Stock",Industrials,Airlines,United States,その他,47.31999969482422,5.2728192,161.87296475605012,0.2133787814230933,0.12555150585075772,0.08086253369272237,0.14172343563452489,-2.8524590163934427,0.3385393644712932,62.7342411814774,0.15197163266555488,0.25900408326720636,True,39,5,26,85,33,D,0,45.3,19.8,42.15,45.3,Acceleration
ALL,Allstate Corporation (The) Common Stock,Financial Services,Insurance - Property & Casualty,United States,その他,221.6300048828125,57.05220096,377.3206507128906,0.05595528615287727,0.12235161068014348,0.11802358891281585,,0.13312693498452013,0.06254279463584896,56.31216908898607,0.035674673553903136,0.007936782227050083,True,2,24,42,40,75,A,-20,0.0,11.5,28.1,28.1,Persistence
ALLY,Ally Financial Inc. Common Stock,Financial Services,Credit Services,United States,その他,44.369998931884766,13.600428032,149.17526415891646,-0.014274474541980444,-0.019073869900771773,-0.0183982683982684,,-1.5112359550561798,0.10889684799134702,60.0798498180784,0.037265776477675774,0.04396211464896952,True,18,12,10,65,67,A,-20,9.95,5.449999999999999,15.149999999999999,15.149999999999999,Persistence
ALSN,"Allison Transmission Holdings, Inc. Common Stock",Consumer Cyclical,Auto Parts,United States,その他,117.3499984741211,9.732537344,113.27795352706909,-0.06666666666666667,0.06260296540362438,0.09606356085229324,0.48604651162790696,0.004559270516717325,0.47517264057875697,63.52132092770777,-0.03606281675955986,0.1349881034354381,True,10,12,30,85,80,S,0,28.25,29.75,53.75,53.75,Persistence
AM,Antero Midstream Corporation Common Stock,Energy,Oil & Gas Midstream,United States,電力/エネルギー,21.670000076293945,10.292816896,45.574935610456464,0.0698746245321256,0.05791038282410874,0.12293457776001179,0.653011918055624,0.28015058463737524,0.5476659535603989,41.88311165551775,0.0065763486735965215,0.0722303887123165,True,38,24,46,65,87,S,0,46.95,36.45,58.95,58.95,Persistence
AMBQ,"Ambiq Micro, Inc. Common Stock",Technology,Semiconductors,United States,半導体,84.72000122070312,1.810953856,61.22375608215332,-0.04670882248544047,0.16067259715885682,-0.27987649437412093,0.44260418677772567,-0.07846098811558488,0.0036712150747238467,53.0964497987389,0.5552202493939159,0.003294103285845588,True,4,18,14,100,45,C,-15,7.5,18.0,26.700000000000003,26.700000000000003,Persistence
AMC,"AMC Entertainment Holdings, Inc. Class A Common Stock",Communication Services,Entertainment,United States,その他,2.3399999141693115,1.764761728,82.47626877478838,0.04565254895195377,-0.03644599592735735,0.2304034361098328,0.669574542679783,-0.23489706378670266,1.014742198608097,73.44632893929176,0.4521533570623984,0.3389830679703089,True,30,0,12,100,18,D,-35,4.299999999999997,0.0,0.20000000000000284,4.299999999999997,Acceleration
AME,"AMETEK, Inc.",Industrials,Specialty Industrial Machinery,United States,その他,227.1199951171875,52.056584192,262.41330675842283,0.06626193240918692,0.052180174171397385,0.07258236282076504,0.3604103759487083,-0.017780279743538064,0.14591166801296254,53.492731990270784,-0.009383659390618339,0.05907701332820872,True,22,12,41,40,87,S,0,31.200000000000003,23.700000000000003,49.95,49.95,Persistence
AMG,"Affiliated Managers Group, Inc. Common Stock",Financial Services,Asset Management,United States,その他,354.6199951171875,9.366253568,127.98944863769532,0.016414327012592482,-0.008212654290990377,-0.11667239010989011,0.5083879676050906,0.04134812102939593,0.2922974998370876,83.32912911683253,0.17235104157477557,0.0,True,40,24,34,85,10,D,-20,23.75,11.75,21.950000000000003,23.75,Acceleration
AMP,"Ameriprise Financial, Inc. Common Stock",Financial Services,Asset Management,United States,その他,459.1300048828125,41.27444992,288.0466868133545,0.07043558850787766,0.11129707112970712,0.08956375368214335,,0.2713818351768188,0.03070653312659766,55.426488728304044,0.004037778596075973,0.15276138087627594,False,5,24,42,40,90,S,-20,0.0,13.0,31.1,31.1,Persistence
AMPX,"Amprius Technologies, Inc. Common Stock",Industrials,Electrical Equipment & Parts,United States,電力/エネルギー,16.309999465942383,2.309938944,145.9914576196289,2.0513429795901046,1.6808099192355819,1.102104256336681,0.11491983145833044,0.028036871905686697,0.2541382233525186,50.740737451564456,-0.12925100566995457,0.2880838247676923,True,67,70,44,100,61,B,-10,61.349999999999994,63.599999999999994,51.400000000000006,63.599999999999994,Transition
AMR,"Alpha Metallurgical Resources, Inc. Common Stock",Basic Materials,Coking Coal,United States,その他,200.82000732421875,2.553350912,55.81189643554688,-0.27992026470225223,-0.14810436199396385,-0.1536415616180254,0.011664344504599947,-0.9533603974062577,0.0058825953926685045,60.73712905401528,0.035653283437674016,0.19559378235960478,True,0,0,25,100,80,S,0,23.0,23.0,54.75,54.75,Persistence
AMRC,"Ameresco, Inc. Class A Common Stock",Industrials,Engineering & Construction,United States,その他,28.059999465942383,1.485816704,19.54757772795677,0.09164101590573176,0.2875640261800786,-0.2465378075905684,0.1573463635394379,-0.3604418421938718,0.4288493912623366,41.06884793125244,-0.04150955297720322,0.3509137228066042,False,3,0,2,100,73,A,-15,9.55,7.300000000000001,25.700000000000003,25.700000000000003,Persistence
AMTM,"Amentum Holdings, Inc. Common Stock",Industrials,Specialty Business Services,United States,その他,22.860000610351562,5.585071104,44.31148228309631,0.7159036719122556,0.06649713922441196,0.024622199062011463,0.10512054470923365,3.0,0.3636125654450262,46.86972332811798,-0.07957672545258654,0.39088725409279523,False,64,57,46,85,63,B,0,67.05,61.8,59.15,67.05,Acceleration
AN,"AutoNation, Inc. Common Stock",Consumer Cyclical,Auto & Truck Dealerships,United States,その他,191.52999877929688,6.408880128,67.46835736999512,0.032355204854027965,-0.006809183306183184,-0.0013377802482860848,0.17908973124778332,-13.31159420289855,0.7076194049554619,52.203587052112,-0.025576276181172444,0.156924003194956,False,18,0,0,85,90,S,-10,25.25,11.75,29.25,29.25,Persistence
ANET,"Arista Networks, Inc. Common Stock",Technology,Computer Hardware,United States,その他,163.24000549316406,205.546815488,1465.7499657237245,0.28595907526666764,0.19502747346506946,0.33754516343285457,0.6405609780472368,0.15673793591208313,,56.771068561799,0.04819895181270789,0.08152810770663735,True,41,29,87,25,100,S,0,44.5,35.5,74.1,74.1,Persistence
ANF,Abercrombie & Fitch Company Common Stock,Consumer Cyclical,Apparel Retail,United States,その他,90.56999969482422,4.024180224,149.25120819709778,0.06420115479428774,0.15602905802049535,0.15764338918439885,0.6147414537591155,-0.2826779759343132,0.3297957521922011,68.43999397935731,0.07954572188333763,0.3025029230832506,True,12,0,53,85,48,C,0,26.55,17.55,60.00000000000001,60.00000000000001,Persistence
AOS,A.O. Smith Corporation Common Stock,Industrials,Specialty Industrial Machinery,United States,その他,59.08000183105469,8.142915584,95.03609094543457,0.0031691155286660906,-0.009006436877076411,0.026345933562428408,0.38833481280350896,0.15238497256226255,0.06112383861524755,58.196732702368244,-0.023717321740364953,0.26163918870200503,False,24,24,34,85,73,A,0,38.05,38.05,54.550000000000004,54.550000000000004,Persistence
APAM,Artisan Partners Asset Management Inc. Class A Common Stock,Financial Services,Asset Management,United States,その他,35.880001068115234,2.547238144,27.802515827655792,0.07634992561625181,0.14015655332463023,-0.018276728230064886,0.4571860000267405,-0.5345897426144977,0.19655269918315696,38.27162238086963,-0.019605108532228653,0.18504411165583637,False,8,12,33,100,80,S,-20,9.0,12.0,39.150000000000006,39.150000000000006,Persistence
APD,"Air Products and Chemicals, Inc. Common Stock",Basic Materials,Specialty Chemicals,United States,その他,281.6199951171875,62.711332864,331.2738245562744,-0.005231145563029932,-0.039634920634920634,-0.007764635471626794,0.3141319066568084,-0.1954920634920635,0.4482811529609469,39.98980413827456,-0.038887497439984015,0.08027438311538813,True,22,0,6,40,90,S,0,31.5,15.0,31.3,31.5,Acceleration
APG,APi Group Corporation Common Stock,Industrials,Engineering & Construction,United States,その他,42.34000015258789,18.342873088,108.86841899234771,0.12724422912510686,0.012990762124711317,0.05641964013418725,0.3143723928706864,0.23694029850746268,0.3437779767233662,53.45666401705655,-0.04032710996210212,0.1429150031421058,True,32,26,42,65,100,S,0,43.75,39.25,59.35,59.35,Persistence
APH,Amphenol Corporation Common Stock,Technology,Electronic Components,United States,半導体,153.8000030517578,189.210066944,1683.069576396103,0.5171224552806006,0.21251005599496603,-0.005410758139903351,0.3688162219037268,1.0369887870469454,0.42779597592509294,69.5997140834534,0.0971749004949923,0.07305873126287721,True,67,41,41,25,52,B,0,59.2,39.7,39.2,59.2,Acceleration
APO,"Apollo Global Management, Inc. (New) Common Stock",Financial Services,Asset Management,United States,その他,133.8800048828125,77.18416384,435.85840509643555,0.22727272727272727,-0.20003676020095576,1.976294675419402,0.9549751942338295,,0.028992361410915306,60.508819036266324,0.06980678768481725,0.12835199560021396,True,42,5,33,40,65,A,-20,24.0,0.0,21.150000000000006,24.0,Acceleration
AR,Antero Resources Corporation Common Stock,Energy,Oil & Gas E&P,United States,電力/エネルギー,34.83000183105469,10.791588864,160.06214416465758,0.21728120193410777,-0.037457343746421456,-0.4844554357269614,0.22104830650968066,0.6633768819477524,0.26624474431023526,40.5882414539536,-0.0658641658427858,0.22857141408752868,False,58,51,26,65,80,S,0,61.25,56.0,46.55,61.25,Acceleration
ARES,Ares Management Corporation Class A Common Stock,Financial Services,Asset Management,United States,その他,134.89999389648438,44.496306176,310.55529944900513,0.4419041897085061,0.06963245522158748,0.18866036774372816,0.5419738919093197,0.18340781843538687,0.49670250119711723,64.08808372125812,0.12354304478532584,0.281559984394045,False,42,32,57,40,23,D,-20,19.799999999999997,12.299999999999997,25.950000000000003,25.950000000000003,Persistence
ARLO,"Arlo Technologies, Inc. Common Stock",Industrials,Building Products & Equipment,United States,その他,12.920000076293945,1.403238784,16.099289095067977,0.03603739386086133,0.0401281821587374,0.0015537892474521526,0.4399061396531626,0.3759512937595129,0.021713229516854077,46.49123540838128,-0.054864661573230035,0.3353909608356777,False,15,61,46,100,63,B,-5,27.549999999999997,62.05,57.9,62.05,Transition
ARMK,Aramark Common Stock,Industrials,Specialty Business Services,United States,その他,54.27000045776367,14.270490624,147.01010479002,0.06353755518240328,0.08191703249326067,0.17504901817886387,0.08357316608793579,0.44370070447258175,0.4300748258369324,69.22095422948979,0.12428783281420835,0.004767986931111309,True,5,24,42,65,25,D,0,16.0,30.25,44.35,44.35,Persistence
AROC,"Archrock, Inc. Common Stock",Energy,Oil & Gas Equipment & Services,United States,電力/エネルギー,36.61000061035156,6.416327168,62.35781403961182,0.28699860313357656,0.16888594488542788,0.17120917537087496,0.4857183897630449,0.6956306070097366,0.5566667678322784,46.64570582688953,0.007747501542567572,0.07530199333765182,True,50,43,85,85,87,S,0,58.95,53.7,85.4,85.4,Persistence
ARW,"Arrow Electronics, Inc. Common Stock",Technology,Electronics & Computer Distribution,United States,その他,226.77999877929688,11.596155904,156.136895259552,0.104916269997082,-0.15657647055980708,-0.1082118396348366,0.11236269742246564,-1.035852983974328,0.10609537653339426,58.58310301941067,0.16241401173273196,0.011205612626226807,True,23,14,10,65,45,C,0,31.5,24.75,30.75,31.5,Acceleration
ASAN,"Asana, Inc. Class A Common Stock",Technology,Software - Application,United States,ソフトウェア,7.389999866485596,1.70346752,52.136301258058545,0.09246058717238864,0.10938170493973984,0.19241537100794573,0.8902904125664196,3.0,0.29548814815516866,57.97101520814537,0.10741471880785027,0.5185667959066187,False,37,44,61,100,35,C,-5,41.25,46.5,60.55000000000001,60.55000000000001,Persistence
ASB,Associated Banc-Corp Common Stock,Financial Services,Banks - Regional,United States,その他,29.559999465942383,5.58438656,52.474615451946256,0.43707413272195617,-0.06194667684879988,-0.11057048951785794,,0.082307356023779,0.0854457562570079,68.12288169600139,0.06986278906680192,0.0,True,46,32,30,85,40,C,-20,31.25,20.75,25.75,31.25,Acceleration
ASH,Ashland Inc. Common Stock,Basic Materials,Specialty Chemicals,United States,その他,64.9800033569336,2.975289856,70.2947178314972,-0.13677236157122574,-0.035600182565038795,-0.0836470096194061,0.30098684210526316,-1.0145985401459854,0.3231403166341358,78.94883122518168,0.15482003949223958,0.008393032696607393,True,4,0,10,100,10,D,0,19.0,16.0,32.5,32.5,Persistence
ATEN,"A10 Networks, Inc. Common Stock",Technology,Software - Infrastructure,United States,ソフトウェア,31.760000228881836,2.286662144,34.08689664565086,0.11028445218879922,0.03971394517282479,-0.10215525544164544,0.7933555206035304,-0.1720443853548783,0.3616279752879029,63.0784770602874,0.1353914342109639,0.027556632661821245,True,50,2,36,100,25,D,0,55.0,19.0,49.8,55.0,Acceleration
ATI,ATI Inc. Common Stock,Industrials,Metal Fabrication,United States,その他,198.47999572753906,27.086651392,351.88319962539674,0.05164943490520621,0.04513980401082972,0.08803441084462982,0.2195143218380782,0.9851279000594884,0.34304651345203546,83.50303226181927,0.2138736530504556,0.005112803370731517,True,27,24,38,65,10,D,0,31.0,28.75,39.150000000000006,39.150000000000006,Persistence
ATKR,Atkore Inc. Common Stock,Industrials,Electrical Equipment & Parts,United States,電力/エネルギー,79.2699966430664,2.67673088,40.15738759941101,-0.10982797598915446,-0.09000554456526033,-0.1009691235118291,0.2371938037691843,-0.25933181686090206,0.3267340411133264,37.65764415868186,0.06043014500134739,0.07188861674018254,True,0,0,21,100,62,B,0,21.2,21.2,48.949999999999996,48.949999999999996,Persistence
ATMU,Atmus Filtration Technologies Inc. Common Stock,Consumer Cyclical,Auto Parts,United States,その他,49.79999923706055,4.06728704,43.06604334022522,0.056720172496406325,0.025489834776733614,0.04225081620894949,0.28243496004080937,1.619718309859155,0.4529503220552306,53.494708195760985,-0.09139092379866955,0.23964994278782362,False,30,24,34,85,80,S,0,43.25,38.75,55.95,55.95,Persistence
ATO,Atmos Energy Corporation Common Stock,Utilities,Utilities - Regulated Gas,United States,電力/エネルギー,169.9600067138672,28.36969472,334.60026521759033,0.12906215255161413,-0.025768608329082225,0.01753948794548443,0.5813101043962529,-0.25641568983311974,0.32933321845233343,35.23075333781203,-0.05492432925168983,0.11112761235217114,False,31,14,14,65,70,A,0,40.0,27.25,37.95,40.0,Acceleration
AUB,Atlantic Union Bankshares Corporation Common Stock,Financial Services,Banks - Regional,United States,その他,40.29999923706055,5.767561728,38.59168226940155,0.6813315602685043,0.164594167177193,-0.00127208359894363,,3.0,0.03782927967867826,66.54586801341961,0.07669104761122503,0.016828857968924454,True,60,34,38,85,40,C,-20,41.75,22.25,30.150000000000006,41.75,Acceleration
AVA,Avista Corporation Common Stock,Utilities,Utilities - Diversified,United States,その他,42.43000030517578,3.5063488,34.20324754600525,0.013415892672858616,0.10616438356164383,0.02456140350877193,0.6481670061099797,-102.0,0.39310922359133865,56.956521258386815,0.03579804932071482,0.0,True,15,12,30,85,75,A,0,31.5,29.25,52.75,52.75,Persistence
AVNT,Avient Corporation Common Stock,Basic Materials,Specialty Chemicals,United States,その他,37.7599983215332,3.462975744,29.054619508495332,0.006110356746080731,0.03105511009291078,-0.07480349730636757,0.3115146310042329,0.44551519644180876,0.33198353690918747,66.92835478274932,0.048644157472437013,0.12050047086739558,True,9,12,30,85,80,S,0,27.5,29.75,53.75,53.75,Persistence
AVY,Avery Dennison Corporation Common Stock,Consumer Cyclical,Packaging & Containers,United States,その他,159.25,12.181093376,113.8080125,0.011398289114519684,0.04679411307581029,-0.07467392386578607,0.28753881768392525,-0.02575107296137339,0.42411125123555676,51.06756033236975,-0.017415963417495812,0.18427579188676818,False,0,0,17,65,90,S,0,18.75,18.75,43.6,43.6,Persistence
AWI,Armstrong World Industries Inc Common Stock,Industrials,Building Products & Equipment,United States,その他,154.2100067138672,6.581503488,65.34340614486695,0.12111779760669572,0.11619827053736875,0.05036087908523234,0.40640424481737414,0.3375,0.25661141996155246,44.49022609009032,-0.06181046417059215,0.23853852963890826,False,44,26,42,85,80,S,0,53.75,40.25,60.35,60.35,Persistence
AWK,"American Water Works Company, Inc. Common Stock",Utilities,Utilities - Regulated Water,United States,その他,126.30999755859375,24.665882624,262.73111042175293,0.09735269000853972,0.10628247520075579,0.11656118143459916,0.6071984435797665,-0.2897196261682243,0.4491281530387676,52.50112773372282,-0.011816280211501343,0.11834121635726756,False,12,12,34,65,90,S,0,27.75,27.75,52.95,52.95,Persistence
AWR,American States Water Company Common Stock,Utilities,Utilities - Regulated Water,United States,その他,77.7699966430664,3.048012288,24.85645747707367,0.10515249580575657,-0.00040288803573616875,0.21193299262707313,0.7438764392400236,0.7865655471289275,0.345615176207657,53.981664733780555,0.012448698238600307,0.031050673727672083,True,44,26,26,85,87,S,0,54.45,40.95,52.95,54.45,Acceleration
AX,"Axos Financial, Inc. Common Stock",Financial Services,Banks - Regional,United States,その他,90.27999877929688,5.135544832,29.076479206848145,0.15682502478033075,0.20586490761377527,0.2620577114202147,,0.618152540108936,0.015037316995088342,64.85533484557331,0.006102573546577818,0.10622713721421588,True,14,14,85,85,80,S,-20,11.25,11.25,64.0,64.0,Persistence
AXP,American Express Company Common Stock,Financial Services,Credit Services,United States,その他,325.44000244140625,222.056333312,923.6768325292969,0.09524026141412303,0.08979591836734693,0.14477318300480496,,0.31831287585468326,0.19249663391678776,61.123782589570844,0.028939569317460525,0.1499023911984116,False,23,24,50,25,70,A,-20,8.0,8.75,27.75,27.75,Persistence
AXTA,Axalta Coating Systems Ltd. Common Shares,Basic Materials,Specialty Chemicals,United States,その他,33.11000061035156,7.086161408,103.42090795646668,-0.030136467020470053,0.017746913580246913,0.06142506142506143,0.3443423881180379,0.0389908256880734,0.4250559284116331,77.2791000956349,0.13305822148402793,0.06915937884673667,True,6,12,26,85,22,D,0,19.45,23.95,39.949999999999996,39.949999999999996,Persistence
AYI,Acuity Inc. Common Stock,Industrials,Electrical Equipment & Parts,United States,電力/エネルギー,297.239990234375,9.010880512,102.5463104309082,0.13137203853163237,-0.028136227923688074,-0.013454481915079504,0.47829988954344627,-0.03998559077809798,0.211221399730821,55.774984339415546,0.027361317940795733,0.20984802735397298,False,31,2,33,85,90,S,0,45.0,23.25,57.400000000000006,57.400000000000006,Persistence
AZO,"AutoZone, Inc. Common Stock",Consumer Cyclical,Auto Parts,United States,その他,3116.300048828125,51.010715648,1134.5201957763672,0.02425324500434499,0.05917664158113705,0.07414237923041946,0.5262486365892685,-0.07317931884313096,0.6349052074767645,32.91855720562272,-0.07577235562224757,0.28435609252107347,False,8,0,35,40,53,B,-10,7.300000000000001,1.3000000000000007,29.85,29.85,Persistence
AZZ,AZZ Inc.,Industrials,Specialty Business Services,United States,その他,150.88999938964844,4.529207296,35.95784130455017,0.04584774209250677,0.026115561440671075,0.16162895148185055,0.23935506157277223,2.31778908569979,0.24323122837675076,67.38956984911567,0.0800413844751748,0.0,True,30,24,42,85,40,C,0,39.25,34.75,52.35,52.35,Persistence
BA,Boeing Company (The) Common Stock,Industrials,Aerospace & Defense,United States,防衛/宇宙,219.0500030517578,172.677627904,1477.1604098294831,0.3449644451794278,-0.14495976553461706,0.1679377852510209,0.04794160714485318,0.8690095846645367,0.3235533628555295,50.023309072611916,-0.018356563990146325,0.13127103567694381,True,51,69,14,25,100,S,0,52.0,65.5,33.95,65.5,Transition
BAC,Bank of America Corporation Common Stock,Financial Services,Banks - Diversified,United States,その他,56.02000045776367,397.551009792,2206.639582231407,0.06840424727932286,0.030038241103834813,0.08234860452869931,,,0.10724856363530845,77.39371994737516,0.07446147408288413,0.010840116980445288,True,18,12,22,10,25,D,-20,0.0,0.0,0.0,0.0,Acceleration
BAH,Booz Allen Hamilton Holding Corporation Common Stock,Industrials,Consulting Services,United States,その他,77.41000366210938,9.284094976,142.01677976852417,-0.06368948247078464,0.12361658225473644,0.15152824279079813,0.527057145404297,0.043907793633369926,0.5790952514751334,48.15404854495251,-0.008729088958020702,0.31439204608918775,False,10,12,30,85,73,A,0,27.55,29.05,52.35,52.35,Persistence
BALL,Ball Corporation Common Stock,Consumer Cyclical,Packaging & Containers,United States,その他,56.97999954223633,15.170725888,171.2183459244728,0.11581178465451462,-0.02213563256508042,-0.0979658988932097,0.19588177190183118,3.0,0.3591477156320426,53.90588155513977,-0.023556772573340542,0.15348137762345163,True,47,27,26,65,100,S,0,55.0,40.0,50.55,55.0,Acceleration
BAM,Brookfield Asset Management Inc Class A Limited Voting Shares,Financial Services,Asset Management,United States,その他,47.130001068115234,75.25654528,140.6198989868927,0.15517673602406618,0.07404415724286484,,0.7020399305555556,,0.2124714025928316,48.61617357594904,0.000817730460549224,0.22655617666239114,False,23,21,22,40,90,S,-20,12.25,10.75,20.1,20.1,Persistence
BANC,"Banc of California, Inc. Common Stock",Financial Services,Banks - Regional,United States,その他,20.170000076293945,3.11025664,55.7660162109375,0.11894239615210232,2.541458771126318,-0.7924075533718066,,2.649649447354921,0.08668910203227008,68.27957209775467,0.07264412581168624,0.03719042388193418,True,17,26,38,85,52,B,-20,10.7,17.450000000000003,32.550000000000004,32.550000000000004,Persistence
BBAI,"BigBear.ai, Inc. Common Stock",Technology,Information Technology Services,United States,その他,4.019999980926514,1.925376768,194.63378637653113,-0.19315452867868246,0.019798406846949036,0.0009870267271354935,0.22305595588696034,0.05922856620559381,0.12834652623059492,47.33333630031963,-0.011945137740941122,0.5488215432355912,False,2,30,10,100,65,A,-15,8.0,29.0,28.5,29.0,Transition
BBT,Beacon Financial Corporation Common stock,Financial Services,Banks - Regional,United States,その他,30.450000762939453,2.552199936,19.87014799785614,0.5552608709103131,-0.042409764453038734,0.13197526949904884,,1.122217887545139,0.03785783449119592,67.28778574195667,0.027042698941377247,0.052586008398474125,True,48,34,38,100,67,A,-20,37.7,27.200000000000003,39.300000000000004,39.300000000000004,Persistence
BBWI,"Bath & Body Works, Inc.",Consumer Cyclical,Specialty Retail,United States,その他,19.399999618530273,3.91029888,126.05159452139854,-0.002189681127685781,-0.01642212949252928,-0.017328042328042328,0.4373885612398848,0.3106060606060606,0.9773130795028605,61.7198677735805,0.05137319896510605,0.40050371850609995,False,39,12,24,85,30,D,-20,25.0,4.75,20.450000000000003,25.0,Acceleration
BBY,"Best Buy Co., Inc. Common Stock",Consumer Cyclical,Specialty Retail,United States,その他,78.52999877929688,16.55154176,419.25635013290406,0.003925062608360624,-0.0442787443615944,-0.061471337854766946,0.22482070470845025,-0.09626436781609195,0.28173142467620993,77.41726147030235,0.22082789980099965,0.038351100912237014,True,30,12,21,65,22,D,0,34.45,20.95,32.2,34.45,Acceleration
BC,Brunswick Corporation Common Stock,Consumer Cyclical,Recreational Vehicles,United States,その他,82.55999755859375,5.364289536,49.933937723388674,0.02400183307555708,-0.18188208829318586,-0.060303573001379875,0.24841500708585068,0.5011363636363636,0.4297277963932081,54.301071519837045,0.04190411378846941,0.06474931690417472,True,27,12,22,85,87,S,0,41.7,30.450000000000003,50.75,50.75,Persistence
BCAT,BlackRock Capital Allocation Term Trust Common Shares of Beneficial Interest,Financial Services,Asset Management,United States,その他,16.049999237060547,1.681643008,11.212609717006684,0.13118431597820956,-0.04460799312495775,1.6458395319810109,,,,64.48085666103147,0.06336215529484661,0.0,True,23,14,8,100,40,C,-25,11.25,4.5,12.399999999999999,12.399999999999999,Persistence
BCC,"Boise Cascade, L.L.C. Common Stock",Basic Materials,Lumber & Wood Production,United States,その他,71.13999938964844,2.503397888,27.313135665664674,-0.047543875981627216,-0.01666377849872299,-0.18469122448957692,0.16455263759847422,-0.939080531350748,0.1575641521149508,65.31243677216577,-0.034284061186461955,0.23257724319092135,False,0,0,25,100,70,A,0,22.0,22.0,52.75,52.75,Persistence
BCO,Brinks Company (The) Common Stock,Industrials,Security & Protection Services,United States,その他,101.94000244140625,4.197993984,40.0369359588623,0.04974161495640376,0.028166413654453697,0.07476573696395106,0.2581160191591272,1.1444717444717445,0.6290467625899281,40.276823003289344,-0.0355760437593948,0.24626695260221204,False,33,24,32,85,90,S,-10,36.5,29.75,46.85,46.85,Persistence
BDC,Belden Inc Common Stock,Technology,Communication Equipment,United States,通信/光通信,115.04000091552734,4.480122368,62.99072770130157,0.10329832152163834,-0.020343666851904633,-0.036217741517791203,0.3797783878426367,-0.019212830080367393,0.3956924287332082,61.74706974540103,-0.008051815039133606,0.23738214174590644,False,39,14,25,85,70,A,0,49.0,30.25,49.0,49.0,Acceleration
BDJ,Blackrock Enhanced Equity Dividend Trust,Financial Services,Asset Management,United States,その他,9.359999656677246,1.65620224,5.203317409143448,0.6714484577347699,0.0998032695068475,3.0,,,,61.24995678664284,0.03040936013874707,0.01502243997607473,True,36,22,20,100,55,B,-25,22.5,12.0,22.0,22.5,Acceleration
BE,Bloom Energy Corporation Class A Common Stock,Industrials,Electrical Equipment & Parts,United States,電力/エネルギー,260.2200012207031,74.017988608,2746.276020282898,0.37326441660515003,0.10527870893233443,0.11203585948087147,0.2902182516351333,0.725396729620467,0.6804977629869237,37.7909977776861,0.04505604731704757,0.15480058109083786,True,44,20,57,40,90,S,-10,38.0,20.0,49.35,49.35,Persistence
BEN,"Franklin Resources, Inc. Common Stock",Financial Services,Asset Management,United States,その他,32.130001068115234,16.695942144,130.70516564510345,0.03452465204057561,0.08008255408056666,-0.05146641209382137,0.8034364417891389,0.1478217073784941,0.41089275618429144,58.32084643980554,0.09404798141503591,0.0068005383734979115,True,17,24,37,65,60,B,-20,8.5,13.75,28.6,28.6,Persistence
BEPC,Brookfield Renewable Corporation Brookfield Renewable Corporation Class A Subordinate Voting Shares,Utilities,Utilities - Renewable,United States,その他,36.4900016784668,6.655104512,51.60543752374649,-0.09995171414775471,0.044113940005041596,0.05002646903123346,0.5989806866952789,-0.59,0.33639527092744287,46.32283548282514,-0.05742301158930713,0.16159199823582268,False,8,0,14,85,80,S,0,26.75,20.75,44.95,44.95,Persistence
BF-A,Brown Forman Inc Class A Common Stock,Consumer Defensive,Beverages - Wineries & Distilleries,United States,その他,27.399999618530273,12.56847872,4.773901933536529,,-0.04858784107228339,-0.011825922421948912,,0.028639618138424822,0.33799159040316595,56.6892801000457,0.003733181280325212,0.0966749278417909,True,2,12,26,65,100,S,-20,1.25,8.75,30.549999999999997,30.549999999999997,Persistence
BF-B,Brown Forman Inc Class B Common Stock,Consumer Defensive,Beverages - Wineries & Distilleries,United States,その他,27.010000228881836,12.389584896,74.83890348418235,,-0.04858784107228339,-0.011825922421948912,,0.028639618138424822,0.33799159040316595,60.27886652542372,0.011564143484151634,0.10955597141553372,True,2,12,26,65,80,S,-20,0.0,6.75,26.549999999999997,26.549999999999997,Persistence
BFH,"Bread Financial Holdings, Inc. Common Stock",Financial Services,Credit Services,United States,その他,101.70999908447266,4.109802496,71.8189560035324,0.0018238665971860343,-0.10640279394644936,0.10981912144702842,,,0.19384018002912234,81.03331415762923,0.17255806510527472,0.0,True,18,12,10,85,10,D,-20,7.25,2.75,8.75,8.75,Persistence
BG,Bunge Limited Common Shares,Consumer Defensive,Farm Products,United States,その他,127.16999816894531,24.673282048,226.6023121872711,0.32426376440460947,-0.10802821632515956,-0.11440980485483103,0.04847218075047278,-2.677480916030534,0.3560680919870643,61.60200819666515,0.021120833712016878,0.03226546971314499,True,44,8,6,65,67,A,-20,29.450000000000003,2.4499999999999993,12.950000000000003,29.450000000000003,Acceleration
BH,Biglari Holdings Inc. Class B Common Stock,Consumer Cyclical,Restaurants,United States,その他,339.8999938964844,1.066952896,23.57886257659912,0.09153747162495789,-0.008770441095155453,-0.007910795125885653,0.3780160450942542,3.0,0.3497590656369376,86.18907009781351,0.1342294816901371,0.28730188642421495,True,34,12,30,100,18,D,-25,17.299999999999997,0.8000000000000007,20.1,20.1,Persistence
BH-A,Biglari Holdings Inc. Class A Common Stock,Consumer Cyclical,Restaurants,United States,その他,1781.5999755859375,1.118495616,35.42257243458862,0.09153747162495789,-0.008770441095155453,-0.007910795125885653,0.3780160450942542,3.0,0.3497590656369376,92.75513002539215,0.12068948756590947,0.2766515565837104,True,34,12,30,100,18,D,-25,17.299999999999997,0.8000000000000007,20.1,20.1,Persistence
BHE,"Benchmark Electronics, Inc. Common Stock",Technology,Electronic Components,United States,半導体,89.93000030517578,3.22642176,36.653669524383545,0.001130602894087395,-0.0644144226650736,-0.016406642204237838,0.10156187714075547,-0.4523375990562409,0.14927970304795785,57.795780562334485,0.16326600221550305,0.0,True,18,0,25,85,45,C,0,30.75,17.25,44.0,44.0,Persistence
BILL,"BILL Holdings, Inc. Common Stock",Technology,Software - Application,United States,ソフトウェア,33.18000030517578,3.30461952,99.30160261333465,0.13362404392592617,0.2189050590098142,0.6488093476374659,0.8139555713572684,0.2008546677110882,0.17615711156876077,40.875461609125544,-0.1151622415205987,0.41076186297317807,False,31,56,82,85,55,B,0,41.5,60.25,77.35,77.35,Persistence
BIPC,Brookfield Infrastructure Corporation Brookfield Infrastructure Corporation,Utilities,Utilities - Regulated Gas,United States,その他,40.40999984741211,4.97005312,43.400945986118316,0.0005455537370430987,0.4646424290850979,0.3271474019088017,0.6363140676117776,,0.5522996878251821,36.14105755288464,0.0033983225248375025,0.19163502683233463,False,12,18,41,85,80,S,0,29.75,34.25,59.8,59.8,Persistence
BJ,"BJ's Wholesale Club Holdings, Inc. Common Stock",Consumer Defensive,Discount Stores,United States,その他,91.04000091552734,11.625260032,247.6829712907791,0.04660419151407359,0.026697546343678345,0.03383476144262811,0.18639935343138184,0.04832065045431447,0.36296505880120766,61.29363646724629,-0.014718604810310194,0.20703768964837135,False,20,24,38,65,70,A,0,31.75,34.75,51.150000000000006,51.150000000000006,Persistence
BKE,"Buckle, Inc. (The) Common Stock",Consumer Cyclical,Apparel Retail,United States,その他,45.290000915527344,2.333254144,22.955916314048768,0.06581811940487267,-0.034424653993094925,-0.06250803791591801,0.4899374727912254,0.03023946249856062,0.3871906900075559,33.91719068144599,-0.10627348692744097,0.2068362321022935,False,40,24,34,100,70,A,0,52.0,40.0,57.7,57.7,Persistence
BKH,Black Hills Corporation Common Stock,Utilities,Utilities - Regulated Gas,United States,その他,73.5,5.595416576,84.190575,0.08567937209193026,-0.08733324754428859,-0.08640959322830943,0.38471861471861474,-4.879518072289157,0.4324918581758634,47.960763600456424,0.003366461937508855,0.034223065604977475,True,22,12,6,85,87,S,0,37.95,30.450000000000003,41.95,41.95,Persistence
BKSY,BlackSky Technology Inc. Class A Common Stock,Industrials,Specialty Business Services,United States,その他,32.41999816894531,1.203074432,80.33691756263732,0.04390114895242573,0.08044067222622021,0.4459372609028309,0.6687497067792634,-1.0180853957030187,0.5423098232732507,30.207534939708637,-0.15044605218903748,0.37207055010179546,True,12,0,41,100,51,B,-15,14.100000000000001,5.100000000000001,42.75,42.75,Persistence
BKV,BKV Corporation Common Stock,Energy,Oil & Gas E&P,United States,電力/エネルギー,25.059999465942383,2.741228288,17.212961833171846,0.5135772697791228,-0.2004795695518015,-0.5551326538663782,0.8238226142645682,-19.701282487799343,0.1555343679136737,23.567903967005037,-0.10490411496736997,0.22077115718770932,False,73,75,25,100,53,B,0,75.05,76.55,49.35,76.55,Transition
BLD,TopBuild Corp. Common Stock,Industrials,Engineering & Construction,United States,その他,411.0799865722656,11.569666048,339.12865652252196,0.014875409091105244,0.02600903922348458,0.037125075667672376,0.29006693552293306,-0.01385215593545566,0.47706860781141,51.92378265643146,-0.008306920884989298,0.25380292547728517,False,0,0,29,65,73,A,0,17.05,17.05,46.800000000000004,46.800000000000004,Persistence
BLDR,"Builders FirstSource, Inc. Common Stock",Industrials,Building Products & Equipment,United States,その他,77.7699966430664,8.364931072,217.458131513443,-0.07376937228468512,-0.04075712406557047,-0.24768918709494828,0.30385669120678144,-0.42814097765398695,0.45386050137352246,58.53772556200215,-0.018030804901312373,0.47878833091803175,False,4,0,21,85,65,A,0,22.25,19.25,45.8,45.8,Persistence
BLK,"BlackRock, Inc. Common Stock",Financial Services,Asset Management,United States,その他,1032.0,168.059666432,727.8954,0.18665163914343116,0.14267316199115293,-0.0007833044256700051,0.4670465807730426,-0.24441608168474793,0.08821280250355887,40.52134958393494,-0.00397545222322865,0.12798801359795672,False,43,2,41,25,90,S,-20,25.0,0.0,26.799999999999997,26.799999999999997,Persistence
BMI,"Badger Meter, Inc. Common Stock",Technology,Scientific & Technical Instruments,United States,その他,131.72999572753906,3.844614912,59.395737773590085,0.10901231371543195,0.17476890015804614,0.24404492474821773,0.4168053035848507,0.19305844630702593,,61.34874107699364,0.022899754306978222,0.46150775834139746,False,11,26,61,85,45,C,0,25.5,36.75,63.800000000000004,63.800000000000004,Persistence
BMNR,"BitMine Immersion Technologies, Inc. Common Stock",Financial Services,Capital Markets,United States,その他,16.110000610351562,9.175882752,596.5190888500214,0.8413897280966768,3.0,0.5088257507558416,0.05086136177194422,-48.18867924528302,,36.080415698296314,-0.20624750802895234,0.8806316099856616,False,22,45,38,85,33,D,-30,2.549999999999997,19.799999999999997,18.750000000000007,19.799999999999997,Transition
BNY,The Bank of New York Mellon Corporation Common Stock,Financial Services,Banks - Diversified,United States,その他,143.97999572753906,98.824855552,507.5510819389343,0.08221053784642349,0.052698339483394835,0.07154330903249723,,3.0,0.07261909803091256,59.57194341848945,0.06549746461827233,0.0002777985261421445,True,30,37,42,40,60,B,-20,14.5,19.75,25.1,25.1,Persistence
BOH,Bank of Hawaii Corporation Common Stock,Financial Services,Banks - Regional,United States,その他,80.25,3.17958656,25.14593625,0.1249254748654594,-0.061304803498635756,-0.03504517267608176,,0.14275526782503006,0.02690967094969285,61.63083692584133,0.03728203494366032,0.0,True,25,26,30,85,55,B,-20,17.0,17.75,28.75,28.75,Persistence
BOOT,"Boot Barn Holdings, Inc. Common Stock",Consumer Cyclical,Apparel Retail,United States,その他,170.61000061035156,5.17758208,134.87402988250733,0.17934921385753994,0.14642692390982892,0.0056671784461409915,0.38083793174284636,3.0,0.3156964582716856,63.955932580605655,0.06200078121015368,0.1796807187463523,False,51,39,50,85,55,B,0,56.5,47.5,59.75,59.75,Persistence
BOX,"Box, Inc. Class A Common Stock",Technology,Software - Infrastructure,United States,ソフトウェア,25.389999389648438,3.517343744,65.53450827461242,0.07991982607578912,0.05048369487184182,0.04729864745668975,0.7921882552008787,0.04353900500246647,0.3415009766761963,47.13804641727856,0.020916909479647344,0.29137599519622853,False,47,12,53,85,73,A,0,55.3,29.05,65.0,65.0,Persistence
BRBR,"BellRing Brands, Inc. Common Stock ",Consumer Defensive,Packaged Foods,United States,その他,8.8100004196167,1.024407872,40.72127558953762,0.16050495942290352,0.1976241900647948,0.21531170251549397,0.33255633255633255,0.2937310414560162,1.1522848034006377,48.6911075150004,-0.2831920012639906,0.8597803571085968,False,14,14,69,100,35,C,-45,0.0,0.0,24.950000000000003,24.950000000000003,Persistence
BRC,Brady Corporation Common Stock,Industrials,Security & Protection Services,United States,その他,82.62999725341797,3.892929792,41.62155591651916,0.12838295711994918,0.007155390606991861,0.02288754298950434,0.5026555805510685,-0.12308913016177461,0.09143129635641398,40.65009458700896,0.005016993686712295,0.13969038802616368,True,31,2,45,85,100,S,0,46.0,24.25,66.0,66.0,Persistence
BRK-A,Berkshire Hathaway Inc. Common Stock,Financial Services,Insurance - Diversified,United States,その他,732100.0,1052.688777216,157.4015,-0.032317222651756586,-0.034381351900704925,0.8765382003323068,,1.1558195592286502,0.10561572146728458,52.44587122229923,0.02089110504176021,0.04944915831910515,False,30,12,38,10,77,A,-20,11.7,0.0,18.800000000000004,18.800000000000004,Persistence
BRK-B,Berkshire Hathaway Inc. New Common Stock,Financial Services,Insurance - Diversified,United States,その他,489.25,1055.24068352,2563.00462,-0.032317222651756586,-0.034381351900704925,0.8765382003323068,,1.1558195592286502,0.10561572146728458,53.15453476951811,0.023637073058738356,0.04779976581867305,False,30,12,38,10,77,A,-20,11.7,0.0,18.800000000000004,18.800000000000004,Persistence
BRO,"Brown & Brown, Inc. Common Stock",Financial Services,Insurance Brokers,United States,その他,59.9900016784668,20.333481984,176.58326949064255,0.2248671625929862,0.12050488211478924,0.1785012629806343,0.4907166406385563,0.26556776556776557,0.26401253709446165,59.661629884672486,-0.013970895696369787,0.45447338568060625,False,40,29,71,65,65,A,-20,26.25,18.0,48.30000000000001,48.30000000000001,Persistence
BROS,Dutch Bros Inc. Class A Common Stock,Consumer Cyclical,Restaurants,United States,その他,65.88999938964844,11.509890048,239.61656013038635,0.2787976721584056,0.3264100578187903,0.30684752074391214,0.2587941707734109,1.2034097351583382,0.3618838047475272,83.56899459934795,0.19624260269053317,0.11247304302787493,True,21,29,81,65,35,C,-20,9.0,15.0,47.80000000000001,47.80000000000001,Persistence
BST,BlackRock Science and Technology Trust Common Shares of Beneficial Interest,Financial Services,Asset Management,United States,その他,47.779998779296875,1.658922496,6.712373128509522,-0.07960208154094707,-0.05872340228309766,1.4458309394142819,,,,55.753780754520896,0.09243741117749134,0.04133229066982762,True,0,0,8,100,72,A,-25,0.0,0.0,18.799999999999997,18.799999999999997,Persistence
BSTZ,BlackRock Science and Technology Term Trust Common Shares of Beneficial Interest,Financial Services,Asset Management,United States,その他,30.739999771118164,2.113195264,6.482758551731109,0.15302130376586628,-0.028455445523854667,1.2115133955496706,,,,62.23020686036999,0.13679605046196677,0.025982246790248274,True,23,14,8,100,25,D,-20,14.75,8.0,14.399999999999999,14.75,Acceleration
BTT,BlackRock Municipal 2030 Target Term Trust,Financial Services,Asset Management,United States,その他,22.729999542236328,1.446205568,1.7238431652832031,,3.0,0.9962430766262386,,,0.02897715031861973,54.79452770636066,-0.002035633376086797,0.01274420300060476,True,0,0,10,100,75,A,-25,0.0,0.0,20.5,20.5,Persistence
BTU,Peabody Energy Corporation Common Stock ,Energy,Thermal Coal,United States,電力/エネルギー,27.399999618530273,3.338252544,108.0450484957695,-0.08855949205749758,-0.14353003012109083,-0.007065577390152351,0.1363718762139065,-1.4299019607843138,0.07919479267116683,58.367587394475635,0.018434296903204004,0.3041381174442954,False,18,0,10,85,73,A,0,33.55,20.05,41.35,41.35,Persistence
BTX,BlackRock Technology and Private Equity Term Trust Common Shares of Beneficial Interest,Financial Services,Asset Management,United States,その他,9.029999732971191,1.053893952,7.473002029013633,-0.7178162771595705,-0.8112511716657763,1.1303788822444711,,,,53.33333333333333,0.10950145342350265,0.033190622543063396,True,18,0,0,100,57,B,-25,9.200000000000003,0.0,11.399999999999999,11.399999999999999,Persistence
BURL,"Burlington Stores, Inc. Common Stock",Consumer Cyclical,Apparel Retail,United States,その他,338.45001220703125,21.302790144,377.4123776123047,0.0876448061241828,0.09327772584579315,0.11776509651593936,0.43918280681703237,3.0,0.6054141033769641,55.67035648369524,0.055085168059953164,0.02693920683077125,True,16,37,36,65,60,B,-10,17.75,33.5,38.05,38.05,Persistence
BW,"Babcock & Wilcox Enterprises, Inc. Common Stock",Industrials,Specialty Industrial Machinery,United States,その他,16.079999923706055,2.393339648,59.00499692004204,0.011422641165222989,-0.010909901812585965,-0.03608084182614446,0.24477943628802265,0.3407803601662306,0.5561017772401039,36.59419488616201,-0.06940137282121023,0.264073242884564,True,38,37,2,100,63,B,-10,39.8,39.05,28.700000000000003,39.8,Acceleration
BWA,BorgWarner Inc. Common Stock,Consumer Cyclical,Auto Parts,United States,その他,74.51000213623047,15.283115008,272.6853724679947,0.016328269203464432,-0.00788843499084378,0.12370399683419074,0.18678401788208998,0.6570644718792867,0.2946473963250781,65.43996092325729,0.2027057581906581,0.032714483746606245,True,27,12,26,65,37,C,0,33.7,22.45,37.95,37.95,Persistence
BWXT,"BWX Technologies, Inc. Common Stock",Industrials,Aerospace & Defense,United States,防衛/宇宙,193.4499969482422,17.722853376,178.8774086781311,0.18300085735822705,0.0830606307151879,0.11800026334246075,0.22913121301890774,0.15899929743583704,0.47196192433796597,41.32109718781996,-0.07699080939208053,0.1875303964618246,False,25,26,42,65,80,S,0,36.5,37.25,55.35,55.35,Persistence
BX,Blackstone Inc. Common Stock,Financial Services,Asset Management,United States,その他,122.79000091552734,150.081552384,633.7983942756272,0.13535214179720306,0.5600239144275673,-0.017662904801481416,,0.32956772496069736,0.27890276410256143,56.16004332546676,0.024603284905812674,0.3296545897015671,False,10,26,41,25,73,A,-20,0.0,10.55,23.400000000000006,23.400000000000006,Persistence
BY,"Byline Bancorp, Inc. Common Stock",Financial Services,Banks - Regional,United States,その他,35.400001525878906,1.607487872,8.399535362052918,0.0940848490855925,0.05194009619019069,0.19793959947412632,,-0.20358361375958123,0.051301835884681096,73.37527630539304,0.07121560108676435,0.0,True,18,12,45,100,25,D,-25,6.0,1.5,29.75,29.75,Persistence
BYD,Boyd Gaming Corporation Common Stock,Consumer Cyclical,Resorts & Casinos,United States,その他,87.45999908447266,6.500915712,96.89255998573303,0.04116717902475043,0.05127789493731697,0.05150368020044006,0.49540773447826963,-0.4548632505501415,0.41243876137125857,71.43612228721643,0.03336152537367737,0.021049780227259472,True,8,12,37,85,40,C,0,22.75,25.75,49.6,49.6,Persistence
C,"Citigroup, Inc. Common Stock",Financial Services,Banks - Diversified,United States,その他,139.8300018310547,238.4908288,1516.3633829065705,0.05628966679888933,0.03306441285695992,0.04846938775510204,,-1.8335817188276204,0.13838052206794968,74.71498483842147,0.09778025081073986,0.0,True,18,12,22,25,25,D,-30,0.0,0.0,0.0,0.0,Acceleration
CACI,"CACI International, Inc. Class A Common Stock",Technology,Information Technology Services,United States,その他,519.4000244140625,11.474224128,131.6886821899414,0.12637248440957974,0.14282423425367016,0.08054742631571565,0.08857215909828481,0.11013847732592327,0.38565957853267463,60.84348724898461,0.0017578511536287542,0.21563294145320247,False,7,26,46,65,70,A,0,22.0,36.25,55.55,55.55,Persistence
CAG,"ConAgra Brands, Inc. Common Stock",Consumer Defensive,Packaged Foods,United States,その他,13.739999771118164,6.573726208,207.78424573871612,-0.036354131226713354,-0.018416551274741386,0.06424292859681516,0.2586370212179664,-0.19963133640552996,0.3853844720763928,53.43510227793493,-0.010982912934194912,0.30915209953510747,False,0,12,21,85,73,A,-20,0.05000000000000071,9.05,27.4,27.4,Persistence
CALX,"Calix, Inc Common Stock",Technology,Software - Infrastructure,United States,ソフトウェア,38.38999938964844,2.448602368,37.491481453933716,0.202631813141748,-0.20015044349086614,0.1979265452676628,0.568310316896831,1.294482183291622,0.014730917260104183,44.73684084728351,-0.10635307591522503,0.4389067463162691,False,53,66,38,100,55,B,0,60.25,70.0,56.900000000000006,70.0,Transition
CALY,Callaway Golf Company Common Stock,Consumer Cyclical,Leisure,United States,その他,17.3799991607666,3.124186368,45.956628280878064,-0.008470905328006931,-0.025788906081492945,-0.46625122006156616,0.4211446046308432,-0.09052504526252263,0.22965962119132582,75.38070126052037,0.1449123903621642,0.007990941400633998,True,34,18,29,85,10,D,0,39.25,27.25,39.2,39.25,Acceleration
CARR,Carrier Global Corporation Common Stock ,Industrials,Building Products & Equipment,United States,その他,69.91000366210938,58.06587904,492.7735941630554,-0.0328648937116428,0.18653369215344837,0.09619389171679778,0.25861038304133904,3.0,0.32941650981446624,68.56831786179278,0.09433480429766163,0.12385868254152047,True,12,12,26,40,65,A,0,21.5,21.5,37.3,37.3,Persistence
CAT,"Caterpillar, Inc. Common Stock",Industrials,Farm & Heavy Construction Machinery,United States,その他,910.5700073242188,419.40123648,2567.4522983514403,0.04289527689055533,-0.033566954965702354,0.12844330018341832,0.3177736022133779,-0.15498866213151927,0.43951919663234773,54.929621665578416,0.06513342621247818,0.031802881258167395,True,22,0,21,10,72,A,-20,5.199999999999999,0.0,8.450000000000003,8.450000000000003,Persistence
CAVA,"CAVA Group, Inc. Common Stock",Consumer Cyclical,Restaurants,United States,その他,90.98999786376953,10.597955584,323.312939609375,0.22408227345693169,0.32250994922464665,0.2917487267757335,0.24622858712311302,-0.5058038415003024,0.3428226057276804,66.25654254286813,0.08405569454011197,0.06571518190767296,True,9,5,76,65,52,B,-20,1.6999999999999993,0.0,48.45,48.45,Persistence
CBOE,"Cboe Global Markets, Inc. Common Stock",Financial Services,Financial Data & Stock Exchanges,United States,その他,294.9100036621094,30.863448064,454.58460149490355,0.15134937110758334,0.08506691400556513,-0.04673487432108122,0.4090407704382504,0.6173896316245071,0.1709455901475503,25.14251411123331,-0.07147750818630158,0.1940874628770351,True,51,33,34,40,63,B,-20,30.549999999999997,17.049999999999997,21.300000000000004,30.549999999999997,Acceleration
CBRE,CBRE Group Inc Common Stock Class A,Real Estate,Real Estate Services,United States,その他,133.41000366210938,39.064662016,382.3850888964844,0.13372661950960382,0.119502957839056,0.036363046581030234,0.18658446362515413,-0.14846538187009278,0.32357418142954303,54.16962579570208,-0.03819115916471912,0.2225977321390322,False,35,14,33,40,90,S,0,41.25,25.5,46.150000000000006,46.150000000000006,Persistence
CBT,Cabot Corporation Common Stock,Basic Materials,Specialty Chemicals,United States,その他,87.6500015258789,4.524617216,43.5186640076065,-0.07035553329994992,0.01602645637242432,-0.09025688498032863,0.25316455696202533,-0.13303769401330376,0.31847968545216254,60.74175220242416,0.10077156832170409,0.0,True,0,0,21,85,25,D,0,15.25,15.25,37.8,37.8,Persistence
CBZ,"CBIZ, Inc. Common Stock",Industrials,Specialty Business Services,United States,その他,35.2599983215332,1.891654144,21.268830987548828,0.5208346199996471,0.13969258305398335,0.12692469222275968,0.12885937626337432,0.5844842838830815,0.4146709126237547,64.1986846263741,0.13505399496291381,0.5468448859032395,False,60,41,59,100,15,D,-5,56.5,42.25,55.45,56.5,Acceleration
CC,Chemours Company (The) Common Stock,Basic Materials,Specialty Chemicals,United States,その他,22.0,3.30830976,49.92526,0.004496713939813214,-0.04870023033892728,-0.11023276240667546,0.1553030303030303,1.051359516616314,0.5952316445407748,53.692843552480134,-0.05334557453548504,0.20980130239914985,True,42,25,22,85,90,S,0,53.25,40.5,51.35,53.25,Acceleration
CCK,"Crown Holdings, Inc.",Consumer Cyclical,Packaging & Containers,United States,その他,98.94999694824219,11.057327104,104.2467902848816,0.047792559952546394,-0.017402164862614488,-0.07208529707177624,0.22029923170238577,0.4157160963244613,0.43231502242152464,56.292130448964265,-0.006980812701713597,0.14197464911597663,False,35,24,22,65,90,S,0,45.0,36.75,46.35,46.35,Persistence
CCL,Carnival Corporation Ltd. Common Shares,Consumer Cyclical,Travel Services,United States,その他,29.18000030517578,40.418373632,756.7040842139054,0.06394628512049878,0.15875515213263558,0.7744268222532665,0.40096164682017954,1.010023130300694,0.541586859365024,65.26718543658646,0.09112349595034536,0.132261323884894,True,19,24,46,40,65,A,0,26.75,30.5,48.3,48.3,Persistence
CCO,"Clear Channel Outdoor Holdings, Inc. Common Stock",Communication Services,Advertising Agencies,United States,その他,2.4100000858306885,1.226650368,18.4132441557765,0.06571088803704417,0.04953611316802702,0.038088716845546065,0.5336921964417071,1.510479018021038,1.6899739479612157,57.142857142857146,0.007356628018216533,0.0,True,50,60,40,100,75,A,-25,35.0,42.5,37.0,42.5,Transition
CE,Celanese Corporation Common Stock,Basic Materials,Chemicals,United States,その他,53.47999954223633,5.864752128,92.48884600833892,-0.07051032333463186,-0.06022332051986088,0.12953582135842034,0.20452640402347025,0.512241054613936,0.5961742336943996,53.55976858645031,-0.10276969924444339,0.2276140786795109,True,9,30,22,85,90,S,0,28.5,44.25,51.35,51.35,Persistence
CET,Central Securities Corporation Common Stock,Financial Services,Asset Management,United States,その他,53.18000030517578,1.571429888,1.736592909965515,-0.07898466813325454,0.28534068147782066,2.5096436510925955,,0.2626584407066699,0.0015236068461532645,53.29664622370992,0.01562013563165113,0.010618127251172995,True,5,12,38,100,75,A,-25,1.25,6.5,35.900000000000006,35.900000000000006,Persistence
CF,"CF Industries Holdings, Inc. Common Stock",Basic Materials,Agricultural Inputs,United States,その他,109.4800033569336,16.819334144,304.5580421385193,0.19339622641509435,-0.10481073744533254,-0.40720543536563564,0.3845285149632976,0.029142857142857144,0.2580919931856899,29.687517041216225,-0.08904033406492666,0.20111212595980865,True,44,33,30,65,63,B,0,49.05,40.8,45.35,49.05,Acceleration
CFG,"Citizens Financial Group, Inc. Common Stock",Financial Services,Banks - Regional,United States,その他,67.6500015258789,28.607965184,291.09457406578065,0.05608912792931233,-0.05046206225680934,0.02530856501683082,,0.08408728046833422,0.049842943039792184,67.65577988422346,0.06609101431043389,0.0,True,20,24,30,65,40,C,-20,8.75,11.75,20.75,20.75,Persistence
CFR,"Cullen/Frost Bankers, Inc. Common Stock",Financial Services,Banks - Regional,United States,その他,148.0,9.293963264,77.25748,0.08311923671446085,0.03849827345529351,0.1716318780544319,,-0.8522470397653163,0.004205128429432815,70.01651919788432,0.06123263441078168,0.0,True,18,12,37,85,25,D,-20,8.75,4.25,26.6,26.6,Persistence
CHD,"Church & Dwight Company, Inc. Common Stock",Consumer Defensive,Household & Personal Products,United States,その他,97.55999755859375,23.11621632,184.3049815878296,0.01573578294116684,0.04076415753506365,0.0915804747377037,0.447317513541398,0.11941827120032773,0.24741932588303936,53.592972752634296,0.026665050728720996,0.07012631053387196,True,6,24,46,65,87,S,0,22.950000000000003,36.45,58.95,58.95,Persistence
CHH,"Choice Hotels International, Inc. Common Stock",Consumer Cyclical,Lodging,United States,その他,109.55999755859375,4.984485888,74.12884214813232,0.007542722005200528,0.02634044936907649,0.10144163589403038,0.5271647608675639,-0.2817557951265046,0.6930460286690131,45.29846221183475,-0.0075170233290084145,0.1832615647255169,True,8,12,35,85,100,S,-10,18.75,21.75,50.5,50.5,Persistence
CHWY,"Chewy, Inc. Class A Common Stock",Consumer Cyclical,Internet Retail,United States,その他,19.309999465942383,7.905980928,199.2375814396763,0.062404626811563654,0.06401320451752379,0.10166024310702639,0.2978931079633377,0.2428729281767956,0.15408151140684412,39.46587444721554,-0.17949896710730337,0.5553764833006205,False,5,12,42,85,33,D,0,19.8,25.05,50.95,50.95,Persistence
CIEN,Ciena Corporation Common Stock,Technology,Communication Equipment,United States,通信/光通信,445.9800109863281,63.129776128,1435.230572355652,0.18793535668519323,-0.08471215071346519,0.20753051275635134,0.42036147551518427,0.7605394148047983,0.2771775447779047,29.290446265813557,-0.1464523540318572,0.28870811644923744,True,36,26,38,40,34,D,0,36.4,28.9,37.7,37.7,Persistence
CL,Colgate-Palmolive Company Common Stock,Consumer Defensive,Household & Personal Products,United States,その他,89.44999694824219,71.576928256,468.7349795082092,0.013979404009750758,0.03309862774322866,0.08292981577336228,0.6010695711902659,0.024816694867456288,0.5238211879975505,47.1115449294547,0.032188260734815496,0.09213325250253229,True,14,12,46,40,100,S,0,26.5,25.0,55.3,55.3,Persistence
CLF,Cleveland-Cliffs Inc. Common Stock,Basic Materials,Steel,United States,その他,13.779999732971191,7.8603136,265.2933816591454,-0.029971331769611677,-0.12779596290234588,-0.04319457131671669,-0.046211714132187,-0.7338983050847457,0.36243254047571455,66.1188326017613,0.25601573376264075,0.14833130574397205,True,18,0,6,85,50,B,-10,21.25,7.75,24.549999999999997,24.549999999999997,Persistence
CLH,"Clean Harbors, Inc. Common Stock",Industrials,Waste Management,United States,その他,287.7799987792969,15.208031232,153.16946545028688,0.02391954976882664,0.08888639106462529,0.04694514095813402,0.3127655414994635,0.3043435549218124,0.3981734919050962,50.9737131989623,-0.027734147704545343,0.08262675300958565,True,9,12,42,65,100,S,0,26.5,28.75,59.35,59.35,Persistence
CLX,Clorox Company (The) Common Stock,Consumer Defensive,Household & Personal Products,United States,その他,96.81999969482422,11.707604992,248.7441340159607,0.0015508247568024813,-0.040059547976722155,0.03967918953144787,0.45228040540540543,0.5755693581780539,0.5178924653839238,53.42685124395802,0.012289201536559519,0.23013068872060943,False,41,38,30,65,90,S,0,49.5,47.25,50.75,50.75,Persistence
CMG,"Chipotle Mexican Grill, Inc. Common Stock",Consumer Cyclical,Restaurants,United States,半導体,32.22999954223633,41.342513152,668.8296987505913,0.05407070429499128,0.14609555100672644,0.14325962412845358,0.253757190098847,-0.04226539276586482,0.5643222531558344,46.58384896945831,-0.015667491541692738,0.4466002985341122,False,0,12,37,40,65,A,-20,0.0,1.5,23.35,23.35,Persistence
CMI,Cummins Inc. Common Stock,Industrials,Specialty Industrial Machinery,United States,その他,659.5800170898438,91.014832128,648.2715176968384,-0.012667878716790804,0.0010861588140319977,0.21340029920923273,0.25292545292545293,3.0,0.23870322428806778,54.57870888925722,0.01541435394033995,0.07648600849544485,True,12,12,30,40,87,S,0,23.700000000000003,23.700000000000003,43.900000000000006,43.900000000000006,Persistence
CMS,CMS Energy Corporation Common Stock,Utilities,Utilities - Regulated Electric,United States,電力/エネルギー,73.56999969482422,22.727215104,253.82201669712066,0.1362608117099135,0.007102653444116859,-0.13192182410423453,0.4152711090291603,-1.2314356435643565,0.47314789314238503,46.501459428228884,-0.012226243015912082,0.07253693899016884,True,39,14,6,65,87,S,0,47.7,28.950000000000003,36.95,47.7,Acceleration
CNA,CNA Financial Corporation Common Stock,Financial Services,Insurance - Property & Casualty,United States,その他,45.119998931884766,12.206377984,20.72925550928116,0.05100364311736553,0.06659047619047619,0.10377596501555798,,-0.029079159935379646,0.042783289892429764,57.925923665364586,0.0038938949795947484,0.07985576654537523,True,0,12,37,65,87,S,-20,0.0,7.450000000000003,34.0,34.0,Persistence
CNK,"Cinemark Holdings Inc Cinemark Holdings, Inc. Common Stock",Communication Services,Entertainment,United States,その他,33.79999923706055,3.947426304,77.87148024227142,0.02147893097229054,-0.005608634688753383,0.24931763555627978,0.6412520064205457,-0.43781725888324874,0.6747558582737545,84.8589020284728,0.16941427251777738,0.006174627898752254,True,30,0,27,85,10,D,-10,26.25,3.75,28.1,28.1,Persistence
CNM,"Core & Main, Inc. Class A Common Stock",Industrials,Industrial Distribution,United States,その他,48.33000183105469,9.353790464,110.50799908676147,0.02768445101464857,0.11026559236048941,0.007668019846639603,0.2692559173532104,0.030716723549488054,0.40049301561216105,54.23323216667179,-0.02894476295892642,0.2784413345949513,False,2,24,34,85,73,A,0,21.55,38.05,54.550000000000004,54.550000000000004,Persistence
CNO,"CNO Financial Group, Inc. Common Stock",Financial Services,Insurance - Life,United States,その他,50.36000061035156,4.701030912,36.8851752470398,0.00940255533561274,0.07205556091444006,0.1593603220755983,,,0.104450562765206,72.43974838838349,0.11232428396988745,0.0,True,0,0,22,85,10,D,-20,0.0,0.0,15.350000000000001,15.350000000000001,Persistence
CNP,"CenterPoint Energy, Inc (Holding Co) Common Stock",Utilities,Utilities - Regulated Electric,United States,電力/エネルギー,42.900001525878906,28.063870976,226.22972604660035,0.08261020479000347,-0.00609475620975161,-0.06705289132067374,0.45057176445441915,-0.004212299915754001,0.4938324665835733,50.569103774755234,0.009603604197474972,0.02277131509291207,True,38,12,10,65,75,A,0,45.75,26.25,36.75,45.75,Acceleration
CNR,"Core Natural Resources, Inc. Common Stock",Energy,Thermal Coal,United States,電力/エネルギー,92.16999816894531,4.646069248,61.436833979492185,0.9242115388702489,-0.13652925136687233,0.09939263637392336,-0.0002662808915247522,-0.929052084101313,0.07381469621877658,61.11810833105118,0.029496489281430824,0.18512580295849998,True,40,10,33,85,80,S,0,50.75,28.25,55.400000000000006,55.400000000000006,Persistence
CNS,Cohen & Steers Inc Common Stock,Financial Services,Asset Management,United States,その他,77.05000305175781,3.960802304,17.609778197479248,0.07706223067622275,0.06446341632705675,-0.12108435414938193,0.48564756756756755,-2.486664785154872,0.15778139236723418,66.35280639930113,0.1100419377776366,0.002976135237733438,True,38,12,18,85,25,D,-30,13.75,0.0,6.149999999999999,13.75,Acceleration
CNX,CNX Resources Corporation Common Stock,Energy,Oil & Gas E&P,United States,電力/エネルギー,33.150001525878906,4.689982464,51.06393085044861,0.48866481238417975,-0.044549676823147644,-0.6162289496064445,0.47234760951479904,0.9385544224478757,0.28642239450319457,32.85714199213204,-0.09432658948738534,0.22201358716184738,False,71,85,34,85,70,A,0,73.0,83.5,53.95,83.5,Transition
COF,Capital One Financial Corporation Common Stock,Financial Services,Credit Services,United States,その他,184.72999572753906,114.956148736,898.9885242080688,0.3661791777459603,0.06320167450458042,0.07407299270072992,,0.5417281038041876,0.07535474111708512,46.26099848903619,-0.021652666541711947,0.2779994805565023,False,41,20,57,25,73,A,-20,21.799999999999997,6.050000000000001,32.2,32.2,Persistence
COHR,Coherent Corp. Common Stock,Technology,Scientific & Technical Instruments,United States,その他,385.0299987792969,75.327012864,2296.9157092178343,0.23417588421322738,-0.08767504505726634,0.5558328127223652,0.3516835725282546,-0.030922755951034362,0.26112767166326784,51.49032876622465,0.1099119152065665,0.09805808154968011,True,37,54,33,40,70,A,0,40.75,53.5,42.150000000000006,53.5,Transition
COMP,"Compass, Inc. Class A Common Stock",Real Estate,Real Estate Services,United States,その他,8.59000015258789,6.418044416,104.85924856266021,0.23671634897230462,0.15232343909928353,-0.1882685277500831,0.18413870374626523,0.9215500945179584,0.3093212081844755,52.467538547626354,0.089659041494985,0.3674521207034268,False,51,35,26,85,58,B,0,56.8,44.8,47.15,56.8,Acceleration
COP,ConocoPhillips Common Stock,Energy,Oil & Gas E&P,United States,電力/エネルギー,116.9800033569336,142.516043776,767.4303499226761,0.07670106859073889,-0.02486596248730874,-0.2847733584732591,0.2508821932681867,-0.09530352235823132,0.19226006445845872,43.55078525089061,-0.026274716253771986,0.11921252348480836,True,30,0,25,25,100,S,0,36.25,13.75,40.0,40.0,Persistence
COTY,Coty Inc. Class A Common Stock,Consumer Defensive,Household & Personal Products,United States,その他,2.069999933242798,1.822565504,17.313179291652443,-0.03679306963059824,0.10152860049332925,0.04707412713973305,0.6483904359483447,-0.24851109907958852,0.3565088136247974,52.27272542547562,-0.058834255053196054,0.5980582728328839,False,12,0,33,100,55,B,-5,24.5,15.5,49.150000000000006,49.150000000000006,Persistence
COUR,"Coursera, Inc. Common Stock",Consumer Defensive,Education & Training Services,United States,その他,5.340000152587891,1.529155072,38.18409829109192,0.09039873326615805,0.09263919471531928,0.2139240409656405,0.5457425742574258,0.16318537859007834,,50.617282497069084,-0.06460199295880706,0.5795275407254609,False,13,37,48,100,55,B,-5,25.25,43.25,57.400000000000006,57.400000000000006,Persistence
CPAY,"Corpay, Inc. Common Stock",Technology,Software - Infrastructure,United States,ソフトウェア,356.1099853515625,23.276032,198.10398485107422,0.13933868382366077,0.057713203142651166,0.096462665980767,0.7859781914286339,-0.26410269917848134,0.3787350753849145,55.89883021060595,0.07698937925094718,0.0220251542682704,True,38,14,48,65,60,B,0,44.25,26.25,54.650000000000006,54.650000000000006,Persistence
CPK,Chesapeake Utilities Corporation Common Stock,Utilities,Utilities - Regulated Gas,United States,その他,123.55000305175781,2.96578816,15.942892393798829,0.18140243902439024,0.1738741425589025,-0.014837667107389452,0.4143010752688172,-0.8541846419327006,0.40742965855612295,43.05751581254153,-0.020692649478234546,0.10202163916587213,False,39,14,14,100,90,S,0,53.25,34.5,50.7,53.25,Acceleration
CPNG,"Coupang, Inc. Class A Common Stock",Consumer Cyclical,Internet Retail,United States,その他,16.81999969482422,30.192979968,464.4937107723999,0.14094092771243558,0.24135668293483165,0.18461837438662973,0.2936526321885678,-0.4816285998013903,0.26058357227188395,54.19663670786983,-0.07171320850212302,0.49835966873909515,False,5,14,58,40,55,B,0,15.25,22.0,52.900000000000006,52.900000000000006,Persistence
CR,Crane Company Common Stock,Industrials,Specialty Industrial Machinery,United States,その他,206.57000732421875,11.928526848,105.15446222839356,0.0815503003003003,0.1445142580956984,0.04806664040074295,0.4220390455531453,0.5429475587703436,0.315617376861992,79.35991114400113,0.1304745072719911,0.014796423369876526,True,13,24,42,65,10,D,0,20.5,28.75,41.35,41.35,Persistence
CRBG,Corebridge Financial Inc. Common Stock,Financial Services,Asset Management,United States,その他,28.739999771118164,13.126509568,156.96882564991952,-0.050732272679380463,-0.0014729089952656496,-0.2624636275460718,,,0.026371851325242356,56.96379170467641,0.07633997840822156,0.17963057333163468,False,0,0,10,65,75,A,-20,0.0,0.0,16.75,16.75,Persistence
CRC,California Resources Corporation Common Stock,Energy,Oil & Gas E&P,United States,電力/エネルギー,58.61000061035156,5.204269568,39.67252331314087,0.15082854244166385,0.05119089939566299,-0.13044822256568778,0.42844548927416987,,0.1835742266648656,42.017066880431535,-0.06604101859465793,0.158676768361525,True,39,2,14,85,90,S,0,51.0,23.25,46.95,51.0,Acceleration
CRCL,"Circle Internet Group, Inc. Class A Common Stock",Financial Services,Capital Markets,United States,その他,77.83999633789062,20.805906432,1033.649376570282,0.6385605275575942,0.15566514485689426,0.8787154233134555,0.08669240476188743,0.5907168437661632,0.000467786809905992,24.330615639435223,-0.23860949765518175,0.704535992669758,False,45,22,68,65,16,D,-20,25.1,7.850000000000001,36.85000000000001,36.85000000000001,Persistence
CRGY,Crescent Energy Company Class A Common Stock,Energy,Oil & Gas E&P,United States,電力/エネルギー,11.579999923706055,3.8243136,73.62581321492195,0.2213855108244206,0.23013369417133034,-0.2206243570221765,0.7855137547481942,-3.233984338145108,0.4588498768846327,31.422026325338877,-0.07663863090633273,0.16037684510364056,True,24,40,17,85,80,S,0,38.75,50.75,46.6,50.75,Transition
CRI,"Carter's, Inc. Common Stock",Consumer Cyclical,Apparel Retail,United States,その他,42.790000915527344,1.576816512,37.004364891738895,0.01910058078085807,-0.034455529173402714,-0.08315007814219233,0.4535689370713622,-0.7171319995713497,0.47247560875784944,71.50261057053058,0.16393005724128715,0.0220318602415168,True,38,0,25,100,10,D,-5,39.5,11.0,35.75,39.5,Acceleration
CRK,"Comstock Resources, Inc. Common Stock",Energy,Oil & Gas E&P,United States,電力/エネルギー,13.520000457763672,3.970767872,37.63062287410736,0.5382751798848099,-0.19904620061605932,-0.56860958909962,0.22907707154973342,0.05756788873729149,0.4149298236550497,45.714293499384304,-0.13147377229068505,0.5601821548981787,False,60,87,2,85,43,C,0,62.05,82.3,30.950000000000003,82.3,Transition
CRM,"Salesforce, Inc. Common Stock",Technology,Software - Application,United States,ソフトウェア,165.88999938964844,135.8639104,2689.031270356369,0.09579100145137881,0.08715609490202829,0.11179510079101812,0.7767609873570138,0.15827569567315425,0.15294065268687948,41.47033265210189,-0.07627635115398144,0.38865692493016246,False,35,24,57,25,63,B,0,36.3,28.05,50.2,50.2,Persistence
CRS,Carpenter Technology Corporation Common Stock,Industrials,Metal Fabrication,United States,その他,561.489990234375,27.897974784,360.83873477416995,0.042540855890132984,0.08210798729561228,0.38882535533409573,0.2671439991658267,0.6045989904655076,0.201732247332798,92.6928690349398,0.2570041145056256,0.0017068574127844043,True,15,31,57,65,10,D,0,22.0,34.0,49.6,49.6,Persistence
CSL,Carlisle Companies Incorporated Common Stock,Industrials,Building Products & Equipment,United States,その他,343.7699890136719,13.910678528,123.17622476348878,0.003257654488768087,0.09084566918834071,-0.15827430542812052,0.3570987469869918,0.058451472191930205,0.46009899409228805,55.8806196253577,-0.0076549314760823986,0.20004603160614443,False,6,12,26,65,90,S,0,23.25,27.75,48.55,48.55,Persistence
CSW,"CSW Industrials, Inc. Common Stock",Industrials,Specialty Industrial Machinery,United States,その他,272.07000732421875,4.440041984,35.57587415771484,0.2325489780838232,0.10779097926441653,0.04609554772108341,0.41908680346109045,-0.1295234588680833,0.40781479045048874,46.11758688346407,-0.020726212579366948,0.18668639012768706,False,43,5,41,85,90,S,0,54.0,25.5,61.8,61.8,Persistence
CTOS,"Custom Truck One Source, Inc. Common Stock",Industrials,Rental & Leasing Services,United States,その他,10.65999984741211,2.424433664,8.888094672775269,0.07860987193998713,-0.03368184011581148,0.1856313005137672,0.21188328754185407,0.46849441975594575,0.702463842317811,71.60122900186241,0.1781088124091033,0.0065237369814117934,True,23,12,0,100,10,D,-10,23.25,15.0,17.0,23.25,Acceleration
CTRI,"Centuri Holdings, Inc. Common Stock",Utilities,Utilities - Regulated Gas,United States,その他,30.350000381469727,3.063367168,35.626954947795866,0.13102843932021072,-0.09038359921580422,0.05033787663563049,0.08266312545238823,-1.1392940217668133,0.38962772032798026,50.79702258962057,-0.07040992603092053,0.2739234225975552,True,23,37,6,85,73,A,0,37.3,47.8,39.150000000000006,47.8,Transition
CTS,CTS Corporation Common Stock,Technology,Electronic Components,United States,半導体,66.12999725341797,1.890849024,18.980962461662294,0.05160114695117687,-0.06479755533027386,-0.06210414930759676,0.3842953679722455,0.08512776702932234,0.10832501429391962,58.93107649209554,0.12314319726005336,0.025780790671907135,True,24,24,34,100,45,C,-5,32.5,32.5,47.7,47.7,Persistence
CTVA,"Corteva, Inc. Common Stock ",Basic Materials,Agricultural Inputs,United States,その他,76.13999938964844,50.92395008,267.9320894522095,0.029157795126567305,-0.018460466736328805,-0.013119450014322544,0.4729038561002241,0.8184754521963824,0.06021706150075855,33.92743904702665,-0.05020719262142257,0.10700347254783076,True,38,24,38,40,80,S,0,42.5,32.0,46.900000000000006,46.900000000000006,Persistence
CUBI,"Customers Bancorp, Inc Common Stock",Financial Services,Banks - Regional,United States,その他,78.20999908447266,2.645460224,23.836843520965576,0.16569187737000346,-0.0721246958251624,0.16968821532875522,,3.0,0.0685022510562797,58.94736607282283,0.038937900174098004,0.03694126380766823,True,35,26,30,100,87,S,-20,29.950000000000003,23.200000000000003,38.900000000000006,38.900000000000006,Persistence
CVI,CVR Energy Inc. Common Stock,Energy,Oil & Gas Refining & Marketing,United States,電力/エネルギー,30.670000076293945,3.083273472,24.411633210725785,-0.058869908015768725,-0.17703038823402184,-0.15133994126284875,0.04705389555989947,-2.383720930232558,0.48057204533189424,42.2338493995926,-0.059524752733565764,0.23114994674919545,False,18,12,2,85,80,S,0,34.25,29.75,38.35,38.35,Persistence
CVLG,"Covenant Logistics Group, Inc. Class A Common Stock",Industrials,Trucking,United States,その他,45.45000076293945,1.144021376,9.472461909008025,,,,,-0.12813861451993747,0.3239430423089136,82.34939437840572,0.2985515100836338,0.01878236048395266,True,0,0,6,100,10,D,-5,11.0,11.0,25.3,25.3,Persistence
CVNA,Carvana Co. Class A Common Stock,Consumer Cyclical,Auto & Truck Dealerships,United States,その他,64.0999984741211,70.307168256,659.1579118089676,0.48628684268265926,0.26942716553709034,-0.20824757424286974,0.20627890955614606,0.07496977025392987,0.41822589197788046,42.44396076515722,-0.1089123429588744,0.3301285731142982,False,49,32,30,40,63,B,0,49.05,36.3,39.1,49.05,Acceleration
CVSA,Covista Inc. Common Shares,Consumer Defensive,Education & Training Services,United States,その他,128.39999389648438,4.369565696,34.58197035614014,0.12850644810343217,0.0922412473997571,0.04992177108526156,0.568621420463124,0.16481557991267082,0.281214030763507,56.23320369898336,0.06652839941426208,0.16866302082535775,True,48,33,46,85,85,S,0,57.25,46.0,63.55,63.55,Persistence
CVX,Chevron Corporation Common Stock,Energy,Oil & Gas Integrated,United States,電力/エネルギー,187.22000122070312,372.86690816,1755.206233444214,-0.04643924431530293,-0.017769268661794804,-0.16462113466572204,0.30410124056562854,0.10289816538154746,0.12579163734676493,43.564676510157284,-0.0015716085489468653,0.10521055061969037,True,6,12,34,10,100,S,0,16.0,20.5,41.2,41.2,Persistence
CWAN,"Clearwater Analytics Holdings, Inc. Class A Common Stock",Technology,Software - Application,United States,ソフトウェア,24.329999923706055,7.262219776,67.40772458862304,0.6187763250797361,0.22716531583407576,0.21336998147818578,0.6729143194670809,1.2313718108366396,0.283758623635316,50.980421489612354,0.003953088696510895,0.0036855099224696367,True,72,22,83,85,75,A,0,74.25,36.75,81.9,81.9,Persistence
CWEN,"Clearway Energy, Inc. Class C Common Stock",Utilities,Utilities - Renewable,United States,電力/エネルギー,37.470001220703125,8.996425728,39.28973182998657,0.04230488694383661,0.04337899543378995,0.10420168067226891,0.629111266620014,-0.2919254658385093,0.5645151606124287,43.383698671486044,-0.03437753016613699,0.09185645310247419,True,12,12,41,85,100,S,0,31.75,31.75,63.8,63.8,Persistence
CWK,Cushman & Wakefield Ltd. Common Shares,Real Estate,Real Estate Services,United States,その他,13.5,3.163056896,27.368415,0.0891017837294236,-0.0049717180867312,-0.060559882046765684,0.18273361715363232,0.7544910179640718,0.3903290519240289,57.493848570204094,0.0008748375590705053,0.2151163138848099,False,39,12,26,85,90,S,0,51.0,30.75,53.55,53.55,Persistence
CWT,California Water Service Group Common Stock,Utilities,Utilities - Regulated Water,United States,その他,45.56999969482422,2.727513344,24.95025838291168,-0.03536437867836413,0.3047624560802988,-0.061196955215487146,0.6433659287699722,-0.19172136295176537,0.2830901587240012,58.00394813669735,0.022919922241349887,0.06593967935024023,True,12,0,18,100,87,S,0,32.7,23.700000000000003,52.3,52.3,Persistence
CXM,"Sprinklr, Inc. Class A Common Stock",Technology,Software - Application,United States,ソフトウェア,5.340000152587891,1.250781696,18.391868325538635,0.07635165508529698,0.08743514118739418,0.18468432035458354,0.674035230984601,1.3987524722349003,0.03877977961281628,52.25806908106136,-0.001831816584195919,0.4288770123292235,False,27,19,62,100,65,A,-5,36.75,30.75,67.1,67.1,Persistence
CXT,"Crane NXT, Co. Common Stock",Industrials,Specialty Industrial Machinery,United States,その他,42.470001220703125,2.443824384,40.18235460494995,0.11427226257734732,0.06864083950262345,0.03836107172177028,0.42482042614836724,0.1754593953764078,0.38817225003208833,54.622603984328656,0.01819304234986078,0.3767651198018771,False,41,14,42,100,73,A,0,53.05,32.8,62.7,62.7,Persistence
CXW,"CoreCivic, Inc. Common Stock",Industrials,Security & Protection Services,United States,その他,27.100000381469727,2.679877376,29.658782417488098,0.12720745741076628,0.03427702219984341,0.02780317222565732,0.2345596156263935,-0.7274146134497076,0.41487768608084824,86.84210592359713,0.27432265261687366,0.0,True,35,14,29,100,10,D,0,42.25,26.5,42.95,42.95,Persistence
D,"Dominion Energy, Inc. Common Stock",Utilities,Utilities - Regulated Electric,United States,電力/エネルギー,67.91000366210938,59.727695872,705.5879939994812,0.14157272287156789,0.004585562426179393,0.03264456880470656,0.49018538713195203,-0.013927576601671309,0.42242592161026093,53.98057838096273,0.06459268114831575,0.0,True,34,21,22,40,60,B,0,37.5,27.75,34.1,37.5,Acceleration
DAL,"Delta Air Lines, Inc. Common Stock",Industrials,Airlines,United States,その他,83.05999755859375,54.569951232,604.3457881362915,0.027918822899599304,0.06193150496141125,0.14760191372424974,0.24165141089577677,0.3320623916811092,0.24932056027644897,63.135913308747796,0.14120853598625743,0.0,True,5,24,42,40,25,D,0,12.25,26.5,38.1,38.1,Persistence
DAN,Dana Incorporated Common Stock ,Consumer Cyclical,Auto Parts,United States,その他,30.809999465942383,3.314376448,41.704415277099606,-0.030256012412723042,0.01589386575594378,-0.25039385584875934,0.08026666666666667,1.1594202898550725,0.4505635245901639,39.242129551988604,-0.12698365610065476,0.2058219551534337,True,15,54,22,85,68,A,0,30.8,60.05,46.95,60.05,Transition
DAR,Darling Ingredients Inc. Common Stock,Consumer Defensive,Packaged Foods,United States,その他,56.9900016784668,9.057270784,112.36576155939102,0.07361139422677346,-0.15805721205407125,0.039171464945062955,0.24013812532422016,0.34021167779514133,0.40408341491255956,42.31137360205054,-0.06488840964228651,0.12106716691525347,True,23,12,22,85,90,S,-20,19.0,10.75,31.35,31.35,Persistence
DBD,Diebold Nixdorf Incorporated Common stock,Technology,Software - Application,United States,ソフトウェア,81.72000122070312,2.829832192,23.2795767477417,0.014555730319106395,,,0.25256851564758126,1.1966911764705883,0.2434879618098796,71.59488164219457,0.02365224504116977,0.07941867397731774,True,12,47,30,100,52,B,0,29.2,55.45,51.9,55.45,Transition
DBRG,"DigitalBridge Group, Inc.",Financial Services,Asset Management,United States,その他,15.710000038146973,2.9044736,35.4576271860981,-0.8764771630165096,-0.2519595154276248,0.2713205845863239,2.920271178843568,3.0,0.09679683620234314,50.0,0.005684585620108735,0.0,True,27,24,45,100,75,A,-20,22.75,20.5,44.75,44.75,Persistence
DCH,Dauch Corporation Common Stock,Consumer Cyclical,Auto Parts,United States,その他,6.349999904632568,1.50727872,25.587610365712642,-0.04705382945027674,0.007467719384817831,0.047756100923755686,0.12070176640910103,-0.2692119432207538,0.6258133189409613,49.1453000161391,0.03758167891292778,0.2944444550408257,False,0,0,15,100,73,A,-15,7.300000000000001,7.300000000000001,32.85,32.85,Persistence
DCI,"Donaldson Company, Inc. Common Stock",Industrials,Specialty Industrial Machinery,United States,その他,86.4000015258789,10.014715904,72.1133292735672,0.029166550483785518,0.04532470560802145,0.03756124115405553,0.3484786908342139,-0.16465962152863112,0.22447265887410991,57.6707631569617,0.006899137468179506,0.21646868433597563,False,4,0,41,65,90,S,0,21.75,18.75,56.8,56.8,Persistence
DCO,Ducommun Incorporated Common Stock,Industrials,Aerospace & Defense,United States,防衛/宇宙,164.5399932861328,2.482177792,33.21239764480591,0.04882368947741855,0.038903977849171455,0.062389742567754376,0.268676675084471,-3.4259637923295596,0.2914915944252222,73.50266753101096,0.14147043210752064,0.0027879194779829547,True,21,0,18,100,10,D,-10,21.75,6.0,26.9,26.9,Persistence
DCOM,"Dime Commercial Bancshares, Inc. Common Stock",Financial Services,Banks - Regional,United States,その他,40.08000183105469,1.768068864,10.001964456939698,0.4420007704577219,-0.10963866691989557,-0.15607424542903553,,0.965936765878575,0.05385555160334648,74.61300894623402,0.09411366806592873,0.0,True,53,32,30,100,25,D,-25,32.25,16.5,21.5,32.25,Acceleration
DD,"DuPont de Nemours, Inc. Common Stock",Basic Materials,Specialty Chemicals,United States,その他,48.2599983215332,19.5481088,167.77443636486055,0.019348117279357046,0.015875415784699122,-0.4918952139509872,0.34501387063804934,0.075,0.1480417149478563,50.53763220331931,0.01928813121478257,0.055968643196821516,True,36,12,34,65,87,S,0,45.45,27.450000000000003,52.35000000000001,52.35000000000001,Persistence
DDS,"Dillard's, Inc. Common Stock",Consumer Cyclical,Department Stores,United States,その他,610.010009765625,9.526557696,76.08959856811524,-0.00408104055836586,-0.041340069416765345,-0.017408698846447686,0.40322086207379904,0.023050485994340317,0.1590751330305108,64.0759138073414,0.049595148847600516,0.12843964213228382,True,24,12,34,85,80,S,0,38.75,29.75,55.95,55.95,Persistence
DE,Deere & Company Common Stock,Industrials,Farm & Heavy Construction Machinery,United States,その他,577.47998046875,155.883470848,910.5328970043945,-0.11585969357456748,-0.16149913690081,0.17483717483717484,0.3648270457852905,-0.2704899525852337,0.6061549492433677,70.28452302149574,0.0058394323477922614,0.1257694328395941,True,22,0,19,25,65,A,-30,0.0,0.0,0.0,0.0,Acceleration
DEC,Diversified Energy Company Common Stock,Energy,Oil & Gas Integrated,United States,電力/エネルギー,13.850000381469727,1.001680128,11.388647563676834,1.0273928999636406,-0.08456299005832328,-0.5476257835338961,0.2855773198755162,0.6613408484129338,0.49079885277240454,34.179240324412675,-0.09487276605303588,0.22807432881357734,False,74,87,30,100,70,A,-5,72.5,82.25,50.5,82.25,Transition
DECK,Deckers Outdoor Corporation Common Stock,Consumer Cyclical,Footwear & Accessories,United States,その他,113.83000183105469,15.808820224,256.1129509197998,0.09761770470706504,0.16275363167227294,0.18208572469885198,0.5770385958654284,0.1450197839624689,0.10174021392360956,63.49924281479572,0.08046284517586272,0.08134937884871572,True,10,24,58,65,65,A,0,23.75,34.25,61.150000000000006,61.150000000000006,Persistence
DELL,Dell Technologies Inc. Class C Common Stock ,Technology,Computer Hardware,United States,その他,395.57000732421875,256.37208064,4794.041479014588,0.1880460828528676,0.08076901328809725,-0.13563894781087185,0.19999471542567246,3.0,0.31103015224216574,66.33045097387368,0.5008161830610229,0.1510644377665319,True,47,26,26,25,50,B,0,44.0,28.25,30.55,44.0,Acceleration
DFH,"Dream Finders Homes, Inc. Class A Common Stock",Consumer Cyclical,Residential Construction,United States,その他,15.050000190734863,1.37760832,10.23159212966919,-0.028541173953650592,0.1870748063403107,0.12154706215864058,0.1745994770114517,0.5518824935370736,0.43090540428879104,54.956900671251574,0.04088860210092468,0.5143594610555289,False,9,12,2,100,65,A,-15,13.25,15.5,24.1,24.1,Persistence
DG,Dollar General Corporation Common Stock,Consumer Defensive,Discount Stores,United States,その他,114.80000305175781,25.323347968,478.709124725647,0.05200544130611833,0.049641228412082836,0.02237413304944452,0.30660930299520633,0.41938801169035733,0.5076473667739643,66.6909845978704,0.01417105712222285,0.26174870246047033,False,39,24,38,65,53,B,0,44.3,33.05,47.75000000000001,47.75000000000001,Persistence
DHI,"D.R. Horton, Inc. Common Stock",Consumer Cyclical,Residential Construction,United States,その他,154.08999633789062,43.69678336,358.0404336907959,-0.06931801507551343,0.037816832297436015,0.05915173237753883,0.23696657557284004,0.6218819461595456,0.17002807911770676,65.77344237509195,0.049165820747515326,0.1552042968420931,True,9,12,30,40,80,S,0,20.75,23.0,42.5,42.5,Persistence
DINO,HF Sinclair Corporation Common Stock,Energy,Oil & Gas Refining & Marketing,United States,電力/エネルギー,71.26000213623047,12.84642816,151.179163432045,-0.05986703988803359,-0.10586910274058316,-0.16335558173014003,0.051806915032193236,0.240625,0.19576014536644457,54.174394755578504,0.07553240405142185,0.036841006222766697,True,38,24,30,65,72,A,0,45.45,34.95,47.15,47.15,Persistence
DIS,Walt Disney Company (The) Common Stock,Communication Services,Entertainment,United States,その他,100.04000091552734,173.72061696,827.2952933710861,0.03353728615054564,0.027705910144210217,0.07465970358550325,0.3776436325125761,0.1773571678934455,0.22720921048634526,38.14101799939723,-0.022596348316424583,0.18783278096431566,False,24,24,46,25,80,S,0,29.75,29.75,47.55,47.55,Persistence
DK,"Delek US Holdings, Inc. Common Stock",Energy,Oil & Gas Refining & Marketing,United States,電力/エネルギー,47.220001220703125,2.893997824,50.778028312683105,-0.09528188859452254,-0.280254080839487,-0.1683652340790869,0.05489186693898106,0.987535182951347,0.4828482556186749,65.88869438725823,0.07250678886615057,0.037112554258700255,True,33,37,2,100,52,B,0,44.95,47.95,36.5,47.95,Transition
DKS,Dick's Sporting Goods Inc Common Stock,Consumer Cyclical,Specialty Retail,United States,その他,220.99000549316406,19.779166208,306.4413158672333,0.2806154409679079,0.035307756639333096,0.049821404864314106,0.3292025847046085,-0.21423409978989533,0.44491534014388995,44.27813794322585,0.014281988360712304,0.046753302314927865,True,31,5,41,65,87,S,0,41.7,22.200000000000003,56.2,56.2,Persistence
DLB,Dolby Laboratories Common Stock,Industrials,Specialty Business Services,United States,その他,52.52000045776367,4.968292864,41.519423761882784,0.059203703165763934,-0.02002163502966738,0.03664959048263948,0.8813072127963947,0.44748271627781794,0.012044885617270181,36.63005522689979,-0.09673953194936709,0.30106927574754877,False,38,12,45,85,53,B,0,46.55,27.05,56.6,56.6,Persistence
DLX,Deluxe Corporation Common Stock,Industrials,Conglomerates,United States,その他,23.790000915527344,1.089202816,9.234207805366516,0.0053727966820624,-0.032158007571956394,-0.020424394886528658,0.5300487530470654,0.753,0.5170414862410951,50.65218905645919,-0.09768022742568622,0.2447357170970965,True,35,24,30,100,90,S,-5,45.25,37.0,54.5,54.5,Persistence
DNOW,DNOW Inc. Common Stock,Industrials,Industrial Distribution,United States,その他,14.029999732971191,2.56112,40.77482702394485,0.18836915297092288,0.02240413614821198,0.08661048689138577,0.16950354609929077,-0.5363321799307958,0.14908256880733944,64.54543746866244,0.08658610653509434,0.16834623384590547,True,23,2,37,100,65,A,0,38.75,23.0,58.35,58.35,Persistence
DOCN,"DigitalOcean Holdings, Inc. Common Stock",Technology,Software - Infrastructure,United States,ソフトウェア,170.44000244140625,17.78783232,506.04233264862063,0.15476515311645306,0.12661715380929564,0.20225151911604972,0.5985975569846477,-0.5728882975405917,0.8717966158877513,59.03469132009293,0.30559145423465534,0.055734058496364265,True,37,21,60,65,57,B,-20,23.200000000000003,11.2,40.65,40.65,Persistence
DOV,Dover Corporation Common Stock,Industrials,Specialty Industrial Machinery,United States,その他,217.42999267578125,29.279428608,182.7422987942505,0.044754205090713046,0.007994429288347052,-0.020358803871510244,0.397669541607976,0.9167076987704141,0.26633067665949733,60.20516970349319,0.00562780674551754,0.06363426681920663,True,43,12,30,65,67,A,0,48.7,25.45,46.15,48.7,Acceleration
DOW,Dow Inc. Common Stock ,Basic Materials,Chemicals,United States,その他,33.849998474121094,24.39709696,401.7712171390915,-0.06973279955311423,-0.037156559544619244,-0.21580963762257918,0.06337570056044836,-8.582781456953642,0.33479107588233287,39.5394506084864,-0.08999791893432897,0.18332447807428348,True,0,0,6,65,80,S,0,17.75,17.75,35.55,35.55,Persistence
DRI,"Darden Restaurants, Inc. Common Stock",Consumer Cyclical,Restaurants,United States,その他,211.47000122070312,24.220717056,218.01076835845947,0.06028972783143108,0.08602376094128415,0.08907580477673936,0.21881805460100856,0.04371695811305409,0.49493127830301104,60.716226959270834,0.06751626437971325,0.03471559910097434,True,2,24,34,65,52,B,-20,0.0,12.950000000000003,25.35,25.35,Persistence
DT,"Dynatrace, Inc. Common Stock",Technology,Software - Application,United States,ソフトウェア,40.75,11.877636096,218.42590875,0.18820698152627655,0.18745010590480451,0.23478028190897085,0.8155933426047631,0.22959149313659238,0.037213368133205756,48.275866013230754,0.061535179795028774,0.2805437775578879,False,46,14,100,65,58,B,0,50.05,26.05,82.85,82.85,Persistence
DTE,DTE Energy Company Common Stock,Utilities,Utilities - Regulated Electric,United States,電力/エネルギー,147.4199981689453,30.667534336,224.18380251548768,0.26948703540178215,-0.022597096900745392,-0.3371645516954441,0.3030858732768433,-0.23786407766990292,0.48625753708430436,54.83574559083138,0.015485070569997175,0.028149543171840378,True,43,17,6,40,75,A,0,45.75,26.25,28.3,45.75,Acceleration
DTM,"DT Midstream, Inc. Common Stock ",Energy,Oil & Gas Midstream,United States,電力/エネルギー,142.32000732421875,14.518649856,87.98934452819825,0.2670744138634047,0.06399132321041215,0.002173913043478261,0.7924376508447305,0.06779661016949153,0.3345238095238095,29.94533542904037,0.011292530439452097,0.058231789818049634,True,56,29,61,65,60,B,0,57.75,37.5,61.800000000000004,61.800000000000004,Persistence
DUK,Duke Energy Corporation (Holding Company) Common Stock,Utilities,Utilities - Regulated Electric,United States,電力/エネルギー,124.97000122070312,97.426137088,402.2203228788757,0.06192970319860329,0.044631796283551274,0.010150166852057841,0.5117721872382666,-36.291666666666664,0.4642426533698451,48.029285568227316,-0.0038481393396939405,0.05552302242448886,True,38,12,22,40,87,S,0,43.2,23.700000000000003,39.5,43.2,Acceleration
DV,"DoubleVerify Holdings, Inc. Common Stock",Communication Services,Advertising Agencies,United States,その他,10.199999809265137,1.565334784,34.19866136050224,0.1392131220417478,0.14724832894647213,0.26551772917965244,0.821594807367722,0.3029015583141531,0.0735191812608099,56.77655818411933,-0.005886731394238875,0.37307931639313935,False,25,14,82,100,73,A,-5,36.05,27.799999999999997,79.69999999999999,79.69999999999999,Persistence
DVN,Devon Energy Corporation Common Stock,Energy,Oil & Gas E&P,United States,電力/エネルギー,45.310001373291016,52.260696064,651.079119583416,0.07829360100376412,0.04469786341591296,-0.20402733580259794,0.2554689318128927,3.0,0.2717174594132726,43.35421372541785,-0.038653285531690215,0.12982520378630136,True,42,25,26,40,100,S,0,47.5,34.75,44.3,47.5,Acceleration
DXC,DXC Technology Company Common Stock ,Technology,Information Technology Services,United States,その他,9.170000076293945,1.486275968,47.65859949651718,-0.01763654727682387,-0.05824248189068559,-0.05287595287595288,0.23971844353052832,-0.0036496350364963502,0.3294802172226532,45.90570884020444,-0.14202843383193695,0.4353448149302179,False,18,0,21,100,43,C,-5,27.799999999999997,14.3,40.15,40.15,Persistence
DY,"Dycom Industries, Inc. Common Stock",Industrials,Engineering & Construction,United States,その他,469.0,14.084752384,265.301575,0.17947585864270077,0.12607607960007414,0.09639376735280542,0.20557791035991915,3.0,0.5004039014032354,61.77956743010774,0.09178437421721229,0.12369209771509332,True,47,26,42,65,65,A,0,51.5,35.75,52.35,52.35,Persistence
EAT,"Brinker International, Inc. Common Stock",Consumer Cyclical,Restaurants,United States,その他,159.32000732421875,6.8328832,146.677964743042,0.21949672714094812,0.06820381302622665,0.08651192134801924,0.18245978975520968,0.8551569506726457,0.6322332561786007,73.0389161796475,0.10433212061518099,0.134224521110603,True,39,36,40,85,35,C,-30,15.5,13.25,20.25,20.25,Persistence
ECAT,BlackRock ESG Capital Allocation Term Trust Common Shares of Beneficial Interest,Financial Services,Asset Management,United States,その他,15.539999961853027,1.545737472,7.9812662804079055,-0.1160516485564761,-0.17765033785973627,1.955884027034504,,,0.00021349130274929428,54.48718928412701,0.04784799390643176,0.017077827362272632,True,18,0,18,100,75,A,-25,11.0,0.0,24.9,24.9,Persistence
ECG,"Everus Construction Group, Inc. Common Stock",Industrials,Engineering & Construction,United States,その他,148.8300018310547,7.596522496,82.54632806556701,0.31466705969256253,-0.0016483381738304857,0.057475224599425764,0.12120691215296231,-0.2179862553106456,0.215237651201951,50.1669833078973,0.03152590479405012,0.12018208436353009,True,32,20,33,85,100,S,0,46.75,37.75,59.400000000000006,59.400000000000006,Persistence
ECL,Ecolab Inc. Common Stock,Basic Materials,Specialty Chemicals,United States,その他,265.4100036621094,74.696327168,489.532827154541,0.021586390028841145,0.02749311366692341,0.0798150523689367,0.44464343456955946,0.046663735297350774,0.36432583018508846,60.75813829203675,0.017474303133514626,0.1369504989874969,False,6,12,42,40,70,A,0,17.5,22.0,47.1,47.1,Persistence
ECVT,Ecovyst Inc. Common Stock,Basic Materials,Specialty Chemicals,United States,その他,13.09000015258789,1.432746112,23.61383667526245,0.20929474590294087,0.02299754635843685,-0.2869126596184398,0.21849719770840964,-0.2587702553660813,0.3415935884686331,35.365848458052085,-0.049589768127229164,0.12558450774256757,True,39,5,21,100,90,S,-5,48.25,22.75,49.55,49.55,Persistence
ED,"Consolidated Edison, Inc. Common Stock",Utilities,Utilities - Regulated Electric,United States,電力/エネルギー,107.73999786376953,39.705387008,281.14698572551725,0.10894074462506555,0.040441928663984175,-0.06426292278238672,0.5325097529258778,1.031114952463267,0.38036003914051714,47.45869759524128,-0.0021885395838236025,0.0590466556160135,True,55,39,34,40,87,S,0,55.95,43.95,46.10000000000001,55.95,Acceleration
EE,"Excelerate Energy, Inc. Class A Common Stock",Energy,Oil & Gas Midstream,United States,電力/エネルギー,34.25,3.899678208,11.01873875,0.4425764912729891,-0.2653458307124559,-0.5313483002038437,0.3219253531206264,1.2734029577679524,0.34634212933390873,36.93431152850606,0.004805418004670516,0.19789443572962678,True,60,32,30,85,90,S,0,66.75,45.75,55.75,66.75,Acceleration
EFX,"Equifax, Inc. Common Stock",Industrials,Consulting Services,United States,その他,163.7100067138672,19.749091328,261.47762272338866,0.069247152840119,0.07899035174352351,0.02791769161688337,0.5644744423409334,0.39520295202952027,0.4292999106555857,49.58844275079948,-0.052017621402647644,0.3814172867158155,False,13,24,42,65,63,B,0,25.8,34.05,51.95,51.95,Persistence
EIX,Edison International Common Stock,Utilities,Utilities - Regulated Electric,United States,電力/エネルギー,72.94999694824219,28.07071744,192.6518231906891,0.09761918290811977,0.077182029624189,-0.05121951219512195,0.48071646736035617,-0.031746031746031744,0.4418884138429796,57.36883463549525,0.030397592261008743,0.03785284566254027,True,48,26,10,65,87,S,0,54.45,37.95,39.150000000000006,54.45,Acceleration
EL,"Estee Lauder Companies, Inc. (The) Common Stock",Consumer Defensive,Household & Personal Products,United States,その他,89.68000030517578,32.44576768,356.42778041290285,-0.08213736545361353,-0.018981772470144563,-0.10300501775948583,0.7397040346223649,-0.5350451075641915,0.47591996782626184,53.39162848574653,0.11856786628354182,0.24496934185004635,False,12,0,29,40,60,B,0,21.0,12.0,37.95,37.95,Persistence
ELF,"e.l.f. Beauty, Inc. Common Stock",Consumer Defensive,Household & Personal Products,United States,その他,61.150001525878906,3.634788352,288.4173454468918,0.2458704379159158,0.2828166323544923,0.7689256518163788,0.7072207773796313,0.6481269510926119,0.38297388894133133,67.23777113354338,0.025927548274986403,0.5830776417175527,False,30,17,83,85,45,C,0,39.75,30.0,75.9,75.9,Persistence
EME,"EMCOR Group, Inc. Common Stock",Industrials,Engineering & Construction,United States,その他,823.0499877929688,36.652527616,287.3349812384033,0.16616001135786643,0.15761448120790855,0.1360361751226964,0.19327130810714582,-0.10775471437659796,0.05039165791932948,43.80628852705182,-0.031358161082488525,0.127894052669702,True,35,14,62,40,100,S,0,42.25,26.5,64.1,64.1,Persistence
EMN,Eastman Chemical Company Common Stock,Basic Materials,Specialty Chemicals,United States,その他,75.22000122070312,8.601404416,82.93418844589233,-0.06714986143679386,0.018675352877307275,-0.12948960302457466,0.21069469835466179,-0.38372093023255816,0.3221616528703143,53.433201176316516,0.022480449861878433,0.06433285986425702,True,0,0,21,85,87,S,0,21.450000000000003,21.450000000000003,50.2,50.2,Persistence
EMR,Emerson Electric Company Common Stock,Industrials,Specialty Industrial Machinery,United States,電力/エネルギー,143.07000732421875,80.133505024,380.82016874542234,0.02995655156643037,0.15344543356412793,0.09859461025789626,0.528363676731794,-0.08444902162718847,0.3278762749022972,59.69671119702425,0.02584847037534353,0.10816847087747793,True,11,19,41,40,100,S,0,24.25,30.25,52.55,52.55,Persistence
ENR,"Energizer Holdings, Inc. Common Stock",Industrials,Electrical Equipment & Parts,United States,電力/エネルギー,20.25,1.38658816,22.4505675,0.022757187391756147,-0.02456330033449336,-0.029638372512376644,0.4174823043316287,-0.8094663852879108,0.7752759672570062,78.51238410101904,0.1024997116990844,0.2832486544750174,False,37,19,19,100,8,D,-15,28.549999999999997,15.05,22.050000000000004,28.549999999999997,Acceleration
ENS,EnerSys Common Stock,Industrials,Electrical Equipment & Parts,United States,電力/エネルギー,224.25999450683594,8.189475328,122.64779099578857,0.03698523238884348,0.009969091572532902,-0.034166186024350564,0.2925758441702458,2.357187993680885,0.297174048365808,43.800487257153804,0.03915959769463824,0.07840881942219265,True,42,12,26,85,87,S,0,52.95,30.450000000000003,52.95,52.95,Acceleration
ENVA,"Enova International, Inc. Common Stock",Financial Services,Credit Services,United States,その他,189.3300018310547,4.71145728,44.0533048260498,0.18581270223493115,0.25507699848746646,0.2197784094672784,0.47306476950349546,0.18514948961779187,0.7003895225303443,83.20116695314037,0.15636204888341967,0.0013713513996412064,True,15,26,83,85,10,D,-30,0.0,3.25,38.900000000000006,38.900000000000006,Persistence
EOG,"EOG Resources, Inc. Common Stock",Energy,Oil & Gas E&P,United States,電力/エネルギー,136.64999389648438,72.783683584,441.62340052474974,-0.03404910599709128,0.008454835648347855,-0.21395632713956328,0.6337791161101762,-0.4021833304453301,0.1623197359022375,42.91471062211443,-0.0008584913421471687,0.08125297255462627,True,12,0,37,40,100,S,0,25.0,16.0,50.35,50.35,Persistence
EPAC,Enerpac Tool Group Corp. Common Stock,Industrials,Specialty Industrial Machinery,United States,その他,35.04999923706055,1.849809408,15.171567419757842,0.04646061983681363,-0.014533503620838377,0.04723374233880639,0.5054782063190246,0.31521428162728155,0.22910443344160356,54.02123728240584,0.006137271270292404,0.20515160443827662,False,31,24,38,100,90,S,-5,42.25,37.0,58.900000000000006,58.900000000000006,Persistence
EPAM,"EPAM Systems, Inc. Common Stock",Technology,Information Technology Services,United States,その他,95.37999725341797,4.98307584,215.94222138168334,0.15421430898023242,0.007973495588994017,-0.027806507267397876,0.28834613388611,0.16255298640284466,0.02931456818007497,38.82603883737447,-0.13573604676167517,0.5691960258227788,False,37,14,30,85,33,D,0,43.8,26.55,44.35,44.35,Persistence
EPC,Edgewell Personal Care Company Common Stock,Consumer Defensive,Household & Personal Products,United States,その他,22.940000534057617,1.057105664,20.029143866291047,-0.013400186360207659,0.0009326701012613253,0.036791453699866465,0.4159658196536991,-0.7627507163323782,0.37611479381306073,90.7285942157897,0.12485145318553395,0.1283416638709775,True,4,0,25,100,35,C,-5,16.5,13.5,40.75,40.75,Persistence
EPD,Enterprise Products Partners L.P. Common Stock,Energy,Oil & Gas Midstream,United States,電力/エネルギー,37.25,80.5910528,118.96458,-0.06444440491648731,0.13082570652720507,-0.14558484858900766,0.1360559738383147,-0.16970036404368524,0.44635567764627354,30.806445360928777,-0.014186556787389584,0.06407033381764654,True,0,0,17,40,77,A,0,13.7,13.7,34.75,34.75,Persistence
EQH,"Equitable Holdings, Inc. Common Stock",Financial Services,Asset Management,United States,その他,44.02000045776367,12.39248384,216.1745187479973,-0.06116700201207243,0.1878585086042065,-0.17273014868712433,,-0.6330275229357798,0.020635869052485926,59.41581566220621,0.07260059564855241,0.1950725622521436,False,0,0,25,65,75,A,-20,0.0,0.0,25.0,25.0,Persistence
EQT,EQT Corporation Common Stock,Energy,Oil & Gas E&P,United States,電力/エネルギー,51.939998626708984,32.487327744,322.2378290800476,0.5995614485258298,0.030021802838747752,-0.582395167430068,0.4587503233784062,3.0,0.1880332996481649,20.159661565298563,-0.08726437657388343,0.23323482418939165,False,78,64,38,40,53,B,0,69.8,59.3,41.5,69.8,Acceleration
ES,Eversource Energy (D/B/A) Common Stock,Utilities,Utilities - Regulated Electric,United States,電力/エネルギー,68.69000244140625,25.832937472,198.638435960083,0.13834647711764805,-0.0008308492234506689,-0.03080971990675493,0.8469225179674922,0.9805682715211014,0.4721186831532982,45.00382924143775,0.005183586195730485,0.07833284690751416,True,59,26,17,65,87,S,0,62.7,37.95,43.0,62.7,Acceleration
ESAB,ESAB Corporation Common Stock,Industrials,Metal Fabrication,United States,その他,91.56999969482422,5.574938112,60.47786414844513,0.03712488639278343,-0.012239951044520511,0.06990067399787159,0.3688027144593508,-0.2975429813582768,0.2822382437274632,49.460128666773336,-0.04475675599683632,0.32012500317215176,False,22,0,25,85,73,A,0,36.55,20.05,49.6,49.6,Persistence
ESE,ESCO Technologies Inc. Common Stock,Technology,Scientific & Technical Instruments,United States,その他,313.739990234375,8.128115712,78.65618425170898,0.1917700165483116,0.07400621411953591,-0.0019929982670594355,0.420933039251845,1.1722105214962686,0.09558751537096932,63.300056089269745,0.022849274917871393,0.07546785150588306,True,51,26,34,85,67,A,0,57.7,38.95,53.35,57.7,Acceleration
ESI,Element Solutions Inc. Common Stock,Basic Materials,Specialty Chemicals,United States,その他,43.70000076293945,10.645635072,119.96371259439468,0.03838170051691155,0.05301731527515858,-0.08480426767082451,0.41960645970523675,-0.22479564032697547,0.32195083702513033,59.41056837287325,0.0785016198387404,0.028349939444120863,True,4,0,25,65,60,B,0,18.75,15.75,42.0,42.0,Persistence
ETR,Entergy Corporation Common Stock,Utilities,Utilities - Regulated Electric,United States,電力/エネルギー,111.11000061035156,50.875809792,404.3226256210327,0.08982021612920849,-0.022042472915218485,-0.11746564666098092,0.47716913810993794,-0.8840804752903052,0.4303049224844427,46.77660975060156,-0.010550007882765519,0.05325494178166124,True,38,12,10,40,87,S,0,43.2,23.700000000000003,32.900000000000006,43.2,Acceleration
ETSY,"Etsy, Inc. Common Stock",Consumer Cyclical,Internet Retail,United States,その他,69.4800033569336,6.593390592,199.83074285484315,0.02676642220364259,0.02181469281688793,0.07102810439610757,0.7163864344073403,-0.09904636437879688,1.0878824470670128,75.21306619987217,0.114247272898904,0.08046578081140572,True,30,0,39,85,35,C,-20,18.75,0.0,29.700000000000003,29.700000000000003,Persistence
EVR,Evercore Inc. Class A Common Stock,Financial Services,Capital Markets,United States,その他,357.3800048828125,13.824346112,137.8057298828125,0.2940760701209863,0.22821749344277228,-0.12168470642074287,,0.23423829653984657,0.21557672434821543,56.67692757738288,0.054678950401537633,0.06237700863543698,True,44,29,38,65,72,A,-20,29.950000000000003,18.700000000000003,31.550000000000004,31.550000000000004,Persistence
EVTC,"Evertec, Inc. Common Stock",Technology,Software - Infrastructure,United States,ソフトウェア,26.280000686645508,1.619382656,18.350010479450226,0.10210931937370932,0.2170361978900518,0.12338112802368659,0.4965454627405781,-0.2105036239483558,0.5038924867694677,58.296942413086576,-0.008418171785854113,0.29948388226451195,False,13,14,55,100,73,A,-5,27.049999999999997,27.799999999999997,64.85,64.85,Persistence
EXP,Eagle Materials Inc Common Stock,Basic Materials,Building Materials,United States,その他,215.25,6.661588992,100.5712575,0.021300521829606442,0.0005360074394822814,0.051780459566242984,0.2826503535820377,-0.4411394214574246,0.4676392233288672,63.8723271705901,0.04513832006429907,0.1083611808022081,False,18,0,29,85,70,A,0,33.25,19.75,51.2,51.2,Persistence
EXPD,"Expeditors International of Washington, Inc. Common Stock",Industrials,Integrated Freight & Logistics,United States,その他,166.6199951171875,21.792417792,206.93786843566895,0.04419539994047459,0.1398268407577975,-0.45521906846608606,0.1292198786720654,0.39611506893446286,0.11659812188805138,69.0184637726259,0.09163603173074386,0.0,True,5,24,30,65,40,C,0,17.5,31.75,40.75,40.75,Persistence
F,Ford Motor Company Common Stock,Consumer Cyclical,Auto Manufacturers,United States,その他,14.84000015258789,59.132841984,1073.1458554343033,0.01229782909531223,0.04995147311724209,0.11473076168723942,0.008971148146763712,0.8499777415046743,0.5731705630100982,49.29577359686777,0.11517193879846647,0.1490825861153117,True,9,12,34,40,70,A,0,19.75,22.0,42.7,42.7,Persistence
FAF,First American Corporation (New) Common Stock,Financial Services,Insurance - Specialty,United States,その他,65.73999786376953,6.6989056,65.5457361700821,0.2163641413563808,0.020439805938547207,-0.2101735535013563,,0.12264428739693757,0.16452849255644286,41.97074785985897,-0.005138700375800273,0.06799835722662907,True,41,29,30,85,87,S,-20,32.2,23.200000000000003,35.150000000000006,35.150000000000006,Persistence
FBIN,"Fortune Brands Innovations, Inc. Common Stock",Industrials,Building Products & Equipment,United States,その他,43.220001220703125,5.155861504,113.44493970413208,-0.031633760034714686,-0.0037179542605161905,-0.02049544780859623,0.4457340025094103,-0.22697576396206534,0.42767536729748795,79.16229274816295,0.11317580464068931,0.32119908714859874,False,4,0,21,85,8,D,0,16.55,13.55,34.4,34.4,Persistence
FBK,FB Financial Corporation Common Stock,Financial Services,Banks - Regional,United States,その他,55.0,2.833790464,18.516025,0.2318025870716658,-0.04649352117156808,-0.09367050668953102,,0.11160342976393908,0.011247712617663537,63.42591325279502,0.029483251534801507,0.10078577215414082,True,41,29,30,100,80,S,-20,33.75,24.75,37.5,37.5,Persistence
FBP,First BanCorp. New Common Stock,Financial Services,Banks - Regional,United States,その他,25.5,3.944451072,37.5228675,0.06251574439499538,0.008823319601234106,0.01195051056145405,,0.11006693019267168,0.015157144042834716,73.8988868977006,0.08180479236497379,0.0,True,20,24,42,85,25,D,-20,10.25,13.25,29.35,29.35,Persistence
FCF,First Commonwealth Financial Corporation Common Stock,Financial Services,Banks - Regional,United States,その他,19.90999984741211,2.024537472,14.000811442699433,0.09367464020764531,-0.00862975211752387,0.17364556894256672,,0.5050519237690599,0.03133280985326463,72.98244369474128,0.06973500433791709,0.0,True,27,24,30,100,25,D,-20,17.75,15.5,26.5,26.5,Persistence
FCN,"FTI Consulting, Inc. Common Stock",Industrials,Consulting Services,United States,その他,158.57000732421875,4.779941376,73.33624983734131,0.024388615095445584,0.060015900301555465,0.151980185598242,0.32133041706245447,-0.7397724145025286,0.17954905389671705,59.33335622151693,-0.04929602635726677,0.15216805667983824,False,4,0,41,85,90,S,0,24.75,21.75,61.8,61.8,Persistence
FCX,"Freeport-McMoRan, Inc. Common Stock",Basic Materials,Copper,United States,その他,68.41000366210938,98.343469056,879.3216640716553,0.018071105873109408,0.1137606650623496,0.003292361720807726,0.28157437777349026,-0.5255102040816326,0.18037718981553114,60.978112072482354,0.06888291786332087,0.04615166623335564,True,0,12,37,40,52,B,0,11.2,20.2,40.75,40.75,Persistence
FDS,FactSet Research Systems Inc. Common Stock,Financial Services,Financial Data & Stock Exchanges,United States,その他,241.16000366210938,8.78573056,228.36043646774291,0.05387607033139421,0.0563642047884736,0.13103587411844078,0.5271743531167035,0.004550505403826849,0.3620842270191103,55.63730318993611,0.04932412606756303,0.4553077048260873,False,10,24,46,85,65,A,-20,6.75,17.25,39.55,39.55,Persistence
FDX,FedEx Corporation Common Stock,Industrials,Integrated Freight & Logistics,United States,その他,338.30999755859375,80.723050496,675.6105457464721,0.0026569965675709577,-0.027308524208307913,-0.03589913593977243,0.21603393762937015,-0.04942602040816327,0.4269916806463761,63.6091887947998,0.0826678635213733,0.0005317518419277943,True,30,0,17,40,40,C,0,32.5,10.0,27.35,32.5,Acceleration
FE,FirstEnergy Corp. Common Stock,Utilities,Utilities - Regulated Electric,United States,電力/エネルギー,47.029998779296875,27.203616768,220.6475883229065,0.12010095011876484,0.046775446775446775,0.03298820130026487,0.6530815109343936,0.11764705882352941,0.47502862049227246,56.59338855100765,-0.0032799592427724933,0.08466462711573217,True,49,26,26,65,100,S,0,56.5,39.25,50.55,56.5,Acceleration
FERG,Ferguson Enterprises Inc. Common Stock,Industrials,Industrial Distribution,United States,その他,230.0800018310547,44.621213696,341.9817115216064,,0.038029357179011306,-0.0033295217596018027,,0.06795469686875416,0.3365108015116476,56.15342432011637,-0.048323942949167184,0.13725278268953575,False,2,12,26,40,90,S,0,16.5,24.0,42.3,42.3,Persistence
FG,"F&G Annuities & Life, Inc. Common Stock",Financial Services,Insurance - Life,United States,その他,28.90999984741211,3.830141184,29.912020442123413,0.0014757424829367274,0.26925778506204634,0.9075480125055828,,-0.21907949790794978,0.0229706390328152,58.64197276492737,0.05412461034067576,0.16498184763027562,True,0,0,45,85,85,S,-20,1.25,1.25,43.0,43.0,Persistence
FHI,"Federated Hermes, Inc. Common Stock",Financial Services,Asset Management,United States,その他,58.25,4.421912064,44.0224375,0.103284555475699,0.013990658397812092,0.11326491512739537,0.6791815014802881,-0.1399789799433626,0.20499682192508356,71.93878767442891,0.03984726251826382,0.0,True,38,14,49,85,40,C,-20,25.25,7.25,36.2,36.2,Persistence
FHN,First Horizon Corporation Common Stock,Financial Services,Banks - Regional,United States,その他,25.139999389648438,11.931891712,101.26228344154357,0.0733204134366925,-0.018700475435816166,0.011217948717948718,,-0.5138888888888888,0.018074300157375173,64.8563430661822,0.04376541171626233,0.027533924277558106,True,18,12,25,65,55,B,-20,8.75,4.25,21.0,21.0,Persistence
FICO,Fair Isaac Corporation Common Stock,Technology,Software - Application,United States,ソフトウェア,1179.18994140625,27.3464832,396.0604215698242,0.15914926469817633,0.1347613601602054,0.0989544533751552,0.8223278377432166,0.21729367003998926,1.6459631086223518,42.729529232344206,0.057225456119023625,0.38791710989166683,False,58,33,55,65,58,B,-20,39.05,20.299999999999997,38.1,39.05,Acceleration
FIGS,"FIGS, Inc. Class A Common Stock",Consumer Cyclical,Apparel Manufacturing,United States,その他,11.960000038146973,1.997885056,31.73568070122242,0.1359714017258324,0.018165623866023026,0.07870352980715055,0.6652516724819283,-0.17366427090316647,0.1034558859026614,42.82178474914594,-0.11183721708310555,0.3014019011763951,True,41,21,49,100,73,A,-5,48.05,33.05,61.55000000000001,61.55000000000001,Persistence
FIS,"Fidelity National Information Services, Inc. Common Stock",Technology,Information Technology Services,United States,その他,39.20000076293945,20.26166272,279.95503744869234,0.0543102597017873,0.030108839385616926,0.011419753086419753,0.36864287721270017,0.4569377990430622,0.39808289536550406,32.072782432363155,-0.10498504528534609,0.5085778517638946,False,39,12,42,65,45,C,0,43.5,23.25,48.35,48.35,Persistence
FITB,Fifth Third Bancorp Common Stock,Financial Services,Banks - Regional,United States,その他,54.72999954223633,48.415162368,395.59910904119494,0.06611070824268794,-0.01838889547989085,0.04036040483831153,,0.578838174273859,0.06511456506325335,76.59577839634098,0.09692986713752395,0.0,True,27,24,30,40,25,D,-20,8.75,6.5,11.5,11.5,Persistence
FIX,"Comfort Systems USA, Inc. Common Stock",Industrials,Engineering & Construction,United States,その他,1877.6099853515625,66.061770752,861.2033719812011,0.2951507767511408,0.3496831042721385,0.2575609294255288,0.2412640753464128,0.39765930519007137,0.07504196831351576,53.45813002685894,0.048286357603136924,0.08030621498728299,True,17,36,85,40,100,S,0,28.75,43.0,76.75,76.75,Persistence
FLG,"Flagstar Bank, N.A. Common Stock",Financial Services,Banks - Regional,United States,その他,14.9399995803833,6.22721792,61.747391765713694,-0.2020123839009288,-0.2887420864299477,1.451417004048583,,-5.96,0.13922662034920924,70.07865790237004,0.06651135058680259,0.0,True,18,18,18,85,25,D,-30,0.0,0.0,6.149999999999999,6.149999999999999,Persistence
FLO,"Flowers Foods, Inc. Common Stock",Consumer Defensive,Packaged Foods,United States,その他,7.789999961853027,1.651427328,83.08490674314022,0.029977934694454988,0.002486235054008875,0.05930473496521511,0.4887100281386076,0.13726762089416059,0.49806673787680805,49.17219686044346,-0.0198417310698538,0.49465885728313236,False,28,12,42,100,65,A,-25,17.5,5.5,36.1,36.1,Persistence
FLOC,Flowco Holdings Inc. Class A Common Stock,Energy,Oil & Gas Equipment & Services,United States,電力/エネルギー,23.729999542236328,2.53073792,16.107805039272307,0.41929800963237795,1.1998660217077712,0.6373369042251815,0.3531976954637175,0.8773338143771985,0.12716790040519912,23.660712258345782,-0.022396893446297066,0.15521540002376547,True,27,20,72,100,73,A,0,42.55,37.3,79.19999999999999,79.19999999999999,Persistence
FLR,Fluor Corporation Common Stock,Industrials,Engineering & Construction,United States,その他,50.7599983215332,7.08964352,139.2059959969139,-0.04977015016855654,0.05434923096807548,0.12587310826542492,-0.007740437334709411,-1.658132530120482,0.129917435648373,64.7029449540865,0.05434571397024702,0.1058658109524211,True,0,0,10,85,65,A,-10,9.25,9.25,29.75,29.75,Persistence
FLS,Flowserve Corporation Common Stock,Industrials,Specialty Industrial Machinery,United States,その他,78.06999969482422,9.977893888,156.87698018676758,0.037617660778014685,0.05490678675556529,0.1951406868928279,0.33439417583300557,0.2633485240597289,0.3083761956483655,69.26229380049132,0.03036589687750143,0.14921323689278979,True,9,24,42,85,80,S,0,27.5,38.75,60.35,60.35,Persistence
FLUT,Flutter Entertainment plc Ordinary Shares,Consumer Cyclical,Gambling,United States,その他,110.6500015258789,19.186763776,307.09801423492434,0.16621583143507973,0.19151823579304494,0.24590510408961216,0.45193188060794726,-0.5674814027630181,0.4396174863387978,69.96689720915325,0.07064414670640744,0.6414452386991759,False,13,2,80,65,30,D,0,22.5,14.25,66.25,66.25,Persistence
FMC,FMC Corporation Common Stock,Basic Materials,Agricultural Inputs,United States,その他,11.850000381469727,1.48178688,35.906034405870436,-0.18339181837450838,-0.053646251225817954,-0.22672043844682283,0.3700178808329007,-1.2926061007957559,0.4334379387232637,38.58696206155381,-0.17902172646110384,0.7258467125900115,False,4,0,6,100,33,D,-15,6.300000000000001,3.3000000000000007,19.9,19.9,Persistence
FNB,F.N.B. Corporation Common Stock,Financial Services,Banks - Regional,United States,その他,18.639999389648438,6.635167744,83.872727653656,0.10588972431077694,0.015913430935709738,0.0887040887040887,,-0.2524850894632207,0.06135897589042187,73.1586133413863,0.06411069390258432,0.00035688651346425717,True,23,14,37,85,25,D,-20,12.5,5.75,26.6,26.6,Persistence
FND,"Floor & Decor Holdings, Inc. Common Stock",Consumer Cyclical,Home Improvement Retail,United States,その他,53.34000015258789,5.76574208,148.69965222537994,0.05124097518498486,0.00948960144852017,0.03503621666733498,0.4363513238863147,-0.5901464219690524,0.364115312985546,64.43444270108037,0.07315306395033866,0.41008625046723923,False,22,12,37,85,30,D,0,32.25,24.75,47.6,47.6,Persistence
FNF,"Fidelity National Financial, Inc. Common Stock",Financial Services,Insurance - Specialty,United States,その他,47.91999816894531,12.898028544,61.87789563560486,0.058779483339573196,0.15918757052339208,0.005761676123963335,,-0.14814814814814814,0.0437375016052984,44.78062343964072,-0.017618126303096282,0.1625906483953855,False,0,0,37,65,90,S,-20,0.0,0.0,34.6,34.6,Persistence
FOR,Forestar Group Inc Common Stock ,Real Estate,Real Estate - Development,United States,その他,29.200000762939453,1.489454976,4.597102120113373,0.10136478070756592,0.05045584243858306,-0.05411098676848134,0.21865976900866219,-0.24470734744707348,0.26047178833280205,79.07801358478315,0.0830459038687635,0.03662153489148596,True,35,2,6,100,37,C,-15,29.950000000000003,5.199999999999999,20.700000000000003,29.950000000000003,Acceleration
FOUR,"Shift4 Payments, Inc. Class A Common Stock",Technology,Software - Infrastructure,United States,ソフトウェア,41.18000030517578,4.082171392,63.95974697399139,0.2548784148904233,0.298635477582846,0.2866171749598716,0.3416267942583732,0.19935691318327975,0.5297830827499139,44.55026025724788,-0.05020665870267558,0.6144555636509093,False,15,17,81,85,55,B,0,29.5,31.0,76.80000000000001,76.80000000000001,Persistence
FSK,FS KKR Capital Corp. Common Stock,Financial Services,Asset Management,United States,その他,11.0600004196167,3.097534976,31.347469789323807,-0.8298192771084337,-0.14762516046213095,3.0,,,0.5560492388374972,58.97438405455997,0.019354875592078224,0.4366443890908112,False,0,0,10,85,65,A,-20,0.0,0.0,19.75,19.75,Persistence
FSS,Federal Signal Corporation Common Stock,Industrials,Farm & Heavy Construction Machinery,United States,その他,109.11000061035156,6.655955968,48.19879721961975,0.17136717700778942,0.08057119637777907,0.2006551435740173,0.2894748910800275,0.19087572102779235,0.2485162584635961,42.86297468984607,-0.03876793701887534,0.15578516953284696,False,25,26,57,85,90,S,-20,20.5,21.25,50.599999999999994,50.599999999999994,Persistence
FTV,Fortive Corporation Common Stock ,Technology,Scientific & Technical Instruments,United States,その他,60.13999938964844,18.33434112,200.261988167572,0.019162439657918598,0.04266843813076471,-0.32816657225741114,0.6350171912192542,,0.28170765993337704,54.3874824883496,0.004150836276615461,0.04205159988819619,True,12,0,18,65,87,S,0,27.450000000000003,18.450000000000003,43.55,43.55,Persistence
FUL,H. B. Fuller Company Common Stock,Basic Materials,Specialty Chemicals,United States,その他,63.630001068115234,3.467026688,46.84122528629303,-0.026661260457484105,0.016463425401901603,-0.0635469114204348,0.3111061786526846,-0.25723809582166557,0.40056854469460546,66.72384713381909,0.04201364851211043,0.053317651609889,True,4,12,21,85,67,A,0,22.45,28.45,46.199999999999996,46.199999999999996,Persistence
FUN,Six Flags Entertainment Corporation Common Stock New,Consumer Cyclical,Leisure,United States,その他,23.440000534057617,2.395660544,46.30232225495338,0.1444716466968828,0.5060733831924513,-0.010297774327150634,0.9130068196868099,-3.8938832163976196,0.6924298152554582,71.66867629057467,0.17736882792945644,0.2884031113756153,True,20,2,30,100,18,D,-10,21.8,8.3,35.1,35.1,Persistence
GAB,"Gabelli Equity Trust, Inc. (The) Common Stock",Financial Services,Asset Management,United States,その他,5.650000095367432,1.758261376,6.378680607666969,0.5036296789353978,-0.13155527185643245,2.180637808353388,,,,60.00002119277157,0.008532375395046761,0.07841397007284077,False,36,22,8,100,57,B,-25,22.700000000000003,12.200000000000003,15.799999999999997,22.700000000000003,Acceleration
GAM,"General American Investors, Inc. Common Stock",Financial Services,Asset Management,United States,その他,63.38999938964844,1.520511104,2.0012222807312012,0.3750510032407841,-0.0997555748641208,2.627150822537805,,,0.001015289505874655,42.03149029757315,-0.0010180625776248446,0.028058905194772988,True,32,20,18,100,75,A,-25,21.5,12.5,24.9,24.9,Persistence
GAP,"Gap, Inc. (The) Common Stock",Consumer Cyclical,Apparel Retail,United States,その他,21.889999389648438,7.879939072,209.04686737121582,0.0185602545406337,0.013231244542951172,-0.04655481557377049,0.4079135754262658,-0.2078922040423484,0.44418936035465484,41.155655921330826,-0.0712861004946832,0.24318546936865562,False,34,0,21,85,80,S,0,46.25,20.75,48.8,48.8,Persistence
GATX,GATX Corporation Common Stock,Industrials,Rental & Leasing Services,United States,その他,174.57000732421875,6.197716992,38.23345015411377,0.09769788710186061,0.12375079736338507,0.10832678711704635,0.4895426338772696,,0.704919581099475,57.41526274978513,-0.04675208022835627,0.1304542134848754,True,8,12,28,85,100,S,-10,18.75,21.75,46.650000000000006,46.650000000000006,Persistence
GBCI,"Glacier Bancorp, Inc. Common Stock",Financial Services,Banks - Regional,United States,その他,49.95000076293945,6.50062592,42.890816905117035,0.24005125755067425,0.026081878604625828,-0.11508609963390001,,0.656898360030511,0.023786368799135833,63.98045237875658,0.044024135995394446,0.054536617925176785,True,48,29,30,85,67,A,-20,35.45,21.200000000000003,31.15,35.45,Acceleration
GD,General Dynamics Corporation Common Stock,Industrials,Aerospace & Defense,United States,防衛/宇宙,360.2200012207031,97.414356992,368.4348183485413,0.10130773744655881,0.12878501135503406,0.07270281929606415,0.1513035204567079,0.23873591989987483,0.17098988628622333,63.23910727316388,0.058909238158800156,0.014935010202250755,True,10,26,50,40,40,C,0,17.5,29.5,45.5,45.5,Persistence
GDDY,GoDaddy Inc. Class A Common Stock,Technology,Software - Infrastructure,United States,ソフトウェア,76.23999786376953,10.094926848,232.00822469917298,0.08263360447826468,0.07500999036223878,0.0397917532324689,0.6361414635131587,0.24930616128776464,0.48072782486403065,29.173977986929458,-0.10810800293511583,0.576609125546942,False,50,12,46,65,28,D,0,50.05,21.55,47.15,50.05,Acceleration
GEF,Greif Inc. Class A Common Stock,Consumer Cyclical,Packaging & Containers,United States,その他,68.38999938964844,3.885656064,13.969683225326538,0.04301487318276531,-0.3424206630443342,0.14279800579543206,0.2064570943075616,-0.6178180972319144,0.4514411216077983,68.43526568092766,0.03533991451057842,0.10228047842647359,True,18,0,17,85,80,S,0,34.25,20.75,46.6,46.6,Persistence
GEF-B,"Greif, Inc. Corporation Class B Common Stock",Consumer Cyclical,Packaging & Containers,United States,その他,85.12000274658203,3.224127232,4.343673740158081,0.04301487318276531,-0.3424206630443342,0.14279800579543206,0.2064570943075616,-0.6178180972319144,0.4514411216077983,65.8403661362697,0.0202540928146991,0.08047960432972467,True,18,0,17,85,80,S,0,34.25,20.75,46.6,46.6,Persistence
GEV,GE Vernova Inc. Common Stock,Industrials,Specialty Industrial Machinery,United States,その他,940.6599731445312,252.77415424,2642.3420843621825,0.08968083583798483,0.05102439904930955,0.1208943144263843,0.19793527372071032,1.1823529411764706,0.018598451187000126,36.19990460678466,-0.07119693382670161,0.18170039131565952,True,33,24,42,25,80,S,0,36.5,29.75,45.35,45.35,Persistence
GFF,Griffon Corporation Common Stock,Industrials,Building Products & Equipment,United States,その他,93.72000122070312,4.298620928,30.687677199707032,-0.039486643898274075,-0.02296417041222144,-0.05733041529400861,0.4198555830607724,-0.017107687127469105,0.7714535066002403,69.96301410013821,0.09048060003229694,0.016579242187396176,True,7,0,19,85,40,C,-10,12.0,6.75,29.700000000000003,29.700000000000003,Persistence
GFL,"GFL Environmental Inc. Subordinate voting shares, no par value",Industrials,Waste Management,United States,その他,35.970001220703125,12.984137728,85.81830801239013,0.07771877239851437,-0.18318142505488658,0.11154659606880334,0.2066687827808764,-0.4971198156682028,0.4111437041336706,51.39353381258739,-0.0538517924594428,0.29484220264705263,False,18,35,17,65,63,B,0,29.55,42.3,38.2,42.3,Transition
GGG,Graco Inc. Common Stock,Industrials,Specialty Industrial Machinery,United States,その他,74.5999984741211,12.381225984,102.43064690486908,0.058338648834343754,-0.037479402042078586,0.024298805563369802,0.5245376472544984,0.23877249433454442,0.0157580162906541,44.503738975234164,-0.06122784438577038,0.21058808133017515,False,31,24,38,65,80,S,0,41.0,35.75,53.150000000000006,53.150000000000006,Persistence
GHC,Graham Holdings Company Common Stock,Consumer Defensive,Education & Training Services,United States,その他,1174.1800537109375,5.057292288,18.15869453063965,0.025185017274401658,0.08517270130062514,0.12495473937652583,0.29927051734855076,-0.15049556276922696,0.1575736331149004,73.53199658385633,0.04788666294747898,0.013154880346523404,True,0,0,37,85,40,C,0,16.75,16.75,49.6,49.6,Persistence
GHM,Graham Corporation Common Stock,Industrials,Specialty Industrial Machinery,United States,その他,103.88999938964844,1.214592512,30.099530073165894,0.16864066013644852,0.13131356685872594,0.1808513346656653,0.23543272739132384,-1.022578839335697,0.06239802729160487,59.14771783207607,0.08185617319443618,0.037699145325479966,True,23,14,47,100,72,A,-5,34.45,27.700000000000003,60.25,60.25,Persistence
GIC,Global Industrial Company Common Stock,Industrials,Industrial Distribution,United States,その他,31.84000015258789,1.218233472,2.969239214229584,0.048027965650885324,0.03264537393078553,0.0927879255638453,0.3554492060039156,0.5927505330490405,0.17837465564738292,89.77265748780997,0.019822071746087917,0.14854771420209434,True,31,24,46,100,65,A,-5,39.75,34.5,58.3,58.3,Persistence
GIS,"General Mills, Inc. Common Stock",Consumer Defensive,Packaged Foods,United States,その他,34.5099983215332,18.417338368,349.3906113066483,-0.018663255645307495,-0.011794448149217186,0.05799039636072617,0.345519485184691,-0.0931777733834289,0.46253980061141,57.67789406007787,0.0031420586252075416,0.32253592606102605,False,4,0,21,65,73,A,-20,0.05000000000000071,0.0,22.400000000000006,22.400000000000006,Persistence
GL,Globe Life Inc. Common Stock,Financial Services,Insurance - Life,United States,その他,166.75999450683594,12.94803968,96.39394722473145,0.03742582513292936,0.060676273094628336,0.042242965978793665,,-0.058200609135530774,0.08520397361017304,70.16937983335124,0.09012555202030707,0.0,True,0,12,37,65,25,D,-20,0.0,1.25,21.6,21.6,Persistence
GLW,Corning Incorporated Common Stock,Technology,Electronic Components,United States,半導体,179.1999969482422,154.226294784,2305.009240745926,0.1914163744473243,0.042103590721321894,-0.11283388540418635,0.35965192910614885,0.45071868583162217,0.3027182334710744,43.317329473834526,0.015670907256482507,0.1383011163736018,True,50,33,30,25,100,S,0,51.25,38.5,42.75,51.25,Acceleration
GM,General Motors Company Common Stock,Consumer Cyclical,Auto Manufacturers,United States,その他,81.5,73.485713408,663.70829,-0.012926665315137482,0.09078106632837141,0.09638561903850448,0.06267464422572817,1.2961538461538462,0.46683067646933346,57.673355869149184,0.04113675570296882,0.052210473006274696,True,12,25,22,40,87,S,0,23.700000000000003,33.45,39.5,39.5,Persistence
GME,GameStop Corporation Common Stock,Consumer Cyclical,Specialty Retail,United States,その他,21.770000457763672,9.768008704,130.66680824756622,-0.05051007062516349,-0.2749582764375664,-0.11040626265352949,0.3295132097302956,3.0,0.41988179122867814,47.884203166112584,-0.06287395342140807,0.21379559270909282,False,40,38,26,85,80,S,0,50.75,49.25,51.55,51.55,Persistence
GNK,Genco Shipping & Trading Limited Ordinary Shares New (Marshall Islands),Industrials,Marine Shipping,United States,その他,24.059999465942383,1.048463872,8.542984010372162,-0.19139228776216502,0.1021064287110011,-0.2851542275214458,0.13449338408555375,-1.8628085276178532,0.17100222474492754,58.31264674854216,0.0026139783756846057,0.09871387932164735,True,0,0,10,100,100,S,-5,20.0,20.0,45.5,45.5,Persistence
GNRC,Generac Holdlings Inc. Common Stock,Industrials,Specialty Industrial Machinery,United States,その他,262.3599853515625,15.444786176,232.25286523254394,-0.020179317915915745,0.0679069383570651,-0.11875163892246147,0.3829129750041992,-0.5564965396779188,0.26881042126753263,46.64248561635338,0.07155074618747373,0.08043886440508638,True,4,0,25,65,85,S,0,21.25,18.25,47.0,47.0,Persistence
GNW,Genworth Financial Inc Common Stock,Financial Services,Insurance - Life,United States,その他,8.90999984741211,3.412612352,22.325652967662812,-0.005179896402071959,-0.03093203093203093,-0.0033802055164954027,,,0.017176980802197928,45.180727044597496,0.00794133287531768,0.042964613767553214,True,18,0,10,85,87,S,-20,14.950000000000003,1.4500000000000028,24.150000000000006,24.150000000000006,Persistence
GOLF,Acushnet Holdings Corp. Common Stock,Consumer Cyclical,Leisure,United States,その他,98.16000366210938,5.74766592,31.185923963470458,0.04136558230851035,0.03152651453928325,0.04918170702486328,0.4772891239013104,-0.2959573918960137,0.40248875335670525,78.03022578514124,0.05972054750608984,0.044430399019626046,True,26,0,37,85,37,C,0,35.95,16.45,49.0,49.0,Persistence
GPC,Genuine Parts Company Common Stock,Consumer Cyclical,Auto Parts,United States,その他,103.75,14.433918976,158.97353125,0.034639882904991356,0.01714805282320389,0.04501440149297793,0.3679278239578939,-0.3845348524371557,0.31426108675225556,68.49186260312882,0.016409268830478177,0.29089452064337773,False,22,0,37,65,53,B,0,31.55,15.05,47.2,47.2,Persistence
GPGI,"GPGI, Inc. Class A Common Stock",Industrials,Metal Fabrication,United States,その他,12.800000190734863,3.710226432,25.33196837747574,-0.8577552898321568,0.0766507350964726,0.03211035838467961,0.48052621021663544,-1.1921342933579946,0.0,55.2197840345943,-0.097728312650228,0.5075103194514845,False,8,0,18,85,55,B,-10,14.25,8.25,32.15,32.15,Persistence
GPI,"Group 1 Automotive, Inc. Common Stock",Consumer Cyclical,Auto & Truck Dealerships,United States,その他,325.3299865722656,3.87083904,59.72407893493652,0.1322838911630147,0.1152923009785327,0.10181172597875737,0.16045969678442631,,0.5672006647599908,49.755548289101725,-0.017624446891003436,0.330557515346814,False,35,2,32,85,73,A,0,46.3,21.55,53.45,53.45,Persistence
GPK,Graphic Packaging Holding Company,Consumer Cyclical,Packaging & Containers,United States,その他,10.699999809265137,3.165995008,74.60655117008686,-0.021573748154876803,-0.06586762834111158,-0.001271186440677966,0.18591157015202506,0.7768595041322314,0.4788110403397028,57.464784570356315,0.05888171284337529,0.5343678249836776,False,27,12,2,85,50,B,0,38.0,26.75,32.35,38.0,Acceleration
GPN,Global Payments Inc. Common Stock,Industrials,Specialty Business Services,United States,その他,67.70999908447266,18.52163072,280.70297335453034,-0.0038898806484513253,0.048265098273879016,-0.17778712419287362,0.7257442954586096,-0.1443101970649684,0.4099362104104796,37.276527020844085,-0.016668111416910943,0.23786908009820668,False,12,0,29,65,80,S,0,26.75,17.75,48.2,48.2,Persistence
GPOR,Gulfport Energy Corporation Common Shares,Energy,Oil & Gas E&P,United States,電力/エネルギー,166.41000366210938,2.990327808,44.71270388397217,0.42528677455621555,-0.11677856689712503,-0.5489289570926427,0.7065386652482345,,0.2603520666503826,29.432251700470573,-0.09492489988081526,0.2520562741986976,False,66,73,18,100,36,C,0,68.1,73.35,42.1,73.35,Transition
GRBK,"Green Brick Partners, Inc. Common Stock",Consumer Cyclical,Residential Construction,United States,その他,72.19000244140625,3.114605312,18.786365285339354,-0.010420208831055433,0.17845036042782583,-0.004825937980183105,0.3141215121220945,3.0,0.12976064466674847,68.7580287025812,0.06900324183798368,0.10423122320623544,True,16,12,34,85,65,A,0,31.25,28.25,52.95,52.95,Persistence
GRC,Gorman-Rupp Company (The) Common Stock,Industrials,Specialty Industrial Machinery,United States,その他,84.58999633789062,2.234042368,10.447287497711182,0.03444465161968084,0.00023653889017772258,0.26579044847963734,0.3064923379480033,0.6006196969969916,0.35757131811337645,78.12350047013746,0.15127910533351002,0.0,True,31,24,50,100,10,D,0,39.25,34.0,54.5,54.5,Persistence
GRND,Grindr Inc. Common Stock,Technology,Software - Application,United States,ソフトウェア,11.640000343322754,2.068730496,19.389912571907043,0.2764133752713007,0.3271002845689685,0.3316462836192088,0.7441247743795153,0.4830826228630094,0.7543589733932671,33.58396565051348,-0.09358497819627562,0.5038362831383545,False,26,52,87,100,45,C,-10,29.0,48.5,71.85,71.85,Persistence
GTES,Gates Industrial Corporation plc Ordinary Shares,Industrials,Specialty Industrial Machinery,United States,その他,27.139999389648438,6.893558272,51.666009738082884,0.010269350390235315,-0.04537560920956809,0.004501716279331495,0.39837941449814124,0.3345547819714181,0.3295858153648237,68.16939862233141,0.07504731078953342,0.03244206317873224,True,27,24,30,85,52,B,0,38.2,35.95,48.15,48.15,Persistence
GTLS,"Chart Industries, Inc. Common Stock",Industrials,Specialty Industrial Machinery,United States,その他,206.72999572753906,9.895973888,249.37322559623718,0.024926087061029254,0.2409545115585384,1.0791987099975193,0.33719512195121953,-0.46938775510204084,0.36353809756893457,36.1796897502366,-0.004302044980464708,0.008013427149018188,True,4,0,45,85,65,A,0,22.25,19.25,59.0,59.0,Persistence
GVA,Granite Construction Incorporated Common Stock,Industrials,Engineering & Construction,United States,その他,140.60000610351562,6.150786048,116.17637904327393,0.10400431782419987,0.14203944102511784,0.06297057847073963,0.1607493390597867,0.033468984615769304,0.3715736902083742,71.97688324299611,0.059248652832112204,0.017676229253036833,True,7,26,46,85,25,D,0,20.5,34.75,51.55,51.55,Persistence
GWRE,"Guidewire Software, Inc. Common Stock",Technology,Software - Application,United States,ソフトウェア,122.55999755859375,10.203899904,237.91653126068115,0.22637703124027916,0.08301402454986574,0.11410952801699208,0.6254292246138954,0.5822729811929738,0.263016156339773,41.646215268210625,-0.10709733926559112,0.5319994070817374,False,54,66,58,65,55,B,0,55.75,64.75,59.150000000000006,64.75,Transition
GWW,"W.W. Grainger, Inc. Common Stock",Industrials,Industrial Distribution,United States,その他,1315.8699951171875,62.126329856,341.80381058166506,0.045083876980428705,0.04187401383663066,0.0820856317310218,0.3906476424032995,-0.15222929936305732,0.31934835974112924,75.69440797142111,0.08790981585906056,0.010475299443110445,True,22,0,37,40,25,D,0,25.0,8.5,35.35,35.35,Persistence
GXO,"GXO Logistics, Inc. Common Stock ",Industrials,Integrated Freight & Logistics,United States,その他,49.70000076293945,5.717915136,63.22262547052384,0.1254590485950978,0.19748414808754347,0.08729011453352607,0.11617847928365457,-0.42105263157894735,0.4774098841950742,58.842189170915724,-0.04772487487838613,0.24226248608237375,False,5,2,37,85,90,S,0,25.5,23.25,59.6,59.6,Persistence
H,Hyatt Hotels Corporation Class A Common Stock,Consumer Cyclical,Lodging,United States,その他,199.36000061035156,18.772058112,188.0114325756073,0.06814079422382671,-0.002849857507124644,0.13172636224749618,0.1972961554710604,-0.6565874730021598,0.32459390139640926,81.56949646718311,0.1681668020613756,0.0,True,18,0,21,65,10,D,0,24.25,10.75,29.8,29.8,Persistence
HAL,Halliburton Company Common Stock,Energy,Oil & Gas Equipment & Services,United States,電力/エネルギー,39.599998474121094,33.081749504,462.2422681887436,-0.033124128312412834,-0.0032148753149708925,0.13405922057446915,0.1570501262170934,-0.30994634750309535,0.3251899240303878,41.25145560235544,-0.004954529711833096,0.07472159383629165,True,0,0,21,40,87,S,0,14.700000000000001,14.700000000000001,38.95,38.95,Persistence
HASI,"HA Sustainable Infrastructure Capital, Inc. Common Stock",Financial Services,Asset Management,United States,その他,38.290000915527344,4.893502976,42.8396188243103,0.05051540827891413,0.3425097554832544,0.8642751931253176,,,0.6288979007604454,37.73785386735831,-0.04853488854641462,0.11590857304519672,True,0,0,20,85,90,S,-30,0.0,0.0,20.25,20.25,Persistence
HAYW,"Hayward Holdings, Inc. Common Stock",Industrials,Electrical Equipment & Parts,United States,電力/エネルギー,14.609999656677246,3.16982912,33.55770821142197,0.0670869127791207,0.059603890162949945,-0.244787449700792,0.4800495475224011,0.20014485112818792,0.3068425609269993,63.571405459440776,0.014062197043300865,0.1515679303571826,False,43,24,34,85,70,A,0,52.0,37.75,53.95,53.95,Persistence
HCC,"Warrior Met Coal, Inc. Common Stock",Basic Materials,Coking Coal,United States,その他,98.11000061035156,5.18040064,90.32251931190491,-0.14107931970469834,-0.09030343696413927,-0.03572303590305152,0.08504224670487916,-0.11813128668976196,0.097325992286081,60.426467303174874,0.07793634965069146,0.11035544344991428,True,0,0,10,85,65,A,0,19.25,19.25,39.75,39.75,Persistence
HCI,"HCI Group, Inc. Common Stock",Financial Services,Insurance - Property & Casualty,United States,その他,160.4499969482422,2.048113408,25.444962766036987,0.20323061855697613,0.36262133892354487,0.11793173817247575,,0.34491890506584005,0.026840226372597403,54.41861431833206,0.03815317426776318,0.2167819182612452,False,14,29,77,100,90,S,-20,14.5,25.75,65.35,65.35,Persistence
HD,"Home Depot, Inc. (The) Common Stock",Consumer Cyclical,Home Improvement Retail,United States,その他,328.3900146484375,327.443152896,1728.8913296203614,0.03240467921310982,0.04483555928184504,-0.03007566564804991,0.33315521334928316,-0.22535987748851455,0.6218183548218279,67.005774636292,0.025112958457247692,0.2083054951951392,False,4,0,19,10,70,A,-10,1.5,0.0,16.950000000000003,16.950000000000003,Persistence
HE,"Hawaiian Electric Industries, Inc. Common Stock",Utilities,Utilities - Regulated Electric,United States,電力/エネルギー,13.380000114440918,2.309864448,22.67254399392128,-0.041291985651505506,-0.02057884053641928,-0.03899948464110646,0.07623256501028865,-0.6518117712769671,0.3316018294095437,42.857142857142854,-0.07362531462837163,0.21662762446091996,False,10,65,21,100,80,S,0,30.5,71.75,52.55,71.75,Transition
HEI,Heico Corporation Common Stock,Industrials,Aerospace & Defense,United States,防衛/宇宙,331.6099853515625,46.312411136,251.2890727496338,0.16263059376011782,0.2997077259733062,0.34405444495866094,0.3983158247722876,0.4026500181563859,0.2580669410526568,63.413762766426125,0.11704947081285855,0.0738186307747317,True,14,26,85,40,37,C,0,20.2,29.2,64.15,64.15,Persistence
HEI-A,Heico Corporation Common Stock,Industrials,Aerospace & Defense,United States,防衛/宇宙,247.08999633789062,34.50841088,96.67149016723633,0.16263059376011782,0.2997077259733062,0.34405444495866094,0.3983158247722876,0.4026500181563859,0.2580669410526568,63.0329034427768,0.10280168475713934,0.10516788480573212,True,14,26,85,40,50,B,0,21.5,30.5,66.75,66.75,Persistence
HESM,Hess Midstream LP Class A Representing Limited Partner Interests,Energy,Oil & Gas Midstream,United States,電力/エネルギー,38.4900016784668,7.953349632,66.39467554533005,0.08398686239024063,0.10831290394472921,0.057257304429783225,0.8676106851348009,0.14821822768842635,0.859558371123214,31.02251864212475,0.005340917871744525,0.05499626538042778,True,17,24,47,85,77,A,-20,13.200000000000003,18.450000000000003,42.5,42.5,Persistence
HGTY,"Hagerty, Inc. Class A Common Stock",Financial Services,Insurance - Property & Casualty,United States,その他,10.84000015258789,3.721961728,1.9293574271583558,0.1812077543095268,0.1870737296131554,0.2521715228810096,,0.2490429085303186,0.08496133671064043,52.941181184742995,0.02534999847513146,0.21562949406955337,False,10,26,85,85,90,S,-20,9.25,21.25,66.0,66.0,Persistence
HGV,Hilton Grand Vacations Inc. Common Stock ,Consumer Cyclical,Resorts & Casinos,United States,その他,50.779998779296875,3.987014656,61.934333311157225,0.013250351335073279,0.25213675213675213,0.03728813559322034,0.6391915989696849,-0.15846994535519127,0.6370806968882725,58.668612245706655,0.07189594885721845,0.04369114428421119,True,12,12,47,85,72,A,-10,18.95,18.95,51.5,51.5,Persistence
HHH,Howard Hughes Holdings Inc. Common Stock,Real Estate,Real Estate - Development,United States,その他,66.86000061035156,3.986500096,29.119870365829467,-0.15753626143763969,0.9264739703747883,-0.3898898280619541,0.4356678319497292,0.16332444327262402,0.4807288639903845,66.49323893847463,0.04086882397445418,0.25587087650748475,False,6,12,34,85,53,B,0,22.55,27.05,50.550000000000004,50.550000000000004,Persistence
HIG,"The Hartford Insurance Group, Inc. Common Stock",Financial Services,Insurance - Diversified,United States,その他,129.6199951171875,35.532836864,253.8296516381836,0.06394026682838083,0.08442252363337444,0.11329733687196852,,-0.0019083969465648854,0.05082735444259683,38.583460903133684,-0.030896150013026955,0.08874877026112461,False,0,12,37,40,80,S,-20,0.0,3.0,26.35,26.35,Persistence
HII,"Huntington Ingalls Industries, Inc. Common Stock",Industrials,Aerospace & Defense,United States,防衛/宇宙,297.67999267578125,11.729790976,142.86704728485108,0.08227134807108799,0.007071765322158198,0.07287373548145373,0.1269625120153797,3.0,0.2292728841477763,35.992682087761054,-0.13081170580852566,0.34109345741425884,False,30,24,42,65,41,C,0,36.35,31.85,47.550000000000004,47.550000000000004,Persistence
HLF,Herbalife Ltd. Common Shares,Consumer Defensive,Packaged Foods,United States,その他,12.09000015258789,1.2533632,18.34464083152771,0.008892271334441528,-0.013689159292035399,-0.0272846053339482,0.7787394540942928,0.5477356181150551,0.7838759467317563,44.75308369434618,-0.1431973003624279,0.3942885417267889,False,54,12,35,100,51,B,-35,25.6,0.0,19.450000000000003,25.6,Acceleration
HLI,"Houlihan Lokey, Inc. Class A Common Stock",Financial Services,Capital Markets,United States,その他,137.88999938964844,9.522598912,90.04216960144043,0.09546265698396596,0.24812526509555977,0.05800501479181208,0.3850008939773434,-0.1571138940055136,0.11420588054412265,29.013842033103145,-0.0745956446022436,0.33284708694016113,False,4,12,49,85,36,C,-20,0.0,5.350000000000001,35.400000000000006,35.400000000000006,Persistence
HLIO,"Helios Technologies, Inc. Common Stock",Industrials,Specialty Industrial Machinery,United States,その他,84.58000183105469,2.795060992,31.964474291992186,0.04107209331182529,-0.0355433221637147,-0.05624576462615767,0.3232419547079857,0.09051254089422028,0.2423902277979531,62.11179871938553,0.1397648684652511,0.015825000834492745,True,36,24,34,100,25,D,0,44.5,35.5,48.7,48.7,Persistence
HLT,Hilton Worldwide Holdings Inc. Common Stock ,Consumer Cyclical,Lodging,United States,その他,345.95001220703125,78.754955264,528.431724645996,0.07741184893502774,0.09174401563263312,0.1666476689843839,0.2820001661267547,0.07107438016528926,0.7805532371527364,70.30205162724629,0.06114481493254349,0.0,True,2,12,40,40,25,D,-10,0.0,7.5,27.0,27.0,Persistence
HLX,"Helix Energy Solutions Group, Inc. Common Stock",Energy,Oil & Gas Equipment & Services,United States,電力/エネルギー,9.739999771118164,1.435505024,14.179248166799546,-0.049380226121776,0.053369392616117506,0.4771824533272248,0.12322199285467612,-0.2600583807036411,0.24073895678128862,44.44444098157414,-0.004517516670069381,0.07677728957086193,True,0,0,40,100,87,S,-5,18.700000000000003,18.700000000000003,59.400000000000006,59.400000000000006,Persistence
HMN,Horace Mann Educators Corporation Common Stock,Financial Services,Insurance - Property & Casualty,United States,その他,48.86000061035156,1.973024128,11.977296249618531,0.04805211558307534,0.08207705192629816,0.06837670568935948,,,0.038869165367534354,62.22759686714749,0.0697177572189256,0.0,True,0,12,22,100,40,C,-25,0.0,3.0,20.1,20.1,Persistence
HNI,HNI Corporation Common Stock,Consumer Cyclical,"Furnishings, Fixtures & Appliances",United States,その他,33.099998474121094,2.382965248,21.159505024566652,0.12373337555414819,0.03796220213640099,0.030569904310271828,0.4142655864741106,0.1996547756041427,0.3262231320368475,69.28847656522902,-0.005367112590906772,0.35825197121774327,False,41,14,42,100,53,B,0,51.05,30.8,58.7,58.7,Persistence
HOG,"Harley-Davidson, Inc. Common Stock",Consumer Cyclical,Recreational Vehicles,United States,その他,25.639999389648438,2.699079168,58.952127596664425,-0.13758516326630552,-0.11131302131182538,0.014134867500821007,0.300171131243468,-0.5212067752833605,0.37958560886732634,66.61047548581496,0.08329059506827925,0.14678140114325727,True,4,0,25,100,65,A,0,24.5,21.5,51.75,51.75,Persistence
HOMB,"Home BancShares, Inc. Common Stock",Financial Services,Banks - Regional,United States,その他,28.25,5.689929216,41.47255375,0.07706785507706786,0.023245330233955967,0.06694551086292645,,-0.10684055292988877,0.0340669138229426,69.15887683872026,0.05391691216516952,0.06252474054941078,True,18,12,37,85,52,B,-20,11.45,6.949999999999999,32.0,32.0,Persistence
HP,"Helmerich & Payne, Inc. Common Stock",Energy,Oil & Gas Drilling,United States,電力/エネルギー,39.25,3.92228992,43.30236625,0.358921674362722,-0.04031929859863857,0.3950942813403376,0.16271166170539184,-0.3851132173995601,0.32957192780272654,47.51380832880457,0.0348948576740659,0.05490004445734483,True,32,8,36,85,87,S,0,45.45,27.450000000000003,58.45,58.45,Persistence
HPE,Hewlett Packard Enterprise Company Common Stock,Technology,Communication Equipment,United States,通信/光通信,48.16999816894531,63.786881024,1878.4743394947816,0.13838085438311148,0.034048395400720785,0.022424199887703538,0.3025717284814556,-0.682370820668693,0.3171949516507259,65.14154743871994,0.4201479418298561,0.14211937916432113,True,39,2,37,40,50,B,0,40.25,12.5,40.35,40.35,Persistence
HPQ,HP Inc. Common Stock,Technology,Computer Hardware,United States,その他,25.239999771118164,23.082553344,613.3879010376644,0.032412853115256074,-0.0029599017089243828,-0.14611349546971864,0.20602224432588842,-0.1130820399113082,0.26052814288108406,51.25660717798701,0.16432299042607973,0.1292670705688243,True,30,0,21,65,70,A,0,39.25,16.75,41.8,41.8,Persistence
HRB,"H&R Block, Inc. Common Stock",Consumer Cyclical,Personal Services,United States,その他,36.52000045776367,4.629282816,90.09922352935791,0.04172673706987168,0.03979108256040505,0.002574156794012595,0.44533002569798685,-0.08876232154867297,0.6204997827750744,38.43906435207505,0.06463444605087287,0.3286437620806092,False,34,12,31,85,48,C,-10,33.05,16.55,37.9,37.9,Persistence
HRI,Herc Holdings Inc. Common Stock ,Industrials,Rental & Leasing Services,United States,その他,144.6199951171875,4.829302784,74.94352766967774,0.2827504445761707,0.028031687995124923,0.1978102189781022,0.3257855822550832,-11.5625,0.7028890824622532,63.84426595849051,0.1583966640970164,0.19366867033994953,True,31,5,31,85,50,B,-10,31.0,11.5,38.3,38.3,Persistence
HRL,Hormel Foods Corporation Common Stock,Consumer Defensive,Packaged Foods,United States,その他,24.75,13.620294656,172.62493875,0.015549547568002375,-0.015624512283639733,-0.027995941184090996,0.1562688746885883,-0.47109711302715934,0.21335015391112405,82.68153805334818,0.14708836193856434,0.17606031819022572,True,30,0,25,65,35,C,-20,15.75,0.0,17.0,17.0,Persistence
HSY,The Hershey Company Common Stock,Consumer Defensive,Confectioners,United States,その他,181.66000366210938,36.848529408,334.730355947876,0.04376910272504761,0.00333820212320797,0.07156895659149266,0.33548561069861765,-0.09166028788141588,0.4176152367567632,34.34369036693907,-0.04259683371782029,0.22525566308671968,False,22,0,33,40,80,S,0,30.5,14.0,44.150000000000006,44.150000000000006,Persistence
HTGC,"Hercules Capital, Inc. Common Stock",Financial Services,Asset Management,United States,その他,15.5,2.900338176,24.695375,0.23964437659896254,-0.17057644286568424,1.3098982874597862,,-2.5851439057856944,0.5023337563966697,53.361342517460656,0.011576176018654231,0.13451071921716354,False,27,17,10,100,90,S,-30,14.25,6.75,18.5,18.5,Persistence
HTH,Hilltop Holdings Inc.,Financial Services,Financial Conglomerates,United States,その他,38.439998626708984,2.249900544,10.63653982000351,0.0865432582668187,-0.008424189799990637,-0.07261035359844684,,-1.2081326531759626,0.031751794920212656,59.13172190842324,0.03099189054179366,0.029402506666779682,True,30,12,10,100,75,A,-30,15.0,1.5,15.5,15.5,Persistence
HUBB,Hubbell Inc Common Stock,Industrials,Electrical Equipment & Parts,United States,電力/エネルギー,476.8900146484375,25.199716352,334.24713238843384,0.03839388824731278,0.04757207467103426,0.08589502617271974,0.35316360401053964,0.07881105081401085,0.3022676453431849,51.65324297723033,-0.04889121522200007,0.14255946466084948,True,6,24,42,65,100,S,0,24.25,37.75,59.35,59.35,Persistence
HUBS,"HubSpot, Inc. Common Stock",Technology,Software - Application,United States,ソフトウェア,187.97999572753906,9.622829056,402.94639964172364,0.19170875605080487,0.21072098349022914,0.2537659542140847,0.8376097718941795,0.22746401074515799,0.06805779015923351,45.316369771643345,-0.1257102235589933,0.6648600685587238,False,28,26,100,85,43,C,0,38.05,36.55,84.85,84.85,Persistence
HUN,Huntsman Corporation Common Stock,Basic Materials,Chemicals,United States,その他,15.739999771118164,2.759995136,68.49937720392226,-0.05848243870112657,-0.012272950417280314,-0.23831484482113924,0.13214851310927328,0.46835443037974683,0.3422665716322167,64.07321860437102,0.11015501082690948,0.0,True,5,12,26,100,25,D,0,21.25,26.5,44.3,44.3,Persistence
HXL,Hexcel Corporation Common Stock,Industrials,Aerospace & Defense,United States,防衛/宇宙,97.70999908447266,7.369990144,85.67750124721528,-0.004781923279033105,0.06372275013974288,0.13392913735184128,0.22957917524684512,-0.2252341054706752,0.3672337278106509,76.91589727976259,0.0972939175182131,0.0,True,0,0,21,85,25,D,0,15.25,15.25,37.8,37.8,Persistence
HYLN,Hyliion Holdings Corp. Class A Common Stock,Consumer Cyclical,Auto Parts,United States,その他,7.400000095367432,1.319621504,55.6331267169714,1.3028495692511597,1.2455357142857142,-0.6809116809116809,0.04892086330935252,0.040593478290542294,0.021477802504433603,59.565810294235725,0.9686086998874907,0.02887136397581572,True,67,52,18,100,45,C,-15,54.75,43.5,28.9,54.75,Acceleration
IBM,International Business Machines Corporation Common Stock,Technology,Information Technology Services,United States,その他,272.239990234375,255.874367488,3373.995429370117,0.07621946361130146,0.014435822825735531,0.021972575582355856,0.5818674484719261,-0.025935374149659865,0.42538188043191993,56.404004458461934,0.09650968173666237,0.1731009289864518,True,29,12,37,25,85,S,0,34.0,21.25,43.6,43.6,Persistence
IBP,"Installed Building Products, Inc. Common Stock",Consumer Cyclical,Residential Construction,United States,その他,207.08999633789062,5.57915136,95.2116967163086,0.010029578757692177,0.05855466781832577,0.040752116263390516,0.3397401373367443,0.19649960222752585,0.47954545454545455,44.141327717631434,-0.1629913757778133,0.3934448414398488,False,6,24,38,85,51,B,0,22.35,35.85,52.35000000000001,52.35000000000001,Persistence
ICE,Intercontinental Exchange Inc. Common Stock,Financial Services,Financial Data & Stock Exchanges,United States,その他,140.52999877929688,79.471468544,642.491912019043,0.0747385426409319,0.187619913157629,0.027708592777085927,0.5615506329113924,0.003629764065335753,0.1481440896505877,27.609785838656705,-0.08827625683192346,0.24754738137203502,False,13,24,50,40,53,B,-20,1.0500000000000007,9.3,28.1,28.1,Persistence
IDA,"IDACORP, Inc. Common Stock",Utilities,Utilities - Regulated Electric,United States,電力/エネルギー,142.97999572753906,7.922269184,79.87720441314697,-0.007465101090366811,0.03412505746293499,0.07443820822746734,0.1979071118154084,-0.39200264184234757,0.35832532145080936,51.9475281781325,-0.0005642267990487444,0.033440517520865125,True,0,12,6,85,87,S,0,21.450000000000003,30.450000000000003,41.95,41.95,Persistence
IDT,IDT Corporation Class B Common Stock,Communication Services,Telecom Services,United States,その他,54.630001068115234,1.358569728,8.460548265419007,0.021328138347191605,-0.026698868470376655,-0.09178722003552638,0.36231978205352033,0.7933658404899695,0.0017614096387273777,57.39725519800332,0.04222823054427211,0.21443646156813345,True,46,31,34,100,100,S,-5,54.5,43.25,58.7,58.7,Persistence
IE,Ivanhoe Electric Inc. Common Stock,Basic Materials,Copper,United States,電力/エネルギー,11.029999732971191,1.745956352,22.0808461654377,0.1182350913478111,-0.25672559569561876,-0.5375592417061611,0.6528976572133169,0.4631345849509865,0.07427892723160615,45.32199075248946,-0.16064228401348646,0.44628515608804714,False,62,62,22,100,43,C,-15,50.8,50.8,30.700000000000003,50.8,Acceleration
IEX,IDEX Corporation Common Stock,Industrials,Specialty Industrial Machinery,United States,その他,218.49000549316406,16.171549696,142.01304132041932,0.057727606461086635,-0.0015577751305782094,0.028913542223199976,0.44506146059291396,0.022885572139303482,0.2668687743611953,63.19653232653234,0.04762511322049573,0.016431052068574294,True,24,12,30,65,55,B,0,33.25,24.25,43.75,43.75,Persistence
IFF,"International Flavors & Fragrances, Inc. Common Stock",Basic Materials,Specialty Chemicals,United States,その他,78.2699966430664,19.98260224,170.7851326751709,-0.05172413793103448,0.00043557801202195314,-0.0772508038585209,0.3616161616161616,-0.5780730897009967,0.25917224636829944,58.499146626300394,0.05785419618084273,0.05619201308285221,True,4,0,25,65,72,A,0,19.95,16.95,44.4,44.4,Persistence
INGM,Ingram Micro Holding Corporation Common Stock,Technology,Information Technology Services,United States,その他,29.75,6.855727104,36.78989125,0.09529475141658086,-0.0011801117909930907,-0.05477922159179561,0.06667085519379488,3.0,0.17222085610954876,65.81892796507398,0.059219235686785526,0.05973449513614033,True,42,24,30,85,52,B,0,49.45,35.95,48.15,49.45,Acceleration
INGR,Ingredion Incorporated Common Stock,Consumer Defensive,Packaged Foods,United States,その他,101.58999633789062,6.4061696,81.19834432296753,-0.028398384925975774,-0.08946078431372549,0.02693178957966272,0.2532206676825045,-0.5521472392638037,0.2495884513106243,46.77669721226894,-0.05318355457662988,0.25005691198765273,False,18,12,25,85,63,B,-20,12.549999999999997,8.05,27.6,27.6,Persistence
INSW,"International Seaways, Inc. Common Stock ",Energy,Oil & Gas Midstream,United States,電力/エネルギー,82.01000213623047,4.059880192,42.80758091506958,-0.11381832740830569,-0.11211494949966178,0.23952629052870186,0.422890020419731,-0.8544384977744524,0.21592068175499,58.447989290441754,0.0723342469922543,0.0526817058332806,True,4,0,29,85,72,A,0,22.95,19.95,51.6,51.6,Persistence
INVX,"Innovex International, Inc. Common Stock",Energy,Oil & Gas Equipment & Services,United States,電力/エネルギー,29.450000762939453,2.024972672,13.467338098888398,0.4803973347578628,0.18948084652922656,0.18910976071782512,0.3100226833399608,0.9510301208591646,0.06251404431261516,47.36380308521155,0.06962556826717207,0.051529742783741304,True,57,20,89,100,72,A,0,64.95,37.2,88.35000000000001,88.35000000000001,Persistence
IONQ,"IonQ, Inc. Common Stock",Technology,Computer Hardware,United States,その他,57.849998474121094,21.593665536,1839.7711054733277,2.01850347085181,0.9541330187823247,0.9802353786721768,0.40401181393059316,-1.4225106124924196,0.004569157418819492,43.05588928175554,0.15283592404903287,0.2952856492281383,True,57,40,52,65,53,B,-10,47.8,35.05,45.45,47.8,Acceleration
IOT,Samsara Inc. Class A Common Stock,Technology,Software - Infrastructure,United States,ソフトウェア,33.65999984741211,19.614021632,245.0109705893135,0.2957383091084767,0.3326424041349072,0.43650629458504775,0.767366330272112,0.8607847006691663,0.02864121882618549,56.79480185108825,0.09258754032867648,0.25563912121255067,False,43,49,100,65,58,B,0,47.8,52.3,82.85,82.85,Persistence
IP,International Paper Company Common Stock,Consumer Cyclical,Packaging & Containers,United States,その他,36.150001525878906,19.142039552,219.8758772808838,0.4925165772023998,-0.012349529096239008,-0.24233259297764756,0.29605652872979604,-1.2100396301188903,0.27175745443051313,69.75610126750303,0.08921268644343405,0.31966675501815894,False,44,8,6,65,38,C,0,46.55,19.55,27.150000000000002,46.55,Acceleration
IR,Ingersoll Rand Inc. Common Stock,Industrials,Specialty Industrial Machinery,United States,その他,74.0,28.9589248,284.3746,0.057484450587422256,0.05219528511801748,0.16222977198586955,0.4360663451358664,-0.02204232125681308,0.2650405526528649,58.9048854491887,-0.03822212041169655,0.2503349766304721,False,22,0,37,65,73,A,0,33.55,17.05,51.2,51.2,Persistence
IT,"Gartner, Inc. Common Stock",Technology,Information Technology Services,United States,その他,148.1699981689453,9.92026112,246.2652046067047,0.03666825105294674,0.061022123746985756,0.07872938720336548,0.6839304958762401,-0.15035009778156935,0.41407351522497343,39.32948764774738,-0.04128859233488386,0.6378324209587855,False,12,0,41,85,55,B,0,27.25,18.25,54.8,54.8,Persistence
ITT,ITT Inc. Common Stock ,Industrials,Specialty Industrial Machinery,United States,その他,189.1300048828125,16.99140608,136.45446157287597,0.08477704024017407,0.10590922936338715,0.09883857147638651,0.35353561000380856,0.2482884527612962,0.1374239350912779,43.42072425021097,-0.07090270249405074,0.14514817630515725,True,9,12,46,65,90,S,0,25.5,27.75,59.55,59.55,Persistence
ITW,Illinois Tool Works Inc. Common Stock,Industrials,Specialty Industrial Machinery,United States,その他,257.42999267578125,74.062610432,356.47232090789794,0.00918354510001258,-0.01297572484013162,0.010984182776801407,0.44097481924707055,-0.048171589310829814,0.5704111964329948,58.32007554149806,-0.0025534085317326896,0.13532037044990686,False,22,0,21,40,90,S,0,31.5,15.0,39.55,39.55,Persistence
IVZ,Invesco Ltd Common Stock,Financial Services,Asset Management,United States,その他,28.920000076293945,12.820139008,142.98221557720186,0.05111257623207516,0.06133230704639284,-0.054968671989948585,0.3523858807294852,0.2855740922473013,0.3611316158559091,62.28647278543878,0.10244405093218685,0.001997070971351467,True,9,12,30,65,25,D,-20,0.0,1.25,17.75,17.75,Persistence
J,Jacobs Solutions Inc. Common Stock,Industrials,Engineering & Construction,United States,その他,127.0,14.996272128,155.052395,0.04598249830166071,0.059855852966708506,0.10920350801803196,0.24812866533003963,-0.34929447415749837,0.24082191257347788,70.26670980863456,0.03597412362410136,0.22135309568171382,False,0,0,37,65,55,B,0,15.25,15.25,47.6,47.6,Persistence
JBL,Jabil Inc. Common Stock,Technology,Electronic Components,United States,半導体,384.82000732421875,40.599519232,443.3703714385986,0.03181802444344424,-0.16768485966226732,0.03656132385447159,0.08878598751761627,0.2575107296137339,0.18152402523863453,57.43660062401008,0.13061572417095815,0.0,True,23,12,30,40,45,C,0,27.75,19.5,35.5,35.5,Persistence
JBTM,JBT Marel Corporation Common Stock,Industrials,Specialty Industrial Machinery,United States,その他,125.1500015258789,6.516286976,52.43910213935852,1.2134032634032634,0.031002162941600575,0.04659498207885305,0.35137696803749147,0.2229070364663585,0.22976058212362802,36.991577513139916,-0.0247938981122869,0.2564277222746384,False,52,22,54,85,63,B,0,58.05,35.55,63.550000000000004,63.550000000000004,Persistence
JEF,Jefferies Financial Group Inc. Common Stock,Financial Services,Capital Markets,United States,その他,61.65999984741211,12.605295616,104.67679044095993,0.029349117918294212,0.4130500192235358,0.04086239378800304,0.5805129809398414,-2.7121340295190275,0.3125494204250791,82.65858801556357,0.2264244267923763,0.10380117445422343,True,8,0,41,65,35,C,-30,0.0,0.0,15.799999999999997,15.799999999999997,Persistence
JLL,Jones Lang LaSalle Incorporated Common Stock,Real Estate,Real Estate Services,United States,その他,299.95001220703125,13.915753472,113.8970186352539,0.1144843361257036,0.12870891295133136,-0.004855695255990528,,0.6313771257085695,0.14550224424333327,56.29958645755558,-0.04040438418484548,0.163692608196113,False,14,26,30,65,90,S,0,29.25,38.25,50.75,50.75,Persistence
JOBY,"Joby Aviation, Inc. Common Stock",Industrials,Airports & Air Services,United States,その他,9.149999618530273,9.000332288,268.05861757445336,3.0,-0.8682170542635659,,0.4510435189518016,-0.18228122562300267,0.020514531753375496,35.371904422020066,-0.06353629349475139,0.5512506183214733,False,43,40,18,85,45,C,-10,39.5,37.25,30.15,39.5,Acceleration
JOE,St. Joe Company (The) Common Stock,Real Estate,Real Estate - Diversified,United States,その他,64.91999816894531,3.727040512,11.99494346168518,0.27439495253726376,0.03455565973515548,0.5428164916911394,0.4305342857031521,1.8743691761828485,0.3771958593965066,58.68627134264116,-0.010658989580262927,0.10382813270961165,True,46,36,57,85,100,S,0,57.25,49.75,72.6,72.6,Persistence
JPM,JP Morgan Chase & Co. Common Stock,Financial Services,Banks - Diversified,United States,その他,320.7200012207031,859.372847104,2819.4286839311217,0.07322989394413329,0.09349346894522174,0.21314992131655797,,,0.1129928359962937,64.43237445735735,0.04619475929041848,0.03660564732352389,True,0,0,30,10,67,A,-30,0.0,0.0,2.3999999999999986,2.3999999999999986,Persistence
JXN,Jackson Financial Inc. Class A Common Stock ,Financial Services,Insurance - Life,United States,その他,108.69000244140625,7.580378112,64.6075112512207,1.1057567917205693,-0.02306477093206951,-0.6743827160493827,,,0.013069151923218732,57.37640820324978,0.008764641124745157,0.09528166631272729,True,55,10,18,85,100,S,-20,44.0,10.25,31.15,44.0,Acceleration
KAI,Kadant Inc Common Stock,Industrials,Specialty Industrial Machinery,United States,その他,282.45001220703125,3.335300352,42.63582934265137,-0.0010784291388515489,0.0999423602235421,0.05850637587193655,0.45210634755304835,0.14911366006256518,0.21872784254908076,30.917717182250215,-0.09765546306570135,0.20971564244083235,False,10,12,38,85,70,A,0,27.25,28.75,56.150000000000006,56.150000000000006,Persistence
KBH,KB Home Common Stock,Consumer Cyclical,Residential Construction,United States,その他,54.0,3.380400128,58.09725,-0.10012458719848498,0.08103058217844146,-0.07143148908655206,0.18784377829240625,-0.11171234126235657,0.25639032779002946,72.13113165069916,0.06361317236843553,0.194958298225468,False,0,0,21,85,40,C,0,16.75,16.75,40.8,40.8,Persistence
KBR,"KBR, Inc. Common Stock",Industrials,Engineering & Construction,United States,その他,35.84000015258789,4.544152064,66.57082908342362,0.009857328145265888,0.10839562967222542,0.05971968312004875,0.14770100179809914,0.29396984924623115,0.43863912515188336,65.9946173846478,0.020751096282186743,0.3217407029603689,False,5,24,34,85,53,B,0,21.8,36.05,50.550000000000004,50.550000000000004,Persistence
KD,"Kyndryl Holdings, Inc. Common Stock",Technology,Information Technology Services,United States,その他,11.699999809265137,2.573042688,45.07518526517868,0.0023245002324500234,-0.06198604535260404,-0.05720662516151768,0.21793002915451895,0.008902077151335312,0.39486893474623536,42.091149798986905,-0.08049229981323164,0.7304768520987996,False,20,12,26,100,55,B,0,35.5,29.5,50.3,50.3,Persistence
KEX,Kirby Corporation Common Stock,Industrials,Marine Shipping,United States,その他,143.4199981689453,7.668954112,80.64865047035217,0.030060541184049855,0.05635714378129407,0.1102021938023969,0.26260697670962085,-0.019580314812219394,0.1888968874234464,50.178894966169295,-0.004658173312832601,0.06009567067974462,True,0,12,37,85,87,S,0,21.450000000000003,30.450000000000003,59.0,59.0,Persistence
KEY,KeyCorp Common Stock,Financial Services,Banks - Regional,United States,その他,22.700000762939453,24.501669888,282.54917949638366,0.6571883530482256,-0.2926790024135157,-0.11542840876743524,,2.5075125208681137,0.05959399287345225,67.26280039760655,0.06117367579094494,0.0025057758061089236,True,48,57,30,65,40,C,-20,29.75,36.5,20.75,36.5,Transition
KEYS,Keysight Technologies Inc. Common Stock,Technology,Scientific & Technical Instruments,United States,その他,350.6700134277344,59.92787968,681.5447045974731,0.07953404298051818,-0.08876281112737922,0.008118081180811807,0.6208372093023256,0.4265033407572383,0.24581895407486062,51.833354342688075,0.0327559681059176,0.04366199293072123,True,35,24,42,40,87,S,0,40.95,32.7,50.5,50.5,Persistence
KFY,Korn Ferry Common Stock,Industrials,Staffing & Employment Services,United States,その他,73.22000122070312,3.799172608,31.509861425323486,-0.012312265583499224,-0.023859955667852487,0.08336854608835785,0.885525840194764,0.31931612576153556,0.14712200069200854,71.78841664808965,0.09115838245171283,0.020680115170261453,True,41,24,45,85,25,D,0,46.0,33.25,51.0,51.0,Persistence
KGS,"Kodiak Gas Services, Inc. Common Stock",Energy,Oil & Gas Equipment & Services,United States,電力/エネルギー,69.08000183105469,6.971478528,133.48812313827514,0.1283426103953124,0.3632842220134269,0.20125071866175645,0.42197844201513646,3.0,0.6046912274777982,38.72382901094017,0.028591627671245463,0.08973511152146153,True,27,53,71,85,90,S,-10,32.0,51.5,68.30000000000001,68.30000000000001,Persistence
KKR,KKR & Co. Inc. Common Stock,Financial Services,Asset Management,United States,その他,96.23999786376953,89.738174464,428.87863328022,-0.11241735784662385,0.5108904849377255,1.5737153408698852,0.1799646014086965,-0.9512940469323831,0.1329724814357429,55.19847960182933,-0.013688263146253677,0.3633056643040247,False,0,0,33,40,73,A,-20,0.0,0.0,22.75,22.75,Persistence
KMI,"Kinder Morgan, Inc. Common Stock",Energy,Oil & Gas Midstream,United States,電力/エネルギー,31.940000534057617,71.060938752,297.2759654706478,0.12165562913907285,-0.01526020607799661,-0.20135416666666667,0.5287240951762414,-0.03825681969394544,0.4368779897729147,34.453775316852344,-0.005323220131289565,0.06907609281176977,True,43,14,25,40,77,A,0,45.95,24.2,39.15,45.95,Acceleration
KMPR,Kemper Corporation,Financial Services,Insurance - Property & Casualty,United States,その他,25.020000457763672,1.473033344,28.64427262407303,0.032421697929932866,-0.0623583225388601,-0.09351435648105678,,0.6800121322414316,0.07564520913675467,27.64537854241442,-0.1541134563050439,0.6021038466480375,False,39,12,30,100,16,D,-25,20.85,0.6000000000000014,19.700000000000003,20.85,Acceleration
KMT,Kennametal Inc. Common Stock,Industrials,Tools & Accessories,United States,その他,34.97999954223633,2.665829376,48.24668906862259,-0.03910989257408402,-0.015054008692204348,0.0326605898464364,0.30407581685389545,-0.2960477035866161,0.252752796011019,45.7822001089412,-0.041247141709656536,0.18720256229206506,True,4,0,25,100,100,S,0,28.0,25.0,58.75,58.75,Persistence
KMX,CarMax Inc,Consumer Cyclical,Auto & Truck Dealerships,United States,その他,51.2599983215332,7.269729792,161.50795231155396,-0.01792135517894831,-0.006881961287366163,-0.10607534012357069,0.10844166740626598,3.0,0.7033004482760726,89.80333887432253,0.2289323738708044,0.28377813972185595,True,12,12,20,85,18,D,-10,13.55,13.55,25.85,25.85,Persistence
KN,Knowles Corporation Common Stock,Technology,Electronic Components,United States,半導体,39.779998779296875,3.403602688,38.713894812011716,0.07172538392050587,0.21169001751313485,-0.04594820384294068,0.4320633850303439,-0.29699570815450643,0.1291979830653601,62.4401748674972,0.18649928311380728,0.0,True,7,35,29,85,25,D,0,20.5,41.5,42.2,42.2,Persistence
KNF,Knife Riv Holding Co. Common Stock,Basic Materials,Building Materials,United States,その他,76.91999816894531,4.36550656,42.66598458435059,0.08520406139347811,0.024256717367110076,0.1166282470433723,0.1835113788504303,-1.4640920098467614,0.33372309295630026,58.89224779282067,-0.05971061054718616,0.18663425592508365,False,18,0,18,85,80,S,0,34.25,20.75,47.15,47.15,Persistence
KNSL,"Kinsale Capital Group, Inc. Common Stock",Financial Services,Insurance - Property & Casualty,United States,その他,311.3800048828125,7.181301248,87.14747886657715,0.18044566227303507,0.29652194578949387,0.45975579515596016,,0.03958070389496387,0.037129930516131136,51.0487457447922,-0.03523175753247065,0.36292011897552473,False,7,26,85,85,73,A,-20,5.300000000000001,19.549999999999997,62.599999999999994,62.599999999999994,Persistence
KNTK,Kinetik Holdings Inc. Class A Common Stock,Energy,Oil & Gas Midstream,United States,電力/エネルギー,47.439998626708984,7.930066944,41.48983679895401,0.18980005111505677,0.1802887906196375,0.035370707628410616,0.3376783691124803,-0.7940399421256913,0.5447828241993536,33.85580449623892,-0.004487655307225105,0.07470259014742647,True,39,14,41,85,77,A,0,49.7,30.95,59.199999999999996,59.199999999999996,Persistence
KNX,Knight-Swift Transportation Holdings Inc.,Industrials,Trucking,United States,その他,81.54000091552734,13.24976128,355.6966458937454,0.008044584685883198,0.0375694191044624,-0.03860979120914328,0.13961464794585157,3.0,0.22463145635173823,84.24020443620806,0.2012267673649638,0.011036944407482414,True,12,25,30,65,10,D,0,19.75,29.5,34.75,34.75,Persistence
KO,Coca-Cola Company (The) Common Stock,Consumer Defensive,Beverages - Non-Alcoholic,United States,その他,82.62000274658203,355.471097856,1348.709166735878,0.018699135164998618,0.028565808453905668,0.06394753976374291,0.6162574831563797,0.11706391056739085,0.4340177072202717,53.6538427680215,0.05045812422721979,0.011604182722866133,True,14,24,46,10,60,B,-20,0.0,5.5,19.799999999999997,19.799999999999997,Persistence
KOS,Kosmos Energy Ltd. Common Shares (DE),Energy,Oil & Gas E&P,United States,電力/エネルギー,2.869999885559082,1.70245312,32.50639360381126,-0.2309989864852766,-0.015426584736319998,-0.24216527007978694,0.0176007799110802,0.293700324967699,0.6499898011891941,44.44444260479529,-0.0067829838329777365,0.12232418889926006,True,5,12,0,100,100,S,-15,13.75,19.0,30.0,30.0,Persistence
KR,Kroger Company (The) Common Stock,Consumer Defensive,Grocery Stores,United States,その他,64.70999908447266,39.89764096,475.44992372325896,0.0035276605289451682,-0.01943494691380241,0.01201284247730308,0.23300957722057408,0.9448508722566122,0.49430464636758553,39.20067133513169,-0.02506870999273607,0.1395384816410804,False,27,12,22,40,80,S,-20,14.25,3.0,18.1,18.1,Persistence
KRMN,Karman Holdings Inc. Common Stock,Industrials,Aerospace & Defense,United States,防衛/宇宙,47.83000183105469,6.338733056,157.56039628181458,0.3656730900127733,0.22994246629023352,0.24035450989351573,0.40302439024390246,-4.72641095409462,0.5319356287859027,30.440015519276656,-0.29551116137975997,0.5851331299225195,False,36,20,61,85,25,D,-10,32.25,20.25,49.800000000000004,49.800000000000004,Persistence
KSS,Kohl's Corporation Common Stock,Consumer Cyclical,Department Stores,United States,その他,18.059999465942383,2.04800384,113.53499934262275,-0.04278404537328155,-0.07181277180132753,-0.03436843850149188,0.4056804276421717,3.0,0.4961832061068702,74.64269351293329,0.2802410980223643,0.25206316431378994,True,34,24,26,100,18,D,0,42.3,34.8,42.9,42.9,Persistence
KTB,"Kontoor Brands, Inc. Common Stock ",Consumer Cyclical,Apparel Manufacturing,United States,その他,79.01000213623047,4.367069184,64.27503178783417,0.2089594251830626,4.065240202004087e-05,-0.009109827151936352,0.4515174835112687,0.24426768523119952,0.5009807672054368,68.49978027145491,0.1103565358290167,0.0639095987510839,True,52,17,30,85,37,C,0,55.45,29.2,45.15,55.45,Acceleration
KVUE,Kenvue Inc. Common Stock,Consumer Defensive,Household & Personal Products,United States,その他,18.139999389648438,34.828955648,367.31485224105836,-0.02141701714655451,0.0007122507122507123,0.03304347826086956,0.581327691087014,0.2898876404494382,0.32035751218791547,60.62715199703331,0.04839352343972925,0.1688429089830504,True,13,24,34,40,80,S,0,23.75,32.0,44.7,44.7,Persistence
KVYO,"Klaviyo, Inc. Series A Common Stock",Technology,Software - Application,United States,ソフトウェア,14.210000038146973,4.252766208,94.38900160338879,0.31633748069259193,0.34288116728429635,0.4766831377393453,0.7467437697474674,0.2744118497401314,0.07639358118795093,46.38949806479267,-0.16823731556777585,0.6043986424689674,False,34,45,97,85,43,C,0,42.55,50.8,83.19999999999999,83.19999999999999,Persistence
KW,Kennedy-Wilson Holdings Inc. Common Stock,Real Estate,Real Estate Services,United States,その他,10.930000305175781,1.522584832,18.46202746547699,-0.05720737674068498,-0.05545680767863491,0.04185185185185185,0.7187624750499002,0.2784313725490196,0.6806342015855039,66.68714967378585,0.008580461933487087,0.000914010565909838,True,17,47,12,100,55,B,-15,18.25,40.75,27.6,40.75,Transition
KWR,Quaker Houghton Common Stock,Basic Materials,Specialty Chemicals,United States,その他,144.4600067138672,2.508756736,21.414029095230102,0.026606714406697665,-0.05817142465134876,0.00500518371977557,0.3597160699214353,-0.50488377236092,0.3237575841620394,54.055735569017074,0.04602759359009361,0.19683688486087492,True,22,0,25,100,100,S,0,41.5,25.0,58.75,58.75,Persistence
L,Loews Corporation Common Stock,Financial Services,Insurance - Property & Casualty,United States,その他,108.12000274658203,22.2477312,98.95304831371307,0.05435350078310807,0.09956627120806226,0.11587188612099644,,0.12829084830756374,0.1098925279103164,47.82097878005006,0.0017534237865048355,0.03931730575899634,True,2,24,42,65,87,S,-20,0.0,16.450000000000003,36.75,36.75,Persistence
LAD,"Lithia Motors, Inc. Common Stock",Consumer Cyclical,Auto & Truck Dealerships,United States,その他,313.3800048828125,7.146888192,90.92877531677246,0.039977119613575696,0.16577057756673957,0.10126721489438693,0.15233201097917093,-0.921302578018996,0.6167155238338007,80.88286891934045,0.11259252690250578,0.117807674534303,True,0,12,35,85,35,C,-10,6.25,15.25,37.5,37.5,Persistence
LAZ,"Lazard, Inc. Common Stock",Financial Services,Capital Markets,United States,その他,43.720001220703125,4.303695872,70.95690618118286,0.019983151346272234,0.20977288584711148,-0.09714485517596746,0.3375472605555192,-0.3010783990363243,0.43986075753116843,39.831295162141735,-0.056931038582903735,0.22492214180751113,False,4,0,21,85,70,A,-20,2.75,0.0,26.799999999999997,26.799999999999997,Persistence
LB,LandBridge Company LLC Class A Shares Representing Limited Liability Company Interests,Energy,Oil & Gas Equipment & Services,United States,電力/エネルギー,69.29000091552734,5.336508416,25.59191538814545,0.8106935627626098,0.5090098126672614,0.4072850879734245,0.9322125840687517,0.8309852815411621,0.41014790023249414,36.248529704410814,0.00023269616149568763,0.18612806656666947,True,86,64,82,85,90,S,0,86.25,69.75,84.35,86.25,Acceleration
LBRT,Liberty Energy Inc. Class A common stock,Energy,Oil & Gas Equipment & Services,United States,電力/エネルギー,28.8700008392334,4.711336448,93.84525777802467,-0.07161841701850753,-0.09114860208495158,0.14429190201165132,0.08428987078756581,-0.9209094987103286,0.17375857325327648,37.08887155345598,-0.053470690409644986,0.14665788604579236,True,18,0,25,85,80,S,0,34.25,20.75,51.0,51.0,Persistence
LC,LendingClub Corporation Common Stock,Financial Services,Banks - Regional,United States,その他,18.049999237060547,2.082084224,32.4205061296463,0.26916650466130715,-0.08975976701876781,-0.27172561690543257,,-0.06650793981422932,0.0013681061317019564,64.1355113505646,0.09026548752498748,0.16357741886587,True,39,17,10,100,65,A,-30,20.75,4.25,13.5,20.75,Acceleration
LCII,LCI Industries,Consumer Cyclical,Recreational Vehicles,United States,その他,93.05999755859375,2.2599808,29.689396321105956,0.10178771134884775,-0.011519738914100795,-0.27315074696431424,0.23781925207974638,-0.15130004177453338,0.3889833302214398,16.916400059981086,-0.17012811404925313,0.39602285669013737,False,35,14,21,100,24,D,0,43.65,27.9,41.349999999999994,43.65,Acceleration
LDOS,"Leidos Holdings, Inc. Common Stock",Technology,Information Technology Services,United States,その他,122.16000366210938,15.365952512,149.07002006881714,0.030728604009122553,0.07928488146132918,0.07238121700472354,0.18044718760917666,0.26360808709175737,0.3879789520492107,39.20358098442839,-0.11633859482836621,0.38491075346200415,False,5,24,38,65,53,B,0,18.8,33.05,47.75000000000001,47.75000000000001,Persistence
LEA,Lear Corporation Common Stock,Consumer Cyclical,Auto Parts,United States,その他,145.16000366210938,7.271804928,97.2310736529541,-0.0020123573328756543,-0.00685646591582186,0.12327501615489553,0.06468006070742204,-0.06091913074456715,0.19621911864772185,59.30965090237703,0.09432455989742516,0.009755049536157367,True,18,0,25,85,60,B,0,32.25,18.75,47.0,47.0,Persistence
LEG,"Leggett & Platt, Incorporated Common Stock",Consumer Cyclical,"Furnishings, Fixtures & Appliances",United States,その他,10.600000381469727,1.446184064,27.830354001550674,-0.07493840678894059,-0.07231286902418894,-0.08187770804593235,0.18349732435698257,0.2539045069165551,0.46824454247257097,60.70176366146641,0.01756747371664621,0.17361011048811023,True,5,47,22,100,80,S,-25,1.75,33.25,28.1,33.25,Transition
LEN,Lennar Corporation Class A Common Stock,Consumer Cyclical,Residential Construction,United States,その他,90.30000305175781,22.24073728,254.25997609291076,-0.03539691319644579,0.035289722897830146,0.016701488906926167,0.09907659458435202,-0.9873725063578801,0.17063376221451967,52.97030326225991,0.012357468272976447,0.35693665926591756,False,0,0,25,65,73,A,0,17.05,17.05,44.6,44.6,Persistence
LEN-B,Lennar Corporation Class B,Consumer Cyclical,Residential Construction,United States,その他,88.5,21.797400576,6.3777525,-0.03539691319644579,0.035289722897830146,0.016701488906926167,0.09907659458435202,-0.9873725063578801,0.17063376221451967,53.488373566676266,0.01632680974401192,0.3420972989846861,False,0,0,25,65,73,A,0,17.05,17.05,44.6,44.6,Persistence
LEU,Centrus Energy Corp. Class A Common Stock,Energy,Uranium,United States,電力/エネルギー,162.5800018310547,3.198402816,144.58158272834777,0.015158371040723982,0.38038725796377265,0.089857045609258,0.26186761756184534,-0.0486322188449848,0.4968314321926489,42.68271682485268,-0.14455530880186684,0.6271100875434525,False,0,12,44,85,43,C,0,17.05,26.05,54.050000000000004,54.050000000000004,Persistence
LEVI,Levi Strauss & Co Class A Common Stock,Consumer Cyclical,Apparel Manufacturing,United States,その他,24.010000228881836,9.234156544,57.146681744766234,0.04144562334217507,0.0325054346895808,-0.052929351878870406,0.617287488061127,-0.5406170815322701,0.33662831444924657,66.39210664823209,0.07826076692605516,0.009488430049837352,True,42,12,33,85,40,C,0,48.25,25.75,47.400000000000006,48.25,Acceleration
LHX,"L3Harris Technologies, Inc. Common Stock",Industrials,Aerospace & Defense,United States,防衛/宇宙,307.7900085449219,57.339723776,332.47938408035276,0.025322391559202812,0.09815129512333282,0.13814324229281444,0.25726046192545166,0.24686192468619247,0.269838572642311,47.60523458962088,-0.040563386457824396,0.18063439507252838,False,5,24,38,40,90,S,0,18.75,33.0,48.900000000000006,48.900000000000006,Persistence
LII,"Lennox International, Inc. Common Stock",Industrials,Building Products & Equipment,United States,その他,512.1500244140625,17.822803968,197.1060583959961,-0.027334169584183627,0.07214115096649873,0.05584520176330959,0.3339171943872346,,0.43380371404772405,60.56045450413258,0.01964597856569362,0.22307390322897241,True,4,0,6,65,80,S,0,20.75,17.75,35.55,35.55,Persistence
LION,Lionsgate Studios Corp Common Shares,,,,その他,14.319999694824219,4.161873152,50.223389329681396,0.018222617711920144,0.05489347808342176,-0.20546079512290033,0.3979785698001368,1.0635097493036212,0.7302472264459087,40.869568101849055,0.15186612837888352,0.04214047641997164,True,19,43,24,85,57,B,-10,22.700000000000003,40.7,35.85,40.7,Transition
LMND,"Lemonade, Inc. Common Stock",Financial Services,Insurance - Property & Casualty,United States,その他,57.4900016784668,4.41642752,87.31179024913787,0.4015194681861349,0.22498836668217775,0.6743280093494352,,-0.24519230769230768,0.0945630160461131,52.84791795559183,-0.01304718148554855,0.4046805233494472,False,32,26,55,85,65,A,-30,13.25,8.75,34.5,34.5,Persistence
LMT,Lockheed Martin Corporation Common Stock,Industrials,Aerospace & Defense,United States,防衛/宇宙,540.3300170898438,124.580446208,641.2771725326538,0.0563743085173768,0.051382989744121,0.024051285160038797,0.10152169278328536,0.3066010970304521,0.36263368983957217,55.713114683713705,-0.004384268159237541,0.1962947969862395,True,35,12,38,25,100,S,0,40.0,22.75,47.150000000000006,47.150000000000006,Persistence
LNC,Lincoln National Corporation Common Stock,Financial Services,Insurance - Life,United States,その他,37.29999923706055,7.13225216,59.79581527692795,0.019623103007393408,0.5360771923832295,-0.38131966823392677,,,0.015414521433159797,58.8072118383606,0.04490299381646409,0.17822204643992096,False,0,0,10,85,90,S,-30,0.0,0.0,14.75,14.75,Persistence
LNG,"Cheniere Energy, Inc. Common Stock",Energy,Oil & Gas Midstream,United States,電力/エネルギー,241.27999877929688,50.56067584,509.83187582061765,0.27211360886454816,-0.2300186329312543,-0.38991264807945436,0.4771225470564678,-0.2202154626108999,0.5328724781755148,50.46789179711627,-0.04031478822451719,0.18548041972839674,True,53,31,25,40,100,S,0,55.75,39.25,43.75,55.75,Acceleration
LNN,Lindsay Corporation Common Stock,Industrials,Farm & Heavy Construction Machinery,United States,その他,115.3499984741211,1.205946112,21.843829211044312,0.11414423941727038,-0.09940897573596169,-0.12541015617397758,0.31163508622525016,0.3538678086909646,0.16235032753117135,68.44307998748232,0.051687781387766384,0.2126017529547833,False,44,26,34,100,55,B,-25,28.5,15.0,29.700000000000003,29.700000000000003,Persistence
LOAR,Loar Holdings Inc. Common Stock,Industrials,Aerospace & Defense,United States,防衛/宇宙,68.08999633789062,6.374889984,44.35824946426391,0.2320248051854555,0.26881317386771325,0.3259478603707076,0.5265644803468988,1.1530802603036876,0.3573091939158815,64.28215027550895,0.10373730880591128,0.22607417890573953,False,29,29,89,85,40,C,0,38.5,38.5,78.2,78.2,Persistence
LOB,"Live Oak Bancshares, Inc. Common Stock",Financial Services,Banks - Regional,United States,その他,39.029998779296875,1.80562112,9.114285314941407,0.12358675839848535,0.13113272012981067,0.08674826084959347,,0.3350888130041964,0.006766138228125976,60.6474464557345,0.05656693752656142,0.06362922518518789,True,10,26,50,100,52,B,-25,2.6999999999999993,14.700000000000003,37.9,37.9,Persistence
LOW,"Lowe's Companies, Inc. Common Stock",Consumer Cyclical,Home Improvement Retail,United States,その他,220.77999877929688,123.792908288,711.2129607676696,0.03121638740827497,-0.031293052548710884,-0.11005676959375225,0.334758825301903,-0.006105481943361912,0.8251514479905437,56.70319669792425,-0.03262879610834133,0.22808808767368371,False,34,0,19,25,90,S,-20,18.25,0.0,14.700000000000003,18.25,Acceleration
LPG,Dorian LPG Ltd. Common Stock,Energy,Oil & Gas Midstream,United States,電力/エネルギー,45.189998626708984,1.933349248,34.08252291425705,0.36273626139491194,-0.36984039854255574,0.43866213046766495,0.5446104433839989,-0.24512454953418364,0.37914499669445473,45.05836485776822,0.15751083253807124,0.053017655684730144,True,50,42,37,100,57,B,-5,53.2,47.2,51.75,53.2,Acceleration
LPX,Louisiana-Pacific Corporation Common Stock,Industrials,Building Products & Equipment,United States,その他,75.04000091552734,5.242660864,78.22882575443268,-0.07922475348520912,0.13948082138705928,-0.33030617540217955,0.21750369276218612,-0.7843601895734598,0.14427103159497526,62.14478275632136,0.0314602971120792,0.259113513262696,False,0,0,25,85,53,B,0,18.05,18.05,45.6,45.6,Persistence
LRN,"Stride, Inc. Common Stock",Consumer Defensive,Education & Training Services,United States,その他,97.70999908447266,4.155101952,59.69836669063568,0.17903708158890705,0.11032743754891534,0.08934311831743807,0.39243018695664644,0.7163548303929874,0.23965554746183346,69.0276768767171,0.04395262646194873,0.42459218839127916,True,54,33,54,85,55,B,0,58.75,43.0,61.95,61.95,Persistence
LTH,"Life Time Group Holdings, Inc. Common Stock",Consumer Cyclical,Leisure,United States,その他,34.310001373291016,7.637500416,83.30759968446732,0.1427930995671491,0.1824430556263599,0.21619954821714768,0.47630134996853357,-1.414337115970108,0.5188102424702649,61.2903287830003,0.12562666412503695,0.016059580606459213,True,16,14,47,85,25,D,0,27.25,25.75,52.1,52.1,Persistence
LUMN,"Lumen Technologies, Inc. Common Stock",Communication Services,Telecom Services,United States,その他,8.489999771118164,8.7473408,111.54632894282341,-0.05386023802258163,-0.09953974033111218,-0.16712438494106877,0.4647637477826157,-0.6633393829401089,0.5156077106749752,40.94488100284488,-0.05086642836522144,0.28233306628302574,True,38,0,25,85,73,A,0,48.55,20.05,49.6,49.6,Persistence
LUV,Southwest Airlines Company Common Stock,Industrials,Airlines,United States,その他,45.470001220703125,22.224541696,286.34028483718873,0.021103955172288323,0.05335173048177533,0.09561602418745276,0.1744289634037701,0.4780150753768844,0.20580847183510548,66.01937559033007,0.12942472814793246,0.1630322450267577,True,5,12,22,65,50,B,0,18.5,23.75,38.35,38.35,Persistence
LVS,Las Vegas Sands Corp. Common Stock,Consumer Cyclical,Resorts & Casinos,United States,その他,50.66999816894531,33.575831552,194.86591890815734,0.15215082315454062,0.0892788276128037,1.5236009732360096,0.49788737804409616,0.0960591133004926,0.7200729927007299,55.938685698250204,-0.03652266557167827,0.26276119350795574,False,33,26,48,40,73,A,-10,28.049999999999997,22.799999999999997,41.00000000000001,41.00000000000001,Persistence
LW,"Lamb Weston Holdings, Inc. Common Stock ",Consumer Defensive,Packaged Foods,United States,その他,45.380001068115234,6.265743872,68.09473370275498,-0.002520254808584328,0.20876163420924757,0.30537461270096855,0.21679351448545253,2.7524752475247523,0.5620891161431701,58.766250655393215,0.06281661314048316,0.3023533423083663,False,12,25,37,85,58,B,-20,7.550000000000001,17.299999999999997,33.2,33.2,Persistence
LYV,"Live Nation Entertainment, Inc. Common Stock",Communication Services,Entertainment,United States,その他,172.50999450683594,40.14528512,403.32664205703736,0.08834920240762234,0.018890346376845838,0.3623866047480603,0.25546392133835705,-0.7095490653026278,0.4540914791044709,62.06656092035271,0.06198685505946815,0.00890499295357071,True,18,0,44,40,40,C,0,23.5,10.0,42.2,42.2,Persistence
LZB,La-Z-Boy Incorporated Common Stock,Consumer Cyclical,"Furnishings, Fixtures & Appliances",United States,その他,38.4900016784668,1.58767296,14.768036294002533,0.030375759577181933,-0.12871446004206122,-0.003130501342704188,0.4392257374454001,0.08046779375764994,0.25536713346741846,65.31166576594461,0.09136079245226938,0.0206311590176147,True,24,12,30,100,40,C,-5,32.0,23.0,44.5,44.5,Persistence
M,Macy's Inc Common Stock,Consumer Cyclical,Department Stores,United States,その他,25.3700008392334,6.673272832,198.88672622912406,-0.01673476484395375,-0.03603452610408112,-0.062202837046642305,0.40334202731974717,0.7424242424242424,0.32048281808104445,74.81559121253262,0.25759667390561064,0.0,True,43,24,30,85,10,D,0,46.0,31.75,39.75,46.0,Acceleration
MA,Mastercard Incorporated Common Stock,Financial Services,Credit Services,United States,その他,489.9800109863281,432.938450944,1810.6525333984375,0.16416373770724607,0.12228065981353096,0.1286594414714215,0.7788722515324327,0.20955395259826293,0.350831840759274,44.7003448533863,-0.018738761181488473,0.17822857064474576,False,43,26,71,10,90,S,-20,22.75,10.0,39.550000000000004,39.550000000000004,Persistence
MAIN,Main Street Capital Corporation Common Stock,Financial Services,Asset Management,United States,その他,52.02000045776367,4.837331456,35.39726941148758,-0.01563406963148502,0.1792009884678748,0.6024488667077326,,,0.4325454648176664,73.9630758572913,-0.013875461753408666,0.18283774404118047,False,0,0,10,85,55,B,-30,0.0,0.0,7.75,7.75,Persistence
MAN,ManpowerGroup Common Stock,Industrials,Staffing & Employment Services,United States,電力/エネルギー,34.0,1.581249664,29.19189,0.005780249693344311,-0.056073382854423856,-0.04604715672676838,0.166931185993284,-1.6253390158853158,0.22803244506064343,72.58923419499759,0.15563450237489096,0.2191389156075828,True,18,0,10,100,35,C,-15,17.0,3.5,22.5,22.5,Persistence
MAS,Masco Corporation Common Stock,Industrials,Building Products & Equipment,United States,その他,74.02999877929688,14.9344,175.20198616104125,-0.03398058252427184,-0.01744696874607757,-0.08214285714285714,0.3542713567839196,-0.04520396912899669,0.6181503557008268,72.49169004067153,0.08510773963339403,0.040055131788301765,True,4,0,19,65,37,C,-10,6.449999999999999,3.4499999999999993,24.1,24.1,Persistence
MATX,"Matson, Inc. Common Stock",Industrials,Marine Shipping,United States,その他,201.94000244140625,6.111366656,47.17015547027588,-0.022590449471038634,0.10573256640599754,-0.2874510706884642,0.22765734788458664,-0.6641905178064235,0.1568513245318837,79.5067374262933,0.12393821501608615,0.0,True,0,0,25,85,10,D,0,13.75,13.75,37.0,37.0,Persistence
MBC,"MasterBrand, Inc. Common Stock",Consumer Cyclical,"Furnishings, Fixtures & Appliances",United States,その他,8.880000114440918,1.136503168,38.61534649765491,0.012701821952303363,-0.00946372239747634,-0.16769958784918332,0.30262917321826893,-0.443391757460919,0.37866081795897305,65.35432617552206,0.059059265502919976,0.35745294424524476,False,34,0,25,100,38,C,-5,39.3,13.8,41.35,41.35,Persistence
MC,Moelis & Company Class A Common Stock,Financial Services,Capital Markets,United States,その他,67.69999694824219,5.0352768,53.932187068862916,0.2697688241129468,0.3975405616626187,-0.13249710493384229,0.32945761987768957,0.2998943169480468,0.1534769358040082,54.874365925464154,0.0376813664153803,0.11171994350531897,True,21,36,49,85,100,S,-20,18.5,29.75,48.2,48.2,Persistence
MCB,Metropolitan Bank Holding Corp. Common Stock,Financial Services,Banks - Regional,United States,その他,96.62999725341797,1.197709184,11.439542224845885,0.11922622915521172,0.09443895049129969,-0.031144760553503428,,-0.43479304385988976,0.0013293819700193176,65.50343104605659,0.08008048015340641,0.0,True,35,14,25,100,40,C,-25,20.25,4.5,21.75,21.75,Persistence
MCD,McDonald's Corporation Common Stock,Consumer Cyclical,Restaurants,United States,その他,284.80999755859375,202.359177216,1224.8410590505982,0.03722993827160494,0.016669935281427732,0.09977568803381934,0.5740747628789288,0.07703836930455636,0.9210115097034361,56.56645319756976,-0.008782544113934627,0.15456682195385013,False,28,24,40,25,90,S,-40,0.0,0.0,6.25,6.25,Persistence
MCO,Moody's Corporation Common Stock,Financial Services,Financial Data & Stock Exchanges,United States,その他,447.8500061035156,78.228840448,443.0938390386963,0.08888261851015801,0.19810682893847195,0.08193123628383321,0.7443638248250842,0.021420071400238,0.46437144662034113,49.030394109903426,-0.0007069747622955082,0.16627017321633625,False,17,24,54,40,90,S,-20,7.75,13.0,37.7,37.7,Persistence
MCY,Mercury General Corporation Common Stock,Financial Services,Insurance - Property & Casualty,United States,その他,100.93000030517578,5.5903744,25.67507812763214,0.09438817393349773,0.18273637791003214,0.2708062384815427,,0.03812189763859779,0.06138221080554091,50.580115998713666,0.03970156142334326,0.016345249355654724,True,2,24,57,85,75,A,-20,1.75,18.25,47.599999999999994,47.599999999999994,Persistence
MDU,"MDU Resources Group, Inc. Common Stock (Holding Company)",Utilities,Utilities - Regulated Gas,United States,その他,21.110000610351562,4.412116992,38.598052865982055,0.06660379140125758,-0.02516092254867602,0.03208038926388058,0.3261655856380522,-13.484980005851945,0.3511916366469235,36.189511307709445,-0.027702396012920988,0.06795023530051786,True,22,0,10,85,77,A,0,36.95,20.45,42.15,42.15,Persistence
MET,"MetLife, Inc. Common Stock",Financial Services,Insurance - Life,United States,その他,88.83999633789062,57.162924032,318.5060454707336,0.07875262009667622,0.03234021255924868,0.007788277529706716,,,0.02708524006731386,66.34745344350547,0.12018935455151368,0.0,True,30,0,22,40,25,D,-20,11.0,0.0,7.100000000000001,11.0,Acceleration
MGM,MGM Resorts International Common Stock,Consumer Cyclical,Resorts & Casinos,United States,その他,48.970001220703125,12.529035264,297.6188551689148,0.01723483799381052,0.06658496785096542,0.23132869700479566,0.4441938538859438,0.20508603802605152,0.7583497676523971,79.15058272507875,0.21494958826781593,0.033931691706528835,True,9,12,44,65,22,D,-10,8.7,10.95,34.85,34.85,Persistence
MGY,Magnolia Oil & Gas Corporation Class A Common Stock,Energy,Oil & Gas E&P,United States,電力/エネルギー,27.6200008392334,5.260819968,57.0556024336338,-0.0030709347162292174,0.07246008285390378,-0.27590199546412997,0.47294688015733566,-0.05749318738324108,0.14173267674603493,37.689981146820585,-0.042395561829195884,0.14145549053206888,True,8,0,33,85,90,S,0,27.75,21.75,57.400000000000006,57.400000000000006,Persistence
MH,"McGraw Hill, Inc. Common Stock",Consumer Defensive,Education & Training Services,United States,その他,11.760000228881836,2.249407744,5.98778051653862,0.0007052780208813691,0.0718299312718633,0.006522834026347013,0.8092340571842717,-0.7376252519465317,0.48230715004098973,47.82609163041246,-0.06300791887967311,0.34630348090599805,False,15,35,44,100,63,B,0,32.55,47.55,61.800000000000004,61.800000000000004,Persistence
MHK,"Mohawk Industries, Inc. Common Stock",Consumer Cyclical,"Furnishings, Fixtures & Appliances",United States,その他,107.63999938964844,6.560996352,71.60589499397278,-0.004752281556533695,-0.02678018158795161,-0.05129035281287541,0.23872086338939677,-0.09315673289183223,0.1795313904130106,58.16199082999022,0.04327193440792086,0.22976744622791817,False,30,0,25,85,90,S,0,44.25,21.75,53.0,53.0,Persistence
MHO,"M/I Homes, Inc. Common Stock",Consumer Cyclical,Residential Construction,United States,その他,141.3300018310547,3.641750528,28.783974822921753,-0.01928864933502343,0.11681362746318212,-0.023694429457570363,0.24104137348591975,-0.25437342034450355,0.21557547688201587,66.83239038915471,0.08769770653877473,0.10106856167328411,True,0,0,25,85,65,A,0,19.25,19.25,48.0,48.0,Persistence
MIR,"Mirion Technologies, Inc. Class A Common Stock",Industrials,Specialty Industrial Machinery,United States,その他,16.559999465942383,4.051498496,64.7403243121338,0.07504646840148699,0.07479086028218254,0.11577040958484257,0.47395720769397015,1.125248508946322,0.34383099690644076,37.44740750569261,-0.11241654685208914,0.44336136248933167,False,41,47,46,85,45,C,0,48.0,52.5,55.55,55.55,Persistence
MKC,"McCormick & Company, Incorporated Common Stock",Consumer Defensive,Packaged Foods,United States,その他,48.95000076293945,13.15987456,179.5199670480156,0.017341642250546574,0.0092311848938789,0.049082749389811824,0.3789599871350672,0.14435857805255023,0.31544498651556013,56.78868613861922,-0.004096716283807489,0.35053374676910515,False,24,24,42,65,73,A,-20,15.049999999999997,15.049999999999997,33.95,33.95,Persistence
MKL,Markel Group Inc. Common Stock,Financial Services,Insurance - Property & Casualty,United States,その他,1846.0,23.100309504,141.71742,-0.024902447439287444,0.06596941436343139,0.3301754728431419,,0.09206738734039756,0.062460022886566366,46.95268421457699,-0.00812967660925714,0.15780825665163217,False,2,12,38,65,90,S,-20,0.25,7.75,35.150000000000006,35.150000000000006,Persistence
MLI,"Mueller Industries, Inc. Common Stock",Industrials,Metal Fabrication,United States,その他,138.08999633789062,15.268696064,76.39483822402954,0.1087308153384954,0.10186720930198562,-0.1411466042930805,0.2901640211298329,0.2137757311673045,0.007363993154084793,56.79705385795322,0.05682543906789954,0.016860708283587197,True,40,26,30,65,60,B,0,45.75,35.25,44.75,45.75,Acceleration
MLM,"Martin Marietta Materials, Inc. Common Stock",Basic Materials,Building Materials,United States,その他,577.3300170898438,34.666299392,331.38742980957034,0.0861886259272342,-0.03230217056913348,-0.050316507060542116,0.3071544715447154,0.6192052980132451,0.304900860456416,63.134939868587026,-0.02172564139431431,0.18252079828493983,False,43,12,30,40,70,A,0,45.25,22.0,40.5,45.25,Acceleration
MMI,"Marcus & Millichap, Inc. Common Stock",Real Estate,Real Estate Services,United States,その他,30.15999984741211,1.140705664,8.21241715845108,0.08490072694882625,0.07761403378400346,-0.5037857894615544,0.3769684674424887,3.0,0.09460456007156846,60.183765573149444,0.06038870944835309,0.07536647003946695,True,49,30,34,100,52,B,-5,51.95,37.7,49.1,51.95,Acceleration
MMM,3M Company Common Stock,Industrials,Conglomerates,United States,その他,158.32000732421875,82.574532608,632.0229684387207,0.015178026449643948,-0.0014221861032100772,-0.05928672451358893,0.39911014911014914,1.188087774294671,0.33397821535525934,66.87715370371345,0.06414727301202554,0.08451477825623115,True,46,12,30,40,65,A,0,47.0,21.5,39.5,47.0,Acceleration
MMS,"Maximus, Inc. Common Stock",Industrials,Specialty Business Services,United States,その他,62.279998779296875,3.27221376,38.96828383621216,0.023572249579124183,0.08185346873465767,0.0591036355289485,0.2455119202191161,-0.08704010292518974,0.35486366235432676,55.62310183113147,-0.0174484481999925,0.36413150583689535,False,0,12,33,85,73,A,0,20.05,29.05,54.00000000000001,54.00000000000001,Persistence
MO,"Altria Group, Inc.",Consumer Defensive,Tobacco,United States,その他,71.94000244140625,120.131977216,560.2226974121094,-0.01491880258266484,-0.0028289922934347867,-0.008990719257540603,0.7220815333432643,0.053768435721751245,0.7341862523916954,42.88824258611172,0.03424482846819427,0.03501006711615448,True,17,12,32,25,87,S,-10,15.200000000000003,11.450000000000003,31.25,31.25,Persistence
MOD,Modine Manufacturing Company Common Stock,Consumer Cyclical,Auto Parts,United States,その他,274.5,14.497932288,407.196045,0.2313141087671763,0.07297117700805715,0.04782627616519431,0.22982616076200058,-0.1848414539829853,0.16312719659014432,54.168658796910464,0.051344682862711793,0.10554274529115056,True,39,5,45,65,85,S,0,47.5,22.0,58.0,58.0,Persistence
MOG-A,Moog Inc. Class A Common Stock,Industrials,Aerospace & Defense,United States,防衛/宇宙,395.1000061035156,12.517778432,126.24630495025635,0.06973310870721759,0.0882850500122128,0.09236727394546976,0.27388007741753667,1.798417162665969,0.21366340906292397,83.28089264305613,0.2094414529736287,0.02550314787792788,True,12,24,42,65,10,D,0,19.75,28.75,41.35,41.35,Persistence
MOS,Mosaic Company (The) Common Stock,Basic Materials,Agricultural Inputs,United States,その他,22.690000534057617,7.211940864,198.5976331744194,0.0835760779659798,-0.18788560247077635,-0.2838715412126409,0.15780259533370947,-12.278481012658228,0.2156649686888534,51.039262750273444,-0.019545989131981585,0.37886437933664957,False,33,19,10,85,73,A,0,44.8,34.3,41.35,44.8,Acceleration
MPC,Marathon Petroleum Corporation Common Stock,Energy,Oil & Gas Refining & Marketing,United States,電力/エネルギー,263.5799865722656,76.948652032,594.8038229985046,-0.044395955755271346,-0.06412632515382904,-0.16384056623443954,0.07537358985372912,-0.2226027397260274,0.4092430468703472,57.364338158867646,0.08029788076893081,0.013584839635095592,True,30,12,17,40,60,B,0,34.5,21.0,31.35,34.5,Acceleration
MRSH,Marsh Common Stock,Financial Services,Insurance Brokers,United States,その他,168.67999267578125,81.269088256,470.2722289804077,0.1031564314334778,0.07573891625615764,0.0972972972972973,0.422667803268967,0.2546412443552434,0.36533810253789817,57.609048573584445,0.007119606160231586,0.21741022148386638,False,32,26,42,40,90,S,-20,19.0,14.5,31.1,31.1,Persistence
MS,Morgan Stanley Common Stock,Financial Services,Capital Markets,United States,その他,214.0399932861328,337.602052096,1269.226124387741,0.14482567119626524,0.1372490970454142,0.009101772555267874,,-8.898571428571428,0.2608926471727207,63.89066196684252,0.10568732994096008,0.019379717338750355,True,35,14,18,10,25,D,-30,0.25,0.0,0.0,0.25,Acceleration
MSA,MSA Safety Incorporated Common Stock,Industrials,Security & Protection Services,United States,その他,159.88999938964844,6.172407808,54.01244069381714,0.036874357074120366,0.011463672637830623,0.1699620341725171,0.4646396922574719,0.21974773435725933,0.2454945908469159,31.203256316685938,-0.04553136886035835,0.20816693786417173,False,31,12,50,85,80,S,0,44.0,29.75,64.75,64.75,Persistence
MSCI,MSCI Inc. Common Stock,Financial Services,Financial Data & Stock Exchanges,United States,その他,599.1199951171875,43.572555776,377.0741425268555,0.09745046440495664,0.12938645746010155,0.12466523584918247,0.8244143566720764,0.05198379527287598,1.1065080871252209,54.021767553590976,0.02513786354143473,0.06944382956039957,True,17,24,55,40,87,S,-40,0.0,0.0,17.650000000000006,17.650000000000006,Persistence
MSGE,Madison Square Garden Entertainment Corp. Class A Common Stock,Communication Services,Entertainment,United States,その他,73.48999786376953,3.476461312,30.957661600112914,-0.017232985671321272,0.12656430564559318,0.30299775053941147,0.43181958007242766,0.06878337256703221,0.7191297140687563,70.50054234561432,0.10503631264895995,0.010502205662475858,True,6,12,32,85,10,D,-10,8.25,12.75,30.85,30.85,Persistence
MSGS,Madison Square Garden Sports Corp. Class A Common Stock (New),Communication Services,Entertainment,United States,その他,384.67999267578125,9.261596672,94.83900539428711,0.011751946406996453,0.1574201050879658,0.08046834860486465,0.27338003502626973,-0.029708866343184825,0.8042694575735893,76.73086495588905,0.10123972471349102,0.022861207497054677,True,0,0,27,85,10,D,-20,0.0,0.0,18.1,18.1,Persistence
MSI,"Motorola Solutions, Inc. Common Stock",Technology,Communication Equipment,United States,通信/光通信,412.25,68.431679488,471.24915875,0.07996671905334196,0.08408498697133694,0.0950395083406497,0.5166067454203047,0.20524835988753515,0.5036876579503843,57.09570904611131,-0.022856047971135444,0.15224207382328833,False,13,24,42,40,90,S,0,24.75,33.0,51.1,51.1,Persistence
MSM,"MSC Industrial Direct Company, Inc. Common Stock",Industrials,Industrial Distribution,United States,その他,116.69000244140625,6.515305984,82.28687247161865,-0.013459999879611124,-0.04697374741911395,0.08596917624644052,0.40751464178074615,-0.22619743647402743,0.218843620636994,75.26031501066679,0.1213822371676194,0.0044364529231985346,True,22,0,29,85,10,D,0,30.25,13.75,39.2,39.2,Persistence
MTB,M&T Bank Corporation Common Stock,Financial Services,Banks - Regional,United States,その他,231.8800048828125,33.957681152,240.77144367004394,0.04344058065215036,-0.017769738242179187,0.17284412829152626,,-0.15733647613435475,0.060938597723760014,76.90129293493098,0.07951168125335678,0.012116461462272915,True,18,12,25,40,25,D,-20,2.0,0.0,8.75,8.75,Persistence
MTDR,Matador Resources Company Common Stock,Energy,Oil & Gas E&P,United States,電力/エネルギー,54.04999923706055,6.711833088,92.4298226953125,0.05103712088504662,0.23471467596245202,-0.11858420201589202,0.4578431806906797,-0.13710590310635304,0.29777468541451746,42.80955524814893,-0.0681836764311472,0.1685680204291372,True,8,0,29,85,90,S,0,27.75,21.75,55.2,55.2,Persistence
MTG,MGIC Investment Corporation Common Stock,Financial Services,Insurance - Specialty,United States,その他,25.809999465942383,5.458563584,43.632965547151564,0.004889333800324741,0.04556221009053746,-0.01507778493074178,,0.1767128359429612,0.09731747306945146,46.984118141794134,-0.0273553932216374,0.1257445890402153,False,2,12,30,85,90,S,-20,3.25,10.75,35.75,35.75,Persistence
MTH,Meritage Homes Corporation Common Stock,Consumer Cyclical,Residential Construction,United States,その他,74.44000244140625,4.972641792,63.00564586639404,-0.08326749246316913,0.041601229925604555,-0.02549112009646001,0.1973550557407371,1.3612557271868682,0.2478946279509024,76.96775142622809,0.12542335027790427,0.08379556724951805,True,12,25,30,85,35,C,0,25.25,35.0,44.75,44.75,Persistence
MTN,"Vail Resorts, Inc. Common Stock",Consumer Cyclical,Resorts & Casinos,United States,その他,133.30999755859375,4.75030528,105.18492082366943,0.02743527204958008,-0.0014442624743715225,0.14388941499149613,0.427801805928928,-0.15389664527228214,0.596107745308188,59.492814700975934,0.03768545428423928,0.1756809479315655,False,22,12,21,85,90,S,0,38.25,30.75,50.8,50.8,Persistence
MTZ,"MasTec, Inc. Common Stock",Industrials,Engineering & Construction,United States,その他,362.9700012207031,28.681367552,441.91053193618774,0.16220691993734448,0.025636186394489998,0.22682423610953445,0.12537328212943255,-0.7062728085775671,0.28207377970486747,41.784009144787845,-0.046694797009272336,0.17037326433937616,True,23,14,41,65,100,S,0,37.0,30.25,58.8,58.8,Persistence
MUR,Murphy Oil Corporation Common Stock,Energy,Oil & Gas E&P,United States,電力/エネルギー,38.84000015258789,5.567697408,64.70899385421752,-0.10890916909108135,-0.12475332385772202,-0.1827631310809594,0.2777702804436687,-0.7585809903682388,0.22391647968711512,53.08823706782057,0.001461129731883102,0.08335506781292676,True,30,0,25,85,100,S,0,45.25,22.75,55.0,55.0,Persistence
MUSA,Murphy USA Inc. Common Stock,Consumer Cyclical,Specialty Retail,United States,その他,622.530029296875,11.498555392,192.237273046875,-0.04249591242967156,-0.05969046977621299,-0.08174920349226523,0.1217189434585225,-0.03902439024390244,0.5804308265267256,75.14974068802802,0.14753628793524987,0.0,True,30,0,17,65,10,D,0,33.25,10.75,27.6,33.25,Acceleration
MWA,MUELLER WATER PRODUCTS Common Stock,Industrials,Specialty Industrial Machinery,United States,その他,25.81999969482422,4.040082944,31.852197123527528,0.08747242716969651,0.030571450968095947,0.02268718935385602,0.36140449045254247,-0.1013584117032393,0.24558159769427376,56.52173913043478,-0.03801236994491004,0.14755610074330808,False,37,12,41,85,90,S,0,49.5,30.75,61.8,61.8,Persistence
MYE,"Myers Industries, Inc. Common Stock",Consumer Cyclical,Packaging & Containers,United States,その他,27.100000381469727,1.017803392,7.8671301107406615,-0.012602223415335276,0.028551152611039434,-0.09613727798547492,0.33431023249392666,0.22514902382558288,0.444799317766154,77.01794105521732,0.21384229721862655,0.0,True,9,24,26,100,10,D,-5,17.75,29.0,36.3,36.3,Persistence
NATL,NCR Atleos Corporation Common Stock,Technology,Software - Application,United States,ソフトウェア,44.27000045776367,3.267033344,27.632891585731507,0.011382113821138212,0.028428093645484948,0.015526443474041727,0.2436839687643546,-0.024390243902439025,0.5111150317572336,42.70835816862567,-0.00629398504466807,0.08019947069788669,True,0,12,29,85,100,S,0,22.75,31.75,57.2,57.2,Persistence
NBHC,National Bank Holdings Corporation Common Stock,Financial Services,Banks - Regional,United States,その他,43.7400016784668,1.95915072,13.995050937042237,0.02526691809861646,-0.04443000340395954,0.2781903872308446,,0.09793750362532007,0.005518278005867951,65.95419215892423,0.04830389153604292,0.0,True,20,12,30,100,55,B,-25,10.5,4.5,27.5,27.5,Persistence
NCLH,Norwegian Cruise Line Holdings Ltd. Ordinary Shares,Consumer Cyclical,Travel Services,United States,その他,19.43000030517578,8.920510464,432.83725929832457,0.036703988364128595,0.10874096658636966,0.7651419558359621,0.4261907698243883,-2.3945648377402486,0.6479710821878374,72.13578157280915,0.06746512892382091,0.27876763474401844,False,4,0,24,85,23,D,-10,8.05,5.050000000000001,29.050000000000004,29.050000000000004,Persistence
NE,Noble Corporation plc A Ordinary Shares,Energy,Oil & Gas Drilling,United States,電力/エネルギー,46.93000030517578,7.487491584,55.15847190868378,0.0744812150363429,0.18107251475269773,0.8311868257314972,0.19727456561544304,3.0,0.26239736236194294,33.334253756029,-0.0394496583028145,0.12748845638789089,True,12,12,46,85,90,S,0,30.75,30.75,64.55,64.55,Persistence
NEE,"NextEra Energy, Inc. Common Stock",Utilities,Utilities - Regulated Electric,United States,電力/エネルギー,85.98999786376953,179.341197312,1228.341752434578,0.10742132266795944,-0.11954897915629224,0.341572819240313,0.6226834962790019,-0.32343025705857564,0.44950428025441774,43.251490222463936,-0.05052934184088248,0.11504052828971513,True,35,2,37,25,90,S,0,39.0,14.25,44.6,44.6,Persistence
NET,"Cloudflare, Inc. Class A Common Stock",Technology,Software - Infrastructure,United States,ソフトウェア,228.47999572753906,81.096589312,920.7595315822601,0.29845666035387564,0.2875515232370281,0.3296662055840556,0.745137889154528,0.5610460413983165,0.5828657697751719,54.34828446210605,0.055702519471322494,0.1620333284720404,True,48,17,89,40,85,S,0,50.5,27.25,75.95,75.95,Persistence
NEU,NewMarket Corp Common Stock,Basic Materials,Specialty Chemicals,United States,その他,833.3300170898438,7.664985088,88.47881456451417,-0.022030404534913683,0.03266320019240896,-0.024008978591210428,0.31462268945522276,0.06285679674131953,0.2796577775296245,76.96128631398138,0.17825030931221714,0.03677595117224786,True,6,12,30,85,22,D,0,19.45,23.95,42.15,42.15,Persistence
NFG,National Fuel Gas Company Common Stock,Energy,Oil & Gas Integrated,United States,電力/エネルギー,77.55000305175781,7.369992704,64.59798929206848,0.17108663571248606,-0.10532894219308289,-0.005615160888654676,0.46086590757312385,0.3895416589348673,0.3249257033750257,30.565157093678934,-0.0751804586239063,0.1920191671241945,False,39,33,34,85,70,A,0,49.0,44.5,53.95,53.95,Persistence
NGVT,Ingevity Corporation Common Stock ,Basic Materials,Specialty Chemicals,United States,その他,71.9800033569336,2.502866176,16.60434717437744,-0.02708107657695192,-0.012669683257918552,-0.2714140142660193,0.395255224391915,3.0,0.7526497486524135,68.45032174397588,0.004956418991661717,0.07563887481571932,True,16,30,24,100,67,A,-10,23.700000000000003,34.2,41.6,41.6,Persistence
NI,NiSource Inc Common Stock,Utilities,Utilities - Regulated Gas,United States,その他,47.209999084472656,22.634326016,167.0178824110794,0.21761287602427087,-0.009136484179169542,-0.05900249547055003,0.503989641986089,0.07858386535113175,0.45214968752352985,45.467434647762516,0.0014553408996748603,0.022162380320586282,True,49,29,10,65,75,A,0,54.0,39.0,36.75,54.0,Acceleration
NIC,Nicolet Bankshares Inc. Common Stock,Financial Services,Banks - Regional,United States,その他,148.5500030517578,3.156970496,31.0231826373291,0.1228270178765285,0.267180144243159,-0.07584270605165086,,0.2791491911324146,0.014682463688229216,59.28497263397546,0.019099241900026938,0.07513861701708244,True,10,26,38,85,87,S,-20,8.950000000000003,20.950000000000003,39.55000000000001,39.55000000000001,Persistence
NIQ,NIQ Global Intelligence plc Ordinary Shares,,,,その他,8.270000457763672,2.440777728,13.187177329940797,0.056839349544379,0.18893843713524677,0.19914585127763423,0.5564738948170732,1.1592526690391458,0.5695824757424287,44.35484088050339,-0.16584288785610773,0.5810536700277165,False,23,43,50,100,43,C,0,36.55,51.55,61.1,61.1,Persistence
NJR,NewJersey Resources Corporation Common Stock,Utilities,Utilities - Regulated Gas,United States,その他,55.09000015258789,5.5597696,30.896675685577392,0.1335195061170395,-0.08479648944418577,-0.3244982155755427,0.3568236682950208,-0.6658027127689143,0.4971381258844602,41.61567511398354,-0.007967486350650546,0.04501716838240278,True,39,14,6,85,87,S,0,50.7,31.950000000000003,41.95,50.7,Acceleration
NKE,"Nike, Inc. Common Stock",Consumer Cyclical,Footwear & Accessories,United States,その他,44.93000030517578,66.536255488,968.4176321777344,-0.09838012538452552,0.0028310912392369722,0.09648897452365661,0.42734673605562634,-0.506120598458516,0.3012110773941332,52.64243104270412,0.023129228810374956,0.4174290176897225,False,4,0,25,40,65,A,0,15.5,12.5,36.75,36.75,Persistence
NMAX,"Newsmax, Inc. Class B Common Stock",Communication Services,Broadcasting,United States,その他,8.1899995803833,1.057825664,12.772058645620346,0.10664743342972464,0.2642037084663937,,0.39323877343194685,-1.1557441055695443,0.03900494472473373,55.69620198590268,0.14680178167451127,0.48425695709312383,False,9,2,14,100,35,C,-15,10.25,5.0,24.700000000000003,24.700000000000003,Persistence
NNI,"Nelnet, Inc. Common Stock",Financial Services,Credit Services,United States,その他,130.3000030517578,4.682203648,18.014626921920776,0.15865671987383273,0.20406403661123076,-0.3016560004326585,,-0.38200150470336625,0.5532598874712444,55.11777232082532,-0.016820368864065776,0.09429277686233715,False,5,14,17,85,90,S,-20,5.5,12.25,28.6,28.6,Persistence
NOC,Northrop Grumman Corporation Common Stock,Industrials,Aerospace & Defense,United States,防衛/宇宙,550.3300170898438,78.165286912,543.5554545794678,0.022445348865547242,0.04436243318910664,0.07343860991202666,0.19814558802497975,0.2617321632964517,0.3312571773361621,48.65308844492434,-0.05973622537998598,0.2802894644376299,False,5,24,38,40,63,B,0,16.05,30.3,43.5,43.5,Persistence
NOG,"Northern Oil and Gas, Inc. Common Stock",Energy,Oil & Gas E&P,United States,電力/エネルギー,20.790000915527344,2.261622528,57.33456057483673,-0.03175119618109394,0.1346359665843213,-0.03967624098725046,0.3222820932489252,1.9501486333622708,0.4428225072212594,31.862758847662747,-0.15527633780036088,0.31544281703281857,False,16,25,26,100,41,C,0,31.1,37.85,47.5,47.5,Persistence
NOV,NOV Inc. Common Stock,Energy,Oil & Gas Equipment & Services,United States,電力/エネルギー,21.1299991607666,7.583313408,70.05408226761818,-0.014205186020293123,0.03343819177443784,0.18598866933812352,0.2020814272644099,-0.080797481636936,0.20724470817465238,54.13766123457598,0.056222398679775035,0.01070275150461397,True,0,0,25,85,60,B,0,18.75,18.75,47.0,47.0,Persistence
NOW,"ServiceNow, Inc. Common Stock",Technology,Software - Application,United States,ソフトウェア,102.1500015258789,105.348120576,3652.5730078107836,0.20884923525127458,0.22438970014491139,0.23823326432022085,0.7753426720891701,0.3431111111111111,0.09228819417774023,50.01278064781799,0.027943159090043898,0.51109898728259,False,29,29,100,25,65,A,0,32.0,32.0,74.25,74.25,Persistence
NPKI,NPK International Inc. Common Stock,Industrials,Building Products & Equipment,United States,その他,14.979999542236328,1.265016576,12.837784707698821,0.2738253428909048,0.04739270303590692,0.07593539662060282,0.36369805409268596,3.0,0.060528615214665044,43.63206146703974,-0.004095340604684025,0.08379209830392964,True,46,65,54,100,100,S,-5,54.5,68.75,69.7,69.7,Persistence
NPO,Enpro Inc. Common Stock,Industrials,Specialty Industrial Machinery,United States,その他,334.6000061035156,7.06898176,62.6923301435852,0.09020692285687042,-0.010006608137449259,-0.036299126637554587,0.4263972710574652,0.1776923076923077,0.2508449117536613,66.96130807584082,0.12229963157124284,0.0012238549600240782,True,36,12,30,85,25,D,0,42.25,24.25,42.75,42.75,Persistence
NRG,"NRG Energy, Inc. Common Stock",Utilities,Utilities - Independent Power Producers,United States,電力/エネルギー,125.47000122070312,26.472472576,320.14047221466063,0.09182367579097049,-0.024043298754466917,-0.0862314935167866,0.19379415882525314,-0.5787444933920705,0.5704186684969115,34.94810275812287,-0.1319930763449009,0.3161210362674995,False,30,0,17,65,41,C,0,36.35,13.850000000000001,33.800000000000004,36.35,Acceleration
NRP,Natural Resource Partners LP Limited Partnership,Energy,Thermal Coal,United States,電力/エネルギー,104.0,1.37804288,6.39808,-0.17421345402751534,-0.16559852344239517,-0.10493926878705213,,,0.044205701763177056,55.719552001338464,-0.06366856716161916,0.16476535194986394,False,0,0,10,100,80,S,-5,18.0,18.0,41.5,41.5,Persistence
NSP,"Insperity, Inc. Common Stock",Industrials,Staffing & Employment Services,United States,その他,36.599998474121094,1.396992128,25.740778926849366,0.03510104847287646,0.014646931853222325,0.09210304765111972,0.13211978860833823,-1.6410788381742738,0.19745801180208805,65.75140552374378,0.17056355583322144,0.3650806150620859,True,18,0,22,100,33,D,-15,16.8,3.3000000000000007,28.700000000000003,28.700000000000003,Persistence
NUE,Nucor Corporation Common Stock,Basic Materials,Steel,United States,その他,266.3500061035156,60.658802688,378.9001964326477,0.0572655690765927,-0.11465114939217606,-0.16375987666216998,0.11934510986643689,-1.2332506203473945,0.20285437556973565,78.04998943372755,0.1913175240541288,0.0,True,30,0,10,40,10,D,0,29.5,7.0,17.5,29.5,Acceleration
NVR,"NVR, Inc. Common Stock",Consumer Cyclical,Residential Construction,United States,その他,6374.93017578125,17.20779776,211.5520578833008,-0.019132606969687972,0.10578854142927097,-0.09521452585225663,0.23094950659190888,-0.18467794090317785,0.1797687525717398,67.00822320969111,0.012281589733139087,0.2537831937514632,False,0,0,25,65,53,B,0,15.05,15.05,40.6,40.6,Persistence
NWN,Northwest Natural Holding Company Common Stock,Utilities,Utilities - Regulated Gas,United States,その他,49.86000061035156,2.098126336,13.188967361450196,0.11827381582211183,-0.037145660660974134,0.15435632807732758,0.4019480937486185,-0.018808147621549778,0.43505986096087246,49.60091378780879,-0.0283178747991243,0.09808100785833279,True,33,21,6,100,100,S,0,49.75,40.75,48.3,49.75,Acceleration
NYT,New York Times Company (The) Common Stock,Communication Services,Publishing,United States,その他,73.37999725341797,11.877484544,123.76380406757355,0.09242323522121149,0.06585201586710149,0.051046193315401105,0.5080519151352357,0.4436105407524539,0.012210510862203004,42.315153872072365,-0.060074329319883574,0.14535293813437225,True,46,24,50,65,90,S,0,53.25,36.75,61.75,61.75,Persistence
OBDC,Blue Owl Capital Corporation Common Stock,Financial Services,Asset Management,United States,その他,11.180000305175781,5.548694528,36.23963558921814,0.0659541870071348,-0.20613153831019002,0.5656756126021003,,,0.5411310652368898,53.807116919858046,-0.007386864271271949,0.18678492553857357,False,18,12,10,85,90,S,-20,15.25,10.75,24.75,24.75,Persistence
OBK,"Origin Bancorp, Inc. Common Stock",Financial Services,Banks - Regional,United States,その他,50.13999938964844,1.549531136,6.096522525787353,0.10487641381347604,-0.0011065336556467264,0.07963425280666554,,0.7186755212069325,0.002309269097872412,67.02900186588653,0.08259597367040665,0.0,True,32,14,30,100,40,C,-25,18.0,4.5,24.5,24.5,Persistence
OC,Owens Corning Inc Common Stock New,Industrials,Building Products & Equipment,United States,その他,121.44000244140625,9.779359744,131.625175446167,0.025581159273170236,0.17666029622551363,-0.14230099375064031,0.28090666138770665,-0.22730923694779118,0.43952234206471497,56.014369378686006,0.019989941553890875,0.2146236634689557,True,0,0,17,85,100,S,0,22.75,22.75,50.6,50.6,Persistence
ODC,Oil-Dri Corporation Of America Common Stock,Basic Materials,Specialty Chemicals,United States,その他,94.44999694824219,1.368423168,10.70543490409851,,0.0594788158471361,0.184836584057443,,0.11486060796975901,0.19943599216029104,78.78966911409557,0.23666209027189025,0.041992083816087246,True,2,12,30,100,22,D,-5,13.7,21.2,40.9,40.9,Persistence
OFG,OFG Bancorp Common Stock,Financial Services,Banks - Regional,United States,その他,48.060001373291016,2.030938368,12.986533271083832,0.029175202515213227,0.03248815495336184,0.1329668520901289,,-0.05432023796533942,0.03848549659275881,71.1673603935089,0.07295948478108849,0.0,True,0,12,37,100,25,D,-20,0.0,6.5,30.35,30.35,Persistence
OGE,OGE Energy Corp Common Stock,Utilities,Utilities - Regulated Electric,United States,電力/エネルギー,47.79999923706055,9.864692736,65.10049196092605,0.09205105014571399,0.11629211382417828,-0.2077791272921172,0.45047697923376584,1.2973750449478605,0.3939459309001079,45.61610308723862,0.0013008386268888816,0.04131571095214414,True,20,37,34,85,87,S,0,36.45,49.2,57.35000000000001,57.35000000000001,Persistence
OGS,"ONE Gas, Inc. Common Stock",Utilities,Utilities - Regulated Gas,United States,その他,77.77999877929688,4.881669632,55.323746431732175,0.1650398021077407,-0.1215991635715159,-0.07991256805165234,0.35841145442830846,0.6164556659517137,0.38107375915556657,35.323394887172384,-0.07296604142134218,0.13473689195707217,False,36,26,10,85,70,A,0,46.75,39.25,40.75,46.75,Acceleration
OI,"O-I Glass, Inc. Common Stock",Consumer Cyclical,Packaging & Containers,United States,その他,9.170000076293945,1.405757056,27.859010431785585,-0.01607717041800643,-0.08078817733990148,0.03631855309218203,0.17258014316837847,2.3125,0.540841718056908,55.555557286990165,-0.02515254221767868,0.44858685874574444,False,30,25,22,100,65,A,-5,39.0,35.25,45.1,45.1,Persistence
OII,"Oceaneering International, Inc. Common Stock",Energy,Oil & Gas Equipment & Services,United States,電力/エネルギー,39.38999938964844,3.928965376,32.55957654548645,0.04621854897167064,0.09751903942168659,0.1735757113457149,0.20417031229571905,1.1633048148379441,0.3273550250557315,52.6632284104789,0.043311032097247924,0.010301503901294803,True,12,24,46,85,75,A,0,29.25,38.25,61.55,61.55,Persistence
OKE,"ONEOK, Inc. Common Stock",Energy,Oil & Gas Midstream,United States,電力/エネルギー,90.58999633789062,57.074671616,319.5688946813965,0.5498663471287676,0.22747072467047577,-0.21038995845803368,0.25995420619108506,-0.14649459365190093,0.4924295853903753,42.11008172556003,0.03134967520752313,0.04882404063605953,True,48,22,25,40,87,S,0,50.7,31.200000000000003,41.150000000000006,50.7,Acceleration
OKLO,Oklo Inc. Class A common stock,Utilities,Utilities - Independent Power Producers,United States,電力/エネルギー,57.4900016784668,10.002742272,827.0425406461716,,,,,-1.978137421919364,0.0009486691480362221,38.81035355197824,-0.10374369845336971,0.6698633175607773,False,0,0,10,65,45,C,-10,4.25,4.25,20.75,20.75,Persistence
OLN,Olin Corporation Common Stock,Basic Materials,Chemicals,United States,その他,25.1299991607666,2.862250752,47.99528279716492,0.03680371859757496,-0.042865505634421194,-0.2712399479533286,0.07395882491741387,-0.19539110678351185,0.42855387807474954,42.26802265486076,-0.0649543967089342,0.16030890617568258,True,30,0,17,100,90,S,0,46.5,24.0,52.35,52.35,Persistence
OMC,Omnicom Group Inc. Common Stock,Communication Services,Advertising Agencies,United States,その他,76.68000030517578,21.854275584,249.07427739128113,0.10088532803028855,0.06785232980765304,0.028210314155545136,0.08494143666880888,0.7505179232845753,0.19725150830740618,58.45992474831912,0.02518660860841105,0.08772692116625641,True,44,14,42,65,100,S,0,52.75,30.25,59.35,59.35,Persistence
OMF,"OneMain Holdings, Inc. Common Stock",Financial Services,Credit Services,United States,その他,56.709999084472656,6.551760384,58.8635612997055,0.09543751377562266,0.060046728971962615,0.01929030721600381,,,0.8286110705418431,62.766798919581035,0.027049798768048066,0.17502923654034255,False,30,12,12,85,70,A,-40,2.25,0.0,1.8500000000000014,2.25,Acceleration
ONTO,Onto Innovation Inc. Common Stock,Technology,Semiconductor Equipment & Materials,United States,半導体,323.8800048828125,16.110947328,451.09683200073243,0.01817240796053158,0.2101479651120034,-0.18833883979335106,0.4971534812282955,0.40243155122489743,0.007380452507263252,69.0887642870916,0.1868048927668567,0.0,True,13,12,38,65,25,D,0,22.0,21.25,42.150000000000006,42.150000000000006,Persistence
OPFI,OppFi Inc. Class A Common Stock,Financial Services,Credit Services,United States,その他,8.359999656677246,1.204103168,5.6280771688699724,0.1351558949964161,0.03342967566494875,0.12385753623092398,0.8324059961477264,0.22971981621385087,0.4412961317614608,53.511709952574584,-0.030679722473895856,0.42778919554207834,False,49,40,49,100,65,A,-25,33.25,26.5,39.95,39.95,Persistence
OPLN,"OPENLANE, Inc. Common Stock",Consumer Cyclical,Auto & Truck Dealerships,United States,その他,37.83000183105469,4.007941376,36.30185890708923,0.08163265306122448,0.05472666155569971,0.10888046037143605,0.4047040578960972,0.4032527105921601,0.1245898863323667,64.04624206080052,0.11015905068383414,0.022480592111975065,True,30,24,46,85,25,D,0,37.75,33.25,51.55,51.55,Persistence
OPY,"Oppenheimer Holdings, Inc. Class A Common Stock (DE)",Financial Services,Capital Markets,United States,その他,103.41000366210938,1.107314816,9.256229427795411,0.14350825412426982,0.14707505054751466,0.12411460194555786,0.36245010136923245,2.619885982562039,0.16883313655248006,69.41845983726034,0.02595705666593382,0.10604703349402844,True,24,46,64,100,80,S,-25,16.0,32.5,51.2,51.2,Persistence
ORA,"Ormat Technologies, Inc. Common Stock",Utilities,Utilities - Renewable,United States,その他,138.16000366210938,8.490423296,114.29493542953492,0.12492298108119783,0.060560099538957156,0.1297607194081936,0.2755665999355258,-2.708685626441199,0.45736850092883896,57.42261318666383,0.112898959757014,0.047829098204552736,True,23,14,22,85,57,B,0,35.7,28.95,44.75,44.75,Persistence
ORCL,Oracle Corporation Common Stock,Technology,Software - Infrastructure,United States,ソフトウェア,184.1300048828125,529.566367744,4754.162153422241,0.08379751137629576,0.06019537974936942,0.17704995287464656,0.70509939197547,-1.033370034725163,0.6183379761346155,47.08513606308774,-0.004409455606333004,0.434766711374539,False,30,12,32,10,65,A,-10,20.5,7.0,23.1,23.1,Persistence
ORI,Old Republic International Corporation Common Stock,Financial Services,Insurance - Property & Casualty,United States,その他,38.56999969482422,9.393880064,52.93925308113098,0.10986928422177948,0.13412601093950208,-0.10209812702575649,,,0.053236981250858094,46.70823642250478,-0.018480243064077712,0.11055188058978832,False,5,14,10,85,90,S,-20,5.5,12.25,24.75,24.75,Persistence
OSK,Oshkosh Corporation (Holding Company)Common Stock,Industrials,Farm & Heavy Construction Machinery,United States,その他,135.0500030517578,8.420544512,104.46117736053466,-0.02869471212092971,0.11102827736878618,0.16613136923448443,0.17452961438454084,1.183346065699007,0.10929867757436162,60.71106671040331,-0.032128461257848635,0.23765494732359485,False,12,12,30,85,70,A,-20,8.75,8.75,31.75,31.75,Persistence
OTF,Blue Owl Technology Finance Corp. Common Stock,Financial Services,Asset Management,United States,その他,11.149999618530273,5.158460416,23.158660707683563,1.2048944717931307,-0.09810465721546893,3.0,,,0.4273323343081429,60.236210864152845,-0.007424320691188547,0.22652603963236173,False,43,22,10,85,70,A,-30,22.0,6.25,10.75,22.0,Acceleration
OTIS,Otis Worldwide Corporation Common Stock ,Industrials,Specialty Industrial Machinery,United States,その他,70.75,27.147911168,244.37934375,0.01192062267723161,0.0036596523330283625,0.03829009864815491,0.30282031737232346,0.0048712595685455815,0.79892987890735,40.32568176785729,-0.0541499747363476,0.28578813471077996,False,24,12,36,65,63,B,-10,24.049999999999997,15.05,38.65,38.65,Persistence
OVV,Ovintiv Inc. (DE),Energy,Oil & Gas E&P,United States,電力/エネルギー,57.45000076293945,16.144518144,175.26185557748795,,,,,0.0613540197461213,0.3150564001961746,45.85208790238302,-0.007463449055315823,0.0892517581593276,True,2,24,26,65,100,S,0,21.25,37.75,50.55,50.55,Persistence
OWL,Blue Owl Capital Inc. Class A Common Stock,Financial Services,Asset Management,United States,その他,9.680000305175781,15.091607552,224.1373578662491,0.25038957893237296,0.3256042938124564,0.26420397715740856,0.544613609330153,0.2810829534471994,0.309806777265128,44.476741848925215,0.0192947956877305,0.5014347077560865,False,22,17,89,65,65,A,-20,12.75,9.0,58.2,58.2,Persistence
OXY,Occidental Petroleum Corporation Common Stock,Energy,Oil & Gas E&P,United States,電力/エネルギー,56.540000915527344,56.2366464,627.8611616666794,-0.019346927653390255,-0.04910174468820176,-0.3679095921821259,0.3493261705182235,-0.20691653786707884,0.27737391015133156,42.70371647851961,-0.017940634798266446,0.1424946232428415,True,34,0,25,40,100,S,0,41.5,16.0,43.75,43.75,Persistence
P,"Everpure, Inc. Class A common stock",Technology,Computer Hardware,United States,その他,72.30999755859375,24.036200448,302.7243585791016,0.15614059120676835,0.11924697795996002,0.028032994435312413,0.7038120388998382,0.1686750646742751,0.04636349847109456,36.40678986996735,-0.01563336772995354,0.26737588860805367,False,49,26,62,65,63,B,0,52.8,35.55,62.95,62.95,Persistence
PAG,"Penske Automotive Group, Inc. Common Stock",Consumer Cyclical,Auto & Truck Dealerships,United States,その他,180.9600067138672,11.897986048,51.239730701065064,-0.0017668398985714645,0.030672941633108533,0.11151257603865568,0.1640127638838675,-0.237218574108818,0.49559317410798004,81.77890968633496,0.10380253348002016,0.013751221439115158,True,0,0,17,65,10,D,0,10.75,10.75,27.6,27.6,Persistence
PARR,"Par Pacific Holdings, Inc.  Common Stock",Energy,Oil & Gas Refining & Marketing,United States,電力/エネルギー,55.81999969482422,2.799053568,55.54006239635468,-0.06392999548433204,-0.03128029732912777,0.12430985067165999,0.16216473645783794,3.0,0.32002595933055605,40.14406910920473,-0.08384869355728217,0.19335256999253156,True,18,74,26,100,90,S,0,37.5,79.5,57.3,79.5,Transition
PATH,"UiPath, Inc. Class A Common Stock",Technology,Software - Infrastructure,United States,ソフトウェア,10.550000190734863,5.466168832,493.5727386733675,0.12653882310808692,0.09295512785228947,0.23568437370404344,0.8317467334586718,0.15219766916850433,0.025555485656769,45.97457528662255,-0.01668374142789555,0.4530845158103275,False,50,71,72,85,65,A,0,56.75,72.5,73.85,73.85,Persistence
PAY,"Paymentus Holdings, Inc. Class A Common Stock",Technology,Software - Infrastructure,United States,ソフトウェア,21.1200008392334,2.656670976,17.919053512039184,0.37254242926543885,0.41864798450747776,0.2363959026239384,0.24767260032745317,3.0,0.01026224574589937,32.32170564959962,-0.15932265015542593,0.4574877813081991,False,26,32,85,100,33,D,0,37.8,42.3,78.35,78.35,Persistence
PAYC,"Paycom Software, Inc. Common Stock",Technology,Software - Application,United States,ソフトウェア,134.52000427246094,6.272276992,112.02825955810547,0.08947536108751063,0.11188522170396174,0.23160267597440373,0.8316518009455574,0.19875222816399288,0.011883611670417309,46.63656484482215,0.025712732408573687,0.4489434831443046,False,17,12,65,85,65,A,0,32.0,28.25,70.0,70.0,Persistence
PB,"Prosperity Bancshares, Inc. Common Stock",Financial Services,Banks - Regional,United States,その他,72.66999816894531,7.329110016,62.36539242858887,0.04906096397916514,0.07197264747296205,-0.04034385354598969,,0.14489961333528215,0.05069751328697327,65.64687868048674,0.05326469347175238,0.03533752849171788,True,2,24,30,85,52,B,-20,0.0,15.950000000000003,28.15,28.15,Persistence
PBF,PBF Energy Inc. Class A Common Stock,Energy,Oil & Gas Refining & Marketing,United States,電力/エネルギー,41.88999938964844,4.955941376,101.68923021835327,-0.11423722569325961,-0.13593025925771302,-0.1816238631825976,-0.0194665948459548,-1.2538129496402877,0.2237882011382576,55.79310754873739,0.009758765462845261,0.17678403371184595,True,30,18,10,85,100,S,-10,35.25,26.25,36.75,36.75,Persistence
PBI,Pitney Bowes Inc. Common Stock,Industrials,Integrated Freight & Logistics,United States,その他,17.31999969482422,2.345845504,46.05283998855591,-0.06610536475413477,-0.025170220185913392,-0.1626971548800326,0.5409734290238605,1.0219752881665147,0.6693669293087838,82.04334347043019,0.16738255292051335,0.0,True,26,54,28,100,10,D,-10,25.5,46.5,32.400000000000006,46.5,Transition
PBT,Permian Basin Royalty Trust Common Stock,Energy,Oil & Gas Midstream,United States,電力/エネルギー,28.450000762939453,1.326020224,4.8584066302871705,-0.4051790460358992,-0.06813305191197193,-0.46578670731521926,,,,39.399882532881556,0.12169686423333952,0.08193448717317446,True,0,0,0,100,60,B,-5,16.0,16.0,32.0,32.0,Persistence
PCG,Pacific Gas & Electric Co. Common Stock,Utilities,Utilities - Regulated Electric,United States,電力/エネルギー,16.950000762939453,37.32770816,300.86056429208753,0.02113108644907654,-0.000368429670869494,0.12675276752767528,0.39582915580509326,-0.3157669237360754,0.4331231330899436,58.27338573730912,0.008520403728829562,0.11048542688367982,True,22,12,6,40,100,S,0,32.5,25.0,33.3,33.3,Persistence
PCOR,"Procore Technologies, Inc. Common Stock",Technology,Software - Application,United States,ソフトウェア,42.36000061035156,6.391709184,97.12237399940491,0.14830234747001844,0.2123114493531647,0.3190864242442756,0.7952134919308678,0.6980941176470589,0.03234028489570424,40.25184954024862,-0.17435590523023078,0.4678391781109983,False,32,32,92,85,43,C,0,41.05,41.05,80.44999999999999,80.44999999999999,Persistence
PEG,Public Service Enterprise Group Incorporated Common Stock,Utilities,Utilities - Regulated Electric,United States,電力/エネルギー,79.69999694824219,39.716212736,219.74285408592223,0.1825072886297376,-0.08427516240989588,0.1466326530612245,0.3482084155161078,1.020850040096231,0.4203487564262887,53.58802051959538,0.01005086488355727,0.08659296936909619,False,39,39,26,40,90,S,0,44.25,44.25,42.3,44.25,Acceleration
PFGC,Performance Food Group Company Common Stock,Consumer Defensive,Food Distribution,United States,その他,104.06999969482422,16.348341248,161.52080232635498,0.08609465831177121,0.017928659131914063,0.12497715845255147,0.11716791287052382,-0.08248631743549648,0.4471623828378409,76.60549673864944,0.12027298759930069,0.042770432980766236,True,18,0,29,65,22,D,-20,5.449999999999999,0.0,16.6,16.6,Persistence
PFS,"Provident Financial Services, Inc Common Stock",Financial Services,Banks - Regional,United States,その他,23.520000457763672,3.06497792,20.47192599843979,0.2528676732011279,0.4495131268999735,-0.051565180739342346,,0.013294155841100608,0.09701605759003647,67.79662034535471,0.06116463634079345,0.0,True,11,29,45,85,40,C,-20,5.0,18.5,34.0,34.0,Persistence
PFSI,"PennyMac Financial Services, Inc. Common Stock",Financial Services,Mortgage Finance,United States,その他,81.66000366210938,4.2401856,43.84284766616821,0.5528853551652252,0.07629970858577323,0.1392563249084503,0.5925503376050335,0.6261137686601321,0.7846472838580857,39.32188796460212,-0.06741181525678772,0.48440682463172846,False,53,34,35,85,45,C,-40,17.0,2.75,9.5,17.0,Acceleration
PG,Procter & Gamble Company (The) Common Stock,Consumer Defensive,Household & Personal Products,United States,その他,149.61000061035156,348.381708288,1261.5698730467225,0.0029153131284284676,0.024790868960807746,0.022684475039594948,0.5116036258364577,-0.15008472524812394,0.28318068209948016,59.19601219617451,0.036535177120643615,0.09846544469131434,True,8,12,41,10,100,S,0,17.5,20.5,45.05,45.05,Persistence
PGR,Progressive Corporation (The) Common Stock,Financial Services,Insurance - Property & Casualty,United States,その他,203.11000061035156,118.514688,658.7070585294342,0.16317375204066734,0.2135850393827618,0.2520015326597697,,0.15949844950788727,0.056055397069221954,54.47761817207354,0.01934399686633942,0.19248052364516652,False,7,26,85,25,90,S,-20,0.0,12.25,51.0,51.0,Persistence
PH,Parker-Hannifin Corporation Common Stock,Industrials,Specialty Industrial Machinery,United States,その他,903.47998046875,113.916534784,733.5579831420898,-0.004014049172102358,0.045371098872279046,0.2019588430126378,0.3685138539042821,0.11963806970509383,0.31480979182206553,59.82563743819391,-0.002652986274429614,0.11485395279417533,True,6,24,30,25,100,S,0,18.25,31.75,42.75,42.75,Persistence
PHIN,PHINIA Inc. Common Stock,Consumer Cyclical,Auto Parts,United States,その他,85.16000366210938,3.152670976,27.644214588775636,0.023508668821627974,-0.027714285714285716,0.04540023894862605,0.21877691645133507,-0.07389162561576355,0.26722556981922974,74.78086527915109,0.1321610640884177,0.0,True,18,12,21,85,10,D,0,27.25,22.75,34.8,34.8,Persistence
PHM,"PulteGroup, Inc. Common Stock",Consumer Cyclical,Residential Construction,United States,その他,123.16999816894531,23.462203392,194.00506411590575,-0.03538188940182037,0.11738398306816429,0.003661755726855606,0.26412987604575866,0.11924091486056321,0.1272509515097247,64.89831353974519,0.02990287221124408,0.13417028060601985,False,2,12,30,65,70,A,0,18.25,25.75,46.75,46.75,Persistence
PII,Polaris Inc. Common Stock,Consumer Cyclical,Recreational Vehicles,United States,その他,70.93000030517578,4.034935808,56.0680373412323,-0.0032611422359729073,-0.1968794770773639,0.04021422750029107,0.19137304250559284,3.0,0.3401720579520608,59.59821750817132,0.12821435690882302,0.015883058550750166,True,30,25,26,85,45,C,0,39.75,36.0,44.55,44.55,Persistence
PINS,"Pinterest, Inc. Class A Common Stock",Communication Services,Internet Content & Information,United States,その他,20.209999084472656,11.320778752,413.3273225259781,0.15786472694880047,0.19347995513033903,0.09009467725027065,0.8006709039129825,0.3318138103890688,0.0477078846611844,56.23304902298795,0.008201246996239527,0.4840439104106083,False,28,14,65,65,65,A,0,37.25,26.75,65.0,65.0,Persistence
PIPR,Piper Sandler Companies Common Stock,Financial Services,Capital Markets,United States,その他,79.05000305175781,5.341996032,41.840376115264895,0.24444983589581637,0.1352363352684939,-0.05370859630206926,,0.8537330776438505,0.04487731838438414,45.30336579598821,-0.03120275949796318,0.1455048178762056,False,48,29,38,85,90,S,-20,37.75,23.5,40.150000000000006,40.150000000000006,Persistence
PJT,PJT Partners Inc. Class A Common Stock,Financial Services,Capital Markets,United States,その他,152.3699951171875,6.21640704,52.0092122833252,0.1476676911042696,0.294832038654783,0.12450158702297892,0.32428511657138387,-0.08948132481256586,0.22455879560558795,44.793185199164924,-0.012462444434472402,0.20137885574839,False,9,14,66,85,90,S,-20,8.5,12.25,55.55000000000001,55.55000000000001,Persistence
PKG,Packaging Corporation of America Common Stock,Consumer Cyclical,Packaging & Containers,United States,その他,228.22999572753906,20.334983168,158.72255052871705,0.07228656972791145,0.07445145083564031,-0.07968860580325549,0.21020546649906,0.39712368168744006,0.4069647102699175,63.373847847454556,0.056685904073873396,0.06796034771398779,True,5,12,22,65,52,B,0,18.7,23.95,38.75,38.75,Persistence
PL,Planet Labs PBC Class A Common Stock,Industrials,Aerospace & Defense,United States,防衛/宇宙,31.149999618530273,11.101938688,477.02392965826033,0.2593594486642221,0.10718816834016022,0.1539298113523236,0.5605130521533697,1.747535549158161,0.4036708138180968,33.20610881525552,-0.1990970343940925,0.39396889700777826,True,57,52,67,65,51,B,0,57.6,53.85,63.300000000000004,63.300000000000004,Persistence
PLNT,"Planet Fitness, Inc. Common Stock",Consumer Cyclical,Leisure,United States,その他,51.0099983215332,4.052375808,113.31029462156296,0.1205852136073673,0.10298265887320947,0.14363580465684286,0.5193626977126354,0.3492309810817109,0.9349032269498404,43.734930788484576,-0.14905333010648153,0.5507706125002738,False,39,26,58,85,43,C,-20,26.299999999999997,16.549999999999997,41.75000000000001,41.75000000000001,Persistence
PLOW,"Douglas Dynamics, Inc. Common Stock",Consumer Cyclical,Auto Parts,United States,その他,47.189998626708984,1.091277824,8.442998604297639,0.1539989164544137,0.0005737638556931103,-0.07773492536538175,0.2662589760278514,0.9074157438252153,0.34952872262849427,70.12111534966346,0.044040376669153114,0.06996458286016127,True,47,14,26,100,52,B,-5,50.45,25.7,44.699999999999996,50.45,Acceleration
PM,Philip Morris International Inc Common Stock,Consumer Defensive,Tobacco,United States,その他,184.3000030517578,287.242387456,800.3605447528839,0.07312952109403875,0.076874964462387,0.10742396574523015,0.6711769336744735,-0.010117887310869766,0.705861097058611,44.09467759388142,0.06932573518862803,0.039403719037546275,True,12,12,39,25,72,A,-10,9.95,9.95,32.1,32.1,Persistence
PNC,"PNC Financial Services Group, Inc. (The) Common Stock",Financial Services,Banks - Regional,United States,その他,237.66000366210938,95.435849728,443.72905133743285,0.10899130184054977,-0.03254451624901204,0.01870796627829876,,,0.099553325476139,73.9288823273261,0.07679078440313253,0.012348743115578884,True,23,14,10,40,25,D,-20,5.75,0.0,0.5,5.75,Acceleration
PNFP,"Pinnacle Financial Partners, Inc. Common stock",Financial Services,Banks - Regional,United States,その他,96.36000061035156,14.560653312,109.64419029449463,0.1775920255682453,0.09966321837169444,0.060350959489580365,,-0.17603193891669794,0.03821146804131622,47.94804875680453,0.008851472726806652,0.1818583318693699,True,35,14,45,65,100,S,-20,26.0,10.25,41.0,41.0,Persistence
PNW,Pinnacle West Capital Corporation Common Stock,Utilities,Utilities - Regulated Electric,United States,電力/エネルギー,103.44000244140625,12.535601152,127.74529981506348,0.041956598304557245,0.09133833518846182,0.08593268175705909,0.41600737386700487,-0.28176241687155523,0.47615286818394187,51.52811872766208,0.020914321980486303,0.0008885681848964631,True,4,12,18,65,75,A,0,20.25,26.25,41.15,41.15,Persistence
POR,Portland General Electric Co Common Stock,Utilities,Utilities - Regulated Electric,United States,電力/エネルギー,50.720001220703125,5.869826048,64.17069194442749,0.03953488372093023,0.17687307560725282,0.10426898375519456,0.479586129753915,0.8551020408163266,0.3743008314436886,54.57317309556116,0.003482138441579679,0.06455182444119119,True,17,12,34,85,87,S,0,34.2,30.450000000000003,57.35000000000001,57.35000000000001,Persistence
POST,"Post Holdings, Inc. Common Stock",Consumer Defensive,Packaged Foods,United States,その他,93.13999938964844,4.221345536,78.70329948425292,0.02971209309957464,0.13327134887712774,0.1947976483456385,0.2867579460903887,-0.028076463560334528,0.5692321338813163,39.87945472980586,-0.06047120254653827,0.18733095808712488,False,0,0,37,85,70,A,-20,0.0,0.0,35.6,35.6,Persistence
PPG,"PPG Industries, Inc. Common Stock",Basic Materials,Specialty Chemicals,United States,その他,119.33999633789062,26.600884224,227.29734382507326,0.0018933417481855476,-0.024442802610515946,0.04022031510183169,0.41316535433070867,0.6638054363376252,0.357317404289981,71.77843601487012,0.09344474793979263,0.08172388829179073,True,31,24,30,65,50,B,0,38.0,32.75,42.75,42.75,Persistence
PPL,PPL Corporation Common Stock,Utilities,Utilities - Regulated Electric,United States,電力/エネルギー,35.849998474121094,26.971758592,329.6314149699402,0.0685417159064051,0.018046198267564966,0.051885598582637305,0.42733908427339085,-2.0129032258064514,0.4276810184775882,48.00540370062419,-0.025254324091528634,0.09223590467390429,False,25,12,18,65,90,S,0,37.5,27.75,44.15,44.15,Persistence
PR,Permian Resources Corporation Class A Common Stock,Energy,Oil & Gas E&P,United States,電力/エネルギー,19.510000228881836,16.808569856,178.28940569160463,0.012893507233138176,0.6023407402945247,0.46433831550745686,0.4105420287526028,0.9132592816344464,0.20545768146097196,41.10898291992855,-0.04272647192922285,0.1336589772512261,True,13,12,54,65,100,S,0,29.5,28.75,65.95,65.95,Persistence
PRA,ProAssurance Corporation Common Stock,Financial Services,Insurance - Property & Casualty,United States,その他,24.719999313354492,1.275742976,26.357081267881394,-0.041170855193356504,-0.001963870097954656,0.02597658377200944,,-0.4808169884952613,0.07986867362119786,52.45095105951696,0.007023062550189862,0.0016155458464287016,True,0,0,10,100,75,A,-35,0.0,0.0,10.5,10.5,Persistence
PRG,"PROG Holdings, Inc. Common Stock",Industrials,Rental & Leasing Services,United States,その他,38.52000045776367,1.543325568,16.21807579273224,0.00422745209519812,0.02553228415390245,-0.0994962711128459,,1.4953728236911428,0.3738953110019324,68.22766925038181,0.14999806661180543,0.04043714341101477,True,12,12,26,100,37,C,-5,22.7,22.7,41.699999999999996,41.699999999999996,Persistence
PRI,"Primerica, Inc. Common Stock",Financial Services,Insurance - Life,United States,その他,282.010009765625,8.794202112,52.84444567993164,0.06557482123682846,0.12393492175934062,0.03426441353010836,,0.05074802487813078,0.12123356418348218,51.83681021645073,0.03992738640873925,0.0,True,2,24,42,85,75,A,-20,1.75,18.25,39.35,39.35,Persistence
PRIM,Primoris Services Corporation Common Stock,Industrials,Engineering & Construction,United States,その他,98.6500015258789,5.352249344,219.1544311397934,0.18974995288056795,0.11399226637271884,0.292879087200626,0.10734135104093784,-0.10817181770560502,0.21573120377512592,36.292429094172775,-0.28742412888025703,0.5138478098952782,False,23,14,62,85,25,D,0,32.5,25.75,60.35,60.35,Persistence
PRK,Park National Corporation Common Stock,Financial Services,Banks - Regional,United States,その他,180.1300048828125,3.259648512,15.72715072631836,0.07027373815565292,0.1177892718578971,-0.03570851811823749,,0.1313293843750921,0.001740232266902655,70.97415350154195,0.05419665077732291,0.0,True,2,24,30,85,25,D,-20,0.0,13.25,22.75,22.75,Persistence
PRLB,"Proto Labs, Inc. Common stock",Industrials,Metal Fabrication,United States,その他,78.94000244140625,1.878301952,16.297952904052735,0.06435944019645032,-0.005928034024176535,0.031693413977944215,0.4448039585314569,-0.1310515584037285,0.003991276042519468,65.93775726733088,0.1540024973297582,0.0,True,22,12,29,100,25,D,-5,29.0,21.5,40.95,40.95,Persistence
PRM,"Perimeter Solutions, SA Common Stock",Basic Materials,Specialty Chemicals,United States,その他,35.470001220703125,5.78611712,47.13714872222901,0.16381326564082085,0.7415525227563426,-0.10650892498023606,0.5746237336527474,0.1184505111161249,0.26652473966333295,71.1519887294713,0.1700015594907049,0.0,True,15,14,42,85,10,D,0,25.0,24.25,46.35,46.35,Persistence
PRMB,Primo Brands Corporation Class A Common Stock,Consumer Defensive,Beverages - Non-Alcoholic,United States,その他,24.149999618530273,8.763276288,88.81186509714126,0.29335274138767586,0.09657990508012855,0.058003647744928055,0.30315126050420166,-0.09893733968486625,0.5399705738106915,56.80198323512724,0.1140025321141607,0.19651720929996433,True,43,40,41,85,70,A,-20,32.0,29.75,37.8,37.8,Persistence
PRSU,"Pursuit Attractions and Hospitality, Inc. Common Stock",Consumer Cyclical,Travel Services,United States,その他,47.959999084472656,1.316466688,11.213047785949707,0.23446606710178777,0.04625661960974635,0.1702419093499751,0.9234710455177414,3.0,0.20221249708677524,71.41176111557904,0.12682672212115415,0.0,True,60,31,72,100,10,D,-5,56.0,34.25,61.599999999999994,61.599999999999994,Persistence
PRU,"Prudential Financial, Inc. Common Stock",Financial Services,Insurance - Life,United States,その他,108.5,37.68477696,194.150985,-0.13736116024053768,0.30240486501428177,-0.047748569824167336,,,0.029671465867087136,68.06247895958046,0.09116691456479561,0.06106303739608604,True,0,12,10,40,52,B,-20,0.0,0.1999999999999993,5.899999999999999,5.899999999999999,Persistence
PSN,Parsons Corporation Common Stock,Technology,Information Technology Services,United States,その他,56.70000076293945,6.06568192,67.48632540807724,-0.057229338651990584,0.24028795007816822,0.2973530679298029,0.22493382954301727,-0.13486919073426462,0.2396125926287981,59.56495327296686,0.03951248458930445,0.3649904784234419,False,0,12,40,85,73,A,0,20.05,29.05,57.85,57.85,Persistence
PSX,Phillips 66 Common Stock,Energy,Oil & Gas Refining & Marketing,United States,電力/エネルギー,179.4499969482422,71.947788288,380.3083785324097,-0.07528308872325414,-0.028806165577785467,-0.1328960527089829,0.09844684837130598,0.1702401372212693,0.26758957654723126,52.902369292352624,0.04490666823041472,0.03997867460080794,True,2,24,26,40,87,S,0,16.200000000000003,32.7,41.7,41.7,Persistence
PUMP,ProPetro Holding Corp. Common Stock,Energy,Oil & Gas Equipment & Services,United States,電力/エネルギー,15.510000228881836,1.901789312,88.09943800008774,-0.12125576236285611,-0.11415181191843224,0.27404682812625764,0.09934696862014028,-0.5956088501580385,0.16517673852923176,39.31750007074737,-0.015463119281043786,0.14780222095019074,True,0,35,25,100,90,S,-5,19.0,45.25,51.75,51.75,Persistence
PVH,PVH Corp. Common Stock,Consumer Cyclical,Apparel Manufacturing,United States,その他,81.95999908447266,3.779019264,109.8456593729782,0.03435842318760184,-0.06127341961660718,0.02144234391968263,0.5752497150901655,-0.07523187907935418,0.3680249978597723,42.42182635566911,-0.06717297654377014,0.17020496113056519,True,26,0,29,85,90,S,0,41.25,21.75,55.2,55.2,Persistence
PWR,"Quanta Services, Inc. Common Stock",Industrials,Engineering & Construction,United States,その他,707.739990234375,106.203561984,806.0061491784668,0.20305595515865363,0.13363477977374613,0.22304818060639092,0.1501097782044521,0.09728268154609178,0.2575111121916038,46.5899193365569,0.04163691226246463,0.09869594132217864,True,29,29,63,25,100,S,0,35.5,35.5,60.900000000000006,60.900000000000006,Persistence
QBTS,D-Wave Quantum Inc. Common Shares,Technology,Computer Hardware,United States,その他,23.3700008392334,8.657304576,1035.6162307397176,1.7854310637815793,0.007878511075588034,0.22096751707793114,0.8258835970228169,-0.6938807229450686,0.0474518269559397,33.33333333333333,0.07871831883622127,0.4781151970455603,False,68,40,45,85,40,C,-10,57.75,36.75,44.0,57.75,Acceleration
QSR,Restaurant Brands International Inc. Common Shares,Consumer Cyclical,Restaurants,United States,その他,74.8499984741211,34.156816384,249.6610471604538,0.12229359980965977,0.19709484477356878,0.07947732513451192,0.3384566461734153,0.11290322580645161,0.6130782744485653,47.81533979410078,-0.024544745675833327,0.08350679377653636,True,11,14,44,40,100,S,-30,0.0,0.0,24.200000000000003,24.200000000000003,Persistence
QTWO,"Q2 Holdings, Inc. Common Stock",Technology,Software - Application,United States,ソフトウェア,43.88999938964844,2.747532544,31.611991510391235,0.14120614992303981,0.11501319193626885,0.10421391864204231,0.5406116438037315,0.6245127436281859,0.271744300022644,44.53699275132752,-0.08656508414036398,0.5393093215476388,False,62,63,64,100,55,B,0,67.0,67.75,71.2,71.2,Persistence
QXO,"QXO, Inc. Common Stock",Industrials,Industrial Distribution,United States,その他,16.6299991607666,12.061827072,280.0614920666885,3.0,0.04371113597593411,0.21188541779759226,0.2298529712665517,1.1629279811097992,0.2463917720443373,49.72066399176111,-0.12081293846036441,0.3856668138808197,False,65,52,50,65,51,B,0,63.6,53.85,53.95,63.6,Acceleration
R,"Ryder System, Inc. Common Stock",Industrials,Rental & Leasing Services,United States,その他,280.3299865722656,10.846252032,105.70542968673706,-0.0016525023607176581,0.0608564988730278,-0.038680683733247734,0.20320012611334437,2.098086124401914,0.5296881674498077,85.68057570344439,0.16939523024619277,3.570580636284001e-05,True,12,37,22,65,10,D,0,19.75,38.5,30.35,38.5,Transition
RAL,Ralliant Corporation Common Stock,Technology,Electronic Components,United States,半導体,66.08000183105469,7.396542976,100.67882998977662,-0.039866338701443356,-0.0004638864405993413,0.03158348088242331,0.5028518948182521,-0.14707282246549264,0.32002302700439605,65.97857160534137,0.2525203640498413,0.0,True,8,0,29,85,25,D,0,21.25,15.25,42.2,42.2,Persistence
RAMP,"LiveRamp Holdings, Inc. Common Stock",Technology,Software - Infrastructure,United States,ソフトウェア,37.619998931884766,2.260505344,117.15206247379302,0.09034577107755036,0.13024720272988702,0.10573214456328793,0.70709154427141,0.08371978707853904,0.022844634080191505,44.736683598690945,0.17393742653276517,0.005551226249149432,True,20,61,62,100,45,C,0,34.5,65.25,68.1,68.1,Persistence
RBA,"RB Global, Inc. Common Stock",Industrials,Specialty Business Services,United States,その他,107.62999725341797,20.051468288,104.23373269008637,0.07154194482050324,0.1643113381889336,1.1222747721767217,0.4637201298276951,-0.07998778812395055,0.34493123610310467,59.68375327558629,0.03805349682696194,0.0939388359473412,True,8,12,49,65,100,S,0,25.75,28.75,63.2,63.2,Persistence
RBC,RBC Bearings Incorporated Common Stock,Industrials,Tools & Accessories,United States,その他,603.6400146484375,19.096369152,180.03261616882324,0.14337224225386544,0.04870858168300968,0.06193425440686041,0.4437436527874285,0.4052502050861362,0.19353075526577782,68.20264005757167,0.027429345170869687,0.03137083027067156,True,32,26,46,65,67,A,0,40.45,35.95,54.949999999999996,54.949999999999996,Persistence
RBLX,Roblox Corporation Class A Common Stock,Communication Services,Electronic Gaming & Multimedia,United States,その他,43.310001373291016,31.009040384,465.74665966808317,0.3577400090339227,0.2867547085422863,0.2580712720421815,0.7807406568298746,1.1095898955247154,0.18862422751293853,32.95854768102383,-0.12931420025043397,0.6940519771105226,False,74,27,100,40,33,D,0,64.8,29.55,71.6,71.6,Persistence
RBRK,"Rubrik, Inc. Class A Common Stock",Technology,Software - Infrastructure,United States,ソフトウェア,68.19000244140625,14.035449856,312.3521480331421,0.48463133245501633,0.4119370847215763,0.04680245207304203,0.8010341964046251,3.0,0.4133074718709607,51.96851221492073,0.11689115564912067,0.3077157112547589,True,81,68,64,65,53,B,0,75.8,66.05,62.050000000000004,75.8,Acceleration
RCL,Royal Caribbean Cruises Ltd. Common Stock,Consumer Cyclical,Travel Services,United States,その他,294.3800048828125,78.951235584,895.6114235552978,0.08789808917197452,0.18597122302158273,0.5723981900452488,0.4935318389650942,-0.3810716074111167,0.5294456858646291,67.22068340970185,0.08756117429007863,0.1815732909474929,True,11,12,52,40,65,A,0,20.75,21.5,51.6,51.6,Persistence
RDDT,"Reddit, Inc. Class A Common Stock",Communication Services,Internet Content & Information,United States,その他,162.10000610351562,31.205715968,860.129378886261,0.6939682588514888,0.6171120693407824,0.20598139195831414,0.9118204445300035,2.1700908164210917,0.007166644078596605,60.47156006497696,0.022697483313712692,0.401204199253153,False,85,87,90,40,45,C,0,74.25,75.75,68.5,75.75,Transition
RDN,Radian Group Inc. Common Stock,Financial Services,Insurance - Specialty,United States,その他,34.65999984741211,4.608920576,44.35977410470962,-0.007639067925945392,0.02463004394794199,-0.011273794307002618,,1.1738834973351275,0.13927354203445116,37.725351172453394,-0.015027273138606696,0.08240796444563658,True,12,25,30,85,90,S,-20,10.75,20.5,35.75,35.75,Persistence
RDW,Redwire Corporation Common Stock,Industrials,Aerospace & Defense,United States,防衛/宇宙,15.119999885559082,3.007651072,950.2995528073311,0.10286056277355221,0.24733798195242002,0.5185395113018455,0.051538399611188467,-6.09775686385508,0.08542946595111435,45.98168848103919,0.12840872091023955,0.4162162120364894,True,5,2,47,85,45,C,-10,11.0,8.75,46.1,46.1,Persistence
RES,"RPC, Inc. Common Stock",Energy,Oil & Gas Equipment & Services,United States,電力/エネルギー,7.190000057220459,1.593576832,10.059636930058003,0.14951742015365382,-0.12517975559421665,0.009809197621119741,0.14293364056546123,-0.5911815597577555,0.0527014372933529,52.58964347781814,0.012012026495389457,0.09593191868394126,True,23,2,25,100,100,S,-5,37.25,21.5,53.75,53.75,Persistence
REX,REX American Resources Corporation,Basic Materials,Chemicals,United States,その他,43.939998626708984,1.447283328,8.447904135971068,0.012445310517968345,-0.22905767329346377,-0.02528187134502924,0.14405514637494676,3.0,0.026661869728016086,32.22957902484127,-0.06200904394196773,0.1411259038748481,True,30,37,30,100,80,S,-5,40.5,45.75,52.5,52.5,Persistence
REZI,"Resideo Technologies, Inc. Common Stock ",Industrials,Industrial Distribution,United States,その他,31.65999984741211,4.794155008,41.10496930189133,0.10516195829019376,0.08314642742710669,-0.020094191522762952,0.29389721627408993,-4.4423076923076925,0.3823076010909522,63.086645473514096,-0.09744514015553185,0.288539329271638,False,35,2,6,85,43,C,-10,33.3,8.55,23.15,33.3,Acceleration
RF,Regions Financial Corporation Common Stock,Financial Services,Banks - Regional,United States,その他,29.270000457763672,24.978419712,316.0839542933464,0.0625441197232811,-0.06507391763463569,0.05736217725052338,,0.48140495867768596,0.030752956288488422,68.41325902604673,0.06007764516759126,0.03606637902172664,True,23,24,30,65,52,B,-20,12.200000000000003,12.950000000000003,23.15,23.15,Persistence
RGA,"Reinsurance Group of America, Incorporated Common Stock",Financial Services,Insurance - Reinsurance,United States,その他,210.4499969482422,13.787245568,73.92056142807007,0.0742051072708305,0.19846705805609915,0.15843828715365238,,,0.0364646529152564,45.70266066299949,0.01375551778428584,0.05811797616033843,True,0,12,30,65,87,S,-20,0.0,7.450000000000003,30.150000000000006,30.150000000000006,Persistence
RH,RH Common Stock,Consumer Cyclical,Specialty Retail,United States,その他,153.0399932861328,2.892603904,152.52501370872497,0.08135903668093687,0.050056352888588986,-0.1563444077207569,0.44068647631540997,2.166608171535801,0.8208345827189802,65.41743691947944,0.13167471216540702,0.39027891121062624,False,46,37,24,100,23,D,-20,31.799999999999997,25.049999999999997,22.800000000000004,31.799999999999997,Acceleration
RHI,Robert Half Inc. Common Stock,Industrials,Staffing & Employment Services,United States,その他,32.4900016784668,3.323518976,67.40132073202133,-0.07200530311670256,-0.09334038532865849,-0.1168290149599165,0.3722805180472049,-0.24662079169619738,0.08596438159337542,74.76100249213492,0.20429093253657007,0.18195745074850328,True,34,0,29,85,35,C,0,41.75,16.25,44.2,44.2,Persistence
RHLD,Resolute Holdings Management Common Stock ,Industrials,Specialty Business Services,United States,その他,131.80999755859375,1.08841344,25.406377029418945,0.09863732877445187,0.0766507350964726,0.03211035838467961,0.563162394087284,0.30674667260678284,0.5859394448360151,73.22296714662382,0.019655089788218866,0.41772319476192865,False,43,12,42,100,30,D,-5,45.25,22.0,49.1,49.1,Persistence
RJF,"Raymond James Financial, Inc. Common Stock",Financial Services,Asset Management,United States,その他,154.39999389648438,30.089940992,218.49837936264038,0.0951815808212675,0.10211021974189048,0.05686111879089485,,0.1517948717948718,0.047829536438852994,55.24997997282845,0.019792113726630783,0.11606495798172511,False,2,24,42,40,90,S,-20,0.0,13.0,31.1,31.1,Persistence
RKT,"Rocket Companies, Inc. Class A Common Stock",Financial Services,Mortgage Finance,United States,その他,13.069999694824219,36.980645888,306.392814345932,0.2686536901865369,0.35271530444322546,-0.3586515287787976,,-0.32945285215366704,0.25642250968114033,44.174756307713295,-0.09403465153212728,0.442406169068388,False,9,5,6,40,55,B,-30,0.0,0.0,0.0,0.0,Acceleration
RL,Ralph Lauren Corporation Common Stock,Consumer Cyclical,Apparel Manufacturing,United States,その他,403.9800109863281,24.043413504,338.2565029989624,0.14627772284220936,0.0674970594444612,0.029145198336333725,0.6986505638055333,-0.3081754833644126,0.38883648814522903,62.414704417583806,0.1076102393116967,0.0,True,50,14,45,65,25,D,0,49.75,22.75,46.0,49.75,Acceleration
RLI,RLI Corp. Common Stock (DE),Financial Services,Insurance - Property & Casualty,United States,その他,54.349998474121094,4.996848128,55.54107869068146,0.06329926162911549,0.1708935352918067,-0.10953997427549718,,0.09574822370114616,0.016229851045673073,74.0551511342209,0.05453943823306696,0.19874956232881896,False,2,24,30,85,40,C,-20,0.0,14.75,25.75,25.75,Persistence
RNG,"RingCentral, Inc. Class A Common Stock",Technology,Software - Application,United States,ソフトウェア,38.63999938964844,3.240296448,58.66807707328796,0.04780338235998659,0.08988530390764016,0.10767779996278284,0.7124484422748298,0.3248435813377044,0.870401733430985,38.94977745575714,-0.062498237425301265,0.2118306742758825,True,20,54,44,85,80,S,-20,15.75,41.25,41.45,41.45,Persistence
RNST,Renasant Corporation Common Stock,Financial Services,Banks - Regional,United States,その他,42.810001373291016,3.9501696,30.873074640369417,0.48818403172461056,0.04854364321870518,0.0019522608004745056,,1.562800474291258,0.03924112307134581,62.27952262964667,0.0690847338483685,0.0,True,56,20,57,85,40,C,-20,38.75,11.75,40.6,40.6,Persistence
ROG,Rogers Corporation Common Stock,Technology,Electronic Components,United States,半導体,151.05999755859375,2.69619968,44.15408198638916,-0.023250210817973738,-0.08619550858652576,-0.06466227347611203,0.31672422298963987,0.0014084507042253522,0.015245821386110917,62.33162531272369,0.1382799729733317,0.02049023237645496,True,24,12,34,100,25,D,0,35.5,26.5,48.7,48.7,Persistence
ROK,"Rockwell Automation, Inc. Common Stock",Industrials,Specialty Industrial Machinery,United States,ロボティクス,459.3399963378906,51.112574976,311.33146271789553,0.009438528557599225,-0.08765731949657761,0.16720787588268646,0.48141932390314074,1.1251956181533647,0.3250735359657724,53.80053500393192,0.07457246186636937,0.008782735141786784,True,41,12,34,40,60,B,0,42.75,21.0,40.7,42.75,Acceleration
ROL,"Rollins, Inc. Common Stock",Consumer Cyclical,Personal Services,United States,その他,47.189998626708984,22.720268288,223.92102653360368,0.10987727476076428,0.10263633813797515,0.14001475616166195,0.5275239627231757,0.12056936876056965,0.330519789219821,25.976994291396863,-0.10037187414501579,0.2759967983807429,False,33,26,64,65,36,C,0,38.1,32.85,58.650000000000006,58.650000000000006,Persistence
RPM,RPM International Inc. Common Stock,Basic Materials,Specialty Chemicals,United States,その他,107.05000305175781,13.710501888,89.56766705337525,0.005094149818745768,0.010868040329562232,0.0817990830874478,0.41375631320324163,-0.40742127078665913,0.3811685236104301,64.45697716168748,0.03746232948240055,0.152754713262469,False,4,12,37,65,70,A,0,19.75,25.75,50.6,50.6,Persistence
RRC,Range Resources Corporation Common Stock,Energy,Oil & Gas E&P,United States,電力/エネルギー,38.59000015258789,9.092663296,100.02084254549027,0.2732398255058379,-0.07646545173505724,-0.5233022089460854,0.37034546965963044,0.6761508539227618,0.18494160832169668,36.69475947609004,-0.06503183208333688,0.18799955692153578,True,62,51,34,85,80,S,0,67.25,59.0,55.95,67.25,Acceleration
RRX,Regal Rexnord Corporation Common Stock,Industrials,Specialty Industrial Machinery,United States,その他,212.30999755859375,14.133385216,195.6627706500244,-0.016457290596307468,-0.034700113587278224,0.19793403476494376,0.3737130339539978,0.7865573114622925,0.35494576539041733,57.67131759902571,0.03053600392441185,0.08237886485211696,True,31,24,30,65,100,S,0,43.0,37.75,52.75,52.75,Persistence
RS,"Reliance, Inc. Common Stock",Basic Materials,Steel,United States,その他,413.42999267578125,21.104990208,130.71209363433837,0.03319840983014095,-0.06557520988254682,-0.13034361233480177,0.28735230126693856,-0.497097678142514,0.16769012753897025,84.8626043757619,0.15096826724109683,0.0,True,30,0,25,65,10,D,0,33.25,10.75,32.0,33.25,Acceleration
RSG,"Republic Services, Inc. Common Stock",Industrials,Waste Management,United States,その他,209.91000366210938,64.581771264,380.42199873687747,0.03486776447105788,0.07129969929836284,0.1076160165790837,0.4195648243023326,0.15761653051417587,0.40173427224582436,51.3150986743766,0.006715291875770687,0.15540022991458385,False,6,24,38,40,90,S,0,19.5,33.0,48.900000000000006,48.900000000000006,Persistence
RSI,"Rush Street Interactive, Inc. Class A Common Stock",Consumer Cyclical,Gambling,United States,その他,29.600000381469727,6.854598144,55.182244711160656,0.22762565700267184,0.33700107500278514,0.16708374703653422,0.34622206080950046,0.7091518117964764,0.009311903199941686,65.75682681608666,0.15403211369736083,0.0,True,25,36,89,85,25,D,0,34.0,42.25,75.2,75.2,Persistence
RTX,RTX Corporation Common Stock,Industrials,Aerospace & Defense,United States,防衛/宇宙,183.52999877929688,247.156801536,1026.7246251210022,0.09741385716762863,0.17147417295414974,0.02752184154814086,0.20077198288996986,0.8985470303339281,0.23092255624594485,58.18684150526221,0.008898993238448148,0.13134198166879127,True,12,24,42,25,100,S,0,22.75,31.75,49.35,49.35,Persistence
RVLV,"Revolve Group, Inc. Class A Common Stock",Consumer Cyclical,Internet Retail,United States,その他,20.6299991607666,1.476190848,22.905694368190765,0.08475977311487365,0.05725733331212414,-0.029686331050211727,0.5350360044448723,1.280615881765908,0.04242478114407693,63.40994999607204,-0.06825288895021941,0.3440381984003986,False,50,24,38,100,43,C,-5,51.8,32.3,49.50000000000001,51.8,Acceleration
RVT,"Royce Small-Cap Trust, Inc. Common Stock",Financial Services,Asset Management,United States,その他,17.950000762939453,2.196430336,5.052925214767456,3.0,-0.8674107337109764,1.1613129676578728,,,,49.387706699355505,0.008782881297616075,0.025921883881983295,True,43,22,8,100,75,A,-20,34.75,19.0,24.4,34.75,Acceleration
RXO,"RXO, Inc. Common Stock",Industrials,Trucking,United States,その他,28.350000381469727,4.675491328,76.77591178307533,0.261978021978022,0.1586452762923351,-0.1811926605504587,0.14367816091954022,0.8596491228070176,0.20445529447665547,75.06297374440467,0.3329008046466412,0.02644232265015081,True,48,35,10,85,10,D,0,49.75,40.0,28.75,49.75,Acceleration
RYAN,"Ryan Specialty Holdings, Inc. Class A Common Stock",Financial Services,Insurance - Specialty,United States,その他,35.63999938964844,9.408141312,88.80507747917176,0.2128289826728836,0.21090284753813268,0.20424149645865708,,0.23050781525519004,0.3342169489683573,62.15107467762177,0.06602129247574459,0.47873476232326395,False,44,17,81,85,30,D,-20,28.75,8.5,51.80000000000001,51.80000000000001,Persistence
RYZ,Ryerson Holding Corporation Common Stock,Industrials,Metal Fabrication,United States,その他,30.40999984741211,1.577936128,12.562979136962891,-0.0059582055798377805,-0.09982970227259381,-0.19212157631728763,0.17111106249863278,-0.6628679962013295,0.3392107123549715,72.66081245724916,0.16392757564511076,0.0,True,30,0,21,100,10,D,-5,33.5,11.0,33.55,33.55,Persistence
S,"SentinelOne, Inc. Class A Common Stock",Technology,Software - Infrastructure,United States,ソフトウェア,14.850000381469727,5.090635264,152.4743836667919,0.21889901042167553,0.3224755857645608,0.4713048256782076,0.741153805436652,3.0,0.0061527368420189145,23.044708400829748,-0.03697744665689429,0.24924166501694195,False,39,31,97,85,63,B,0,48.3,42.3,87.19999999999999,87.19999999999999,Persistence
SAH,"Sonic Automotive, Inc. Common Stock",Consumer Cyclical,Auto & Truck Dealerships,United States,その他,84.61000061035156,2.674023168,23.505081219558715,0.06533186167333366,-0.01030447246110601,0.026519344908614323,0.15724976243268926,3.0,0.7081414239536403,68.56650669955611,0.11726458715770759,0.030524994660894925,True,30,25,20,100,37,C,-10,31.200000000000003,27.450000000000003,33.4,33.4,Persistence
SAM,"Boston Beer Company, Inc. (The) Common Stock",Consumer Defensive,Beverages - Brewers,United States,その他,181.88999938964844,1.894100992,50.93829432907104,-0.023812102382303173,0.002141265791275126,-0.039088968557177944,0.4847750171247342,0.24899342467340613,0.0317301932397505,42.68400366254644,-0.12190671092111824,0.3005575545942541,False,13,24,38,100,51,B,-25,4.850000000000001,13.100000000000001,31.10000000000001,31.10000000000001,Persistence
SARO,"StandardAero, Inc. Common Stock",Industrials,Aerospace & Defense,United States,防衛/宇宙,26.90999984741211,8.94682112,99.38791338644027,0.1575953078394955,0.14767369289310067,0.09945986944154384,0.14803316710413653,3.0,0.37351296113664373,50.78053312946241,0.035087574394413575,0.1874999784041135,False,47,39,46,85,90,S,0,57.0,51.0,64.55,64.55,Persistence
SBH,"Sally Beauty Holdings, Inc. (Name to be changed from Sally Holdings, Inc.) Common Stock",Consumer Cyclical,Specialty Retail,United States,その他,13.850000381469727,1.321407616,19.615409290266037,-0.00419878123157972,-0.0029773631881497725,-0.022915085970229836,0.5162197035519303,0.18796392479516796,0.5443795679419985,66.06217904610372,0.03295002039273517,0.18529409520766316,False,10,24,30,100,70,A,-5,24.5,35.0,50.5,50.5,Persistence
SBR,Sabine Royalty Trust Common Stock,Energy,Oil & Gas Midstream,United States,電力/エネルギー,74.79000091552734,1.090389248,3.012915186882019,-0.06670472181531319,-0.11226935298830762,-0.2603378221620821,,,,42.92896355147717,-0.012054631158939328,0.05561326720839942,True,30,0,0,100,87,S,-5,41.2,18.700000000000003,37.400000000000006,41.2,Acceleration
SBSI,"Southside Bancshares, Inc. Common Stock",Financial Services,Banks - Regional,United States,その他,34.43000030517578,1.024351424,2.885922625579834,-0.08074148762894594,0.02789991270065893,-0.009229930726151076,,-0.18975156306857655,0.08621495574067571,66.66665412656971,0.054246726190590115,0.0,True,0,0,25,100,40,C,-25,0.0,0.0,21.75,21.75,Persistence
SCCO,Southern Copper Corporation Common Stock,Basic Materials,Copper,United States,その他,189.7899932861328,158.346674176,248.83935389724732,0.17375408889744084,0.1553790496978516,-0.0151374914161168,0.535946348733234,0.009545133160499647,0.3467265941425725,55.15589647782298,0.04644048372267537,0.11952149212929433,True,48,33,42,25,100,S,0,49.75,38.5,49.35,49.75,Acceleration
SCHW,Charles Schwab Corporation (The) Common Stock,Financial Services,Capital Markets,United States,その他,91.0999984741211,158.43524608,1078.5725104344558,0.22008568805467715,0.040823910389127784,-0.09271746459878624,,3.0,0.06303730180551737,52.712727716365954,0.0026419921749538905,0.1443369446675248,False,51,29,30,25,90,S,-20,31.0,14.5,20.75,31.0,Acceleration
SCI,Service Corporation International Common Stock,Consumer Cyclical,Personal Services,United States,その他,76.91999816894531,10.612728832,131.1324436784363,0.029346363528003558,0.02112333887347071,-0.0021620182341643666,0.26456534966539297,-0.029773147799661445,0.27965202198803163,48.69080306366194,-0.02639322501825523,0.12321902170694413,False,30,12,21,65,90,S,0,41.25,27.75,45.8,45.8,Persistence
SCL,Stepan Company Common Stock,Basic Materials,Specialty Chemicals,United States,その他,54.47999954223633,1.237421824,6.730731543445587,0.06964262289969059,-0.06255740039419237,-0.16136257919351524,0.11572676121321684,-0.354125824273748,0.2867410724510562,65.57824896970993,0.06416682589125082,0.17715854073368006,True,30,0,21,100,65,A,-5,39.0,16.5,44.55,44.55,Persistence
SEB,Seaboard Corporation Common Stock,Industrials,Conglomerates,United States,その他,5317.39013671875,5.092969472,58.438117602539066,0.07098901098901099,-0.048316251830161056,-0.14951525393578227,0.07110609480812641,-0.25,0.22107688576279408,66.62553672928013,-0.0002714153795932768,0.10722800004590924,True,30,12,25,85,80,S,0,43.25,29.75,51.0,51.0,Persistence
SEI,"Solaris Energy Infrastructure, Inc. Class A Common Stock",Energy,Oil & Gas Equipment & Services,United States,電力/エネルギー,74.01000213623047,6.913063936,176.80693470336914,0.987297622735882,0.06876329165343902,-0.08455492882923704,0.3232471613053576,-2.3912918823420015,0.5034491994329725,49.840140785465444,0.05735065490247169,0.05650923436682858,True,62,36,14,85,72,A,0,66.45,46.95,43.35,66.45,Acceleration
SF,Stifel Financial Corporation Common Stock,Financial Services,Capital Markets,United States,その他,72.66000366210938,11.14617344,95.52792331466675,0.11330765968883934,0.1437787255861651,-0.00994234239805505,,1.5319657553480268,0.03703205817616928,52.032349983238355,-0.02882810209927921,0.1741029005327226,False,17,14,30,65,90,S,-20,11.5,9.25,30.75,30.75,Persistence
SFBS,"ServisFirst Bancshares, Inc. Common Stock",Financial Services,Banks - Regional,United States,その他,82.38999938964844,4.503670272,16.593345877075194,0.16357378531830438,0.11992534706347141,-0.1331845646381689,,0.406800687963459,0.0019602655581623485,70.51069183654744,0.057144016302762245,0.06308068230561328,True,40,26,30,85,37,C,-20,26.450000000000003,15.950000000000003,25.15,26.450000000000003,Acceleration
SG,"Sweetgreen, Inc. Class A Common Stock",Consumer Cyclical,Restaurants,United States,その他,9.069999694824219,1.077766784,65.44335834804535,0.003912379252570084,0.15886727130458306,0.24236287637868137,0.1523693327485673,-1.6020529421406327,0.44980611695918304,44.227642503352975,0.221186949975171,0.44218944851466696,True,0,0,22,100,45,C,-35,0.0,0.0,11.100000000000001,11.100000000000001,Persistence
SGI,Somnigroup International Inc. Common Stock,Consumer Cyclical,"Furnishings, Fixtures & Appliances",United States,その他,72.25,15.197110272,223.53030125,0.5162546391125352,0.0011166605757907987,0.000853450377956596,0.42576071691299405,0.11243851018973998,0.5754049324609721,62.148688131344564,-0.004668123853933147,0.2592984715347038,False,54,22,53,65,53,B,0,55.55,31.55,56.00000000000001,56.00000000000001,Persistence
SHAK,"Shake Shack, Inc. Class A Common Stock",Consumer Cyclical,Restaurants,United States,その他,58.220001220703125,2.490740224,156.4642155805969,0.15383743357858165,0.1517884974524911,0.2077178323705199,0.47595388104664343,0.5847543190486875,0.4757524091489915,41.33281686978418,-0.26383748780155747,0.590086589304473,False,40,26,75,100,35,C,-20,28.5,18.0,53.25,53.25,Persistence
SHW,Sherwin-Williams Company (The) Common Stock,Basic Materials,Specialty Chemicals,United States,その他,317.29998779296875,78.25747968,728.8539369598388,0.02059874017793363,0.0020215253406443722,0.040769519028033,0.48847685827362847,0.2740015360983103,0.4996814880876545,55.9136725396564,0.002282103786423173,0.14833245427583588,False,31,12,42,40,90,S,0,38.25,24.0,51.1,51.1,Persistence
SITE,"SiteOne Landscape Supply, Inc. Common Stock",Industrials,Industrial Distribution,United States,その他,106.5,4.718826496,94.3978725,0.03616262167995419,0.05565888589230912,0.0714161165774069,0.3475599387859208,0.028499580888516344,0.3043856379674494,37.88841360812811,-0.13320343235884213,0.34762633996937214,False,6,24,42,85,41,C,0,21.35,34.85,52.550000000000004,52.550000000000004,Persistence
SJM,The J.M. Smucker Company Common Stock,Consumer Defensive,Packaged Foods,United States,その他,116.48999786376953,12.423462912,221.58377923652648,0.06692995219289129,-0.041094123716175025,0.06629661578467039,0.38788233002142997,0.2701819878674755,0.4419272004691601,73.6235998935893,0.1775241529858564,0.004784324420227953,True,27,12,26,65,10,D,-20,11.0,0.0,12.549999999999997,12.549999999999997,Persistence
SKY,"Champion Homes, Inc. Common Stock",Consumer Cyclical,Residential Construction,United States,その他,78.6500015258789,4.317402112,68.12584482170105,0.07255678395521066,0.22650127937108577,-0.22318189491130072,0.26441984067660823,0.41730723761986077,0.05555967358902881,66.63768445875561,0.05020137795888409,0.19300223409904138,False,5,24,30,85,55,B,0,22.0,36.25,48.75,48.75,Persistence
SLB,SLB Limited Common Shares,Energy,Oil & Gas Equipment & Services,United States,電力/エネルギー,56.18000030517578,83.992338432,747.3392293596268,-0.01601036126649949,0.09518635883506865,0.1795592894521377,0.18222807214069675,0.01564945226917058,0.2120726106291463,47.21461400361924,0.030471666954725543,0.03154625184117839,True,2,12,30,40,87,S,0,16.200000000000003,23.700000000000003,43.900000000000006,43.900000000000006,Persistence
SLGN,Silgan Holdings Inc. Common Stock,Consumer Cyclical,Packaging & Containers,United States,その他,40.90999984741211,4.32335872,36.36448976436615,0.10734497823455846,-0.022295662890632503,-0.06602106621244111,0.17729362475062338,-0.07915275318185877,0.46257418392494776,72.98549502915245,0.04864635767064172,0.2647475745395036,False,35,14,17,85,38,C,0,42.8,27.05,38.2,42.8,Acceleration
SLVM,Sylvamo Corporation Common Stock,Basic Materials,Paper & Paper Products,United States,その他,41.61000061035156,1.653420672,16.234349788131713,-0.11184733633713226,0.013974737973662993,0.025633958103638367,0.21933751119068934,-0.8225806451612904,0.3087224031849439,79.29885966621706,0.019611848428897127,0.2316325996547359,False,0,0,21,100,55,B,-5,15.5,15.5,42.55,42.55,Persistence
SM,SM Energy Company Common Stock,Energy,Oil & Gas E&P,United States,電力/エネルギー,31.149999618530273,7.468172288,124.28320297800065,0.17484088356420815,0.12986463620981387,-0.2934649090560225,0.3333333333333333,1.3302696078431373,0.2934183508051443,41.93508513031864,0.021375427634332974,0.09898817222643598,True,51,27,30,85,100,S,0,61.0,43.0,57.75,61.0,Acceleration
SMG,Scotts Miracle-Gro Company (The) Common Stock,Basic Materials,Agricultural Inputs,United States,その他,61.66999816894531,3.588079872,56.73146471557617,-0.03929405804036367,0.0003942218342578774,-0.09500267577278866,0.3059388825407987,-0.5305912596401028,0.8680525164113786,58.99640926257667,0.017144151595534535,0.11565872468675789,True,7,42,19,85,100,S,-20,8.0,34.25,31.700000000000003,34.25,Transition
SMR,NuScale Power Corporation Class A Common Stock,Industrials,Specialty Industrial Machinery,United States,電力/エネルギー,9.890000343322754,3.422986496,348.3880696439886,-0.15024969631529222,0.6240683910565541,0.9323957980345645,0.3631309762063598,-3.232526906448349,,41.25145468451234,-0.13808126305868657,0.8148979920113399,False,4,0,12,85,43,C,-10,10.05,7.050000000000001,26.450000000000003,26.450000000000003,Persistence
SN,"SharkNinja, Inc. Ordinary Shares",Consumer Cyclical,"Furnishings, Fixtures & Appliances",United States,その他,133.8000030517578,18.935427072,364.883981322403,0.1574617188787331,0.29972165474374135,0.14428065463556722,0.4901387488537608,0.605586940112849,0.16852680115316873,77.87453403043162,0.15844158333327843,0.013201514377743211,True,25,26,85,65,10,D,0,29.5,30.25,65.0,65.0,Persistence
SNA,Snap-On Incorporated Common Stock,Industrials,Tools & Accessories,United States,その他,387.4800109863281,20.072206336,119.7565095954895,0.009337561663143059,1.957598418260478e-05,0.05488900361383583,0.517290199957332,-0.11313932980599647,0.15357274467149293,69.1206428248076,0.03753750636294259,0.001600654101054933,True,26,0,45,65,55,B,0,34.75,15.25,52.0,52.0,Persistence
SNAP,Snap Inc. Class A Common Stock,Communication Services,Internet Content & Information,United States,その他,5.260000228881836,8.71666688,202.03934399147033,0.10632469367131483,0.16397397807045633,0.0009274536941362892,0.5499285418886825,0.9994557611568963,0.539624621734189,37.36265060651323,-0.06958641273862722,0.491787436230519,False,28,39,42,85,45,C,0,38.25,46.5,53.35,53.35,Persistence
SNDR,"Schneider National, Inc. Common Stock",Industrials,Trucking,United States,その他,38.439998626708984,6.731778048,41.193647928333284,0.07254512805972971,-0.03789848878866683,-0.1673884077281812,0.08626614736619495,0.2452316076294278,0.0830561352038181,79.34058018466374,0.20595457423323596,0.005646810156660128,True,35,12,30,85,10,D,0,40.0,22.75,39.75,40.0,Acceleration
SNOW,Snowflake Inc. Common Stock,Technology,Software - Application,United States,ソフトウェア,232.77999877929688,80.681549824,2689.3655208969117,0.2916256250006894,0.2921468781812435,0.35864099544019606,0.6716860100436683,0.26374127313777923,0.3001495210235538,67.64534403872173,0.34635537674773303,0.1691176622768601,True,32,31,93,40,50,B,0,35.0,34.25,71.15,71.15,Persistence
SNX,TD SYNNEX Corporation Common Stock,Technology,Electronics & Computer Distribution,United States,その他,280.6499938964844,22.627796992,215.33291756698608,0.06938376357830493,0.015585327365195311,-0.07680624588070571,0.06989466930726371,0.3326357264255543,0.1346081787403063,78.70874936126674,0.20217013620079013,0.0,True,35,24,30,65,10,D,0,37.0,28.75,34.75,37.0,Acceleration
SO,Southern Company (The) Common Stock,Utilities,Utilities - Regulated Electric,United States,電力/エネルギー,94.0,105.96630528,558.4446,0.10585990121239336,0.05825050489050806,-0.13750469619864067,0.4846885256995906,-4.523409363745499,0.47569355253018236,48.125417354022304,0.005828873793046059,0.04370596722879073,True,43,2,10,25,87,S,0,44.7,13.950000000000001,29.150000000000002,44.7,Acceleration
SOC,Sable Offshore Corp. Common Stock,Energy,Oil & Gas Drilling,United States,電力/エネルギー,10.880000114440918,1.679468544,42.22810924417496,,,,,,0.5419359360118381,31.653989836113936,-0.20269675390648575,0.6566740318370127,False,0,0,2,100,33,D,-15,3.3000000000000007,3.3000000000000007,17.700000000000003,17.700000000000003,Persistence
SON,Sonoco Products Company Common Stock,Consumer Cyclical,Packaging & Containers,United States,その他,50.56999969482422,4.999789568,62.854716870689394,0.4171980627157604,-0.025004658705273214,-0.07132235493939833,0.20939815418860017,-0.2152720092598897,0.4112148050757127,56.00001068116457,-0.001347957296592828,0.10984725558627567,True,44,20,25,85,100,S,0,55.75,37.75,55.0,55.75,Acceleration
SPB,"Spectrum Brands Holdings, Inc. Common Stock",Consumer Defensive,Household & Personal Products,United States,その他,83.30000305175781,1.93208512,31.356203648757933,-0.052262222072269646,0.015451555433739893,-0.06822027134876296,0.3673549305802777,0.39376053962900504,0.19357320392945912,68.53626805783935,0.0429975037866806,0.01881852547313215,True,9,12,34,100,55,B,-5,22.25,24.5,49.7,49.7,Persistence
SPGI,S&P Global Inc. Common Stock,Financial Services,Financial Data & Stock Exchanges,United States,その他,418.9100036621094,123.997364224,887.8504290615845,0.07939189189189189,0.13691285908618067,0.11769966908147751,0.7024647887323944,-0.01958670260557053,0.2219281045751634,51.32831511571215,-0.012166146029501028,0.2512209868678794,False,12,12,57,25,73,A,-20,0.05000000000000071,0.05000000000000071,32.2,32.2,Persistence
SPH,"Suburban Propane Partners, L.P. Common Stock",Utilities,Utilities - Regulated Gas,United States,その他,17.860000610351562,1.18488704,2.622026689605713,0.07937629787246868,-0.07138429072610157,-0.0481336561291805,0.6064929027069816,0.129898374787457,0.5790937841041618,17.25066165991811,-0.07942528653863518,0.12622308494597137,False,32,24,34,100,53,B,-5,39.3,33.3,49.300000000000004,49.300000000000004,Persistence
SPHR,Sphere Entertainment Co. Class A Common Stock,Communication Services,Entertainment,United States,その他,153.25,5.485155328,97.35436125,0.18809822678010962,0.7895321096280961,-0.05937825278048701,0.5164284923916741,1.6172986739320838,0.2283798125754767,75.64433648515612,0.13347071362041926,0.0,True,31,76,46,85,10,D,0,37.0,70.75,48.55,70.75,Transition
SPXC,"SPX Technologies, Inc. Common Stock",Industrials,Building Products & Equipment,United States,その他,230.0500030517578,11.517416448,158.35952060073853,0.1417410151721357,0.13938662991040662,0.1918680265589705,0.4051476755993113,-0.02702702702702703,0.13915552349775287,66.13020838864287,0.07186755145869746,0.053447953395397714,True,27,14,66,65,52,B,0,35.2,25.45,62.95,62.95,Persistence
SR,Spire Inc. Common Stock,Utilities,Utilities - Regulated Gas,United States,その他,79.0999984741211,4.676137984,40.117541726112364,-0.04496721943694562,-0.027491280051007014,0.21278144189219922,0.41544177031174284,-7.739726027397261,0.4469776161308994,26.30354828105908,-0.08663205651408165,0.16040004554401532,False,7,12,6,85,53,B,0,23.3,27.05,35.150000000000006,35.150000000000006,Persistence
SRE,DBA Sempra Common Stock,Utilities,Utilities - Diversified,United States,その他,92.29000091552734,60.330655744,325.6623418806076,0.03921122487675389,-0.21142344497607657,0.1579749290117044,0.4661363304627062,-0.8279927448609432,0.31585165677591587,48.376824727568696,-0.008348815428925668,0.07478695824032738,True,26,0,14,40,87,S,0,34.2,14.700000000000001,35.10000000000001,35.10000000000001,Persistence
SSB,SouthState Bank Corporation Common Stock,Financial Services,Banks - Regional,United States,その他,98.95999908447266,9.6652288,66.3279393863678,0.5699702063005246,-0.019702605727967976,0.05414539021599394,,-0.5157207872259547,0.010212089715597976,63.97436913184286,0.03486367515666273,0.07648266572284936,True,36,22,33,85,67,A,-20,26.450000000000003,15.950000000000003,32.800000000000004,32.800000000000004,Persistence
SSD,"Simpson Manufacturing Company, Inc. Common Stock",Basic Materials,Lumber & Wood Production,United States,その他,193.07000732421875,7.94257664,53.70435323730469,0.045099789932437004,0.008282579795943903,0.04617768551103995,0.4585053720666253,0.8859907606319272,0.1586338090580962,61.12032504921001,0.048742931297560736,0.07558011511489791,True,35,24,50,85,67,A,0,45.7,37.45,62.15,62.15,Persistence
ST,Sensata Technologies Holding plc Ordinary Shares,Technology,Scientific & Technical Instruments,United States,その他,50.400001525878906,7.329775616,128.61777989395142,-0.058050244100895036,-0.02992032756962088,0.006164404300340856,0.2926980699149683,0.24790022906592007,0.42441162966364027,55.03617808299147,0.13269532654463279,0.05882348750813072,True,8,12,22,85,57,B,0,24.45,27.45,44.75,44.75,Persistence
STC,Stewart Information Services Corporation Common Stock,Financial Services,Insurance - Property & Casualty,United States,その他,65.22000122070312,1.9844544,10.593032598266602,0.17315038152214546,0.10325334098835755,-0.26454111952708376,,0.39034695872441955,0.23633725353963733,40.693296890118994,-0.02313792204216623,0.14179031130912145,False,40,26,30,100,90,S,-25,29.0,18.5,34.5,34.5,Persistence
STEL,"Stellar Bancorp, Inc. Common Stock",Financial Services,Banks - Regional,United States,その他,38.869998931884766,1.979287424,13.561353927345277,-0.01769681559398475,-0.06564409597655428,0.491442297744672,,-0.2762668417268436,0.0037223569239299634,66.05500332910742,0.038949206295752124,0.017000964231776428,True,18,0,33,100,55,B,-25,9.0,0.0,29.150000000000006,29.150000000000006,Persistence
STT,State Street Corporation Common Stock,Financial Services,Asset Management,United States,その他,167.6300048828125,46.394462208,320.3895520324707,0.0809660190417215,0.08154039347007117,-0.014845360824742268,,1.7670486700622523,0.0791264509748748,74.28979681851949,0.10862152348009387,0.0,True,12,37,30,40,10,D,-20,0.0,14.75,8.5,14.75,Transition
STZ,"Constellation Brands, Inc. Common Stock",Consumer Defensive,Beverages - Brewers,United States,その他,148.50999450683594,25.47224576,326.0885927884674,-0.10478317513493393,0.024784677467927483,0.053868776844466074,0.5155378050114893,-0.07435116867034725,0.5115225679779001,48.34281026236219,-0.006826828456800323,0.13373912962987028,True,8,35,25,65,100,S,-20,5.75,26.0,30.0,30.0,Persistence
SVV,"Savers Value Village, Inc. Common Stock",Consumer Cyclical,Specialty Retail,United States,その他,9.989999771118164,1.538321664,11.870117728042603,0.09191950921458335,0.024907865294361137,0.04384826635143042,0.552771547046554,0.7126307264340294,0.6868924012139916,78.59423012176859,0.18775857033239413,0.27133481084450817,True,35,12,40,100,18,D,-15,28.049999999999997,10.8,35.6,35.6,Persistence
SWK,"Stanley Black & Decker, Inc. Common Stock",Industrials,Tools & Accessories,United States,その他,83.62000274658203,12.999194624,119.15432291374206,-0.015313327736451967,-0.026322626432884907,-0.0688188158655605,0.30325040977105694,-0.08645418326693227,0.2822860424502323,71.13810706491118,0.10608705214649602,0.07077282785843196,True,34,12,25,65,22,D,0,37.45,20.95,34.4,37.45,Acceleration
SWX,"Southwest Gas Holdings, Inc. Common Stock (DE)",Utilities,Utilities - Regulated Gas,United States,その他,89.01000213623047,6.442087424,42.133329561195374,-0.2160764959502524,-0.023466324955734336,-0.48897350791097355,0.46314639400529795,-1.4944912508101102,0.3363555046911748,46.66172001858672,-0.0030652836398083,0.04672165097046433,True,14,26,14,85,87,S,0,31.950000000000003,40.95,46.35000000000001,46.35000000000001,Persistence
SXI,Standex International Corporation Common Stock,Industrials,Specialty Industrial Machinery,United States,その他,303.1600036621094,3.672759808,48.6344435874939,0.09640386603481652,-0.027546123867819627,0.007763766099717274,0.39899406029816215,-0.4298902678349319,0.3852885989992852,82.98495681991093,0.12254525719199978,0.0027959806460679795,True,22,0,25,85,10,D,0,30.25,13.75,37.0,37.0,Persistence
SXT,Sensient Technologies Corporation Common Stock,Basic Materials,Specialty Chemicals,United States,その他,124.11000061035156,5.283233792,42.30475535804749,0.03524403619765378,0.06919427374781147,0.013507636188022733,0.3345303145999252,-0.6077456375907453,0.31619459952756895,69.95460147348415,0.12898530362512028,0.0007862951114630599,True,4,12,37,85,25,D,0,18.25,24.25,46.6,46.6,Persistence
SYF,Synchrony Financial Common Stock,Financial Services,Credit Services,United States,その他,73.36000061035156,24.676120576,272.7675210694122,-0.004981402763018066,0.10486534086739561,0.16729484324139113,,,0.1274780637306352,55.207624623074345,0.007455635773091443,0.16403845715804918,False,0,12,10,65,90,S,-20,0.0,7.75,19.75,19.75,Persistence
SYY,Sysco Corporation Common Stock,Consumer Defensive,Food Distribution,United States,その他,79.19000244140625,37.867282432,263.07987876068114,0.032037948353711126,0.03300360301342942,0.11202575907686928,0.1839621482118717,-0.2563745943439963,0.54134608201987,61.96371501538156,0.05982620838078073,0.12475874055083847,True,0,0,29,40,65,A,-20,0.0,0.0,18.950000000000003,18.950000000000003,Persistence
T,AT&T Inc.,Communication Services,Telecom Services,United States,その他,23.579999923706055,163.841818624,1055.4797035849572,0.027072979335600315,-0.0007514620838370308,0.013972055888223553,0.5955367375525277,0.05046466392911174,0.3689760541459026,31.08107179279658,-0.06667940435338869,0.18120996193328776,False,28,24,34,25,70,A,0,31.75,28.75,38.95,38.95,Persistence
TALO,"Talos Energy, Inc. Common Stock",Energy,Oil & Gas E&P,United States,電力/エネルギー,14.960000038146973,2.497210368,26.424745667381288,-0.0980447595421085,0.3537190150670217,-0.11749173718810155,0.09924047930699355,,0.22366521092993102,40.459357557219185,-0.014934023047984957,0.09825196500595888,True,0,0,10,100,100,S,0,25.0,25.0,50.5,50.5,Persistence
TAP,Molson Coors Beverage Company Class B Common Stock,Consumer Defensive,Beverages - Brewers,United States,その他,41.58000183105469,7.798385664,132.87346965133668,-0.041816461684011354,-0.006417651532630895,0.0935520044855621,0.3836887835703002,-0.1362239119883514,0.27936442317841187,47.09533763562208,-0.0035812247794121607,0.21825903160765942,False,4,0,25,85,90,S,-20,4.75,1.75,33.0,33.0,Persistence
TDAY,"USA TODAY Co., Inc. Common Stock",Communication Services,Publishing,United States,その他,7.739999771118164,1.138611712,12.243131637954711,-0.08252810029828858,-0.05790580240656267,-0.09566180457494526,0.3872069901043599,0.2388333070742083,0.6173089086512973,53.9822958436059,0.039763537759880035,0.05263161580909518,True,9,47,24,100,87,S,-15,15.450000000000003,43.95,40.60000000000001,43.95,Transition
TDC,Teradata Corporation Common Stock,Technology,Software - Infrastructure,United States,ソフトウェア,33.0,3.105299968,70.945545,-0.04971428571428571,-0.045280960174577195,0.02116991643454039,0.5935057125676488,0.02888086642599278,0.31309724564362,48.04271169183777,0.09561752433008074,0.1288279020726555,True,10,24,34,85,85,S,0,28.75,39.25,56.95,56.95,Persistence
TDG,Transdigm Group Incorporated Common Stock,Industrials,Aerospace & Defense,United States,防衛/宇宙,1256.050048828125,70.255378432,477.6821138195801,0.11221662468513854,0.20577069096431283,0.21293055811383313,0.6014041444909977,-0.03404255319148936,1.3108385350735519,56.556323486029754,0.03796645464349477,0.17177158274828994,False,20,14,64,40,90,S,-20,10.0,5.5,43.2,43.2,Persistence
TDS,"Telephone and Data Systems, Inc. Common Shares",Communication Services,Telecom Services,United States,その他,40.150001525878906,4.571077632,44.26999393245697,-0.05302402970597805,-0.04290048136207091,-0.749655828560872,0.5902482236300558,-0.7435922698688568,0.16722842698102225,57.97374660846576,-0.06417233545896718,0.15555671445523203,False,11,25,33,85,80,S,0,29.0,39.5,55.400000000000006,55.400000000000006,Persistence
TDW,Tidewater Inc. Common Stock,Energy,Oil & Gas Equipment & Services,United States,電力/エネルギー,76.91000366210938,3.82478464,51.58623130630493,0.005164823325296192,0.3325296910350154,0.5593792651972258,0.2982326842530896,0.38626163237763445,0.28457826873310316,43.00823230659234,-0.06076277707284628,0.15594818542743824,True,5,24,53,85,90,S,0,25.5,39.75,68.4,68.4,Persistence
TDY,Teledyne Technologies Incorporated Common Stock,Technology,Scientific & Technical Instruments,United States,その他,626.02001953125,29.00296704,201.25291587890624,0.07855379188712522,0.006121905775885015,0.032407577034404424,0.4275762828269614,-0.03086085544125609,0.1728523483346745,51.788813423108216,-0.007975217258076844,0.09086685093298896,True,22,12,41,65,100,S,0,36.25,28.75,58.8,58.8,Persistence
TE,T1 Energy Inc. Common Stock,Industrials,Electrical Equipment & Parts,United States,電力/エネルギー,8.5,2.373806848,440.42512,3.0,,,0.0735884654340357,1.1084563968056649,0.39983951700595,52.00764854092845,0.26056650860765423,0.29401993131802306,True,47,83,26,100,53,B,0,55.55,82.55,49.9,82.55,Transition
TEX,Terex Corporation Common Stock,Industrials,Farm & Heavy Construction Machinery,United States,その他,63.79999923706055,7.287017472,71.30766414728164,0.05734347571679345,-0.004852484472049689,0.16613852421910366,0.19387566869581258,0.7037037037037037,0.42091545854373674,64.50327867419432,0.04628618980643426,0.07716739033850097,True,27,12,22,85,67,A,-20,19.700000000000003,8.45,26.75,26.75,Persistence
TFC,Truist Financial Corporation Common Stock,Financial Services,Banks - Regional,United States,その他,51.65999984741211,64.362123264,430.98181432701114,0.5302756439222774,-0.33682948756368,0.0024533119711610675,,,0.11744390343683908,66.63285282078661,0.05585619856196886,0.055144352142871896,True,36,22,10,40,52,B,-20,18.200000000000003,7.699999999999999,5.899999999999999,18.200000000000003,Acceleration
TFIN,"Triumph Financial, Inc. Common Stock",Financial Services,Banks - Regional,United States,その他,75.68000030517578,1.801657216,16.334392865867613,0.019954709643573078,-0.004589694267912624,-0.13783823972837558,,2.0928331936295055,0.061572695181071085,76.75677756251524,0.1340546052732786,0.0,True,42,37,30,100,10,D,-25,22.5,18.75,18.5,22.5,Acceleration
TGLS,Tecnoglass Inc. Ordinary Shares,Basic Materials,Building Materials,United States,その他,43.790000915527344,1.94273536,11.80687899684906,0.10495505970134164,0.06830480099368148,0.16285219866865763,0.4284320004879983,-0.6208268750893161,0.13617112771264814,61.545216541781976,0.024830932151224297,0.4709512022598241,False,27,2,49,100,45,C,-5,34.75,16.0,55.95,55.95,Persistence
TGT,Target Corporation Common Stock,Consumer Defensive,Discount Stores,United States,その他,135.22999572753906,61.420261376,781.2324752677155,-0.01675956684120639,-0.007876214948050497,-0.0156524926686217,0.2793376598587517,-0.36662198391420914,0.3410657253319886,68.97911313131617,0.08201453312107482,0.0,True,0,0,21,40,40,C,0,10.0,10.0,29.55,29.55,Persistence
THG,Hanover Insurance Group Inc,Financial Services,Insurance - Property & Casualty,United States,その他,197.64999389648438,6.91513856,59.88695990066528,0.05637948783940291,0.042475056594281885,0.09766423088958015,,0.46998241647827177,0.07189349636195186,55.16935592171002,0.06721228611140144,0.0,True,23,24,42,85,60,B,-20,16.0,16.75,36.35,36.35,Persistence
THO,"Thor Industries, Inc. Common Stock",Consumer Cyclical,Recreational Vehicles,United States,その他,77.16999816894531,4.0172672,65.13688035446167,-0.046191292836057246,-0.09694616919050802,-0.31821683031903397,0.13994909958672122,0.12077218517268479,0.1306357960982177,50.340707005622285,-0.0023142131718615648,0.35439396241059334,False,32,12,30,85,73,A,0,44.05,29.05,52.35,52.35,Persistence
TIC,"TIC Solutions, Inc. Common Stock",Industrials,Specialty Business Services,United States,その他,8.460000038146973,1.87002048,17.88507458064556,0.45734564885525264,,-1.0,0.29364188366172295,-0.16843134060921974,0.3896063720725727,48.54367740955823,-0.006085669635216542,0.41614905646791933,False,14,8,21,100,65,A,-5,27.0,22.5,44.55,44.55,Persistence
TJX,"TJX Companies, Inc. (The) Common Stock",Consumer Cyclical,Apparel Retail,United States,その他,168.41000366210938,186.04326912,1129.0088758505249,0.07118523775727466,0.039526347824483096,0.08572973405959629,0.30963029218843174,0.1712720343020486,0.3771353482260184,70.69386341710715,0.07168910358062537,0.0,True,24,24,42,25,25,D,0,24.25,24.25,34.35,34.35,Persistence
TKO,"TKO Group Holdings, Inc. Class A Common Stock",Communication Services,Entertainment,United States,その他,203.36000061035156,38.867443712,252.77139675865175,-0.030524701790923092,0.5145891399021829,1.8284037058379314,0.5980797655660822,1.4798979596204302,0.26220198336054606,59.59236665527153,0.05267190231028544,0.0923786000114275,True,30,46,42,40,85,S,0,37.0,49.0,50.1,50.1,Persistence
TKR,Timken Company (The) Common Stock,Industrials,Tools & Accessories,United States,その他,137.05999755859375,9.524917248,163.0979705947876,0.001924338508637656,-0.04109876284336339,0.06055551849133809,0.30409446069230434,0.328426561988878,0.3079169662113587,74.32473179952788,0.1835010485885823,0.002474500385689787,True,27,12,30,85,10,D,0,34.0,22.75,39.75,39.75,Persistence
TMHC,Taylor Morrison Home Corporation Common Stock,Consumer Cyclical,Residential Construction,United States,その他,71.9000015258789,6.620182528,346.4275088519669,-0.005711951906775303,0.10114883986976786,-0.09812694766403114,0.230279210193216,3.0,0.24015864527393685,93.49590916302155,0.1632986778823543,0.0001390924172034085,True,12,12,30,85,10,D,0,22.75,22.75,39.75,39.75,Persistence
TMP,Tompkins Financial Corporation Common Stock,Financial Services,Banks - Regional,United States,その他,92.0199966430664,1.323518208,5.809682488059997,-0.13924235032658483,0.36961817397235486,-0.2903458426766504,,-0.6400396588438095,0.0651163531169087,69.93589834505539,0.08623660305307644,0.0,True,0,12,25,100,40,C,-25,0.0,3.0,21.75,21.75,Persistence
TNC,Tennant Company Common Stock,Industrials,Specialty Industrial Machinery,United States,その他,86.87999725341797,1.480339968,12.935128391075134,-0.06466153726587394,0.03465744612415568,0.13861930049441495,0.40240963855421685,-0.3718887262079063,0.2606982425723067,60.77451362979939,0.06203114255390505,0.007426042898936365,True,4,0,25,100,40,C,-5,17.0,14.0,41.75,41.75,Persistence
TNET,"TriNet Group, Inc. Common Stock",Industrials,Staffing & Employment Services,United States,その他,47.380001068115234,2.176857344,20.26205745677948,-0.008509796160696616,0.011814177012414898,0.017729773792541266,0.17684630738522955,0.16417910447761194,0.24809059784040033,67.34542050450125,0.12584893575721365,0.37660114956824686,False,2,12,30,100,23,D,0,18.8,26.3,46.1,46.1,Persistence
TNL,Travel   Leisure Co. Common  Stock,Consumer Cyclical,Travel Services,United States,その他,74.12999725341797,4.62753024,66.8033589748764,0.040631469979296064,0.0304,0.051303616484440706,0.8985327033076349,0.36553524804177545,0.848224852071006,77.57931694579587,0.08394803905113797,0.05080910192407092,True,38,12,47,85,37,C,-20,24.950000000000003,5.449999999999999,34.5,34.5,Persistence
TOL,"Toll Brothers, Inc. Common Stock",Consumer Cyclical,Residential Construction,United States,その他,147.10000610351562,13.749584896,173.08816418182374,0.011061664610749405,0.0852234486320424,-0.02730956314002607,0.2511448497422612,0.09577117084025609,0.20084572405833498,67.27075815552402,0.05766654698421636,0.11285056099145147,True,2,12,30,65,65,A,0,17.75,25.25,45.75,45.75,Persistence
TOST,"Toast, Inc. Class A Common Stock",Technology,Software - Infrastructure,United States,ソフトウェア,24.81999969482422,14.395599872,286.0600521827316,0.24052419354838708,0.2833117723156533,0.4152325155620652,0.25889809848854217,0.9869281045751634,0.006359300476947536,57.80075161013218,-0.051143451857765004,0.4965517225370229,False,21,36,85,65,55,B,0,31.0,42.25,74.0,74.0,Persistence
TPB,"Turning Point Brands, Inc. Common Stock",Consumer Defensive,Tobacco,United States,その他,82.55000305175781,1.598790016,32.41779894844055,0.283929462651805,0.10950458986538035,0.011938523607768913,0.5707961352907386,-0.2977946475760342,0.40454860883797056,35.096172803241515,-0.008829836057396033,0.42210543024648445,False,47,17,45,100,55,B,-5,50.75,28.25,55.75,55.75,Persistence
TPC,Tutor Perini Corporation Common Stock,Industrials,Engineering & Construction,United States,その他,74.91999816894531,3.955135488,36.22157151473999,0.28105822106337947,0.11512084215691505,0.023602686008460057,0.11681588384999636,0.21683846954208544,0.07894199350363207,54.675319485256594,-0.07003485466022301,0.22948892541481636,True,50,66,50,85,90,S,0,59.25,71.25,66.75,71.25,Transition
TPL,Texas Pacific Land Corporation Common Stock,Energy,Oil & Gas E&P,United States,電力/エネルギー,378.9100036621094,26.13510144,164.75006959228514,0.1308642535026487,0.11752467958106065,-0.05367968092151592,0.8545947706686378,-0.508631630453065,0.009964405357554282,42.128923243222935,-0.07542047387892047,0.29696847838556206,True,50,14,40,65,73,A,0,54.55,27.55,52.85,54.55,Acceleration
TPR,"Tapestry, Inc. Common Stock",Consumer Cyclical,Luxury Goods,United States,その他,147.4199981689453,29.785432064,367.6124042340088,0.05089039453171843,0.0015463375820084374,-0.003530555763333084,0.7544039824839175,-0.046045173105432984,0.5925385608996276,62.995480043842775,0.03853347897736554,0.0763452426170513,True,45,0,32,65,67,A,0,50.2,16.45,47.25,50.2,Acceleration
TR,"Tootsie Roll Industries, Inc. Common Stock",Consumer Defensive,Confectioners,United States,その他,38.880001068115234,2.922655744,7.209518598060608,0.012868889973548741,-0.05998193315266486,0.11993973535962268,0.352810283349078,-0.20299937133970816,0.011072726721755176,41.96185512681523,-0.05233137007015741,0.13233653477882631,False,22,12,29,100,80,S,0,39.5,32.0,56.95,56.95,Persistence
TREX,"Trex Company, Inc. Common Stock",Industrials,Building Products & Equipment,United States,その他,45.630001068115234,4.740898816,86.96530643569946,0.019816770000234487,0.05170815381650419,-0.010131613327872425,0.3917030794529694,2.343278108551212,0.12888999278264476,69.00413862308004,0.1354531346246137,0.33377131710712155,True,16,25,34,85,33,D,0,28.05,34.8,46.550000000000004,46.550000000000004,Persistence
TRGP,"Targa Resources, Inc. Common Stock",Energy,Oil & Gas Midstream,United States,電力/エネルギー,272.6000061035156,58.511929344,303.570092796936,0.03948356377621097,0.019999626407974945,-0.23265869716863039,0.2939342153943729,-0.14592776721742945,0.6948101386289376,46.10913656347835,0.07003067646070363,0.014995461233909215,True,33,19,15,40,60,B,-10,26.75,16.25,20.25,26.75,Acceleration
TROX,Tronox Holdings plc Ordinary Shares (UK),Basic Materials,Chemicals,United States,その他,8.020000457763672,1.279383296,21.1688313082695,-0.057254391672088484,0.07859649122807018,-0.17486971627099016,0.09282263630089717,-3.0142857142857142,0.5456007720765642,55.80246942651237,-0.08285502361204612,0.23036978872092237,True,0,0,2,100,90,S,-5,19.0,19.0,39.1,39.1,Persistence
TRU,TransUnion Common Stock,Financial Services,Financial Data & Stock Exchanges,United States,その他,66.12999725341797,12.749863936,131.27300429782866,0.0938142358621349,0.09203382752140321,0.03269629909161972,0.5909359089220549,0.28043352041803754,0.4641812668160426,36.91749222779142,-0.06302348123232282,0.3293486075523915,False,43,24,42,65,53,B,-20,27.299999999999997,13.049999999999997,29.950000000000003,29.950000000000003,Persistence
TRV,"The Travelers Companies, Inc. Common Stock",Financial Services,Insurance - Property & Casualty,United States,その他,304.4599914550781,64.741797888,454.5800794418335,0.051692943913155855,0.12218113262272497,0.12134106678230702,,,0.06448492777020068,49.28976396901289,0.01779702266684198,0.016613455375950336,True,0,12,22,40,75,A,-20,0.0,2.5,17.1,17.1,Persistence
TSLX,"Sixth Street Specialty Lending, Inc. Common Stock",Financial Services,Asset Management,United States,その他,16.899999618530273,1.605831168,10.84320875524521,-0.14390016365318176,-0.07473135190888276,1.0030917562934092,,,0.509471001605948,45.83333078612698,-0.06647371828892756,0.2781993309602604,False,0,0,10,100,63,B,-25,0.0,0.0,18.1,18.1,Persistence
TSN,"Tyson Foods, Inc. Common Stock",Consumer Defensive,Farm Products,United States,その他,57.43000030517578,20.22279168,211.24764162254334,0.021234688326548987,0.008093644220041225,-0.007525993769002665,0.06542862915817123,-0.19272976680384088,0.24087511593649408,28.2669709658296,-0.09282097773923459,0.1576139352733389,False,30,0,25,65,53,B,-20,17.549999999999997,0.0,20.6,20.6,Persistence
TTC,Toro Company (The) Common Stock,Industrials,Tools & Accessories,United States,その他,90.73999786376953,8.641127424,99.18698426490784,-0.01601291504864959,0.0067205481858912414,0.008527698407424636,0.333628946434906,0.2399228130360206,0.3027509596370827,49.80492458158617,-0.02265327301239889,0.10451025631160388,True,9,12,30,85,100,S,0,29.5,31.75,57.75,57.75,Persistence
TTI,"Tetra Technologies, Inc. Common Stock",Industrials,Conglomerates,United States,その他,10.399999618530273,1.537353088,16.726995386457443,0.05311369679408323,-0.04335405948309174,0.13204498086632094,0.24717243696626578,1.8087334437086093,0.3334714492253918,49.90176600110619,0.07409162994153144,0.15584416589722486,True,30,25,26,100,85,S,-5,41.0,37.25,51.3,51.3,Persistence
TWLO,Twilio Inc. Class A Common Stock,Technology,Software - Infrastructure,United States,ソフトウェア,204.0800018310547,30.974009344,594.580962934723,0.13664851517574106,0.07320535057637981,0.08562376235553681,0.4891703932333706,0.43801020602170493,0.11069329406021355,57.615645686112735,0.16638472569464338,0.1375929582596933,True,39,56,50,40,70,A,0,42.25,55.0,51.5,55.0,Transition
TXNM,"TXNM Energy, Inc. Common Stock",Utilities,Utilities - Regulated Electric,United States,電力/エネルギー,57.060001373291016,6.31695616,94.31504686992645,0.09862373103882459,0.01650218286116219,-0.13796373060449735,0.6239500629385031,0.17248785663726635,0.47313485003464134,14.243314373036768,-0.030611449218889898,0.04068591438416016,False,44,12,14,85,50,B,0,50.75,26.75,38.95,50.75,Acceleration
TXT,Textron Inc. Common Stock,Industrials,Aerospace & Defense,United States,防衛/宇宙,92.81999969482422,16.14037504,116.46357411708831,0.08006130491898993,0.0013885843747716143,0.06325277799362809,0.18210689911480504,0.42923076923076925,0.21391141265375918,53.73166653036707,0.0196910241326856,0.07849461257941914,True,23,24,42,65,87,S,0,35.7,36.45,56.75,56.75,Persistence
TY,Tri Continental Corporation Common Stock,Financial Services,Asset Management,United States,その他,35.15999984741211,1.87168576,1.0342313955116271,-0.20686401711696337,0.2668417127469365,1.8713792324888325,,,,55.99999389647506,0.02830469853688801,0.005374784580205227,True,0,0,8,100,75,A,-25,0.0,0.0,19.4,19.4,Persistence
TYL,"Tyler Technologies, Inc. Common Stock",Technology,Software - Application,United States,ソフトウェア,298.8399963378906,12.294444032,248.51085835464477,0.09099856254294712,0.09532568447512003,0.05488421817269879,0.46464066131010057,0.08013440125840225,0.1139596531810769,42.97690047598353,-0.07280141495488206,0.5115077946131507,False,10,24,50,65,55,B,0,22.75,33.25,54.75,54.75,Persistence
UA,"Under Armour, Inc. Class C Common Stock",Consumer Cyclical,Apparel Manufacturing,United States,その他,5.880000114440918,2.5067904,18.3268434506906,-0.038328450460952186,-0.0942792717979459,-0.034097979643123645,0.4548307919063622,0.2887681302439003,0.4392589250976177,63.33333598242908,0.023356208963450042,0.2538071029129546,True,31,12,10,100,63,B,-10,34.55,20.3,33.1,34.55,Acceleration
UAA,"Under Armour, Inc. Class A Common Stock",Consumer Cyclical,Apparel Manufacturing,United States,その他,6.050000190734863,2.579265792,45.78634094347954,-0.038328450460952186,-0.0942792717979459,-0.034097979643123645,0.4548307919063622,0.2887681302439003,0.4392589250976177,64.70588085298225,0.024139249559177532,0.25675676467290554,True,31,12,10,100,63,B,-10,34.55,20.3,33.1,34.55,Acceleration
UBER,"Uber Technologies, Inc. Common Stock",Technology,Software - Application,United States,ソフトウェア,68.8499984741211,140.150980608,1420.3840747709273,0.18279594342625857,0.17963573938467317,0.16952661793769802,0.39754311090604993,0.4159535895576505,0.1954629300022653,40.10657785856171,-0.06322199145598245,0.31218781694666137,False,47,33,79,25,63,B,0,45.3,34.8,62.300000000000004,62.300000000000004,Persistence
UEC,Uranium Energy Corp. Common Stock,Energy,Uranium,United States,電力/エネルギー,11.029999732971191,5.458441728,132.1627252504301,3.0,-0.9986373784133975,3.0,0.36621930966380895,0.36175226311240505,,40.65727409449076,-0.20676017415600592,0.45233366101091377,False,62,52,12,85,43,C,-10,53.55,46.05,26.450000000000003,53.55,Acceleration
UGI,UGI Corporation Common Stock,Utilities,Utilities - Regulated Gas,United States,その他,35.029998779296875,7.510211584,67.79495783752441,0.010679611650485437,-0.19242831541218638,-0.1165644171779141,0.49855907780979825,0.010362694300518135,0.46138921226232055,44.36359575749001,-0.013867265262259844,0.12903281796538688,False,28,24,30,85,90,S,0,42.75,39.75,55.75,55.75,Persistence
UHAL,U-Haul Holding Company Common Stock,Industrials,Rental & Leasing Services,United States,その他,62.380001068115234,11.850820608,18.013161008434295,0.03588368863195946,0.03608296534779655,-0.04075525888746739,0.8583448758566629,0.3194666605273536,0.3778268484148731,75.87196756066336,0.17673693261701023,0.023022669399149022,True,20,12,21,65,10,D,0,25.75,19.75,29.8,29.8,Persistence
UHAL-B,U-Haul Holding Company Series N Non-Voting Common Stock ,Industrials,Rental & Leasing Services,United States,その他,55.400001525878906,10.642661376,25.87888637278061,0.03588368863195946,0.03608296534779655,-0.04075525888746739,0.8583448758566629,0.3194666605273536,0.3778268484148731,75.61727406648306,0.14320149240682983,0.021077191498104407,True,20,12,21,65,10,D,0,25.75,19.75,29.8,29.8,Persistence
UI,Ubiquiti Inc. Common Stock,Technology,Communication Equipment,United States,通信/光通信,588.72998046875,35.63116544,81.37425790039063,0.334487085751028,-0.006195272175590772,0.14708351165578604,0.43420690137534024,0.18487709166995567,0.2028134591609266,41.845174198975954,-0.2601952501540668,0.45644383634515295,False,44,46,49,40,35,C,0,42.5,44.0,43.95,44.0,Transition
ULS,UL Solutions Inc. Class A Common Stock,Industrials,Specialty Business Services,United States,その他,96.93000030517578,19.537512448,63.63115265033722,0.06376306620209059,0.07169529499626587,0.0626984126984127,0.4945954798558795,0.40418118466898956,0.23382403286545703,31.069114508685303,0.0254079721807228,0.07454130102728553,True,16,12,50,65,77,A,0,29.45,26.45,59.15,59.15,Persistence
UMAC,"Unusual Machines, Inc. Common Stock",Technology,Computer Hardware,United States,その他,24.43000030517578,1.167605632,236.11888454956053,1.0123225640794355,,,0.34885001335361215,,0.014394821466733328,58.683315260787424,0.36740178551212116,0.2690005492616472,True,29,28,14,100,53,B,-15,27.049999999999997,26.299999999999997,28.300000000000004,28.300000000000004,Persistence
UNF,Unifirst Corporation Common Stock,Industrials,Specialty Business Services,United States,その他,264.8299865722656,4.789159936,69.47417452743531,0.0020272460885602927,0.08704877237245791,0.11606479736828164,0.3658812540290221,0.056914246729748166,0.026074499083024526,49.7009555495377,0.016072493786585904,0.03925270293414923,True,6,24,46,85,87,S,0,25.950000000000003,39.45,63.95,63.95,Persistence
UNM,Unum Group Common Stock,Financial Services,Insurance - Life,United States,その他,92.7300033569336,14.8160512,115.26756702281952,0.015167981485680332,0.03911054782389692,0.0365221052631579,,-0.5997117117117117,0.05931416228742715,80.0292897350864,0.14127930257077306,0.0,True,0,0,37,65,10,D,-20,0.0,0.0,18.6,18.6,Persistence
USB,U.S. Bancorp Common Stock,Financial Services,Banks - Regional,United States,その他,58.939998626708984,91.812708352,483.8290183268738,0.04408267788549479,-0.02420304858458573,0.1583278200463116,,,0.09881345283059746,67.34176644706662,0.06547209980168589,0.01880716752137338,True,18,12,10,40,40,C,-20,3.5,0.0,3.5,3.5,Acceleration
USFD,US Foods Holding Corp. Common Stock,Consumer Defensive,Food Distribution,United States,その他,93.31999969482422,20.55108608,268.8894475206757,0.04084272777675106,0.06405034132089783,0.045218310479490265,0.17410714285714285,0.15126050420168066,0.41045686007315496,82.93182231451013,0.06377399566473911,0.08491864460720851,True,2,24,34,65,50,B,-20,0.0,12.75,24.950000000000003,24.950000000000003,Persistence
UTI,Universal Technical Institute Inc Common Stock,Consumer Defensive,Education & Training Services,United States,その他,39.13999938964844,2.155102464,67.69028054443359,0.1404815425959516,0.20625181097384296,0.45047460986472126,0.4967891950369548,-0.10138480770167378,0.33759936281908975,47.566133006144085,0.026348335201636475,0.12828512116888438,True,13,14,76,100,100,S,0,34.75,35.5,86.80000000000001,86.80000000000001,Persistence
UUUU,Energy Fuels Inc Ordinary Shares (Canada),Energy,Uranium,United States,電力/エネルギー,15.039999961853027,3.757999872,158.9940811967325,-0.15607957600430142,1.0595338536173804,2.0306032760687174,0.20862534510482084,-0.8837655843722915,0.4785827409671835,36.21323105643885,-0.2115168934710057,0.4574314453677746,False,0,0,10,85,33,D,-10,6.050000000000001,6.050000000000001,23.35,23.35,Persistence
UVE,UNIVERSAL INSURANCE HOLDINGS INC Common Stock,Financial Services,Insurance - Property & Casualty,United States,その他,37.95000076293945,1.059226944,6.413170628929138,0.0548352686158039,0.09266719460297704,0.13816128467649988,,1.9006462035541196,0.03538443389166794,43.422742411044005,0.01655007880876045,0.07657757378081477,True,12,24,42,100,87,S,-25,7.700000000000003,16.700000000000003,40.5,40.5,Persistence
UVV,Universal Corporation Common Stock,Consumer Defensive,Tobacco,United States,その他,53.93000030517578,1.34412416,14.624737482757569,-0.0077406860010776025,0.07229606053759532,0.06955690350778886,0.17507992901277838,-0.696372171136992,0.33968238019320024,47.99728491061364,0.012804946168793312,0.0678032833409525,True,0,0,21,100,87,S,-5,18.700000000000003,18.700000000000003,48.95,48.95,Persistence
UWMC,UWM Holdings Corporation Class A Common Stock,Financial Services,Mortgage Finance,United States,その他,2.380000114440918,3.845385728,53.221491159124376,0.09766002898728926,0.7829349635186401,-0.568800246867703,,0.5666889562884595,0.25953216896584236,7.228936081714934,-0.2786129646548071,0.6330640261194449,False,9,24,14,85,8,D,-30,0.0,1.5500000000000007,0.5500000000000043,1.5500000000000007,Transition
V,Visa Inc.,Financial Services,Credit Services,United States,その他,322.3900146484375,613.103173632,2539.5128919378662,0.1133997661860491,0.10023581294214927,0.11405663596042306,0.803625,0.15428235168244797,0.2526523934274845,43.68062216738756,0.01155752654859779,0.09462878075896028,False,40,26,71,10,90,S,-20,20.5,10.0,39.550000000000004,39.550000000000004,Persistence
VAC,Marriott Vacations Worldwide Corporation Common Stock,Consumer Cyclical,Resorts & Casinos,United States,その他,93.37999725341797,3.206955264,52.861949545173644,0.013086370042279041,0.05077215993230379,0.01524914089347079,0.3751987281399046,-1.195945945945946,0.582146151480988,77.87198514353808,0.23129827190793054,0.0,True,4,0,18,85,10,D,0,16.75,13.75,33.15,33.15,Persistence
VFC,V.F. Corporation Common Stock,Consumer Cyclical,Apparel Manufacturing,United States,その他,17.639999389648438,6.91081728,175.6577909221649,0.010575409553030183,-0.041448199507890436,-0.10583848895143534,0.5477981890447545,0.49011977724910305,0.536411093136331,60.09746194414479,-0.0181301644488119,0.17708445854502142,True,46,47,30,85,80,S,0,55.25,56.0,53.75,56.0,Transition
VG,"Venture Global, Inc. Class A common stock",Energy,Oil & Gas Midstream,United States,電力/エネルギー,13.079999923706055,32.495405056,188.01950530330657,1.7693081255028158,-0.37039382043814106,0.22472084367245657,0.50170673251507,0.4122579529737206,0.653014257381282,44.07582931248367,0.009228103643891783,0.30823480256253305,True,56,34,16,40,83,S,-10,46.3,29.799999999999997,25.400000000000006,46.3,Acceleration
VIRT,"Virtu Financial, Inc. Class A Common Stock",Financial Services,Capital Markets,United States,その他,57.619998931884766,12.39856128,73.0258580463028,0.2624895331825486,0.2544618777669398,-0.030209166732915765,0.6426715761987909,-0.16485152695721142,0.445499161916468,65.880001327945,0.13440188336131642,0.0,True,57,24,44,65,25,D,-20,35.0,10.25,25.450000000000003,35.0,Acceleration
VLO,Valero Energy Corporation Common Stock,Energy,Oil & Gas Refining & Marketing,United States,電力/エネルギー,258.6700134277344,76.807602176,737.0362293600464,-0.05538916392697931,-0.10282110440296754,-0.1792519687271449,0.04376176775045441,-0.1291551246537396,0.20181761743809065,61.64710424686986,0.05609716929405838,0.01063300305794406,True,30,0,25,40,40,C,0,32.5,10.0,31.75,32.5,Acceleration
VLTO,Veralto Corp Common Stock ,Industrials,Pollution & Treatment Controls,United States,その他,83.36000061035156,20.473155584,198.81318465568543,0.05969574427113422,0.03425612427803226,0.031006160164271046,0.599491186625477,0.23658536585365852,0.3742363187313142,40.11493204574832,-0.04277649782888006,0.23753071360233133,False,43,24,46,65,90,S,0,51.0,36.75,59.55,59.55,Persistence
VMC,Vulcan Materials Company (Holding Company) Common Stock,Basic Materials,Building Materials,United States,その他,286.4700012207031,37.170884608,356.0506998171997,0.07056095555226014,-0.04680090980351842,0.06379866579177602,0.2738411555074234,0.40838605632055575,0.2924900002395152,67.97050362523854,0.012531307677821645,0.12951129552190752,False,23,24,26,40,70,A,0,30.25,31.0,38.3,38.3,Persistence
VMI,"Valmont Industries, Inc. Common Stock",Industrials,Conglomerates,United States,その他,546.8099975585938,10.615578624,125.2085532409668,0.007133192017538995,-0.02384996112200504,-0.039273229388412635,0.30212114611186563,-0.3685483560307931,0.2747342274975225,62.761889205208384,0.11505810607583526,0.0006031675275218192,True,34,0,25,65,25,D,0,37.75,12.25,35.0,37.75,Acceleration
VNT,Vontier Corporation Common Stock ,Technology,Scientific & Technical Instruments,United States,その他,29.270000457763672,4.121216,60.45850309553146,0.0324269889224572,-0.037542000516929436,-0.028011556337143573,0.47171283651970347,0.279292343387471,0.48880699505585057,45.711269606450415,-0.09457339702197809,0.32847768420149814,False,31,12,30,85,63,B,0,42.3,28.05,50.35,50.35,Persistence
VOYA,"Voya Financial, Inc. Common Stock",Financial Services,Financial Conglomerates,United States,その他,91.4800033569336,8.294154752,111.76752370140076,0.012165758459003929,0.0939969499514765,0.2410529938059188,,,0.0181036458886609,81.53030489845526,0.15293223970741937,0.0,True,0,0,30,85,10,D,-20,0.0,0.0,19.75,19.75,Persistence
VOYG,"Voyager Technologies, Inc. Class A Common Stock",Industrials,Aerospace & Defense,United States,防衛/宇宙,41.150001525878906,2.438637568,126.03854542362212,0.15424469413233458,0.05966397671649689,,0.17951676190819557,-0.9002449055034425,0.4443802394012494,46.2625848666065,0.17698547706399217,0.24633694732825165,True,5,2,2,100,70,A,-10,15.75,13.5,30.1,30.1,Persistence
VPG,"Vishay Precision Group, Inc. Common Stock",Technology,Scientific & Technical Instruments,United States,その他,139.52000427246094,1.85575552,94.7501277014923,0.0022184378282798624,-0.1366744778170839,-0.020773346571791054,0.38876700021484234,-0.40377393916635373,0.0975610291101562,70.40558734941398,0.6648608972595088,0.015384564027743214,True,22,0,29,100,10,D,-5,27.5,11.0,37.95,37.95,Persistence
VRT,"Vertiv Holdings, LLC Class A Common Stock",Industrials,Electrical Equipment & Parts,United States,電力/エネルギー,302.8699951171875,116.335034368,1880.7651243786622,0.27685414014328863,0.16735633523720714,0.20586840024598085,0.363170705480992,0.6626145172656801,0.26431332088696735,38.7315523247602,-0.04625779304612764,0.19498714543483472,True,40,29,85,25,90,S,0,42.75,34.5,71.0,71.0,Persistence
VSH,"Vishay Intertechnology, Inc. Common Stock",Technology,Semiconductors,United States,半導体,59.380001068115234,8.081964032,523.5929571182824,0.04475135544921734,-0.13652317944060116,-0.02726481750305441,0.19383307136284605,0.39208345573416586,0.2534712906456062,66.45861643785558,0.5934950821131753,0.07175238494606112,True,23,30,6,85,37,C,0,33.7,38.95,31.950000000000003,38.95,Transition
VST,Vistra Corp. Common Stock,Utilities,Utilities - Independent Power Producers,United States,電力/エネルギー,148.02000427246094,49.909751808,753.8681020597077,0.029842080817464003,0.16543744502334393,0.07655885780885781,0.3288984101928064,-0.46961770623742455,0.4829843561973526,41.82683295823804,-0.037006450641045026,0.3188849800298997,False,4,0,33,40,73,A,0,16.3,13.3,42.75,42.75,Persistence
VSTS,Vestis Corporation Common Stock,Industrials,Rental & Leasing Services,United States,その他,13.1899995803833,1.74246592,20.04998646214485,-0.025297773912795547,-0.006889921940646009,0.05146287409215837,0.265009018812442,-0.9853162391857118,0.48803502012453126,70.77363192168615,0.23354028396541016,0.009015840379429095,True,0,0,17,100,10,D,-5,11.0,11.0,31.35,31.35,Persistence
VSXY,Victorias Secret & Co. Common Stock ,Consumer Cyclical,Apparel Retail,United States,その他,78.87999725341797,6.270306816,248.4361009495163,0.05184590690208668,0.007764477515367195,-0.0255359394703657,0.3638028383946284,0.2631578947368421,0.5677239178136845,74.0141730954916,0.424284292823768,0.014738950051955359,True,39,12,26,85,10,D,0,43.0,22.75,37.55,43.0,Acceleration
VTOL,"Bristow Group, Inc. Common Stock",Energy,Oil & Gas Equipment & Services,United States,電力/エネルギー,43.959999084472656,1.301471616,8.351300826072693,0.05299998375122131,0.09099688692020912,0.09468834057259341,0.6677369923891925,1.7231349313223807,0.3950380333506255,57.41856960438069,-0.028471120510000763,0.11839010613347292,True,24,37,50,100,100,S,-5,38.0,47.75,67.5,67.5,Persistence
VVV,Valvoline Inc. Common Stock,Consumer Cyclical,Auto & Truck Dealerships,United States,その他,37.61000061035156,4.796632064,75.34580667274476,0.05639283508338481,0.12157949428472463,0.16778577784968854,0.38502017189966675,-0.06633906633906633,0.520259137207909,74.306383198032,0.10894231227165649,0.07523967780579578,True,4,0,41,85,22,D,0,17.95,14.95,48.199999999999996,48.199999999999996,Persistence
VVX,"V2X, Inc. Common Stock",Industrials,Aerospace & Defense,United States,防衛/宇宙,90.80999755859375,2.84330496,48.58879729370117,0.036528768635090594,0.09059237581646408,0.37091592121375644,0.0833434894971873,-0.2985399051350794,0.33472190048889916,93.89986801709811,0.23954079190545408,0.0,True,0,12,48,100,10,D,0,16.0,25.0,53.400000000000006,53.400000000000006,Persistence
VYX,NCR Voyix Corporation Common Stock,Technology,Information Technology Services,United States,その他,7.849999904632568,1.08178624,17.927005532209872,-0.046486870120652946,-0.10991787744788377,-0.002520478890989288,0.23595087458131744,-0.07449856733524356,0.33817903596021426,74.80314975411906,0.13125431095197881,0.4634313162524159,False,21,0,6,100,0,D,-15,15.75,0.0,13.3,15.75,Acceleration
VZ,Verizon Communications Inc. Common Stock,Communication Services,Telecom Services,United States,その他,48.11000061035156,200.886140928,1085.690926723709,0.025247054633943673,0.006075805753355128,-0.020908393320422408,0.5892279526163064,0.03984779621604482,0.44932444132212596,48.35618142046577,0.021995152741880613,0.04955990021234607,True,40,12,30,25,87,S,0,42.45,21.450000000000003,40.150000000000006,42.45,Acceleration
W,Wayfair Inc. Class A Common Stock,Consumer Cyclical,Internet Retail,United States,その他,77.58999633789062,10.24160768,332.3051519657898,0.051134925322757575,-0.0126635007914688,-0.017596988050417418,0.30223970458376814,2.963855421686747,1.2491279069767443,65.04576218329882,0.10309271160404442,0.34825708232734914,False,49,37,24,65,23,D,-20,28.799999999999997,19.799999999999997,14.050000000000004,28.799999999999997,Acceleration
WAL,Western Alliance Bancorporation Common Stock (DE),Financial Services,Banks - Regional,United States,その他,83.66999816894531,9.1355392,84.39541705307006,0.12275371687136392,0.20821618244298656,0.030337169067353342,,0.01153655601953429,0.06980403992497898,65.01182736644274,0.06730905494508038,0.12020410172130203,True,7,26,30,85,65,A,-30,0.0,8.75,20.75,20.75,Persistence
WBS,Webster Financial Corporation Common Stock,Financial Services,Banks - Regional,United States,その他,73.91000366210938,11.975378944,286.1111674263,0.1190612383082341,-0.027264997502742458,0.07214781997807096,,-0.2629868991038075,0.04424895820228506,64.5919291218103,0.027162926648829997,0.0,True,23,14,25,65,55,B,-20,12.5,5.75,21.0,21.0,Persistence
WCC,"WESCO International, Inc. Common Stock",Industrials,Industrial Distribution,United States,その他,346.7699890136719,16.8893952,173.95369728881835,0.07755238601572956,-0.025302431963976198,0.04505581206436945,0.21147637904121067,-0.9749627421758569,0.3960981879247525,42.09141438996904,0.029410648273762798,0.07274789455972054,True,18,0,21,65,87,S,0,31.950000000000003,18.450000000000003,45.2,45.2,Persistence
WD,"Walker & Dunlop, Inc Common Stock",Financial Services,Mortgage Finance,United States,その他,53.2599983215332,1.828481792,17.457295949840546,0.08990454661851319,0.07402033306778953,-0.16231381375059284,0.4227330985995369,-6.842729256516435,0.4888199928925474,59.070937596983875,0.06809622074535132,0.36746312909420004,False,34,0,6,100,58,B,-35,11.299999999999997,0.0,4.900000000000006,11.299999999999997,Acceleration
WEC,"WEC Energy Group, Inc. Common Stock",Utilities,Utilities - Regulated Electric,United States,電力/エネルギー,113.44000244140625,36.950319104,257.1599775344849,0.13955976232281772,-0.03295850669065557,-0.07339487777939858,0.4217814103937715,-3.3652194102623634,0.43313152802014043,50.09621153618406,0.0017902152918025556,0.03677564110246529,True,39,14,6,40,87,S,0,43.95,25.200000000000003,30.700000000000003,43.95,Acceleration
WEX,WEX Inc. common stock,Technology,Software - Infrastructure,United States,ソフトウェア,135.5,4.69753344,72.3048325,0.012403926641808082,0.031475667189952906,0.08397855866587255,0.5863650030066145,-0.26869300911854105,0.33739365950206607,28.059468308259213,-0.10550546900477585,0.26729029705009383,False,8,0,41,85,36,C,0,22.35,16.35,51.0,51.0,Persistence
WFC,Wells Fargo & Company Common Stock,Financial Services,Banks - Diversified,United States,その他,83.7300033569336,256.229670912,1276.1214454627227,0.01704821619519782,-0.0036442001525479133,0.11065243115318417,,,0.08984092661792556,75.39846777732544,0.0547523330933517,0.12208143001739653,True,18,12,10,25,50,B,-30,0.0,0.0,0.0,0.0,Acceleration
WH,"Wyndham Hotels & Resorts, Inc. Common Stock ",Consumer Cyclical,Lodging,United States,その他,79.38999938964844,5.943173632,103.43603935478211,0.014914772727272728,0.007874015748031496,-0.06742323097463285,,0.33195020746887965,0.6128646580583453,50.49465761324078,-0.038137675886289225,0.12349891336603161,True,35,12,20,85,100,S,-10,39.0,21.75,42.25,42.25,Persistence
WHD,"Cactus, Inc. Class A Common Stock",Energy,Oil & Gas Equipment & Services,United States,電力/エネルギー,59.099998474121094,4.10262912,42.38858740558624,-0.044930404473656725,0.029950043757292884,0.5935639170270596,0.37015673957950085,-0.20699653711855043,0.020169190598290143,40.726186933261495,0.050247465047461956,0.05573959013101714,True,4,0,37,85,72,A,0,22.95,19.95,56.0,56.0,Persistence
WHR,Whirlpool Corporation Common Stock,Consumer Cyclical,"Furnishings, Fixtures & Appliances",United States,その他,42.88999938964844,2.78026368,116.37557984390259,-0.0652134642018426,-0.14638910305833977,-0.01363820726019063,0.15369750064416388,-0.7890625,0.44934058378648667,50.86751320102624,-0.11594353381229329,0.5981268579297787,False,18,35,17,100,55,B,0,34.0,46.75,45.35,46.75,Transition
WK,Workiva Inc. Class A Common Stock,Technology,Software - Application,United States,ソフトウェア,48.93000030517578,2.745919232,47.8364147983551,0.19749824010396924,0.1724353571763018,0.17134836160818034,0.7847197728156569,0.5972235119323985,0.533853429130587,45.703610540054896,-0.06157581123940958,0.475618887735472,False,65,39,82,100,55,B,0,69.25,49.75,81.1,81.1,Persistence
WKC,World Kinect Corporation Common Stock,Energy,Oil & Gas Refining & Marketing,United States,電力/エネルギー,31.719999313354492,1.628994944,23.87738808312416,-0.12453519256308102,-0.11617124915637196,-0.19193606026783824,0.025674086996093897,0.18570683359415754,0.11887992632889374,71.26434849650228,0.1744581022407511,0.0,True,2,12,30,100,10,D,-5,12.5,20.0,38.5,38.5,Persistence
WLK,Westlake Corporation Common Stock,Basic Materials,Specialty Chemicals,United States,その他,88.5,11.338881024,85.4330325,-0.0800527096030308,-0.03235575390500478,-0.20552108395593263,0.07278424350940017,-2.7320261437908497,0.3211261960823606,52.514867002053826,-0.12332086696965334,0.27845401343856907,True,0,0,6,65,61,B,0,15.850000000000001,15.850000000000001,31.75,31.75,Persistence
WLY,"John Wiley & Sons, Inc. Common Stock",Communication Services,Publishing,United States,その他,44.16999816894531,2.266936576,15.63454506187439,-0.10431359107137422,-0.07273280855487896,-0.030259327254710675,0.7428602254756621,0.1316087720292401,0.3340926469069273,62.28185204623715,0.0697634951724157,0.010750354771105357,True,17,47,38,100,40,C,0,31.75,54.25,53.900000000000006,54.25,Transition
WM,"Waste Management, Inc. Common Stock",Industrials,Waste Management,United States,その他,219.4499969482422,88.125792256,491.52410316467285,0.1423650455513756,0.08014295505727993,0.03695806680881308,0.4043802571020473,0.30430754979157015,0.4997709174211847,53.44060555028734,-0.011467781367517884,0.10235949435349755,False,44,14,38,40,90,S,0,48.0,25.5,48.900000000000006,48.900000000000006,Persistence
WMB,"Williams Companies, Inc. (The) Common Stock",Energy,Oil & Gas Midstream,United States,電力/エネルギー,72.08000183105469,88.153718784,466.18029504241946,0.1377701609064077,-0.037040432749610344,-0.005289557683538532,0.619581589958159,-0.6084494773519163,0.5018182439007733,29.023036908595486,-0.011414054504932072,0.08548771836219533,True,41,21,29,40,73,A,0,44.05,29.05,40.550000000000004,44.05,Acceleration
WMK,"Weis Markets, Inc. Common Stock",Consumer Defensive,Grocery Stores,United States,その他,82.62999725341797,2.044645888,12.05158509941101,0.0346386378197436,0.016365639051511133,0.00012452306816354566,0.2500878934201261,-0.8489962043261535,0.08488580463548884,83.34407884529665,0.14531386402513877,0.0,True,30,0,37,100,10,D,-20,18.5,0.0,27.35,27.35,Persistence
WMS,"Advanced Drainage Systems, Inc. Common Stock",Industrials,Building Products & Equipment,United States,その他,134.9499969482422,10.336590848,144.75074047660829,0.05031634727786395,0.010357376813071474,-0.06403134230139418,0.38270232915548774,0.5446822250622038,0.3979909104689851,53.08009268242572,-0.04924230407622575,0.2286101821104832,False,43,12,30,65,90,S,0,51.0,27.75,50.75,51.0,Acceleration
WOR,"Worthington Enterprises, Inc. Common Shares",Industrials,Metal Fabrication,United States,その他,59.68000030517578,2.956940032,10.019973651237487,-0.07380651728381485,-0.1218142314112976,0.08349214666484366,0.27651716731873643,-0.2290396175326594,0.19234558316894296,77.08834449217122,0.07984092034522525,0.10524262289681527,True,21,7,25,100,50,B,0,35.75,25.25,48.75,48.75,Persistence
WRB,W.R. Berkley Corporation Common Stock,Financial Services,Insurance - Property & Casualty,United States,その他,68.2699966430664,25.41533184,162.98847268562318,0.06929465563392585,0.13045750692812624,0.07967155397194847,,-0.04481792011464574,0.06443512570865365,52.685783385767884,0.025287477075162462,0.11485577445724078,False,0,12,37,65,90,S,-20,0.0,7.75,34.6,34.6,Persistence
WS,"Worthington Steel, Inc. Common Shares",Basic Materials,Steel,United States,その他,43.45000076293945,2.20753536,9.951136424732208,-0.09832099341223109,-0.049089447570474266,-0.11334758780014255,0.12562635373226005,0.03954214360041623,0.11616882454888368,65.65961512587009,0.13578797910419044,0.09991842481099535,True,2,12,30,100,50,B,0,21.5,29.0,51.5,51.5,Persistence
WSM,"Williams-Sonoma, Inc. Common Stock (DE)",Consumer Cyclical,Specialty Retail,United States,その他,223.5399932861328,26.321076224,286.8711087840271,0.012354858775956712,-0.00504615611693055,-0.10649303578557498,0.46152631239163316,-0.07307217726176937,0.2692033795080186,75.18663050317619,0.1689992424538768,0.0,True,38,0,29,65,10,D,0,39.25,10.75,34.2,39.25,Acceleration
WSO,"Watsco, Inc. Common Stock",Industrials,Industrial Distribution,United States,その他,380.4599914550781,15.67049216,136.49763113433838,-0.049752064662050684,0.045930903610727804,0.0012953745382401492,0.28047833420128215,-0.2798730033969842,0.10845054311572085,53.20410825006765,-0.05462111400688587,0.20443115856550031,True,0,0,25,65,90,S,0,18.75,18.75,48.0,48.0,Persistence
WT,"WisdomTree, Inc. Common Stock",Financial Services,Asset Management,United States,その他,17.969999313354492,2.748354304,50.81736105823517,0.15433782908656488,0.22548455026000258,0.15825714712372863,0.5406043102522922,0.30435918690982483,0.6322698637950852,40.826434295730685,0.014020640793049426,0.09288239284161737,True,21,33,73,100,100,S,-30,10.75,19.75,55.150000000000006,55.150000000000006,Persistence
WTRG,"Essential Utilities, Inc. Common Stock",Utilities,Utilities - Regulated Water,United States,その他,37.5099983215332,10.63907328,57.709695067653655,0.18623248117431798,0.01572140553426194,-0.10236220472440945,0.578350167601829,0.2500572037382643,0.42660170168321404,50.61295714577757,-0.014336838520339063,0.09110193187336867,False,48,26,10,65,90,S,0,54.75,38.25,39.75,54.75,Acceleration
WTS,"Watts Water Technologies, Inc. Class A Common Stock",Industrials,Specialty Industrial Machinery,United States,その他,333.1099853515625,11.122838528,115.33267022827148,0.08271911908356273,0.09526820016534553,0.03879767618085375,0.4945663317613287,0.09361571516267649,0.06861724281549354,75.94125520937448,0.1004587257345068,0.005540824140307658,True,10,24,50,65,10,D,0,18.25,28.75,45.75,45.75,Persistence
WTTR,"Select Water Solutions, Inc. Class A common stock",Energy,Oil & Gas Equipment & Services,United States,電力/エネルギー,18.90999984741211,2.658274304,30.80363335144043,-0.03080488266790627,-0.08406834313872052,0.14266264000807255,0.1438155845337032,-2.294105259747623,0.22105812691305907,46.462705482262194,0.09540580864966272,0.05638727627201303,True,18,0,10,100,72,A,0,35.7,22.2,44.9,44.9,Persistence
WU,Western Union Company (The) Common Stock,Financial Services,Credit Services,United States,その他,7.550000190734863,2.35888512,62.870588088293076,-0.037769912345297765,-0.03380766582510902,-0.026477488548765502,0.3703310538919199,0.42509974610083423,0.37365005598430034,22.666659461122805,-0.1241705460907605,0.2469155567427214,False,9,12,30,100,41,C,-20,5.850000000000001,8.100000000000001,29.700000000000003,29.700000000000003,Persistence
WWW,"Wolverine World Wide, Inc. Common Stock",Consumer Cyclical,Footwear & Accessories,United States,その他,18.020000457763672,1.477451648,21.769602153015136,0.06797720797720798,-0.21753087520620626,-0.16459326579261024,0.4730832844261858,-0.21513445903689807,0.4457965248932311,63.62098690287238,0.0684723901744457,0.43523980431164755,False,29,12,25,100,30,D,-5,34.75,22.0,39.75,39.75,Persistence
XOM,Exxon Mobil Corporation Common Stock,Energy,Oil & Gas Integrated,United States,電力/エネルギー,147.00999450683594,609.348681728,2499.408062807312,-0.04522368657644725,0.013594385369453565,-0.16047657866683387,0.21994103209274324,-0.23128011459825498,0.09696868457392312,36.96868200155253,-0.02829784504978832,0.1368296293270074,True,0,0,25,10,90,S,0,10.5,10.5,34.25,34.25,Persistence
XPO,"XPO, Inc. Common Stock",Industrials,Trucking,United States,その他,228.3300018310547,26.808221696,399.5957696044922,0.010530227948463826,0.042355371900826444,0.0033687483804094327,0.12001961505455437,3.0,0.49914571637783745,72.19989409767862,0.0697940795698876,0.00017512495944263626,True,12,12,34,65,25,D,0,21.25,21.25,39.95,39.95,Persistence
XPRO,Expro Group Holdings N.V. Common Stock,Energy,Oil & Gas Equipment & Services,United States,電力/エネルギー,16.459999084472656,1.866486144,17.50249312648773,-0.061715831719019475,0.13223344817830143,0.18238449044800056,0.11935573192623958,2.7750453615411343,0.07458236240476049,53.85734358693307,0.0006565042186347152,0.10494836156776388,True,12,12,30,100,100,S,-5,29.0,29.0,56.5,56.5,Persistence
XXI,"Twenty One Capital, Inc. Class A Common Stock",Financial Services,Shell Companies,United States,その他,5.769999980926514,2.001081216,8.00769252352953,,,,,,0.12333634268776654,25.239614471839644,-0.21645844868067798,0.8476366479094763,False,0,0,10,100,16,D,-20,0.0,0.0,13.700000000000003,13.700000000000003,Persistence
XYL,Xylem Inc. Common Stock New,Industrials,Specialty Industrial Machinery,United States,その他,110.08000183105469,26.1652992,208.2179746634674,0.055244101845363235,0.16268332428028245,0.3335747917421224,0.38461538461538464,-0.03397027600849257,0.11698990586367244,50.742167347581905,-0.0460442154262727,0.27296568643753333,False,7,12,56,65,73,A,0,22.3,26.05,61.650000000000006,61.650000000000006,Persistence
XYZ,"Block, Inc. Class A Common Stock,",Technology,Software - Infrastructure,United States,ソフトウェア,69.5199966430664,41.376980992,405.61233481407163,0.003011062576745717,0.1006327769007525,0.2500649827080686,0.428208016117265,0.5608802094498336,0.22671053396435747,52.75861252501845,0.00021001048607900016,0.14289241622574955,True,19,19,54,40,100,S,0,30.25,30.25,59.7,59.7,Persistence
YELP,Yelp Inc. Common Stock,Communication Services,Internet Content & Information,United States,その他,23.100000381469727,1.270285312,29.97490699500084,0.03745651755161239,0.056094631363392274,0.12028092024673524,0.9026618565075377,0.30268686510939036,0.025954690665826445,54.057147640305075,-0.0858146770294838,0.351669949790106,False,20,24,57,100,63,B,-5,31.299999999999997,34.3,63.95,63.95,Persistence
YETI,"YETI Holdings, Inc. Common Stock",Consumer Cyclical,Leisure,United States,その他,50.41999816894531,3.819734272,78.7071297416687,0.02110583630667265,0.10318843585358045,0.039800729929752726,0.5740901496071168,-0.07949332337961013,0.18492688304687158,70.40814248876252,0.19508688428036075,0.006893879961839503,True,8,0,45,85,10,D,0,19.75,13.75,48.0,48.0,Persistence
YOU,"Clear Secure, Inc. Class A Common Stock",Technology,Software - Application,United States,ソフトウェア,50.25,6.716479488,66.12422625,0.1691019198222425,0.2557274613374969,0.4026778896930737,0.6442368216843422,0.21091229927651314,0.0861774508359726,25.321749523715596,-0.08615692084445202,0.1919161283780414,True,25,21,97,85,63,B,0,37.8,34.8,87.19999999999999,87.19999999999999,Persistence
YUM,"Yum! Brands, Inc.",Consumer Cyclical,Restaurants,United States,その他,154.30999755859375,42.531110912,333.92914936676027,0.08809113789905948,0.06684567552289429,0.034200526161940956,0.4616508400292184,0.14455307262569833,1.609003293888008,49.8267102886617,-0.0007039201088986886,0.07787147212339424,True,40,24,40,40,87,S,-40,4.700000000000003,0.0,9.400000000000006,9.400000000000006,Persistence
ZETA,Zeta Global Holdings Corp. Class A Common Stock,Technology,Software - Infrastructure,United States,ソフトウェア,20.209999084472656,5.03749632,198.04222722854615,0.2972038888237084,0.3801595393585766,0.2331152140327365,0.6063465954557021,0.791582513518796,0.13108071437502827,55.70738876890445,0.09322423193777038,0.19960399665454825,True,36,49,97,85,85,S,0,48.25,58.0,91.6,91.6,Persistence
ZWS,Zurn Elkay Water Solutions Corporation Common Stock,Industrials,Pollution & Treatment Controls,United States,その他,48.38999938964844,8.107372032,40.39548759048462,0.08260453239706352,0.02352172492649461,0.1940240287096271,0.4509699864378796,0.1652557968347442,0.20646413376128983,52.59653314722086,-0.006397072343066296,0.08134349538312599,True,28,24,58,85,100,S,0,43.75,40.75,73.15,73.15,Persistence
