ticker,name,sector,industry,country,theme,price,market_cap_bil,dollar_volume_mil,revenue_growth_1y,revenue_growth_2y,revenue_growth_3y,gross_margin,fcf_growth,debt_ratio,rsi,gap50,dist_high,above200,acceleration_score,transition_score,persistence_score,upside_score,entry_score,entry_grade,risk_penalty,acceleration_final,transition_final,persistence_final,total_score,best_type
AAL,"American Airlines Group, Inc. - Common Stock",Industrials,Airlines,United States,その他,13.640000343322754,9.029269504,766.1736186848116,0.007784398000405822,0.026956884140334925,0.07794408935900839,0.19166071788113412,-1.523076923076923,0.5970796775342377,30.232549758129736,-0.12635784181352963,0.24848481377393683,False,0,0,14,85,58,B,0,18.55,18.55,40.550000000000004,40.550000000000004,Persistence
AAOI,"Applied Optoelectronics, Inc. - Common Stock",Technology,Communication Equipment,United States,通信/光通信,106.2300033569336,9.019594752,1344.6620382421493,0.8275018547109658,0.14573665493507806,-0.023211769246649732,0.300435579254578,-2.1202507096387455,0.2123220785623015,38.220177859137536,-0.13317152436011012,0.5238458070339801,True,66,50,22,85,43,C,-10,56.55,44.55,31.950000000000003,56.55,Acceleration
AAON,"AAON, Inc. - Common Stock",Industrials,Building Products & Equipment,United States,その他,75.87000274658203,6.255757824,93.26092477615356,0.20109442086895685,0.027485241990281708,0.31473197207883097,0.26747827437666255,-1.4516879813806176,0.25178979075131486,24.725889654360785,-0.2514798454933195,0.4878728377293979,False,27,5,33,85,8,D,0,33.8,17.3,41.00000000000001,41.00000000000001,Persistence
AAPL,Apple Inc. - Common Stock,Technology,Consumer Electronics,United States,その他,319.70001220703125,4665.75949824,13765.114022090149,0.0642551178283274,0.020219940775141214,-0.028004605303199367,0.4690516410716045,-0.09227347505215656,0.2746262258483859,64.30716361948728,0.025299805842192196,0.059116206391550026,True,38,12,29,10,67,A,0,36.7,17.2,31.85,36.7,Acceleration
ABNB,"Airbnb, Inc. - Class A Common Stock",Consumer Cyclical,Travel Services,United States,その他,189.42999267578125,113.427963904,1062.8092868569947,0.10259412718429112,0.11949178178884744,0.18073580188117633,0.8295890858589985,,0.09307456772334294,55.74586194509433,0.19308768819950609,0.0056168363476049865,True,20,2,55,25,45,C,0,23.25,9.75,45.5,45.5,Persistence
ACIW,"ACI Worldwide, Inc. - Common Stock",Technology,Software - Infrastructure,United States,ソフトウェア,53.83000183105469,5.434420736,57.68100016204834,0.10380433146332407,0.09755682823447125,0.02157534174320153,0.4899078408575608,-0.07720188589626295,0.273461652796686,56.7308075229354,0.00010036147992706578,0.1055167570940501,True,43,14,41,85,100,S,0,55.0,33.25,63.8,63.8,Persistence
ACLS,"Axcelis Technologies, Inc. - Common Stock",Technology,Semiconductor Equipment & Materials,United States,半導体,115.56999969482422,3.568973568,41.81033663959503,-0.17567850353435868,-0.09971572716884072,0.2289200628697019,0.4491375940351446,-0.16812425662911915,0.03109337709378404,35.24024605512598,-0.1858676126026406,0.39681630473234286,False,4,0,29,85,41,C,0,19.85,16.85,45.400000000000006,45.400000000000006,Persistence
ACMR,"ACM Research, Inc. - Class A Common Stock",Technology,Semiconductor Equipment & Materials,United States,半導体,74.41999816894531,5.18329344,65.59527478607178,0.15239516287823576,0.4023413056302143,0.43435468274216116,0.4438732998339082,-2.022224895491865,0.1037217310166302,41.78735238454955,-0.16498363830269436,0.413507774238224,True,9,2,69,85,53,B,-10,14.8,9.55,59.80000000000001,59.80000000000001,Persistence
ACT,"Enact Holdings, Inc. - Common Stock",Financial Services,Insurance - Specialty,United States,その他,49.06999969482422,6.746323456,16.16144974948883,0.02833561052244432,0.04168205213550307,0.05371673244294087,,,0.10799806657492762,60.4723368952344,0.048200661168429734,0.014627150451106198,True,0,0,22,85,55,B,-20,0.0,0.0,24.35,24.35,Persistence
ADBE,Adobe Inc. - Common Stock,Technology,Software - Application,United States,ソフトウェア,291.5199890136719,115.87919872,1237.8871597485352,0.10527784236224134,0.10799113813179453,0.10240826990798592,0.8926753334174765,0.25136542613997204,0.22538649308380798,60.79321258568655,0.21376237847504576,0.20666196104968312,True,25,26,75,25,50,B,0,27.5,28.25,57.5,57.5,Persistence
ADEA,Adeia Inc.  - Common Stock,Technology,Software - Application,United States,ソフトウェア,25.729999542236328,2.836405504,25.659141696496963,0.179142820671021,-0.032830231385742356,-0.11424294824039204,,-0.2147304431963989,0.41156813749214616,37.531765680630016,-0.086048945103953,0.2320196303404943,True,41,28,17,100,80,S,0,53.75,44.0,50.35,53.75,Acceleration
ADI,"Analog Devices, Inc. - Common Stock",Technology,Semiconductors,United States,半導体,361.7799987792969,175.30609664,1321.853670539856,0.1689321605654812,-0.23390946142220995,0.024270612678441477,0.614669518890112,0.370454692501696,0.1805401203416052,31.301694569432826,-0.05764028640627707,0.18788724553928418,True,46,33,42,25,80,S,0,46.25,36.5,45.35,46.25,Acceleration
ADP,"Automatic Data Processing, Inc. - Common Stock",Technology,Software - Application,United States,ソフトウェア,287.4800109863281,114.205097984,626.0912167266846,0.06743381855852613,0.07073521293991439,0.06608853998956263,0.46416432014726117,0.08728117103376055,0.08340757643610952,64.97396273124095,0.12494095389867914,0.02822218047699527,True,10,24,50,25,25,D,0,13.75,24.25,38.75,38.75,Persistence
ADSK,"Autodesk, Inc. - Common Stock",Technology,Software - Application,United States,ソフトウェア,260.6600036621094,55.037120512,491.99445361221314,0.17533844397325068,0.11533563762052028,0.0983016983016983,0.9097973910630031,0.5787375415282392,0.21929894922595652,52.974724777882074,0.1550995884144427,0.20236238304000045,True,62,26,65,40,70,A,0,59.5,32.5,59.75,59.75,Persistence
AEHR,Aehr Test Systems - Common Stock,Technology,Semiconductor Equipment & Materials,United States,半導体,80.80999755859375,2.636058368,193.7023722479248,-0.15206552706552706,-0.10948684647678879,0.019350071581410385,0.3530129397412052,0.566171723692705,0.04005772333336036,39.06263413228465,-0.1343405997298036,0.4450243992867006,True,13,12,14,100,43,C,-10,19.05,18.3,31.300000000000004,31.300000000000004,Persistence
AEIS,"Advanced Energy Industries, Inc. - Common Stock",Industrials,Electrical Equipment & Parts,United States,電力/エネルギー,272.82000732421875,10.92656128,165.24435023620606,0.21376518218623483,-0.10496436767725571,-0.10275264952948432,0.37658438959306206,0.7013513513513514,0.2667138031267185,36.166113583180525,-0.12914101110058948,0.2982911372086311,False,46,36,30,65,41,C,0,48.35,40.85,40.95,48.35,Acceleration
AEP,"American Electric Power Company, Inc. - Common Stock",Utilities,Utilities - Regulated Electric,United States,電力/エネルギー,122.30999755859375,66.585243648,435.3771135095215,0.10927437756706049,0.038931619428932675,-0.033478449044018435,0.6100749680014628,-0.6949327817993796,0.43253538354010135,47.92157341452206,-0.0554374882726689,0.11139091787593851,False,50,14,14,40,80,S,0,51.5,24.5,33.7,51.5,Acceleration
AEVA,"Aeva Technologies, Inc. - Common Stock",Technology,Software - Infrastructure,United States,ソフトウェア,15.630000114440918,1.089501056,30.0148362697649,0.9943739658025372,1.1022727272727273,0.02862595419847328,-0.036506443940483434,-0.06843420817711122,0.5698020600887029,22.880209823783943,-0.22786598075611053,0.46637078778119556,False,32,58,22,100,16,D,-15,25.6,45.1,25.300000000000004,45.1,Transition
AFRM,"Affirm Holdings, Inc. - Class A Common Stock",Financial Services,Credit Services,United States,その他,77.76000213623047,26.237876224,341.7555981887436,0.38803847956886767,0.46285953582684974,0.1769024051132001,0.6751122375180343,1.0688896376726882,0.7040211551324083,54.2301843673041,0.0068091956708242595,0.1564330453591423,True,48,85,87,65,100,S,-30,25.75,53.5,54.099999999999994,54.099999999999994,Persistence
AGYS,"Agilysys, Inc. - Common Stock",Technology,Software - Application,United States,ソフトウェア,117.87999725341797,3.324898304,32.459436043701174,0.1585057904971991,0.16069804265067547,0.19891954661348546,0.6261055018289322,0.30191995415034867,0.03954910202521972,67.37881646100226,0.10205505847105442,0.16468253024293827,True,28,33,87,85,50,B,0,38.75,42.5,79.1,79.1,Persistence
AIP,"Arteris, Inc.  - Common Stock",Technology,Semiconductors,United States,半導体,22.010000228881836,1.081837824,15.493829611120224,0.22269766474949762,0.07561584615957963,0.06526658462027075,0.9023080519701328,3.0,0.05187297337239527,27.77778329672614,-0.3148296841776506,0.5470261337772482,False,72,44,65,100,8,D,-5,64.8,43.8,57.35,64.8,Acceleration
AKAM,"Akamai Technologies, Inc. - Common Stock",Technology,Software - Infrastructure,United States,ソフトウェア,107.47000122070312,15.445224448,383.1885881524658,0.05437180294089349,0.04702302251883565,0.053990788170502346,0.589486416320614,-0.1614562347704292,0.4943871512380655,37.02854120874581,-0.08372721891479437,0.33306440593416714,False,26,0,37,65,53,B,0,34.55,15.05,47.2,47.2,Persistence
ALAB,"Astera Labs, Inc. - Common Stock",Technology,Semiconductors,United States,半導体,289.4700012207031,50.218733568,1183.9033579925538,1.151265487395594,2.422370761870218,0.44974459134615385,0.756882202867951,1.7507492848844588,0.0027065790238167205,36.838609908111614,-0.15506967685083545,0.4007080290573447,True,62,87,83,40,43,C,0,56.8,75.55,64.25,75.55,Transition
ALGM,"Allegro MicroSystems, Inc. - Common Stock",Technology,Semiconductors,United States,半導体,35.77000045776367,6.667601408,70.27159669929505,0.22770846034377645,-0.30910158219193096,0.07776281693786184,0.4628377163811544,3.0,0.2160128515190566,28.653474674369093,-0.25137919319068125,0.4862108726429232,False,53,42,38,85,8,D,0,53.3,45.05,43.75000000000001,53.3,Acceleration
ALGT,Allegiant Travel Company - Common Stock,Industrials,Airlines,United States,その他,78.94000244140625,2.158042624,43.6676358505249,0.037407630137678706,0.001088508229751735,0.09037508867948053,0.15371527200978755,0.9608375541747167,0.4429898695800186,30.68511958334132,-0.19961225392684362,0.33752937214361906,False,27,30,34,100,41,C,0,39.35,41.6,51.900000000000006,51.900000000000006,Persistence
ALKT,"Alkami Technology, Inc. - Common Stock",Technology,Software - Application,United States,ソフトウェア,20.219999313354492,2.16236672,25.070170548648836,0.32886125164370716,0.26061148430508513,0.2964752533411661,0.578395948056866,2.185347235151741,0.43500148130312183,59.6773875987975,0.10086345257717907,0.23784399585286484,True,55,20,85,100,70,A,0,63.25,37.0,85.75,85.75,Persistence
ALNT,Allient Inc. - Common Stock,Technology,Electronic Components,United States,半導体,92.86000061035156,1.578296064,24.31910555984497,0.04624807535549316,-0.08410497827642344,0.1503932499383683,0.3277118298652065,0.5446264805546056,0.350815017443018,20.933700660435207,-0.025917658319286347,0.18713534496311393,True,34,24,30,100,73,A,-5,42.8,35.3,51.1,51.1,Persistence
ALRM,"Alarm.com Holdings, Inc. - Common Stock",Technology,Software - Application,United States,ソフトウェア,57.470001220703125,2.821215488,21.065054247436525,0.07592886775970471,0.06594781338396383,0.04643354352632872,0.6614918902240634,-0.2974234754614246,0.4987576003081544,57.06371015506575,0.08964808211660928,0.019785089992825404,True,42,12,41,100,60,B,0,52.5,30.0,59.55,59.55,Persistence
AMAL,Amalgamated Financial Corp. - Common Stock,Financial Services,Banks - Regional,United States,その他,48.689998626708984,1.455838208,7.2908403943634035,0.044177125595621786,0.10766323084192289,0.07206108588795918,,0.09905143511325537,0.009228468260292524,42.647071787429,0.015259133292334283,0.04678941109380839,True,2,12,42,100,87,S,-25,0.20000000000000284,7.700000000000003,40.5,40.5,Persistence
AMAT,"Applied Materials, Inc. - Common Stock",Technology,Semiconductor Equipment & Materials,United States,半導体,461.6700134277344,366.38015488,3347.3961411094665,0.04386223138062997,0.02485198174755817,0.028388598022105877,0.4867456288776086,-0.23894750901562709,0.19422022645251935,32.83266318972264,-0.16154244200263074,0.3607694647307326,True,26,0,45,10,51,B,0,26.1,6.6000000000000005,37.45,37.45,Persistence
AMBA,"Ambarella, Inc. - Ordinary Shares",Technology,Semiconductor Equipment & Materials,United States,半導体,70.62999725341797,3.098409728,77.87239717178345,0.3715338844715918,0.2578265054708267,-0.32917661415970095,0.5919242798859489,1.4730334683436368,0.016823190583521164,23.7218053568065,-0.0463138396551913,0.26049632840888187,True,74,68,46,85,56,B,0,73.85,69.35,57.75,73.85,Acceleration
AMD,"Advanced Micro Devices, Inc. - Common Stock",Technology,Semiconductors,United States,半導体,465.5799865722656,760.047665152,10445.543067741393,0.34337793290672874,0.13690476190476192,-0.03902377017922969,0.4951644100580271,1.8004158004158004,0.05000909965421314,48.72156915948444,-0.08001853831880022,0.19853332169177848,True,67,32,46,10,90,S,0,60.75,34.5,45.8,60.75,Acceleration
AMKR,"Amkor Technology, Inc. - Common Stock",Technology,Semiconductor Equipment & Materials,United States,半導体,47.880001068115234,11.89590528,206.00945019569397,0.061777148996817195,-0.028505481645962328,-0.08298849975005587,0.13992272786699902,-0.44651550980664906,,41.71921951767941,-0.23921021436688472,0.4881881399659071,False,30,12,15,65,43,C,0,36.55,23.05,33.1,36.55,Acceleration
AMPL,"Amplitude, Inc. - Class A Common Stock",Technology,Software - Application,United States,ソフトウェア,14.300000190734863,1.896455296,32.48674043331146,0.14682963992622097,0.08320423911627166,0.16053043891005472,0.7398532693887778,1.0018758526603002,0.02274391229521446,71.93348071337226,0.4248420881597376,0.0,True,53,46,62,100,10,D,-5,50.75,45.5,56.1,56.1,Persistence
AMSC,American Superconductor Corporation - Common Stock,Industrials,Specialty Industrial Machinery,United States,その他,28.489999771118164,1.380116608,19.363085894441603,0.34259799477600555,0.5299336029497593,0.3741602506038647,0.3054570373217897,-0.29416312330885197,0.005409199154542172,35.730590873204406,-0.1594977694294733,0.5727354582974299,False,21,20,84,100,33,D,-5,29.049999999999997,28.299999999999997,72.8,72.8,Persistence
AMZN,"Amazon.com, Inc. - Common Stock",Consumer Cyclical,Internet Retail,United States,その他,266.42999267578125,2873.797378048,10186.986738007507,0.12377754683294695,0.10990892246666145,0.11829574129883673,0.5028566486824266,-0.7659529168440903,0.18701607007953136,38.71465678319795,0.05869363480372656,0.06193224779346039,True,31,14,63,10,62,B,0,30.95,18.2,49.550000000000004,49.550000000000004,Persistence
ANDE,"The Andersons, Inc. - Common Stock",Consumer Defensive,Food Distribution,United States,その他,64.55999755859375,2.193462528,22.90039953399658,-0.02208473816856033,-0.2367822020605674,-0.1486415539188049,0.06482474951239575,-1.3078395559431546,0.25434924068743214,46.877094370945755,-0.08251513148453782,0.20168176869114332,False,18,0,6,100,80,S,-20,16.5,3.0,24.299999999999997,24.299999999999997,Persistence
APA,APA Corporation - Common Stock,Energy,Oil & Gas E&P,United States,電力/エネルギー,42.540000915527344,14.903954432,242.31571511501312,-0.08390674745814933,0.17610822563111486,-0.2524604966139955,0.40560538116591927,1.5091678420310297,0.2584313946286808,57.584832277058176,0.15878172719328643,0.041676019363778266,True,16,24,30,65,57,B,0,27.45,33.45,44.15,44.15,Persistence
APLD,Applied Digital Corporation - Common Stock,Technology,Information Technology Services,United States,その他,25.34000015258789,7.204258304,403.71118093099597,1.6745140417116933,0.38045598671296993,1.9891500577700751,0.25794072084421843,-2.483140005395198,0.5136222932666432,37.566848039020066,-0.18609618247596144,0.48962740435405616,False,53,32,40,85,33,D,0,55.8,40.05,49.85,55.8,Acceleration
APP,Applovin Corporation - Class A Common Stock,Communication Services,Advertising Agencies,United States,その他,317.760009765625,106.748141568,2069.7838428100586,0.6999436734698942,0.7505291128821205,-0.3462108341397302,0.8786399662671873,0.901546112822155,0.4882825661433603,38.804564701673605,-0.22191486414466557,0.5668483910296954,False,52,56,45,25,33,D,0,46.05,49.05,37.6,49.05,Transition
APPF,"AppFolio, Inc. - Class A Common Stock",Technology,Software - Application,United States,ソフトウェア,234.49000549316406,8.304930816,95.6215068900299,0.1972042377128237,0.2800522205836134,0.31482804000144105,0.6367974237028592,0.3013543456758743,0.05538726818555896,75.68341574210956,0.2706324288533627,0.18142144631762253,True,22,14,97,85,35,C,0,32.75,26.75,81.6,81.6,Persistence
APPN,Appian Corporation - Class A Common Stock,Technology,Software - Infrastructure,United States,ソフトウェア,42.5099983215332,3.044889088,37.07105658628464,0.17813789459695117,0.13139688611071892,0.16532796570874225,0.7254246241421196,3.0,0.43347145987460134,72.48538792699051,0.47503777347286935,0.06858021713350738,True,53,63,71,85,22,D,0,54.7,62.2,64.7,64.7,Persistence
APPS,"Digital Turbine, Inc. - Common Stock",Technology,Software - Application,United States,ソフトウェア,11.09000015258789,1.342070272,47.49946875354767,0.15238345708309378,-0.09913275369984682,-0.18236124459394523,0.4858761859775569,1.717189203051869,0.43829293272532416,19.669113554395295,0.04260681495301728,0.22932592856164377,True,65,67,30,100,73,A,-5,66.05,67.55,51.1,67.55,Transition
ARCB,ArcBest Corporation - Common Stock,Industrials,Trucking,United States,その他,136.5399932861328,3.051853824,39.66418534965515,-0.04040685146442263,-0.056110039135455834,-0.11961901830341093,0.06863968950849318,1.1983815381930811,0.1894199037617087,49.054600021589884,-0.0565906645745464,0.2110539042506688,True,42,12,30,85,90,S,0,53.25,30.75,55.75,55.75,Persistence
ARHS,"Arhaus, Inc. - Class A Common Stock",Consumer Cyclical,Specialty Retail,United States,その他,8.979999542236328,1.27102976,15.237712223243713,0.08505578208600849,-0.012888831594838565,0.04782704926570149,0.3889207103714993,0.48413397418153453,0.4162600215379718,42.229729185494485,0.06982446409550987,0.20617731218836038,True,27,12,26,100,85,S,-5,38.75,27.5,51.3,51.3,Persistence
ASO,"Academy Sports and Outdoors, Inc. - Common Stock",Consumer Cyclical,Specialty Retail,United States,その他,43.5,2.697799168,67.4534925,0.020218254135452394,-0.03666672024426188,-0.036869321116428225,0.34783892197031296,-0.32451590067191094,0.3586200662644712,23.939648139355285,-0.08526969360011641,0.28492283766750903,False,34,0,25,100,36,C,0,44.1,18.6,45.95,45.95,Persistence
ASST,"Strive, Inc. - Class A Common Stock",Financial Services,Asset Management,United States,その他,21.739999771118164,1.949717632,138.41760024271966,0.48995464414780515,,,-2.836164383561644,-0.24325916199881384,0.0047107616491421506,83.57400467224628,0.6072392256481766,0.8780022438640529,True,24,38,10,100,10,D,-35,0.0,9.5,0.0,9.5,Transition
ATEX,Anterix Inc. - Common Stock,Communication Services,Telecom Services,United States,その他,92.33000183105469,1.81057152,31.558856275863647,0.07793069142762395,0.43903602958721066,1.183949973944763,,0.542796922752661,0.009498935964403172,49.252277222811294,-0.030624598225210034,0.14671225665506987,True,19,77,30,100,100,S,-5,34.25,77.75,56.5,77.75,Transition
ATLC,Atlanticus Holdings Corporation - Common Stock,Financial Services,Credit Services,United States,その他,91.08000183105469,1.38168704,13.33866626815796,0.3446726786907148,0.16799369579888973,-0.12382889272469366,,0.353544361185246,0.8582619012137863,42.58207380862931,-0.08967335265730988,0.18525806346599727,True,49,32,28,100,90,S,-45,15.75,3.0,13.400000000000006,15.75,Acceleration
ATRO,Astronics Corporation - Common Stock,Industrials,Aerospace & Defense,United States,防衛/宇宙,75.70999908447266,3.25621632,52.507534215049745,0.08385695212376765,0.1541193779508594,0.2884908037854229,0.2994427741588256,0.9478724365344656,0.535398017201611,50.262109527354966,-0.00614612826660867,0.1898341192412765,True,15,54,49,85,100,S,0,34.0,63.25,68.2,68.2,Persistence
AUR,"Aurora Innovation, Inc.  - Class A Common Stock",Consumer Cyclical,Auto Parts,United States,その他,5.829999923706055,11.684225024,170.04640617469786,,,-1.0,-4.666666666666667,0.05116279069767442,0.03585147247119078,24.099083376739145,-0.08616393854478274,0.3059523585161644,True,2,12,10,65,46,C,-10,5.850000000000001,13.350000000000001,20.950000000000003,20.950000000000003,Persistence
AVAV,"AeroVironment, Inc. - Common Stock",Industrials,Aerospace & Defense,United States,防衛/宇宙,147.94000244140625,7.518697984,180.19610087371825,1.4089446240496597,0.14497572273691262,0.3259431379223586,0.2532530370362876,-5.8211651611833926,0.14602530602220634,21.91633020532079,-0.0715555925935,0.6390210397273605,False,43,10,40,85,28,D,-10,37.8,13.05,38.85,38.85,Persistence
AVGO,Broadcom Inc. - Common Stock,Technology,Semiconductors,United States,半導体,368.7900085449219,1754.548011008,7159.423697084961,0.23874432853763525,0.4398503587481504,0.07878806131976027,0.6776652527118193,0.38631915112805193,0.3807074556379024,23.45778882293891,-0.044819070313877,0.23298031228009175,True,36,43,75,10,73,A,0,35.8,41.05,58.35,58.35,Persistence
AVO,"Mission Produce, Inc. - Common Stock",Consumer Defensive,Food Distribution,United States,その他,12.770000457763672,1.127843968,8.602446958370209,0.1267514375961772,0.29437047908585806,-0.08796252031742996,0.11551178838412882,-0.39215686274509803,0.20437436419125127,41.36365843212529,-0.0008293457975510592,0.16753583241592435,False,5,14,33,100,90,S,-25,2.75,9.5,36.150000000000006,36.150000000000006,Persistence
AVPT,"AvePoint, Inc. - Class A Common Stock",Technology,Software - Infrastructure,United States,ソフトウェア,14.0,2.961915904,26.02453,0.26934901144389106,0.21578957049572337,0.16994994383207296,0.7406393847870187,-0.05539999291106937,0.012606740405559688,63.254598037483156,0.11448996643558045,0.15713428744397379,True,57,47,92,100,50,B,0,62.75,55.25,85.6,85.6,Persistence
AVT,"Avnet, Inc. - Common Stock",Technology,Electronics & Computer Distribution,United States,その他,88.62999725341797,7.274127872,114.12352966339111,,-0.065511914339481,-0.10475051683730277,,0.24492455329596596,,36.00381737759115,-0.007709502786439986,0.10138903253039942,True,5,12,20,85,90,S,0,25.5,30.75,50.25,50.25,Persistence
AXON,"Axon Enterprise, Inc. - Common Stock",Industrials,Aerospace & Defense,United States,防衛/宇宙,600.72998046875,48.80175104,547.2289684082032,0.33469450081295504,0.3343546705674829,0.3146680728437939,,-0.7721552406934789,0.272796944936605,50.860241768401906,0.07798226288109945,0.2274364473549222,True,44,8,76,40,85,S,0,47.5,20.5,68.80000000000001,68.80000000000001,Persistence
AXTI,AXT Inc - Common Stock,Technology,Semiconductor Equipment & Materials,United States,半導体,58.630001068115234,3.844557568,699.2290146384811,-0.11105967129960448,0.3109176067022891,-0.4628962995507306,0.12727849104453956,-0.05004753117485881,0.1494313557778541,39.02862296865843,-0.09743066657760399,0.5836824518510613,True,0,0,10,85,55,B,-10,8.25,8.25,27.75,27.75,Persistence
BAND,Bandwidth Inc. - Class A Common Stock,Technology,Software - Infrastructure,United States,ソフトウェア,49.0,1.576858624,37.90983,0.007121032162215242,0.2451602599826656,0.048791594550834684,0.3914093208298566,-0.03338290344084919,0.456149234249169,40.673707394874306,-0.12968879893973323,0.37531873438425223,True,4,0,41,100,61,B,-5,19.1,16.1,54.75,54.75,Persistence
BANF,BancFirst Corporation - Common Stock,Financial Services,Banks - Regional,United States,その他,110.55000305175781,3.714341376,11.782972075271607,0.09371936609290694,0.035393136830506475,0.09408345592192602,,0.05530666049129807,0.006618687795646212,41.89947269230961,-0.028983144412160756,0.17584470172025948,False,20,24,42,85,90,S,-20,16.75,19.75,42.35,42.35,Persistence
BANR,Banner Corporation - Common Stock,Financial Services,Banks - Regional,United States,その他,70.5,2.395936,22.141935,0.08468628046100543,-0.021393420804902908,-0.012222884882997621,,-0.11268966504437446,0.01619775562524489,44.24777822145832,0.01514079518457068,0.047426051005505926,True,18,12,25,100,87,S,-20,17.200000000000003,12.700000000000003,36.150000000000006,36.150000000000006,Persistence
BATRA,"Atlanta Braves Holdings, Inc. - Series A Common Stock",Communication Services,Entertainment,United States,その他,55.720001220703125,3.575435264,4.291275894012451,0.10523456879537924,0.03446564283785492,0.08853118028547594,0.3019036385380318,0.6238649793894671,0.518402037948998,61.994063690679276,-0.002481242087710861,0.03581934005936379,True,42,46,18,85,67,A,0,50.95,53.95,44.55,53.95,Transition
BATRK,"Atlanta Braves Holdings, Inc. - Series C Common Stock",Communication Services,Entertainment,United States,その他,50.54999923706055,3.243687168,31.13905228002548,0.10523456879537924,0.03446564283785492,0.08853118028547594,0.3019036385380318,0.6238649793894671,0.518402037948998,52.28698689352757,-0.018317005144803652,0.05655099832859593,True,42,46,18,85,87,S,0,52.95,55.95,48.55,55.95,Transition
BCPC,Balchem Corporation - Common Stock,Basic Materials,Specialty Chemicals,United States,その他,178.44000244140625,5.688313856,30.0475120111084,0.08753108996271301,0.03387215848419245,-0.021137402133796286,0.3573533906500534,0.18265248944225013,0.10715302339152155,52.83447261232359,0.04629278723689289,0.026301387154357318,True,36,24,34,85,75,A,0,47.25,38.25,54.95,54.95,Persistence
BELFA,Bel Fuse Inc. - Class A Common Stock,Technology,Electronic Components,United States,半導体,207.35000610351562,2.994020096,33.03811322250366,0.263023755029993,-0.1641432731126126,-0.02204107710861421,0.39146649295659963,0.144339182066849,0.23673652694610778,37.189980718556036,-0.11320338305813438,0.287837844778314,True,36,36,34,100,63,B,0,48.3,48.3,56.300000000000004,56.300000000000004,Persistence
BELFB,Bel Fuse Inc. - Class B Common Stock,Technology,Electronic Components,United States,半導体,248.69000244140625,3.590946816,44.591360887756345,0.263023755029993,-0.1641432731126126,-0.02204107710861421,0.39146649295659963,0.144339182066849,0.23673652694610778,32.08234014764933,-0.10593144761289869,0.25308577080362715,True,36,36,34,85,63,B,0,46.05,46.05,52.550000000000004,52.550000000000004,Persistence
BFC,Bank First Corporation - Common Stock,Financial Services,Banks - Regional,United States,その他,152.80999755859375,1.693991552,10.8556222265625,0.10013062765943688,0.12488542954826508,0.16185904208115348,,-0.12937122581965815,0.027066894950062082,49.73183656798421,0.014031648902575846,0.03541219969191539,True,5,14,55,100,87,S,-25,2.450000000000003,9.200000000000003,47.650000000000006,47.650000000000006,Persistence
BFST,"Business First Bancshares, Inc. - Common Stock",Financial Services,Banks - Regional,United States,その他,31.209999084472656,1.015881856,6.65724885471344,0.18286927447035153,0.09274033836926385,0.08737804342093698,,0.5375373870035256,0.06436357084947301,46.32611462632381,0.009030733765585613,0.02863362115125745,True,44,26,50,100,75,A,-25,30.5,17.0,42.5,42.5,Persistence
BGC,"BGC Group, Inc. - Class A Common Stock",Financial Services,Capital Markets,United States,その他,12.119999885559082,5.762654208,34.79682267143726,0.30863842254695584,0.11445373915581933,0.1159243530529027,0.3889234615870773,0.34946875192667337,0.4516652240066782,79.17923119535635,0.07295225244908721,0.04016307213288661,True,44,32,63,85,37,C,-20,29.450000000000003,20.450000000000003,43.300000000000004,43.300000000000004,Persistence
BHRB,Burke & Herbert Financial Services Corp. - Common Stock,Financial Services,Banks - Regional,United States,その他,71.70999908447266,1.447612032,8.118647546348571,0.3146172525754912,1.3505703422053232,-0.07921710887079765,,0.184607051408312,0.06785953534480735,46.87494020963634,0.009446507716274885,0.03198170984785739,True,16,32,38,100,87,S,-25,10.700000000000003,22.700000000000003,38.30000000000001,38.30000000000001,Persistence
BJRI,"BJ's Restaurants, Inc. - Common Stock",Consumer Cyclical,Restaurants,United States,その他,65.12000274658203,1.385347584,30.162282872161864,0.030814070855270236,0.018056162894746514,0.03840018817283862,0.1545507695518488,0.6645775679635357,0.48328877202830256,42.08165402802237,0.013152990755949522,0.1230810547632499,True,27,24,34,100,100,S,-25,20.25,18.0,38.7,38.7,Persistence
BKNG,Booking Holdings Inc. - Common Stock,Consumer Cyclical,Travel Services,United States,その他,205.6300048828125,154.506379264,1116.5483072131349,0.1338725304351489,0.11111631172478352,0.25014628437682856,,0.15112743856093236,0.6592741935483871,41.01611719949477,0.07138021613511433,0.07408880542936123,True,28,14,57,25,72,A,-10,21.95,11.45,42.0,42.0,Persistence
BKR,Baker Hughes Company - Common Stock,Energy,Oil & Gas Equipment & Services,United States,電力/エネルギー,62.40999984741211,61.952786432,385.56585855731964,-0.0034496388659312227,0.09107660942523328,0.20561542824730572,0.23596437457180977,0.23515092502434273,0.14889557496147354,38.66120866436152,0.05371415551187383,0.09790353807105255,True,5,12,30,40,75,A,0,17.25,22.5,41.5,41.5,Persistence
BL,"BlackLine, Inc. - Common Stock",Technology,Software - Application,United States,ソフトウェア,32.97999954223633,1.916971392,39.7677781480217,0.07207776702952233,0.10735666004515285,0.1282331748696786,0.7524581433896752,-0.1774433522768848,0.5231014839851118,64.05177933916568,0.10582821257039048,0.43940169104623206,False,18,0,52,100,15,D,-5,25.0,11.5,51.6,51.6,Persistence
BLBD,Blue Bird Corporation - Common Stock,Industrials,Farm & Heavy Construction Machinery,United States,その他,59.22999954223633,1.874427392,37.14283656293869,0.09868582211090937,0.18923227809493878,0.414864664011281,0.2050626343237851,0.5998288975367505,0.14445946054009964,30.57322318162082,-0.18000786700380222,0.27325153935906343,False,9,24,67,100,41,C,-25,0.8500000000000014,12.100000000000001,45.05,45.05,Persistence
BLKB,"Blackbaud, Inc. - Common Stock",Technology,Software - Application,United States,ソフトウェア,48.619998931884766,2.206866432,23.444806584949493,-0.02274246854387229,0.042945405932723925,0.04628557657321343,0.5878346102546606,-0.11025095183350891,,60.35825473442845,0.3029682334424375,0.30711129826703903,True,14,42,23,100,33,D,0,28.8,49.8,44.25,49.8,Transition
BOKF,BOK Financial Corporation - Common Stock,Financial Services,Banks - Regional,United States,その他,137.47999572753906,8.354228736,27.389452148818968,0.08261782457445242,-0.019634800309903232,0.08584797765412278,,,0.05950347816217319,29.12090196201933,-0.01801229380486362,0.05470086474428294,True,18,12,10,85,60,B,-20,12.25,7.75,18.75,18.75,Persistence
BPOP,"Popular, Inc. - Common Stock",Financial Services,Banks - Regional,United States,その他,169.75,10.826400768,64.508395,0.08873118648428455,0.05837050304480258,-0.0997856517399114,,0.476202553597364,0.020463961035759457,37.14109943373803,-0.006297644558504564,0.04565129218021139,True,35,24,30,65,77,A,-20,23.700000000000003,15.450000000000003,28.15,28.15,Persistence
BRUN,Boost Run Inc. - Class A Common Stock,Technology,Software - Infrastructure,United States,ソフトウェア,17.049999237060547,1.3552608,39.61379772739411,2.3884057971014494,,,0.8552832223751256,3.0,0.5941834336338043,48.78575094456461,-0.30629585569799683,0.5650510483362032,False,52,35,37,100,35,C,-5,52.5,39.75,47.35,52.5,Acceleration
BRZE,"Braze, Inc. - Class A Common Stock",Technology,Software - Application,United States,ソフトウェア,34.529998779296875,3.889171456,84.79410945236206,0.24396622908275897,0.25775752437473504,0.3274211790921317,0.6714563617102557,1.9581295843520783,0.07421187925193737,72.16257045049113,0.33983652397349584,0.04586902211670697,True,33,17,97,85,22,D,0,39.7,27.7,79.0,79.0,Persistence
BSY,"Bentley Systems, Incorporated - Class B Common Stock",Technology,Software - Application,United States,ソフトウェア,37.29999923706055,11.26806528,93.23843509288788,0.10988437618940282,0.10149843741477825,0.11767183886188656,0.815199173779897,0.23492923374940058,0.3613700847245713,60.99445962829266,0.11479052868786381,0.339654983900919,True,43,26,71,65,33,D,0,45.3,32.55,61.900000000000006,61.900000000000006,Persistence
BULL,Webull Corporation - Class A Ordinary Shares,Technology,Software - Application,United States,ソフトウェア,9.369999885559082,4.963892736,153.6153387238121,0.46323267288603315,0.0016095941050902206,0.0032694884585113206,0.7745187667477075,2.0718133318920744,0.01997567297325036,76.84477726246473,0.23292716643133574,0.39742766748376007,True,69,77,72,85,18,D,0,66.3,72.3,64.45,72.3,Transition
BUSE,First Busey Corporation - Common Stock,Financial Services,Banks - Regional,United States,その他,30.290000915527344,2.501256192,19.16312052921295,0.5594144480924054,0.0471560028593149,-0.020855414164172505,,0.0064945267899230085,0.01784759523695899,38.42797887757992,0.011362473676890741,0.040848607070779364,True,50,34,38,100,77,A,-20,40.2,28.200000000000003,41.300000000000004,41.300000000000004,Persistence
BWIN,"The Baldwin Insurance Group, Inc. - Class A Common Stock",Financial Services,Insurance Brokers,United States,その他,30.68000030517578,2.971007488,31.722199915542603,0.0814579983331432,0.13952021090649552,0.24574544786903643,0.2896545097957535,-7.62677816224529,0.4584000911392929,61.09091119267115,0.09939727490812991,0.05220879463929544,True,0,0,29,100,52,B,-30,0.0,0.0,21.35,21.35,Persistence
CACC,Credit Acceptance Corporation - Common Stock,Financial Services,Credit Services,United States,その他,594.8900146484375,6.175303168,68.43019838500976,0.07196738977650752,0.1353867432705607,0.03115743280307186,0.618995585471393,-0.07314496963295485,0.7361122374503284,56.98771417029064,-0.009969016014163876,0.09481131527880259,True,22,26,39,85,100,S,-30,9.25,12.25,32.7,32.7,Persistence
CAKE,The Cheesecake Factory Incorporated - Common Stock,Consumer Cyclical,Restaurants,United States,その他,112.06999969482422,5.576673792,200.59577350376128,0.04749338233056435,0.041342019471999294,0.041277796144051325,0.4333286422592213,0.4407007960189698,0.6529887125376187,51.47942895098516,0.19374842601316963,0.0445050829564115,True,39,12,36,85,57,B,-30,17.700000000000003,0.0,22.449999999999996,22.449999999999996,Persistence
CALM,"Cal-Maine Foods, Inc. - Common Stock",Consumer Defensive,Farm Products,United States,その他,80.20999908447266,3.746287616,66.51374069080353,-0.31682060872125833,0.8319318375734974,-0.2605586327961485,0.23081522664952164,-0.6910771157681533,,43.77196608913682,-0.04566212034410552,0.28830694212609104,False,0,0,15,85,73,A,-20,0.05000000000000071,0.05000000000000071,24.1,24.1,Persistence
CAR,"Avis Budget Group, Inc. - Common Stock",Industrials,Rental & Leasing Services,United States,その他,138.1199951171875,4.879192576,43.06926747741699,-0.017897091722595078,-0.08228048010107392,-0.026819334511642205,0.676274750306641,-0.8303789731051344,0.9135553635985539,49.22785205190389,-0.09824039167266806,0.8065464924509843,False,30,18,12,85,55,B,-20,20.75,11.75,18.85,20.75,Acceleration
CARG,"CarGurus, Inc. - Class A Common Stock",Consumer Cyclical,Auto & Truck Dealerships,United States,その他,36.560001373291016,3.256526592,31.57742158613205,0.1365037516728401,0.1426403272524738,-0.5780022778974463,0.9278186950098127,0.6463771704478628,0.28831222984845073,43.96249163718065,0.037802033986235384,0.06328458834889968,True,35,33,41,85,87,S,0,47.7,46.2,61.2,61.2,Persistence
CART,Maplebear Inc. - Common Stock,Consumer Cyclical,Internet Retail,United States,その他,50.540000915527344,11.700013056,226.4530659021759,0.10775606867969213,0.11045364891518737,0.1924735397883183,0.7370390165686799,0.4606741573033708,0.009764035801464606,49.914673796116105,0.06797062761924695,0.02394742937431891,True,22,14,72,65,60,B,0,32.25,26.25,67.85,67.85,Persistence
CASH,"Pathward Financial, Inc. - Common Stock",Financial Services,Banks - Regional,United States,その他,81.5,1.693028992,14.634955,0.04008683447872293,0.07838612300217619,0.15827263207225137,,0.11574102456484525,0.00591940375419807,21.676905494642654,-0.0637457041435801,0.18392879447241958,False,2,24,42,100,53,B,-25,0.0,13.299999999999997,33.7,33.7,Persistence
CASY,"Caseys General Stores, Inc. - Common Stock",Consumer Cyclical,Specialty Retail,United States,その他,755.469970703125,27.956099072,226.62965916137696,0.10163805692514581,0.07252858171207757,-0.015340844911797198,0.24605752224760852,0.23431914202144946,0.3250959176056996,29.83993045015724,-0.09247913327861763,0.1748849066430737,True,40,26,26,65,63,B,0,46.05,35.55,43.150000000000006,46.05,Acceleration
CATY,Cathay General Bancorp - Common Stock,Financial Services,Banks - Regional,United States,その他,61.869998931884766,4.127584,21.247704383182526,0.12083144333640758,-0.09915460756162056,0.02470174355575065,,0.11716366786577742,0.007132605503810942,38.854373785951324,-0.004748661474510142,0.041262962636749424,True,25,26,30,85,77,A,-20,19.200000000000003,19.950000000000003,33.15,33.15,Persistence
CBRL,"Cracker Barrel Old Country Store, Inc. - Common Stock",Consumer Cyclical,Restaurants,United States,その他,55.65999984741211,1.244082304,40.939877987766266,0.003723101728093139,0.0081195349842338,0.05355981083216588,0.3295324719463648,0.4687231166277498,0.5456393590035358,48.63524054709173,0.030005353679803334,0.057249339696847874,True,9,24,38,100,87,S,-25,5.450000000000003,16.700000000000003,38.30000000000001,38.30000000000001,Persistence
CBSH,"Commerce Bancshares, Inc. - Common Stock",Financial Services,Banks - Regional,United States,その他,58.040000915527344,8.324803584,49.33051837814331,0.06262059530350043,0.0488368442255789,0.05097513559930719,,0.11408507389144033,0.0003888186357326878,43.762774166773276,-0.009106509087459526,0.037957912249698834,True,20,24,42,85,87,S,-20,16.450000000000003,19.450000000000003,41.75,41.75,Persistence
CCC,CCC Intelligent Solutions Holdings Inc. - Common Stock,Technology,Software - Application,United States,ソフトウェア,7.489999771118164,4.411570176,70.84764568501473,0.11875635055038103,0.09051707222482565,0.10726591415659571,0.7349169962942325,0.10236752514358481,0.38126456582915247,61.81818497082514,0.2176089654650785,0.24343433740150905,True,37,14,58,85,50,B,0,45.5,28.25,63.150000000000006,63.150000000000006,Persistence
CCNE,CNB Financial Corporation - Common Stock,Financial Services,Banks - Regional,United States,その他,34.0099983215332,1.007406208,5.496185778751373,0.24778386364455335,0.01773639743466322,-0.006761556114085892,,0.06197943072354603,0.0373064282639001,44.351462431666725,-0.005119251208524684,0.04787241995330093,True,41,29,30,100,87,S,-25,29.450000000000003,20.450000000000003,33.900000000000006,33.900000000000006,Persistence
CDNS,"Cadence Design Systems, Inc. - Common Stock",Technology,Software - Application,United States,ソフトウェア,340.3900146484375,93.741023232,700.6996529541016,0.14123200059294191,0.13478725844049344,0.14831831155638936,0.8636432203164237,0.419407178296418,0.2576973171276534,56.14316128304841,-0.02311302547875273,0.1825211876518403,True,43,26,71,40,100,S,0,48.25,35.5,69.05000000000001,69.05000000000001,Persistence
CDW,CDW Corporation - Common Stock,Technology,Information Technology Services,United States,その他,147.69000244140625,18.463823872,294.75749152252195,0.06788039259573211,-0.01765063622754491,-0.09990862657745476,0.21732867762808764,-0.05767731878409977,0.361088581375326,62.23875358837944,0.07784619394639916,0.11754208194895772,True,30,0,21,65,65,A,0,38.75,16.25,40.8,40.8,Persistence
CECO,CECO Environmental Corp. - Common Stock,Industrials,Pollution & Treatment Controls,United States,その他,69.66999816894531,4.080560128,59.884150226135255,0.38794622293357806,0.02402151070487937,0.2891864457311057,0.3476660713524738,-1.73485254691689,0.26857163316248384,48.89028009811602,-0.11284573846639448,0.30099328334639475,False,36,20,37,85,63,B,0,46.05,34.05,54.2,54.2,Persistence
CEG,Constellation Energy Corporation - Common Stock When-Issued,Utilities,Utilities - Independent Power Producers,United States,電力/エネルギー,276.75,98.054569984,717.4716075,0.08337576374745417,-0.054177702865398504,0.01955810147299509,0.18380135510907453,1.2561145356929808,0.15706824573354994,56.57879439892543,0.04577664421990088,0.3110606871415535,False,30,25,30,40,73,A,0,35.8,32.05,41.1,41.1,Persistence
CELH,"Celsius Holdings, Inc. - Common Stock",Consumer Defensive,Beverages - Non-Alcoholic,United States,その他,32.97999954223633,8.34509568,445.1986628206253,0.8554244152165413,0.028539909287761737,1.0165329465547945,0.5038558500104761,0.350163668854485,0.13085460818291042,75.02167892299177,0.10000064749262251,0.4915202091907972,False,59,36,58,85,0,D,-20,37.0,19.75,33.150000000000006,37.0,Acceleration
CENT,Central Garden & Pet Company - Common Stock,Consumer Defensive,Packaged Foods,United States,その他,43.79999923706055,2.741555712,5.793863899078369,-0.0223080432187873,-0.033117900668956035,-0.008538040632746538,0.31873301408983645,-0.17247417961831604,0.3972556040404419,48.9082714832932,-0.0007756730944282836,0.05887412171392197,True,25,12,25,100,87,S,-20,22.450000000000003,12.700000000000003,36.150000000000006,36.150000000000006,Persistence
CENTA,Central Garden & Pet Company - Class A Common Stock Nonvoting,Consumer Defensive,Packaged Foods,United States,その他,37.810001373291016,2.366626304,11.882171031570435,-0.0223080432187873,-0.033117900668956035,-0.008538040632746538,0.31873301408983645,-0.17247417961831604,0.3972556040404419,45.58143042174553,-0.01233983777428506,0.06871914299722091,True,25,12,25,100,87,S,-20,22.450000000000003,12.700000000000003,36.150000000000006,36.150000000000006,Persistence
CENX,Century Aluminum Company - Common Stock,Basic Materials,Aluminum,United States,その他,46.59000015258789,4.612097536,105.22957204463958,0.13853983695896951,0.01596961654617004,-0.21312065675296152,0.10142806281894062,1.7932647333956968,0.24161635746706034,32.33131870344067,0.01848978119502806,0.3225243212617601,False,47,27,30,85,63,B,0,54.3,39.3,50.35,54.3,Acceleration
CFFN,"Capitol Federal Financial, Inc. - Common Stock",Financial Services,Banks - Regional,United States,その他,8.65999984741211,1.068379392,6.938694977741242,0.20419112196663142,3.0,-1.098186025293119,,1.076625,0.19949173208179696,42.25346815529599,0.011144887646037334,0.0486766210934574,True,21,29,38,100,87,S,-25,14.450000000000003,20.450000000000003,38.30000000000001,38.30000000000001,Persistence
CG,The Carlyle Group Inc. - Common Stock,Financial Services,Asset Management,United States,その他,49.09000015258789,17.4923776,217.395556575737,-0.05560780625440865,1.569400392689926,-0.6053408041009746,,-3.031175346392738,0.4771671932957824,57.28884728436641,0.07077195016393398,0.2723399536804521,False,0,0,10,65,58,B,-30,0.0,0.0,3.3500000000000014,3.3500000000000014,Persistence
CGNX,Cognex Corporation - Common Stock,Technology,Scientific & Technical Instruments,United States,その他,60.459999084472656,10.17081344,141.38570785903931,0.08730747992105105,0.09189693235125909,-0.16752278623184805,0.6691677754211507,0.7664468285113177,0.037978631874657526,42.71082518860978,-0.059948404483421716,0.16397590909268336,True,24,31,42,65,90,S,0,36.75,42.0,57.35,57.35,Persistence
CHCO,City Holding Company - Common Stock,Financial Services,Banks - Regional,United States,その他,143.4600067138672,2.015900032,13.030472409820556,0.07058464474395044,0.009344139818640834,0.1476970716602053,,-0.005743478597414661,0.022314727511887057,44.07694194728199,0.030780517415147483,0.030544594838305603,True,18,12,37,100,87,S,-20,17.200000000000003,12.700000000000003,42.75,42.75,Persistence
CHDN,"Churchill Downs, Incorporated - Common Stock",Consumer Cyclical,Gambling,United States,その他,89.9000015258789,6.266051584,84.35451993175506,0.07007277913908495,0.11073648291830848,0.3602055475743176,0.3358282921494241,0.37173238812583076,0.686565568842274,57.84793310826214,0.031074466670973085,0.23547917062983414,False,9,12,51,85,90,S,-10,18.5,20.75,57.3,57.3,Persistence
CHEF,"The Chefs' Warehouse, Inc. - Common Stock",Consumer Defensive,Food Distribution,United States,その他,115.0,4.691549696,71.56565,0.09364922149842972,0.10497200884277685,0.31390690820651573,0.24197639399287196,-0.15220897107817102,0.4807202342003751,63.211984060287556,0.11885989236350614,0.003034230418300494,True,0,12,44,85,25,D,-20,0.0,4.25,30.450000000000003,30.450000000000003,Persistence
CHRD,Chord Energy Corporation - Common Stock,Energy,Oil & Gas E&P,United States,電力/エネルギー,146.0,7.98588928,108.78387,-0.07121503720566542,0.3475919388006234,0.06851141029627668,0.17764970599488306,-0.24552797358171632,0.1243710358219508,62.252874709605756,0.12302543069056049,0.018883123477556118,True,0,0,33,85,25,D,0,15.25,15.25,44.400000000000006,44.400000000000006,Persistence
CHRN,ChronoScale Holdings Corporation - Common Stock,Technology,Information Technology Services,United States,その他,18.739999771118164,2.729245952,3.2082879608154298,-0.15137005783635157,,,-0.23863192000446903,2.4178878809025353,0.36996814719799676,46.94835848914343,-0.14999003319761445,0.36753289564948766,True,22,65,26,100,61,B,0,37.6,69.85,51.5,69.85,Transition
CHRW,"C.H. Robinson Worldwide, Inc. - Common Stock",Industrials,Integrated Freight & Logistics,United States,その他,150.38999938964844,17.573261312,221.4786001511383,-0.08418599177340694,0.007303351023840443,-0.2874960445000076,0.08373509796206598,0.9410850145815509,0.27585624728544567,53.947383516821404,-0.12371068529994818,0.2818737431736373,False,9,24,26,65,51,B,0,21.6,32.85,40.75,40.75,Persistence
CHTR,"Charter Communications, Inc. - Class A Common Stock",Communication Services,Telecom Services,United States,その他,153.6199951171875,20.704516096,393.64509268798827,-0.005645820096214941,0.00875345651656381,0.010828921550479435,0.5653777339613685,0.3976589686807972,0.6297847781963907,50.26111876720356,0.08994257643094244,0.4566739745946604,False,13,12,28,65,50,B,-10,14.5,13.75,31.650000000000006,31.650000000000006,Persistence
CHYM,"Chime Financial, Inc. - Class A Common Stock",Technology,Software - Application,United States,ソフトウェア,33.20000076293945,12.56902656,325.6232834828568,0.30688490613284536,0.3088211943322213,0.2672550003072842,0.8797098002990712,-0.51561273177508,0.06854558549937519,67.30488486931276,0.33294792442652743,0.004796158407816745,True,29,8,95,65,25,D,-20,14.0,0.0,53.5,53.5,Persistence
CIFR,Cipher Digital Inc. - Common Stock,Technology,Information Technology Services,United States,その他,15.170000076293945,6.296015872,571.0934636721802,0.4804125074370331,0.19258605193863232,3.0,0.28398871136276355,-0.79406827513433,0.6447127944028623,45.8689455593138,-0.26269385833061165,0.4801233749951957,False,32,8,38,85,35,C,-20,20.25,2.25,29.150000000000006,29.150000000000006,Persistence
CINF,Cincinnati Financial Corporation - Common Stock,Financial Services,Insurance - Property & Casualty,United States,その他,171.97000122070312,26.39362048,79.66424321548462,0.11413954308900062,0.13222810346549485,0.52567423434405,,0.17700799390940236,0.021608702014535876,42.45811144383541,-0.031791188663457856,0.1044628322976194,True,7,26,67,65,100,S,-20,5.0,19.25,53.099999999999994,53.099999999999994,Persistence
CLBK,"Columbia Financial, Inc. - Common Stock",Financial Services,Banks - Regional,United States,その他,11.5600004196167,1.202913152,54.50834977859974,0.43822966932775914,-0.22884396904675142,-0.21509739986607307,,1.2632270531400966,0.10740486730261654,70.18302483788024,0.09519241629934747,0.02199655515400469,True,44,55,30,100,25,D,-25,25.5,33.75,21.5,33.75,Transition
CLMT,"Calumet, Inc - Common Stock",Basic Materials,Specialty Chemicals,United States,その他,47.75,4.19714048,59.90929875,-0.012483887907576263,0.0020090887347524516,-0.10782493651708171,0.05938942737666481,1.4597887896019497,0.9145375432332924,56.52920646864323,0.14162893039875057,0.06022439068264911,True,12,43,20,85,57,B,-20,7.449999999999999,30.700000000000003,23.65,30.700000000000003,Transition
CLSK,"CleanSpark, Inc. - Common Stock",Financial Services,Capital Markets,United States,その他,11.65999984741211,2.99448704,242.44491932725907,1.0221074074855925,1.2502968980095956,0.2804257745675727,0.4160618232212905,0.01553086462485746,0.2589612301174351,50.434780857416285,-0.13968657955039568,0.4974138162082206,False,31,57,48,100,43,C,-30,12.549999999999997,32.05,30.000000000000007,32.05,Transition
CMCSA,Comcast Corporation - Class A Common Stock,Communication Services,Telecom Services,United States,その他,27.059999465942383,96.026107904,610.3411292542744,-0.00019396917506526255,0.017759023459349193,0.001194133100546007,0.7174695045551182,0.5335246751175955,0.36289710267724506,67.3507260198172,0.10926581752870251,0.1457009144830371,True,21,24,38,40,50,B,0,26.75,29.0,40.900000000000006,40.900000000000006,Persistence
CME,CME Group Inc. - Class A Common Stock,Financial Services,Financial Data & Stock Exchanges,United States,その他,285.79998779296875,102.767747072,515.8875549655152,0.06370206032528017,0.09880083887504705,0.11146750607642347,0.8609023709474588,0.16602252189628805,0.017247392203168767,73.25215811227886,0.12523223271542383,0.09897226142030371,True,17,24,57,25,35,C,-20,0.0,5.25,24.6,24.6,Persistence
CNOB,"ConnectOne Bancorp, Inc. - Common Stock",Financial Services,Banks - Regional,United States,その他,31.729999542236328,1.596648192,10.844203293552399,0.4322496355064094,-0.018736041797500623,-0.14667271262866166,,0.7749837454091764,0.0812556864033365,37.83426994360635,-0.0272692703600162,0.06430319809473005,True,53,32,30,100,77,A,-25,37.45,21.700000000000003,31.9,37.45,Acceleration
CNXC,Concentrix Corporation - Common Stock,Technology,Information Technology Services,United States,その他,29.3799991607666,1.792719104,33.13652585346222,0.02150672114275021,0.3519743472182828,0.12494843443872715,0.34959200657129097,0.33527161616868423,0.43104515659478976,68.7258670198576,0.20119168068819004,0.460682193261131,False,9,12,53,100,15,D,-5,18.25,20.5,52.150000000000006,52.150000000000006,Persistence
CNXN,"PC Connection, Inc. - Common Stock",Technology,Electronics & Computer Distribution,United States,その他,79.66999816894531,2.01071936,11.878000027008056,0.025205219765905645,-0.017022820106614506,-0.08779275237472305,0.18774023182000776,-0.6509233701959793,0.0013235375761052612,39.99997587543522,0.018284196181603003,0.07980364690986919,True,30,0,25,100,77,A,0,45.2,22.7,54.15,54.15,Persistence
COCO,"The Vita Coco Company, Inc. - Common Stock",Consumer Defensive,Beverages - Non-Alcoholic,United States,その他,61.709999084472656,3.5707968,50.157578705863955,0.18171441417173598,0.04538179784932295,0.15387330610794625,0.36504149037357736,-0.0691711389385808,0.03212998581830956,46.9688383432321,-0.1066762712880082,0.26553199773824127,True,27,14,49,85,73,A,-20,20.299999999999997,10.55,42.800000000000004,42.800000000000004,Persistence
COHU,"Cohu, Inc. - Common Stock",Technology,Semiconductor Equipment & Materials,United States,半導体,48.0,2.272244736,44.1492,0.12737599526107637,-0.3685916878561483,-0.21709944326535635,0.4274565299940833,2.366344195519348,0.2636964976162165,47.586204045409566,-0.13455193619796602,0.35056152588708867,True,42,34,30,100,61,B,0,52.6,46.6,53.7,53.7,Persistence
COIN,"Coinbase Global, Inc. - Class A Common Stock",Financial Services,Financial Data & Stock Exchanges,United States,その他,178.63999938964844,47.131828224,1698.0544753983306,0.09404240810672959,1.1117178931939855,-0.026868945290976668,0.7463949897825262,,0.2639358095583717,65.19269788176794,0.11384904065232634,0.5387197447325518,False,12,0,26,40,15,D,-20,0.0,0.0,7.300000000000001,7.300000000000001,Persistence
COKE,"Coca-Cola Consolidated, Inc. - Common Stock",Consumer Defensive,Beverages - Non-Alcoholic,United States,その他,198.49000549316406,13.212347392,95.87464245330811,0.047587320985385484,0.03694969144216784,0.07303727473033599,0.39739072267712405,0.22607857648879373,0.6756315015716949,67.4205815433487,0.06854619342703704,0.0824456152074768,True,27,12,36,65,65,A,-30,6.5,0.0,19.049999999999997,19.049999999999997,Persistence
COLB,"Columbia Banking System, Inc. - Common Stock",Financial Services,Banks - Regional,United States,その他,30.06999969482422,8.506871296,80.62924613170624,0.19284603421461896,-0.03405107661492238,0.5730057406438848,,0.1332263242375602,0.054390112520948046,39.821408532756486,-0.03952691677847937,0.09440793305667752,True,25,26,38,85,90,S,-20,20.5,21.25,40.150000000000006,40.150000000000006,Persistence
COLM,Columbia Sportswear Company - Common Stock,Consumer Cyclical,Apparel Manufacturing,United States,その他,58.0099983215332,2.969716992,42.67302491529465,0.008540388804547433,-0.034016086818002854,0.006654153743831102,0.5053119327381834,-0.4974062986246542,0.16311768544435654,55.202784600793585,-0.04753218552108209,0.13999189022279832,False,26,0,33,100,90,S,0,43.5,24.0,61.150000000000006,61.150000000000006,Persistence
CORZ,"Core Scientific, Inc. - Common Stock",Technology,Software - Infrastructure,United States,ソフトウェア,16.510000228881836,5.305330688,197.82125429244041,-0.37529568881787134,0.01646496815286624,-0.21538372639630932,0.11879543224698215,-7.814459996940492,0.49518708969503045,32.78496140029388,-0.24954885731323814,0.43381343226080077,False,0,18,2,85,33,D,0,16.05,29.55,28.950000000000003,29.55,Transition
COST,Costco Wholesale Corporation - Common Stock,Consumer Defensive,Discount Stores,United States,その他,945.469970703125,419.29588736,1649.523639086914,0.08167323631476146,0.05020017334599034,0.06757316460604351,0.12843206714262356,0.1822295972243174,0.10600656299044087,47.65825011544225,0.00042841274403575394,0.13464691508427687,False,20,24,42,10,90,S,0,25.5,28.5,43.6,43.6,Persistence
CPB,The Campbell's Company - Common Stock,Consumer Defensive,Packaged Foods,United States,その他,23.389999389648438,6.975043584,122.0428184653473,0.06403071814030718,0.02981724911830715,0.09285213735108619,0.3042036477128645,0.05538922155688623,0.48415682062298604,61.149426194538314,0.039420592524601186,0.2690193849319865,False,24,24,38,85,53,B,-20,16.049999999999997,16.049999999999997,32.75000000000001,32.75000000000001,Persistence
CPRT,"Copart, Inc. - Common Stock",Industrials,Specialty Business Services,United States,その他,32.9900016784668,30.542522368,342.05732725320814,0.09680248620251543,0.09492267512387847,0.10528572338536059,0.4518317144247914,0.2799430933032715,0.010280448665540504,70.14214689265536,0.1078128359503944,0.33980386486765435,False,31,24,50,40,8,D,0,30.05,24.8,39.1,39.1,Persistence
CRAI,"CRA International,Inc. - Common Stock",Industrials,Consulting Services,United States,その他,174.99000549316406,1.098387712,21.551769076538086,0.09334840430948453,0.10166737182199316,0.055973843334162575,0.3090743138149745,-0.43959893694129015,0.20231747904584868,60.99559006463289,0.061914727606926664,0.20825846126825615,True,4,12,41,100,65,A,-5,19.5,25.5,55.55,55.55,Persistence
CRCT,"Cricut, Inc. - Class A common stock",Technology,Computer Hardware,United States,その他,5.800000190734863,1.217412096,5.849735192370415,-0.0052741046793293835,-0.06875672256442227,-0.1366913536786807,0.5508493467648635,-0.2871501901603185,0.020013567352954342,46.710527347726504,0.17370562262264683,0.11456672559615332,True,41,12,33,100,70,A,-5,47.75,26.0,52.150000000000006,52.150000000000006,Persistence
CROX,"Crocs, Inc. - Common Stock",Consumer Cyclical,Footwear & Accessories,United States,その他,122.2300033569336,5.860326912,113.01508340385438,-0.014982784461062458,0.03527227675920357,0.11458895044564182,0.5833360350458726,-0.28591468890383787,0.3865738068147793,23.311026062176794,-0.05420209599588883,0.13428712201022194,True,8,0,29,85,63,B,0,25.05,19.05,49.800000000000004,49.800000000000004,Persistence
CRSR,"Corsair Gaming, Inc. - Common Stock",Technology,Computer Hardware,United States,その他,12.0,1.29812352,27.33882,0.11858362979050865,-0.0982933470331364,0.0616516059219052,0.2892283766163208,0.34013421783400183,0.15196158189927453,33.462285324172655,0.13898460174920768,0.16376308843199067,True,31,39,30,100,60,B,-5,39.25,45.25,48.5,48.5,Persistence
CRUS,"Cirrus Logic, Inc. - Common Stock",Technology,Semiconductors,United States,半導体,108.4800033569336,5.436752896,86.60175627990722,0.05342715512080997,0.059918161541514574,-0.05729659883949185,0.5277776526137503,0.5296970980214767,0.053819554635020694,10.981335170567306,-0.19184090537265786,0.39362768553417277,False,17,24,38,85,24,D,0,27.9,33.15,46.95,46.95,Persistence
CRVL,CorVel Corp. - Common Stock,Financial Services,Insurance Brokers,United States,その他,69.23999786376953,3.497767424,11.733410037994386,0.07027553933779893,0.1260865246425612,0.10680915495113852,0.2429383835823091,0.20448885976408912,0.043713237924309395,76.4581763982082,0.0938768442222346,0.23356209131559683,True,5,24,50,85,50,B,-20,1.5,15.75,38.75,38.75,Persistence
CRWD,"CrowdStrike Holdings, Inc. - Class A Common Stock",Technology,Software - Infrastructure,United States,ソフトウェア,218.39999389648438,223.627362304,1979.918248668213,0.21711245176577237,0.29391354434791717,0.3633347849133246,0.7466899972049074,0.16254614170161044,0.07396954761225268,46.70693257947235,0.11299750743915438,0.04193723695306972,True,23,17,97,25,57,B,0,26.7,22.2,71.0,71.0,Persistence
CRWV,"CoreWeave, Inc. - Class A Common Stock",Technology,Software - Infrastructure,United States,ソフトウェア,84.2300033569336,46.455926784,2504.9699770339967,1.6793733681462142,3.0,3.0,0.7168193334632625,-0.21804132370233495,0.6048841831974362,45.88357670468199,-0.04150769967748101,0.4113083430318215,False,37,10,50,40,65,A,-10,30.25,10.0,40.5,40.5,Persistence
CSCO,"Cisco Systems, Inc. - Common Stock",Technology,Communication Equipment,United States,通信/光通信,109.93000030517578,433.28192512,2258.0171712684632,0.05298961024478189,-0.05605459840696165,0.10553368116841554,0.6493804497475907,0.30146914789422136,0.22972254703943873,28.311599769390156,-0.04627369068061392,0.1512211992398144,True,35,12,42,10,73,A,0,35.05,17.8,40.2,40.2,Persistence
CSGP,"CoStar Group, Inc. - Common Stock",Real Estate,Real Estate Services,United States,その他,32.220001220703125,13.05546752,179.48071129989623,0.18676900584795322,0.11446028513238289,0.124908357771261,0.7887280566676933,1.1673469387755102,0.11235528563294743,53.07309643769402,0.0705457463064538,0.6399597498063239,False,50,27,75,65,50,B,0,52.25,35.0,67.5,67.5,Persistence
CSWC,Capital Southwest Corporation - Common Stock,Financial Services,Asset Management,United States,その他,25.469999313354492,1.623301632,15.661247877788544,0.3903153794566985,-0.001907189554469517,0.7747058727808244,,0.11480696497414627,0.5195020201899594,64.22944500580068,0.06396285635391435,0.0,True,34,32,10,100,40,C,-35,9.5,8.0,3.5,9.5,Acceleration
CTAS,Cintas Corporation - Common Stock,Industrials,Specialty Business Services,United States,その他,204.17999267578125,81.706622976,368.7694847717285,0.08941622975458553,0.07748211218226426,0.0885737818220963,0.5066945494893322,0.0706616483240667,0.2569969627149036,54.08994711973661,0.053386832155583167,0.05458647935037396,True,28,24,46,40,72,A,0,34.2,31.2,49.699999999999996,49.699999999999996,Persistence
CTSH,Cognizant Technology Solutions Corporation - Class A Common Stock,Technology,Information Technology Services,United States,その他,64.04000091552734,28.84644864,506.54840224170687,0.06951763275233076,0.019790213403606677,-0.0038604076590487957,0.33717074095129806,0.42036124794745483,0.05567369031509762,71.44237823234563,0.28068535343249007,0.24798370226148234,True,39,12,34,65,35,C,0,42.5,22.25,41.95,42.5,Acceleration
CVBF,CVB Financial Corporation - Common Stock,Financial Services,Banks - Regional,United States,その他,22.190000534057617,3.905383168,22.8185322991848,0.0830747119795092,-0.13045202075568224,-0.009886302993026222,,-0.11153987654825655,0.03198760621004828,40.42556213546036,-0.013422608996259678,0.04763943087334468,True,18,12,25,85,87,S,-20,14.950000000000003,10.450000000000003,32.400000000000006,32.400000000000006,Persistence
CVCO,"Cavco Industries, Inc. - Common Stock",Consumer Cyclical,Residential Construction,United States,その他,568.4000244140625,4.370656256,60.514708599243164,0.11364513673815083,0.12294795162893528,-0.16237405569481306,0.23474530018868303,0.47759901699253193,0.02061980807959553,43.20045631692672,-0.023738026490060106,0.18539323483874354,True,10,26,30,85,100,S,0,30.25,42.25,57.75,57.75,Persistence
CVLT,"Commvault Systems, Inc. - Common Stock",Technology,Software - Application,United States,ソフトウェア,136.39999389648438,5.65303808,71.47632480163574,0.18889856461156326,0.1863241691659309,0.06966313616028753,0.8115047013998598,0.1646400754324104,0.48640119174788804,46.9201071062091,-0.017910933007212658,0.30198049567442503,True,52,14,57,85,83,S,0,60.05,31.55,69.2,69.2,Persistence
CWST,"Casella Waste Systems, Inc. - Class A Common Stock",Industrials,Waste Management,United States,その他,93.68000030517578,5.96179968,43.794931742668155,0.17951650406509287,0.23149962595153029,0.16538090423919144,0.33766450117348207,0.0794496968451341,0.3751149598919392,60.658587411453176,0.011529803278350003,0.12725914383036843,True,11,14,75,85,80,S,0,29.0,31.25,78.5,78.5,Persistence
CZR,"Caesars Entertainment, Inc. - Common Stock",Consumer Cyclical,Resorts & Casinos,United States,その他,29.729999542236328,6.058300928,114.00562924461364,0.021431747443308138,-0.024548924358084662,0.06533592089455688,0.5,3.0,0.7870033819020829,34.54547976654102,-0.004060151991671904,0.02236107558657713,True,38,25,28,85,65,A,-10,37.75,28.0,39.650000000000006,39.650000000000006,Persistence
DASH,"DoorDash, Inc. - Common Stock",Consumer Cyclical,Internet Retail,United States,その他,236.74000549316406,102.578962432,1086.364374207306,0.27933221413915316,0.24169079328314996,0.31171198541698314,0.5087847196908946,0.013318534961154272,0.16735337504450887,79.49956795788091,0.1913161068286214,0.15972168063105335,True,43,36,93,25,35,C,0,39.5,34.25,64.4,64.4,Persistence
DAVE,Dave Inc.  - Class A Common Stock,Technology,Software - Application,United States,ソフトウェア,378.54998779296875,4.828597248,163.86293321594238,0.5967165692816558,0.3395807682955541,0.2648678467862408,0.8668668415791202,1.4090920688921964,0.15429056784936132,79.7915217234844,0.014182717456485368,0.14457779396383225,True,85,64,100,85,65,A,0,83.0,67.25,89.25,89.25,Persistence
DBX,"Dropbox, Inc. - Class A Common Stock",Technology,Software - Infrastructure,United States,ソフトウェア,35.70000076293945,7.762701824,143.71856407138824,-0.010674201397064594,0.018628078030060762,0.07600326895780464,0.8013486711622372,0.06770713793894882,1.260852754051109,56.386653040870364,0.14338790346738264,0.006401323136175879,True,23,38,35,85,45,C,-20,14.5,25.75,29.5,29.5,Persistence
DDOG,"Datadog, Inc. - Class A Common Stock",Technology,Software - Application,United States,ソフトウェア,236.97999572753906,85.093597184,1200.958928048172,0.2767536858183308,0.2611946574802465,0.2705862336576921,0.7995549081775629,0.1801231578254761,0.1925097880082675,37.9700713532184,-0.04998695117029086,0.17758111835090906,True,44,17,100,40,90,S,0,48.0,27.75,83.0,83.0,Persistence
DGII,Digi International Inc. - Common Stock,Technology,Communication Equipment,United States,通信/光通信,75.7699966430664,2.87532928,28.859655171394348,0.014562099394876972,-0.04676418290251299,0.14585356429905338,0.629158037380788,0.30251279895135164,0.18553594769825046,33.85753360267938,0.04456167147032555,0.11109809312569517,True,35,24,42,100,90,S,0,50.25,42.0,66.1,66.1,Persistence
DIOD,Diodes Incorporated - Common Stock,Technology,Semiconductors,United States,半導体,88.0,4.052549888,63.10744,0.13038699737628898,-0.2109952284925611,-0.16937138229913326,0.312019718326965,1.9551399452715952,0.03905436869408929,39.12970024369972,-0.08471388802341027,0.283154134338123,True,39,26,34,85,63,B,0,48.3,38.55,52.550000000000004,52.550000000000004,Persistence
DJT,Trump Media & Technology Group Corp. - Common Stock,Communication Services,Internet Content & Information,United States,その他,9.635000228881836,2.677964288,42.06621829929352,0.0176301536420913,-0.12401055408970976,1.8093165589935396,0.5451040026068539,1.1942656796751419,0.3611366992794125,53.78670651561565,0.07990272870524781,0.4531782196384373,False,48,55,42,100,50,B,0,56.0,61.25,58.1,61.25,Transition
DKNG,DraftKings Inc. - Class A Common Stock,Consumer Cyclical,Gambling,United States,その他,25.260000228881836,12.540429312,331.632733204937,0.26990504224364836,0.30073337292890556,0.6359994661812903,0.4125142765121954,0.7122798154322859,0.4171079442321682,55.03560611896311,0.01535085783100606,0.4735306279724804,False,32,74,71,65,65,A,0,40.25,71.75,68.30000000000001,71.75,Transition
DLTR,"Dollar Tree, Inc. - Common Stock",Consumer Defensive,Discount Stores,United States,その他,128.25999450683594,24.065462272,291.5542065132141,0.10429217510026453,0.04751774317535799,0.08886870194335399,0.364046610824344,-0.10371318822023047,0.5239488497126138,48.02279849640818,0.01966504683010809,0.09170746824813744,True,27,37,33,65,100,S,0,40.0,47.5,54.400000000000006,54.400000000000006,Persistence
DOCU,"DocuSign, Inc. - Common Stock",Technology,Software - Application,United States,ソフトウェア,64.0,12.220454912,184.6656,0.08155266551753446,0.07779369285146867,0.09776443162825453,0.7940481441217581,0.15025579060377015,0.04376801314560651,59.47826534047843,0.19877574882602686,0.24714741334274362,True,35,12,57,65,70,A,0,43.0,25.75,61.6,61.6,Persistence
DORM,"Dorman Products, Inc. - Common Stock",Consumer Cyclical,Auto Parts,United States,その他,129.35000610351562,3.838541312,39.91547163345337,0.06028378501461031,0.041149079588016925,0.11307230746780532,0.4214096574268924,-0.6051423084550114,0.21518821312449912,39.15927989879221,-0.042473132631506066,0.22237580286605454,True,25,12,41,85,90,S,0,40.5,30.75,61.8,61.8,Persistence
DOX,Amdocs Limited - Ordinary Shares,Technology,Software - Infrastructure,United States,ソフトウェア,62.90999984741211,6.56874752,74.84119586847305,-0.09432108641997015,0.024028194084970998,0.06792081713078231,0.37979550898064884,0.042348687176156384,0.1322279165993315,71.86233582910165,0.1436087193374978,0.24439959713478565,False,9,24,34,85,25,D,0,22.0,33.25,44.95,44.95,Persistence
DPZ,Domino's Pizza Inc - Common Stock,Consumer Cyclical,Restaurants,United States,その他,350.0,11.578607616,262.654,0.04962969699236107,0.05068985332273062,-0.012739252192672152,0.3995065581051313,0.31150051170675686,2.9411037490554683,51.250142402418405,0.06505800313797243,0.23657618049520304,False,9,24,24,65,75,A,-40,0.0,0.0,4.450000000000003,4.450000000000003,Persistence
DRS,"Leonardo DRS, Inc. - Common Stock",Industrials,Aerospace & Defense,United States,防衛/宇宙,38.540000915527344,10.285999104,32.08609236221314,0.1280148423005566,0.14437367303609341,0.049387300408466395,0.2382127192982456,0.22043010752688172,0.10477039679001338,19.653416198793437,-0.12568954271651342,0.2228427103085766,False,10,26,50,65,41,C,0,21.35,33.35,51.95,51.95,Persistence
DRVN,Driven Brands Holdings Inc. - Common Stock,Consumer Cyclical,Auto & Truck Dealerships,United States,その他,12.470000267028809,2.057298304,10.882132783026695,0.06274665102403684,0.024815793782601576,-0.15893908795717476,0.5080244281957306,3.0,0.6396709552106772,48.90110773035796,-0.10088539472413055,0.35085888280399524,False,50,60,28,100,63,B,-10,48.8,56.3,43.00000000000001,56.3,Transition
DSGR,"Distribution Solutions Group, Inc. - Common Stock",Industrials,Industrial Distribution,United States,その他,34.790000915527344,1.60922624,6.959913633155823,0.09751045394278822,0.1488166724189093,0.3638804886479501,0.33435874229743795,0.30348767288033673,0.4684325534235263,44.28586220238582,0.08421947577899955,0.004862647980469099,True,9,47,63,100,60,B,-5,22.75,51.25,66.65,66.65,Persistence
DUOL,"Duolingo, Inc. - Class A Common Stock",Technology,Software - Application,United States,ソフトウェア,146.97999572753906,6.848256,199.03296121444703,0.38710656342577243,0.40841898743948984,0.43739157498748293,0.7223062310799363,0.36331622366883154,0.04707351035196584,58.66218326381683,0.11053600495800041,0.5767558373097639,True,34,39,97,85,45,C,0,42.75,46.5,83.6,83.6,Persistence
DXPE,"DXP Enterprises, Inc. - Common Stock",Industrials,Industrial Distribution,United States,その他,185.9199981689453,2.884948224,26.994654134140013,0.11893465183902688,0.07353747170260931,0.1335519491745181,0.315383375529728,-0.3002864809509612,0.5362135827268115,42.660848908571325,0.06651001456460302,0.07428798267773366,True,27,14,41,100,72,A,0,42.45,32.7,61.949999999999996,61.949999999999996,Persistence
EBAY,eBay Inc. - Common Stock,Consumer Cyclical,Internet Retail,United States,その他,105.62000274658203,47.000899584,487.45849287605284,0.07945152192939804,0.016910601265822785,0.032363450740173556,0.7145045045045045,-0.2668711656441718,0.4077228847245883,46.71106251807061,-0.033715546754770294,0.10697012692163667,True,30,12,41,40,100,S,0,38.5,25.0,52.55,52.55,Persistence
EBC,"Eastern Bankshares, Inc. - Common Stock",Financial Services,Banks - Regional,United States,その他,22.290000915527344,5.093522944,37.99965921077728,-0.004203668932444681,1.3183180397813592,-0.5151100179279284,,0.5278970909777023,0.006526234667597088,34.953698184749854,-0.015133067916140008,0.05750523149849618,True,9,12,38,85,77,A,-20,7.199999999999999,9.45,37.550000000000004,37.550000000000004,Persistence
ECHO,EchoStar Corporation - Common stock,Communication Services,Telecom Services,United States,その他,86.83999633789062,25.226213376,311.7694812524414,-0.051848356792915946,-0.06994065092511001,-0.08686415323700246,0.25822524761597626,-0.3986920807594349,0.700132310141108,43.536634567969756,-0.06152809285881112,0.38758819133315864,False,30,0,0,65,63,B,-20,18.549999999999997,0.0,8.850000000000001,18.549999999999997,Acceleration
ECPG,Encore Capital Group Inc - Common Stock,Financial Services,Credit Services,United States,その他,98.94000244140625,2.098454784,35.23154546936035,0.3437058679192106,0.07661939346353912,-0.12562475551490437,0.5460368090945171,-0.00015754358049295387,0.7493338701824038,56.66004508874921,0.05367863516632296,0.04626947678046604,True,62,65,23,100,72,A,-30,38.7,40.95,22.049999999999997,40.95,Transition
EEFT,"Euronet Worldwide, Inc. - Common Stock",Technology,Software - Infrastructure,United States,ソフトウェア,69.94999694824219,2.61638144,43.13816311798096,0.0637625946162715,0.08183297180043383,0.09801119447421698,0.41317562791574386,-0.2945094217024042,0.33555257601676763,47.14805010587639,-0.05368626486110015,0.24938303341902313,False,4,12,37,100,80,S,0,26.0,32.0,61.35,61.35,Persistence
EFSC,Enterprise Financial Services Corporation - Common Stock,Financial Services,Banks - Regional,United States,その他,63.59000015258789,2.30148224,12.074151278972625,0.15980212663067714,-0.017993713841190417,0.09890107658757072,,-0.24338855892466396,0.010902506484639744,29.78724032214626,-0.029809071502796818,0.07194974798612144,True,23,14,25,100,60,B,-20,18.25,11.5,30.75,30.75,Persistence
ENPH,"Enphase Energy, Inc. - Common Stock",Technology,Solar,United States,電力/エネルギー,37.25,4.922387968,148.07415125,0.1071886817555546,-0.4192460579032699,-0.017189844232991098,0.4664025770798752,-0.8002432882236419,0.3454871399786654,37.491477383537244,-0.10663321896328806,0.4849993217612942,False,34,21,29,85,45,C,0,42.75,33.0,46.2,46.2,Persistence
ENTG,"Entegris, Inc. - Common Stock",Technology,Semiconductor Equipment & Materials,United States,半導体,134.9199981689453,20.615776256,301.02068251472474,-0.013760335678143897,-0.08022361588013281,0.07369426206256914,0.44419070262153537,0.25340082252451757,0.4546075085324232,42.95891437545826,-0.07580124089946323,0.2661180081899549,True,37,34,26,65,73,A,0,44.8,42.55,45.150000000000006,45.150000000000006,Persistence
EOSE,"Eos Energy Enterprises, Inc. - Common Stock",Industrials,Electrical Equipment & Parts,United States,電力/エネルギー,3.259999990463257,1.179100672,83.79182865487695,3.0,-0.04713640249114666,-0.08625306851149298,-1.2594853024876755,-0.4208965273992369,0.942624071251936,33.047200243534945,-0.25782584005892295,0.8301198593154,False,65,40,8,100,25,D,-35,31.25,12.5,0.0,31.25,Acceleration
ERIE,Erie Indemnity Company - Class A Common Stock,Financial Services,Insurance Brokers,United States,その他,260.3999938964844,13.6162816,62.32413453918457,0.07409012625297613,0.16716587856459053,0.16063891649907652,,0.17384931044974958,,56.47833514581915,0.0722981503511102,0.24962865232562445,True,2,12,40,65,85,S,-20,0.0,7.25,35.25,35.25,Persistence
ESQ,"Esquire Financial Holdings, Inc. - Common Stock",Financial Services,Banks - Regional,United States,その他,112.3499984741211,1.359949824,15.134106544456483,0.17414119079664167,0.099538423593249,0.34713009220253704,,0.38898702096613164,,23.337401569458862,-0.07533715402807648,0.15346857427329408,True,28,26,57,100,63,B,-25,17.299999999999997,15.799999999999997,43.95,43.95,Persistence
EVCM,EverCommerce Inc. - Common Stock,Technology,Software - Application,United States,ソフトウェア,9.199999809265137,1.625320192,1.311413972811699,0.047532395919492695,0.051066518842861175,-0.13834160832288891,0.7757489722485893,-0.1554383805805466,0.3815376069584792,30.174070462696207,-0.11967621032634027,0.31343283050972187,False,18,42,36,100,53,B,-5,28.799999999999997,46.8,50.4,50.4,Persistence
EVRG,"Evergy, Inc. - Common Stock",Utilities,Utilities - Regulated Electric,United States,電力/エネルギー,80.6500015258789,18.595241984,153.60639615619658,0.019547483453901802,0.06156276097454704,-0.05988974415865918,0.522661701556629,-1.1300651742703316,0.4478018174587979,45.270508228731885,-0.03891063449426911,0.07723345590963189,True,8,0,10,65,87,S,0,24.450000000000003,18.450000000000003,39.150000000000006,39.150000000000006,Persistence
EWBC,"East West Bancorp, Inc. - Common Stock",Financial Services,Banks - Regional,United States,その他,129.44000244140625,17.734815744,78.83543348693847,0.12861419870456148,0.0016864262009981177,0.10486412690774066,,,0.039458582934987864,42.02512905857926,-0.011441499115967518,0.05241583705848093,True,23,14,22,65,87,S,-20,15.700000000000003,8.950000000000003,25.75,25.75,Persistence
EXC,Exelon Corporation - Common Stock,Utilities,Utilities - Regulated Electric,United States,電力/エネルギー,43.93000030517578,45.259055104,255.91026307777406,0.05341323606044815,0.05987941271229346,0.13885103260299822,0.42930167367466404,-0.48887434554973824,0.42961310800377456,43.89721714866379,-0.04569290254199011,0.11825145897172958,False,7,12,18,40,90,S,0,20.25,24.0,37.9,37.9,Persistence
EXE,Expand Energy Corporation - Common Stock,Energy,Oil & Gas E&P,United States,電力/エネルギー,98.16000366210938,22.72441344,256.01061475112914,1.8877043354655294,-0.45710610932475887,-0.3205453115441755,0.5084912626138322,3.0,0.17888075794534591,55.063038110293824,0.07441086930125358,0.18716376049597938,False,73,87,46,65,75,A,0,72.0,82.5,56.55,82.5,Transition
EXLS,"ExlService Holdings, Inc. - Common Stock",Technology,Information Technology Services,United States,その他,38.400001525878906,5.821920256,81.5773472415924,0.1356129227381618,0.1273735671516213,0.15482803652010843,0.3837160789565829,0.3412893733999811,0.23711297206319926,74.30661519510114,0.23436951746099458,0.14628719616101346,True,32,26,64,85,35,C,0,40.25,35.75,63.45,63.45,Persistence
EXPE,"Expedia Group, Inc. - Common Stock",Consumer Cyclical,Travel Services,United States,その他,329.44000244140625,39.540072448,511.8097517929077,0.07610839237455262,0.0663603084352364,0.10045427273506471,0.9011742347111925,0.33533705452984114,0.26235072795681336,58.5450233418364,0.14206455349111982,0.027172700864182456,True,41,24,53,40,45,C,0,41.25,28.5,48.150000000000006,48.150000000000006,Persistence
EXPO,"Exponent, Inc. - Common Stock",Industrials,Engineering & Construction,United States,その他,71.52999877929688,3.400971264,26.789415142822264,0.042075937219120736,0.040516724233651165,0.04573021646505992,,-0.11088823965464614,0.10653630329290989,66.91984241596236,0.11341135650084515,0.09505032318941872,True,18,0,37,85,50,B,0,31.25,17.75,51.6,51.6,Persistence
EXTR,"Extreme Networks, Inc. - Common Stock",Technology,Communication Equipment,United States,通信/光通信,22.579999923706055,2.946479104,40.9577489616108,0.12589260104888572,0.0204653943822206,-0.1487678806266734,0.6147906696281453,-0.2519439513658713,0.16519148495399555,42.660546043930246,-0.20246395635741204,0.3301690733623677,True,50,44,37,100,61,B,0,58.6,54.1,57.550000000000004,58.6,Acceleration
EYE,"National Vision Holdings, Inc. - Common Stock",Consumer Cyclical,Specialty Retail,United States,その他,17.3799991607666,1.37422464,39.80515137791634,0.0900379527455411,0.03811780085187014,0.0679137215559305,0.5876860640164872,0.9256763842281879,0.3501576364712418,18.71129024367012,-0.12141911682739903,0.41004753221710055,False,35,47,46,100,16,D,-5,37.85,46.85,48.5,48.5,Persistence
EZPW,"EZCORP, Inc. - Class A Non-Voting Common Stock",Financial Services,Credit Services,United States,その他,33.0,2.02763136,41.292075,0.09700224345343758,0.1072989520905284,0.18371858162430535,0.5854796434064726,0.41867516316357467,0.39157260959743423,71.20991543437371,0.044270751429837885,0.07277325488855221,True,13,24,54,100,52,B,-20,9.95,18.200000000000003,45.10000000000001,45.10000000000001,Persistence
FA,First Advantage Corporation - Common Stock,Industrials,Specialty Business Services,United States,その他,21.040000915527344,3.613698048,52.0061482629776,0.8302486035305537,0.12627510438474862,-0.057111958549325145,0.45673782019564413,3.0,0.544924333598866,34.582842081762706,0.037654475814896435,0.12769485143201786,True,82,75,38,85,90,S,0,83.25,78.0,60.150000000000006,83.25,Acceleration
FANG,"Diamondback Energy, Inc. - Common Stock",Energy,Oil & Gas E&P,United States,電力/エネルギー,197.6699981689453,55.351508992,353.3529120268249,0.35434999546402973,0.32186113442858855,-0.12826677817269497,0.3497220175497354,0.8691849646445851,0.2093893806555116,49.68127080831093,0.025863112153346204,0.06475839226677367,True,57,20,29,40,87,S,0,57.45,29.700000000000003,43.35000000000001,57.45,Acceleration
FAST,Fastenal Company - Common Stock,Industrials,Industrial Distribution,United States,その他,49.779998779296875,57.122430976,335.33201017700196,0.08673469387755102,0.027127826098792655,0.05244534853737501,0.45011889518931775,0.10963244613434728,0.0874547289675236,32.01817857655564,0.03133246670664093,0.04963730881634199,True,28,24,50,40,77,A,0,34.7,31.7,52.9,52.9,Persistence
FBNC,First Bancorp - Common Stock,Financial Services,Banks - Regional,United States,その他,63.9900016784668,2.647536384,11.470527750873565,0.11689860256801757,-0.1382546803338262,0.019031663252953586,,0.15548093235109572,-0.0002174712880670465,44.70246726362011,0.0004989851951740697,0.03542349697239295,True,25,26,30,100,87,S,-20,22.450000000000003,23.200000000000003,38.900000000000006,38.900000000000006,Persistence
FCEL,"FuelCell Energy, Inc. - Common Stock",Industrials,Electrical Equipment & Parts,United States,電力/エネルギー,17.760000228881836,1.419986432,135.74891694946288,0.41049834124068063,-0.09126861921973516,-0.0543361638208516,-0.16696804542178273,0.3041904555702512,0.15443932602832602,43.104598933308125,-0.19164700928600958,0.5068036363039279,True,47,50,10,100,53,B,-15,40.55,42.8,26.1,42.8,Transition
FCFS,"FirstCash Holdings, Inc. - Common Stock",Financial Services,Credit Services,United States,その他,219.2100067138672,9.5075328,90.7858242805481,0.08042729054682968,0.07510574922996285,0.1549516259414821,0.5027548160455914,0.12576079098943638,0.4845828798608804,56.68441638970558,0.024425759687858078,0.07283333965808643,True,31,24,50,85,87,S,-20,24.700000000000003,19.450000000000003,46.150000000000006,46.150000000000006,Persistence
FCNCA,"First Citizens BancShares, Inc. - Class A Common Stock",Financial Services,Banks - Regional,United States,その他,2194.070068359375,24.777895936,106.62083497192383,-0.026105263157894736,0.08521818597212703,0.9341581970835174,,-0.06331727460426703,0.1572194794904614,44.0621643864939,0.01936465041068276,0.0424469659322122,True,0,0,33,65,87,S,-20,0.0,0.0,31.80000000000001,31.80000000000001,Persistence
FELE,"Franklin Electric Co., Inc. - Common Stock",Industrials,Specialty Industrial Machinery,United States,電力/エネルギー,100.55999755859375,4.445904896,20.08535111236572,0.054374299042071576,-0.021205413888597004,0.010481912560043959,0.35468621700879766,-0.1189506125068853,0.12035167932276787,27.084710721718437,-0.04207840557798838,0.08390276355466801,True,22,0,29,85,73,A,0,36.55,20.05,51.800000000000004,51.800000000000004,Persistence
FFBC,First Financial Bancorp. - Common Stock,Financial Services,Banks - Regional,United States,その他,32.81999969482422,3.445080832,20.423065310096742,0.07648119026589978,-0.005491601919561243,0.18539921894399422,,0.3153421464155201,0.05629053272223476,36.7003267537325,-0.03037681215489435,0.09286900447789363,True,23,24,30,85,90,S,-20,19.0,19.75,35.75,35.75,Persistence
FFIN,"First Financial Bankshares, Inc. - Common Stock",Financial Services,Banks - Regional,United States,その他,33.38999938964844,4.785705472,20.709980171432495,0.14910332062781523,0.12339320864597562,-0.08036904585564043,,-0.023607047634003706,0.0013630940804880026,36.61202755337189,-0.035194186863400756,0.0852054961740154,True,35,14,25,85,90,S,-20,28.0,12.25,33.0,33.0,Persistence
FFIV,"F5, Inc. - Common Stock",Technology,Software - Infrastructure,United States,ソフトウェア,394.239990234375,22.324701184,218.4266953894043,0.09656974844821954,0.0010489949235186367,0.04352030624906106,0.8141306290785966,0.18949825920234328,0.04142595639016554,43.30983049019451,-0.023834182354779434,0.08584153107859249,True,35,24,57,65,100,S,0,46.0,37.75,67.6,67.6,Persistence
FHB,"First Hawaiian, Inc. - Common Stock",Financial Services,Banks - Regional,United States,その他,25.790000915527344,3.138143488,44.21063801944732,0.09386092860554272,-0.038003762502871546,0.056727342392702114,,0.05039845673774585,0.0,29.554975840853658,-0.07901902283557784,0.14190103733007323,False,20,24,30,85,53,B,-20,13.049999999999997,16.049999999999997,28.35,28.35,Persistence
FIBK,"First Interstate BancSystem, Inc. - Common Stock",Financial Services,Banks - Regional,United States,その他,37.040000915527344,3.530082816,34.46090565177917,0.05911773532059618,-0.02544355624878144,-0.07234581298607343,,-0.16325301204819276,0.011110860866497001,46.08294080265236,-0.024212681572902486,0.06770457171486308,True,30,12,25,85,87,S,-20,23.950000000000003,10.450000000000003,32.400000000000006,32.400000000000006,Persistence
FIGR,"Figure Technology Solutions, Inc. - Class A Common Stock",Financial Services,Capital Markets,United States,その他,36.04999923706055,8.088822272,166.8763477183342,0.5577453275635211,0.6712784315605301,,0.9320722408519394,1.2918337510442774,0.40784147557543116,64.3909298238101,0.1640296872675939,0.5122446563273287,False,55,69,37,85,15,D,-20,35.5,46.0,24.6,46.0,Transition
FISV,"Fiserv, Inc. - Common Stock",,,,その他,53.18000030517578,28.279353344,427.790558454895,0.03602854908095424,0.07138741947310533,0.07645035800868241,0.5936394092388997,-0.15073093638877913,0.36343329215179765,53.61445471655188,0.029239856818426627,0.6151396502824058,False,8,12,41,65,65,A,0,22.25,25.25,51.8,51.8,Persistence
FIVE,"Five Below, Inc. - Common Stock",Consumer Cyclical,Specialty Retail,United States,その他,241.88999938964844,13.375392768,236.33499555366515,0.22897299567370483,0.08910511947482826,0.1570262145402866,0.3599145870184106,2.8600240028503383,0.4116226816222502,54.41037342089154,0.13786251639731179,0.07928593839171016,True,43,29,53,65,57,B,0,47.7,37.2,56.800000000000004,56.800000000000004,Persistence
FIVN,"Five9, Inc. - Common Stock",Technology,Software - Infrastructure,United States,ソフトウェア,34.04999923706055,2.544336128,82.67084439764022,0.10283721296276746,0.14437312737784572,0.16902186054752802,0.5507445904926341,1.0635844036814033,0.44975783069935815,48.40622590187605,0.2565178020675348,0.015041957256410556,True,31,63,60,100,45,C,0,42.75,66.75,67.0,67.0,Persistence
FIZZ,National Beverage Corp. - Common Stock,Consumer Defensive,Beverages - Non-Alcoholic,United States,その他,32.58000183105469,3.049882624,9.812444951477051,-0.01731546238660711,0.008106107775989474,0.01599581220394703,0.370387750814873,-0.0839304051873368,0.06920238079861726,67.74194540764083,0.04621189364722445,0.1428372710463803,True,4,0,29,85,80,S,-20,3.75,0.75,33.2,33.2,Persistence
FLEX,Flex Ltd. - Ordinary Shares,Technology,Electronic Components,United States,半導体,110.5,40.819027968,336.1713875,0.08139309650176267,-0.022790081393147834,-0.07322293172408954,0.09196102314250913,-0.014058106841611996,0.1956482320942883,40.380595488541395,-0.1339555291728554,0.3181958721150279,True,30,12,25,40,61,B,0,34.6,21.1,35.95,35.95,Persistence
FLNC,"Fluence Energy, Inc. - Class A Common Stock",Utilities,Utilities - Renewable,United States,電力/エネルギー,10.880000114440918,2.022694016,85.8129545026207,-0.16146821899960054,0.21667663069696813,0.8504692546239246,0.13071463609727643,-3.888107395816175,0.165805685193042,32.335338460077125,-0.27392606051687685,0.6624263025451476,False,0,0,18,100,25,D,-10,7.5,7.5,29.9,29.9,Persistence
FLYW,Flywire Corporation - Voting Common Stock,Technology,Software - Infrastructure,United States,ソフトウェア,18.790000915527344,2.286135552,37.011886153373716,0.2659404564517702,0.22091621309173542,0.3929814254859611,0.6142048874443241,-0.022817760851689965,0.001073953593396063,66.05924075381523,0.06331812445390302,0.038382802705194195,True,42,24,92,100,52,B,0,51.7,38.2,86.0,86.0,Persistence
FMBH,"First Mid Bancshares, Inc. - Common Stock",Financial Services,Banks - Regional,United States,その他,50.34000015258789,1.339140224,5.500400116672516,0.07419577566456391,0.15896219723781221,0.07958878343196196,,0.03806494810847004,0.046151347277616286,42.54917654170932,0.01348910382067164,0.037786079424564335,True,2,24,50,100,87,S,-25,0.20000000000000284,16.700000000000003,44.900000000000006,44.900000000000006,Persistence
FORM,"FormFactor, Inc. - Common Stock",Technology,Semiconductor Equipment & Materials,United States,半導体,101.69999694824219,7.944487424,116.26547051116944,0.028017323228553208,0.15155586923278772,-0.11342532860387974,0.39344427275147675,-0.851576525323017,0.026428458250092702,42.17637368447539,-0.14525032477644736,0.3640967823064062,True,4,0,29,85,61,B,0,21.85,18.85,49.400000000000006,49.400000000000006,Persistence
FOX,Fox Corporation - Class B Common Stock,Communication Services,Entertainment,United States,その他,61.31999969482422,25.781225472,61.615255493354795,0.05067484662576687,0.1659513590844063,-0.06256286461476564,,-0.5095222185098564,0.3366248554399075,68.14544677734375,0.16030441168934767,0.09017787373571748,True,0,0,21,65,50,B,0,14.75,14.75,37.8,37.8,Persistence
FOXA,Fox Corporation - Class A Common Stock,Communication Services,Entertainment,United States,その他,68.41999816894531,28.76633088,375.82078694229125,0.05067484662576687,0.1659513590844063,-0.06256286461476564,,-0.5095222185098564,0.3366248554399075,65.39408346291711,0.15940159593004363,0.09662822108928476,True,0,0,21,65,50,B,0,14.75,14.75,37.8,37.8,Persistence
FRHC,Freedom Holding Corp. - Common Stock,Financial Services,Financial Conglomerates,United States,その他,174.85000610351562,11.153273856,21.66216725616455,0.08971844658728398,0.21344133955397054,1.0580299185741235,0.5455829305136649,,0.18484324002019273,68.8973342733826,0.14270219891121796,0.0,True,8,12,38,65,25,D,-20,0.0,1.25,22.150000000000006,22.150000000000006,Persistence
FRME,First Merchants Corporation - Common Stock,Financial Services,Banks - Regional,United States,その他,41.93000030517578,2.633263616,14.548661855888367,0.057819313846414054,-0.03731324942166076,0.0363897450266181,,,0.0450025994605758,43.85968434618664,-0.0241302447468865,0.0729604083674369,True,18,12,10,100,87,S,-20,17.200000000000003,12.700000000000003,27.900000000000006,27.900000000000006,Persistence
FROG,JFrog Ltd. - Ordinary shares,Technology,Software - Application,United States,ソフトウェア,98.73999786376953,12.1747712,217.4516413954544,0.24120162058213998,0.22465031467392235,0.24941436937580347,0.7678756768953069,0.31998218609959084,0.009285980004130084,62.147282558660955,0.12399582096774711,0.050850725536873816,True,50,24,100,65,37,C,0,50.95,31.45,78.65,78.65,Persistence
FRPT,"Freshpet, Inc. - Common Stock",Consumer Defensive,Packaged Foods,United States,その他,70.81999969482422,3.40347264,108.42825233276368,0.13006664431175058,0.2715912869428018,0.288154411567094,0.4080035208232193,1.3773015485916351,0.278428935045211,59.02366463216439,0.13472676933069136,0.17169591000205592,True,24,39,77,85,70,A,-20,17.75,29.0,57.599999999999994,57.599999999999994,Persistence
FRSH,Freshworks Inc. - Class A Common Stock,Technology,Software - Application,United States,ソフトウェア,13.859999656677246,3.616361728,90.7619998517561,0.1643333055717498,0.2078828768409475,0.19765702340767752,0.8496141553083002,0.5130356751424814,0.02651942457534479,72.98289098614373,0.2373453039646733,0.0,True,39,71,90,85,10,D,0,43.0,67.0,72.75,72.75,Persistence
FSBC,Five Star Bancorp - Common Stock,Financial Services,Banks - Regional,United States,その他,45.619998931884766,1.119360256,7.142951332759857,0.25656825948126155,0.06619510405378885,0.07581237378373416,,0.3959693498573048,0.018068456680437137,45.851074363798396,-0.030423585653421105,0.07683236171408457,True,32,29,50,100,87,S,-25,22.700000000000003,20.450000000000003,44.900000000000006,44.900000000000006,Persistence
FSLR,"First Solar, Inc. - Common Stock",Technology,Solar,United States,その他,204.4600067138672,21.973274624,505.7103583060455,0.24085054545705253,0.2674882375168821,0.2669713005556024,0.4062437732020073,3.0,0.049194486127865804,20.771166232053332,-0.08754007298295145,0.35754907552594756,False,25,42,89,65,36,C,0,32.1,44.85,72.4,72.4,Persistence
FSLY,"Fastly, Inc. - Class A Common Stock",Technology,Software - Application,United States,ソフトウェア,23.040000915527344,3.670272256,151.65112922607423,0.1477755133572201,0.07448397985722982,0.1693061413137674,0.5708216750157848,3.0,0.28689136278849225,36.642090756900366,0.05829345013489675,0.3122387786409748,True,49,59,54,85,58,B,0,55.3,62.8,62.550000000000004,62.8,Transition
FSUN,FirstSun Capital Bancorp - Common Stock,Financial Services,Banks - Regional,United States,その他,40.06999969482422,1.7610912,10.269139521789551,0.08370248301734827,0.03422065734131605,0.13082641068623288,,0.08636686588372967,0.00774634591537557,55.15465235173824,0.04817634045097554,0.03212564690905412,True,20,24,42,100,87,S,-25,13.700000000000003,16.700000000000003,40.5,40.5,Persistence
FTAI,FTAI Aviation Ltd. - Common Stock,Industrials,Aerospace & Defense,United States,防衛/宇宙,194.97999572753906,20.025827328,245.90779571159362,0.44527497534441446,0.4816866741367295,0.6528484170912083,0.3716557609867397,0.25827936723745404,0.7885417986088851,39.80586604317632,-0.12731183082156192,0.3675825796546853,False,33,54,59,65,41,C,-20,18.6,34.35,36.900000000000006,36.900000000000006,Persistence
FTDR,"Frontdoor, Inc. - Common Stock",Consumer Cyclical,Personal Services,United States,その他,82.88999938964844,5.7105664,43.17988738204956,0.13503253796095444,0.03653738055087127,0.0703971119133574,0.5527950310559007,0.6883116883116883,0.5560224089635855,45.79205988699427,0.06271137616981645,0.08741607708183015,True,40,26,42,85,85,S,0,51.25,40.75,61.35,61.35,Persistence
FTNT,"Fortinet, Inc. - Common Stock",Technology,Software - Infrastructure,United States,ソフトウェア,166.0,121.796468736,750.29925,0.14167702071929883,0.12271904690091992,0.2008873998279531,0.8045620330607682,0.18444018731375053,0.09589766295768683,51.523398937053,0.05434045680746733,0.039240646065505584,True,40,26,82,25,72,A,0,40.95,30.45,65.75,65.75,Persistence
FULT,Fulton Financial Corporation - Common Stock,Financial Services,Banks - Regional,United States,その他,23.68000030517578,4.519902208,35.24862765426636,0.11394611781193321,0.08949465971141368,0.07256404867739134,,-0.23996824480369516,0.01925852470857826,41.951195911375926,-0.02001778996149558,0.05994443020516302,True,35,14,37,85,87,S,-20,27.700000000000003,11.950000000000003,39.0,39.0,Persistence
FWONA,Liberty Media Corporation - Series A Liberty Formula One Common Stock,Communication Services,Entertainment,United States,その他,93.41999816894531,23.421186048,12.165619261550903,0.22693676430331233,0.02267637178051512,0.3882627283326856,0.33712628290941543,-0.44779411764705884,0.331211845694246,48.45844713087028,0.02740176531069606,0.059498676665297935,True,34,40,62,65,87,S,0,43.95,48.45,67.75,67.75,Persistence
FWONK,Liberty Media Corporation - Series C Liberty Formula One Common Stock,Communication Services,Entertainment,United States,その他,101.80000305175781,25.5221248,197.47877192001343,0.22693676430331233,0.02267637178051512,0.3882627283326856,0.33712628290941543,-0.44779411764705884,0.331211845694246,46.83457919122158,0.028535317016455848,0.06027876552130674,True,34,40,62,65,87,S,0,43.95,48.45,67.75,67.75,Persistence
GABC,"German American Bancorp, Inc. - Common Stock",Financial Services,Banks - Regional,United States,その他,49.91999816894531,1.87593408,6.437183763885498,0.6816980570237475,-0.14266795376036123,-0.034741661115752914,,0.6975980246260348,0.01654960554454879,52.277226974864504,0.025480928070306445,0.028415781798726985,True,45,34,38,100,75,A,-25,31.25,23.0,35.900000000000006,35.900000000000006,Persistence
GCT,GigaCloud Technology Inc - Class A Ordinary Shares,Technology,Software - Infrastructure,United States,ソフトウェア,52.95000076293945,1.89085696,35.442347760677336,0.11098220391682644,0.6496033849034782,0.43618169612158236,0.2330930299085896,0.28233783726901546,0.3906004279563794,54.06249858438935,0.266879785086026,0.005633788489399941,True,10,26,63,100,45,C,-5,22.0,34.0,63.650000000000006,63.650000000000006,Persistence
GEN,Gen Digital Inc. - Common Stock,Technology,Software - Infrastructure,United States,ソフトウェア,31.020000457763672,18.568169472,175.55986399074555,0.27064803049555275,0.035526315789473684,0.14561350618028338,0.7846,0.26285240464344944,0.5298607992815447,62.53530635547846,0.1525234520859214,0.0,True,47,29,64,65,25,D,0,47.5,34.0,56.45,56.45,Persistence
GFS,GlobalFoundries Inc. - Ordinary Share,Technology,Semiconductors,United States,半導体,44.7599983215332,24.559849472,196.73362062263487,0.006074074074074074,-0.08685064935064934,-0.08830784410458806,0.24885878368428802,-0.08021877848678213,0.09958578846041655,35.39481361494535,-0.2519497345443885,0.5017285149506946,False,30,35,25,65,25,D,0,34.75,38.5,35.0,38.5,Transition
GIII,"G-III Apparel Group, LTD. - Common Stock",Consumer Cyclical,Apparel Manufacturing,United States,その他,33.459999084472656,1.411696512,13.897610619735717,-0.07035471624084035,0.026645433119814398,-0.03981928442682495,0.3936504146753547,-0.03381030492984563,0.10904581702300427,34.03039867254198,-0.03248381611640884,0.09100793707791299,True,4,0,29,100,90,S,-5,22.0,19.0,53.95,53.95,Persistence
GLIBK,Liberty Capital Corporation - Series C GCI Group Common Stock,Communication Services,Telecom Services,United States,その他,26.010000228881836,1.037928832,10.440544141874314,0.01276595744680851,0.03982300884955752,,0.7342436974789915,2.935483870967742,0.32529375386518244,56.721905970242574,0.11630422153196222,0.3503996095365905,False,27,19,38,100,43,C,-5,34.55,28.549999999999997,49.50000000000001,49.50000000000001,Persistence
GLXY,Galaxy Digital Inc. - Class A common stock,Financial Services,Capital Markets,United States,その他,23.209999084472656,13.677590528,160.38004922374725,0.41810906217957444,-0.1749112800548723,,-0.001918842550121238,-4.714301941659346,0.4705275720185642,64.31341237163133,-0.029402334531358862,0.4584694644435687,False,14,8,2,65,45,C,-30,0.0,0.0,0.0,0.0,Acceleration
GNTX,Gentex Corporation - Common Stock,Consumer Cyclical,Auto Parts,United States,その他,22.670000076293945,4.776190976,51.872927424573895,0.09551431418032026,0.0061322184876935765,0.19815805894615904,0.3419956413347784,0.29555933792700295,0.001296160038340106,29.931984263738087,-0.056790421902857616,0.2040762467270694,False,27,12,46,85,53,B,0,38.3,27.05,57.15,57.15,Persistence
GO,Grocery Outlet Holding Corp. - Common Stock,Consumer Defensive,Grocery Stores,United States,その他,12.170000076293945,1.205858304,35.7551559741497,0.0725741570229539,0.10128549198088502,0.1093742183353684,0.302701205158977,1.019072593809569,0.5854558524330666,75.43478215799894,0.20127532037612364,0.3478027772877093,True,16,25,38,100,18,D,-25,3.8000000000000007,10.549999999999997,24.500000000000007,24.500000000000007,Persistence
GOOG,Alphabet Inc. - Class C Capital Stock,Communication Services,Internet Content & Information,United States,その他,342.8800048828125,4193.400127488,5701.1344171875,0.15090081081544376,0.13866243322901553,0.08682770227269514,0.5965231508603998,0.0068990159969215545,0.09960170070941286,33.824285606545956,-0.014738109521230286,0.14022062342485903,True,45,26,58,10,90,S,0,44.25,30.0,52.400000000000006,52.400000000000006,Persistence
GOOGL,Alphabet Inc. - Class A Common Stock,Communication Services,Internet Content & Information,United States,その他,346.5899963378906,4238.773059584,8456.2500314003,0.15090081081544376,0.13866243322901553,0.08682770227269514,0.5965231508603998,0.0068990159969215545,0.09960170070941286,37.76582517161471,-0.009113226659731964,0.1386493332626479,True,45,26,58,10,90,S,0,44.25,30.0,52.400000000000006,52.400000000000006,Persistence
GPRE,"Green Plains, Inc. - Common Stock",Basic Materials,Chemicals,United States,その他,14.65999984741211,1.027597504,22.417705266666413,-0.14930722190860893,-0.25394789581590554,-0.10022416976512,0.06546221219306969,1.589089077081784,0.2889775442918,46.20811151022264,-0.08464248499072607,0.23764949576762998,True,30,25,26,100,90,S,-5,41.5,37.75,52.3,52.3,Persistence
GSAT,"Globalstar, Inc. - Common Stock",Communication Services,Telecom Services,United States,その他,81.76000213623047,10.593102848,66.31799053276062,0.09042177120739447,0.11858825421790106,0.507083984269784,0.6480185797073843,0.6034294349425201,0.23485501436852638,27.212437926832152,0.007598921500420774,0.031623808590483145,True,27,37,69,65,60,B,0,36.0,43.5,66.2,66.2,Persistence
GSHD,"Goosehead Insurance, Inc. - Class A Common Stock",Financial Services,Insurance Brokers,United States,その他,71.26000213623047,2.546703616,23.090022192192077,0.16152048457099252,0.20372709318881183,0.247795978795549,,0.22969876676325898,0.8491650275753018,68.83772355383176,0.20700493552963442,0.15877696958572596,True,10,14,75,100,50,B,-40,0.0,0.0,36.25,36.25,Persistence
GT,The Goodyear Tire & Rubber Company - Common Stock,Consumer Cyclical,Auto Parts,United States,その他,6.349999904632568,1.828157056,56.51982515115738,-0.03167708443691069,-0.0592046247383634,-0.03552030761836097,0.18440919037199124,0.9387755102040817,0.398506151142355,61.11110375251084,-0.037295344126560256,0.3975332136987806,False,27,12,6,100,53,B,-5,35.55,24.3,33.900000000000006,35.55,Acceleration
GTLB,GitLab Inc. - Class A Common Stock,Technology,Software - Infrastructure,United States,ソフトウェア,44.869998931884766,7.578542592,189.52863198833467,0.2581169023600953,0.30926219076884875,0.3666198484220052,0.8735971876753515,3.0,0.00010854756966635264,63.18472040193816,0.27556021468471265,0.1208856166333952,True,46,44,100,85,50,B,0,52.25,50.75,86.25,86.25,Persistence
GTM,ZoomInfo Technologies Inc. - Common Stock,Technology,Software - Application,United States,ソフトウェア,4.199999809265137,1.222662144,29.3854666655159,0.02898789426006753,-0.020330778539733762,0.12887067395264118,0.8402561024409764,0.2912653603454002,0.2436835158009162,49.30232073307832,0.24703082505321464,0.6557377151698396,False,48,38,45,100,35,C,-5,49.5,42.0,51.75,51.75,Persistence
GTX,Garrett Motion Inc. - Common Stock,Consumer Cyclical,Auto Parts,United States,その他,26.65999984741211,4.97191424,65.48895662517548,0.03136690647482014,-0.10576428203808544,0.07854565639744657,0.20396205357142858,0.07570977917981073,0.6206168145331643,33.793105081201716,-0.13570081506668913,0.26414573049242446,True,20,24,20,85,51,B,-10,22.85,25.85,32.45,32.45,Persistence
HAPN,"Happen, Inc. - Common Stock",Financial Services,Banks - Regional,United States,その他,17.889999389648438,2.064639488,20.707316493530275,0.2741574811993608,-0.09383902042402492,-0.27172561690543257,,-0.06650793981422932,0.0013681061317019564,28.940214504030052,-0.07254283682780463,0.1709916842957946,True,39,17,10,100,63,B,-30,20.549999999999997,4.049999999999997,13.100000000000001,20.549999999999997,Acceleration
HAS,"Hasbro, Inc. - Common Stock",Consumer Cyclical,Leisure,United States,その他,94.2300033569336,13.290619904,143.65175551757812,0.13681537903518318,-0.1734455259528711,-0.1457134563832875,0.645821368557633,0.06924142175719342,0.5935698847262247,51.45471280927655,0.0738363048182056,0.09029169348327358,True,40,21,34,65,85,S,0,48.25,34.0,51.95,51.95,Persistence
HBAN,Huntington Bancshares Incorporated - Common Stock,Financial Services,Banks - Regional,United States,その他,16.920000076293945,34.185418752,369.56562646640776,0.10220957028602413,0.0023097826086956523,0.014612627515853323,,0.3083284111045481,0.08200581059589704,32.29167701468458,-0.03694006974514588,0.10500854841928398,True,28,26,42,40,90,S,-20,16.0,14.5,31.1,31.1,Persistence
HBNC,"Horizon Bancorp, Inc. - Common Stock",Financial Services,Banks - Regional,United States,その他,19.559999465942383,1.004298752,9.266549746990204,-1.1669662238198604,0.025918954706120528,-0.24340324062957966,,3.0,0.04907116493446629,32.06522302501321,-0.023623703342710273,0.059615375798129144,True,12,12,30,100,77,A,-25,6.699999999999999,6.699999999999999,31.9,31.9,Persistence
HBT,"HBT Financial, Inc. - Common Stock",Financial Services,Banks - Regional,United States,その他,35.790000915527344,1.301525248,4.522245565681457,0.060144357250466574,-0.014846089776533343,0.2571765937775005,,-0.10782677127799108,0.012858407655494845,51.146812068058914,0.055702630167558026,0.03842021113047043,True,18,12,33,100,72,A,-25,10.700000000000003,6.199999999999999,32.550000000000004,32.550000000000004,Persistence
HFWA,Heritage Financial Corporation - Common Stock,Financial Services,Banks - Regional,United States,その他,28.670000076293945,1.173049088,8.905475423698425,0.13512454055350331,-0.11066041063416154,-0.020716856243172033,,0.4037591767173571,0.006078351166512376,34.45378083915355,-0.02484839100367597,0.07498536754553292,True,28,26,30,100,77,A,-25,18.700000000000003,17.200000000000003,31.9,31.9,Persistence
HLIT,Harmonic Inc. - Common Stock,Technology,Communication Equipment,United States,通信/光通信,12.020000457763672,1.310978816,20.763108390731812,-0.2615260139287177,0.2566862814750748,-0.3783860329590676,0.4846986183960524,0.8373632208757656,0.18536416310476378,53.76344159530915,-0.06994735176161804,0.2974868481014803,True,17,12,38,100,73,A,-5,30.049999999999997,26.3,55.50000000000001,55.50000000000001,Persistence
HLMN,Hillman Solutions Corp. - Common Stock,Industrials,Tools & Accessories,United States,その他,7.769999980926514,1.511614592,11.026135022933483,0.054073930714147476,-0.002629231610109741,-0.006627743001544746,0.4872679458634836,-0.6424167065849955,0.32449492698818516,14.973216760517019,-0.05967494426872303,0.27653629920724265,False,38,12,29,100,36,C,-5,42.1,22.6,43.150000000000006,43.150000000000006,Persistence
HLNE,Hamilton Lane Incorporated - Class A Common Stock,Financial Services,Asset Management,United States,その他,106.04000091552734,5.851883008,69.52565680027008,0.06456155508771143,0.28730396033525807,0.04744937617375221,0.6987719254327773,0.4517674528171161,0.1546616420003332,60.07806452818124,0.17212717466354607,0.30186128799839584,False,17,24,62,85,23,D,-20,7.800000000000001,13.049999999999997,39.95,39.95,Persistence
HON,Honeywell International Inc. - Common Stock,Industrials,Conglomerates,United States,その他,217.42999267578125,68.912259072,639.1387249203491,0.0784918051674972,0.051743463903783815,-0.06927761800033835,0.3693445862934672,0.03750478377344049,0.482661744547441,24.36648004471347,-0.059966047322777154,0.15705385913909237,False,36,12,26,40,53,B,0,38.3,20.3,34.900000000000006,38.3,Acceleration
HOOD,"Robinhood Markets, Inc. - Class A Common Stock",Financial Services,Capital Markets,United States,その他,104.26000213623047,93.738319872,1925.2865727480698,0.515757370382921,0.5823056300268097,0.37334315169366716,0.833445115135256,3.0,0.30484831004011853,58.7684611726411,0.028550025812486158,0.3161485140696418,True,55,61,96,40,83,S,-20,35.55,40.05,59.400000000000006,59.400000000000006,Persistence
HOPE,"Hope Bancorp, Inc. - Common Stock",Financial Services,Banks - Regional,United States,その他,13.920000076293945,1.7781664,13.22601847249031,0.052287085216554625,-0.17065018427195952,-0.0926934447729344,,0.4167040820144423,0.024560284132649775,46.66667196485395,0.01594623574515217,0.0399999947383486,True,23,12,30,100,87,S,-25,15.950000000000003,7.700000000000003,33.900000000000006,33.900000000000006,Persistence
HPK,"HighPeak Energy, Inc. - Common Stock",Energy,Oil & Gas E&P,United States,電力/エネルギー,8.100000381469727,1.024267712,3.72851117559433,-0.2271944860921521,-0.012338093465743579,0.49682672432729996,0.22756003006860415,-1.1525813116791168,0.3714686496682654,52.51397079625413,0.10522874014097465,0.026442226132694615,True,0,0,6,100,45,C,-5,14.5,14.5,32.3,32.3,Persistence
HTO,H2O America  - Common Stock,Utilities,Utilities - Regulated Water,United States,その他,63.54999923706055,2.659999744,21.213625245323183,0.06967969333506137,0.11646824183315607,0.08001475757937032,0.5702469428796263,-0.5023283201521241,0.3839463364485473,64.55696141408454,0.025080798704440414,0.021864541523893177,True,8,12,26,100,55,B,0,26.5,29.5,50.3,50.3,Persistence
HUBG,"Hub Group, Inc. - Class A Common Stock",Industrials,Integrated Freight & Logistics,United States,その他,39.61000061035156,2.422290688,51.713430446853636,-0.060961289301703595,-0.21307127248623253,0.2618163337297215,0.11107974629978284,-0.49104186607111205,0.1772838882936943,29.738223868822345,-0.11730621743291672,0.2410683855482096,False,18,0,25,100,53,B,0,33.8,20.3,49.35,49.35,Persistence
HURN,Huron Consulting Group Inc. - Common Stock,Industrials,Consulting Services,United States,その他,159.83999633789062,2.543065856,36.032730374450686,0.11653135585702505,0.08797108857519723,0.20690428754720824,0.3180503347864188,-0.038083159491750423,0.35917082983173326,59.6874273683318,0.24737590678566881,0.13870031921110137,True,27,2,45,100,70,A,0,42.25,23.5,63.75,63.75,Persistence
HUT,Hut 8 Corp. - Common Stock,Financial Services,Capital Markets,United States,その他,79.41999816894531,9.789266944,394.4215514064789,0.447904670997937,0.8721537521472958,0.09537159815621646,0.5416174006243674,-1.3633705659335216,0.1559094606568569,44.66666197165465,-0.20124792859806062,0.4029469582163621,True,22,8,38,85,53,B,-30,4.549999999999997,0.0,22.750000000000007,22.750000000000007,Persistence
HWC,Hancock Whitney Corporation - Common Stock,Financial Services,Banks - Regional,United States,その他,75.06999969482422,6.022344704,49.84497839736939,0.04927584600515912,0.052344677765493446,-0.008489596218204823,,-0.15019699271330045,0.037724832365745864,35.85130907294584,-0.012948569524248036,0.0590373421476526,True,0,12,25,85,77,A,-20,0.4499999999999993,9.45,30.4,30.4,Persistence
HWKN,"Hawkins, Inc. - Common Stock",Basic Materials,Specialty Chemicals,United States,その他,120.3499984741211,2.512320256,15.829033549308777,0.11213210581354657,0.06012977037780065,-0.017042064040346572,0.2261289143818931,0.22982857142857144,0.2650914031370084,29.414242132729925,-0.11750214899449046,0.34077371599248973,False,40,14,26,100,36,C,0,48.6,29.1,46.5,48.6,Acceleration
IBKR,"Interactive Brokers Group, Inc. - Class A Common Stock",Financial Services,Capital Markets,United States,その他,95.83999633789062,163.29367552,415.21288733444214,0.09725203950193216,0.19635289585206112,0.8575858778625954,0.8976716885149677,0.8148703170028818,9.348553434363315e-05,61.399615844403556,0.03945229667990889,0.02393325231780052,True,24,24,65,25,55,B,-20,7.25,7.25,33.0,33.0,Persistence
IBOC,International Bancshares Corporation - Common Stock,Financial Services,Banks - Regional,United States,その他,70.93000030517578,4.411244032,21.605987392959594,0.01023342182066381,0.00023876886454006398,0.23516989028675422,,0.028566706031522334,0.007190974361944302,40.89605222204464,-0.044214567723200655,0.07961935562622492,True,20,24,42,85,87,S,-20,16.450000000000003,19.450000000000003,41.75,41.75,Persistence
ICFI,"ICF International, Inc. - Common Stock",Industrials,Consulting Services,United States,その他,90.22000122070312,1.617995008,19.275954360809326,-0.07274826503982845,0.028803945318906825,0.10296500378659344,0.371634475994086,-0.19920193985904047,0.27867870533726213,44.60250869718721,0.116189090922326,0.09777692835014323,True,4,0,25,100,70,A,-5,20.0,17.0,47.75,47.75,Persistence
ICHR,Ichor Holdings - Ordinary Shares,Technology,Semiconductor Equipment & Materials,United States,半導体,55.44499969482422,2.0766496,45.71856062335968,0.11614529350796193,0.04675017260084821,-0.3663466578754739,0.09262366353893624,-1.613334634908239,0.1698956069654749,34.87430128881647,-0.31055965159741866,0.5061898797860725,True,35,2,10,100,35,C,0,44.75,20.0,37.5,44.75,Acceleration
IDCC,"InterDigital, Inc. - Common Stock",Technology,Software - Application,United States,ソフトウェア,335.1499938964844,8.6488832,66.1116877960205,-0.039724081076226575,0.5803037912035925,0.2005137682014181,0.8877214438589234,1.2272323547518458,0.23650165432182493,41.641147749564496,0.12069377872784277,0.14888366007317672,True,30,31,53,85,70,A,0,42.25,43.0,64.4,64.4,Persistence
IESC,"IES Holdings, Inc. - Common Stock",Industrials,Engineering & Construction,United States,その他,309.79998779296875,12.345129984,50.81184499786377,0.16887986858774118,0.2133288070512408,0.09711012697017918,0.25493256943266257,0.1564004333007477,0.05520909516495045,,,0.6098040465271207,False,7,26,57,65,0,D,0,15.0,29.25,47.6,47.6,Persistence
IMKTA,"Ingles Markets, Incorporated - Class A Common Stock",Consumer Defensive,Grocery Stores,United States,その他,82.12000274658203,1.55981824,10.315914745025635,-0.054184040326931616,-0.042963121580624666,0.03767439955455991,0.23887004156108263,-0.23351805514965165,0.21186971660291334,34.05454986528328,-0.06980092520076954,0.13610058109731007,False,0,0,25,100,70,A,-25,0.0,0.0,27.75,27.75,Persistence
INDB,Independent Bank Corp. - Common Stock,Financial Services,Banks - Regional,United States,その他,82.05999755859375,3.887108352,22.55254912902832,0.24288075325751377,-0.05402650780264413,0.0026116077007022603,,0.14100703626972685,0.03314937773593243,37.42856987155383,-0.025301586993130672,0.05862109346896857,True,29,29,30,85,77,A,-20,22.200000000000003,22.200000000000003,33.15,33.15,Persistence
INOD,Innodata Inc. - Common Stock,Technology,Information Technology Services,United States,その他,56.59000015258789,1.945714304,91.30513574619293,0.4763670282351975,0.9644021895707289,0.098403817673194,0.3952865538438308,0.31430888913468275,0.02627629854145783,38.39506079812273,-0.14498276449727546,0.5342386818717046,False,23,32,54,100,33,D,-5,30.549999999999997,37.3,56.300000000000004,56.300000000000004,Persistence
INTA,"Intapp, Inc. - Common Stock",Technology,Software - Application,United States,ソフトウェア,43.470001220703125,3.325939968,32.24278665542602,,0.17094789360847157,0.2270052127122919,,0.9611826778127998,,68.3191417251011,0.35844602700957484,0.08810566623806336,True,9,12,20,85,50,B,0,24.5,26.75,42.25,42.25,Persistence
INTC,Intel Corporation - Common Stock,Technology,Semiconductors,United States,半導体,89.47000122070312,472.947818496,9127.562662983857,-0.004670345191239336,-0.020782621523935976,-0.13997525930155105,0.34766238434904356,0.6838911599386817,0.22033401283646048,38.0811373113294,-0.1472664157536838,0.36519086369464926,True,49,44,14,10,51,B,0,43.35,39.6,20.400000000000002,43.35,Acceleration
INTU,Intuit Inc. - Common Stock,Technology,Software - Application,United States,ソフトウェア,358.05999755859375,97.94265088,1466.6280723999023,0.15634019035922628,0.13342149220489977,0.12902718843312902,0.7956560989857151,0.31268882175226587,0.17963634395800637,59.70430925533137,0.16670781034535304,0.4842791628458725,False,58,26,75,40,35,C,0,53.0,29.0,58.25,58.25,Persistence
IOSP,Innospec Inc. - Common Stock,Basic Materials,Specialty Chemicals,United States,その他,95.37999725341797,2.349309184,17.390634899215698,-0.03652324699252195,-0.05305829228243021,-0.007587717064724754,0.2769403824521935,-0.486088379705401,0.02876009604889762,65.62101839185868,0.09465592049971303,0.0029271001251520534,True,18,12,25,100,40,C,0,32.5,28.0,46.75,46.75,Persistence
IPAR,"Interparfums, Inc. - Common Stock",Consumer Defensive,Household & Personal Products,United States,その他,117.77999877929688,3.771996416,30.164046587371825,0.024914533592687586,0.10218756521904111,0.21259960631406713,0.6363542309787849,0.008530461612922742,0.1310337562324633,45.68400474631808,0.0024870538523956453,0.08378066135186814,True,14,24,62,85,100,S,0,33.25,40.75,75.35,75.35,Persistence
IPGP,IPG Photonics Corporation - Common Stock,Technology,Semiconductor Equipment & Materials,United States,半導体,76.52999877929688,3.255168256,46.75753335418701,0.027266475222436228,-0.24102501167045584,-0.09940771447178721,0.38002763562026226,-1.0231234769568593,0.007115514709522003,37.898085936067694,-0.1884807451088011,0.5027613738005676,False,22,35,14,85,33,D,0,32.55,42.3,35.550000000000004,42.3,Transition
IRDM,Iridium Communications Inc - Common Stock,Communication Services,Telecom Services,United States,その他,46.599998474121094,4.938740224,45.99955749378204,0.04932934624802271,0.05053476375418446,0.09665147551987839,0.7154816275630722,-0.020492379069805434,0.6955826707846554,29.456192657114187,-0.033764367401289956,0.16367556616623755,True,15,12,39,85,73,A,-10,21.3,19.05,47.300000000000004,47.300000000000004,Persistence
ITRI,"Itron, Inc. - Common Stock",Technology,Scientific & Technical Instruments,United States,その他,97.52999877929688,4.270521856,58.215656271362306,-0.03017120766360064,0.12292967580083666,0.21055723995357448,0.37686729520267453,0.8450723220607572,0.34078200729054986,34.48905084083472,0.057366427224443316,0.2941814738104924,True,16,24,38,85,58,B,0,30.55,36.55,53.75000000000001,53.75000000000001,Persistence
JBHT,"J.B. Hunt Transport Services, Inc. - Common Stock",Industrials,Integrated Freight & Logistics,United States,その他,261.0299987792969,24.514615296,193.9726972428894,-0.00728936154300035,-0.0578706458820242,-0.1339499212872905,0.13306202400580844,0.5338476455324928,0.18503447958315436,45.73383535195572,-0.05667971042424108,0.12378852170606466,True,39,24,30,65,90,S,0,48.0,36.75,50.75,50.75,Persistence
JBLU,JetBlue Airways Corporation - Common Stock,Industrials,Airlines,United States,その他,4.800000190734863,1.811098624,111.95659644875526,-0.023386140747925423,-0.03494539781591264,0.04990172526752566,0.14798057823879937,0.17559322033898306,0.568255884127942,27.894746484518222,-0.14058579614180072,0.2569659191346188,False,20,30,2,100,24,D,-15,17.4,24.9,15.900000000000002,24.9,Transition
JCAP,"Jefferson Capital, Inc. - Common Stock",Financial Services,Credit Services,United States,その他,21.09000015258789,1.211104512,8.902194514408112,0.4152572685252492,0.3413140104992076,,0.7323529363807275,0.6526623785478833,0.675030289267898,51.6726268031087,0.0581943469405231,0.11168538405116558,True,35,32,32,100,85,S,-35,14.75,12.5,24.6,24.6,Persistence
JJSF,J & J Snack Foods Corp. - Common Stock,Consumer Defensive,Packaged Foods,United States,その他,89.26000213623047,1.667520384,22.192714331130983,0.0053836946064625925,0.010216643390647723,0.12904952428410843,0.2967863858320285,-0.17331175814346161,0.11839513688372284,47.9756113661291,0.1036348738646241,0.17035217825077184,True,0,0,37,100,70,A,-25,0.0,0.0,34.35,34.35,Persistence
JKHY,"Jack Henry & Associates, Inc. - Common Stock",Technology,Information Technology Services,United States,その他,169.72999572753906,12.059449344,164.00500297164916,0.07210196326589012,0.06634300780381402,0.0693906584232512,0.4271233635668601,0.22263406611087605,,68.25316734855282,0.12371376071044156,0.11156483851273186,True,27,24,36,65,50,B,0,35.0,32.75,46.05,46.05,Persistence
KALU,Kaiser Aluminum Corporation - Common Stock,Basic Materials,Aluminum,United States,その他,156.3800048828125,2.556670976,36.73757264709473,0.11541005291005291,-0.02040816326530612,-0.09944864202573003,0.1311592054550845,-0.8613138686131386,0.4243605739238927,26.499392776916835,-0.0772547003973995,0.19721106097416252,True,35,14,2,100,63,B,0,47.55,31.8,38.7,47.55,Acceleration
KDP,Keurig Dr Pepper Inc. - Common Stock,Consumer Defensive,Beverages - Non-Alcoholic,United States,その他,32.18000030517578,43.79138048,364.80052845954896,0.08155820467721972,0.03624949372215472,0.05385217329444405,0.5420104800337289,-0.06825297432686286,0.29104383418381147,69.35485938421309,0.032718566927311114,0.039402975964902054,True,26,12,41,40,67,A,-20,12.200000000000003,1.6999999999999993,25.949999999999996,25.949999999999996,Persistence
KEEL,Keel Infrastructure Corp. - Common Stock,Technology,Information Technology Services,United States,その他,3.2200000286102295,1.988585728,122.38648558742403,0.7203355493194471,0.10692691029900332,-0.15466060044373298,-0.0824508452694569,0.27931248585329793,0.5274664749480076,46.830984644415885,-0.2543534603543202,0.5165165011435501,False,67,44,10,100,35,C,-15,53.75,36.5,22.5,53.75,Acceleration
KHC,The Kraft Heinz Company - Common Stock,Consumer Defensive,Packaged Foods,United States,その他,25.700000762939453,30.475671552,389.10353705106735,-0.0349763986690397,-0.029804804804804803,0.00585236926562205,0.33313286825435007,0.21225165562913909,0.2594453818501944,57.59369333443686,0.02215331387415442,0.06951484496577719,True,9,12,30,40,87,S,-20,1.4500000000000028,3.700000000000003,23.900000000000006,23.900000000000006,Persistence
KLAC,KLA Corporation  - Common Stock,Technology,Semiconductor Equipment & Materials,United States,半導体,175.5399932861328,229.351227392,1687.087666774063,0.11708580389106364,0.23887647752854163,-0.0651491379238068,0.6130145227989652,0.0054688942958017895,0.3426845113802246,35.672437981770756,-0.17767961967632465,0.4175254025940149,True,19,26,38,25,43,C,0,22.3,27.55,35.75,35.75,Persistence
KMB,Kimberly-Clark Corporation - Common Stock,Consumer Defensive,Household & Personal Products,United States,その他,109.55000305175781,36.434034688,367.7670287449646,-0.021303183576316574,-0.01988802052956958,-0.1501363073110285,0.36012646683285704,-0.34779148428173495,0.42671657503801613,55.662501461219655,0.0012119004542202004,0.13115427732738538,True,4,0,21,40,100,S,0,19.0,16.0,41.55,41.55,Persistence
KTOS,"Kratos Defense & Security Solutions, Inc. - Common Stock",Industrials,Aerospace & Defense,United States,防衛/宇宙,52.0,9.761509376,199.2406,0.18525037402094519,0.09565133545463311,0.154514082155182,0.22861597861597863,,0.05909533073929961,25.047893822783905,-0.008806369236494154,0.6022031860892887,False,23,14,30,85,38,C,0,33.8,27.05,45.35,45.35,Persistence
LASR,"nLIGHT, Inc. - Common Stock",Technology,Semiconductors,United States,半導体,42.939998626708984,2.477217024,64.74471522935868,0.3162056530410782,-0.05417752392566728,-0.13276570078245709,0.29833161137259406,2.1950247789330484,0.1148662796231084,34.95616907559571,-0.30318001741948586,0.49452618988472474,False,66,81,30,100,25,D,0,67.0,78.25,46.5,78.25,Transition
LAUR,"Laureate Education, Inc. - Common Stock",Consumer Defensive,Education & Training Services,United States,その他,38.79999923706055,5.344674816,33.12064934873581,0.08635540219143877,0.05548384141083132,0.19481819989358198,0.2833112995246573,0.6360205661280596,0.23363065696738958,64.47369364537367,0.027705646717059003,0.0410281731333298,True,27,12,50,85,67,A,0,39.7,28.45,62.15,62.15,Persistence
LCID,"Lucid Group, Inc. - Common Stock",Consumer Cyclical,Auto Manufacturers,United States,その他,5.010000228881836,1.974291712,53.41058539006233,0.6758311133998158,0.35708274046610705,-0.021227233340074748,-0.9280508793830653,-0.30878263070795225,0.3811512151988898,20.370375276101925,-0.1985025586225276,0.7977391951435532,False,58,58,14,100,16,D,-15,45.1,45.1,20.900000000000006,45.1,Acceleration
LECO,"Lincoln Electric Holdings, Inc. - Common Shares",Industrials,Tools & Accessories,United States,電力/エネルギー,284.8999938964844,15.528416256,129.64374222259522,0.05596195246802555,-0.04365025970766546,0.11443787652434283,0.3624500148003675,0.10743738261183232,0.3418408148927209,58.07898748029547,0.0646733567658259,0.040813103691321025,True,24,24,30,65,72,A,0,34.95,34.95,47.15,47.15,Persistence
LFUS,"Littelfuse, Inc. - Common Stock",Technology,Electronic Components,United States,半導体,405.4200134277344,10.297033728,90.98841361358643,0.08924997991571905,-0.07275241391365737,-0.06016157384331976,0.37968624151089514,0.25495982779423054,0.2238748219519025,32.426367344484774,-0.05967413421052138,0.1694882396290455,True,30,12,34,65,80,S,0,40.25,26.75,50.95,50.95,Persistence
LGIH,"LGI Homes, Inc. - Common Stock",Consumer Cyclical,Residential Construction,United States,その他,57.5,1.33677568,17.671475,-0.22568530435422168,-0.06613386020402107,0.023487115174737627,0.2072970805110982,0.032905258389330845,0.42521392875712777,52.092049165724134,-0.023828763122833312,0.14191914390476748,True,2,12,2,100,100,S,-15,11.5,19.0,31.1,31.1,Persistence
LGN,Legence Corp. - Class A Common stock,Industrials,Engineering & Construction,United States,その他,53.845001220703125,8.845923328,53.94838362304687,0.21532858541066863,0.29939407898891807,0.2956764575399458,0.21012620707150115,3.0,0.43353128839484717,35.68751802282277,-0.21874771946815616,0.47350148637798306,False,21,17,77,85,33,D,0,31.8,28.8,70.2,70.2,Persistence
LIF,"Life360, Inc. - Common Stock",Technology,Software - Application,United States,ソフトウェア,43.4900016784668,3.54358144,46.10353332933426,0.3176368295808164,0.21990818276752114,0.33382098508574054,0.778052672115976,1.952037845705968,0.32342386275539553,18.720379173695406,-0.1708830775065722,0.6078095236915785,False,65,69,96,85,16,D,0,63.1,66.1,77.25000000000001,77.25000000000001,Persistence
LIND,Lindblad Expeditions Holdings Inc.  - Common Stock,Consumer Cyclical,Travel Services,United States,その他,29.59000015258789,1.941686528,23.204034269657136,0.1958844596239959,0.13200759205187318,0.35122894424673784,0.45783696640420013,0.08503441828843375,0.6774014804716121,29.34130902160078,0.005600644048753253,0.14182132988889473,True,36,32,75,100,73,A,-15,34.3,31.299999999999997,65.85,65.85,Persistence
LITE,Lumentum Holdings Inc. - Common Stock,Technology,Communication Equipment,United States,通信/光通信,895.0,80.281501696,4474.968675,0.8322188449848025,0.21027074749852856,-0.23078664402942842,0.4166887856668879,3.0,0.22869654464591174,55.9161305897254,0.09916170270591519,0.15012009510238483,True,78,65,42,40,85,S,0,73.0,63.25,50.1,73.0,Acceleration
LKFN,Lakeland Financial Corporation - Common Stock,Financial Services,Banks - Regional,United States,その他,59.61000061035156,1.481775872,8.576686887817383,0.06100038260828406,0.026853738259083895,0.00875999493358502,,0.10563552865712672,0.026351848391893473,38.73017872150786,-0.02718921407361119,0.09893148931022239,True,32,24,42,100,90,S,-25,23.0,17.0,41.099999999999994,41.099999999999994,Persistence
LKQ,LKQ Corporation - Common Stock,Consumer Cyclical,Auto Parts,United States,その他,25.530000686645508,6.459143168,87.09955449259758,-0.012443029733053607,0.041751450749868114,0.03712677817727059,0.3856860303274485,0.04567901234567901,0.3343463037590011,66.21952364931516,0.01629366263046583,0.24170689063450518,False,6,12,30,85,70,A,0,24.25,28.75,51.75,51.75,Persistence
LLYVA,"Liberty Live Holdings, Inc. - Series A Liberty Live Group Common Stock",Communication Services,Entertainment,United States,その他,99.88999938964844,9.190417408,15.60431625465393,0.1217587439389356,,,0.19249065979667548,,0.882287138551522,48.76457143426235,-0.00037827757259720934,0.04857604131717986,True,5,20,0,85,87,S,-30,0.0,6.450000000000003,8.650000000000006,8.650000000000006,Persistence
LLYVK,"Liberty Live Holdings, Inc. - Series C Liberty Live Group Common Stock",Communication Services,Entertainment,United States,その他,103.55000305175781,9.527156736,26.85465779144287,0.1217587439389356,,,0.19249065979667548,,0.882287138551522,47.898391201064804,-0.000989812011384157,0.048778224589581885,True,5,20,0,85,87,S,-30,0.0,6.450000000000003,8.650000000000006,8.650000000000006,Persistence
LNT,Alliant Energy Corporation - Common Stock,Utilities,Utilities - Regulated Electric,United States,電力/エネルギー,68.02999877929688,17.63913728,162.47638623458863,0.09570459683496609,-0.011422895455674199,-0.04233055885850178,0.45667125171939477,,0.4848145332319635,48.82506267361613,-0.060832838833027945,0.12152610911807875,False,38,12,10,65,80,S,0,46.25,26.75,37.75,46.25,Acceleration
LOPE,"Grand Canyon Education, Inc. - Common Stock",Consumer Defensive,Education & Training Services,United States,その他,151.19000244140625,3.940772864,41.94993402740479,0.07073364814395325,0.07503702262152422,0.05441970095664903,0.5319373999837261,-0.05434050210465402,0.10815525468479953,60.454756961357084,0.031612285225754155,0.31448650941108547,False,8,0,45,85,53,B,0,24.05,18.05,56.6,56.6,Persistence
LPLA,LPL Financial Holdings Inc. - Common Stock,Financial Services,Capital Markets,United States,その他,370.69000244140625,29.188978688,214.69808906402588,0.3717668325352377,0.23199982731261828,0.1688236884252383,0.2366910133029977,-2.4455433035494942,0.4035453239439255,48.96763377191259,0.11352391723419976,0.05470848835242928,True,44,8,57,65,57,B,-30,18.450000000000003,0.0,29.0,29.0,Persistence
LQDT,"Liquidity Services, Inc. - Common Stock",Consumer Cyclical,Internet Retail,United States,その他,41.47999954223633,1.299635456,9.453914095668793,0.31198839584055843,0.15536376414320333,0.12287805748973397,0.43807128216854885,-0.03842515575561862,0.0367740955102759,53.71576725513366,0.03779909037167176,0.04818729234935273,True,48,20,66,100,87,S,-5,54.7,33.7,73.7,73.7,Persistence
LRCX,Lam Research Corporation - Common Stock,Technology,Semiconductor Equipment & Materials,United States,半導体,301.8999938964844,377.773785088,2460.7793027503967,0.2602085824099699,0.23684089764599187,-0.14477021451510846,0.5046900724797688,-0.09656787360654945,0.15871669316575196,48.16655758055628,-0.088488217180456,0.3033023255912222,True,50,24,41,10,73,A,0,46.3,26.8,39.650000000000006,46.3,Acceleration
LSCC,Lattice Semiconductor Corporation - Common Stock,Technology,Semiconductors,United States,半導体,114.4000015258789,16.24826368,196.28237461803437,0.02721039024265755,-0.30896257769746893,0.11629787569129378,0.6821496688083598,0.09319364624017522,0.047679817012410544,33.26923546000724,-0.1262092819139562,0.2632189194434822,True,32,12,42,65,51,B,0,38.85,23.85,49.550000000000004,49.550000000000004,Persistence
LSTR,"Landstar System, Inc. - Common Stock",Industrials,Integrated Freight & Logistics,United States,その他,180.02999877929688,6.109664256,77.82606832229614,-0.015663241856348868,-0.09127807061309873,-0.286858362775702,0.1310420425991197,-0.15871233316246874,0.08159003872403243,52.3657454103909,-0.07620582430445053,0.19935856102254565,True,30,0,25,85,90,S,0,44.25,21.75,53.0,53.0,Persistence
LUNR,"Intuitive Machines, Inc. - Class A Common Stock",Industrials,Aerospace & Defense,United States,防衛/宇宙,15.369999885559082,2.466151936,162.9599626866436,-0.09152631578947368,1.8660859071539013,-0.07440718590743024,0.02927118938647819,0.17257526071671245,0.49152352097459695,48.05318153272987,-0.07254318337047864,0.6636761569154408,False,2,30,10,100,55,B,-10,12.0,33.0,31.5,33.0,Transition
LYFT,"Lyft, Inc. - Class A Common Stock",Technology,Software - Application,United States,ソフトウェア,17.700000762939453,6.700163072,197.71077852211,0.09164250496369176,0.3139318860138855,0.07532205897974059,0.41458198133357693,0.45591027670511713,0.14138709927837634,55.263161497131,0.11189291408426197,0.27960923960987927,True,9,24,61,85,53,B,0,24.8,36.05,65.4,65.4,Persistence
LZ,"LegalZoom.com, Inc. - Common Stock",Industrials,Specialty Business Services,United States,その他,6.150000095367432,1.053278656,20.5845730692029,0.10876091282789813,0.032016248768402075,0.06572480680797253,0.6588024755205723,0.48004362486617375,0.02807894870601851,61.750001072883094,-0.07841696334755788,0.4459459563952624,False,40,14,54,100,35,C,-5,43.5,24.0,56.7,56.7,Persistence
MANH,"Manhattan Associates, Inc. - Common Stock",Technology,Software - Application,United States,ソフトウェア,223.27999877929688,13.018334208,197.7702589187622,0.03745375842325817,0.12234730409970658,0.21072138123073875,0.5632120452157959,0.30623969713056354,0.06692971545935848,79.67306974017697,0.2862314174390243,0.002145136482493069,True,13,24,58,65,10,D,0,20.5,28.75,50.150000000000006,50.150000000000006,Persistence
MAR,Marriott International - Class A Common Stock,Consumer Cyclical,Lodging,United States,その他,351.0799865722656,91.549827072,614.691905289917,0.04326693227091633,0.058491123012693456,0.14152987050498242,0.1994195371572596,0.3046523261630815,0.6202977487291212,55.004303236234435,-0.04133547041568119,0.12606588735064966,True,5,24,32,40,100,S,-10,9.75,24.0,37.6,37.6,Persistence
MARA,"MARA Holdings, Inc. - Common Stock",Financial Services,Capital Markets,United States,その他,10.670000076293945,4.121813504,518.3549523564053,0.38196740292940956,0.6938437400002064,2.290854585445806,0.802621120436383,-0.30018485082967933,0.5002612222290991,57.53052696006278,-0.09470397147263351,0.5328371276265084,False,29,8,55,85,55,B,-30,10.0,0.0,32.5,32.5,Persistence
MAT,"Mattel, Inc. - Common Stock",Consumer Cyclical,Leisure,United States,その他,15.140000343322754,4.325497856,55.100441549487115,-0.005934143885004422,-0.011334408705108176,0.001201909143985661,0.4872551786092625,-0.3122071223822887,0.4040833795405144,56.024103826387645,0.054699499001559154,0.3167869834127804,False,26,0,25,85,58,B,0,38.05,18.55,46.6,46.6,Persistence
MBIN,Merchants Bancorp - Common Stock,Financial Services,Banks - Regional,United States,その他,53.40999984741211,2.45355264,7.710000527973175,0.015405605991318886,0.1924355925839844,0.2718288978225674,,0.558762236885725,0.19757330771137538,44.98328676592541,0.03860596159457437,0.04145731017020724,True,9,12,37,100,87,S,-30,0.45000000000000284,2.700000000000003,32.75,32.75,Persistence
MBWM,Mercantile Bank Corporation - Common Stock,Financial Services,Banks - Regional,United States,その他,60.209999084472656,1.040785728,6.3620895532608035,0.04828599200777622,0.02564159370458332,0.1858281534880544,,-0.8789367952650452,0.07269598823388101,46.28905129502294,0.023697535343222383,0.028557606822141122,True,18,12,37,100,75,A,-25,11.0,6.5,35.35,35.35,Persistence
MCBS,"MetroCity Bankshares, Inc. - Common Stock",Financial Services,Banks - Regional,United States,その他,35.13999938964844,1.011372352,2.3723013587951662,0.09849493777835058,0.18322531452535265,-0.12356972608537464,,-0.4048380615607169,0.11016399630903448,45.48606971895721,-0.01093693472798137,0.044324291125794314,True,0,12,25,100,87,S,-25,0.0,7.700000000000003,31.150000000000006,31.150000000000006,Persistence
MCHB,Mechanics Bancorp - Class A Common Stock,Financial Services,Banks - Regional,United States,その他,15.890000343322754,3.518467328,7.02425410176754,0.748640061174175,,,,-0.34563051781791726,0.01247380765698908,33.357985861982456,-0.005384591113915242,0.059951590128096255,True,22,22,25,85,77,A,-20,16.950000000000003,16.950000000000003,30.4,30.4,Persistence
MCHP,Microchip Technology Incorporated - Common Stock,Technology,Semiconductors,United States,半導体,72.93000030517578,39.60162304,707.0884421588135,0.07076972010178118,-0.42345174473436026,-0.09531088911799211,0.5773482421336276,0.12809221603419246,0.3851886904057731,27.347814457686127,-0.1080535877236876,0.2856704418179432,False,31,47,34,40,36,C,0,32.85,44.85,35.900000000000006,44.85,Transition
MCRI,"Monarch Casino & Resort, Inc. - Common Stock",Consumer Cyclical,Resorts & Casinos,United States,その他,122.56999969482422,2.196763392,15.755147760772704,0.04392879165661278,0.04129393512776233,0.04940255718082324,0.5504297179545976,0.3767836276117883,0.018654722108048128,55.15933153114562,-0.019290931550399893,0.0844102176329465,True,37,31,50,100,100,S,0,52.75,48.25,72.5,72.5,Persistence
MDB,"MongoDB, Inc. - Class A Common Stock",Technology,Software - Infrastructure,United States,ソフトウェア,446.6199951171875,35.922505728,672.4757266479493,0.22794268264784995,0.19217462036790015,0.3107153982741971,0.7174856532417241,3.0,0.008741774075461417,57.32094329221306,0.2252606254247988,0.0543522263086215,True,57,42,97,40,57,B,0,54.45,43.2,74.75,74.75,Persistence
MDLZ,"Mondelez International, Inc. - Class A Common Stock",Consumer Defensive,Confectioners,United States,その他,62.36000061035156,79.590572032,445.68100016212463,0.05751763123953788,0.011800310972900933,0.14351028702057403,0.2837532760723461,-0.08174850979279023,0.30500650467917245,54.91125521191666,0.016459366794780463,0.04046772333999619,True,18,0,33,40,87,S,0,28.200000000000003,14.700000000000001,45.550000000000004,45.550000000000004,Persistence
META,"Meta Platforms, Inc. - Class A Common Stock",Communication Services,Internet Content & Information,United States,その他,578.02001953125,1472.509509632,9262.9933506958,0.2216703849824621,0.21941112807816043,0.15687468377226457,0.8199944269179861,-0.14726660748631454,0.22921362435488674,43.819505424721086,-0.02385259357398098,0.2567580824580159,False,54,5,85,10,73,A,0,49.3,12.55,63.85000000000001,63.85000000000001,Persistence
MGEE,MGE Energy Inc. - Common Stock,Utilities,Utilities - Regulated Electric,United States,電力/エネルギー,78.1500015258789,2.94989056,12.154278987312317,0.09854581767472642,-0.019534175029800226,-0.03371218959887701,0.4153773125674037,-2.9576103184121,0.28787451432772815,35.499988079059676,-0.030423468415958232,0.0860738480184497,False,34,12,10,100,80,S,0,48.5,32.0,46.5,48.5,Acceleration
MGNI,"Magnite, Inc. - Common Stock",Communication Services,Advertising Agencies,United States,その他,23.700000762939453,3.39915264,67.69502317920684,0.06851998742834907,0.07819786674412225,0.07389237682148929,0.6265594513924586,-0.1927699315902217,0.1979411416156429,43.60904016811447,0.12931358993822675,0.08670519976297426,True,18,26,49,85,70,A,0,33.25,39.25,62.2,62.2,Persistence
MGRC,McGrath RentCorp - Common Stock,Industrials,Rental & Leasing Services,United States,その他,112.27999877929688,2.742513408,15.78825202835083,0.036547881204291824,0.0950901733742706,0.30861696019129575,0.4818461505875126,-0.5191091270396596,0.21845500244578442,18.195802122585746,-0.04968446060670154,0.09362665885240468,True,8,0,53,100,73,A,0,28.3,22.3,68.75,68.75,Persistence
MIDD,The Middleby Corporation - Common Stock,Industrials,Specialty Industrial Machinery,United States,その他,112.75,5.098819584,70.99811125,0.016177502722809285,-0.028330798959930167,-0.19608029352917153,0.3910765393748973,-0.14105463305673752,0.3471839061712709,19.069462118759205,-0.13055897441412562,0.21792274488415775,False,34,0,25,85,41,C,0,42.35,16.85,43.2,43.2,Persistence
MKSI,MKS Inc. - Common Stock,Technology,Scientific & Technical Instruments,United States,その他,255.75999450683594,17.293867008,370.7279484375763,0.096207473508087,-0.009939260077305357,0.021144629264166902,0.46731111676418213,0.2121951219512195,0.5055707139608913,31.942663489397347,-0.22664462963034204,0.42446522076496346,False,31,24,30,65,33,D,0,36.3,31.05,39.35,39.35,Persistence
MKTX,"MarketAxess Holdings, Inc. - Common Stock",Financial Services,Capital Markets,United States,その他,162.72000122070312,5.726587392,179.57616614715576,0.03570077971158871,0.08577537349826655,0.04767785048030071,0.5942018367703849,-0.013834461104079447,0.14726345634833266,88.4697592483852,0.1992267317218332,0.15082694297976584,True,8,0,45,85,35,C,-20,2.25,0.0,33.0,33.0,Persistence
MLKN,"MillerKnoll, Inc. - Common Stock",Consumer Cyclical,"Furnishings, Fixtures & Appliances",United States,その他,23.1299991607666,1.575690496,12.633489891614914,0.04681326466661217,0.011437548230625068,-0.1122311663526706,0.387536767576854,-0.23697148475909538,0.4503187101612299,37.11967163973803,0.06973951272775457,0.04791297451819891,True,34,35,21,100,62,B,-5,41.7,42.45,43.949999999999996,43.949999999999996,Persistence
MNST,Monster Beverage Corporation - Common Stock,Consumer Defensive,Beverages - Non-Alcoholic,United States,その他,46.86000061035156,91.801165824,425.085106636734,0.10698854045979898,0.04939505130722895,0.13135326134319963,0.5584764218214752,0.19638073878351445,,9.11653900814997,-0.39364137980770336,0.5311186765497121,False,36,33,40,40,8,D,-20,13.799999999999997,11.55,13.600000000000001,13.799999999999997,Acceleration
MORN,"Morningstar, Inc. - Common Stock",Financial Services,Financial Data & Stock Exchanges,United States,その他,217.64999389648438,8.164828672,64.89996343002319,0.07489780668981583,0.11601098793289512,0.08981075590719555,0.6103455326109181,-0.014034306081532635,0.35126176814662136,68.57398161032441,0.18388761615279428,0.1620242060446494,True,15,12,45,85,50,B,-20,9.0,6.75,36.0,36.0,Persistence
MPWR,"Monolithic Power Systems, Inc. - Common Stock",Technology,Semiconductors,United States,半導体,1256.260009765625,61.73638656,810.4196135998535,0.26431018078020935,0.21197843907324918,0.015006565790559085,0.551787716644466,0.06271900941650364,0.004761815068860586,34.56707516746721,-0.07163015246617624,0.2554681906759478,True,49,17,65,40,63,B,0,49.05,25.05,58.35,58.35,Persistence
MQ,"Marqeta, Inc. - Class A Common Stock",Technology,Software - Infrastructure,United States,ソフトウェア,16.469999313354492,1.714507648,17.23857183131218,0.23252497559147525,-0.25019706553519744,-0.09627696115775602,0.6997650763981795,2.5814438010714866,0.01067386738516478,62.53600325403456,-0.0031413236327903003,0.35310291022755436,False,51,17,42,100,53,B,-5,53.55,28.049999999999997,53.7,53.7,Persistence
MRCY,Mercury Systems Inc - Common Stock,Industrials,Aerospace & Defense,United States,防衛/宇宙,88.54000091552734,5.324453376,71.99010394439698,0.07850924321835047,0.09187991978689652,-0.1423242240846427,0.2858465955417833,-0.4280710301727034,0.20997289450209577,24.03101279510426,-0.15498011622019625,0.29847079028764345,False,0,18,25,85,24,D,0,15.15,28.65,39.8,39.8,Persistence
MRTN,"Marten Transport, Ltd. - Common Stock",Industrials,Trucking,United States,その他,14.359999656677246,1.172661632,8.072043007011414,-0.08307080567972872,-0.1482577742817876,-0.10477514443640921,0.1311262804814565,0.48113111689156235,0.000204260623921446,42.982446967589745,-0.10617586676983191,0.21178066559355083,True,23,12,10,100,90,S,-5,36.25,28.0,43.5,43.5,Persistence
MRVL,"Marvell Technology, Inc. - Common Stock",Technology,Semiconductors,United States,半導体,216.6199951171875,194.67739136,5376.550519707642,0.42087285211450765,0.04713401238266427,-0.06958240421650111,0.5101774339198984,0.0016551525618883132,0.21495335490211037,52.77052042900844,-0.052146418113982095,0.3152563504096623,True,64,85,46,25,73,A,0,59.05,74.8,46.150000000000006,74.8,Transition
MSEX,Middlesex Water Company - Common Stock,Utilities,Utilities - Regulated Water,United States,その他,58.4900016784668,1.1021824,7.764255272808075,0.014681280195125003,0.1539807787146517,0.02364037085831784,0.5311052215271144,-1.124213440724893,0.3051919952377361,58.56811674872909,0.03656373057482968,0.03064590423824277,True,8,0,26,100,87,S,-5,24.700000000000003,18.700000000000003,51.7,51.7,Persistence
MSFT,Microsoft Corporation - Common Stock,Technology,Software - Infrastructure,United States,ソフトウェア,513.530029296875,3813.240733696,14635.628943812257,0.1778868679984666,0.1493215623240672,0.15669962013071279,0.6794409337058032,-0.06457108544776641,0.0749311687078705,55.757677431847505,0.1943298309490198,0.04485549051578995,True,35,14,74,10,57,B,0,33.45,17.7,54.6,54.6,Persistence
MSTR,Strategy Inc - Class A Common Stock,Technology,Software - Application,United States,ソフトウェア,127.30999755859375,50.577928192,3206.34939321228,0.029726662293723675,-0.06610432816602554,-0.006014853864889117,0.686909748487636,-0.01988624827676108,0.13361689530368723,68.53362980565605,0.27011521065502425,0.6460563354708958,False,36,7,22,40,15,D,-10,24.5,2.75,15.100000000000001,24.5,Acceleration
MTCH,"Match Group, Inc. - Common Stock",Communication Services,Internet Content & Information,United States,その他,41.58000183105469,9.699222528,143.6530851260376,0.0022486810123548123,0.034141436598083996,0.05508612371320883,0.7280411746167481,0.1603757222484841,0.8905732612298526,77.97004294727135,0.07936936064819465,0.014224714788526679,True,14,24,44,85,25,D,-20,5.75,13.25,30.450000000000003,30.450000000000003,Persistence
MTSI,"MACOM Technology Solutions Holdings, Inc. - Common Stock",Technology,Semiconductors,United States,半導体,265.2699890136719,20.258914304,372.33295657958985,0.3257773671903484,0.12518526172604552,-0.03963890575706859,0.5469088909060458,0.11815753364668788,0.2557764719306253,38.692676867876095,-0.11802924841586379,0.35249464519590235,True,57,27,42,65,63,B,0,58.8,36.3,51.95,58.8,Acceleration
MU,"Micron Technology, Inc. - Common Stock",Technology,Semiconductors,United States,半導体,932.8599853515625,1053.565648896,28360.6693456604,0.48851101111066864,0.615894465894466,-0.49476558944014565,0.39790786023864305,3.0,0.18452136525036836,59.9799951513672,-0.02315223671622642,0.2311847488243156,True,40,62,42,10,100,S,0,41.5,58.0,45.6,58.0,Transition
MXL,"MaxLinear, Inc - Common Stock",Technology,Semiconductors,United States,半導体,61.72999954223633,5.598490624,136.79830873556136,0.29710036391070876,-0.4799549377364723,-0.3811544188271925,0.568414659963519,0.9974396648288503,0.18210412910160273,43.31273305335566,-0.22609391736635023,0.5178473784987773,True,54,65,18,85,53,B,0,58.55,66.8,41.75,66.8,Transition
MYRG,"MYR Group, Inc. - Common Stock",Industrials,Engineering & Construction,United States,その他,294.4200134277344,4.583898624,78.47471037902832,0.0879159739344316,-0.07728384795981234,0.21118634873636466,0.11585534716881786,3.0,0.06295865344670178,33.06275050298623,-0.22797839388277943,0.41248775655214764,False,33,31,30,85,33,D,0,40.8,39.3,44.35,44.35,Persistence
MZTI,The Marzetti Company - Common Stock,Consumer Defensive,Packaged Foods,United States,その他,114.83999633789062,3.134098432,39.475100341186526,0.010843204363052755,0.019961437343162233,0.027013042879474487,0.24732216374247792,0.012978142076502733,0.15811703280956,51.5185948468255,0.02603685661377207,0.36670620674961585,False,2,24,42,85,73,A,-20,1.5500000000000007,18.049999999999997,38.95,38.95,Persistence
NBTB,NBT Bancorp Inc. - Common Stock,Financial Services,Banks - Regional,United States,その他,51.54999923706055,2.678541056,13.627500048313141,0.2088116969366741,0.1094327888925584,0.0051599527101399475,,0.2380376078043263,0.01121298175862502,39.25230063058446,0.0018267874672320721,0.049944695324422576,True,44,29,50,100,77,A,-20,35.7,24.450000000000003,47.900000000000006,47.900000000000006,Persistence
NCNO,"nCino, Inc. - Common Stock",Technology,Software - Application,United States,ソフトウェア,22.989999771118164,2.430874624,59.161660761003496,0.10010783176764566,0.13453980018592235,0.16709648188286005,0.6055489331367344,0.5466346964389412,0.1691001671009025,78.07262949325795,0.25664121919182564,0.2840236893764901,True,29,56,72,100,18,D,0,38.55,58.8,68.19999999999999,68.19999999999999,Persistence
NDAQ,"Nasdaq, Inc. - Common Stock",Financial Services,Financial Data & Stock Exchanges,United States,その他,99.30999755859375,55.512039424,262.2990552017212,0.11648648648648649,0.22031662269129287,-0.026019916479280435,0.4222948438634713,0.14838337182448036,0.3048336714649148,73.44341502049853,0.08950361286795777,0.00988497887114766,True,14,33,38,40,25,D,-20,0.0,13.25,15.900000000000006,15.900000000000006,Persistence
NDSN,Nordson Corporation - Common Stock,Industrials,Specialty Industrial Machinery,United States,その他,324.5899963378906,18.07945728,135.63317586975097,0.03783233782702169,0.0233159301111757,0.014806904895922368,0.5515604005749928,0.34432259756843975,0.3535773557243116,63.7021689996681,0.07213800726965218,0.03020620107682278,True,43,24,46,65,52,B,0,47.2,32.95,51.949999999999996,51.949999999999996,Persistence
NEXT,NextDecade Corporation - Common Stock,Energy,Oil & Gas Equipment & Services,United States,電力/エネルギー,7.349999904632568,1.956462976,17.7447740197587,,,,,-0.8833935449086239,0.6966999704164584,58.525342685494046,0.01368123725287744,0.3143656976167484,True,0,0,0,100,83,S,-25,0.0,0.0,16.6,16.6,Persistence
NMIH,NMI Holdings Inc - Common Stock,Financial Services,Insurance - Specialty,United States,その他,44.810001373291016,3.370511872,19.025654433078767,0.08520963299440375,0.12429641988038058,0.10400260840715558,,0.06676769270155858,0.10857077845970084,59.38462477463943,0.04542138387225088,0.019689296197937644,True,2,24,50,85,75,A,-20,1.75,18.25,43.75,43.75,Persistence
NMRK,"Newmark Group, Inc. - Class A Common Stock",Real Estate,Real Estate Services,United States,その他,15.829999923706055,3.874169856,20.81478774968147,0.20285616004662402,0.10854010414642677,-0.08691800155755237,,3.0,0.41894900089995013,70.40172704096445,0.03295828814515731,0.18199102282279897,True,51,42,22,85,65,A,0,57.5,50.75,46.35,57.5,Acceleration
NN,NextNav Inc. - Common stock,Technology,Software - Infrastructure,United States,ソフトウェア,15.359999656677246,2.592920064,47.84409493060112,-0.1933321573469748,0.46789228379078196,-0.0163015792154865,-0.8674830527006342,-0.32007731958762886,1.1683271327306806,49.65277452553988,-0.03217271799138018,0.34887666141061,False,0,0,0,100,73,A,-30,0.0,0.0,9.600000000000001,9.600000000000001,Persistence
NOVT,Novanta Inc. - Common Shares,Technology,Scientific & Technical Instruments,United States,その他,142.1999969482422,5.377686528,58.87790873641968,0.03303151451943387,0.07665409193092138,0.02411305338696694,0.4438955741382827,-0.6573823841528121,0.16706656942094156,25.64103356108248,-0.06516621991242123,0.15733335141782406,True,4,0,41,85,63,B,0,22.05,19.05,56.4,56.4,Persistence
NSIT,"Insight Enterprises, Inc. - Common Stock",Technology,Electronics & Computer Distribution,United States,その他,155.64999389648438,4.56814848,63.42425951293945,-0.052233253785640456,-0.051672871366545185,-0.1203458933883964,0.21357930832114735,-0.5234181308152878,0.17456862115912058,51.31615245714013,0.1973887012171412,0.006066488952773562,True,0,0,25,85,45,C,0,17.25,17.25,44.0,44.0,Persistence
NSSC,"NAPCO Security Technologies, Inc. - Common Stock",Industrials,Security & Protection Services,United States,その他,35.349998474121094,1.264414208,16.0349360578537,0.11394607451781456,-0.03812625781167249,0.11072548339088337,0.5920984993772119,0.15204917235611057,0.021699599443578528,8.093536902727294,-0.05573189708832822,0.24578175146028816,False,36,21,38,100,53,B,-5,42.3,31.049999999999997,51.50000000000001,51.50000000000001,Persistence
NTAP,"NetApp, Inc. - Common Stock",Technology,Software - Infrastructure,United States,ソフトウェア,187.02000427246094,36.699734016,442.6305302118683,0.05371272063298844,0.048500319081046586,-0.014775227915749764,0.7074368231046931,0.3968609865470852,0.2543745346239762,36.68034004286494,0.06333965505981236,0.0968707619336396,True,50,24,38,40,75,A,0,51.0,31.5,45.900000000000006,51.0,Acceleration
NTCT,"NetScout Systems, Inc. - Common Stock",Technology,Software - Infrastructure,United States,ソフトウェア,39.060001373291016,2.839947776,23.34948292093277,0.044735552992114784,-0.008169219547775346,-0.09302592588542749,0.7940759666869114,0.3529029781062032,0.016815338347525202,53.48838830320125,-0.036397776140854154,0.12890273772586705,True,53,54,45,100,100,S,0,64.75,65.5,69.75,69.75,Persistence
NTNX,"Nutanix, Inc. - Class A Common Stock",Technology,Software - Infrastructure,United States,ソフトウェア,69.16000366210938,18.695366656,200.42465321273804,0.18108158167102256,0.1534820803104845,0.1784537663303804,0.8680884044340125,0.2551436473424698,0.45163520644835486,64.47047294310318,0.19099492877440563,0.1474358811578885,True,49,63,82,65,50,B,0,51.5,62.0,71.35,71.35,Persistence
NTRS,Northern Trust Corporation - Common Stock,Financial Services,Asset Management,United States,その他,186.7899932861328,34.174283776,190.75554484359742,-0.024606774100164045,0.22394626116483354,0.0018192036916523694,,3.0,0.07900404611909602,47.5104553490915,0.02196798183193714,0.024442512689890117,True,12,25,30,40,75,A,-20,2.5,12.25,21.5,21.5,Persistence
NTSK,"Netskope, Inc. - Class A Common Stock",Technology,Software - Infrastructure,United States,ソフトウェア,15.09000015258789,6.095207936,63.767548994808195,0.31718214718318755,0.32290609339785636,,0.680777210622894,1.0818861681005956,0.4260883646712844,45.68452516110281,0.16806515621509802,0.414889506905652,True,38,33,34,85,45,C,0,45.75,42.0,48.95,48.95,Persistence
NVDA,NVIDIA Corporation - Common Stock,Technology,Semiconductors,United States,半導体,217.5500030517578,5253.17963776,27818.12867997841,0.654735357900948,1.1420340763599357,1.2585452658115222,0.7106808435754708,0.5886809195931179,0.05338413852797107,50.0,0.04380579449595197,0.07608574217676706,True,39,34,80,10,87,S,0,39.45,35.7,63.900000000000006,63.900000000000006,Persistence
NVTS,Navitas Semiconductor Corporation - Common Stock,Technology,Semiconductors,United States,半導体,11.489999771118164,2.99996416,156.0356905917549,-0.4488007490816547,0.04840414820781313,1.0940885011728119,0.3103057757644394,0.32358142513034727,0.012931869906028145,36.451616277306215,-0.17254194873410772,0.6385656042713088,False,9,12,22,100,33,D,-10,15.05,17.3,33.7,33.7,Persistence
NWBI,"Northwest Bancshares, Inc. - Common Stock",Financial Services,Banks - Regional,United States,その他,15.34000015258789,2.245722624,12.049570119857789,0.25247518094326826,-0.04991502543760531,0.03414810032432106,,0.13103167702358826,0.04122334278882854,43.362843808286,0.006646827353144669,0.029689582097961492,True,29,29,30,100,75,A,-20,24.25,24.25,36.5,36.5,Persistence
NWE,"NorthWestern Energy Group, Inc.  - Common Stock",Utilities,Utilities - Regulated Electric,United States,電力/エネルギー,70.31999969482422,4.325935104,25.780015088119505,0.0638490836238637,0.06451882827535628,-0.03768615889303083,0.5686721194318246,0.08773148635467323,0.40638269175552627,48.37177998115908,-0.004527519149282813,0.033202430288333196,True,10,12,10,85,87,S,0,28.950000000000003,30.450000000000003,44.150000000000006,44.150000000000006,Persistence
NWL,Newell Brands Inc. - Common Stock,Consumer Defensive,Household & Personal Products,United States,その他,6.170000076293945,2.627803136,48.12593889509201,-0.049854919546293855,-0.0677486782245174,-0.14018395179194418,0.3375902276513048,-0.9282700421940928,0.48707419505366306,56.39810340857191,0.09319632707984152,0.029874222206261007,True,34,0,21,100,60,B,0,46.5,21.0,48.55,48.55,Persistence
NWPX,"NWPX Infrastructure, Inc. - Common Stock",Basic Materials,Steel,United States,その他,112.02999877929688,1.07965568,15.032185236206054,0.06792231417039557,0.10845607678545308,-0.02908240743775469,0.19702739337988567,0.375277356066799,0.1773614202163449,44.132297229046735,-0.12534645602778233,0.2528344874272221,True,5,24,30,100,61,B,-5,19.85,34.1,48.7,48.7,Persistence
NWS,News Corporation - Class B Common Stock,Communication Services,Entertainment,United States,その他,34.849998474121094,18.720022528,40.60948347194672,0.06814955040227165,0.024236548715462918,0.029955067398901646,,0.4203152364273205,0.18753216675244466,77.51756816878307,0.10093883408371689,0.013306942943490422,True,23,12,42,65,10,D,0,28.0,19.75,41.35,41.35,Persistence
NWSA,News Corporation - Class A Common Stock,Communication Services,Entertainment,United States,その他,30.969999313354492,16.63584256,122.14505789188385,0.06814955040227165,0.024236548715462918,0.029955067398901646,,0.4203152364273205,0.18753216675244466,82.29165942304692,0.11015518738701731,0.007053581819047961,True,23,12,42,65,10,D,0,28.0,19.75,41.35,41.35,Persistence
NXST,"Nexstar Media Group, Inc. - Common Stock",Communication Services,Broadcasting,United States,その他,183.32000732421875,5.647777792,63.728450746154785,-0.08470501202145367,0.09608757348469492,-0.0533486854730378,0.5483936148716912,-0.32760180995475113,0.5876820947814863,42.45396116263429,0.013642012732943874,0.263099379697649,False,8,0,25,85,73,A,0,26.05,20.05,49.6,49.6,Persistence
NXT,Nextpower Inc. - Common Stock,Technology,Solar,United States,電力/エネルギー,85.44000244140625,13.1268608,192.75777190795898,0.20282292797674503,0.18375408675991792,0.3142276292401651,0.32592522876110797,-0.1740532230857426,,24.921044642141325,-0.16929339086076897,0.4537084029686346,False,31,17,74,65,16,D,0,34.6,24.1,60.150000000000006,60.150000000000006,Persistence
OCFC,OceanFirst Financial Corp. - Common Stock,Financial Services,Banks - Regional,United States,その他,18.8799991607666,1.824661632,18.726315967597962,0.05405860825149417,-0.047414820109602095,-0.076193234476367,,-0.06099721290566394,0.10850498516339627,46.969677995474385,-0.014669028500911287,0.057952548719280614,True,30,0,25,100,87,S,-25,21.200000000000003,0.0,31.150000000000006,31.150000000000006,Persistence
ODFL,"Old Dominion Freight Line, Inc. - Common Stock",Industrials,Trucking,United States,その他,198.6300048828125,41.308741632,290.1448070324707,-0.054760344706017906,-0.008752245083318674,-0.06292654227735538,0.3302830276386915,0.07560433125179483,0.00731148631849891,30.569512489675176,-0.08736031087441948,0.20142319666023117,True,6,12,34,40,80,S,0,18.5,23.0,44.7,44.7,Persistence
OKTA,"Okta, Inc. - Class A Common Stock",Technology,Software - Infrastructure,United States,ソフトウェア,166.22999572753906,29.060483072,593.6580148917388,0.11839080459770115,0.15333627927529828,0.21797631862217437,0.7735525865022268,0.1821917808219178,0.04346035015447992,58.808110249993135,0.18006765591861648,0.03863285982934795,True,28,40,82,65,57,B,0,36.45,45.45,72.75,72.75,Persistence
OLED,Universal Display Corporation - Common Stock,Technology,Electronic Components,United States,半導体,82.9800033569336,3.81432832,59.31120209941864,0.004519179105860265,0.12361453015028737,-0.0651780110570709,0.7631057575110166,-0.3161631999545246,0.009785809074623095,36.53846676350128,-0.01539903309112669,0.44385564403668676,False,15,12,40,85,55,B,0,29.5,27.25,54.25,54.25,Persistence
OLLI,"Ollie's Bargain Outlet Holdings, Inc. - Common Stock",Consumer Defensive,Discount Stores,United States,その他,72.41999816894531,4.37802752,91.0388175981903,0.1661716640144737,0.08039475674169219,0.15087665140127937,0.40500710026204156,0.820954162768943,0.23212822674336953,33.34927354609745,0.0022363944138380095,0.4763936125567116,False,36,26,54,85,55,B,0,45.25,37.75,61.95,61.95,Persistence
ON,ON Semiconductor Corporation - Common Stock,Technology,Semiconductors,United States,半導体,72.61000061035156,28.268425216,650.3783039170074,-0.15346709402312808,-0.1418514479583182,-0.008791525545867263,0.33090369283117055,0.1700758825470142,0.23992143148010636,34.8286147114585,-0.17748848654413496,0.4578510820490642,False,6,12,34,65,33,D,0,17.55,22.05,41.550000000000004,41.550000000000004,Persistence
ONB,Old National Bancorp - Common Stock,Financial Services,Banks - Regional,United States,その他,25.850000381469727,9.889434624,82.76924547142983,0.33886596516536904,0.026673091949610536,0.06296177320912304,,0.07667542207545416,0.09826210281973324,35.864982298684254,-0.016594239391182788,0.05276659896476193,True,34,32,50,85,77,A,-20,25.950000000000003,24.450000000000003,44.150000000000006,44.150000000000006,Persistence
ONDS,Ondas Inc - Common Stock,Technology,Communication Equipment,United States,通信/光通信,7.900000095367432,4.507363328,593.4610421641588,3.0,-0.5415969099055982,3.0,0.3973113086672843,-0.16140669829275914,0.01373890952040048,35.40372456189972,-0.026949786212937327,0.4361170616484747,False,57,40,22,85,55,B,-10,51.0,38.25,34.35,51.0,Acceleration
OPEN,Opendoor Technologies Inc  - Common Stock,Real Estate,Real Estate Services,United States,その他,3.2899999618530273,3.194889472,138.8558795399904,-0.15175625849019989,-0.2581341779441405,-0.5537997045031156,0.08007320979180965,2.67258064516129,0.5484004985459078,44.09937584668231,-0.19269748273484552,0.6872623746489446,False,42,25,22,85,43,C,0,48.55,35.8,41.95,48.55,Acceleration
ORLY,"O'Reilly Automotive, Inc. - Common Stock",Consumer Cyclical,Auto Parts,United States,その他,88.5,71.593025536,403.5170775,0.0642495944723634,0.056679409951145475,0.0973215562122047,0.5159231316716373,-0.21370711221904767,0.5134459486137986,34.39325751592759,-0.004747977665900047,0.17918753245694596,False,26,12,37,40,80,S,0,33.5,23.0,46.35,46.35,Persistence
OSBC,"Old Second Bancorp, Inc. - Common Stock",Financial Services,Banks - Regional,United States,その他,25.239999771118164,1.28410304,9.933454309921265,0.19006141501041446,-0.0038720652556879856,0.14724159331057798,,-0.02473787951567754,0.04565635786126393,49.15964366198538,0.04025586254154398,0.0258587448953947,True,23,2,33,100,75,A,-25,14.75,0.0,33.150000000000006,33.150000000000006,Persistence
OSIS,"OSI Systems, Inc. - Common Stock",Technology,Electronic Components,United States,半導体,206.63999938964844,3.294248192,60.85754622024536,0.042504929469765335,0.1133433587347718,0.20363384064948567,0.33208136243101843,3.0,0.4000272532699928,23.342206890675428,-0.05639699195529739,0.33273054676803193,False,16,24,46,85,36,C,0,28.35,34.35,53.75,53.75,Persistence
OTTR,Otter Tail Corporation - Common Stock,Industrials,Conglomerates,United States,その他,90.83999633789062,3.81396992,21.21250174484253,-0.01990909008919633,-0.013799636219709064,-0.07604596328333821,0.4320191279835713,0.040773376133331915,0.27842616526233394,46.583562434878665,0.0021309217897253654,0.030452850758084446,True,6,12,30,85,87,S,0,25.950000000000003,30.450000000000003,55.150000000000006,55.150000000000006,Persistence
OUST,"Ouster, Inc. - Common Stock",Technology,Electronic Components,United States,半導体,34.619998931884766,2.496528896,97.76826178359985,0.5245947381211691,0.33408182134751857,1.0297594384459772,0.49258489585793225,-0.7316154873164219,0.0488675768777395,35.49632188805916,-0.17953533332102986,0.44625721883554964,True,54,58,56,100,43,C,-10,49.8,52.8,54.400000000000006,54.400000000000006,Persistence
OZK,Bank OZK - Common Stock,Financial Services,Banks - Regional,United States,その他,49.400001525878906,5.386458624,45.06169339187622,0.04204718910439849,0.06152426899798596,0.24292040151343353,,-0.009635270042011347,,27.234948009894424,-0.02622200043497706,0.06950458873805662,True,0,0,35,85,60,B,-20,0.0,0.0,32.5,32.5,Persistence
PAGP,"Plains GP Holdings, L.P. - Class A Shares representing limited partner interests",Energy,Oil & Gas Midstream,United States,電力/エネルギー,27.969999313354492,6.517021696,46.50306070837974,-0.09464296672053019,0.03280801081629204,-0.1744968783788497,0.06497672947449279,0.12208436724565756,0.3664471159994884,85.78684527993525,0.10692686780666645,0.005687872455938923,True,2,24,26,85,10,D,0,15.25,31.75,37.55,37.55,Persistence
PANW,"Palo Alto Networks, Inc. - Common Stock",Technology,Software - Infrastructure,United States,ソフトウェア,371.5899963378906,302.845853696,2062.8094046205138,0.1487387106820305,0.1646379502952399,0.2528764882304826,0.734143035297945,0.1190015479876161,0.014344975017178341,45.24902593874668,0.0820429520504064,0.06164142338916509,True,22,21,79,10,72,A,0,25.2,24.45,60.35,60.35,Persistence
PATK,"Patrick Industries, Inc. - Common Stock",Consumer Cyclical,Recreational Vehicles,United States,その他,83.47000122070312,2.680911616,35.971397026062014,0.06326965997906711,0.07140564785059017,-0.2896075521848996,0.23105858018165054,0.08321840521564694,0.4853158501437175,45.74308835029989,-0.026771112798042743,0.4190721768271787,False,2,12,22,100,65,A,0,23.0,30.5,50.1,50.1,Persistence
PAYO,Payoneer Global Inc. - Common Stock,Technology,Software - Infrastructure,United States,ソフトウェア,7.110000133514404,2.409229568,30.07896221483469,0.13912355903283533,0.20051160009925575,0.049163857977289366,,0.2508044931478637,0.008075953915045113,56.25001862652476,0.000379906500735998,0.008368192767238295,True,10,14,50,100,75,A,0,30.0,33.0,67.5,67.5,Persistence
PAYX,"Paychex, Inc. - Common Stock",Technology,Software - Application,United States,ソフトウェア,127.04000091552734,45.185949696,284.52958445049285,0.16876357305669723,0.055586078851145256,0.05416308841445148,0.7428593366093366,0.3584927739746065,0.2849114346656775,62.36286411829998,0.12392621659525897,0.04893585643817364,True,52,26,50,40,37,C,0,48.7,29.2,44.9,48.7,Acceleration
PCAR,PACCAR Inc. - Common Stock,Industrials,Farm & Heavy Construction Machinery,United States,その他,125.33999633789062,65.974583296,370.4411057766724,-0.15503300281014026,-0.0416654805080934,0.21886764955915572,0.16655065249184386,0.046247366421441644,0.3526756916470063,32.093301070517995,-0.01374505477482004,0.09071786986885932,True,2,12,26,40,90,S,-20,0.0,4.0,22.299999999999997,22.299999999999997,Persistence
PCT,"PureCycle Technologies, Inc. - Common stock",Industrials,Pollution & Treatment Controls,United States,その他,6.5,1.305881344,27.4757925,,,,-12.083542788749252,0.08394291702010878,0.45425430220686575,37.157538776482006,-0.07295158282630809,0.5703899569838049,False,2,30,2,100,45,C,-15,6.0,27.0,20.1,27.0,Transition
PCTY,Paylocity Holding Corporation - Common Stock,Technology,Software - Application,United States,ソフトウェア,157.92999267578125,8.743952384,121.91721644592285,0.11039536214731376,0.13740031300913003,0.19403830076332498,0.691855705838451,0.248130567088061,0.027224048687667857,69.80644964402721,0.20518882830233537,0.1188417316269847,True,25,26,72,85,50,B,0,36.5,37.25,70.85,70.85,Persistence
PDFS,"PDF Solutions, Inc. - Common Stock",Technology,Software - Application,United States,ソフトウェア,44.810001373291016,1.8922016,26.48786396177292,0.2204273813835567,0.08219012874242469,0.11636564365966785,0.7232129812258017,-0.08784954219252661,0.17391813172771717,43.549863641154616,-0.14644690083136339,0.36700097762730466,True,42,5,42,100,61,B,-5,47.6,19.85,55.300000000000004,55.300000000000004,Persistence
PEBO,Peoples Bancorp Inc. - Common Stock,Financial Services,Banks - Regional,United States,その他,39.65999984741211,1.425472256,10.171996760864257,0.022941267920753263,0.050547489312951804,0.3052897612640308,,-0.05620943790562094,0.07400760443664679,35.36586216842359,0.005156349880201757,0.05129269494085722,True,0,0,45,100,77,A,-25,0.0,0.0,40.150000000000006,40.150000000000006,Persistence
PEGA,Pegasystems Inc. - Common Stock,Technology,Software - Application,United States,ソフトウェア,36.16999816894531,5.94652672,58.65634348060608,0.16606687238675377,0.04506720572714531,0.08708990814549511,0.7586326591866708,0.4509245625550687,0.04655285676817147,64.53239388974407,0.1530442992289116,0.4546320865921399,False,49,33,57,85,15,D,0,51.0,39.0,55.6,55.6,Persistence
PENG,"Penguin Solutions, Inc. - Common Stock",Technology,Information Technology Services,United States,その他,49.5099983215332,2.537026048,77.6586603172493,0.16911400448925346,-0.18765238508239376,0.03250575265997839,0.2880448044044612,0.7325184813282318,0.32437175364828097,40.553145117015625,-0.1840562475564514,0.39169432740123455,True,35,56,26,100,61,B,0,47.35,63.1,51.5,63.1,Transition
PENN,"PENN Entertainment, Inc. - Common Stock",Consumer Cyclical,Resorts & Casinos,United States,その他,17.360000610351562,2.330830592,44.02582954788208,0.05820829722868306,0.033821056436530515,-0.006060890076073543,0.33793995115644304,0.022614451185879757,0.7900059571783999,27.7611746546699,-0.135595895371937,0.21305525699794212,True,36,12,4,100,51,B,-10,37.1,19.1,27.4,37.1,Acceleration
PEP,"PepsiCo, Inc. - Common Stock",Consumer Defensive,Beverages - Non-Alcoholic,United States,その他,141.07000732421875,192.701628416,920.1552207235718,0.022546650118666578,0.004187119414896525,0.058790165756088524,0.541485227575193,0.06718597857838364,0.4646318867028557,58.63499189326727,0.008999293322309547,0.15638562776707676,False,28,12,42,25,90,S,-20,13.75,1.75,27.35,27.35,Persistence
PFBC,Preferred Bank - Common Stock,Financial Services,Banks - Regional,United States,その他,103.52999877929688,1.227153024,8.3046588520813,-0.0019756373279241016,-0.03132941943010749,0.15228260784113332,,0.019443171052229456,0.050493970332179346,41.389172803084854,-0.013522575119658568,0.0538292769896983,True,20,24,30,100,87,S,-25,13.700000000000003,16.700000000000003,33.900000000000006,33.900000000000006,Persistence
PFG,Principal Financial Group Inc - Common Stock,Financial Services,Asset Management,United States,その他,111.41000366210938,23.853398016,105.0362373526001,-0.031138972079093732,0.18015044856503096,-0.22070471769663721,,-0.0210405593171743,0.01158251959346938,38.54964277238333,-0.0035685510560858964,0.03465904057772119,True,0,0,25,65,77,A,-20,0.0,0.0,25.4,25.4,Persistence
PGY,Pagaya Technologies Ltd. - Class A Ordinary Shares,Technology,Software - Infrastructure,United States,ソフトウェア,21.979999542236328,1.833699968,58.71374407720566,0.2556278930864566,0.2998599921844066,0.1275141739153271,0.4060535572854605,3.0,0.5553245523360291,52.24585766085586,0.16596731123373867,0.4982880882620437,True,35,74,73,100,45,C,-5,40.75,70.0,69.15,70.0,Transition
PI,"Impinj, Inc. - Common Stock",Technology,Semiconductors,United States,半導体,170.05999755859375,5.1960832,72.38008586090088,-0.01369073471606476,0.19037585476963897,0.19293638479441427,0.5253119158069653,-0.5873576862893217,0.5579710410758897,44.90367090267794,0.12989769002077015,0.29701130592297853,True,8,0,33,85,53,B,0,24.05,18.05,50.00000000000001,50.00000000000001,Persistence
PLAB,"Photronics, Inc. - Common Stock",Technology,Semiconductor Equipment & Materials,United States,半導体,27.729999542236328,1.635063296,39.19053105304718,-0.020361129758946925,-0.02817024558445693,0.08189567872861407,0.3530344026921184,-0.5432433883125148,0.00330223758599173,27.367315231319097,-0.09776541872091707,0.49545123718769074,False,22,12,29,100,28,D,-5,29.299999999999997,21.8,41.550000000000004,41.550000000000004,Persistence
PLMR,"Palomar Holdings, Inc. - Common stock",Financial Services,Insurance - Property & Casualty,United States,その他,131.6300048828125,3.488704768,29.743774053344726,0.5815589775810985,0.4733298574719493,0.14931852784894492,,0.5912541959592121,,51.00330893757827,-0.0002531636189666111,0.09086421449713901,True,57,34,57,85,100,S,-20,45.5,28.25,52.599999999999994,52.599999999999994,Persistence
PLPC,Preformed Line Products Company - Common Stock,Industrials,Electrical Equipment & Parts,United States,電力/エネルギー,404.04998779296875,1.975279616,41.796950987243655,0.12737445975671788,-0.11343494420461146,0.051266755727048245,0.31156007876439107,-0.36900187397073575,0.07212742552641363,35.374005770697806,0.04472042007338451,0.15957735086189292,True,27,2,29,100,90,S,-5,39.25,20.5,53.95,53.95,Persistence
PLTR,Palantir Technologies Inc. - Class A Common Stock,Technology,Software - Infrastructure,United States,ソフトウェア,186.2899932861328,447.665733632,8772.026929657288,0.5618339093221548,0.2878613688375613,0.16745152216493142,0.8236651721415028,0.8406361201194149,0.0257671796927596,60.78813446306696,0.2959718694120989,0.10083019658340986,True,82,64,90,10,50,B,0,68.0,54.5,62.00000000000001,68.0,Acceleration
PLUG,"Plug Power, Inc. - Common Stock",Industrials,Electrical Equipment & Parts,United States,電力/エネルギー,2.190000057220459,3.059857664,143.4787735488224,0.12898090691365013,-0.29452958467027174,0.27072878649635035,-0.3409403044572691,0.3776643136502238,0.3843306477224725,53.7735953030606,-0.046582476177803686,0.4710144618725488,False,38,62,6,85,65,A,-10,37.75,55.75,27.549999999999997,55.75,Transition
PLUS,ePlus inc. - Common Stock,Technology,Software - Application,United States,ソフトウェア,87.27999877929688,2.277171712,19.584758926086426,0.22117192155858909,-0.08175419798195707,0.05345554858060916,0.25222871680363423,-1.4064350532549161,0.06646096064747978,32.82522694770876,0.004172834032100193,0.09784600592931537,True,27,17,10,100,90,S,-10,34.25,26.75,38.5,38.5,Persistence
PLXS,Plexus Corp. - Common Stock,Technology,Electronic Components,United States,半導体,240.8699951171875,6.419691008,60.87989126586914,0.018213115594293817,-0.05925413954570987,0.10467029161183071,0.10079777513621488,-0.5489071838743701,0.05329809920595707,31.201804092717595,-0.0880447645125443,0.20719508488410612,True,18,12,25,85,80,S,0,34.25,29.75,51.0,51.0,Persistence
POOL,Pool Corporation - Common Stock,Industrials,Industrial Distribution,United States,その他,188.07000732421875,6.834604544,107.42558818359375,-0.0040589702074185175,-0.04162014726806993,-0.10326216675914648,0.2972849830112928,-0.4838905470977639,0.42332533397901784,37.9765416184927,-0.05122818900884076,0.42208853094787124,False,30,0,17,85,45,C,0,39.75,17.25,39.6,39.75,Acceleration
POWI,"Power Integrations, Inc. - Common Stock",Technology,Semiconductors,United States,半導体,51.5099983215332,2.878033408,33.38775071205139,0.058550312311294525,-0.05750914432511956,-0.31729065113693256,0.5448631804899167,0.36351827216527116,,23.87611723277064,-0.23156106753691053,0.41030338613235456,False,43,12,28,100,16,D,0,48.85,25.6,43.60000000000001,48.85,Acceleration
POWL,"Powell Industries, Inc. - Common Stock",Industrials,Electrical Equipment & Parts,United States,電力/エネルギー,182.7100067138672,6.65659392,111.31150384025574,0.09083958607446392,0.4476539664925898,0.31305226237462025,0.293738760031078,0.6052184012942299,0.001500472504562735,30.858667605702536,-0.2046570237908603,0.4322193960362228,False,12,24,67,85,33,D,0,25.05,34.05,64.7,64.7,Persistence
PPC,Pilgrim's Pride Corporation - Common Stock,Consumer Defensive,Packaged Foods,United States,その他,31.690000534057617,7.545659392,51.09156956102371,0.03463765076874518,0.029723969006953434,-0.006077267510313064,0.1274840515391414,-0.5636754660251762,0.3241622540854041,77.6119387810295,0.10522095406854119,0.2900985446382823,False,30,0,21,85,8,D,-20,16.049999999999997,0.0,14.399999999999999,16.049999999999997,Acceleration
PPLI,People Incorporated - Common Stock,Communication Services,Internet Content & Information,United States,その他,39.13999938964844,2.914518016,42.007200044937136,-0.08730794650590114,-0.1018297234057785,-0.44235972097003406,0.6616376725783045,-0.8760662613695273,0.1999548713743013,38.79057399854501,-0.08465215031185301,0.178076432852635,False,48,25,37,100,70,A,0,58.0,40.75,59.35,59.35,Persistence
PRCH,"Porch Group, Inc. - Common Stock",Financial Services,Insurance - Property & Casualty,United States,その他,17.399999618530273,1.975245184,22.831322499456405,0.11264229816308488,0.05582854324447661,0.5723324684360822,,2.1704476470985004,0.49262687431889973,75.32131949255718,0.17270426782107204,0.08613451775937836,True,35,45,49,100,35,C,-25,19.75,27.25,33.95,33.95,Persistence
PRDO,Perdoceo Education Corporation - Common Stock,Consumer Defensive,Education & Training Services,United States,その他,33.56999969482422,2.100711808,21.985664200134277,0.2419520801804883,-0.04048005363350066,0.021282839092760727,0.7665276753465328,0.38029802062827694,0.09483801214538233,81.65671424492325,0.02204847834542879,0.11129811632251525,True,47,29,45,100,65,A,0,56.75,43.25,62.75,62.75,Persistence
PRGS,Progress Software Corporation - Common Stock,Technology,Software - Infrastructure,United States,ソフトウェア,44.7599983215332,1.835739264,17.3089151509285,0.29787539039220395,0.0849174657529315,0.15352824606777596,0.808166237315037,0.11244958504614908,0.5818205787786583,57.492334643135585,0.1346352356103504,0.04501814931589788,True,44,29,64,100,57,B,-5,48.7,37.45,66.60000000000001,66.60000000000001,Persistence
PSKY,Paramount Skydance Corporation - Class B Common Stock,Communication Services,Entertainment,United States,その他,10.880000114440918,12.206769152,121.8810252820015,-0.014805072170511264,-0.016647874245539564,0.054852025467011824,0.2963749015849108,2.326530612244898,0.3416547459738821,86.09863898303273,0.15107914438491768,0.44091046977017484,False,36,26,26,65,0,D,0,36.75,29.25,30.55,36.75,Acceleration
PSMT,"PriceSmart, Inc. - Common Stock",Consumer Defensive,Discount Stores,United States,その他,169.33999633789062,5.225921024,41.77448369659424,0.07248746310973488,0.11379736627014295,0.08503224102350831,0.17350202861656738,1.6424802786599733,0.14501288363916645,51.560698006893944,-0.08327187347898159,0.14097872019609886,True,12,24,42,85,90,S,0,30.75,39.75,62.35,62.35,Persistence
PTC,PTC Inc. - Common Stock,Technology,Software - Application,United States,ソフトウェア,157.14999389648438,17.051758592,185.90451402969362,0.19175956896581728,0.0960485977226136,0.08467491867729901,0.8375515565345831,0.16460170254184986,0.20701698550377715,57.92193286998237,0.1826121292308569,0.2653109005111231,True,62,40,65,65,53,B,0,61.55,45.05,62.6,62.6,Persistence
PTEN,"Patterson-UTI Energy, Inc. - Common Stock",Energy,Oil & Gas Drilling,United States,電力/エネルギー,12.430000305175781,4.740614144,94.06719695949555,-0.1025095060145101,0.29698976668268035,0.5661234812614633,0.04762293478837382,-0.25135271044956253,0.22986766277722545,69.354839536658,0.2034545055490759,0.023978126710161238,True,0,18,33,85,25,D,0,15.25,28.75,44.400000000000006,44.400000000000006,Persistence
PTON,"Peloton Interactive, Inc. - Common Stock",Consumer Cyclical,Leisure,United States,その他,5.449999809265137,2.391851264,47.66466283186912,-0.0179861891761683,-0.0776181306473115,-0.035674749134021355,0.5260425183973835,0.16682113067655235,0.8314120336592247,48.10125130602161,-0.07058445791868141,0.39444446563720703,False,34,61,28,100,63,B,-20,26.799999999999997,47.05,33.00000000000001,47.05,Transition
PTRN,Pattern Group Inc. - Series A Common Stock,Technology,Software - Application,United States,ソフトウェア,21.170000076293945,4.214980864,38.070963787202835,0.3925895284442764,0.31450428383136336,0.37947371874794933,0.4359490907782506,0.5817383810649939,0.032538762123551265,50.31525399268809,-0.1145223363846944,0.2799319608510849,True,45,20,89,85,73,A,0,53.8,35.05,84.80000000000001,84.80000000000001,Persistence
PWP,Perella Weinberg Partners - Class A Common Stock,Financial Services,Capital Markets,United States,その他,16.979999542236328,1.697861888,16.487494655513764,-0.1447953906375457,0.3536364645449332,0.02714934276262971,0.4332237319600534,-0.8527615661113902,0.2332715257692409,50.11901941489417,0.04695562231484341,0.294321012237283,False,14,57,29,100,73,A,-25,7.799999999999997,40.05,30.550000000000004,40.05,Transition
PYPL,"PayPal Holdings, Inc. - Common Stock",Financial Services,Credit Services,United States,その他,53.65999984741211,45.904031744,598.6309582977295,0.0432430732459037,0.06805280306338383,0.08187368268042736,0.4662064391655613,-0.17777449386729718,0.12456812143739164,32.99811470993795,-0.002998811301226483,0.2890486689658393,True,8,12,45,40,73,A,-20,0.0,2.3000000000000007,29.35,29.35,Persistence
QBTS,D-Wave Quantum Inc. - Common Stock,Technology,Computer Hardware,United States,その他,16.989999771118164,6.32775424,280.76093551771163,1.7854310637815793,0.007878511075588034,0.22096751707793114,0.8258835970228169,-0.6938807229450686,0.0474518269559397,34.70362790141304,-0.151543610796118,0.6205895436742811,False,68,40,45,85,33,D,-10,57.05,36.05,42.6,57.05,Acceleration
QCOM,QUALCOMM Incorporated - Common Stock,Technology,Semiconductors,United States,半導体,164.19000244140625,175.364849664,1592.426292878418,0.1365946306657769,0.08771635957565606,-0.18959276018099547,0.5542859723602204,0.14864259474957442,0.29537522685120554,54.76866484012474,-0.05373191975666636,0.34349283204527553,False,45,14,34,25,63,B,0,43.8,20.55,37.550000000000004,43.8,Acceleration
QCRH,"QCR Holdings, Inc. - Common Stock",Financial Services,Banks - Regional,United States,その他,100.62999725341797,1.647878016,12.685417453765869,0.06509490048537228,-0.014929417420567283,0.1284065242192406,,-0.11483400700417701,0.06640833295911323,35.56792866722739,0.005893590664023184,0.05591518237395787,True,18,12,25,100,77,A,-25,11.200000000000003,6.699999999999999,29.15,29.15,Persistence
QLYS,"Qualys, Inc. - Common Stock",Technology,Software - Infrastructure,United States,ソフトウェア,187.0500030517578,6.470994944,133.97830568588256,0.10131161625554873,0.09579264795530049,0.13218697100197457,0.828480478236503,0.31347083189506386,0.04773528168235957,51.118668434978495,0.19019442462406705,0.045078627787136005,True,46,26,65,85,57,B,0,52.95,37.95,68.4,68.4,Persistence
QNST,"QuinStreet, Inc. - Common Stock",Communication Services,Advertising Agencies,United States,その他,19.18000030517578,1.094917376,21.28510123867035,0.18286457757122312,0.7826993353044919,0.056645953319187634,0.11270591909172985,0.5907829965460034,0.10766502796332188,24.911658753079223,0.11915044176811884,0.1289736645571495,True,17,26,50,100,43,C,-5,27.049999999999997,33.8,56.1,56.1,Persistence
QRVO,"Qorvo, Inc. - Common Stock",Technology,Semiconductors,United States,半導体,94.7300033569336,8.357235712,94.322190692482,-0.010877740106066973,-0.013406265966946333,0.05606181881039357,0.4589083046238471,0.4023074605552598,0.2659222499351997,40.30810053422026,0.028129519370154156,0.12473435813799356,True,37,31,34,85,100,S,0,50.5,46.0,59.95,59.95,Persistence
QS,QuantumScape Corporation - Common Stock,Consumer Cyclical,Auto Parts,United States,その他,5.610000133514404,3.450963968,94.60538730154752,,,,,0.17236239689788066,0.05427487241582808,37.60685014692277,-0.09683649364352846,0.6957700666465243,False,2,30,10,85,45,C,-10,8.75,29.75,25.75,29.75,Transition
QUBT,Quantum Computing Inc. - Common Stock,Technology,Computer Hardware,United States,その他,8.149999618530273,1.844726912,67.08827035985946,0.8284182305630027,0.04189944134078212,1.6323529411764706,0.09824046920821114,-0.6622769562676974,0.0011167939119907098,39.4021599696068,-0.06355211296318346,0.668968345218625,False,40,28,30,100,45,C,-15,34.5,25.5,35.5,35.5,Persistence
RBCAA,"Republic Bancorp, Inc. - Class A Common Stock",Financial Services,Banks - Regional,United States,その他,94.9000015258789,1.863281024,8.953815143966676,0.0848719782351125,0.06968978462754397,0.14751496462905858,,0.12513443676234373,0.07645063000732313,39.60159372237764,0.01564892279542171,0.05703495527206782,True,20,24,50,100,77,A,-25,12.700000000000003,15.700000000000003,42.900000000000006,42.900000000000006,Persistence
RCAT,"Red Cat Holdings, Inc. - Common Stock",Industrials,Aerospace & Defense,United States,防衛/宇宙,8.489999771118164,1.296544896,79.49581570687295,1.283527696793003,2.8599092717894647,-0.28124738002069694,0.03127992339610597,-4.080142144902938,0.06736042853436716,37.094015979341954,-0.06943608937746083,0.5109447308397168,False,25,10,18,100,45,C,-15,23.25,12.0,28.9,28.9,Persistence
RDVT,"Red Violet, Inc. - Common Stock ",Technology,Software - Application,United States,ソフトウェア,73.30000305175781,1.176243328,21.819944908447265,0.2003351554083709,0.2489037273270879,0.12914963051877415,0.8373997252138456,0.2640172305982075,0.02492590079634325,64.00074283312645,0.10785828468443164,0.005966840585276178,True,32,36,82,100,25,D,-5,36.5,39.5,70.1,70.1,Persistence
REAL,"The RealReal, Inc. - Common Stock",Consumer Cyclical,Luxury Goods,United States,その他,10.930000305175781,1.329865344,39.28411524684906,0.15381092585314513,0.09317245095611902,-0.08979225939654643,0.7459417329994443,3.0,1.1325516523116717,36.75675884662077,-0.05829439382324709,0.3532544052136304,False,65,39,32,100,53,B,-25,44.05,24.549999999999997,28.200000000000003,44.05,Acceleration
RELY,"Remitly Global, Inc. - Common stock",Technology,Software - Infrastructure,United States,ソフトウェア,26.549999237060547,5.6202112,92.07937985401153,0.29366682410798417,0.33853974170933565,0.4448329151110839,0.6020504578487439,2.0168274863143543,0.13170651115058274,70.22538389066526,0.1091754174576475,0.004499469024751263,True,39,66,97,85,10,D,0,43.0,63.25,76.6,76.6,Persistence
REYN,Reynolds Consumer Products Inc. - Common Stock,Consumer Cyclical,Packaging & Containers,United States,その他,24.049999237060547,5.069522944,29.264039071655272,0.0070365358592692825,-0.016240681576144837,-0.015981137018600995,0.24563289438323033,-0.14363143631436315,0.3411669367909238,18.603886776729027,-0.06185325327410317,0.10733684051796459,True,18,0,21,85,63,B,0,32.55,19.05,45.4,45.4,Persistence
RGTI,"Rigetti Computing, Inc.  - Common stock",Technology,Computer Hardware,United States,その他,15.59000015258789,5.203454464,291.7609286556244,-0.3430954587581094,-0.1014323784143904,-0.08349870248816975,0.291196388261851,-0.25101660591332525,0.010751994527239286,39.931575962260226,-0.08023055995076038,0.723287182989619,False,0,0,10,85,45,C,-10,7.25,7.25,25.75,25.75,Persistence
RIOT,"Riot Platforms, Inc. - Common Stock",Financial Services,Capital Markets,United States,その他,18.989999771118164,7.12616704,422.8258278037834,0.7188935320635697,0.34195768816936134,0.08298382149237377,0.3792813178156881,,0.22017000244108936,48.28020171815015,-0.13347023330006216,0.3380969181727507,True,66,40,34,85,61,B,-20,48.349999999999994,28.85,32.150000000000006,48.349999999999994,Acceleration
RIVN,"Rivian Automotive, Inc. - Class A Common Stock",Consumer Cyclical,Auto Manufacturers,United States,その他,16.06999969482422,23.267119104,343.16656743312836,0.08390342052313883,0.12088407758231845,1.6743063932448734,0.026731019120103953,0.1288064403220161,0.44745694294940797,47.29729816807425,-0.023100317972294913,0.28418712032506316,False,12,60,22,65,73,A,-10,16.05,52.05,32.95,52.05,Transition
RKLB,Rocket Lab Corporation - Common Stock,Industrials,Aerospace & Defense,United States,防衛/宇宙,64.38999938964844,41.171673088,1155.1897498999786,0.37959579472460764,0.7834352717995683,0.1592257673131244,0.3442694321525958,-1.7745962770406007,0.10925248593447646,18.229794415208232,-0.17382837069255402,0.571390526387102,False,24,15,52,40,16,D,-10,15.600000000000001,8.850000000000001,31.800000000000004,31.800000000000004,Persistence
RMBS,"Rambus, Inc. - Common Stock",Technology,Semiconductors,United States,半導体,85.76000213623047,9.301666816,165.54767772369385,0.27128905688579724,0.20712096929846438,0.013905227213259659,0.795917357941297,0.6667016838250743,0.016332307973939964,35.14227621806772,-0.1734390001785975,0.49748036859282424,False,66,36,72,85,33,D,0,65.55,43.05,67.45,67.45,Persistence
ROAD,"Construction Partners, Inc. - Common Stock",Industrials,Engineering & Construction,United States,その他,110.0999984741211,6.248786432,81.05671987663268,0.5419556782238393,0.16650656071959416,0.20118247733303424,0.1561299494089653,0.2659782581779462,0.5215366166325394,39.21594247310368,-0.002604479514893886,0.21625852916695676,False,44,34,67,85,80,S,0,53.75,46.25,74.1,74.1,Persistence
ROCK,"Gibraltar Industries, Inc. - Common Stock",Industrials,Building Products & Equipment,United States,その他,45.27000045776367,1.342795136,12.815710779590606,0.10958226780631235,-0.022577884580486304,-0.2467456038493028,0.26877211028435904,-0.23213605061875842,0.04138840114437182,30.296386340291775,0.0019388237121753553,0.3930008132701131,False,35,2,25,100,63,B,-5,42.55,17.8,46.35,46.35,Persistence
ROKU,"Roku, Inc. - Class A Common Stock",Communication Services,Entertainment,United States,その他,157.6750030517578,23.401961472,383.22357629219056,0.15180366738975778,0.18030062971016345,0.11453097903301228,0.43789615538632004,1.246356533824137,0.1180390225923952,66.4505682370584,0.07756119463649626,0.013050773202104177,True,27,56,64,65,40,C,0,34.0,55.75,59.45,59.45,Persistence
ROP,"Roper Technologies, Inc. - Common Stock",Technology,Software - Application,United States,ソフトウェア,426.20001220703125,42.151550976,297.860533531189,0.12264177747471304,0.13943475023471139,0.1500428161882423,0.6924391015501423,0.06721584436070459,0.2703907221563467,67.6085119666412,0.13629549840198163,0.18434440391069265,True,19,14,68,40,50,B,0,25.25,21.5,57.400000000000006,57.400000000000006,Persistence
ROST,"Ross Stores, Inc. - Common Stock",Consumer Cyclical,Apparel Retail,United States,その他,228.5500030517578,73.314516992,633.581747460022,0.07673449738014453,0.036918102673016526,0.08991909371871128,0.2770614559404892,0.348664902338834,0.3352258128747049,25.818917417765675,-0.024724328675955677,0.1045331392171571,True,23,24,38,40,73,A,0,30.55,31.3,45.5,45.5,Persistence
RRR,"Red Rock Resorts, Inc. - Class A Common Stock",Consumer Cyclical,Resorts & Casinos,United States,その他,56.970001220703125,5.810241024,44.63086865631104,0.03737575495961601,0.12466025476687358,0.036242641782056106,0.624004776575293,0.1581462667538018,0.8261299958028093,30.627806710171313,-0.09939531366461865,0.1529884119641516,False,14,24,44,85,70,A,-20,10.25,17.75,39.45,39.45,Persistence
RUM,RUM Group Inc. - Class A Common Stock,Communication Services,Internet Content & Information,United States,その他,8.979999542236328,4.452375552,39.45035028898239,0.05376717267339553,0.17939871411854716,1.0557299200869057,-0.06719694994112638,0.1783122814092984,0.005683806440695334,73.71575243199231,0.3147491323357237,0.12218964378631281,True,12,60,30,85,35,C,-10,15.25,51.25,34.75,51.25,Transition
RUN,Sunrun Inc. - Common Stock,Technology,Solar,United States,その他,8.779999732971191,2.094462592,77.2315116511345,0.45113089685084157,-0.0982798134181899,-0.026539336665199174,0.3034490735026109,0.15730347772842287,0.6535357581905404,35.388728636275545,-0.20843853750181274,0.5899112659717064,False,48,85,12,100,33,D,-20,34.3,62.05,18.200000000000003,62.05,Transition
RUSHA,"Rush Enterprises, Inc. - Class A Common Stock",Consumer Cyclical,Auto & Truck Dealerships,United States,その他,76.2699966430664,8.267037696,31.086887931747437,-0.04747765013749326,-0.015176988738456817,0.11593808216940522,0.19647910769087978,1.4772148437290553,0.3255883712489866,36.20561923824224,-0.0044043227606599894,0.07841959069165955,True,12,12,26,85,77,A,0,29.45,29.45,50.949999999999996,50.949999999999996,Persistence
RUSHB,"Rush Enterprises, Inc. - Class B Common Stock",Consumer Cyclical,Auto & Truck Dealerships,United States,その他,76.9000015258789,8.976569344,5.139996101989746,-0.04747765013749326,-0.015176988738456817,0.11593808216940522,0.19647910769087978,1.4772148437290553,0.3255883712489866,38.900399831583215,0.00215550036874522,0.05108587540569992,True,12,12,26,85,77,A,0,29.45,29.45,50.949999999999996,50.949999999999996,Persistence
SAFT,"Safety Insurance Group, Inc. - Common Stock",Financial Services,Insurance - Property & Casualty,United States,その他,103.63999938964844,1.521485184,16.4487043031311,0.13006324922031076,0.19848997673730434,0.17945739248287712,,0.544296262930133,0.02503370957481421,57.99988810278268,0.15742498134085636,0.0014452406258382209,True,14,26,67,100,45,C,-25,5.0,14.0,45.849999999999994,45.849999999999994,Persistence
SAIA,"Saia, Inc. - Common Stock",Industrials,Trucking,United States,その他,352.25,9.371649024,162.3978175,0.007856471991608794,0.11370765865456528,0.03201080780227624,0.1597313904830927,1.059440475802155,0.08757448643731654,47.969079538383475,-0.11170546531281397,0.2769019390570611,False,12,25,42,85,63,B,0,28.05,37.8,56.95,56.95,Persistence
SAIC,Science Applications International Corporation - Common Stock,Technology,Information Technology Services,United States,その他,125.95999908447266,5.325188096,51.22100382770538,-0.02901457414092793,0.004701773240193444,-0.03374870197300104,0.12007711374277058,0.259825327510917,0.5014942099364961,51.34843408318581,0.06972593552784814,0.023263085245109078,True,5,12,22,85,60,B,0,22.5,27.75,45.35,45.35,Persistence
SAIL,"SailPoint, Inc. - Common Stock",Technology,Software - Infrastructure,United States,ソフトウェア,19.829999923706055,11.247238144,62.8461281082058,0.24350315861798422,0.23162590841257225,0.554483540169098,0.6447458316844251,1.4313506484846463,0.002379842688989269,52.40274649481033,0.21518520858897683,0.1608124998738793,True,51,48,97,65,70,A,0,55.0,52.75,83.6,83.6,Persistence
SANM,Sanmina Corporation - Common Stock,Technology,Electronic Components,United States,半導体,194.00999450683594,10.39842304,122.05071749427795,0.07399969980159422,-0.1529616852645895,0.12821647295792651,0.08813033147310252,1.066911511033281,0.051291417989875,46.84507797322988,-0.07485825505617635,0.31377336704457787,True,30,24,30,65,73,A,0,39.55,35.05,47.35,47.35,Persistence
SBCF,Seacoast Banking Corporation of Florida - Common Stock,Financial Services,Banks - Regional,United States,その他,34.369998931884766,3.327799552,28.24801472213745,0.2662539120176795,-0.09163506006429417,0.31263866300523074,,0.017166283803761912,0.045472888804999785,44.3608950671874,0.015163925856678367,0.048713038588412125,True,29,29,45,85,87,S,-20,23.200000000000003,23.200000000000003,43.400000000000006,43.400000000000006,Persistence
SBET,"Sharplink, Inc. - Common Stock",Financial Services,Capital Markets,United States,その他,8.199999809265137,1.779263104,70.58137535825253,3.0,-0.2606090586495313,0.41914005595498843,0.9322045981108537,0.23067145862552596,,74.63412949190476,0.32978720442746395,0.5738045786479455,True,73,44,23,100,10,D,-35,35.75,14.0,4.649999999999999,35.75,Acceleration
SBGI,"Sinclair, Inc. - Class A Common Stock",Communication Services,Broadcasting,United States,その他,14.350000381469727,1.035576128,7.422394197311402,-0.1068207440811725,0.13209955328653478,-0.20213849287169042,0.4632376143893973,3.0,0.7596234661287611,57.8249387194451,0.014306340237790389,0.13426572396574638,True,20,12,28,100,100,S,-15,25.0,19.0,45.400000000000006,45.400000000000006,Persistence
SBUX,Starbucks Corporation - Common Stock,Consumer Cyclical,Restaurants,United States,その他,107.8499984741211,122.949001216,659.5065154191971,0.027869151541621288,0.0055760015121360034,0.11551210376337584,0.22771108314239305,-0.2640366474789789,0.8310977304596857,60.51551866841244,0.03148579973238884,0.005899155703294254,True,18,0,27,25,55,B,-40,0.0,0.0,0.0,0.0,Acceleration
SCSC,"ScanSource, Inc. - Common Stock",Technology,Electronics & Computer Distribution,United States,その他,56.54999923706055,1.149352064,18.53680699991226,0.06092192540803273,-0.06718154345852778,-0.1393745737872457,0.135569310199246,0.09400074954594813,0.05738736067405323,56.66665871938258,0.051060530129650075,0.039735102340639705,True,32,24,30,100,72,A,-5,41.2,35.2,50.9,50.9,Persistence
SEIC,SEI Investments Company - Common Stock,Financial Services,Asset Management,United States,その他,111.62999725341797,13.397741568,65.90467592845917,0.08104365289807641,0.10696882424303036,-0.035782358640246266,0.5349526264907736,-0.019058745760255364,0.008761768968085589,87.03102371978808,0.11571979517627214,0.0,True,8,12,33,65,10,D,-20,0.0,0.0,16.400000000000006,16.400000000000006,Persistence
SENEA,Seneca Foods Corp. - Class A Common Stock,Consumer Defensive,Packaged Foods,United States,その他,199.83999633789062,1.353008128,18.046550869293213,0.05116768964466741,0.08246520814779622,-0.03362303823097594,0.1393128172684411,-0.3958658843252305,0.22630429939138838,76.59180250082946,0.13353395305802263,0.0,True,3,19,25,100,10,D,-25,0.0,5.25,15.75,15.75,Persistence
SEZL,Sezzle Inc. - Common Stock,Financial Services,Credit Services,United States,その他,124.12000274658203,4.179742976,102.40210526599884,0.6607617066477826,0.7013898850812565,0.26906277250392074,0.7006145078939946,0.6040066881347536,0.3518360738477222,56.50233964290352,-0.19393802573551455,0.34171306954309333,True,49,48,83,85,61,B,-20,35.6,34.85,59.10000000000001,59.10000000000001,Persistence
SFD,"Smithfield Foods, Inc. - Common Stock",Consumer Defensive,Packaged Foods,United States,その他,21.940000534057617,8.6392576,35.5750526659584,0.09821807382265592,-0.03401639344262295,-0.0962405086733749,0.13450518318202306,-0.08767471410419314,0.1967643918863431,14.98573933227972,-0.09655831656615743,0.23874101806869152,False,30,12,25,85,53,B,-20,20.549999999999997,7.050000000000001,25.6,25.6,Persistence
SFM,"Sprouts Farmers Market, Inc. - Common Stock",Consumer Defensive,Grocery Stores,United States,その他,81.45999908447266,7.595951616,120.86138604164124,0.14079908903539057,0.12898295605453783,0.06763677654572615,0.38795449866394643,0.12750006629077787,0.4673017607400865,42.63978629582821,-0.0020825751682851438,0.420378518742178,True,41,26,46,85,75,A,-20,31.0,19.75,41.55,41.55,Persistence
SFNC,Simmons First National Corporation - Common Stock,Financial Services,Banks - Regional,United States,その他,22.690000534057617,3.279017984,25.06484943995476,-0.8768810226155359,-0.024048519279120203,-0.10694758204125288,,0.0813506302327721,0.025262626107453293,30.909060958946867,-0.018156934538359922,0.05928690942869928,True,2,12,30,85,77,A,-20,1.9499999999999993,9.45,33.15,33.15,Persistence
SHLS,"Shoals Technologies Group, Inc. - Class A Common Stock",Technology,Solar,United States,その他,7.139999866485596,1.201661696,40.44356534372568,0.19068505641169517,-0.1835218708264221,0.49550070349299563,0.35029905476394346,-1.2219042989096465,0.19401704013157822,32.932675251803985,-0.21894657503008375,0.4408770860971466,False,27,14,22,100,33,D,-5,33.55,23.8,38.7,38.7,Persistence
SHOO,"Steven Madden, Ltd. - Common Stock",Consumer Cyclical,Footwear & Accessories,United States,その他,44.2400016784668,3.237354752,39.080732682724,0.11002629519034117,0.15207293970171307,-0.0661764394024719,0.41413727665226713,-0.30574091819844934,0.25395384262570153,16.180803087343122,-0.002619662478593527,0.09843077331151641,True,9,2,25,85,73,A,0,26.8,21.55,49.6,49.6,Persistence
SIGI,"Selective Insurance Group, Inc. - Common Stock",Financial Services,Insurance - Property & Casualty,United States,その他,92.45999908447266,5.50776064,32.3831900793457,0.09783938814924857,0.14865884377714997,0.1894517362537793,,0.11711119300930334,0.059507142852429876,39.76557828193456,-0.023432842294640835,0.07255892838229415,True,2,24,50,85,77,A,-20,1.9499999999999993,18.450000000000003,44.150000000000006,44.150000000000006,Persistence
SIRI,SiriusXM Holdings Inc. - Common Stock,Communication Services,Entertainment,United States,その他,28.540000915527344,9.619889152,106.54881351795197,-0.016208759627543395,-0.028370378644029935,-0.005553704320781961,0.4704370179948586,0.22902270483711748,0.3563534897382237,46.89119363004638,-0.029678065438185828,0.11629391959889215,True,31,47,34,85,100,S,0,46.0,58.0,59.95,59.95,Persistence
SITM,SiTime Corporation - Common Stock,Technology,Semiconductors,United States,半導体,557.8599853515625,16.710985728,253.19591155151366,0.6115680054465532,0.40768648475967584,-0.4922762292625306,0.5356823608645075,3.0,0.002788292877340602,31.98604179106266,-0.10514321175651808,0.3811731847206552,True,78,83,46,65,63,B,0,74.55,78.3,54.15,78.3,Transition
SKWD,"Skyward Specialty Insurance Group, Inc. - Common Stock",Financial Services,Insurance - Property & Casualty,United States,その他,58.290000915527344,2.363255296,28.130754441833496,0.23660684722866035,0.2817424109590877,0.4069704040665928,,0.3314522534738493,0.025038335908538076,36.528678124619084,-0.013381700758612633,0.11183904685457476,True,14,29,85,100,90,S,-20,14.5,25.75,69.75,69.75,Persistence
SKYW,"SkyWest, Inc. - Common Stock",Industrials,Airlines,United States,その他,98.87000274658203,3.838956544,29.06827515750885,0.15031009773464252,0.20184013801035078,-0.02312636754661098,0.2337520409284703,-0.21192933126108662,0.33495039227624196,24.11764890677459,-0.03344566498606854,0.19283203142396246,True,5,14,29,85,73,A,0,23.8,30.55,51.800000000000004,51.800000000000004,Persistence
SLAB,"Silicon Laboratories, Inc. - Common Stock",Technology,Semiconductors,United States,半導体,218.5399932861328,7.291971584,53.09866216873169,0.3428863798927421,-0.25294979405771495,-0.236155241742554,0.5823190156531135,3.0,,51.148233450243225,0.0014792306909580234,0.008169207051258702,True,62,73,28,85,75,A,0,66.75,75.0,51.650000000000006,75.0,Transition
SLDE,"Slide Insurance Holdings, Inc. - Common Stock",Financial Services,Insurance - Property & Casualty,United States,その他,23.479999542236328,2.7427392,17.68067445529938,0.36499987010134455,0.8073847992657888,0.9326244060190074,,0.46115837130699266,0.014848901734302108,80.15616700689068,0.13272509861075446,0.006768183229402732,True,19,32,75,100,10,D,-20,10.25,20.0,48.25,48.25,Persistence
SLM,SLM Corporation - Common Stock,Financial Services,Credit Services,United States,その他,26.40999984741211,4.965080064,49.520994563884734,0.07319596549579514,0.021953442408760376,-0.007727242065592165,,,0.19702988220885997,41.26679455545224,0.02298519916944551,0.1544594537407552,True,30,12,10,85,100,S,-30,15.25,1.75,16.75,16.75,Persistence
SMCI,"Super Micro Computer, Inc. - Common Stock",Technology,Computer Hardware,United States,その他,37.08000183105469,23.98605312,2041.012153787613,0.4658532304249225,1.1042028322665798,0.370928844889214,0.11059154174200105,1.587035499651183,0.34089711479082285,63.167764062269285,0.18811887432775307,0.36809813159145294,True,26,33,64,65,33,D,0,32.55,37.8,58.050000000000004,58.050000000000004,Persistence
SMTC,Semtech Corporation - Common Stock,Technology,Semiconductors,United States,半導体,131.1699981689453,12.241521664,417.21044562599184,0.15472342615697793,0.04665165673294519,0.1483411827375673,0.516339912855068,2.7767043508050704,0.3526086318376388,49.95100621893597,-0.0322214215151503,0.24929891045449326,True,46,39,54,65,100,S,0,54.25,49.0,65.95,65.95,Persistence
SNDK,Sandisk Corporation - Common Stock When-Issued,Technology,Computer Hardware,United States,その他,1484.97998046875,217.429295104,20445.954285983888,1.7529571719918422,0.10385712141677923,0.09480775550443642,0.7147372580007902,3.0,0.007864220020438085,62.98183787697499,-0.07457251854821652,0.36403426960653107,True,89,100,62,25,53,B,0,75.8,84.05,50.95,84.05,Transition
SNEX,StoneX Group Inc. - Common Stock,Financial Services,Capital Markets,United States,その他,68.63999938964844,8.279132672,68.12005139427185,0.3252689517638791,0.6413769531731413,-0.07844054758010782,0.019510765367711604,3.0,0.40908809755235487,61.048459930673225,-0.08658705247592453,0.2593338585162493,True,26,32,30,85,53,B,-20,17.549999999999997,22.049999999999997,28.35,28.35,Persistence
SNPS,"Synopsys, Inc. - Common Stock",Technology,Software - Infrastructure,United States,ソフトウェア,442.6099853515625,84.820287488,727.0311619384765,0.15124466416295496,0.15220381142283568,0.15215414126611831,0.7698457566565516,0.06439694870886584,0.29639352526926116,61.702605736518464,0.06138734492725958,0.27331389483711416,False,22,14,86,40,38,C,0,26.3,20.3,64.9,64.9,Persistence
SOFI,"SoFi Technologies, Inc.  - Common Stock",Financial Services,Credit Services,United States,その他,18.059999465942383,23.325759488,863.5390550640296,0.383185662520451,0.2391250418007651,0.33979542876389784,,-2.111656786845189,0.03818805262753344,49.5575119167113,0.012933664613105774,0.4393045644435149,False,32,8,65,65,65,A,-30,10.25,0.0,35.0,35.0,Persistence
SONO,"Sonos, Inc. - Common Stock",Technology,Consumer Electronics,United States,その他,15.300000190734863,1.809897856,20.8930682604599,-0.04926036984142877,-0.08288692678771549,-0.055400904849298306,0.43687416682602637,-0.19654089217950527,0.07242146638195117,48.68421665896438,0.0208711591683419,0.20146136155625316,False,22,0,29,100,90,S,-5,35.5,19.0,53.95,53.95,Persistence
SOUN,"SoundHound AI, Inc. - Class A Common Stock",Technology,Software - Application,United States,ソフトウェア,7.110000133514404,3.157621248,217.57190538565158,0.9944977743142881,0.8462494277679681,0.47364194159786693,0.4235792090930618,0.05838309684252817,0.006122007111583861,41.545896724451495,0.05805148383267424,0.6677569971843433,False,68,70,59,85,50,B,-10,58.75,60.25,53.7,60.25,Transition
SPSC,"SPS Commerce, Inc. - Common Stock",Technology,Software - Application,United States,ソフトウェア,84.91999816894531,3.057134848,45.57316621734619,0.1783415521391108,0.187843400197426,0.19081785417244249,0.6917798284775217,0.10858232861552798,0.006147749429632118,74.31851699958477,0.249323232001563,0.24876152263653623,True,19,26,87,85,35,C,0,30.5,35.75,76.1,76.1,Persistence
SRCE,1st Source Corporation - Common Stock,Financial Services,Banks - Regional,United States,その他,86.41000366210938,2.08091072,10.249090534362793,0.12051435715687997,0.04834944620467409,0.04098598656446716,,0.17383710038239863,0.022137606057025357,41.98606503338863,0.020356091098472022,0.048557542914924354,True,37,26,42,100,87,S,-20,31.450000000000003,23.200000000000003,45.5,45.5,Persistence
SSNC,"SS&C Technologies Holdings, Inc. - Common Stock",Technology,Software - Application,United States,ソフトウェア,83.41999816894531,19.574919168,132.04843480155944,0.06633798027881672,0.06891037290106855,0.04160514858981639,0.4817448423200791,0.2729278841910142,0.3691922922792431,68.91192201415984,0.13507716115045054,0.06403303388853203,True,13,24,46,65,37,C,0,23.2,31.45,48.949999999999996,48.949999999999996,Persistence
STBA,"S&T Bancorp, Inc. - Common Stock",Financial Services,Banks - Regional,United States,その他,49.790000915527344,1.755868928,11.112132404327392,0.0474876852423487,-0.056853303196324596,0.08819330449521712,,-0.24398730277942393,0.026876054859801154,39.465528142653405,-0.0027931692923926898,0.060085023449356144,True,18,12,25,100,77,A,-25,11.200000000000003,6.699999999999999,29.15,29.15,Persistence
STEP,StepStone Group Inc. - Class A Common Stock,Financial Services,Asset Management,United States,その他,50.31999969482422,6.495503872,68.4890419846344,0.6969289173752798,0.6508977264902738,3.0,0.4544249782930704,0.06740990840409172,0.19302299583805407,61.57689526465015,0.11110373992705236,0.32363630359882,False,46,22,76,85,23,D,-20,29.549999999999997,11.55,47.650000000000006,47.650000000000006,Persistence
STGW,Stagwell Inc. - Class A Common Stock,Communication Services,Advertising Agencies,United States,その他,8.739999771118164,2.136715392,13.109344156694412,0.023857390638374554,0.12426474283360445,-0.05975722823789936,0.3654321072533517,1.0235445060943356,0.38101271619464677,42.677820260819814,0.08517503781471417,0.06524070432772287,True,16,24,30,100,72,A,0,34.2,40.2,55.9,55.9,Persistence
STLD,"Steel Dynamics, Inc. - Common Stock",Basic Materials,Steel,United States,その他,234.6699981689453,33.634086912,288.45753509925845,0.03627006012979187,-0.06676801815941802,-0.1556755394039758,0.13160797401887628,3.0,0.2564689051863058,26.60321989724359,-0.03260105618102032,0.16819137274279644,True,42,25,26,40,73,A,0,44.8,32.05,38.900000000000006,44.8,Acceleration
STRA,"Strategic Education, Inc. - Common Stock",Consumer Defensive,Education & Training Services,United States,その他,84.63999938964844,1.879647872,21.27807264656067,0.039584238439910484,0.07679773753579235,0.06329917032698877,0.4897486240557632,0.19568780048310305,0.05352899624240878,61.8060834139945,0.046724155368732555,0.03401053713217146,True,13,24,50,100,67,A,-5,26.45,34.7,60.900000000000006,60.900000000000006,Persistence
STRL,"Sterling Infrastructure, Inc. - Common Stock",Industrials,Engineering & Construction,United States,その他,470.5199890136719,14.39250944,317.45513138763425,0.1769074505755862,0.0727740034245516,0.11460883580982867,0.22984045695486313,-0.1284969362008891,0.13285362652349372,38.34183934214255,-0.2668253109445272,0.5265159965005544,False,26,21,45,65,25,D,0,31.75,28.0,46.0,46.0,Persistence
SWKS,"Skyworks Solutions, Inc. - Common Stock",Technology,Semiconductors,United States,半導体,65.79000091552734,9.899604992,303.63565697536467,-0.02180469123982767,-0.12454949291760958,-0.1299972655181843,0.41158335168465093,-0.34460282651072127,0.15196412782619678,36.70214420890447,0.010403522995806842,0.21134017789970502,True,34,0,29,85,90,S,0,47.25,21.75,55.2,55.2,Persistence
SYBT,"Stock Yards Bancorp, Inc. - Common Stock",Financial Services,Banks - Regional,United States,その他,79.83999633789062,2.480360704,10.55484751586914,0.1288495195706851,0.036046124148531526,0.06666730711344233,,0.15775071417831904,0.03427031779368641,28.365897175318167,-0.008260400109085402,0.0930364938654571,True,25,26,42,100,73,A,-20,21.049999999999997,21.799999999999997,42.7,42.7,Persistence
SYM,Symbotic Inc. - Class A Common Stock,Industrials,Specialty Industrial Machinery,United States,その他,39.875,24.138921984,71.315041875,0.25654199048305565,0.5194091891262658,0.9835954775902055,0.18808396553151377,3.0,,49.059622188056025,-0.049334472869285675,0.5432417112705118,False,24,30,58,65,65,A,0,34.25,38.75,61.150000000000006,61.150000000000006,Persistence
SYNA,Synaptics Incorporated - Common Stock,Technology,Semiconductors,United States,半導体,95.08000183105469,3.718292224,67.00002489028931,0.11440007446709485,0.11976235146966854,-0.29200796989152095,0.4472101570330772,-0.04519774011299435,0.3983349191246432,36.10390067915921,-0.16281148709482,0.3556956216573255,False,9,2,25,85,41,C,0,23.6,18.35,43.2,43.2,Persistence
TBBK,"The Bancorp, Inc. - Common Stock",Financial Services,Banks - Regional,United States,その他,65.69999694824219,2.679693056,20.824271032714844,0.31619900702190723,0.1723329811069263,0.2866434994527874,,0.2584849588175672,0.023883217454296612,26.074076250908462,-0.009659265069452081,0.18222554215805706,True,37,32,85,100,73,A,-20,30.049999999999997,26.299999999999997,66.35,66.35,Persistence
TBLA,Taboola.com Ltd. - Ordinary Shares,Communication Services,Internet Content & Information,United States,その他,3.7799999713897705,1.021187392,12.323442506725788,0.08256049642739863,0.2268100313610269,0.027502408735681404,0.297854647392314,0.09565881911299405,0.12056485151620752,34.23422630049292,-0.18915441137568048,0.322580641026386,False,2,47,50,100,41,C,-5,15.600000000000001,49.35,55.7,55.7,Persistence
TCBI,"Texas Capital Bancshares, Inc. - Common Stock",Financial Services,Banks - Regional,United States,その他,98.63999938964844,4.288311552,38.53667496154785,0.3469023302507867,-0.13313845484416229,0.10113118767026939,,-0.16294398273798485,0.02918728607113559,45.49295623300846,-0.024050470861866808,0.08446258264853013,True,32,20,33,85,100,S,-20,26.75,17.75,39.400000000000006,39.400000000000006,Persistence
TCBK,TriCo Bancshares - Common Stock,Financial Services,Banks - Regional,United States,その他,53.810001373291016,1.720124416,12.167248460521698,0.058076514483116966,-0.054403716585994695,0.021392778974408663,,0.2166524013314313,0.008168243270278352,23.946020393525174,-0.04377554470849938,0.1267445260300472,True,23,24,30,100,73,A,-25,14.549999999999997,15.299999999999997,31.1,31.1,Persistence
TENB,"Tenable Holdings, Inc. - Common Stock",Technology,Software - Infrastructure,United States,ソフトウェア,37.66999816894531,4.148973056,144.37836703208924,0.11042409010456422,0.12684328479673473,0.16908741479322767,0.7809326549296831,0.20986758746094847,0.23727746761825907,52.45320626675684,0.06613001203729403,0.11676443560996963,True,25,32,75,85,85,S,0,40.0,45.25,79.5,79.5,Persistence
TER,"Teradyne, Inc. - Common Stock",Technology,Semiconductor Equipment & Materials,United States,半導体,354.9700012207031,55.496278016,935.8056393681336,0.13126232321942777,0.05364948148524566,-0.1517401495065839,0.582235431457569,-0.04993872355146062,0.06770223436806444,47.391728524781016,-0.07018666326142865,0.26634837155378716,True,46,14,33,40,73,A,0,47.8,23.8,42.75,47.8,Acceleration
TFSL,TFS Financial Corporation - Common Stock,Financial Services,Banks - Regional,United States,その他,17.530000686645508,4.916161536,16.5695319490242,0.060410344372608525,-0.006019751078702671,0.047376373626373626,,-0.1703376356154134,0.2807320284531971,58.69570400408836,-0.012672452192712305,0.058033309418878756,True,18,12,21,85,87,S,-20,14.950000000000003,10.450000000000003,30.200000000000003,30.200000000000003,Persistence
TH,Target Hospitality Corp. - Common Stock,Industrials,Specialty Business Services,United States,その他,18.549999237060547,1.848014464,24.149502006759644,-0.1699243020462265,-0.3146442208059502,0.1227586481667779,0.1330453631075834,-0.9481022144262997,0.020173329183994868,64.65720928261138,0.06306157894154185,0.09600395598226129,True,18,0,25,100,65,A,-5,30.0,16.5,46.75,46.75,Persistence
THRM,Gentherm Inc - Common Stock,Consumer Cyclical,Auto Parts,United States,その他,39.54999923706055,1.21423744,13.160064496135712,0.029171966123764183,-0.008816426107294653,0.2194983464159063,0.24167590861349444,0.6925686180286627,0.17675370534413135,39.06769837056156,0.01923531086293823,0.13286562798062426,True,27,12,30,100,90,S,-5,39.25,28.0,54.5,54.5,Persistence
TILE,"Interface, Inc. - Common Stock",Consumer Cyclical,"Furnishings, Fixtures & Appliances",United States,その他,38.58000183105469,2.22994176,18.742164889526368,0.05411436710756139,0.04293308431721651,-0.028061073148632543,0.3874813066119433,0.061687688630693814,0.2192517003419747,57.933035746511116,0.0916499749420125,0.01881988477906674,True,36,24,34,100,60,B,0,48.0,39.0,55.7,55.7,Persistence
TLN,Talen Energy Corporation - Common Stock,Utilities,Utilities - Independent Power Producers,United States,電力/エネルギー,296.1050109863281,14.187652096,257.54621645568847,0.26676314520019295,-0.14054726368159204,0.3588732394366197,0.3811881188118812,3.0,0.6245758826226502,29.19815160715099,-0.17629629053610324,0.33584915346644273,False,43,17,39,65,24,D,-10,34.4,14.899999999999999,32.5,34.4,Acceleration
TMUS,"T-Mobile US, Inc. - Common Stock",Communication Services,Telecom Services,United States,その他,181.3699951171875,194.550448128,730.955540621338,0.08487714987714988,0.03617709208482904,-0.012730768747407976,0.6288713494660794,0.5454818673612503,0.5577023951249105,57.729629915115154,0.006586547544477778,0.27624587097575976,False,51,12,34,25,73,A,0,49.3,20.05,39.550000000000004,49.3,Acceleration
TOWN,Towne Bank - Common Stock,Financial Services,Banks - Regional,United States,その他,37.43000030517578,3.45992704,21.297295873641968,0.2046722530247398,-0.0033655923269679425,0.011661246896744642,,1.6102403472641846,0.017083160189077844,54.38596197700818,0.014255687987100868,0.03431367579854973,True,39,29,30,85,87,S,-20,30.700000000000003,23.200000000000003,35.150000000000006,35.150000000000006,Persistence
TPG,TPG Inc. - Class A Common Stock,Financial Services,Asset Management,United States,その他,53.970001220703125,21.078921216,181.77447216140746,0.2703070070802288,0.3954778973967287,0.2254890655272615,,0.9911966905746853,0.1341992679872837,67.9783568827346,0.18907274748782327,0.1961456569493322,True,18,29,85,65,50,B,-20,8.25,16.5,53.0,53.0,Persistence
TRIP,"TripAdvisor, Inc. - Common Stock",Consumer Cyclical,Travel Services,United States,その他,9.869999885559082,1.148484736,37.44539776582718,0.030517711171662125,0.026286353467561523,0.19839142091152814,0.923320994182972,1.3285714285714285,0.4765714285714286,33.5740013785249,-0.22141234950980027,0.4843260083437038,False,45,24,49,100,33,D,-5,47.05,31.299999999999997,53.550000000000004,53.550000000000004,Persistence
TRMB,Trimble Inc. - Common Stock,Technology,Scientific & Technical Instruments,United States,その他,61.0099983215332,14.226301952,168.38729031744003,-0.02606358428583064,-0.030378813804722668,0.033294344857601396,0.6907423410364341,-0.2750100441944556,0.14950601374570446,59.10701482514035,0.10789890064298929,0.26951627426103253,False,33,7,37,65,43,C,0,38.8,19.3,45.2,45.2,Persistence
TRMK,Trustmark Corporation - Common Stock,Financial Services,Banks - Regional,United States,その他,46.27000045776367,2.694102528,12.290468871593475,0.5073409461663948,-0.2285324706121481,0.1010464398478923,,1.5320451869962872,0.02634211053181917,35.24362598181631,-0.010466337076401554,0.04637262940585933,True,48,34,38,100,77,A,-20,38.7,28.200000000000003,41.300000000000004,41.300000000000004,Persistence
TROW,"T. Rowe Price Group, Inc. - Common Stock",Financial Services,Asset Management,United States,その他,111.23999786376953,23.7292544,162.481034279747,0.031183038231645428,0.09799551118334494,-0.00429998150545589,0.5127002788866408,0.17192204088100144,0.03118158111255212,36.052939711849696,-0.025345935353325768,0.08579883641701613,True,10,12,38,65,90,S,-20,6.25,7.75,35.150000000000006,35.150000000000006,Persistence
TRS,TriMas Corporation - Common Stock,Consumer Cyclical,Packaging & Containers,United States,その他,39.529998779296875,1.41809408,17.06727462295532,0.023652504755865566,-0.03273786705512535,-0.26213185793648097,0.21396270829461686,3.0,0.34010289007999567,44.85775435351311,-0.02967794312479971,0.12128160890007311,True,42,24,26,100,100,S,-5,51.5,38.0,54.3,54.3,Persistence
TRUP,"Trupanion, Inc. - Common Stock",Financial Services,Insurance - Property & Casualty,United States,その他,29.6200008392334,1.2920384,18.403943221445083,0.11948581455474284,0.15973137411431484,0.22473566001862616,0.16050176995146964,0.9537735604469679,0.12216243153334704,53.381649745479606,0.09962730001030341,0.36108713439879353,True,14,49,67,100,68,A,-25,7.299999999999997,33.55,50.45,50.45,Persistence
TSCO,Tractor Supply Company - Common Stock,Consumer Cyclical,Specialty Retail,United States,その他,34.720001220703125,18.090514432,382.20471743774414,0.04305617510068882,0.022499026329198906,0.02471179116064051,0.3642418993089817,0.16285011652229628,0.5435402850220863,52.354700085904156,0.08223881460964,0.4242891283498912,False,24,12,38,65,50,B,0,32.75,23.75,47.150000000000006,47.150000000000006,Persistence
TSLA,"Tesla, Inc.  - Common Stock",Consumer Cyclical,Auto Manufacturers,United States,その他,348.75,1377.404715008,11570.2520625,-0.029306991503736307,0.009475783534663594,0.18795266504627925,0.18026511436616155,0.7369449874336778,0.10680957287781374,58.93054427815232,-0.03252330040418034,0.2880909681475429,False,9,12,30,10,73,A,0,15.55,17.8,33.6,33.6,Persistence
TTAN,"ServiceTitan, Inc. - Class A Common Stock",Technology,Software - Application,United States,ソフトウェア,99.87000274658203,9.527356416,113.34546221717835,0.2449700600353942,0.2564325024701265,0.31344097286064304,0.7011067000359014,3.0,0.02943972603760221,67.27443270442754,0.23349903428484708,0.16510616574588172,True,39,49,97,85,50,B,0,47.0,54.5,84.6,84.6,Persistence
TTD,"The Trade Desk, Inc. - Class A Common Stock",Communication Services,Advertising Agencies,United States,その他,13.569999694824219,6.37627392,408.22589371940614,0.18465611733489964,0.25625912071198076,0.23344287439115982,0.7862547319254604,0.23808575033918727,0.07091084017798811,52.343739716654646,-0.1987955610946932,0.7517380217214418,False,28,26,100,85,43,C,0,38.05,36.55,84.85,84.85,Persistence
TTEK,"Tetra Tech, Inc. - Common Stock",Industrials,Engineering & Construction,United States,その他,36.540000915527344,9.355864064,98.69563867286682,0.0469178804846385,0.14950171916286167,0.2906643972913613,0.1766335513055365,0.2891568033872327,0.2305270640567151,66.12656411766457,0.11941485292579838,0.13703184473398217,True,5,12,57,85,50,B,0,21.5,26.75,62.6,62.6,Persistence
TTMI,"TTM Technologies, Inc. - Common Stock",Technology,Electronic Components,United States,半導体,118.6500015258789,12.499642368,361.42688864807127,0.18978259365560088,0.09414543886028952,-0.10520006444770959,0.20702497466749473,-1.0133515785358225,0.26779280223501567,41.65083850347034,-0.17453174163110116,0.46426152132613324,False,38,14,6,65,43,C,0,42.55,24.55,28.15,42.55,Acceleration
TTWO,"Take-Two Interactive Software, Inc. - Common Stock",Communication Services,Electronic Gaming & Multimedia,United States,ソフトウェア,235.38999938964844,44.013326336,580.9554649436187,0.18155353592729337,0.05308808135187677,-5.607581450120563e-05,0.5723363980530016,3.0,0.3152762383834939,28.295114089352836,-0.027155660850665005,0.10255826862984119,True,65,59,34,40,73,A,0,62.05,57.55,43.300000000000004,62.05,Acceleration
TW,Tradeweb Markets Inc. - Class A Common Stock,Financial Services,Capital Markets,United States,その他,108.87000274658203,23.51899648,131.53238251831056,0.18915970286491662,0.28973583546489773,0.12570692162812158,0.6731526401156873,0.3160957481529834,0.01699334896869269,67.83991221719504,0.0711102531238845,0.13864063358748904,True,22,26,89,65,65,A,-20,12.75,15.75,58.2,58.2,Persistence
TXN,Texas Instruments Incorporated - Common Stock,Technology,Semiconductors,United States,半導体,258.6400146484375,236.2023936,1515.3990030267335,0.13049037785307846,-0.10719789942348308,-0.12527461553824645,0.5702409229725144,0.7376502002670227,0.40618765360705505,31.063248160515258,-0.09255057995481795,0.2176349228958614,True,52,26,30,25,80,S,0,50.75,31.25,38.75,50.75,Acceleration
TXRH,"Texas Roadhouse, Inc. - Common Stock",Consumer Cyclical,Restaurants,United States,その他,198.99000549316406,13.061889024,159.00793863945006,0.09393482479772328,0.16012791924816783,0.15361530332243314,0.1593309033994973,-0.1583243172847669,0.27441349023178657,36.63616193093725,0.005675561317068564,0.0713552052139086,True,0,0,41,65,77,A,-20,0.0,0.0,34.199999999999996,34.199999999999996,Persistence
UCTT,"Ultra Clean Holdings, Inc. - Common Stock",Technology,Semiconductor Equipment & Materials,United States,半導体,69.4800033569336,3.145848064,79.3680500346756,-0.020785659801678107,0.20933986739694435,-0.26946889609569136,0.15720545277507303,3.0,0.37807981492192017,37.51708534765947,-0.26446609756712885,0.512728766804305,True,12,12,26,85,35,C,0,25.25,25.25,42.55,42.55,Persistence
UFPI,"UFP Industries, Inc. - Common Stock",Basic Materials,Lumber & Wood Production,United States,その他,86.01000213623047,4.744439808,33.500895832061765,-0.04990237224398326,-0.07842129207867024,-0.25017350112016123,0.16773614976275814,-0.32643914042754396,0.0887023343648464,36.96000162760416,-0.02512171304828497,0.25015343133117335,False,30,0,25,85,63,B,0,41.55,19.05,47.6,47.6,Persistence
ULCC,"Frontier Group Holdings, Inc. - Common Stock",Industrials,Airlines,United States,その他,5.840000152587891,1.34446016,16.576022833099366,-0.013509933774834438,0.051825020897185846,0.07907396271797955,0.0037593984962406013,-2.949367088607595,0.7566481994459834,28.73302615808342,-0.1393665839000228,0.2754342619667485,True,0,0,0,100,34,D,-25,0.0,0.0,6.800000000000001,6.800000000000001,Persistence
ULTA,"Ulta Beauty, Inc. - Common Stock",Consumer Cyclical,Specialty Retail,United States,その他,517.5,22.12699136,353.2532625,0.09713169330434519,0.007883341781693597,0.097831725861971,,0.10766408026991735,0.31175444266235997,40.224629128527674,0.04029594959205456,0.2678475501010791,False,20,12,38,65,73,A,0,32.05,26.05,51.75000000000001,51.75000000000001,Persistence
UMBF,UMB Financial Corporation - Common Stock,Financial Services,Banks - Regional,United States,その他,144.58999633789062,10.981235712,67.65871993637084,0.6565526691640903,0.10630054581752332,-0.024668318332014157,,3.0,0.0034776409419694536,45.2140892140085,-0.00039546610097796945,0.049000245180369155,True,60,34,38,65,87,S,-20,43.45,23.950000000000003,34.55000000000001,43.45,Acceleration
UPBD,"Upbound Group, Inc. - Common Stock",Technology,Software - Application,United States,ソフトウェア,19.219999313354492,1.12051456,16.23455682001114,0.08667780410150157,0.08219365080716849,-0.05958907917101648,0.48385079554876925,3.0,0.5667387344818398,50.0,-0.04611601345674915,0.2380268123906964,True,50,12,30,100,100,S,-5,57.5,29.0,56.5,57.5,Acceleration
UPST,"Upstart Holdings, Inc. - Common stock",Financial Services,Credit Services,United States,その他,29.079999923706055,2.829863424,140.6308796310425,0.6283868238676662,0.2375723009767397,-0.39347903934300993,,-1.94210648686352,0.6219883320083165,45.3344358474593,-0.05208326871166934,0.6031659332952697,False,48,45,8,100,55,B,-40,16.5,14.25,0.3999999999999986,16.5,Acceleration
UPWK,Upwork Inc. - Common Stock,Communication Services,Internet Content & Information,United States,その他,9.020000457763672,1.12662848,34.730609762573245,0.02399376076430637,0.11636164704789766,0.1145332983998525,0.77817269708448,0.603806812872433,0.28559149879191736,38.461546821602056,0.017140333245832612,0.5920397915529388,False,30,26,53,100,55,B,-5,38.0,35.0,60.150000000000006,60.150000000000006,Persistence
URBN,"Urban Outfitters, Inc. - Common Stock",Consumer Cyclical,Apparel Retail,United States,その他,81.08999633789062,6.94539008,101.67428645828247,0.11074526912626341,0.07712220493643122,0.07465584650124164,0.3597109081425042,-0.016333960962114327,0.2447405580263491,52.92397456979378,0.09353503391880846,0.022423154656800483,True,39,14,41,85,60,B,0,48.0,29.25,55.8,55.8,Persistence
UROY,Uranium Royalty Corp. - Common Stock,Energy,Uranium,United States,電力/エネルギー,4.255000114440918,1.621441536,10.80150926551342,3.0,-0.6386939664840271,2.0767469467303323,0.30626577945141,3.0,0.00030536804885888784,55.23012685866782,0.273570819988815,0.22069595518080076,True,69,100,42,100,70,A,-5,68.75,92.0,57.1,92.0,Transition
UVSP,Univest Financial Corporation - Common Stock,Financial Services,Banks - Regional,United States,その他,41.56999969482422,1.14653248,8.530579637374878,0.09635224329517922,0.008099157404631074,0.0021574572391299942,,0.34617093969611956,0.03880549922560392,40.88238297032058,-0.03941037890434332,0.07577353202123732,True,35,24,42,100,87,S,-25,24.950000000000003,16.700000000000003,40.5,40.5,Persistence
VC,Visteon Corporation - Common Stock,Consumer Cyclical,Auto Parts,United States,その他,102.0199966430664,2.72346752,38.317180439186096,-0.025349198137609934,-0.02225594334850784,0.052715654952076675,0.14118895966029724,-0.04482758620689655,0.12728883638511518,41.93359899187206,-0.03262270425292557,0.19983301287475164,True,0,0,25,100,100,S,0,25.0,25.0,58.75,58.75,Persistence
VCTR,"Victory Capital Holdings, Inc. - Common Stock",Financial Services,Asset Management,United States,その他,118.30999755859375,7.277197312,77.41082295257569,0.4618518439758382,0.0882418139210843,-0.03950865699578849,0.5444698885486984,0.12585436712616732,0.22835410854903068,63.5824376057753,0.17372193979432143,0.02328077073199674,True,54,32,53,85,25,D,-20,35.75,19.25,35.400000000000006,35.75,Acceleration
VECO,Veeco Instruments Inc. - Common Stock,Technology,Semiconductor Equipment & Materials,United States,半導体,44.29999923706055,2.703478016,30.347935977344513,-0.07389784762603147,0.07632552311928395,0.03141439044660807,0.39953544665464386,0.16609776377401428,0.19762482133361492,38.57661380968026,-0.20321162734976525,0.4665221730654262,True,6,12,34,100,43,C,0,23.8,28.3,52.300000000000004,52.300000000000004,Persistence
VERX,"Vertex, Inc. - Class A Common Stock",Technology,Software - Application,United States,ソフトウェア,14.225000381469727,2.307550976,32.850646880950926,0.12248191296627353,0.16490416449010897,0.16427798480139294,0.6434696517040687,-0.38759201111854635,0.2760169494859679,74.07835250717564,0.13781797547468835,0.45161911763289364,False,17,37,70,100,0,D,0,27.75,42.75,63.5,63.5,Persistence
VIAV,Viavi Solutions Inc. - Common Stock,Technology,Communication Equipment,United States,通信/光通信,36.540000915527344,9.016239104,168.0642726109314,,0.08386645341863255,-0.0955609800198897,,-0.36016511867905054,0.34722640184572173,48.58732843856498,-0.11587075181575639,0.3395987763185146,True,0,0,21,85,73,A,0,20.05,20.05,47.4,47.4,Persistence
VICR,Vicor Corporation - Common Stock,Technology,Electronic Components,United States,半導体,187.75,8.656538624,146.71254375,0.2608018760200302,-0.11356617184163295,0.014984501815430028,0.5730692002005738,3.0,0.009131734431449,42.35516224345647,-0.2426650428493812,0.5056348396348594,False,57,51,38,85,43,C,0,59.8,55.3,50.75000000000001,59.8,Acceleration
VISN,"Vistance Networks, Inc.  - Common Stock",Technology,Communication Equipment,United States,通信/光通信,6.059999942779541,1.397596032,64.53354539065361,0.39707796904383047,-0.25818220839145833,-0.6780334438916529,0.494874715261959,0.01937046004842615,0.7762351936826379,39.52396948583788,-0.10669653269672881,0.17467894038279727,True,64,85,28,100,80,S,-15,56.0,71.75,41.400000000000006,71.75,Transition
VLY,Valley National Bancorp - Common Stock,Financial Services,Banks - Regional,United States,その他,13.920000076293945,7.69226496,84.02056366050721,0.09923952845771987,-0.01974704336923721,0.009653847145361428,,,0.05206125266001094,26.451645056217515,-0.04352247195905321,0.08360760626547092,True,18,12,10,85,73,A,-20,13.549999999999997,9.05,21.35,21.35,Persistence
VNOM,"Viper Energy, Inc.  - Class A Common Stock",Energy,Oil & Gas Midstream,United States,電力/エネルギー,44.18000030517578,23.149645824,74.05606281154633,0.6209302325581395,0.03990326481257558,-0.04477763647725081,0.4971305595408895,-17.039473684210527,0.1725199273932602,66.0732547167481,0.03610543472612133,0.10633018581182357,True,56,10,26,65,80,S,0,59.75,25.25,46.55,59.75,Acceleration
VRNS,"Varonis Systems, Inc. - Common Stock",Technology,Software - Infrastructure,United States,ソフトウェア,43.91999816894531,5.044672512,56.6069484400177,0.13173972229784917,0.10375430723615674,0.05389393497933003,0.788344463475812,0.29510176430738416,0.2912165133968739,54.6019870105808,0.025080831028952463,0.30627077529216234,True,55,14,53,85,83,S,0,62.3,31.55,67.0,67.0,Persistence
VRSK,"Verisk Analytics, Inc. - Common Stock",Industrials,Consulting Services,United States,その他,191.77000427246094,24.96002048,241.6302053833008,0.06628032064406426,0.07469978369508466,0.07384861834201041,0.6987991017671754,0.29540267362243233,0.7909611815027036,64.48701875849827,0.014612089937995348,0.29124165810972497,False,17,12,44,65,53,B,-10,17.8,14.05,41.050000000000004,41.050000000000004,Persistence
VRSN,"VeriSign, Inc. - Common Stock",Technology,Software - Infrastructure,United States,ソフトウェア,291.92999267578125,26.390470656,207.8921056842041,0.06369590342879157,0.04306476458375193,0.04786300793038108,0.881504285886756,0.2216123499142367,1.3560600346934157,49.55374673441595,0.06328022935901523,0.05552593572021815,True,38,24,47,65,72,A,-20,25.450000000000003,14.950000000000003,36.5,36.5,Persistence
VSAT,"ViaSat, Inc. - Common Stock",Technology,Communication Equipment,United States,通信/光通信,67.37000274658203,9.28060928,134.05619996528625,0.026708065876163912,0.05504816098388378,0.675858065111781,0.33041562147111814,3.0,0.4557529470145527,19.10830088952855,-0.10105969410495118,0.24986076630690743,True,19,50,46,85,63,B,0,33.3,56.55,59.15,59.15,Persistence
VSEC,VSE Corporation - Common Stock,Industrials,Aerospace & Defense,United States,防衛/宇宙,215.82000732421875,6.056982528,83.2892572265625,0.414647392197961,0.44527039447079153,-0.18736033269200894,0.11879706007956665,1.1103380298022845,0.16898684694401694,47.380151281449905,0.0007036674569166322,0.1136027143448475,True,26,33,38,85,100,S,0,42.25,47.5,62.150000000000006,62.150000000000006,Persistence
WABC,Westamerica Bancorporation - Common Stock,Financial Services,Banks - Regional,United States,その他,58.06999969482422,1.34206464,6.94255881351471,-0.12150468085106383,-0.0923697260887701,0.2215231438147287,,-0.14429870984352205,0.0037257264042361137,44.90238198870322,-0.016191891945641176,0.0628061461862642,True,0,0,25,100,87,S,-25,0.0,0.0,31.150000000000006,31.150000000000006,Persistence
WAFD,"WaFd, Inc. - Common Stock",Financial Services,Banks - Regional,United States,その他,36.09000015258789,2.67048832,17.122178772392274,0.004193519785876968,-0.027986388566827048,0.1224267395391861,,-0.497662536907312,0.06806252759628488,32.83812955985253,-0.027669111253142063,0.07533441117420345,True,18,12,25,100,77,A,-20,16.200000000000003,11.7,34.15,34.15,Persistence
WBD,"Warner Bros. Discovery, Inc. - Series A Common Stock",Communication Services,Entertainment,United States,その他,28.770000457763672,72.130322432,550.7881368636704,-0.05149919890135042,-0.04840153916894557,0.22190022769612916,0.44002037752037754,-0.30246216399367515,0.3253934155967428,80.2547952544642,0.06770680194061994,0.04036021023842876,True,7,42,25,40,37,C,0,14.95,41.2,31.15,41.2,Transition
WBTN,WEBTOON Entertainment Inc. - Common stock,Communication Services,Internet Content & Information,United States,その他,10.239999771118164,1.389681408,4.840550291805267,0.025381949130797832,0.05124155329027993,0.1884030580291795,0.23300776376739796,-2.4142374313476975,0.014836635307832606,57.71484067590899,0.02073362483978134,0.5194744238504688,False,3,0,22,100,65,A,-5,18.75,16.5,45.1,45.1,Persistence
WDAY,"Workday, Inc. - Class A Common Stock",Technology,Software - Application,United States,ソフトウェア,204.72000122070312,49.337520128,1017.2280960655212,0.1309495619228037,0.1635211461633834,0.1677927927927928,0.7570142378559463,0.26861580630424853,0.21140865331415293,61.321276413849,0.301134631860691,0.1734829859790895,True,28,33,82,40,50,B,0,32.0,35.75,65.1,65.1,Persistence
WDC,Western Digital Corporation - Common Stock,Technology,Computer Hardware,United States,その他,459.45001220703125,165.650530304,3595.5960670306395,0.35703781512605043,0.5070444831407314,0.00991207034372502,0.4885053022679774,1.745113369820172,0.07589639997114206,54.12353318132367,-0.13503406090742284,0.3843050745315482,True,44,54,65,25,61,B,0,42.85,50.35,54.2,54.2,Persistence
WDFC,WD-40 Company - Common Stock,Basic Materials,Specialty Chemicals,United States,その他,217.1699981689453,2.914659328,20.905869873733522,0.04983092233264528,0.09921173372048654,0.03553255464322887,0.5505665459648217,-0.050450881267932776,0.20533449346271299,27.882664619705935,-0.07272639893156459,0.17693738851100846,True,8,12,45,100,63,B,0,27.3,30.3,62.35,62.35,Persistence
WEN,Wendy's Company (The) - Common Stock,Consumer Cyclical,Restaurants,United States,その他,8.270000457763672,1.576584704,89.29156709249496,-0.030982082286516045,0.02975552558744175,0.04107506305162718,0.27037045033490426,-0.07014820691478965,0.8362685337676667,60.56645135928712,0.05237712459792954,0.1667133675652842,True,0,0,15,100,65,A,-45,0.0,0.0,1.25,1.25,Persistence
WERN,"Werner Enterprises, Inc. - Common Stock",Industrials,Trucking,United States,その他,38.41999816894531,2.304322304,34.459856857681274,-0.01843473394014635,-0.07712534707639625,-0.0019693140805196875,0.0969648964024965,0.18474989591387617,0.26032705663567435,60.929625604073095,-0.05794061459475643,0.18756613607232195,True,20,12,6,100,70,A,0,37.0,31.0,42.3,42.3,Persistence
WFRD,Weatherford International plc - Ordinary shares,Energy,Oil & Gas Equipment & Services,United States,電力/エネルギー,93.79000091552734,6.723377664,75.25756568462371,-0.10792671866497369,0.07361246348588121,0.1856384206880628,0.3119154127694185,-0.0872210953346856,0.3159515104868193,52.27737717617256,0.08272597097726077,0.15557714711199766,True,4,0,25,85,85,S,0,24.25,21.25,52.0,52.0,Persistence
WINA,Winmark Corporation - Common Stock,Consumer Cyclical,Specialty Retail,United States,その他,337.25,1.211458944,14.7041,0.05863762792305487,-0.023478109401935288,0.022511755197099158,0.9639256899891582,0.06533136334389819,2.50662873079597,28.495293300044438,-0.08933656393075358,0.3267187606808915,False,35,24,35,100,36,C,-25,19.85,11.600000000000001,26.450000000000003,26.450000000000003,Persistence
WING,Wingstop Inc. - Common Stock,Consumer Cyclical,Restaurants,United States,その他,113.58000183105469,3.094208512,137.1404695108795,0.11352701391962698,0.36028735694645203,0.28679154511203536,0.4868315125284673,-0.0005393590143923695,1.8321163988353195,46.97035371719962,-0.1733960565912317,0.6510621595448663,False,13,14,70,85,43,C,-40,0.0,0.0,28.349999999999994,28.349999999999994,Persistence
WLDN,"Willdan Group, Inc. - Common Stock",Industrials,Engineering & Construction,United States,その他,87.98999786376953,1.340271616,24.279960010528566,0.20458538206214938,0.10920122722238014,0.18865027100839357,0.3751467239476958,0.11054037071944706,0.1273054017651242,67.61786394974445,0.12088598414858971,0.3479324420349213,False,33,29,71,100,23,D,-5,37.05,34.05,63.650000000000006,63.650000000000006,Persistence
WLFC,Willis Lease Finance Corporation - Common Stock,Industrials,Rental & Leasing Services,United States,その他,53.41999816894531,1.129518464,12.955952155914307,0.28287332029802026,0.35997180776719906,0.341836391206917,0.6826499744604864,0.5150007833307222,0.6860065822984187,41.59493063239353,-0.5685806173622304,0.77680854205311,False,30,29,67,100,35,C,-15,26.0,25.25,53.849999999999994,53.849999999999994,Persistence
WMG,Warner Music Group Corp. - Class A Common Stock,Communication Services,Entertainment,United States,その他,28.030000686645508,14.662766592,60.07712092169761,0.043728602552131964,0.06443597813483519,0.019935799966210508,0.4584762188758014,-0.23725055432372505,0.4688167667107539,65.77695605843658,0.03394649794658547,0.18294118850595112,False,8,0,37,65,70,A,0,22.75,16.75,50.6,50.6,Persistence
WMT,Walmart Inc. - Common Stock,Consumer Defensive,Discount Stores,United States,その他,103.08999633789062,820.39832576,2824.797339403534,0.04725214211766779,0.05070009643201543,0.06025954990192855,0.24926699786724774,0.1787519747235387,0.2356956173507384,30.96937630210894,-0.07763954991924502,0.22997914502584135,False,2,24,42,10,70,A,0,10.0,26.5,39.6,39.6,Persistence
WSBC,"WesBanco, Inc. - Common Stock",Financial Services,Banks - Regional,United States,その他,40.41999816894531,3.87651584,28.744883797836305,0.6230863819038542,0.009211460011367191,0.015180923214538726,,0.3952489398069477,0.058462901930013626,30.182919028556668,7.418164300066507e-05,0.05339584433855608,True,41,34,50,85,77,A,-20,31.200000000000003,25.950000000000003,44.150000000000006,44.150000000000006,Persistence
WSC,WillScot Holdings Corporation - Class A Common Stock,Industrials,Rental & Leasing Services,United States,その他,20.899999618530273,3.786891008,65.33747430745125,-0.04769843529163282,0.013088393063671813,0.10367852860722582,0.5100212759802336,0.6007844422760261,0.6706913676997239,34.0146044342348,-0.17677969154781276,0.2810457572088856,False,17,12,28,85,41,C,-10,19.6,15.850000000000001,34.85000000000001,34.85000000000001,Persistence
WSFS,WSFS Financial Corporation - Common Stock,Financial Services,Banks - Regional,United States,その他,78.30000305175781,4.023680512,25.64755749961853,0.018389482003786463,0.030919942934611262,0.0996203782350188,,0.03875686268788812,0.01420103784935364,27.345352543358857,-0.008323471698241828,0.046151206626477696,True,2,24,42,85,60,B,-20,0.25,16.75,36.35,36.35,Persistence
WTFC,Wintrust Financial Corporation - Common Stock,Financial Services,Banks - Regional,United States,その他,152.9499969482422,10.317305856,84.28997856819153,0.11225937018026326,0.07873783544677086,0.16129246606675987,,0.3538365917941859,0.06299336681995342,31.863073288061855,-0.03809390466817188,0.08045019885889834,True,28,26,50,65,90,S,-20,19.75,18.25,41.75,41.75,Persistence
WULF,TeraWulf Inc. - Common Stock,Financial Services,Capital Markets,United States,その他,15.350000381469727,7.65916928,489.13098565561296,0.20281183283232537,1.0230105880483613,3.0,0.5092873467691669,-3.0476156272018935,0.7922509622331311,45.762711058625754,-0.219488857895015,0.47032434009882673,False,17,5,46,85,43,C,-40,0.0,0.0,15.149999999999999,15.149999999999999,Persistence
WWD,"Woodward, Inc. - Common Stock",Industrials,Aerospace & Defense,United States,防衛/宇宙,341.80999755859375,20.182452224,189.81905499420165,0.07304356562940983,0.14056398105241055,0.22317367455797615,0.26808938667767107,-0.007126417334434043,0.15602131510841025,41.224214157612046,-0.11807654044888939,0.21612560880906617,False,0,12,45,65,80,S,0,17.75,26.75,57.0,57.0,Persistence
WYNN,"Wynn Resorts, Limited - Common Stock",Consumer Cyclical,Resorts & Casinos,United States,その他,95.26000213623047,9.809292288,148.7680216361618,0.0013977349202668196,0.09125434770327824,0.7386748118424468,0.4142669493258824,-0.3107589330639191,0.9288846750452411,30.096023032666253,-0.037816974262454325,0.27903763198529935,False,4,0,39,85,63,B,-20,2.0500000000000007,0.0,35.300000000000004,35.300000000000004,Persistence
XEL,Xcel Energy Inc. - Common Stock,Utilities,Utilities - Regulated Electric,United States,電力/エネルギー,76.44999694824219,47.753289728,354.1744878619385,0.09136224983260174,-0.05385048571026327,-0.0721097322011757,0.47201581566568956,-1.506426735218509,0.42743729338462105,47.563772247599445,-0.034268665105906086,0.07524822046412499,False,38,12,10,40,77,A,0,42.2,22.7,30.9,42.2,Acceleration
XMTR,"Xometry, Inc. - Class A Common Stock",Industrials,Industrial Distribution,United States,その他,94.11000061035156,5.39472128,57.504033672943116,0.25865169404376304,0.17721609128927981,0.21654096256179103,0.39143732222984395,0.28036796989337237,0.48232535667595067,55.24004895676528,0.027581245958536456,0.10243202689621746,True,39,24,61,85,100,S,0,52.0,40.75,74.80000000000001,74.80000000000001,Persistence
XPEL,"XPEL, Inc. - Common Stock",Consumer Cyclical,Auto Parts,United States,その他,49.7599983215332,1.371920384,11.317911618232728,0.13273073263558516,0.06083125364313778,0.22315296935427617,0.42213145737085256,0.564419523384733,0.059768486325112544,61.936929486961944,0.05616609719365861,0.09444954266327511,True,36,26,54,100,65,A,-5,43.5,36.0,62.7,62.7,Persistence
Z,"Zillow Group, Inc. - Class C Capital Stock",Communication Services,Internet Content & Information,United States,その他,35.65999984741211,8.01904128,137.81841081027986,0.15518783542039355,0.14961439588688946,-0.006639427987742594,0.7413859852884244,-0.6070038910505836,0.08038698328935796,56.826306861577145,0.06833317768613555,0.6051815769718653,False,53,51,37,85,50,B,0,57.5,56.0,51.6,57.5,Acceleration
ZBRA,Zebra Technologies Corporation - Class A Common Stock,Technology,Communication Equipment,United States,通信/光通信,356.45001220703125,16.863885312,286.1990615512085,0.08331660309174864,0.08660558464223386,-0.20705760249091854,0.48054114158636024,-0.1289308176100629,0.3172194777699365,33.19872164727535,0.173763846227415,0.06946688644379312,True,8,0,29,65,47,C,0,20.45,14.45,41.6,41.6,Persistence
ZD,"Ziff Davis, Inc. - Common Stock",Communication Services,Advertising Agencies,United States,その他,55.81999969482422,1.913911936,34.04461781387329,0.03537163762549155,0.027609403912529654,-0.019388251735985053,0.8576431093361115,0.014770163564579808,0.2365349768760786,59.593383268551335,0.055262314754270375,0.004636271892674774,True,47,12,45,100,60,B,-5,51.25,25.0,56.75,56.75,Persistence
ZG,"Zillow Group, Inc. - Class A Common Stock",Communication Services,Internet Content & Information,United States,その他,36.61000061035156,8.232672256,44.05830523452759,0.15518783542039355,0.14961439588688946,-0.006639427987742594,0.7413859852884244,-0.6070038910505836,0.08038698328935796,59.33823970774928,0.08865670202811775,0.5780313542078229,False,53,51,37,85,50,B,0,57.5,56.0,51.6,57.5,Acceleration
ZION,Zions Bancorporation N.A. - Common Stock,Financial Services,Banks - Regional,United States,その他,67.77999877929688,9.892718592,89.31878789138794,0.08146964856230032,0.004815409309791332,-0.011738578680203046,,-0.09419600380589914,0.03901561973255422,36.01944606805223,-0.0240449038257347,0.06922093459267742,True,30,12,25,85,77,A,-20,22.950000000000003,9.45,30.4,30.4,Persistence
ZM,"Zoom Communications, Inc. - Class A Common Stock",Technology,Software - Application,United States,ソフトウェア,98.43000030517578,28.72027136,330.09583332344056,0.04358352161524986,0.030528420948466434,0.03056344696969697,0.7701603834562699,0.06349087877360472,0.004889043993118634,38.71299815696529,0.04006847935861884,0.120218066485797,True,41,31,57,65,90,S,0,49.5,42.0,65.6,65.6,Persistence
ZS,"Zscaler, Inc. - Common Stock",Technology,Software - Infrastructure,United States,ソフトウェア,184.22999572753906,29.791744,413.97124844963076,0.23311687443000206,0.34065266006659445,0.4821558537269489,0.7687424596397835,0.24231643730233354,0.2798453804801579,55.13885481774715,0.18292167341228177,0.45213667069157115,True,29,35,96,65,45,C,0,36.0,40.5,78.05000000000001,78.05000000000001,Persistence
AA,Alcoa Corporation Common Stock ,Basic Materials,Aluminum,United States,その他,50.31999969482422,13.2799232,251.42236887519837,0.07868852459016394,0.12738129087290304,-0.15259818488474822,0.16935546722780764,3.0,0.16783433566867134,47.35922455220584,0.02327126951308799,0.3982855606536152,False,12,24,30,65,73,A,0,26.05,35.05,47.35,47.35,Persistence
AAMI,Acadian Asset Management Inc. Common Stock,Financial Services,Asset Management,United States,その他,95.76000213623047,3.398534656,32.68001592903137,0.1149129746835443,0.18518518518518517,0.022531160115052733,0.4270001773993259,-1.3115468409586057,0.3861152141802068,67.3553790659244,0.13959574085525916,0.015928429362357912,True,9,2,30,85,25,D,-30,0.0,0.0,12.75,12.75,Persistence
AAP,Advance Auto Parts Inc.,Consumer Cyclical,Auto Parts,United States,その他,42.900001525878906,2.588123136,102.11251413196564,-0.05421156806685727,-0.012487783689868607,0.006571956286642487,0.4340193000813859,-2.1041666666666665,0.4417385421951632,25.126018885933732,-0.21751629397480235,0.3180362364452918,False,10,49,6,100,24,D,-10,14.899999999999999,44.15,23.1,44.15,Transition
ABCB,Ameris Bancorp Common Stock,Financial Services,Banks - Regional,United States,その他,85.58999633789062,5.743708672,26.270565525970458,0.06330930428708746,0.058794696256818886,-0.005795423551334845,,1.6268796725319083,0.025161507651636352,36.86995271578167,-0.03524430801638962,0.08135668112078158,True,42,24,30,85,90,S,-20,33.25,19.75,35.75,35.75,Persistence
ABG,Asbury Automotive Group Inc Common Stock,Consumer Cyclical,Auto & Truck Dealerships,United States,その他,211.6199951171875,3.798984448,48.31707728515625,0.04714752801275264,0.16118005498996804,-0.040896986503735286,0.17065948108228235,0.5699724517906336,0.5253309462739495,51.05547513328976,-0.01010664605976963,0.18293438178692084,False,9,24,22,85,90,S,0,28.5,39.75,51.35,51.35,Persistence
ABM,ABM Industries Incorporated Common Stock,Industrials,Specialty Business Services,United States,その他,47.20000076293945,2.765019648,16.66230826932907,0.04623537574467067,0.03248357294600069,0.03712243486280839,,-0.07292289300657502,0.31851219280766674,42.10530718709296,0.011554277396134722,0.04376012602720924,True,18,12,33,100,87,S,0,37.2,32.7,60.55000000000001,60.55000000000001,Persistence
ACA,"Arcosa, Inc. Common Stock ",Industrials,Engineering & Construction,United States,その他,145.27999877929688,7.134237184,82.39627770767211,0.12198918245846142,0.11352311625287058,0.02902621722846442,0.22445723798293682,-0.43804034582132567,0.30546417395490655,58.675048495554776,0.0030220248848809896,0.0014434442637852177,True,38,21,33,85,75,A,0,48.75,36.0,54.400000000000006,54.400000000000006,Persistence
ACHR,Archer Aviation Inc. Class A Common Stock,Industrials,Aerospace & Defense,United States,防衛/宇宙,5.75,4.427654144,230.50715,,,,0.0,-0.19374167776298268,0.049434283628695404,43.05176453223682,0.07420415537072826,0.5784457584112289,False,0,0,10,85,50,B,-10,7.75,7.75,26.75,26.75,Persistence
ACI,"Albertsons Companies, Inc. Class A Common Stock",Consumer Defensive,Grocery Stores,United States,その他,12.529999732971191,6.081131008,81.66013835972785,0.03460093119992437,0.014553678362698564,0.02045081951379078,0.27180498361838346,-0.296370429677075,0.5715070294665974,57.75193082090661,-0.03102306479748681,0.3382100085366539,False,18,0,29,85,73,A,-20,13.549999999999997,0.05000000000000071,31.800000000000004,31.800000000000004,Persistence
ACM,AECOM Common Stock,Industrials,Engineering & Construction,United States,その他,69.16999816894531,8.901931008,172.00676369667053,0.002118779562109784,0.12011278536694574,0.09357027458244797,0.0753867098002667,-0.03244275617925308,0.26470803997524966,42.96900652122411,0.007874336401251803,0.4793416431928927,False,0,12,33,85,65,A,0,19.25,28.25,52.400000000000006,52.400000000000006,Persistence
ACVA,ACV Auctions Inc. Class A Common Stock,Consumer Cyclical,Auto & Truck Dealerships,United States,その他,7.159999847412109,1.215825152,34.564577063388825,0.1921821343595603,0.324004538332703,0.14163912803152334,0.52421650171273,0.07776993195532161,0.1750166496102195,48.1481422612734,-0.031149376209604455,0.39373415808528045,True,18,39,85,100,83,S,-5,31.799999999999997,47.55,83.35,83.35,Persistence
AD,"Array Digital Infrastructure, Inc. Common Shares",Communication Services,Telecom Services,United States,その他,36.0,3.113242368,6.22476,0.5831754636511128,0.02452497785386537,-0.9759009354761333,0.5122452611361,-0.7994071976714042,0.2564062497327968,61.4633914872752,0.015446056946077282,0.18277241283277756,False,66,75,29,85,70,A,0,69.25,76.0,51.2,76.0,Transition
ADM,Archer-Daniels-Midland Company Common Stock,Consumer Defensive,Farm Products,United States,その他,81.54000091552734,39.298985984,307.70750145492553,-0.06151058108266105,-0.08947676584872519,-0.07504234117137343,0.06270166564925438,2.426242868785656,0.18626047452709538,55.38304313595623,0.02284558226886234,0.06026655707400248,True,30,12,30,40,87,S,-20,17.200000000000003,3.700000000000003,23.900000000000006,23.900000000000006,Persistence
ADT,ADT Inc. Common Stock,Industrials,Security & Protection Services,United States,その他,7.539999961853027,5.508416512,54.04992422654629,0.046986534096731904,0.05278987556804212,0.06182700488189609,0.8083354797901262,0.09556508295852574,0.4861161711111747,51.37613434731938,0.061732563591102546,0.12778534569264294,True,17,24,49,85,85,S,0,34.0,39.25,65.2,65.2,Persistence
AEE,Ameren Corporation Common Stock,Utilities,Utilities - Regulated Electric,United States,電力/エネルギー,106.12000274658203,29.378607104,154.3717067954254,0.15426997245179064,0.0164,-0.057433706170667335,0.47403113990226164,0.5015179113539769,0.40906840498390956,45.87243160918018,-0.041655275034731654,0.10311018407461899,False,55,21,10,65,90,S,0,60.0,34.5,39.75,60.0,Acceleration
AEO,"American Eagle Outfitters, Inc. Common Stock",Consumer Cyclical,Apparel Retail,United States,その他,16.8700008392334,2.826962176,76.38592984997749,0.04102050574892112,0.012710931872734841,0.054498216673784475,0.36510453133776893,-0.2315464485172658,0.4240545380179965,38.65415836243855,-0.01435858369679817,0.39020257937097524,False,22,0,33,100,63,B,0,37.8,21.3,55.75000000000001,55.75000000000001,Persistence
AES,The AES Corporation Common Stock,Utilities,Utilities - Diversified,United States,その他,14.729999542236328,10.508951552,106.23761759845733,-0.0036650920345333115,-0.030786233028102305,0.004042165332487913,0.1807406196354124,0.6502155172413793,0.5775189306135065,50.0,0.006950463224070211,0.1267089096416094,True,27,12,2,65,100,S,0,40.0,28.75,37.35,40.0,Acceleration
AESI,Atlas Energy Solutions Inc. Common Stock,Energy,Oil & Gas Equipment & Services,United States,電力/エネルギー,12.850000381469727,1.6050368,41.66985273702621,0.03726761601087923,0.719911720633266,0.2718654966399019,0.13755649085646987,0.7368600188899194,0.27903167614120805,62.02247971191748,-0.035314224089546424,0.3493670692926721,False,9,12,26,100,53,B,-5,22.05,24.3,44.9,44.9,Persistence
AFG,"American Financial Group, Inc. Common Stock",Financial Services,Insurance - Property & Casualty,United States,その他,143.6199951171875,11.909180416,50.34096258850098,-0.019328340178787148,0.07116977225672878,0.14100103351542892,,,0.05575638747625758,49.010295727309405,0.01235199839556656,0.021195397675377026,True,0,0,10,65,75,A,-20,0.0,0.0,16.75,16.75,Persistence
AFL,AFLAC Incorporated Common Stock,Financial Services,Insurance - Life,United States,その他,116.5199966430664,58.41651712,238.2193071369171,-0.0926913425345044,0.015232737115864339,-0.01618714427445042,,,0.07219884948913884,33.456411333184604,-0.0372548182119931,0.09604920614552412,True,0,0,10,40,90,S,-20,0.0,0.0,13.5,13.5,Persistence
AGCO,AGCO Corporation Common Stock,Industrials,Farm & Heavy Construction Machinery,United States,その他,113.38999938964844,7.940897792,106.36605587745666,-0.1354753513578405,-0.19084260775443368,0.13919408128744645,0.2545923427891291,1.4956169925826028,0.21486778785693925,76.61563435598521,0.02441928030339838,0.18837919988291715,False,30,47,30,85,55,B,-20,20.75,33.5,28.75,33.5,Transition
AGM,Federal Agricultural Mortgage Corporation Common Stock,Financial Services,Credit Services,United States,その他,221.42999267578125,2.403226112,20.805562111816407,0.08879456525216761,0.06839325695469124,0.13570206171892946,,,0.9383052780907928,31.051636331870597,0.038999880252832984,0.08401593594717255,True,18,12,12,100,90,S,-40,0.0,0.0,9.600000000000001,9.600000000000001,Persistence
AGX,"Argan, Inc. Common Stock",Industrials,Engineering & Construction,United States,その他,417.739990234375,5.856399872,114.09941223266601,0.08056359166715284,0.5247317004254072,0.25996176160337553,0.20503575035517455,1.5517916037788586,0.002120783509812417,16.392634034973284,-0.312289982673772,0.476447947922105,False,15,31,57,85,8,D,0,24.8,36.8,54.2,54.2,Persistence
AI,"C3.ai, Inc. Class A Common Stock",Technology,Software - Infrastructure,United States,ソフトウェア,10.529999732971191,1.636880896,45.699409091115,-0.3567301365356144,0.25266757249293265,0.16412226615941078,0.3091965413077181,-3.322908698195563,0.0068322730263036995,51.830986445206605,0.11586798195582607,0.46439471949653754,False,4,0,14,100,35,C,-15,6.5,3.5,24.700000000000003,24.700000000000003,Persistence
AIG,"American International Group, Inc. New Common Stock",Financial Services,Insurance - Diversified,United States,その他,76.93000030517578,40.226172928,223.61397048706056,-0.01818848551521819,-0.023910086620373684,-0.06795663052543786,,,0.056997035732446945,45.56137109505336,-0.011360416938186178,0.10038081860476071,True,30,35,10,40,100,S,-20,18.5,22.25,15.5,22.25,Transition
AIN,Albany International Corporation Common Stock,Consumer Cyclical,Textile Manufacturing,United States,その他,58.349998474121094,1.655456384,20.063063475341796,-0.03884399263782743,0.07204926522921241,0.10921192362064651,0.2062202562873421,-0.409993150385473,0.27192503210258395,39.689927340397126,-0.15589171036543348,0.2351553575319844,False,0,0,21,100,58,B,-5,15.8,15.8,43.15,43.15,Persistence
AIR,AAR Corp. Common Stock,Industrials,Aerospace & Defense,United States,防衛/宇宙,133.19000244140625,5.362075136,49.88298566436767,0.18971408020140262,0.1990598990900858,0.16498367244410952,0.18802902055622733,3.0,0.2964927441222921,41.17429085805821,-0.03982292386100182,0.1334981678236417,True,17,39,71,85,100,S,0,35.5,52.0,80.30000000000001,80.30000000000001,Persistence
AIT,"Applied Industrial Technologies, Inc. Common Stock",Industrials,Industrial Distribution,United States,その他,322.2200012207031,11.82510592,86.97201162948609,0.01875650476871264,0.015095198189627705,0.1580081854243184,0.3030967536656686,0.3424504154053485,0.18022108967786307,25.49440247980658,-0.053239022492569704,0.10976656899130871,True,27,24,46,65,63,B,0,36.3,34.05,54.15,54.15,Persistence
AIZ,"Assurant, Inc. Common Stock",Financial Services,Insurance - Property & Casualty,United States,その他,285.6499938964844,14.08933376,108.78265892562867,0.0788718164596927,0.06700743828380466,0.09208280192288826,,0.43818607162137846,0.06081356642123363,47.44215184209217,0.02570342814980231,0.05279044016674617,True,23,24,42,65,87,S,-20,15.700000000000003,16.450000000000003,36.75,36.75,Persistence
AJG,Arthur J. Gallagher & Co. Common Stock,Financial Services,Insurance Brokers,United States,その他,267.55999755859375,68.586594304,343.9992132611084,0.2065772392903505,0.14723987291501192,0.17792903421982084,0.4257638789269832,-0.2687423187218353,0.19082997240500954,64.06395471212551,0.07505538139580646,0.13042237179679825,True,31,17,66,40,65,A,-20,15.75,5.25,39.300000000000004,39.300000000000004,Persistence
ALB,Albemarle Corporation Common Stock,Basic Materials,Specialty Chemicals,United States,その他,137.36000061035156,16.209174528,291.91335249710085,-0.04366189954265214,-0.4408430392911536,0.313806880339405,0.13003183326841972,1.6975912025652469,0.20133189928968181,57.8664549407019,0.05856477726055084,0.36132713893799256,False,40,65,30,65,58,B,0,45.55,64.3,44.35,64.3,Transition
ALG,"Alamo Group, Inc. Common Stock",Industrials,Farm & Heavy Construction Machinery,United States,その他,165.27000427246094,2.011495424,26.771261642074585,-0.015227388421216164,-0.03618380363755592,0.11630096404900582,0.24805966147351619,-0.21348454636091724,0.1318883915011428,43.28629967527447,0.0073383989959055,0.24046023707078668,False,18,0,25,100,90,S,-20,17.5,4.0,36.75,36.75,Persistence
ALH,Alliance Laundry Holdings Inc. Common Stock,Consumer Cyclical,"Furnishings, Fixtures & Appliances",United States,その他,23.229999542236328,4.617870336,44.5585074719429,,,,0.37566703739738844,,0.6912974446686774,16.525406948410236,-0.09418455433407198,0.17065336121335428,False,4,0,19,85,53,B,-10,11.05,8.05,32.300000000000004,32.300000000000004,Persistence
ALK,"Alaska Air Group, Inc. Common Stock",Industrials,Airlines,United States,その他,42.31999969482422,4.72304384,99.05863488567353,0.2133787814230933,0.12555150585075772,0.08086253369272237,0.14172343563452489,-2.8524590163934427,0.3385393644712932,32.3823260443272,-0.10707127455186286,0.33730035561627847,False,39,5,26,85,53,B,0,47.3,21.8,46.15,47.3,Acceleration
ALL,Allstate Corporation (The) Common Stock,Financial Services,Insurance - Property & Casualty,United States,その他,260.5799865722656,65.889722368,441.66483664093016,0.05595528615287727,0.12235161068014348,0.11802358891281585,,0.13312693498452013,0.06254279463584896,41.480763059491245,0.027671921933134228,0.0528152359163882,True,2,24,42,40,87,S,-20,0.0,12.700000000000003,30.5,30.5,Persistence
ALLY,Ally Financial Inc. Common Stock,Financial Services,Credit Services,United States,その他,42.18000030517578,12.831142912,118.69388815876007,-0.014274474541980444,-0.019073869900771773,-0.0183982683982684,,-1.5112359550561798,0.10889684799134702,36.28618441574646,-0.04878717976900602,0.10109942067380429,False,18,12,10,65,80,S,-20,11.25,6.75,17.75,17.75,Persistence
ALSN,"Allison Transmission Holdings, Inc. Common Stock",Consumer Cyclical,Auto Parts,United States,その他,126.31999969482422,10.4312576,105.45256734523774,-0.06666666666666667,0.06260296540362438,0.09606356085229324,0.48604651162790696,0.004559270516717325,0.47517264057875697,54.02412404695606,0.05336369623921145,0.06677235759343485,True,10,12,30,65,72,A,0,24.45,25.95,47.15,47.15,Persistence
AM,Antero Midstream Corporation Common Stock,Energy,Oil & Gas Midstream,United States,電力/エネルギー,22.290000915527344,10.580483072,53.9261992149353,0.0698746245321256,0.05791038282410874,0.12293457776001179,0.653011918055624,0.28015058463737524,0.5476659535603989,54.82094300809441,0.006175711899936996,0.03571055490470381,True,38,24,46,65,87,S,0,46.95,36.45,58.95,58.95,Persistence
AMBQ,"Ambiq Micro, Inc. Common Stock",Technology,Semiconductors,United States,半導体,57.34000015258789,1.386741248,23.74592756319046,-0.04670882248544047,0.16067259715885682,-0.27987649437412093,0.44260418677772567,-0.07846098811558488,0.0036712150747238467,38.399159045007636,-0.2025034732367704,0.3662688105084619,True,4,18,14,100,51,B,-15,8.100000000000001,18.6,27.900000000000006,27.900000000000006,Persistence
AMC,"AMC Entertainment Holdings, Inc. Class A Common Stock",Communication Services,Entertainment,United States,その他,2.5899999141693115,2.311845888,55.67906705483675,0.04565254895195377,-0.03644599592735735,0.2304034361098328,0.669574542679783,-0.23489706378670266,1.014742198608097,57.39129515361512,0.10740546985718605,0.17777782991870003,True,30,0,12,100,70,A,-30,14.5,0.0,15.600000000000001,15.600000000000001,Persistence
AME,"AMETEK, Inc.",Industrials,Specialty Industrial Machinery,United States,その他,236.25,54.162968576,320.8842,0.06626193240918692,0.052180174171397385,0.07258236282076504,0.3604103759487083,-0.017780279743538064,0.14591166801296254,29.85216669846355,-0.02259633260226738,0.08614416664118814,True,22,12,41,40,73,A,0,29.8,22.3,47.15,47.15,Persistence
AMG,"Affiliated Managers Group, Inc. Common Stock",Financial Services,Asset Management,United States,その他,370.8699951171875,9.590672384,93.07538832458496,0.016414327012592482,-0.008212654290990377,-0.11667239010989011,0.5083879676050906,0.04134812102939593,0.2922974998370876,56.2478970090115,0.02855332903980491,0.03270560024871917,True,40,24,34,85,87,S,-20,31.450000000000003,19.450000000000003,37.35000000000001,37.35000000000001,Persistence
AMP,"Ameriprise Financial, Inc. Common Stock",Financial Services,Asset Management,United States,その他,559.3200073242188,49.406533632,211.32228516723632,0.07043558850787766,0.11129707112970712,0.08956375368214335,,0.2713818351768188,0.03070653312659766,51.47420604400852,0.06455272355724062,0.019906051547905614,True,5,24,42,40,60,B,-20,0.0,10.0,25.1,25.1,Persistence
AMPX,"Amprius Technologies, Inc. Common Stock",Industrials,Electrical Equipment & Parts,United States,電力/エネルギー,9.890000343322754,1.444737408,57.379012791862486,2.0513429795901046,1.6808099192355819,1.102104256336681,0.11491983145833044,0.028036871905686697,0.2541382233525186,32.54545990494471,-0.12930940761272622,0.5683107634572979,False,67,70,44,100,33,D,-15,53.55,55.8,40.800000000000004,55.8,Transition
AMR,"Alpha Metallurgical Resources, Inc. Common Stock",Basic Materials,Coking Coal,United States,その他,226.22999572753906,2.868380416,83.42004862457276,-0.27992026470225223,-0.14810436199396385,-0.1536415616180254,0.011664344504599947,-0.9533603974062577,0.0058825953926685045,93.63702211237332,0.38730639689770846,0.09381133082925791,True,0,0,25,100,35,C,0,18.5,18.5,45.75,45.75,Persistence
AMRC,"Ameresco, Inc. Class A Common Stock",Industrials,Engineering & Construction,United States,その他,21.989999771118164,1.166925952,18.89215855336189,0.09164101590573176,0.2875640261800786,-0.2465378075905684,0.1573463635394379,-0.3604418421938718,0.4288493912623366,37.91329622342184,-0.10797589618510856,0.49132546833285023,False,3,0,2,100,45,C,-15,6.75,4.5,20.1,20.1,Persistence
AMTB,Amerant Bancorp Inc. Class A Common Stock,Financial Services,Banks - Regional,United States,その他,28.84000015258789,1.130235392,9.643375051021575,0.37352969114915835,-0.07180101487037448,0.044291479208404906,,0.7279023438022275,0.0944473048939871,55.05130576145803,0.05787996002394831,0.05398311512007475,True,41,55,38,100,72,A,-25,27.950000000000003,38.45,35.300000000000004,38.45,Transition
AMTM,"Amentum Holdings, Inc. Common Stock",Industrials,Specialty Business Services,United States,その他,20.309999465942383,4.965925376,52.52206481891632,0.7159036719122556,0.06649713922441196,0.024622199062011463,0.10512054470923365,3.0,0.3636125654450262,25.328556076031404,-0.05509395635826731,0.4588329302811959,False,64,57,46,85,28,D,0,63.55,58.3,52.15,63.55,Acceleration
AN,"AutoNation, Inc. Common Stock",Consumer Cyclical,Auto & Truck Dealerships,United States,その他,200.08999633789062,6.615136768,69.16410858413697,0.032355204854027965,-0.006809183306183184,-0.0013377802482860848,0.17908973124778332,-13.31159420289855,0.7076194049554619,36.05299504355247,-0.005926996024316848,0.1299678230495299,False,18,0,0,85,80,S,-10,24.25,10.75,27.25,27.25,Persistence
ANET,"Arista Networks, Inc. Common Stock",Technology,Computer Hardware,United States,その他,195.3800048828125,246.418096128,1462.7358521557617,0.28595907526666764,0.19502747346506946,0.33754516343285457,0.6405609780472368,0.15673793591208313,,52.472458035877125,0.0825672431234839,0.07182895542606889,True,41,29,87,25,72,A,0,41.7,32.7,68.5,68.5,Persistence
ANF,Abercrombie & Fitch Company Common Stock,Consumer Cyclical,Apparel Retail,United States,その他,148.4199981689453,6.594554368,318.20431297431946,0.06420115479428774,0.15602905802049535,0.15764338918439885,0.6147414537591155,-0.2826779759343132,0.3297957521922011,70.76559600019166,0.45678904078738913,0.0,True,12,0,53,85,10,D,0,22.75,13.75,52.400000000000006,52.400000000000006,Persistence
AOS,A.O. Smith Corporation Common Stock,Industrials,Specialty Industrial Machinery,United States,その他,60.380001068115234,8.206159872,79.75443391084671,0.0031691155286660906,-0.009006436877076411,0.026345933562428408,0.38833481280350896,0.15238497256226255,0.06112383861524755,41.807909082680155,-0.0112618015134422,0.24082275108394932,False,24,24,34,85,90,S,0,39.75,39.75,57.95,57.95,Persistence
APAM,Artisan Partners Asset Management Inc. Class A Common Stock,Financial Services,Asset Management,United States,その他,43.470001220703125,3.086214912,33.3480114364624,0.07634992561625181,0.14015655332463023,-0.018276728230064886,0.4571860000267405,-0.5345897426144977,0.19655269918315696,64.07846673200027,0.11884359976394582,0.003895466803916516,True,8,12,33,85,25,D,-20,1.25,4.25,24.400000000000006,24.400000000000006,Persistence
APD,"Air Products and Chemicals, Inc. Common Stock",Basic Materials,Specialty Chemicals,United States,その他,308.0899963378906,68.607184896,288.1303859251404,-0.005231145563029932,-0.039634920634920634,-0.007764635471626794,0.3141319066568084,-0.1954920634920635,0.4482811529609469,49.8862822190739,0.035969975877126664,0.01941502293553476,True,22,0,6,40,75,A,0,30.0,13.5,28.3,30.0,Acceleration
APG,APi Group Corporation Common Stock,Industrials,Engineering & Construction,United States,その他,39.689998626708984,17.152441344,94.86326416769028,0.12724422912510686,0.012990762124711317,0.05641964013418725,0.3143723928706864,0.23694029850746268,0.3437779767233662,35.875399139787945,-0.03864323955029147,0.19655875706973808,False,32,26,42,65,80,S,0,41.75,37.25,55.35,55.35,Persistence
APH,Amphenol Corporation Common Stock,Technology,Electronic Components,United States,半導体,157.74000549316406,194.490810368,898.188153978653,0.5171224552806006,0.21251005599496603,-0.005410758139903351,0.3688162219037268,1.0369887870469454,0.42779597592509294,38.962774232123,-0.020945668392410945,0.10537659402934133,True,67,41,41,25,90,S,0,63.0,43.5,46.8,63.0,Acceleration
APO,"Apollo Global Management, Inc. (New) Common Stock",Financial Services,Asset Management,United States,その他,135.0399932861328,79.74694912,466.2140984209442,0.22727272727272727,-0.20003676020095576,1.976294675419402,0.9549751942338295,,0.028992361410915306,55.251689299741884,0.07078206225232471,0.10452810249805829,True,42,5,33,40,85,S,-20,26.0,0.0,25.150000000000006,26.0,Acceleration
AR,Antero Resources Corporation Common Stock,Energy,Oil & Gas E&P,United States,電力/エネルギー,38.45000076293945,11.8210304,142.48666707727432,0.21728120193410777,-0.037457343746421456,-0.4844554357269614,0.22104830650968066,0.6633768819477524,0.26624474431023526,62.36562227185439,0.08359310094670859,0.14839425330028333,True,58,51,26,65,65,A,0,59.75,54.5,43.55,59.75,Acceleration
ARES,Ares Management Corporation Class A Common Stock,Financial Services,Asset Management,United States,その他,142.52999877929688,47.013040128,305.3405910848999,0.4419041897085061,0.06963245522158748,0.18866036774372816,0.5419738919093197,0.18340781843538687,0.49670250119711723,57.068205212701685,0.10450013218628626,0.19986270407863455,True,42,32,57,40,70,A,-20,24.5,17.0,35.35,35.35,Persistence
ARLO,"Arlo Technologies, Inc. Common Stock",Industrials,Building Products & Equipment,United States,その他,12.890000343322754,1.387135488,17.298251560735704,0.03603739386086133,0.0401281821587374,0.0015537892474521526,0.4399061396531626,0.3759512937595129,0.021713229516854077,24.86337822467908,-0.050376435988471906,0.33693415693377626,False,15,61,46,100,36,C,-5,24.85,59.349999999999994,52.5,59.349999999999994,Transition
ARMK,Aramark Common Stock,Industrials,Specialty Business Services,United States,その他,58.18000030517578,15.337704448,154.13918380851746,0.06353755518240328,0.08191703249326067,0.17504901817886387,0.08357316608793579,0.44370070447258175,0.4300748258369324,60.18147956052133,0.01504737243534499,0.06562544340025599,True,5,24,42,65,67,A,0,20.2,34.45,52.75,52.75,Persistence
AROC,"Archrock, Inc. Common Stock",Energy,Oil & Gas Equipment & Services,United States,電力/エネルギー,31.239999771118164,5.477564928,61.213686151514054,0.28699860313357656,0.16888594488542788,0.17120917537087496,0.4857183897630449,0.6956306070097366,0.5566667678322784,38.20223381342502,-0.12746159765621004,0.250394785427301,False,50,43,85,85,41,C,0,54.35,49.1,76.2,76.2,Persistence
ARW,"Arrow Electronics, Inc. Common Stock",Technology,Electronics & Computer Distribution,United States,その他,203.9199981689453,10.380634112,125.95934366897583,0.104916269997082,-0.15657647055980708,-0.1082118396348366,0.11236269742246564,-1.035852983974328,0.10609537653339426,51.10167298692805,-0.03559393534899793,0.13162714909122714,True,23,14,10,65,100,S,0,37.0,30.25,41.75,41.75,Persistence
ASAN,"Asana, Inc. Class A Common Stock",Technology,Software - Application,United States,ソフトウェア,10.1899995803833,2.348894976,42.71708964094162,0.09246058717238864,0.10938170493973984,0.19241537100794573,0.8902904125664196,3.0,0.29548814815516866,61.0599054544224,0.2556992779124718,0.3291639327269706,True,37,44,61,100,33,D,0,46.05,51.3,65.15,65.15,Persistence
ASB,Associated Banc-Corp Common Stock,Financial Services,Banks - Regional,United States,その他,30.920000076293945,5.839231488,44.01106430859566,0.43707413272195617,-0.06194667684879988,-0.11057048951785794,,0.082307356023779,0.0854457562570079,42.76094989654096,-0.001053220309087608,0.04361279538828731,True,46,32,30,85,87,S,-20,35.95,25.450000000000003,35.150000000000006,35.95,Acceleration
ASH,Ashland Inc. Common Stock,Basic Materials,Specialty Chemicals,United States,その他,74.37000274658203,3.405652992,46.24326770782471,-0.13677236157122574,-0.035600182565038795,-0.0836470096194061,0.30098684210526316,-1.0145985401459854,0.3231403166341358,43.42272959352698,0.06735368833360109,0.02720725029025631,True,4,0,10,85,60,B,0,21.75,18.75,38.75,38.75,Persistence
ASIC,Ategrity Specialty Insurance Company Holdings Common Stock,Financial Services,Insurance - Property & Casualty,United States,その他,26.59000015258789,1.27437696,2.0496901617622374,0.23413914854261067,0.4248288551111406,,,,,64.36781573196147,0.09592541795042261,0.011524143878754455,True,9,17,0,100,40,C,-25,0.75,6.75,8.0,8.0,Persistence
ATEN,"A10 Networks, Inc. Common Stock",Technology,Software - Infrastructure,United States,ソフトウェア,25.700000762939453,1.866051968,37.20614810451507,0.11028445218879922,0.03971394517282479,-0.10215525544164544,0.7933555206035304,-0.1720443853548783,0.3616279752879029,35.74116797807976,-0.1925292231362575,0.3241563969137774,True,50,2,36,100,51,B,-5,52.6,16.6,50.0,52.6,Acceleration
ATI,ATI Inc. Common Stock,Industrials,Metal Fabrication,United States,その他,210.75999450683594,28.69926912,323.08980257911685,0.05164943490520621,0.04513980401082972,0.08803441084462982,0.2195143218380782,0.9851279000594884,0.34304651345203546,32.841100375446175,0.04330020254336082,0.09068946580018057,True,27,24,38,65,90,S,0,39.0,36.75,55.150000000000006,55.150000000000006,Persistence
ATKR,Atkore Inc. Common Stock,Industrials,Electrical Equipment & Parts,United States,電力/エネルギー,93.5999984741211,3.161110784,137.2372537627411,-0.10982797598915446,-0.09000554456526033,-0.1009691235118291,0.2371938037691843,-0.25933181686090206,0.3267340411133264,60.0198606360496,0.14519687988212676,0.0006406703570582567,True,0,0,21,85,25,D,0,15.25,15.25,37.8,37.8,Persistence
ATMU,Atmus Filtration Technologies Inc. Common Stock,Consumer Cyclical,Auto Parts,United States,その他,47.72999954223633,3.894554624,33.57137247802734,0.056720172496406325,0.025489834776733614,0.04225081620894949,0.28243496004080937,1.619718309859155,0.4529503220552306,40.34954795601438,-0.06696501932739939,0.27037000104964837,False,30,24,34,85,63,B,0,41.55,37.05,52.550000000000004,52.550000000000004,Persistence
ATO,Atmos Energy Corporation Common Stock,Utilities,Utilities - Regulated Gas,United States,電力/エネルギー,166.64999389648438,28.161941504,170.76041599594117,0.12906215255161413,-0.025768608329082225,0.01753948794548443,0.5813101043962529,-0.25641568983311974,0.32933321845233343,49.11320485455533,-0.032807559873809976,0.12318347712015311,False,31,14,14,65,90,S,0,42.0,29.25,41.95,42.0,Acceleration
AUB,Atlantic Union Bankshares Corporation Common Stock,Financial Services,Banks - Regional,United States,その他,40.65999984741211,5.806853632,31.823362080574036,0.6845255104051711,0.1660747036714153,8.761724192413209e-05,,3.0,0.03782927967867826,38.568124854085816,-0.023815393932488254,0.054676236405639816,True,60,34,50,85,77,A,-20,45.45,25.950000000000003,44.150000000000006,45.45,Acceleration
AVA,Avista Corporation Common Stock,Utilities,Utilities - Diversified,United States,その他,37.65999984741211,3.154131712,25.897275495071412,0.013415892672858616,0.10616438356164383,0.02456140350877193,0.6481670061099797,-102.0,0.39310922359133865,49.022016671743884,-0.052341692518063795,0.10106576278594372,False,15,12,30,85,80,S,0,32.0,29.75,53.75,53.75,Persistence
AVNT,Avient Corporation Common Stock,Basic Materials,Specialty Chemicals,United States,その他,44.66999816894531,4.09711232,40.6110587853241,0.006110356746080731,0.03105511009291078,-0.07480349730636757,0.3115146310042329,0.44551519644180876,0.33198353690918747,43.87497901916504,0.128332295306894,0.0360380228343464,True,9,12,30,85,57,B,0,25.2,27.45,49.15,49.15,Persistence
AVY,Avery Dennison Corporation Common Stock,Consumer Cyclical,Packaging & Containers,United States,その他,177.75,13.471342592,128.24751375,0.011398289114519684,0.04679411307581029,-0.07467392386578607,0.28753881768392525,-0.02575107296137339,0.42411125123555676,48.83989747245044,0.05350439252727688,0.08951348199606309,True,0,0,17,65,85,S,0,18.25,18.25,42.6,42.6,Persistence
AWI,Armstrong World Industries Inc Common Stock,Industrials,Building Products & Equipment,United States,その他,175.08999633789062,7.39979776,62.423085494384765,0.12111779760669572,0.11619827053736875,0.05036087908523234,0.40640424481737414,0.3375,0.25661141996155246,31.949283210533906,0.04231811370885893,0.13383424570602595,True,44,26,42,85,90,S,0,54.75,41.25,62.35,62.35,Persistence
AWK,"American Water Works Company, Inc. Common Stock",Utilities,Utilities - Regulated Water,United States,その他,138.3000030517578,27.484219392,301.9497051628876,0.09735269000853972,0.10628247520075579,0.11656118143459916,0.6071984435797665,-0.2897196261682243,0.4491281530387676,58.02787988452398,0.03778953615396486,0.023083401740414098,True,12,12,34,65,75,A,0,26.25,26.25,49.95,49.95,Persistence
AWR,American States Water Company Common Stock,Utilities,Utilities - Regulated Water,United States,その他,89.87999725341797,3.562449664,19.236117012176514,0.10515249580575657,-0.00040288803573616875,0.21193299262707313,0.7438764392400236,0.7865655471289275,0.345615176207657,67.83441453325389,0.052284405524892746,0.013391890682080444,True,44,26,26,85,40,C,0,49.75,36.25,43.55,49.75,Acceleration
AX,"Axos Financial, Inc. Common Stock",Financial Services,Banks - Regional,United States,その他,97.8499984741211,5.55142656,27.35249932346344,0.17796408844450637,0.15682502478033075,0.20586490761377527,,-0.33241003581599476,0.03583204372197209,45.26690356675086,-0.0005617893201104795,0.06898192298057147,True,23,14,70,85,87,S,-20,18.700000000000003,11.950000000000003,57.150000000000006,57.150000000000006,Persistence
AXP,American Express Company Common Stock,Financial Services,Credit Services,United States,その他,333.20001220703125,225.013235712,771.5696102670288,0.09524026141412303,0.08979591836734693,0.14477318300480496,,0.31831287585468326,0.19249663391678776,42.19097102340191,-0.026996381257869486,0.12724951133941162,False,23,24,50,25,90,S,-20,10.0,10.75,31.75,31.75,Persistence
AXTA,Axalta Coating Systems Ltd. Common Shares,Basic Materials,Specialty Chemicals,United States,その他,37.02000045776367,7.923020288,57.601454812259675,-0.030136467020470053,0.017746913580246913,0.06142506142506143,0.3443423881180379,0.0389908256880734,0.4250559284116331,46.476529397457725,0.059591292778874455,0.03063624537883721,True,6,12,26,85,72,A,0,24.45,28.95,49.949999999999996,49.949999999999996,Persistence
AYI,Acuity Inc. Common Stock,Industrials,Electrical Equipment & Parts,United States,電力/エネルギー,335.1600036621094,10.03319808,74.38373541275024,0.13137203853163237,-0.028136227923688074,-0.013454481915079504,0.47829988954344627,-0.03998559077809798,0.211221399730821,33.644201004409055,-0.019343677568927003,0.10965558558719236,True,31,2,33,65,90,S,0,42.0,20.25,52.400000000000006,52.400000000000006,Persistence
AZZ,AZZ Inc.,Industrials,Specialty Business Services,United States,その他,138.33999633789062,4.157324288,29.200114727020264,0.04584774209250677,0.026115561440671075,0.16162895148185055,0.23935506157277223,2.31778908569979,0.24323122837675076,26.46365367614861,-0.0688328513448867,0.13484672771430536,True,30,24,42,85,63,B,0,41.55,37.05,56.95,56.95,Persistence
BA,Boeing Company (The) Common Stock,Industrials,Aerospace & Defense,United States,防衛/宇宙,209.82000732421875,165.835456512,1125.1734275765991,0.3449644451794278,-0.14495976553461706,0.1679377852510209,0.04794160714485318,0.8690095846645367,0.3235533628555295,11.472660850817476,-0.04835765373641449,0.1678762149391264,False,51,69,14,25,63,B,0,48.3,61.8,26.550000000000004,61.8,Transition
BAC,Bank of America Corporation Common Stock,Financial Services,Banks - Diversified,United States,その他,62.31999969482422,435.788087296,1736.5333926963424,0.06840424727932286,0.030038241103834813,0.08234860452869931,,,0.10724856363530845,41.14943244399857,0.019586798062838126,0.03841996539991167,True,18,12,22,10,87,S,-20,3.700000000000003,0.0,12.0,12.0,Persistence
BAH,Booz Allen Hamilton Holding Corporation Common Stock,Industrials,Consulting Services,United States,その他,75.23999786376953,9.050241024,122.85713531181335,-0.06368948247078464,0.12361658225473644,0.15152824279079813,0.527057145404297,0.043907793633369926,0.5790952514751334,43.242264901485484,0.09352614794876837,0.29623865434198215,False,10,12,30,85,58,B,0,26.05,27.55,49.35,49.35,Persistence
BALL,Ball Corporation Common Stock,Consumer Cyclical,Packaging & Containers,United States,その他,63.77000045776367,16.88013312,110.00006228961945,0.11581178465451462,-0.02213563256508042,-0.0979658988932097,0.19588177190183118,3.0,0.3591477156320426,58.81480962389325,0.018804026435419917,0.052606293960330223,True,47,27,26,65,87,S,0,53.7,38.7,47.95,53.7,Acceleration
BAM,Brookfield Asset Management Inc Class A Limited Voting Shares,Financial Services,Asset Management,United States,その他,52.119998931884766,83.248750592,131.7906292991638,0.15517673602406618,0.07404415724286484,,0.7020399305555556,,0.2124714025928316,47.235019260992004,0.06105761700559621,0.1269301563678666,True,23,21,22,40,85,S,-20,11.75,10.25,19.1,19.1,Persistence
BANC,"Banc of California, Inc. Common Stock",Financial Services,Banks - Regional,United States,その他,18.600000381469727,2.946844672,42.65798487487793,0.11894239615210232,2.541458771126318,-0.7924075533718066,,2.649649447354921,0.08668910203227008,42.73857509063871,-0.0690876819542437,0.1479615003905128,False,17,26,38,100,80,S,-20,15.75,22.5,41.900000000000006,41.900000000000006,Persistence
BBAI,"BigBear.ai, Inc. Common Stock",Technology,Information Technology Services,United States,その他,3.049999952316284,1.46245824,62.18635752777815,-0.19315452867868246,0.019798406846949036,0.0009870267271354935,0.22305595588696034,0.05922856620559381,0.12834652623059492,42.857142857142854,-0.043347353076725936,0.6576879905107799,False,2,30,10,100,65,A,-15,8.0,29.0,28.5,29.0,Transition
BBT,Beacon Financial Corporation Common stock,Financial Services,Banks - Regional,United States,その他,31.389999389648438,2.630987008,23.002277652740478,0.5552608709103131,-0.042409764453038734,0.13197526949904884,,1.122217887545139,0.03785783449119592,52.44907977407586,0.0225003280408498,0.03741187359303065,True,48,34,38,100,87,S,-20,39.7,29.200000000000003,43.30000000000001,43.30000000000001,Persistence
BBWI,"Bath & Body Works, Inc.",Consumer Cyclical,Specialty Retail,United States,その他,19.219999313354492,3.875622656,128.72383120126725,-0.002189681127685781,-0.01642212949252928,-0.017328042328042328,0.4373885612398848,0.3106060606060606,0.9773130795028605,50.55776717179492,-0.04297311932146622,0.37074906714349987,False,39,12,24,85,73,A,-20,29.299999999999997,9.05,29.050000000000004,29.299999999999997,Acceleration
BBY,"Best Buy Co., Inc. Common Stock",Consumer Cyclical,Specialty Retail,United States,その他,82.44000244140625,17.3756416,315.4269909411621,0.003925062608360624,-0.0442787443615944,-0.061471337854766946,0.22482070470845025,-0.09626436781609195,0.28173142467620993,50.020951280840805,-0.007698614059633388,0.08572691454485673,True,30,12,21,65,100,S,0,42.25,28.75,47.8,47.8,Persistence
BC,Brunswick Corporation Common Stock,Consumer Cyclical,Recreational Vehicles,United States,その他,76.63999938964844,4.96607488,48.86259801086426,0.02400183307555708,-0.18188208829318586,-0.060303573001379875,0.24841500708585068,0.5011363636363636,0.4297277963932081,36.00826670754646,-0.047390787203380205,0.12710565763966486,False,27,12,22,85,80,S,0,41.0,29.75,49.35,49.35,Persistence
BCAT,BlackRock Capital Allocation Term Trust Common Shares of Beneficial Interest,Financial Services,Asset Management,United States,その他,16.0,1.676404352,9.7524,0.13118431597820956,-0.04460799312495775,1.6458395319810109,,,,55.810694923639396,0.03061689511519188,0.0,True,23,14,8,100,75,A,-25,14.75,8.0,19.4,19.4,Persistence
BCC,"Boise Cascade, L.L.C. Common Stock",Basic Materials,Lumber & Wood Production,United States,その他,78.75,2.74769408,25.22205,-0.047543875981627216,-0.01666377849872299,-0.18469122448957692,0.16455263759847422,-0.939080531350748,0.1575641521149508,29.811575526381986,-0.0015949088768962318,0.12983117312514764,True,0,0,25,100,73,A,0,22.3,22.3,53.35,53.35,Persistence
BCO,Brinks Company (The) Common Stock,Industrials,Security & Protection Services,United States,その他,110.97000122070312,4.56985856,48.19205213012695,0.04974161495640376,0.028166413654453697,0.07476573696395106,0.2581160191591272,1.1444717444717445,0.6290467625899281,51.03231362692339,0.008992155101359584,0.17778159662905976,False,33,24,32,85,90,S,-10,36.5,29.75,46.85,46.85,Persistence
BDC,Belden Inc Common Stock,Technology,Communication Equipment,United States,通信/光通信,115.20999908447266,4.502198272,43.477949454498294,0.10329832152163834,-0.020343666851904633,-0.036217741517791203,0.3797783878426367,-0.019212830080367393,0.3956924287332082,22.66995433446165,-0.01746743969907833,0.23592231555616677,False,39,14,25,85,63,B,0,48.3,29.55,47.6,48.3,Acceleration
BDJ,Blackrock Enhanced Equity Dividend Trust,Financial Services,Asset Management,United States,その他,9.869999885559082,1.746444032,4.015362703442573,0.6714484577347699,0.0998032695068475,3.0,,,,55.27149729579728,0.02721879157742129,0.0,True,36,22,20,100,75,A,-25,24.5,14.0,26.0,26.0,Persistence
BE,Bloom Energy Corporation Class A Common Stock,Industrials,Electrical Equipment & Parts,United States,電力/エネルギー,210.77000427246094,62.077534208,2689.630755270767,0.37326441660515003,0.10527870893233443,0.11203585948087147,0.2902182516351333,0.725396729620467,0.6804977629869237,50.07702429501573,-0.10920095112699676,0.390573946645021,True,44,20,57,40,73,A,-10,36.3,18.3,45.95,45.95,Persistence
BEN,"Franklin Templeton, Inc. Common Stock",Financial Services,Asset Management,United States,その他,34.650001525878906,17.604866048,118.66932522583008,0.03452465204057561,0.08008255408056666,-0.05146641209382137,0.8034364417891389,0.1478217073784941,0.41089275618429144,71.3208546681273,0.03050071975391963,0.0313111243374803,True,17,24,37,65,52,B,-20,7.699999999999999,12.950000000000003,27.0,27.0,Persistence
BEPC,Brookfield Renewable Corporation Brookfield Renewable Corporation Class A Subordinate Voting Shares,Utilities,Utilities - Renewable,United States,その他,32.290000915527344,5.993000448,55.54445232486725,-0.09995171414775471,0.044113940005041596,0.05002646903123346,0.5989806866952789,-0.59,0.33639527092744287,44.41776138937507,-0.06812039340711666,0.25809279530599816,False,8,0,14,85,63,B,0,25.05,19.05,41.550000000000004,41.550000000000004,Persistence
BF-A,Brown Forman Inc Class A Common Stock,Consumer Defensive,Beverages - Wineries & Distilleries,United States,その他,27.75,12.733483008,2.84895375,-0.011823899371069183,-0.04858784107228339,-0.011825922421948912,0.6053971486761711,1.0719257540603249,0.31694958196098305,41.59132705783019,-0.0002809989092756928,0.08513609119039461,True,42,12,38,65,100,S,-20,31.25,8.75,37.150000000000006,37.150000000000006,Persistence
BF-B,Brown Forman Inc Class B Common Stock,Consumer Defensive,Beverages - Wineries & Distilleries,United States,その他,27.219999313354492,12.490285056,49.2724178570652,-0.011823899371069183,-0.04858784107228339,-0.011825922421948912,0.6053971486761711,1.0719257540603249,0.31694958196098305,40.69097235188037,-0.001870141664758226,0.10263288999412261,True,42,12,38,65,100,S,-20,31.25,8.75,37.150000000000006,37.150000000000006,Persistence
BFH,"Bread Financial Holdings, Inc. Common Stock",Financial Services,Credit Services,United States,その他,105.73999786376953,4.062453248,41.52356846111297,0.0018238665971860343,-0.10640279394644936,0.10981912144702842,,,0.19384018002912234,44.60168735158855,0.004161351316821266,0.06754853226665339,True,18,12,10,85,87,S,-20,14.950000000000003,10.450000000000003,24.150000000000006,24.150000000000006,Persistence
BG,Bunge Limited Common Shares,Consumer Defensive,Farm Products,United States,その他,115.4800033569336,22.185916416,153.01215924797057,0.32426376440460947,-0.10802821632515956,-0.11440980485483103,0.04847218075047278,-2.677480916030534,0.3560680919870643,57.84951823994645,0.029390321417396604,0.1156827576133791,True,44,8,6,65,100,S,-20,32.75,5.75,19.549999999999997,32.75,Acceleration
BH,Biglari Holdings Inc. Class B Common Stock,Consumer Cyclical,Restaurants,United States,その他,376.9700012207031,1.200452736,64.61642790924073,0.09153747162495789,-0.008770441095155453,-0.007910795125885653,0.3780160450942542,3.0,0.3497590656369376,43.100974820187666,-0.027617850475105565,0.20957395243002575,True,34,12,30,100,100,S,-25,25.5,9.0,36.5,36.5,Persistence
BH-A,Biglari Holdings Inc. Class A Common Stock,Consumer Cyclical,Restaurants,United States,その他,1905.6800537109375,1.213718144,40.819857318493646,0.09153747162495789,-0.008770441095155453,-0.007910795125885653,0.3780160450942542,3.0,0.3497590656369376,46.56137349326295,-0.02221220575203846,0.22627373181910682,True,34,12,30,100,100,S,-25,25.5,9.0,36.5,36.5,Persistence
BHE,"Benchmark Electronics, Inc. Common Stock",Technology,Electronic Components,United States,半導体,71.30999755859375,2.56145024,20.843199186401367,0.001130602894087395,-0.0644144226650736,-0.016406642204237838,0.10156187714075547,-0.4523375990562409,0.14927970304795785,27.996459638290574,-0.13442216012565497,0.27728794079336117,True,18,0,25,100,34,D,0,31.9,18.4,45.55,45.55,Persistence
BILL,"BILL Holdings, Inc. Common Stock",Technology,Software - Application,United States,ソフトウェア,50.310001373291016,5.010711552,127.0508650680542,0.13031171157619806,0.13362404392592617,0.2189050590098142,0.8092773839192818,0.14532056291454884,0.18443583513592837,54.14365905092004,0.1499796897274103,0.10655300752391604,True,28,28,82,85,70,A,0,40.75,40.75,80.35,80.35,Persistence
BIPC,Brookfield Infrastructure Corporation Brookfield Infrastructure Corporation,Utilities,Utilities - Regulated Gas,United States,その他,38.630001068115234,4.75169792,39.80589830062866,0.0005455537370430987,0.4646424290850979,0.3271474019088017,0.6363140676117776,,0.5522996878251821,52.34272028352352,-0.03183924955686998,0.22724226936878675,False,12,18,41,85,90,S,0,30.75,35.25,61.8,61.8,Persistence
BJ,"BJ's Wholesale Club Holdings, Inc. Common Stock",Consumer Defensive,Discount Stores,United States,その他,90.5999984741211,11.444110336,173.50896307777404,0.04660419151407359,0.026697546343678345,0.03383476144262811,0.18639935343138184,0.04832065045431447,0.36296505880120766,38.274701221758356,-0.015307314221510026,0.11850555020272306,False,20,24,38,65,80,S,0,32.75,35.75,53.150000000000006,53.150000000000006,Persistence
BKE,"Buckle, Inc. (The) Common Stock",Consumer Cyclical,Apparel Retail,United States,その他,43.43000030517578,2.237339648,17.88273692565918,0.06581811940487267,-0.034424653993094925,-0.06250803791591801,0.4899374727912254,0.03023946249856062,0.3871906900075559,31.910108603126687,-0.0019005255041756812,0.2330918031410938,False,40,24,34,100,80,S,0,53.0,41.0,59.7,59.7,Persistence
BKH,Black Hills Corporation Common Stock,Utilities,Utilities - Regulated Gas,United States,その他,72.80000305175781,5.551228928,58.46859445098877,0.08567937209193026,-0.08733324754428859,-0.08640959322830943,0.38471861471861474,-4.879518072289157,0.4324918581758634,48.53231212799265,-0.004647300284376849,0.03428241842065287,True,22,12,6,85,87,S,0,37.95,30.450000000000003,41.95,41.95,Persistence
BKV,BKV Corporation Common Stock,Energy,Oil & Gas E&P,United States,電力/エネルギー,24.229999542236328,2.65167872,23.220577761306764,0.41588339040607075,-0.20197125818014697,-0.39188349998765226,0.5016501968402127,-3.4624340730420937,0.2889151431348602,38.810624811205074,-0.04842322141159681,0.24657961264928,False,62,73,14,100,80,S,0,69.5,77.75,48.7,77.75,Transition
BLDR,"Builders FirstSource, Inc. Common Stock",Industrials,Building Products & Equipment,United States,その他,67.72000122070312,7.286432256,122.35717540557862,-0.07376937228468512,-0.04075712406557047,-0.24768918709494828,0.30385669120678144,-0.42814097765398695,0.45386050137352246,41.01264967059994,-0.09556650745035193,0.546143032145515,False,4,0,21,85,55,B,0,21.25,18.25,43.8,43.8,Persistence
BLK,"BlackRock, Inc. Common Stock",Financial Services,Asset Management,United States,その他,1164.47998046875,189.200269312,666.8918624145508,0.18665163914343116,0.14267316199115293,-0.0007833044256700051,0.4670465807730426,-0.24441608168474793,0.08821280250355887,59.9006106431811,0.07750167628622229,0.01604612775654057,True,43,2,41,25,60,B,-20,22.0,0.0,20.799999999999997,22.0,Acceleration
BMEZ,BlackRock Health Sciences Term Trust Common Shares of Beneficial Interest,Financial Services,Asset Management,United States,その他,16.780000686645508,1.048773632,2.436623899707794,,,,,,,64.62785791598111,0.07558297242316744,0.027246337006057518,True,0,0,0,100,40,C,-25,0.0,0.0,8.0,8.0,Persistence
BMI,"Badger Meter, Inc. Common Stock",Technology,Scientific & Technical Instruments,United States,その他,135.61000061035156,3.930906368,41.336640386047364,0.10901231371543195,0.17476890015804614,0.24404492474821773,0.4168053035848507,0.19305844630702593,,49.36661496808391,-0.009948149919478594,0.2698451911964431,False,11,26,61,85,73,A,0,28.3,39.55,69.4,69.4,Persistence
BMNR,"BitMine Immersion Technologies, Inc. Common Stock",Financial Services,Capital Markets,United States,その他,23.799999237060547,14.3567872,926.6115582962799,0.8413897280966768,3.0,0.5088257507558416,0.05086136177194422,-48.18867924528302,,75.67566963829282,0.36118224818722555,0.6234263072193071,True,22,45,38,65,10,D,-30,0.0,14.5,9.150000000000006,14.5,Transition
BNY,The Bank of New York Mellon Corporation Common Stock,Financial Services,Banks - Diversified,United States,その他,162.5,110.256922624,376.8935625,0.08221053784642349,0.052698339483394835,0.07154330903249723,,3.0,0.07261909803091256,57.20321931589537,0.04605248419038072,0.010774969418794068,True,30,37,42,25,75,A,-20,13.75,19.0,24.35,24.35,Persistence
BOH,Bank of Hawaii Corporation Common Stock,Financial Services,Banks - Regional,United States,その他,77.29000091552734,3.049121024,22.813303120231627,0.1249254748654594,-0.061304803498635756,-0.03504517267608176,,0.14275526782503006,0.02690967094969285,39.85504121539813,-0.042568470423726,0.09970876774300821,True,25,26,30,85,90,S,-20,20.5,21.25,35.75,35.75,Persistence
BOOT,"Boot Barn Holdings, Inc. Common Stock",Consumer Cyclical,Apparel Retail,United States,その他,154.85000610351562,4.689608192,99.02580465316773,0.17934921385753994,0.14642692390982892,0.0056671784461409915,0.38083793174284636,3.0,0.3156964582716856,37.14447080214856,-0.0360420910419745,0.2554572108638061,False,51,39,50,85,63,B,0,57.3,48.3,61.35,61.35,Persistence
BOW,Bowhead Specialty Holdings Inc. Common Stock,Financial Services,Insurance - Property & Casualty,United States,その他,33.599998474121094,1.106884864,17.506439204978943,0.29593366416661965,0.5016406861949488,0.5107408236585964,,0.1196599982828196,0.06175612808765881,56.25,0.060793526907814366,0.007971670099744144,True,11,29,85,100,60,B,-25,4.25,17.75,58.75,58.75,Persistence
BOX,"Box, Inc. Class A Common Stock",Technology,Software - Infrastructure,United States,ソフトウェア,34.97999954223633,4.799282688,112.20167163167953,0.07991982607578912,0.05048369487184182,0.04729864745668975,0.7921882552008787,0.04353900500246647,0.3415009766761963,58.6683535689725,0.15303221511675577,0.0,True,47,12,53,85,45,C,0,52.5,26.25,59.400000000000006,59.400000000000006,Persistence
BRBR,"BellRing Brands, Inc. Common Stock ",Consumer Defensive,Packaged Foods,United States,その他,10.6899995803833,1.24301376,40.20198832194328,0.16050495942290352,0.1976241900647948,0.21531170251549397,0.33255633255633255,0.2937310414560162,1.1522848034006377,42.580635766783246,-0.10365417113999532,0.7495314080612382,False,14,14,69,100,55,B,-45,0.0,0.0,28.950000000000003,28.950000000000003,Persistence
BRK-A,Berkshire Hathaway Inc. Common Stock,Financial Services,Insurance - Diversified,United States,その他,757985.0,1081.750716416,121.2776,-0.032317222651756586,-0.034381351900704925,0.8765382003323068,,1.1558195592286502,0.10561572146728458,27.522521392185894,0.007575469161944405,0.04513646126616403,True,30,12,38,10,60,B,-20,10.0,0.0,15.400000000000006,15.400000000000006,Persistence
BRK-B,Berkshire Hathaway Inc. New Common Stock,Financial Services,Insurance - Diversified,United States,その他,505.0,1081.058459648,2144.06335,-0.032317222651756586,-0.034381351900704925,0.8765382003323068,,1.1558195592286502,0.10561572146728458,27.661889703287827,0.0065728235045810855,0.046125918360547365,True,30,12,38,10,60,B,-20,10.0,0.0,15.400000000000006,15.400000000000006,Persistence
BRO,"Brown & Brown, Inc. Common Stock",Financial Services,Insurance Brokers,United States,その他,73.30999755859375,24.530284544,129.27191729492188,0.2248671625929862,0.12050488211478924,0.1785012629806343,0.4907166406385563,0.26556776556776557,0.26401253709446165,56.42925072634045,0.06678763625102721,0.23652305256086376,True,40,29,71,65,85,S,-20,28.25,20.0,52.30000000000001,52.30000000000001,Persistence
BROS,Dutch Bros Inc. Class A Common Stock,Consumer Cyclical,Restaurants,United States,その他,49.90999984741211,8.754035712,230.891644894104,0.2787976721584056,0.3264100578187903,0.30684752074391214,0.2587941707734109,1.2034097351583382,0.3618838047475272,45.51947860537688,-0.18747232438541753,0.3191924497402821,False,21,29,81,85,51,B,-20,13.600000000000001,19.6,56.000000000000014,56.000000000000014,Persistence
BSTZ,BlackRock Science and Technology Term Trust Common Shares of Beneficial Interest,Financial Services,Asset Management,United States,その他,31.290000915527344,2.151004672,4.961811895179749,0.15302130376586628,-0.028455445523854667,1.2115133955496706,,,,60.205731923435145,0.0645391397207092,0.013244975751228318,True,23,14,8,100,40,C,-20,16.25,9.5,17.4,17.4,Persistence
BTT,BlackRock Municipal 2030 Target Term Trust,Financial Services,Asset Management,United States,その他,22.56999969482422,1.436025472,1.4681784801483155,,3.0,0.9962430766262386,,,0.02897715031861973,49.71232179897052,9.400892811663651e-05,0.013723972602397199,True,0,0,10,100,75,A,-25,0.0,0.0,20.5,20.5,Persistence
BTU,Peabody Energy Corporation Common Stock ,Energy,Thermal Coal,United States,電力/エネルギー,28.920000076293945,3.525348096,61.75302076291084,-0.08855949205749758,-0.14353003012109083,-0.007065577390152351,0.1363718762139065,-1.4299019607843138,0.07919479267116683,72.57699542835309,0.20439647600841246,0.2632719231669998,True,18,0,10,85,18,D,0,28.05,14.55,30.35,30.35,Persistence
BTX,BlackRock Technology and Private Equity Term Trust Common Shares of Beneficial Interest,Financial Services,Asset Management,United States,その他,8.960000038146973,1.045724288,4.036032017183304,-0.7178162771595705,-0.8112511716657763,1.1303788822444711,,,,62.015243296630594,0.045747404792550767,0.03725339281339109,True,18,0,0,100,67,A,-25,10.200000000000003,0.0,13.399999999999999,13.399999999999999,Persistence
BURL,"Burlington Stores, Inc. Common Stock",Consumer Cyclical,Apparel Retail,United States,その他,272.95001220703125,17.145408512,327.3530438900757,0.0876448061241828,0.09327772584579315,0.11776509651593936,0.43918280681703237,3.0,0.6054141033769641,5.811147357934942,-0.19586388974987926,0.2666379794819941,False,16,37,36,65,24,D,-10,14.149999999999999,29.9,30.849999999999994,30.849999999999994,Persistence
BW,"Babcock & Wilcox Enterprises, Inc. Common Stock",Industrials,Specialty Industrial Machinery,United States,その他,7.159999847412109,1.066589888,39.29067816267013,0.011422641165222989,-0.010909901812585965,-0.03608084182614446,0.24477943628802265,0.3407803601662306,0.5561017772401039,35.5704653419339,-0.32700443060289913,0.6723112255190498,False,38,37,2,100,25,D,-15,31.0,30.25,16.1,31.0,Acceleration
BWA,BorgWarner Inc. Common Stock,Consumer Cyclical,Auto Parts,United States,その他,64.08999633789062,13.052976128,141.29568997634888,0.016328269203464432,-0.00788843499084378,0.12370399683419074,0.18678401788208998,0.6570644718792867,0.2946473963250781,35.34724747165792,-0.02548435390608609,0.16798653312304213,True,27,12,26,65,90,S,0,39.0,27.75,48.55,48.55,Persistence
BWXT,"BWX Technologies, Inc. Common Stock",Industrials,Aerospace & Defense,United States,防衛/宇宙,152.85000610351562,14.004420608,159.46382586761476,0.18300085735822705,0.0830606307151879,0.11800026334246075,0.22913121301890774,0.15899929743583704,0.47196192433796597,31.314757608860788,-0.13083456044552008,0.3570340521347091,False,25,26,42,65,41,C,0,32.6,33.35,47.550000000000004,47.550000000000004,Persistence
BX,Blackstone Inc. Common Stock,Financial Services,Asset Management,United States,その他,142.38999938964844,170.198450176,551.054993237915,0.13535214179720306,0.5600239144275673,-0.017662904801481416,,0.32956772496069736,0.27890276410256143,51.192414963697395,0.09598933882826237,0.21472301516600711,True,10,26,41,25,85,S,-20,0.0,11.75,25.799999999999997,25.799999999999997,Persistence
BY,"Byline Bancorp, Inc. Common Stock",Financial Services,Banks - Regional,United States,その他,38.29999923706055,1.730639872,8.250394335651398,0.0940848490855925,0.05194009619019069,0.19793959947412632,,-0.20358361375958123,0.051301835884681096,47.33093138426117,0.007624513018091655,0.03647800661482901,True,18,12,45,100,87,S,-25,12.200000000000003,7.700000000000003,42.150000000000006,42.150000000000006,Persistence
BYD,Boyd Gaming Corporation Common Stock,Consumer Cyclical,Resorts & Casinos,United States,その他,79.47000122070312,5.773925888,61.73031019821167,0.04116717902475043,0.05127789493731697,0.05150368020044006,0.49540773447826963,-0.4548632505501415,0.41243876137125857,38.14064470720465,-0.07145159066384728,0.12919132850695694,False,8,12,37,85,70,A,0,25.75,28.75,55.6,55.6,Persistence
C,"Citigroup, Inc. Common Stock",Financial Services,Banks - Diversified,United States,その他,132.89999389648438,222.931337216,1167.1968543957519,0.05628966679888933,0.03306441285695992,0.04846938775510204,,-1.8335817188276204,0.13838052206794968,43.8166148280215,-0.02156362803271264,0.08302537591580506,True,18,12,22,25,100,S,-30,0.0,0.0,8.350000000000001,8.350000000000001,Persistence
CACI,"CACI International, Inc. Class A Common Stock",Technology,Information Technology Services,United States,その他,628.2000122070312,13.8829312,186.31155962036132,0.10894461917628362,0.12637248440957974,0.14282423425367016,0.0961367314190681,0.620372409151527,0.4555579677357457,43.61784387368604,0.17204206367448,0.07628514818714156,True,14,26,52,65,57,B,0,25.95,34.95,56.25,56.25,Persistence
CAG,"ConAgra Brands, Inc. Common Stock",Consumer Defensive,Packaged Foods,United States,その他,16.09000015258789,7.700121088,158.7058082050705,-0.02852025351336456,-0.036354131226713354,-0.018416551274741386,0.23918593107360658,-0.2486565330876708,0.42076135784745056,73.40426827082479,0.096646166262194,0.16662856668665516,True,18,0,17,85,50,B,-20,11.25,0.0,20.6,20.6,Persistence
CALX,"Calix, Inc Common Stock",Technology,Software - Infrastructure,United States,ソフトウェア,37.4900016784668,2.360519936,28.606370880737305,0.202631813141748,-0.20015044349086614,0.1979265452676628,0.568310316896831,1.294482183291622,0.014730917260104183,45.15672046910992,-0.015302299884132314,0.4520607617396447,False,53,66,38,100,65,A,0,61.25,71.0,58.900000000000006,71.0,Transition
CALY,Callaway Golf Company Common Stock,Consumer Cyclical,Leisure,United States,その他,15.6899995803833,2.800830208,29.609461158118247,-0.008470905328006931,-0.025788906081492945,-0.46625122006156616,0.4211446046308432,-0.09052504526252263,0.22965962119132582,26.223795228229804,-0.11905405608358936,0.20193287374574365,True,34,18,29,100,63,B,0,46.8,34.8,53.550000000000004,53.550000000000004,Persistence
CARR,Carrier Global Corporation Common Stock ,Industrials,Building Products & Equipment,United States,その他,58.790000915527344,48.46206976,311.35507829868317,-0.0328648937116428,0.18653369215344837,0.09619389171679778,0.25861038304133904,3.0,0.32941650981446624,14.93206889944885,-0.11031290607071308,0.2236656689615999,False,12,12,26,40,53,B,0,20.3,20.3,34.900000000000006,34.900000000000006,Persistence
CAT,"Caterpillar, Inc. Common Stock",Industrials,Farm & Heavy Construction Machinery,United States,その他,800.25,367.854813184,2157.69406875,0.04289527689055533,-0.033566954965702354,0.12844330018341832,0.3177736022133779,-0.15498866213151927,0.43951919663234773,39.292060807557704,-0.1040541078476024,0.24712696215725555,True,22,0,21,10,80,S,-20,6.0,0.0,10.05,10.05,Persistence
CAVA,"CAVA Group, Inc. Common Stock",Consumer Cyclical,Restaurants,United States,その他,66.94000244140625,7.819007488,228.2694247253418,0.22408227345693169,0.32250994922464665,0.2917487267757335,0.24622858712311302,-0.5058038415003024,0.3428226057276804,58.21078732145775,-0.046495754529617295,0.31266040804060946,False,9,5,76,85,73,A,-20,6.800000000000001,3.8000000000000007,57.650000000000006,57.650000000000006,Persistence
CBOE,"Cboe Global Markets, Inc. Common Stock",Financial Services,Financial Data & Stock Exchanges,United States,その他,310.45001220703125,32.420610048,285.3299494692993,0.15134937110758334,0.08506691400556513,-0.04673487432108122,0.4090407704382504,0.6173896316245071,0.1709455901475503,68.75646849676075,0.11110955892675271,0.1516206507722152,True,51,33,34,40,50,B,-20,29.25,15.75,18.700000000000003,29.25,Acceleration
CBRE,CBRE Group Inc Common Stock Class A,Real Estate,Real Estate Services,United States,その他,150.82000732421875,43.673747456,198.8697534576416,0.13372661950960382,0.119502957839056,0.036363046581030234,0.18658446362515413,-0.14846538187009278,0.32357418142954303,59.98837427737982,0.05124491990748173,0.12114674676412042,True,35,14,33,40,85,S,0,40.75,25.0,45.150000000000006,45.150000000000006,Persistence
CBT,Cabot Corporation Common Stock,Basic Materials,Specialty Chemicals,United States,その他,83.6500015258789,4.318934016,38.3267576991272,-0.07035553329994992,0.01602645637242432,-0.09025688498032863,0.25316455696202533,-0.13303769401330376,0.31847968545216254,39.26429521535194,-0.041303692664679065,0.09935300492546903,True,0,0,21,85,90,S,0,21.75,21.75,50.8,50.8,Persistence
CBZ,"CBIZ, Inc. Common Stock",Industrials,Specialty Business Services,United States,その他,54.5099983215332,2.957924096,61.11524736814499,0.5208346199996471,0.13969258305398335,0.12692469222275968,0.12885937626337432,0.5844842838830815,0.4146709126237547,52.35289233758861,0.203677904844961,0.15540753721280276,True,60,41,59,100,70,A,0,67.0,52.75,71.45,71.45,Persistence
CC,Chemours Company (The) Common Stock,Basic Materials,Specialty Chemicals,United States,その他,15.619999885559082,2.35079424,44.966074670553205,0.004496713939813214,-0.04870023033892728,-0.11023276240667546,0.1553030303030303,1.051359516616314,0.5952316445407748,63.60647787312131,-0.10101189141634938,0.43570481166717506,False,42,25,22,100,35,C,0,50.0,37.25,44.1,50.0,Acceleration
CCK,"Crown Holdings, Inc.",Consumer Cyclical,Packaging & Containers,United States,その他,118.44000244140625,12.881595392,92.97303311645508,0.047792559952546394,-0.017402164862614488,-0.07208529707177624,0.22029923170238577,0.4157160963244613,0.43231502242152464,43.82839646680834,0.02805249817106446,0.027506350676888724,True,35,24,22,65,75,A,0,43.5,35.25,43.35,43.5,Acceleration
CCL,Carnival Corporation Ltd. Common Shares,Consumer Cyclical,Travel Services,United States,その他,24.760000228881836,33.912512512,416.8342324532223,0.06394628512049878,0.15875515213263558,0.7744268222532665,0.40096164682017954,1.010023130300694,0.541586859365024,25.370668360971038,-0.09363857937157428,0.25984451078152393,False,19,24,46,40,36,C,0,23.85,27.6,42.5,42.5,Persistence
CCO,"Clear Channel Outdoor Holdings, Inc. Common Stock",Communication Services,Advertising Agencies,United States,その他,2.3399999141693115,1.191279616,25.178317176464795,0.06571088803704417,0.04953611316802702,0.038088716845546065,0.5336921964417071,1.510479018021038,1.6899739479612157,38.70968238122559,-0.024593642028015027,0.0370370988129208,True,50,60,40,100,77,A,-25,35.2,42.7,37.4,42.7,Transition
CE,Celanese Corporation Common Stock,Basic Materials,Chemicals,United States,その他,45.0,4.938701824,78.3855,-0.07051032333463186,-0.06022332051986088,0.12953582135842034,0.20452640402347025,0.512241054613936,0.5961742336943996,52.561675804090925,-0.022631260301599218,0.34964721064806265,False,9,30,22,85,73,A,0,26.8,42.55,47.95,47.95,Persistence
CF,"CF Industries Holdings, Inc. Common Stock",Basic Materials,Agricultural Inputs,United States,その他,125.79000091552734,19.036823552,303.9193343619919,0.19339622641509435,-0.10481073744533254,-0.40720543536563564,0.3845285149632976,0.029142857142857144,0.2580919931856899,58.68902426732358,0.07014789282940805,0.07736683062769655,True,44,33,30,65,72,A,0,49.95,41.7,47.15,49.95,Acceleration
CFG,"Citizens Financial Group, Inc. Common Stock",Financial Services,Banks - Regional,United States,その他,69.70999908447266,29.360234496,193.23681456214905,0.05608912792931233,-0.05046206225680934,0.02530856501683082,,0.08408728046833422,0.049842943039792184,34.322055473074485,-0.02001889859187098,0.06717521807785616,True,20,24,30,65,77,A,-20,12.450000000000003,15.450000000000003,28.15,28.15,Persistence
CFR,"Cullen/Frost Bankers, Inc. Common Stock",Financial Services,Banks - Regional,United States,その他,161.69000244140625,10.048836608,80.48200716522217,0.08311923671446085,0.03849827345529351,0.1716318780544319,,-0.8522470397653163,0.004205128429432815,35.897474911044796,0.0033833108085885334,0.04932972306751539,True,18,12,37,65,77,A,-20,10.95,6.449999999999999,32.0,32.0,Persistence
CHD,"Church & Dwight Company, Inc. Common Stock",Consumer Defensive,Household & Personal Products,United States,その他,101.26000213623047,24.019267584,172.95917184883118,0.01573578294116684,0.04076415753506365,0.0915804747377037,0.447317513541398,0.11941827120032773,0.24741932588303936,44.489727121801415,0.025058695106616007,0.0319175745420895,True,6,24,46,65,87,S,0,22.950000000000003,36.45,58.95,58.95,Persistence
CHH,"Choice Hotels International, Inc. Common Stock",Consumer Cyclical,Lodging,United States,その他,108.86000061035156,4.952639488,53.77956180152893,0.007542722005200528,0.02634044936907649,0.10144163589403038,0.5271647608675639,-0.2817557951265046,0.6930460286690131,72.28299641958422,-0.0054402651656314405,0.10595464927144552,True,8,12,35,85,65,A,-10,15.25,18.25,43.5,43.5,Persistence
CHWY,"Chewy, Inc. Class A Common Stock",Consumer Cyclical,Internet Retail,United States,その他,23.260000228881836,9.523207168,147.87428845510482,0.062404626811563654,0.06401320451752379,0.10166024310702639,0.2978931079633377,0.2428729281767956,0.15408151140684412,55.76591822698749,0.07320495672683083,0.4505079323710888,False,5,12,42,85,50,B,0,21.5,26.75,54.35,54.35,Persistence
CIEN,Ciena Corporation Common Stock,Technology,Communication Equipment,United States,通信/光通信,378.44000244140625,53.56929024,718.9451790380859,0.18793535668519323,-0.08471215071346519,0.20753051275635134,0.42036147551518427,0.7605394148047983,0.2771775447779047,47.92729663282018,-0.0901935391085579,0.396427428323116,True,36,26,38,40,73,A,0,40.3,32.8,45.5,45.5,Persistence
CL,Colgate-Palmolive Company Common Stock,Consumer Defensive,Household & Personal Products,United States,その他,90.75,72.34342912,375.735855,0.013979404009750758,0.03309862774322866,0.08292981577336228,0.6010695711902659,0.024816694867456288,0.5238211879975505,40.97744511859683,-0.010381174348964347,0.0736586731186986,True,14,12,46,40,87,S,0,25.200000000000003,23.700000000000003,52.7,52.7,Persistence
CLF,Cleveland-Cliffs Inc. Common Stock,Basic Materials,Steel,United States,その他,11.619999885559082,6.629675008,182.9620109980774,-0.029971331769611677,-0.12779596290234588,-0.04319457131671669,-0.046211714132187,-0.7338983050847457,0.36243254047571455,38.7596966084942,0.06250684796131348,0.28182943965446106,True,18,0,6,85,58,B,-10,22.049999999999997,8.55,26.150000000000006,26.150000000000006,Persistence
CLH,"Clean Harbors, Inc. Common Stock",Industrials,Waste Management,United States,その他,310.7099914550781,16.40152576,132.75705804901122,0.02391954976882664,0.08888639106462529,0.04694514095813402,0.3127655414994635,0.3043435549218124,0.3981734919050962,50.667159903302675,0.010848596462789227,0.04789484910893141,True,9,12,42,65,87,S,0,25.200000000000003,27.450000000000003,56.75,56.75,Persistence
CLX,Clorox Company (The) Common Stock,Consumer Defensive,Household & Personal Products,United States,その他,102.52999877929688,12.399055872,257.79015063079834,-0.05405405405405406,0.0015508247568024813,-0.040059547976722155,0.4232142857142857,-0.46780551905387646,0.7082371054657429,35.99096688420114,0.0363978420301776,0.1739909028936169,True,4,0,19,65,90,S,-10,11.75,8.75,34.7,34.7,Persistence
CMG,"Chipotle Mexican Grill, Inc. Common Stock",Consumer Cyclical,Restaurants,United States,半導体,38.029998779296875,48.12384256,690.0297985011291,0.05407070429499128,0.14609555100672644,0.14325962412845358,0.253757190098847,-0.04226539276586482,0.5643222531558344,84.12518233656014,0.11009914868976962,0.10221911635186709,True,0,12,37,40,35,C,-20,0.0,0.0,17.35,17.35,Persistence
CMI,Cummins Inc. Common Stock,Industrials,Specialty Industrial Machinery,United States,その他,564.8499755859375,77.75977472,532.3513322406006,-0.012667878716790804,0.0010861588140319977,0.21340029920923273,0.25292545292545293,3.0,0.23870322428806778,19.306262994339008,-0.1261725709703609,0.22078034270333297,False,12,12,30,40,41,C,0,19.1,19.1,34.7,34.7,Persistence
CMS,CMS Energy Corporation Common Stock,Utilities,Utilities - Regulated Electric,United States,電力/エネルギー,68.20999908447266,21.38909696,242.61750994354247,0.1362608117099135,0.007102653444116859,-0.13192182410423453,0.4152711090291603,-1.2314356435643565,0.47314789314238503,44.29532744352471,-0.061155200971856456,0.133168436251322,False,39,14,6,65,80,S,0,47.0,28.25,35.55,47.0,Acceleration
CNA,CNA Financial Corporation Common Stock,Financial Services,Insurance - Property & Casualty,United States,その他,49.310001373291016,13.343332352,18.759990022468568,0.05100364311736553,0.06659047619047619,0.10377596501555798,,-0.029079159935379646,0.042783289892429764,37.32545407302736,-0.021404249544707276,0.10000896765947291,True,0,12,37,65,90,S,-20,0.0,7.75,34.6,34.6,Persistence
CNK,"Cinemark Holdings Inc Cinemark Holdings, Inc. Common Stock",Communication Services,Entertainment,United States,その他,35.9900016784668,4.171667968,81.98378422348023,0.02147893097229054,-0.005608634688753383,0.24931763555627978,0.6412520064205457,-0.43781725888324874,0.6747558582737545,40.48589950376794,0.05607917600337733,0.060499560550346713,True,30,0,27,85,72,A,-10,32.45,9.95,40.5,40.5,Persistence
CNM,"Core & Main, Inc. Class A Common Stock",Industrials,Industrial Distribution,United States,その他,43.02000045776367,8.326092288,80.19100165328979,0.02768445101464857,0.11026559236048941,0.007668019846639603,0.2692559173532104,0.030716723549488054,0.40049301561216105,22.203443308514125,-0.05175035323186108,0.35771874736237447,False,2,24,34,85,36,C,0,17.85,34.35,47.150000000000006,47.150000000000006,Persistence
CNO,"CNO Financial Group, Inc. Common Stock",Financial Services,Insurance - Life,United States,その他,55.369998931884766,5.12290816,36.236065250988005,0.00940255533561274,0.07205556091444006,0.1593603220755983,,,0.104450562765206,50.61160518728458,0.03545646325475848,0.005567553369107995,True,0,0,22,85,75,A,-20,0.25,0.25,28.35,28.35,Persistence
CNP,"CenterPoint Energy, Inc (Holding Co) Common Stock",Utilities,Utilities - Regulated Electric,United States,電力/エネルギー,39.2400016784668,25.848184832,234.41918142713547,0.08261020479000347,-0.00609475620975161,-0.06705289132067374,0.45057176445441915,-0.004212299915754001,0.4938324665835733,43.582290715305426,-0.0670145709400374,0.12356783031186032,False,38,12,10,65,80,S,0,46.25,26.75,37.75,46.25,Acceleration
CNR,"Core Natural Resources, Inc. Common Stock",Energy,Thermal Coal,United States,電力/エネルギー,100.95999908447266,5.011276288,56.38414028869629,0.9242115388702489,-0.13652925136687233,0.09939263637392336,-0.0002662808915247522,-0.929052084101313,0.07381469621877658,67.17169634872016,0.16772651226954022,0.107413477035424,True,40,10,33,85,50,B,0,47.75,25.25,49.400000000000006,49.400000000000006,Persistence
CNS,Cohen & Steers Inc Common Stock,Financial Services,Asset Management,United States,その他,82.7300033569336,4.254103552,18.72138610965729,0.07706223067622275,0.06446341632705675,-0.12108435414938193,0.48564756756756755,-2.486664785154872,0.15778139236723418,52.416671223104835,0.03146460701732562,0.03409221385784848,True,38,12,18,85,87,S,-30,19.950000000000003,0.45000000000000284,18.549999999999997,19.950000000000003,Acceleration
CNX,CNX Resources Corporation Common Stock,Energy,Oil & Gas E&P,United States,電力/エネルギー,36.20000076293945,5.355559424,48.14310501464844,0.48866481238417975,-0.044549676823147644,-0.6162289496064445,0.47234760951479904,0.9385544224478757,0.28642239450319457,53.150680636480025,0.05076777157085808,0.15043416464666468,False,71,85,34,85,75,A,0,73.5,84.0,54.95,84.0,Transition
COF,Capital One Financial Corporation Common Stock,Financial Services,Credit Services,United States,その他,215.6699981689453,132.310278144,646.4848380612946,0.3661791777459603,0.06320167450458042,0.07407299270072992,,0.5417281038041876,0.07535474111708512,46.053945197849046,0.02853587319567996,0.1540965081084148,True,41,20,57,25,100,S,-20,24.5,8.75,37.6,37.6,Persistence
COHR,Coherent Corp. Common Stock,Technology,Scientific & Technical Instruments,United States,その他,279.20001220703125,54.676365312,2123.7027848513794,0.22513599128416564,0.23417588421322738,-0.08767504505726634,0.3749609626391911,-6.346273163038742,0.1933586129549026,38.66160987490104,-0.1268003152023528,0.34596733906515803,True,16,24,22,40,51,B,0,23.1,29.1,32.300000000000004,32.300000000000004,Persistence
COMP,"Compass, Inc. Class A Common Stock",Real Estate,Real Estate Services,United States,その他,10.970000267028809,8.421061632,115.7823193183422,0.23671634897230462,0.15232343909928353,-0.1882685277500831,0.18413870374626523,0.9215500945179584,0.3093212081844755,35.19669677288911,-0.07100028387486834,0.19219437933288022,True,51,35,26,85,80,S,0,59.0,47.0,51.55,59.0,Acceleration
COP,ConocoPhillips Common Stock,Energy,Oil & Gas E&P,United States,電力/エネルギー,130.35000610351562,156.59433984,897.8006572886658,0.07670106859073889,-0.02486596248730874,-0.2847733584732591,0.2508821932681867,-0.09530352235823132,0.19226006445845872,66.67155523340352,0.11540744906998829,0.03365700427515322,True,30,0,25,25,37,C,0,29.95,7.45,27.4,29.95,Acceleration
COTY,Coty Inc. Class A Common Stock,Consumer Defensive,Household & Personal Products,United States,その他,2.8499999046325684,2.509329152,23.95603044837713,-0.014644741977634101,-0.03679306963059824,0.10152860049332925,0.6289394826576654,0.2543227665706052,0.3231147798125564,50.0,0.12951803479177357,0.35955055577784145,True,35,12,38,100,53,B,0,46.55,29.3,56.50000000000001,56.50000000000001,Persistence
COUR,"Coursera, Inc. Common Stock",Consumer Defensive,Education & Training Services,United States,その他,6.46999979019165,1.852740224,31.507087378292084,0.09039873326615805,0.09263919471531928,0.2139240409656405,0.5457425742574258,0.16318537859007834,,69.18916842988938,0.12776709135400394,0.46396023580961027,True,13,37,48,100,25,D,-5,22.25,40.25,51.400000000000006,51.400000000000006,Persistence
CPAY,"Corpay, Inc. Common Stock",Technology,Software - Infrastructure,United States,ソフトウェア,407.8800048828125,26.781237248,206.81147767578125,0.13933868382366077,0.057713203142651166,0.096462665980767,0.7859781914286339,-0.26410269917848134,0.3787350753849145,54.94630092700014,0.0812444474773187,0.0408239717576759,True,38,14,48,65,72,A,0,45.45,27.45,57.050000000000004,57.050000000000004,Persistence
CPK,Chesapeake Utilities Corporation Common Stock,Utilities,Utilities - Regulated Gas,United States,その他,132.7100067138672,3.199168,21.17321802116394,0.18140243902439024,0.1738741425589025,-0.014837667107389452,0.4143010752688172,-0.8541846419327006,0.40742965855612295,51.25630397539313,0.012571160788592923,0.03777546058763819,True,39,14,14,85,87,S,0,50.7,31.950000000000003,46.35000000000001,50.7,Acceleration
CPNG,"Coupang, Inc. Class A Common Stock",Consumer Cyclical,Internet Retail,United States,その他,16.520000457763672,29.69489408,280.07149736068726,0.14094092771243558,0.24135668293483165,0.18461837438662973,0.2936526321885678,-0.4816285998013903,0.26058357227188395,54.2199459796182,-0.0193168261629308,0.5073068577633245,False,5,14,58,65,65,A,0,20.0,26.75,61.150000000000006,61.150000000000006,Persistence
CR,Crane Company Common Stock,Industrials,Specialty Industrial Machinery,United States,その他,207.0,11.964674048,78.029685,0.0815503003003003,0.1445142580956984,0.04806664040074295,0.4220390455531453,0.5429475587703436,0.315617376861992,29.957794413925754,-0.04548120959435759,0.08585056629486902,True,13,24,42,65,73,A,0,26.8,35.05,53.95,53.95,Persistence
CRBG,Corebridge Financial Inc. Common Stock,Financial Services,Asset Management,United States,その他,32.61000061035156,14.53651456,146.39542354003908,-0.050732272679380463,-0.0014729089952656496,-0.2624636275460718,,,0.026371851325242356,34.17509185126292,0.03758998630545211,0.054508581519988115,True,0,0,10,65,77,A,-20,0.0,0.0,17.15,17.15,Persistence
CRC,California Resources Corporation Common Stock,Energy,Oil & Gas E&P,United States,電力/エネルギー,52.22999954223633,4.63906304,43.840817015762326,0.15082854244166385,0.05119089939566299,-0.13044822256568778,0.42844548927416987,,0.1835742266648656,40.10416899497184,-0.008078952336227227,0.25025914441656993,False,39,2,14,85,73,A,0,49.3,21.55,43.550000000000004,49.3,Acceleration
CRCL,"Circle Internet Group, Inc. Class A Common Stock",Financial Services,Capital Markets,United States,その他,87.13999938964844,23.75385088,1278.9742489417267,0.6385605275575942,0.15566514485689426,0.8787154233134555,0.08669240476188743,0.5907168437661632,0.000467786809905992,69.20283788569232,0.23753094913851658,0.42091971116595994,True,45,22,68,65,25,D,-20,26.0,8.75,38.650000000000006,38.650000000000006,Persistence
CRGY,Crescent Energy Company Class A Common Stock,Energy,Oil & Gas E&P,United States,電力/エネルギー,13.539999961853027,5.326678016,75.60431328699589,0.2213855108244206,0.23013369417133034,-0.2206243570221765,0.7855137547481942,-3.233984338145108,0.4588498768846327,67.7713745548794,0.2153189550454448,0.036984384227909436,True,24,40,17,85,37,C,0,34.45,46.45,38.0,46.45,Transition
CRI,"Carter's, Inc. Common Stock",Consumer Cyclical,Apparel Retail,United States,その他,33.54999923706055,1.23166016,38.79537386777878,0.01910058078085807,-0.034455529173402714,-0.08315007814219233,0.4535689370713622,-0.7171319995713497,0.47247560875784944,8.200713820133004,-0.13763413458624787,0.23321260805400737,False,38,0,25,100,41,C,-5,42.6,14.100000000000001,41.95,42.6,Acceleration
CRK,"Comstock Resources, Inc. Common Stock",Energy,Oil & Gas E&P,United States,電力/エネルギー,14.289999961853027,4.19583744,27.818342925739287,0.5382751798848099,-0.19904620061605932,-0.56860958909962,0.22907707154973342,0.05756788873729149,0.4149298236550497,49.05149478735651,0.04559955064235095,0.47789552343129293,False,60,87,2,85,65,A,0,64.25,84.5,35.35,84.5,Transition
CRM,"Salesforce, Inc. Common Stock",Technology,Software - Application,United States,ソフトウェア,256.0,210.688,3915.1936,0.09579100145137881,0.08715609490202829,0.11179510079101812,0.7767609873570138,0.15827569567315425,0.15294065268687948,80.43501769711814,0.41521690048433546,0.03353253854788535,True,35,24,57,25,22,D,0,32.2,23.95,42.0,42.0,Persistence
CRS,Carpenter Technology Corporation Common Stock,Industrials,Metal Fabrication,United States,その他,476.42999267578125,23.6111872,275.54566841400145,,0.042540855890132984,0.08210798729561228,,0.6045989904655076,0.201732247332798,22.93891298659075,-0.1453892288334197,0.2303111983299576,True,9,12,30,65,51,B,0,21.6,23.85,42.95,42.95,Persistence
CSL,Carlisle Companies Incorporated Common Stock,Industrials,Building Products & Equipment,United States,その他,356.5299987792969,14.159279104,142.21981651306152,0.003257654488768087,0.09084566918834071,-0.15827430542812052,0.3570987469869918,0.058451472191930205,0.46009899409228805,33.797010453331836,-0.004345505789244592,0.14040547331585612,True,6,12,26,65,90,S,0,23.25,27.75,48.55,48.55,Persistence
CSW,"CSW Industrials, Inc. Common Stock",Industrials,Specialty Industrial Machinery,United States,その他,318.5,5.18947584,43.8590425,0.2325489780838232,0.10779097926441653,0.04609554772108341,0.41908680346109045,-0.1295234588680833,0.40781479045048874,24.150121897450532,0.04500308347065014,0.09334170556327903,True,43,5,41,85,73,A,0,52.3,23.8,58.4,58.4,Persistence
CTOS,"Custom Truck One Source, Inc. Common Stock",Industrials,Rental & Leasing Services,United States,その他,9.199999809265137,2.09305088,8.676335820121766,0.07860987193998713,-0.03368184011581148,0.1856313005137672,0.21188328754185407,0.46849441975594575,0.702463842317811,21.789852224828437,-0.12384291696826606,0.23141189607101328,True,23,12,0,100,51,B,-10,27.35,19.1,25.200000000000003,27.35,Acceleration
CTRI,"Centuri Holdings, Inc. Common Stock",Utilities,Utilities - Regulated Gas,United States,その他,20.31999969482422,2.05156928,42.87469135608673,0.13102843932021072,-0.09038359921580422,0.05033787663563049,0.08266312545238823,-1.1392940217668133,0.38962772032798026,25.842682783412158,-0.21344575952794587,0.5138755965141697,False,23,37,6,100,16,D,0,33.85,44.35,31.5,44.35,Transition
CTS,CTS Corporation Common Stock,Technology,Electronic Components,United States,半導体,56.56999969482422,1.615424,9.079484951019287,0.05160114695117687,-0.06479755533027386,-0.06210414930759676,0.3842953679722455,0.08512776702932234,0.10832501429391962,18.885440963713137,-0.08674678377618589,0.1713674799132068,True,24,24,34,100,63,B,-5,34.3,34.3,51.300000000000004,51.300000000000004,Persistence
CTVA,"Corteva, Inc. Common Stock ",Basic Materials,Agricultural Inputs,United States,その他,83.9000015258789,55.977746432,390.76341810676576,0.029157795126567305,-0.018460466736328805,-0.013119450014322544,0.4729038561002241,0.8184754521963824,0.06021706150075855,81.08785547697744,0.016457170426270113,0.07303060937290189,True,38,24,38,40,52,B,0,39.7,29.2,41.300000000000004,41.300000000000004,Persistence
CUBI,"Customers Bancorp, Inc Common Stock",Financial Services,Banks - Regional,United States,その他,78.58000183105469,2.65385088,19.23441994819641,0.16569187737000346,-0.0721246958251624,0.16968821532875522,,3.0,0.0685022510562797,30.909085304389905,-0.005935528221313489,0.06060967844998433,True,35,26,30,100,77,A,-20,28.950000000000003,22.200000000000003,36.9,36.9,Persistence
CVI,CVR Energy Inc. Common Stock,Energy,Oil & Gas Refining & Marketing,United States,電力/エネルギー,41.7599983215332,4.198157568,37.44305849504471,-0.058869908015768725,-0.17703038823402184,-0.15133994126284875,0.04705389555989947,-2.383720930232558,0.48057204533189424,80.05148614889056,0.2616182862695654,0.0,True,18,12,2,85,10,D,0,27.25,22.75,24.35,27.25,Acceleration
CVNA,Carvana Co. Class A Common Stock,Consumer Cyclical,Auto & Truck Dealerships,United States,その他,74.04000091552734,82.070659072,648.6511208207703,0.48628684268265926,0.26942716553709034,-0.20824757424286974,0.20627890955614606,0.07496977025392987,0.41822589197788046,49.81446684430856,0.08788924590297775,0.226251447105311,True,49,32,30,40,85,S,0,51.25,38.5,43.5,51.25,Acceleration
CVSA,Covista Inc. Common Shares,Consumer Defensive,Education & Training Services,United States,その他,134.47000122070312,4.577200128,47.460514580841064,0.09271147297138607,0.12850644810343217,0.0922412473997571,0.5733757743393967,0.3656614691277315,0.3005585008570363,58.96079239395991,0.057724534649717135,0.12936222804999192,True,13,24,54,85,85,S,0,31.0,39.25,67.95,67.95,Persistence
CVX,Chevron Corporation Common Stock,Energy,Oil & Gas Integrated,United States,電力/エネルギー,201.86000061035156,395.969232896,1584.9502225923156,-0.04643924431530293,-0.017769268661794804,-0.16462113466572204,0.30410124056562854,0.10289816538154746,0.12579163734676493,70.18271809208649,0.08409940468800513,0.02682125399734892,True,6,12,34,10,25,D,0,8.5,13.0,26.200000000000003,26.200000000000003,Persistence
CWEN,"Clearway Energy, Inc. Class C Common Stock",Utilities,Utilities - Renewable,United States,電力/エネルギー,31.760000228881836,7.833159168,35.80955905806542,0.04230488694383661,0.04337899543378995,0.10420168067226891,0.629111266620014,-0.2919254658385093,0.5645151606124287,38.7434819875673,-0.052353298887403046,0.23024717593586058,False,12,12,41,85,70,A,0,28.75,28.75,57.8,57.8,Persistence
CWK,Cushman & Wakefield Ltd. Common Shares,Real Estate,Real Estate Services,United States,その他,14.119999885559082,3.314157568,23.89216940635681,0.0891017837294236,-0.0049717180867312,-0.060559882046765684,0.18273361715363232,0.7544910179640718,0.3903290519240289,59.09091284405564,0.03172630943777209,0.17906981050935744,False,39,12,26,85,90,S,0,51.0,30.75,53.55,53.55,Persistence
CWT,California Water Service Group Common Stock,Utilities,Utilities - Regulated Water,United States,その他,50.47999954223633,3.121637632,23.05547779092789,-0.03536437867836413,0.3047624560802988,-0.061196955215487146,0.6433659287699722,-0.19172136295176537,0.2830901587240012,60.12145248773738,0.018895738479337378,0.030951557643280524,True,12,0,18,85,67,A,0,28.45,19.45,44.55,44.55,Persistence
CXM,"Sprinklr, Inc. Class A Common Stock",Technology,Software - Application,United States,ソフトウェア,8.15999984741211,1.911306752,23.173257166671753,0.07635165508529698,0.08743514118739418,0.18468432035458354,0.674035230984601,1.3987524722349003,0.03877977961281628,77.0925002788551,0.3215430813209058,0.055555610745039265,True,27,19,62,100,22,D,-5,32.45,26.45,58.5,58.5,Persistence
CXT,"Crane NXT, Co. Common Stock",Industrials,Specialty Industrial Machinery,United States,その他,50.130001068115234,2.885548288,26.31449081068039,0.11427226257734732,0.06864083950262345,0.03836107172177028,0.42482042614836724,0.1754593953764078,0.38817225003208833,43.54838476176964,-0.01276919165807689,0.26435685632171685,True,41,14,42,100,83,S,0,54.05,33.8,64.7,64.7,Persistence
CXW,"CoreCivic, Inc. Common Stock",Industrials,Security & Protection Services,United States,その他,33.810001373291016,3.343588864,56.662181301498414,0.12720745741076628,0.03427702219984341,0.02780317222565732,0.2345596156263935,-0.7274146134497076,0.41487768608084824,53.76045189815716,0.07318347240477359,0.005880533905100512,True,35,14,29,85,60,B,0,45.0,29.25,49.2,49.2,Persistence
D,"Dominion Energy, Inc. Common Stock",Utilities,Utilities - Regulated Electric,United States,電力/エネルギー,65.55000305175781,57.652928512,227.60632584648133,0.14157272287156789,0.004585562426179393,0.03264456880470656,0.49018538713195203,-0.013927576601671309,0.42242592161026093,35.76510643843595,-0.04995039418493915,0.08564652225624889,True,34,21,22,40,90,S,0,40.5,30.75,40.1,40.5,Acceleration
DAL,"Delta Air Lines, Inc. Common Stock",Industrials,Airlines,United States,その他,80.06999969482422,52.655878144,366.2650003040314,0.027918822899599304,0.06193150496141125,0.14760191372424974,0.24165141089577677,0.3320623916811092,0.24932056027644897,26.46757705997439,-0.0846909208416967,0.1429884630588993,True,5,24,42,40,63,B,0,16.05,30.3,45.7,45.7,Persistence
DAN,Dana Incorporated Common Stock ,Consumer Cyclical,Auto Parts,United States,その他,30.350000381469727,3.26495232,45.73001482478142,-0.030256012412723042,0.01589386575594378,-0.25039385584875934,0.08026666666666667,1.1594202898550725,0.4505635245901639,53.91705460674756,0.07841104534697917,0.2142277540080597,True,15,54,22,85,85,S,0,32.5,61.75,50.35,61.75,Transition
DAR,Darling Ingredients Inc. Common Stock,Consumer Defensive,Packaged Foods,United States,その他,64.31999969482422,10.14988288,166.24050641124725,0.07361139422677346,-0.15805721205407125,0.039171464945062955,0.24013812532422016,0.34021167779514133,0.40408341491255956,53.99463528399163,0.06079797226532823,0.05882348344285099,True,23,12,22,65,72,A,-20,14.200000000000003,5.949999999999999,22.75,22.75,Persistence
DBD,Diebold Nixdorf Incorporated Common stock,Technology,Software - Application,United States,ソフトウェア,67.3499984741211,2.28630272,17.73157084827423,0.014555730319106395,,,0.25256851564758126,1.1966911764705883,0.2434879618098796,34.44042991182411,-0.1471099382650593,0.2578512564835141,False,12,47,30,100,41,C,0,28.1,54.35,49.7,54.35,Transition
DBRG,"DigitalBridge Group, Inc.",Financial Services,Asset Management,United States,その他,15.930000305175781,2.986799872,63.443297115402224,-0.8764771630165096,-0.2519595154276248,0.2713205845863239,2.920271178843568,3.0,0.09679683620234314,50.0,0.005529236466247909,0.0031288634851581298,True,27,24,45,100,75,A,-20,22.75,20.5,44.75,44.75,Persistence
DCH,Dauch Corporation Common Stock,Consumer Cyclical,Auto Parts,United States,その他,6.320000171661377,1.501661184,18.427477300519943,-0.04705382945027674,0.007467719384817831,0.047756100923755686,0.12070176640910103,-0.2692119432207538,0.6258133189409613,42.85715198029982,0.07868239373867099,0.29777775870429146,False,0,0,15,100,58,B,-15,5.800000000000001,5.800000000000001,29.85,29.85,Persistence
DCO,Ducommun Incorporated Common Stock,Industrials,Aerospace & Defense,United States,防衛/宇宙,176.3000030517578,2.662091008,37.96973165725708,0.04882368947741855,0.038903977849171455,0.062389742567754376,0.268676675084471,-3.4259637923295596,0.2914915944252222,34.712367774486694,-0.03163684160165917,0.14822684949789677,True,21,0,18,100,90,S,-10,29.75,14.0,42.9,42.9,Persistence
DCOM,"Dime Commercial Bancshares, Inc. Common Stock",Financial Services,Banks - Regional,United States,その他,40.470001220703125,1.787017472,11.629864250793457,0.4420007704577219,-0.10963866691989557,-0.15607424542903553,,0.965936765878575,0.05385555160334648,55.555569826733624,0.005895259949340128,0.030426459192474133,True,53,32,30,100,87,S,-25,38.45,22.700000000000003,33.900000000000006,38.45,Acceleration
DD,"DuPont de Nemours, Inc. Common Stock",Basic Materials,Specialty Chemicals,United States,その他,136.97999572753906,18.498187264,185.93322170066833,0.019348117279357046,0.015875415784699122,-0.4918952139509872,0.34501387063804934,0.075,0.1480417149478563,39.627763101572434,-0.015427726989398002,0.10682824927762213,True,36,12,34,65,90,S,0,45.75,27.75,52.95,52.95,Persistence
DE,Deere & Company Common Stock,Industrials,Farm & Heavy Construction Machinery,United States,その他,630.3300170898438,169.952985088,719.4870463571167,-0.11585969357456748,-0.16149913690081,0.17483717483717484,0.3648270457852905,-0.2704899525852337,0.6061549492433677,56.61740749851202,0.032527272503971645,0.04328792823598978,True,22,0,19,25,87,S,-30,0.0,0.0,4.1000000000000085,4.1000000000000085,Persistence
DEC,Diversified Energy Company Common Stock,Energy,Oil & Gas Integrated,United States,電力/エネルギー,14.75,1.019056704,12.62209125,1.0273928999636406,-0.08456299005832328,-0.5476257835338961,0.2855773198755162,0.6613408484129338,0.49079885277240454,66.33688822950361,0.09699950368641437,0.16178285983839502,True,74,87,30,100,65,A,-5,72.0,81.75,49.5,81.75,Transition
DECK,Deckers Outdoor Corporation Common Stock,Consumer Cyclical,Footwear & Accessories,United States,その他,87.76000213623047,11.951320064,208.68538667976378,0.09761770470706504,0.16275363167227294,0.18208572469885198,0.5770385958654284,0.1450197839624689,0.10174021392360956,33.171080579992804,-0.11536893128147568,0.2917440114395967,False,10,24,58,65,53,B,0,22.55,33.05,58.75000000000001,58.75000000000001,Persistence
DELL,Dell Technologies Inc. Class C Common Stock ,Technology,Computer Hardware,United States,その他,456.239990234375,294.79600128,2401.6792453930666,0.1880460828528676,0.08076901328809725,-0.13563894781087185,0.19999471542567246,3.0,0.31103015224216574,49.59296771826519,0.05396904939688455,0.07738977730579857,True,47,26,26,25,72,A,0,46.2,30.45,34.95,46.2,Acceleration
DFH,"Dream Finders Homes, Inc. Class A Common Stock",Consumer Cyclical,Residential Construction,United States,その他,14.760000228881836,1.336298368,9.405736345853805,-0.028541173953650592,0.1870748063403107,0.12154706215864058,0.1745994770114517,0.5518824935370736,0.43090540428879104,57.78491085750902,-0.03434738564190551,0.5237173172670445,False,9,12,2,100,65,A,-15,13.25,15.5,24.1,24.1,Persistence
DFIN,"Donnelley Financial Solutions, Inc. Common Stock ",Technology,Software - Application,United States,ソフトウェア,48.31999969482422,1.187965696,10.350143934631348,-0.019056145287121115,-0.0191921726041144,-0.04366602687140115,0.6344198174706649,0.024714828897338403,0.2230134932533733,55.55555555555556,0.03569192919251133,0.15138741025261215,True,44,12,42,100,100,S,-25,33.0,9.0,43.099999999999994,43.099999999999994,Persistence
DG,Dollar General Corporation Common Stock,Consumer Defensive,Discount Stores,United States,その他,122.88999938964844,27.111596032,279.8537089100647,0.05200544130611833,0.049641228412082836,0.02237413304944452,0.30660930299520633,0.41938801169035733,0.5076473667739643,50.855481363104374,0.014235129284279753,0.2056932693421029,False,39,24,38,65,90,S,0,48.0,36.75,55.150000000000006,55.150000000000006,Persistence
DHI,"D.R. Horton, Inc. Common Stock",Consumer Cyclical,Residential Construction,United States,その他,147.38999938964844,41.225170944,275.0791145108795,-0.06931801507551343,0.037816832297436015,0.05915173237753883,0.23696657557284004,0.6218819461595456,0.17002807911770676,50.93087937075115,-0.022462329431238597,0.18952876321582696,False,9,12,30,40,90,S,0,21.75,24.0,44.5,44.5,Persistence
DINO,HF Sinclair Corporation Common Stock,Energy,Oil & Gas Refining & Marketing,United States,電力/エネルギー,99.70999908447266,17.726828544,251.75428683841704,-0.05986703988803359,-0.10586910274058316,-0.16335558173014003,0.051806915032193236,0.240625,0.19576014536644457,75.76797412577469,0.1864558045122264,0.0,True,38,24,30,65,10,D,0,39.25,28.75,34.75,39.25,Acceleration
DIS,Walt Disney Company (The) Common Stock,Communication Services,Entertainment,United States,その他,108.0999984741211,186.654851072,1028.0834139881515,0.03353728615054564,0.027705910144210217,0.07465970358550325,0.3776436325125761,0.1773571678934455,0.22720921048634526,61.658768492250196,0.0745659212685099,0.07720207233638812,True,24,24,46,25,52,B,0,26.95,26.95,41.95,41.95,Persistence
DK,"Delek US Holdings, Inc. Common Stock",Energy,Oil & Gas Refining & Marketing,United States,電力/エネルギー,72.25,4.424024576,108.73372125,-0.09528188859452254,-0.280254080839487,-0.1683652340790869,0.05489186693898106,0.987535182951347,0.4828482556186749,66.63757747424663,0.1961474585473281,0.0,True,33,37,2,85,25,D,0,40.0,43.0,27.35,43.0,Transition
DKS,Dick's Sporting Goods Inc Common Stock,Consumer Cyclical,Specialty Retail,United States,その他,135.08999633789062,12.090897408,641.0648494715881,0.2806154409679079,0.035307756639333096,0.049821404864314106,0.3292025847046085,-0.21423409978989533,0.44491534014388995,13.539453015747753,-0.34161535121985104,0.4351716462260224,False,31,5,41,65,8,D,0,33.8,14.3,40.4,40.4,Persistence
DLB,Dolby Laboratories Common Stock,Industrials,Specialty Business Services,United States,その他,61.5,5.760630784,58.4326875,0.059203703165763934,-0.02002163502966738,0.03664959048263948,0.8813072127963947,0.44748271627781794,0.012044885617270181,49.02756164258215,0.10852557957379987,0.14144484375562497,True,38,12,45,85,70,A,0,48.25,28.75,60.0,60.0,Persistence
DLX,Deluxe Corporation Common Stock,Industrials,Conglomerates,United States,その他,23.639999389648438,1.084042624,10.751353522415162,0.0053727966820624,-0.032158007571956394,-0.020424394886528658,0.5300487530470654,0.753,0.5170414862410951,43.54057683745835,-0.034087879719289046,0.24010485111125035,False,35,24,30,100,90,S,-5,45.25,37.0,54.5,54.5,Persistence
DNOW,DNOW Inc. Common Stock,Industrials,Industrial Distribution,United States,その他,15.930000305175781,2.87991936,42.26014025959015,0.18836915297092288,0.02240413614821198,0.08661048689138577,0.16950354609929077,-0.5363321799307958,0.14908256880733944,38.888911782279926,0.1054362947351533,0.055720242281880786,True,23,2,37,100,47,C,0,36.95,21.2,54.75,54.75,Persistence
DOCN,"DigitalOcean Holdings, Inc. Common Stock",Technology,Software - Infrastructure,United States,ソフトウェア,111.20999908447266,13.076022272,290.70126945682523,0.15476515311645306,0.12661715380929564,0.20225151911604972,0.5985975569846477,-0.5728882975405917,0.8717966158877513,37.99273881754851,-0.14180014613890365,0.3865629477466625,True,37,21,60,65,51,B,-20,22.6,10.600000000000001,39.45,39.45,Persistence
DOV,Dover Corporation Common Stock,Industrials,Specialty Industrial Machinery,United States,その他,198.67999267578125,26.75826688,185.66247955566405,0.044754205090713046,0.007994429288347052,-0.020358803871510244,0.397669541607976,0.9167076987704141,0.26633067665949733,27.086662772371085,-0.057522118295325775,0.14438144102952646,False,43,12,30,65,53,B,0,47.3,24.05,43.35,47.3,Acceleration
DOW,Dow Inc. Common Stock ,Basic Materials,Chemicals,United States,その他,30.510000228881836,22.038616064,252.33783849300386,-0.06973279955311423,-0.037156559544619244,-0.21580963762257918,0.06337570056044836,-8.582781456953642,0.33479107588233287,49.53395689139341,0.017237360685282914,0.2639063077085482,False,0,0,6,65,73,A,0,17.05,17.05,34.150000000000006,34.150000000000006,Persistence
DRI,"Darden Restaurants, Inc. Common Stock",Consumer Cyclical,Restaurants,United States,その他,215.6300048828125,24.48301056,208.44305682006836,0.09391638444276997,0.06028972783143108,0.08602376094128415,0.21667713781801393,0.05971166958893435,0.4917356014429655,47.91220801625862,0.033174319043916295,0.052925106204338566,True,20,24,34,65,87,S,-20,13.450000000000003,16.450000000000003,32.35000000000001,32.35000000000001,Persistence
DT,"Dynatrace, Inc. Common Stock",Technology,Software - Application,United States,ソフトウェア,53.66999816894531,15.576582144,410.9501025796509,0.18820698152627655,0.18745010590480451,0.23478028190897085,0.8155933426047631,0.22959149313659238,0.037213368133205756,62.16640836096047,0.16939820216093882,0.0,True,46,14,100,65,25,D,0,46.75,22.75,76.25,76.25,Persistence
DTE,DTE Energy Company Common Stock,Utilities,Utilities - Regulated Electric,United States,電力/エネルギー,135.86000061035156,28.270843904,174.47141278381346,0.26948703540178215,-0.022597096900745392,-0.3371645516954441,0.3030858732768433,-0.23786407766990292,0.48625753708430436,46.85792961987478,-0.06188480291165689,0.1202486106725171,False,43,17,6,65,80,S,0,50.0,30.5,35.55,50.0,Acceleration
DTM,"DT Midstream, Inc. Common Stock ",Energy,Oil & Gas Midstream,United States,電力/エネルギー,129.52999877929688,13.214041088,137.03820515853883,0.2670744138634047,0.06399132321041215,0.002173913043478261,0.7924376508447305,0.06779661016949153,0.3345238095238095,41.627668021110644,-0.07306294196944148,0.14070589054628266,False,56,29,61,65,80,S,0,59.75,39.5,65.80000000000001,65.80000000000001,Persistence
DUK,Duke Energy Corporation (Holding Company) Common Stock,Utilities,Utilities - Regulated Electric,United States,電力/エネルギー,120.25,93.759193088,552.214455,0.06192970319860329,0.044631796283551274,0.010150166852057841,0.5117721872382666,-36.291666666666664,0.4642426533698451,50.44309146675926,-0.03302120418376315,0.08320465802109721,False,38,12,22,40,90,S,0,43.5,24.0,40.1,43.5,Acceleration
DV,"DoubleVerify Holdings, Inc. Common Stock",Communication Services,Advertising Agencies,United States,その他,13.380000114440918,2.073733888,72.44775001965523,0.1392131220417478,0.14724832894647213,0.26551772917965244,0.821594807367722,0.3029015583141531,0.0735191812608099,76.66670905229964,0.12719246893755534,0.17762755144507153,True,25,14,82,100,35,C,0,37.25,29.0,77.1,77.1,Persistence
DVN,Devon Energy Corporation Common Stock,Energy,Oil & Gas E&P,United States,電力/エネルギー,47.349998474121094,52.084998144,489.40295522872924,0.07829360100376412,0.04469786341591296,-0.20402733580259794,0.2554689318128927,3.0,0.2717174594132726,61.11731029226984,0.07070977824060555,0.08417931186015769,True,42,25,26,40,65,A,0,44.0,31.25,37.3,44.0,Acceleration
DXC,DXC Technology Company Common Stock ,Technology,Information Technology Services,United States,その他,11.210000038146973,1.791119104,31.316256106567383,-0.01763654727682387,-0.05824248189068559,-0.05287595287595288,0.23971844353052832,-0.0036496350364963502,0.3294802172226532,54.054056840538685,0.11415906148195756,0.2734932069711799,False,18,0,21,100,43,C,-5,27.799999999999997,14.3,40.15,40.15,Persistence
DXYZ,Destiny Tech100 Inc. Common Stock,Financial Services,Asset Management,United States,その他,34.7400016784668,1.058377216,46.034671024169924,1.4588484566427868,3.0,-0.02481207231534976,,,,75.7689888623068,0.2658228340746299,0.5123525727092352,True,25,22,8,100,10,D,-35,0.0,0.0,0.0,0.0,Acceleration
DY,"Dycom Industries, Inc. Common Stock",Industrials,Engineering & Construction,United States,その他,294.3399963378906,8.877575168,181.3870227432251,0.17947585864270077,0.12607607960007414,0.09639376735280542,0.20557791035991915,3.0,0.5004039014032354,19.08579164885279,-0.29614547802131375,0.4500373885940212,False,47,26,42,85,8,D,0,48.8,33.05,45.95,48.8,Acceleration
EAT,"Brinker International, Inc. Common Stock",Consumer Cyclical,Restaurants,United States,その他,230.19000244140625,9.872340992,243.24062462982178,0.0786003491697931,0.21949672714094812,0.06820381302622665,0.18646898784309673,0.34759487551365725,0.6238010657193606,51.36359432191507,0.13129044186771438,0.09352602887164278,True,5,24,40,85,70,A,-30,0.0,7.75,27.25,27.25,Persistence
ECAT,BlackRock ESG Capital Allocation Term Trust Common Shares of Beneficial Interest,Financial Services,Asset Management,United States,その他,15.390000343322754,1.53081728,7.582499269151688,-0.1160516485564761,-0.17765033785973627,1.955884027034504,,,0.00021349130274929428,43.05060755733736,0.014072155697170055,0.011613382062655083,True,18,0,18,100,75,A,-25,11.0,0.0,24.9,24.9,Persistence
ECG,"Everus Construction Group, Inc. Common Stock",Industrials,Engineering & Construction,United States,その他,115.7300033569336,5.907045376,69.72964162261962,0.31466705969256253,-0.0016483381738304857,0.057475224599425764,0.12120691215296231,-0.2179862553106456,0.215237651201951,34.586032379677974,-0.15307694378996886,0.3158548069784874,False,32,20,33,85,41,C,0,40.85,31.85,47.60000000000001,47.60000000000001,Persistence
ECL,Ecolab Inc. Common Stock,Basic Materials,Specialty Chemicals,United States,その他,286.75,80.384229376,405.37417375,0.021586390028841145,0.02749311366692341,0.0798150523689367,0.44464343456955946,0.046663735297350774,0.36432583018508846,53.125839761185105,0.0312322194605116,0.0650167066068289,True,6,12,42,40,87,S,0,19.200000000000003,23.700000000000003,50.5,50.5,Persistence
ECVT,Ecovyst Inc. Common Stock,Basic Materials,Specialty Chemicals,United States,その他,10.109999656677246,1.106725504,13.679284485468864,0.20929474590294087,0.02299754635843685,-0.2869126596184398,0.21849719770840964,-0.2587702553660813,0.3415935884686331,50.84745032136678,-0.12810255227720388,0.3246493335778783,False,39,5,21,100,51,B,-5,44.35,18.85,41.75,44.35,Acceleration
ED,"Consolidated Edison, Inc. Common Stock",Utilities,Utilities - Regulated Electric,United States,電力/エネルギー,107.48999786376953,39.752880128,235.87820111221313,0.10894074462506555,0.040441928663984175,-0.06426292278238672,0.5325097529258778,1.031114952463267,0.38036003914051714,59.80426205469508,-0.014615808972353117,0.05353070296978155,True,55,39,34,40,87,S,0,55.95,43.95,46.10000000000001,55.95,Acceleration
EE,"Excelerate Energy, Inc. Class A Common Stock",Energy,Oil & Gas Midstream,United States,電力/エネルギー,38.560001373291016,4.372785152,14.760575725688934,0.4425764912729891,-0.2653458307124559,-0.5313483002038437,0.3219253531206264,1.2734029577679524,0.34634212933390873,69.91822206283939,0.017693308346435864,0.09477068665807015,True,60,32,30,85,80,S,0,65.75,44.75,53.75,65.75,Acceleration
EFOR,"Everforth, Inc. Common Stock",Technology,Information Technology Services,United States,その他,31.950000762939453,1.30995008,23.882785320301057,-0.0290996902212357,-0.07884330202669303,-0.02848660801990788,0.28868957893679026,-0.21003564573622155,0.3180050580589019,46.684350535221185,0.31030695446831014,0.41105989377070135,False,18,0,21,100,35,C,-5,27.0,13.5,38.55,38.55,Persistence
EFX,"Equifax, Inc. Common Stock",Industrials,Consulting Services,United States,その他,194.35000610351562,22.833190912,211.17488613189698,0.069247152840119,0.07899035174352351,0.02791769161688337,0.5644744423409334,0.39520295202952027,0.4292999106555857,65.69206187128583,0.11039633746379697,0.25283025198962955,True,13,24,42,65,33,D,0,22.8,31.05,45.95,45.95,Persistence
EIX,Edison International Common Stock,Utilities,Utilities - Regulated Electric,United States,電力/エネルギー,70.16999816894531,27.002396672,259.61109987556455,0.09761918290811977,0.077182029624189,-0.05121951219512195,0.48071646736035617,-0.031746031746031744,0.4418884138429796,56.03091555050774,-0.05251269430922386,0.12702164012625045,True,48,26,10,65,90,S,0,54.75,38.25,39.75,54.75,Acceleration
EL,"Estee Lauder Companies, Inc. (The) Common Stock",Consumer Defensive,Household & Personal Products,United States,その他,103.38999938964844,37.40635136,379.5250436595154,0.05046768113918749,-0.08213736545361353,-0.018981772470144563,0.7550003322479899,0.9641791044776119,0.4678676247343386,74.86187237227321,0.19262118206496007,0.1295426068281997,True,45,54,37,40,35,C,0,43.25,50.0,37.35,50.0,Transition
ELF,"e.l.f. Beauty, Inc. Common Stock",Consumer Defensive,Household & Personal Products,United States,その他,104.0999984741211,6.142732288,251.77625630950928,0.2458704379159158,0.2828166323544923,0.7689256518163788,0.7072207773796313,0.6481269510926119,0.38297388894133133,66.26284659262458,0.24889924615640996,0.2902434051017643,True,30,17,83,85,33,D,0,38.55,28.8,73.5,73.5,Persistence
EME,"EMCOR Group, Inc. Common Stock",Industrials,Engineering & Construction,United States,その他,740.1699829101562,32.648824832,265.8024425628662,0.16616001135786643,0.15761448120790855,0.1360361751226964,0.19327130810714582,-0.10775471437659796,0.05039165791932948,36.18236404520689,-0.0632695792453893,0.2153088013608019,False,35,14,62,40,70,A,0,39.25,23.5,58.1,58.1,Persistence
EMN,Eastman Chemical Company Common Stock,Basic Materials,Specialty Chemicals,United States,その他,73.02999877929688,8.349273088,66.24733764266968,-0.06714986143679386,0.018675352877307275,-0.12948960302457466,0.21069469835466179,-0.38372093023255816,0.3221616528703143,48.571430168372146,0.034504236270005546,0.08131533634839999,True,0,0,21,85,100,S,0,22.75,22.75,52.8,52.8,Persistence
EMR,Emerson Electric Company Common Stock,Industrials,Specialty Industrial Machinery,United States,電力/エネルギー,155.17999267578125,86.559399936,417.8135953799438,0.02995655156643037,0.15344543356412793,0.09859461025789626,0.528363676731794,-0.08444902162718847,0.3278762749022972,44.5516282991296,0.044166304992618234,0.052766486488298965,True,11,19,41,40,87,S,0,22.950000000000003,28.950000000000003,49.95,49.95,Persistence
ENR,"Energizer Holdings, Inc. Common Stock",Industrials,Electrical Equipment & Parts,United States,電力/エネルギー,22.270000457763672,1.525130752,24.56291970489502,0.022757187391756147,-0.02456330033449336,-0.029638372512376644,0.4174823043316287,-0.8094663852879108,0.7752759672570062,58.54705243438683,0.049500816979445084,0.2010162978826603,True,37,19,19,100,100,S,-15,37.75,24.25,40.45,40.45,Persistence
ENS,EnerSys Common Stock,Industrials,Electrical Equipment & Parts,United States,電力/エネルギー,185.4600067138672,6.688656896,95.41175505401611,0.03698523238884348,0.009969091572532902,-0.034166186024350564,0.2925758441702458,2.357187993680885,0.297174048365808,49.13969964969132,-0.07270552714123278,0.23697503965696007,True,42,12,26,85,90,S,0,53.25,30.75,53.55,53.55,Persistence
ENVA,"Enova International, Inc. Common Stock",Financial Services,Credit Services,United States,その他,232.72000122070312,5.794349056,61.83021352432251,0.18581270223493115,0.25507699848746646,0.2197784094672784,0.47306476950349546,0.18514948961779187,0.7003895225303443,35.317644937499566,-0.03129961067925783,0.123300092225278,True,15,26,83,85,90,S,-30,3.0,11.25,54.900000000000006,54.900000000000006,Persistence
EOG,"EOG Resources, Inc. Common Stock",Energy,Oil & Gas E&P,United States,電力/エネルギー,143.35000610351562,75.191263232,414.2707663887024,-0.03404910599709128,0.008454835648347855,-0.21395632713956328,0.6337791161101762,-0.4021833304453301,0.1623197359022375,52.30519347115021,0.02536369102717198,0.06337795984859852,True,12,0,37,40,87,S,0,23.700000000000003,14.700000000000001,47.75,47.75,Persistence
EPAC,Enerpac Tool Group Corp. Common Stock,Industrials,Specialty Industrial Machinery,United States,その他,37.61000061035156,1.938538624,10.664691773071288,0.04646061983681363,-0.014533503620838377,0.04723374233880639,0.5054782063190246,0.31521428162728155,0.22910443344160356,60.42944569910718,0.043226943951323954,0.13035022698647677,True,31,24,38,100,80,S,-5,41.25,36.0,56.900000000000006,56.900000000000006,Persistence
EPAM,"EPAM Systems, Inc. Common Stock",Technology,Information Technology Services,United States,その他,114.80000305175781,5.922185216,180.45182879699706,0.15421430898023242,0.007973495588994017,-0.027806507267397876,0.28834613388611,0.16255298640284466,0.02931456818007497,79.77451708950686,0.21603473976275697,0.48148145340314424,False,37,14,30,85,0,D,0,40.5,23.25,37.75,40.5,Acceleration
EPC,Edgewell Personal Care Company Common Stock,Consumer Defensive,Household & Personal Products,United States,その他,29.049999237060547,1.338882944,16.949948304843904,-0.013400186360207659,0.0009326701012613253,0.036791453699866465,0.4159658196536991,-0.7627507163323782,0.37611479381306073,59.39715622500621,0.052208343442874304,0.02056644010417236,True,4,0,25,100,60,B,-5,19.0,16.0,45.75,45.75,Persistence
EPD,Enterprise Products Partners L.P. Common Stock,Energy,Oil & Gas Midstream,United States,電力/エネルギー,39.02000045776367,84.262805504,112.7697523229599,-0.06444440491648731,0.13082570652720507,-0.14558484858900766,0.1360559738383147,-0.16970036404368524,0.44635567764627354,62.350088094684864,0.03900431472778733,0.004980709744815717,True,0,0,17,40,55,B,0,11.5,11.5,30.35,30.35,Persistence
EQBK,"Equity Bancshares, Inc. Class A Common Stock",Financial Services,Banks - Regional,United States,その他,49.619998931884766,1.02179936,4.441238004398346,-0.04114311130879573,0.5756345770581321,-0.29705388803645566,,-0.41681968417186926,0.06247203119576877,36.24681537094677,-0.003966230707072532,0.0407887227725335,True,0,0,25,100,77,A,-25,0.0,0.0,29.15,29.15,Persistence
EQH,"Equitable Holdings, Inc. Common Stock",Financial Services,Asset Management,United States,その他,50.20000076293945,13.692843008,135.05356405254363,-0.06116700201207243,0.1878585086042065,-0.17273014868712433,,-0.6330275229357798,0.020635869052485926,36.413655860596116,0.0432338952937725,0.05443585197480101,True,0,0,25,65,77,A,-20,0.0,0.0,25.4,25.4,Persistence
EQT,EQT Corporation Common Stock,Energy,Oil & Gas E&P,United States,電力/エネルギー,54.56999969482422,34.134409216,337.51162821250915,0.5995614485258298,0.030021802838747752,-0.582395167430068,0.4587503233784062,3.0,0.1880332996481649,55.201685273136064,0.04571789937125096,0.19188255710692875,False,78,64,38,40,90,S,0,73.5,63.0,48.900000000000006,73.5,Acceleration
ES,Eversource Energy (D/B/A) Common Stock,Utilities,Utilities - Regulated Electric,United States,電力/エネルギー,70.83999633789062,26.68363776,140.40983154144288,0.13834647711764805,-0.0008308492234506689,-0.03080971990675493,0.8469225179674922,0.9805682715211014,0.4721186831532982,47.672769454924236,-0.02683222791945283,0.06035287290879802,True,59,26,17,65,87,S,0,62.7,37.95,43.0,62.7,Acceleration
ESAB,ESAB Corporation Common Stock,Industrials,Metal Fabrication,United States,その他,76.43000030517578,4.749051904,59.127394686088564,0.03712488639278343,-0.012239951044520511,0.06990067399787159,0.3688027144593508,-0.2975429813582768,0.2822382437274632,32.06585503792715,-0.1371656134152454,0.4318063844292616,False,22,0,25,85,33,D,0,32.55,16.05,41.6,41.6,Persistence
ESE,ESCO Technologies Inc. Common Stock,Technology,Scientific & Technical Instruments,United States,その他,276.9599914550781,7.17536,55.72435028076172,0.1917700165483116,0.07400621411953591,-0.0019929982670594355,0.420933039251845,1.1722105214962686,0.09558751537096932,32.868840205157355,-0.13003200243339605,0.219427459006594,True,51,26,34,85,68,A,0,57.8,39.05,53.550000000000004,57.8,Acceleration
ESI,Element Solutions Inc. Common Stock,Basic Materials,Specialty Chemicals,United States,その他,34.93000030517578,8.512123392,135.07762953014372,0.03838170051691155,0.05301731527515858,-0.08480426767082451,0.41960645970523675,-0.22479564032697547,0.32195083702513033,37.96295896569872,-0.11480876449461018,0.2884497821022238,True,4,0,25,85,63,B,0,22.05,19.05,47.6,47.6,Persistence
ETR,Entergy Corporation Common Stock,Utilities,Utilities - Regulated Electric,United States,電力/エネルギー,105.75,49.346281472,210.5387325,0.08982021612920849,-0.022042472915218485,-0.11746564666098092,0.47716913810993794,-0.8840804752903052,0.4303049224844427,53.00714908809044,-0.04254638735233377,0.09354734222870259,True,38,12,10,40,100,S,0,44.5,25.0,35.5,44.5,Acceleration
ETSY,"Etsy, Inc. Common Stock",Consumer Cyclical,Internet Retail,United States,その他,83.58999633789062,7.67203584,277.4310183456421,0.02676642220364259,0.02181469281688793,0.07102810439610757,0.7163864344073403,-0.09904636437879688,1.0878824470670128,57.78427896575259,0.03502667407736021,0.039526628629857855,True,30,0,39,85,87,S,-20,23.950000000000003,1.4500000000000028,40.10000000000001,40.10000000000001,Persistence
EVR,Evercore Inc. Class A Common Stock,Financial Services,Capital Markets,United States,その他,290.1099853515625,11.156984832,145.469849954834,0.2940760701209863,0.22821749344277228,-0.12168470642074287,,0.23423829653984657,0.21557672434821543,43.86933534702551,-0.10591326610292341,0.23654077541234309,False,44,29,38,65,80,S,-20,30.75,19.5,33.150000000000006,33.150000000000006,Persistence
EVTC,"Evertec, Inc. Common Stock",Technology,Software - Infrastructure,United States,ソフトウェア,29.979999542236328,1.791381248,11.859188418922423,0.10210931937370932,0.2170361978900518,0.12338112802368659,0.4965454627405781,-0.2105036239483558,0.5038924867694677,52.44253015310311,0.016889439073145992,0.1551223765135137,True,13,14,55,100,100,S,-5,29.75,30.5,70.25,70.25,Persistence
EXP,Eagle Materials Inc Common Stock,Basic Materials,Building Materials,United States,その他,197.55999755859375,6.060216832,70.39457833007812,0.021300521829606442,0.0005360074394822814,0.051780459566242984,0.2826503535820377,-0.4411394214574246,0.4676392233288672,34.23402945562063,-0.06714251801400695,0.18068757031661373,False,18,0,29,85,70,A,0,33.25,19.75,51.2,51.2,Persistence
EXPD,"Expeditors International of Washington, Inc. Common Stock",Industrials,Integrated Freight & Logistics,United States,その他,190.97000122070312,24.82430976,187.24990559692384,0.04419539994047459,0.1398268407577975,-0.45521906846608606,0.1292198786720654,0.39611506893446286,0.11659812188805138,77.04469514877468,0.08713102274961045,0.0,True,5,24,30,65,25,D,0,16.0,30.25,37.75,37.75,Persistence
F,Ford Motor Company Common Stock,Consumer Cyclical,Auto Manufacturers,United States,その他,13.880000114440918,55.347830784,563.3581828449011,0.01229782909531223,0.04995147311724209,0.11473076168723942,0.008971148146763712,0.8499777415046743,0.5731705630100982,50.43731421757081,-0.00772661955759975,0.19550890729829787,True,9,12,34,40,100,S,0,22.75,25.0,48.7,48.7,Persistence
FAF,First American Corporation (New) Common Stock,Financial Services,Insurance - Specialty,United States,その他,74.47000122070312,7.60338688,45.07780878890991,0.2163641413563808,0.020439805938547207,-0.2101735535013563,,0.12264428739693757,0.16452849255644286,62.95873736927434,0.034035575821791106,0.05924712259268326,True,41,29,30,85,67,A,-20,30.200000000000003,21.200000000000003,31.15,31.15,Persistence
FBIN,"Fortune Brands Innovations, Inc. Common Stock",Industrials,Building Products & Equipment,United States,その他,45.5,5.42785024,120.13638,-0.031633760034714686,-0.0037179542605161905,-0.02049544780859623,0.4457340025094103,-0.22697576396206534,0.42767536729748795,41.160623037691266,-0.06339327470884745,0.28123536225850987,False,4,0,21,85,63,B,0,22.05,19.05,45.4,45.4,Persistence
FBK,FB Financial Corporation Common Stock,Financial Services,Banks - Regional,United States,その他,57.849998474121094,2.891235072,16.087506075668333,0.2318025870716658,-0.04649352117156808,-0.09367050668953102,,0.11160342976393908,0.011247712617663537,31.693969706523802,-0.00827591296016222,0.06813793866252096,True,41,29,30,100,77,A,-20,33.45,24.450000000000003,36.9,36.9,Persistence
FBP,First BanCorp. New Common Stock,Financial Services,Banks - Regional,United States,その他,28.010000228881836,4.276238336,30.376705198221206,0.06251574439499538,0.008823319601234106,0.01195051056145405,,0.11006693019267168,0.015157144042834716,40.2885929537468,0.013612579995345101,0.050146679253496224,True,20,24,42,85,87,S,-20,16.450000000000003,19.450000000000003,41.75,41.75,Persistence
FCF,First Commonwealth Financial Corporation Common Stock,Financial Services,Banks - Regional,United States,その他,20.850000381469727,2.107016192,14.393902013349534,0.09367464020764531,-0.00862975211752387,0.17364556894256672,,0.5050519237690599,0.03133280985326463,32.31708948132952,0.0014954775776145287,0.04387339816898612,True,27,24,30,100,77,A,-20,22.950000000000003,20.700000000000003,36.9,36.9,Persistence
FCN,"FTI Consulting, Inc. Common Stock",Industrials,Consulting Services,United States,その他,153.74000549316406,4.245003776,63.11027225494385,0.024388615095445584,0.060015900301555465,0.151980185598242,0.32133041706245447,-0.7397724145025286,0.17954905389671705,57.5407347775293,-0.005949779544228338,0.17799280063844936,False,4,0,41,85,90,S,0,24.75,21.75,61.8,61.8,Persistence
FCX,"Freeport-McMoRan, Inc. Common Stock",Basic Materials,Copper,United States,その他,76.44999694824219,109.783539712,1099.4809211105346,0.018071105873109408,0.1137606650623496,0.003292361720807726,0.28157437777349026,-0.5255102040816326,0.18037718981553114,61.54741984466534,0.16585473469417122,0.04329879308349733,True,0,12,37,25,37,C,0,7.45,16.45,34.0,34.0,Persistence
FDS,FactSet Research Systems Inc. Common Stock,Financial Services,Financial Data & Stock Exchanges,United States,その他,308.9800109863281,10.989041664,243.19507684722902,0.05387607033139421,0.0563642047884736,0.13103587411844078,0.5271743531167035,0.004550505403826849,0.3620842270191103,65.9400050171275,0.17196453850154486,0.16520435747580908,True,10,24,46,65,50,B,-20,2.25,12.75,31.549999999999997,31.549999999999997,Persistence
FDX,FedEx Corporation Common Stock,Industrials,Integrated Freight & Logistics,United States,その他,330.8800048828125,78.309515264,471.9142981640625,0.07726952209812797,0.0026569965675709577,-0.027308524208307913,0.21771537162162163,0.7162026165716202,0.43404388651364,55.73804642849595,0.03569986026202579,0.024959484509687702,True,39,24,22,40,75,A,0,42.75,31.5,37.1,42.75,Acceleration
FE,FirstEnergy Corp. Common Stock,Utilities,Utilities - Regulated Electric,United States,電力/エネルギー,45.880001068115234,26.548000768,177.20393392541885,0.12010095011876484,0.046775446775446775,0.03298820130026487,0.6530815109343936,0.11764705882352941,0.47502862049227246,39.21570460737547,-0.03444533398979323,0.09819437431664448,False,49,26,26,65,80,S,0,54.5,37.25,46.55,54.5,Acceleration
FERG,Ferguson Enterprises Inc. Common Stock,Industrials,Industrial Distribution,United States,その他,228.49000549316406,44.202012672,1001.844132785492,,0.038029357179011306,-0.0033295217596018027,,0.06795469686875416,0.3365108015116476,18.082595694340228,-0.0330744947194808,0.1400184144907524,False,2,12,26,40,63,B,0,13.8,21.3,36.900000000000006,36.900000000000006,Persistence
FG,"F&G Annuities & Life, Inc. Common Stock",Financial Services,Insurance - Life,United States,その他,23.989999771118164,3.141135616,14.064017415819167,0.0014757424829367274,0.26925778506204634,0.9075480125055828,,-0.21907949790794978,0.0229706390328152,30.16688196769799,-0.1356325585477459,0.29723147283441526,False,0,0,45,85,41,C,-20,0.0,0.0,34.2,34.2,Persistence
FHI,"Federated Hermes, Inc. Common Stock",Financial Services,Asset Management,United States,その他,64.41000366210938,4.808868864,34.09640158859253,0.103284555475699,0.013990658397812092,0.11326491512739537,0.6791815014802881,-0.1399789799433626,0.20499682192508356,61.08206997744467,0.06842636178526491,0.014986935872249002,True,38,14,49,85,40,C,-20,25.25,7.25,36.2,36.2,Persistence
FHN,First Horizon Corporation Common Stock,Financial Services,Banks - Regional,United States,その他,24.649999618530273,11.678606336,113.88780498753547,0.0733204134366925,-0.018700475435816166,0.011217948717948718,,-0.5138888888888888,0.018074300157375173,41.265055568801046,-0.03137330083806368,0.05987794568799165,True,18,12,25,65,87,S,-20,11.950000000000003,7.450000000000003,27.400000000000006,27.400000000000006,Persistence
FICO,Fair Isaac Corporation Common Stock,Technology,Software - Application,United States,ソフトウェア,1153.5699462890625,24.914382848,351.7061730743408,0.15914926469817633,0.1347613601602054,0.0989544533751552,0.8223278377432166,0.21729367003998926,1.6459631086223518,65.82628237403446,-0.014853291639593426,0.3862520729318709,False,58,33,55,65,53,B,-20,38.55,19.799999999999997,37.1,38.55,Acceleration
FIG,"Figma, Inc. Class A Common Stock",Technology,Software - Application,United States,ソフトウェア,28.81999969482422,15.361343488,613.3005451057434,0.40957609434307374,0.48356025463779084,,0.8242762751613013,3.0,0.024901978403096492,62.018220725808284,0.23053010706165214,0.5945413765840277,True,41,33,45,65,25,D,0,43.0,37.0,46.0,46.0,Persistence
FIGS,"FIGS, Inc. Class A Common Stock",Consumer Cyclical,Apparel Manufacturing,United States,その他,15.420000076293945,2.561882624,48.91671204202652,0.1359714017258324,0.018165623866023026,0.07870352980715055,0.6652516724819283,-0.17366427090316647,0.1034558859026614,62.59168624342017,0.30525317954941517,0.09929910511707521,True,41,21,49,100,50,B,0,50.75,35.75,61.95,61.95,Persistence
FIS,"Fidelity National Information Services, Inc. Common Stock",Technology,Information Technology Services,United States,その他,41.439998626708984,21.370853376,252.0563052470398,0.0543102597017873,0.030108839385616926,0.011419753086419753,0.36864287721270017,0.4569377990430622,0.39808289536550406,44.512822077824524,-0.002968988598411618,0.38717798805568626,False,39,12,42,65,73,A,0,46.3,26.05,53.95,53.95,Persistence
FITB,Fifth Third Bancorp Common Stock,Financial Services,Banks - Regional,United States,その他,54.540000915527344,49.461919744,274.07632150074005,0.06611070824268794,-0.01838889547989085,0.04036040483831153,,0.578838174273859,0.06511456506325335,27.710847328760508,-0.03597824368147852,0.0813541873547763,True,27,24,30,40,73,A,-20,13.549999999999997,11.3,21.1,21.1,Persistence
FIX,"Comfort Systems USA, Inc. Common Stock",Industrials,Engineering & Construction,United States,その他,1518.72998046875,53.450682368,592.7830923266602,0.2951507767511408,0.3496831042721385,0.2575609294255288,0.2412640753464128,0.39765930519007137,0.07504196831351576,38.87428790687005,-0.13289583787052686,0.26469436801983537,True,17,36,85,40,51,B,0,23.85,38.1,66.95,66.95,Persistence
FLG,"Flagstar Bank, N.A. Common Stock",Financial Services,Banks - Regional,United States,その他,13.449999809265137,5.582998528,52.581093004345895,-0.2020123839009288,-0.2887420864299477,1.451417004048583,,-5.96,0.13922662034920924,30.82190393887079,-0.06580355848694151,0.12434895117864152,False,18,18,18,85,70,A,-30,3.25,3.25,15.149999999999999,15.149999999999999,Persistence
FLO,"Flowers Foods, Inc. Common Stock",Consumer Defensive,Packaged Foods,United States,その他,7.099999904632568,1.505151872,43.02827142204285,0.029977934694454988,0.002486235054008875,0.05930473496521511,0.4887100281386076,0.13726762089416059,0.49806673787680805,49.065422018454925,-0.07873567133198262,0.49104795089924175,False,28,12,42,100,55,B,-25,16.5,4.5,34.1,34.1,Persistence
FLOC,Flowco Holdings Inc. Class A Common Stock,Energy,Oil & Gas Equipment & Services,United States,電力/エネルギー,21.15999984741211,2.302117632,12.290680111370087,0.41929800963237795,1.1998660217077712,0.6373369042251815,0.3531976954637175,0.8773338143771985,0.12716790040519912,44.14422404263803,0.009347365539665007,0.23902318365949302,False,27,20,72,100,90,S,0,44.25,39.0,82.6,82.6,Persistence
FLR,Fluor Corporation Common Stock,Industrials,Engineering & Construction,United States,その他,53.27000045776367,7.124386304,151.987834506073,-0.04977015016855654,0.05434923096807548,0.12587310826542492,-0.007740437334709411,-1.658132530120482,0.129917435648373,53.84036021285305,0.031157343761923088,0.06543858846028645,True,0,0,10,85,87,S,-10,11.450000000000003,11.450000000000003,34.150000000000006,34.150000000000006,Persistence
FLS,Flowserve Corporation Common Stock,Industrials,Specialty Industrial Machinery,United States,その他,80.33000183105469,10.210970624,117.81599718551635,0.037617660778014685,0.05490678675556529,0.1951406868928279,0.33439417583300557,0.2633485240597289,0.3083761956483655,53.360013818350936,0.06626922581418626,0.1220085455831143,True,9,24,42,65,85,S,0,25.0,36.25,56.35,56.35,Persistence
FLUT,Flutter Entertainment plc Ordinary Shares,Consumer Cyclical,Gambling,United States,その他,101.77999877929688,17.662810112,363.3886919416809,0.16621583143507973,0.19151823579304494,0.24590510408961216,0.45193188060794726,-0.5674814027630181,0.4396174863387978,59.0199407058739,-0.005942092424345362,0.6686525561413829,False,13,2,80,65,65,A,0,26.0,17.75,73.25,73.25,Persistence
FMC,FMC Corporation Common Stock,Basic Materials,Agricultural Inputs,United States,その他,11.329999923706055,1.418820096,32.33615968225479,-0.18339181837450838,-0.053646251225817954,-0.22672043844682283,0.3700178808329007,-1.2926061007957559,0.4334379387232637,65.26314873664981,0.03315833434196505,0.6999309559369761,False,4,0,6,100,45,C,-15,7.5,4.5,22.299999999999997,22.299999999999997,Persistence
FNB,F.N.B. Corporation Common Stock,Financial Services,Banks - Regional,United States,その他,18.40999984741211,6.553295872,62.39876143281936,0.10588972431077694,0.015913430935709738,0.0887040887040887,,-0.2524850894632207,0.06135897589042187,35.326032872804475,-0.027818856325724797,0.05541302906049721,True,23,14,37,85,77,A,-20,17.700000000000003,10.95,37.0,37.0,Persistence
FND,"Floor & Decor Holdings, Inc. Common Stock",Consumer Cyclical,Home Improvement Retail,United States,その他,53.0,5.643968512,117.063485,0.05124097518498486,0.00948960144852017,0.03503621666733498,0.4363513238863147,-0.5901464219690524,0.364115312985546,25.87960231709289,-0.06247788938860032,0.4138464822685341,False,22,12,37,85,28,D,0,32.05,24.55,47.2,47.2,Persistence
FNF,"Fidelity National Financial, Inc. Common Stock",Financial Services,Insurance - Specialty,United States,その他,47.54999923706055,12.752569344,72.50637858663559,0.058779483339573196,0.15918757052339208,0.005761676123963335,,-0.14814814814814814,0.0437375016052984,45.76921101859663,-0.03498020634181995,0.15897799029632573,False,0,0,37,65,90,S,-20,0.0,0.0,34.6,34.6,Persistence
FOR,Forestar Group Inc Common Stock ,Real Estate,Real Estate - Development,United States,その他,28.6299991607666,1.460634624,3.0032869119644166,0.10136478070756592,0.05045584243858306,-0.05411098676848134,0.21865976900866219,-0.24470734744707348,0.26047178833280205,51.213574029682434,-0.029603393733560163,0.10475298403445395,True,35,2,6,100,100,S,-15,36.25,11.5,33.3,36.25,Acceleration
FOUR,"Shift4 Payments, Inc. Class A Common Stock",Technology,Software - Infrastructure,United States,ソフトウェア,43.959999084472656,3.471086848,90.78377230930329,0.2548784148904233,0.298635477582846,0.2866171749598716,0.3416267942583732,0.19935691318327975,0.5297830827499139,51.95503207160592,-0.08277173383553654,0.5138781495508123,False,15,17,81,85,55,B,0,29.5,31.0,76.80000000000001,76.80000000000001,Persistence
FSK,FS KKR Capital Corp. Common Stock,Financial Services,Asset Management,United States,その他,12.260000228881836,3.387931904,27.907193320999145,-0.8298192771084337,-0.14762516046213095,3.0,,,0.5560492388374972,51.758807937435215,0.09793668636638744,0.1991550460791929,True,0,0,10,85,85,S,-20,1.25,1.25,23.75,23.75,Persistence
FSS,Federal Signal Corporation Common Stock,Industrials,Farm & Heavy Construction Machinery,United States,その他,118.12999725341797,7.210845696,42.77664395542145,0.17136717700778942,0.08057119637777907,0.2006551435740173,0.2894748910800275,0.19087572102779235,0.2485162584635961,32.809492323067644,-0.03372317167485422,0.11643387618015887,True,25,26,57,85,90,S,-20,20.5,21.25,50.599999999999994,50.599999999999994,Persistence
FTV,Fortive Corporation Common Stock ,Technology,Scientific & Technical Instruments,United States,その他,59.689998626708984,18.02739712,121.99083779335022,0.019162439657918598,0.04266843813076471,-0.32816657225741114,0.6350171912192542,,0.28170765993337704,35.73405738638195,-0.02178332609216941,0.06865342428768902,True,12,0,18,65,77,A,0,26.45,17.45,41.55,41.55,Persistence
FUL,H. B. Fuller Company Common Stock,Basic Materials,Specialty Chemicals,United States,その他,56.349998474121094,3.030920704,35.90706427768707,-0.026661260457484105,0.016463425401901603,-0.0635469114204348,0.3111061786526846,-0.25723809582166557,0.40056854469460546,35.85449880999944,-0.036264817282276984,0.1579290540024412,False,4,12,21,85,80,S,0,23.75,29.75,48.8,48.8,Persistence
FUN,Six Flags Entertainment Corporation Common Stock New,Consumer Cyclical,Leisure,United States,その他,16.219999313354492,1.65957056,36.8208582412529,0.1444716466968828,0.5060733831924513,-0.010297774327150634,0.9130068196868099,-3.8938832163976196,0.6924298152554582,53.87839669104902,-0.11721168458246421,0.3934181207109175,False,20,2,30,100,63,B,-15,21.299999999999997,7.800000000000001,39.1,39.1,Persistence
GAM,"General American Investors, Inc. Common Stock",Financial Services,Asset Management,United States,その他,67.16000366210938,1.600564736,1.09302905960083,0.3750510032407841,-0.0997555748641208,2.627150822537805,,,0.001015289505874655,47.74777561267308,0.028408384421518516,0.011626097448312674,True,32,20,18,100,75,A,-25,21.5,12.5,24.9,24.9,Persistence
GAP,"Gap, Inc. (The) Common Stock",Consumer Cyclical,Apparel Retail,United States,その他,23.479999542236328,8.452305408,180.63562807834626,0.0185602545406337,0.013231244542951172,-0.04655481557377049,0.4079135754262658,-0.2078922040423484,0.44418936035465484,63.01188174642549,0.17074458955017283,0.18069500762515212,False,34,0,21,85,40,C,0,42.25,16.75,40.8,42.25,Acceleration
GATX,GATX Corporation Common Stock,Industrials,Rental & Leasing Services,United States,その他,177.60000610351562,6.270178304,32.81959312789917,0.09769788710186061,0.12375079736338507,0.10832678711704635,0.4895426338772696,,0.704919581099475,54.48722128756559,-0.007176688660408667,0.11200430539889943,True,8,12,28,85,100,S,-10,18.75,21.75,46.650000000000006,46.650000000000006,Persistence
GBCI,"Glacier Bancorp, Inc. Common Stock",Financial Services,Banks - Regional,United States,その他,46.880001068115234,6.104336384,44.78024582027435,0.24005125755067425,0.026081878604625828,-0.11508609963390001,,0.656898360030511,0.023786368799135833,33.09354245567813,-0.06268419545592469,0.13997427056246806,False,48,29,30,85,70,A,-20,35.75,21.5,31.75,35.75,Acceleration
GD,General Dynamics Corporation Common Stock,Industrials,Aerospace & Defense,United States,防衛/宇宙,379.32000732421875,102.627753984,301.4759554211426,0.10130773744655881,0.12878501135503406,0.07270281929606415,0.1513035204567079,0.23873591989987483,0.17098988628622333,30.40714323164869,0.00962295541664737,0.04204862450477432,True,10,26,50,25,77,A,0,18.95,30.95,49.15,49.15,Persistence
GDDY,GoDaddy Inc. Class A Common Stock,Technology,Software - Infrastructure,United States,ソフトウェア,97.69999694824219,12.373480448,193.28381196258545,0.08263360447826468,0.07500999036223878,0.0397917532324689,0.6361414635131587,0.24930616128776464,0.48072782486403065,58.58446324126379,0.07218184260261294,0.34376683406784875,True,50,12,46,65,68,A,0,54.05,25.55,55.15,55.15,Persistence
GEF,Greif Inc. Class A Common Stock,Consumer Cyclical,Packaging & Containers,United States,その他,84.08000183105469,4.779793408,21.688856872329712,0.04301487318276531,-0.3424206630443342,0.14279800579543206,0.2064570943075616,-0.6178180972319144,0.4514411216077983,36.02016565560801,0.047454389539847854,0.06702175689576775,True,18,0,17,85,77,A,0,33.95,20.45,46.0,46.0,Persistence
GEF-B,"Greif, Inc. Corporation Class B Common Stock",Consumer Cyclical,Packaging & Containers,United States,その他,107.52999877929688,4.075254784,8.762081950531005,0.04301487318276531,-0.3424206630443342,0.14279800579543206,0.2064570943075616,-0.6178180972319144,0.4514411216077983,42.585534785683656,0.0733250670491758,0.03793502720868658,True,18,0,17,85,72,A,0,33.45,19.95,45.0,45.0,Persistence
GEV,GE Vernova Inc. Common Stock,Industrials,Specialty Industrial Machinery,United States,その他,911.9299926757812,242.877579264,1780.7895317974853,0.08968083583798483,0.05102439904930955,0.1208943144263843,0.19793527372071032,1.1823529411764706,0.018598451187000126,37.24711457984641,-0.11604660254280383,0.2237968744821134,True,33,24,42,25,80,S,0,36.5,29.75,45.35,45.35,Persistence
GFF,Griffon Corporation Common Stock,Industrials,Building Products & Equipment,United States,その他,98.9800033569336,4.539879424,34.91123698402405,-0.039486643898274075,-0.02296417041222144,-0.05733041529400861,0.4198555830607724,-0.017107687127469105,0.7714535066002403,33.57788716682231,0.034743060105226924,0.07685131290763751,True,7,0,19,85,77,A,-10,15.7,10.45,37.1,37.1,Persistence
GFL,"GFL Environmental Inc. Subordinate voting shares, no par value",Industrials,Waste Management,United States,その他,42.83000183105469,15.456933888,73.66781729942322,0.07771877239851437,-0.18318142505488658,0.11154659606880334,0.2066687827808764,-0.4971198156682028,0.4111437041336706,59.763317349233766,0.07619756932093169,0.14338042226762832,True,18,35,17,65,85,S,0,31.75,44.5,42.6,44.5,Transition
GGG,Graco Inc. Common Stock,Industrials,Specialty Industrial Machinery,United States,その他,79.29000091552734,12.8413184,116.4480704945755,0.058338648834343754,-0.037479402042078586,0.024298805563369802,0.5245376472544984,0.23877249433454442,0.0157580162906541,28.675748737849858,0.015679998709023788,0.15762723637884804,False,31,24,38,65,63,B,0,39.3,34.05,49.75000000000001,49.75000000000001,Persistence
GHC,Graham Holdings Company Common Stock,Industrials,Conglomerates,United States,その他,1161.1300048828125,4.91730176,37.45805395751953,0.025185017274401658,0.08517270130062514,0.12495473937652583,0.29927051734855076,-0.15049556276922696,0.1575736331149004,45.479868506719605,-0.009974637886939992,0.05902132837385988,True,0,0,37,85,87,S,0,21.450000000000003,21.450000000000003,59.0,59.0,Persistence
GHM,Graham Corporation Common Stock,Industrials,Specialty Industrial Machinery,United States,その他,86.08000183105469,1.01032384,16.477003550491332,0.16864066013644852,0.13131356685872594,0.1808513346656653,0.23543272739132384,-1.022578839335697,0.06239802729160487,25.48128892056023,-0.19297073139391205,0.3046287972015241,False,23,14,47,100,24,D,-5,29.65,22.9,50.650000000000006,50.650000000000006,Persistence
GIC,Global Industrial Company Common Stock,Industrials,Industrial Distribution,United States,その他,39.599998474121094,1.509090176,5.529149786949158,0.048027965650885324,0.03264537393078553,0.0927879255638453,0.3554492060039156,0.5927505330490405,0.17837465564738292,51.45657402216958,0.10429279136986644,0.0007570677059173625,True,31,24,46,100,45,C,-5,37.75,32.5,54.3,54.3,Persistence
GIS,"General Mills, Inc. Common Stock",Consumer Defensive,Packaged Foods,United States,その他,41.54999923706055,22.213853184,333.8286906202507,-0.05449898904888487,-0.018663255645307495,-0.011794448149217186,0.33627324338113174,-0.2907235378777967,0.46442147204722706,71.95495926045663,0.12144300156482937,0.1364671914737012,True,4,0,21,65,35,C,-20,0.0,0.0,14.799999999999997,14.799999999999997,Persistence
GL,Globe Life Inc. Common Stock,Financial Services,Insurance - Life,United States,その他,172.7899932861328,13.278815232,89.99766800308228,0.03742582513292936,0.060676273094628336,0.042242965978793665,,-0.058200609135530774,0.08520397361017304,31.95448343623336,-0.03181059891396519,0.07112144222376379,True,0,12,37,65,77,A,-20,0.0,6.449999999999999,32.0,32.0,Persistence
GLW,Corning Incorporated Common Stock,Technology,Electronic Components,United States,半導体,148.97999572753906,128.329629696,1434.5961647585298,0.1914163744473243,0.042103590721321894,-0.11283388540418635,0.35965192910614885,0.45071868583162217,0.3027182334710744,43.90108799894176,-0.12940326518878975,0.4173413340176286,True,50,33,30,25,53,B,0,46.55,33.8,33.35,46.55,Acceleration
GM,General Motors Company Common Stock,Consumer Cyclical,Auto Manufacturers,United States,その他,86.2699966430664,78.027030528,430.83840213523865,-0.012926665315137482,0.09078106632837141,0.09638561903850448,0.06267464422572817,1.2961538461538462,0.46683067646933346,44.32504193861437,0.04438543593805308,0.04462908385929403,True,12,25,22,40,87,S,0,23.700000000000003,33.45,39.5,39.5,Persistence
GME,GameStop Corporation Common Stock,Consumer Cyclical,Specialty Retail,United States,その他,17.8700008392334,8.018113024,138.72338691490174,-0.05051007062516349,-0.2749582764375664,-0.11040626265352949,0.3295132097302956,3.0,0.41988179122867814,30.83326776800523,-0.1283181600779197,0.35464064663870276,False,40,38,26,85,41,C,0,46.85,45.35,43.75,46.85,Acceleration
GNK,Genco Shipping & Trading Limited Ordinary Shares New (Marshall Islands),Industrials,Marine Shipping,United States,その他,25.8799991607666,1.128021248,15.318371503257751,-0.19139228776216502,0.1021064287110011,-0.2851542275214458,0.13449338408555375,-1.8628085276178532,0.17100222474492754,63.58243074789521,0.04714083116482292,0.052708658497182405,True,0,0,10,100,67,A,-5,16.7,16.7,38.9,38.9,Persistence
GNRC,Generac Holdlings Inc. Common Stock,Industrials,Specialty Industrial Machinery,United States,その他,183.8000030517578,10.845369344,196.39581726089477,-0.020179317915915745,0.0679069383570651,-0.11875163892246147,0.3829129750041992,-0.5564965396779188,0.26881042126753263,34.68462187356694,-0.18942350815341694,0.3780875761739029,False,4,0,25,65,41,C,0,16.85,13.850000000000001,38.2,38.2,Persistence
GNW,Genworth Financial Inc Common Stock,Financial Services,Insurance - Life,United States,その他,9.979999542236328,3.770953216,24.861376459655762,-0.005179896402071959,-0.03093203093203093,-0.0033802055164954027,,,0.017176980802197928,59.78254221809425,0.024745820530385362,0.01771656573613333,True,18,0,10,85,75,A,-20,13.75,0.25,21.75,21.75,Persistence
GOLF,Acushnet Holdings Corp. Common Stock,Consumer Cyclical,Leisure,United States,その他,86.91000366210938,5.075982336,39.84128387878418,0.04136558230851035,0.03152651453928325,0.04918170702486328,0.4772891239013104,-0.2959573918960137,0.40248875335670525,34.32529353313684,-0.15571682328149378,0.2667678684116415,False,26,0,37,85,41,C,0,36.35,16.85,49.800000000000004,49.800000000000004,Persistence
GPC,Genuine Parts Company Common Stock,Consumer Cyclical,Auto Parts,United States,その他,137.50999450683594,18.957094912,155.56849453544618,0.034639882904991356,0.01714805282320389,0.04501440149297793,0.3679278239578939,-0.3845348524371557,0.31426108675225556,57.11547094545885,0.08703552445345539,0.060153343893046815,True,22,0,37,65,72,A,0,33.45,16.95,51.0,51.0,Persistence
GPGI,"GPGI, Inc. Class A Common Stock",Industrials,Metal Fabrication,United States,その他,13.25,3.841043456,17.6899425,-0.8577552898321568,0.0766507350964726,0.03211035838467961,0.48052621021663544,-1.1921342933579946,0.0,38.08689969433559,-0.07538256005050875,0.4900765624774054,False,8,0,18,85,45,C,-10,13.25,7.25,30.15,30.15,Persistence
GPI,"Group 1 Automotive, Inc. Common Stock",Consumer Cyclical,Auto & Truck Dealerships,United States,その他,263.95001220703125,3.146871552,47.74987695831299,0.1322838911630147,0.1152923009785327,0.10181172597875737,0.16045969678442631,,0.5672006647599908,48.77437393583318,-0.09947865311464839,0.4568611585490491,False,35,2,32,85,55,B,0,44.5,19.75,49.85,49.85,Persistence
GPK,Graphic Packaging Holding Company,Consumer Cyclical,Packaging & Containers,United States,その他,11.5600004196167,3.422587648,50.46391023179054,-0.021573748154876803,-0.06586762834111158,-0.001271186440677966,0.18591157015202506,0.7768595041322314,0.4788110403397028,44.61539499858122,0.04326484891471833,0.4629600700367108,False,27,12,2,85,65,A,0,39.5,28.25,35.35,39.5,Acceleration
GPN,Global Payments Inc. Common Stock,Industrials,Specialty Business Services,United States,その他,91.81999969482422,24.297259008,283.28903135845184,-0.0038898806484513253,0.048265098273879016,-0.17778712419287362,0.7257442954586096,-0.1443101970649684,0.4099362104104796,64.14719609326451,0.11831592147340571,0.031741032142896794,True,12,0,29,65,37,C,0,22.45,13.45,39.6,39.6,Persistence
GPOR,Gulfport Energy Corporation Common Shares,Energy,Oil & Gas E&P,United States,電力/エネルギー,176.3699951171875,3.118903296,58.01779174377442,0.42528677455621555,-0.11677856689712503,-0.5489289570926427,0.7065386652482345,,0.2603520666503826,70.31098121122744,0.08154279346517286,0.20729025680838317,False,66,73,18,85,40,C,0,66.25,71.5,39.15,71.5,Transition
GRBK,"Green Brick Partners, Inc. Common Stock",Consumer Cyclical,Residential Construction,United States,その他,73.30999755859375,3.153114112,18.769558674926756,-0.010420208831055433,0.17845036042782583,-0.004825937980183105,0.3141215121220945,3.0,0.12976064466674847,61.42508030870033,-0.0004554269003105531,0.09033377726900418,True,16,12,34,85,80,S,0,32.75,29.75,55.95,55.95,Persistence
GRC,Gorman-Rupp Company (The) Common Stock,Industrials,Specialty Industrial Machinery,United States,その他,76.22000122070312,2.0129888,10.929948175048828,0.03444465161968084,0.00023653889017772258,0.26579044847963734,0.3064923379480033,0.6006196969969916,0.35757131811337645,27.08789136175028,-0.06784097068984316,0.16719381645050774,True,31,24,50,100,63,B,0,44.55,39.3,65.1,65.1,Persistence
GRND,Grindr Inc. Common Stock,Technology,Software - Application,United States,ソフトウェア,15.59000015258789,2.70986368,25.37740224838257,0.2764133752713007,0.3271002845689685,0.3316462836192088,0.7441247743795153,0.4830826228630094,0.7543589733932671,36.029404030537215,-0.0019206060466686054,0.13099221357370888,True,26,52,87,100,90,S,-10,33.5,53.0,80.85,80.85,Persistence
GTES,Gates Industrial Corporation Ltd. Common Shares,Industrials,Specialty Industrial Machinery,United States,その他,25.8700008392334,6.549021184,44.916142207098005,0.010269350390235315,-0.04537560920956809,0.004501716279331495,0.39837941449814124,0.3345547819714181,0.3295858153648237,25.90479103830171,-0.047657579327127414,0.13304287175113141,True,27,24,30,85,73,A,0,40.3,38.05,52.35,52.35,Persistence
GVA,Granite Construction Incorporated Common Stock,Industrials,Engineering & Construction,United States,その他,122.5199966430664,5.443182592,79.14240443157196,0.10400431782419987,0.14203944102511784,0.06297057847073963,0.1607493390597867,0.033468984615769304,0.3715736902083742,42.8807223957351,-0.06339012566334218,0.23548671477736915,False,7,26,46,85,80,S,0,26.0,40.25,62.55,62.55,Persistence
GWRE,"Guidewire Software, Inc. Common Stock",Technology,Software - Application,United States,ソフトウェア,205.85000610351562,17.138323456,222.18214558776856,0.22637703124027916,0.08301402454986574,0.11410952801699208,0.6254292246138954,0.5822729811929738,0.263016156339773,74.0535130693442,0.3514063942745541,0.21395294690165248,True,54,66,58,65,35,C,0,53.75,62.75,55.150000000000006,62.75,Transition
GWW,"W.W. Grainger, Inc. Common Stock",Industrials,Industrial Distribution,United States,その他,1306.300048828125,61.527965696,323.69462059936524,0.045083876980428705,0.04187401383663066,0.0820856317310218,0.3906476424032995,-0.15222929936305732,0.31934835974112924,52.90987495163587,-0.026356084531901948,0.066460008353802,True,22,0,37,40,87,S,0,31.200000000000003,14.700000000000001,47.75,47.75,Persistence
GXO,"GXO Logistics, Inc. Common Stock ",Industrials,Integrated Freight & Logistics,United States,その他,47.599998474121094,5.458985472,76.41608555038452,0.1254590485950978,0.19748414808754347,0.08729011453352607,0.11617847928365457,-0.42105263157894735,0.4774098841950742,53.791461054428076,-0.04653168407349341,0.2742795985395856,False,5,2,37,85,73,A,0,23.8,21.55,56.2,56.2,Persistence
H,Hyatt Hotels Corporation Class A Common Stock,Consumer Cyclical,Lodging,United States,その他,172.25,16.232278016,124.1836375,0.06814079422382671,-0.002849857507124644,0.13172636224749618,0.1972961554710604,-0.6565874730021598,0.32459390139640926,53.52944873385458,-0.06931619529511276,0.1469363443553388,True,18,0,21,65,90,S,0,32.25,18.75,45.8,45.8,Persistence
HAL,Halliburton Company Common Stock,Energy,Oil & Gas Equipment & Services,United States,電力/エネルギー,36.18000030517578,30.142656512,380.82616071224214,-0.033124128312412834,-0.0032148753149708925,0.13405922057446915,0.1570501262170934,-0.30994634750309535,0.3251899240303878,65.15514169465479,0.06871312934942948,0.15463196193674783,True,0,0,21,40,65,A,0,12.5,12.5,34.55,34.55,Persistence
HASI,"HA Sustainable Infrastructure Capital, Inc. Common Stock",Financial Services,Asset Management,United States,その他,40.0,5.139831808,36.9032,0.04407513132340098,0.19921780967952707,0.3554257965278631,0.2699062676341192,,0.581761402253185,45.80265377048222,0.02259525171533949,0.06615174107996867,True,0,0,29,85,87,S,-20,1.4500000000000028,1.4500000000000028,34.60000000000001,34.60000000000001,Persistence
HAYW,"Hayward Holdings, Inc. Common Stock",Industrials,Electrical Equipment & Parts,United States,電力/エネルギー,14.149999618530273,3.001491968,28.592196729183197,0.0670869127791207,0.059603890162949945,-0.244787449700792,0.4800495475224011,0.20014485112818792,0.3068425609269993,25.572531587698634,-0.07662392700266288,0.1825534341366933,False,43,24,34,85,53,B,0,50.3,36.05,50.550000000000004,50.550000000000004,Persistence
HCC,"Warrior Met Coal, Inc. Common Stock",Basic Materials,Coking Coal,United States,その他,107.06999969482422,5.65351936,64.9914898147583,-0.14107931970469834,-0.09030343696413927,-0.03572303590305152,0.08504224670487916,-0.11813128668976196,0.097325992286081,70.1169017750138,0.21893042121529635,0.02826240824880353,True,0,0,10,85,10,D,0,13.75,13.75,28.75,28.75,Persistence
HCI,"HCI Group, Inc. Common Stock",Financial Services,Insurance - Property & Casualty,United States,その他,186.2899932861328,2.31723648,29.33322234283447,0.20323061855697613,0.36262133892354487,0.11793173817247575,,0.34491890506584005,0.026840226372597403,54.78999434664116,0.036322864283538224,0.08864426224845753,True,14,29,77,100,100,S,-20,15.5,26.75,67.35,67.35,Persistence
HD,"Home Depot, Inc. (The) Common Stock",Consumer Cyclical,Home Improvement Retail,United States,その他,330.19000244140625,329.427124224,1207.3034230267333,0.03240467921310982,0.04483555928184504,-0.03007566564804991,0.33315521334928316,-0.22535987748851455,0.6218183548218279,30.029132254277627,-0.030223162290645793,0.20396601962997993,False,4,0,19,10,80,S,-10,2.5,0.0,18.950000000000003,18.950000000000003,Persistence
HE,"Hawaiian Electric Industries, Inc. Common Stock",Utilities,Utilities - Regulated Electric,United States,電力/エネルギー,11.399999618530273,1.969099136,24.951293165073395,-0.041291985651505506,-0.02057884053641928,-0.03899948464110646,0.07623256501028865,-0.6518117712769671,0.3316018294095437,40.540526608131735,-0.10729670526351962,0.33255271256133134,False,10,65,21,100,63,B,-5,23.8,65.05,44.15,65.05,Transition
HEI,Heico Corporation Common Stock,Industrials,Aerospace & Defense,United States,防衛/宇宙,336.5299987792969,47.032561664,163.89179205551147,0.16263059376011782,0.2997077259733062,0.34405444495866094,0.3983158247722876,0.4026500181563859,0.2580669410526568,27.48483273011861,-0.04694033624380415,0.10179628281299291,True,14,26,85,40,73,A,0,23.8,32.8,71.35000000000001,71.35000000000001,Persistence
HEI-A,Heico Corporation Common Stock,Industrials,Aerospace & Defense,United States,防衛/宇宙,250.05999755859375,34.947735552,63.1614044833374,0.16263059376011782,0.2997077259733062,0.34405444495866094,0.3983158247722876,0.4026500181563859,0.2580669410526568,31.999028585765714,-0.02818585005851422,0.093955361248927,True,14,26,85,40,90,S,0,25.5,34.5,74.75,74.75,Persistence
HESM,Hess Midstream LP Class A Representing Limited Partner Interests,Energy,Oil & Gas Midstream,United States,電力/エネルギー,39.560001373291016,8.156416512,52.431243420104984,0.08398686239024063,0.10831290394472921,0.057257304429783225,0.8676106851348009,0.14821822768842635,0.859558371123214,40.50181710788616,0.01750776500872904,0.02609546003118435,True,17,24,47,85,75,A,-20,13.0,18.25,42.1,42.1,Persistence
HGTY,"Hagerty, Inc. Class A Common Stock",Financial Services,Insurance - Property & Casualty,United States,その他,13.420000076293945,4.607816192,2.1873258124351502,0.1812077543095268,0.1870737296131554,0.2521715228810096,,0.2490429085303186,0.08496133671064043,58.52273620111266,0.09304750884866628,0.028943533094293688,True,10,26,85,85,60,B,-20,6.25,18.25,60.0,60.0,Persistence
HGV,Hilton Grand Vacations Inc. Common Stock ,Consumer Cyclical,Resorts & Casinos,United States,その他,43.810001373291016,3.405094912,45.1696447659111,0.013250351335073279,0.25213675213675213,0.03728813559322034,0.6391915989696849,-0.15846994535519127,0.6370806968882725,56.14204582687941,-0.09646254062659047,0.19893943182701962,False,12,12,47,85,80,S,-10,19.75,19.75,53.1,53.1,Persistence
HHH,Howard Hughes Holdings Inc. Common Stock,Real Estate,Real Estate - Development,United States,その他,64.80000305175781,3.869923328,28.263817331085207,-0.15753626143763969,0.9264739703747883,-0.3898898280619541,0.4356678319497292,0.16332444327262402,0.4807288639903845,46.78662768500165,-0.05216870916804338,0.27879795044824923,False,6,12,34,85,63,B,0,23.55,28.05,52.550000000000004,52.550000000000004,Persistence
HIG,"The Hartford Insurance Group, Inc. Common Stock",Financial Services,Insurance - Diversified,United States,その他,138.5500030517578,37.529317376,191.31400071395873,0.06394026682838083,0.08442252363337444,0.11329733687196852,,-0.0019083969465648854,0.05082735444259683,43.085120629831785,0.0015223647587497419,0.04894281975900162,True,0,12,37,40,87,S,-20,0.0,3.700000000000003,27.75,27.75,Persistence
HII,"Huntington Ingalls Industries, Inc. Common Stock",Industrials,Aerospace & Defense,United States,防衛/宇宙,294.2099914550781,11.593227264,127.21787135513306,0.08227134807108799,0.007071765322158198,0.07287373548145373,0.1269625120153797,3.0,0.2292728841477763,15.736892830986292,-0.0030025522593922645,0.34573715074032413,False,30,24,42,65,46,C,0,36.85,32.35,48.550000000000004,48.550000000000004,Persistence
HLF,Herbalife Ltd. Common Shares,Consumer Defensive,Packaged Foods,United States,その他,12.430000305175781,1.288610816,19.38713362598419,0.008892271334441528,-0.013689159292035399,-0.0272846053339482,0.7787394540942928,0.5477356181150551,0.7838759467317563,62.74509699162476,0.002306216337943502,0.3772544651645117,False,54,12,35,100,53,B,-35,25.799999999999997,0.0,19.85,25.799999999999997,Acceleration
HLI,"Houlihan Lokey, Inc. Class A Common Stock",Financial Services,Capital Markets,United States,その他,133.02000427246094,9.29630208,105.77684229743957,0.09546265698396596,0.24812526509555977,0.05800501479181208,0.3850008939773434,-0.1571138940055136,0.11420588054412265,65.07985889095016,-0.007778408784718774,0.35640957474493473,False,4,12,49,85,53,B,-20,1.0500000000000007,7.050000000000001,38.800000000000004,38.800000000000004,Persistence
HLIO,"Helios Technologies, Inc. Common Stock",Industrials,Specialty Industrial Machinery,United States,その他,73.08000183105469,2.40802816,22.019369951705933,0.04107209331182529,-0.0355433221637147,-0.05624576462615767,0.3232419547079857,0.09051254089422028,0.2423902277979531,17.43825098266842,-0.10019857036028933,0.21199935437982703,True,36,24,34,100,63,B,0,48.3,39.3,56.300000000000004,56.300000000000004,Persistence
HLT,Hilton Worldwide Holdings Inc. Common Stock ,Consumer Cyclical,Lodging,United States,その他,321.8500061035156,72.4371456,616.2767824369812,0.07741184893502774,0.09174401563263312,0.1666476689843839,0.2820001661267547,0.07107438016528926,0.7805532371527364,59.91582160655852,-0.018302934403037267,0.08058776443044095,True,2,12,40,40,100,S,-10,7.5,15.0,42.0,42.0,Persistence
HLX,"Helix Energy Solutions Group, Inc. Common Stock",Energy,Oil & Gas Equipment & Services,United States,電力/エネルギー,10.140000343322754,1.494458112,14.23291008190155,-0.049380226121776,0.053369392616117506,0.4771824533272248,0.12322199285467612,-0.2600583807036411,0.24073895678128862,53.465355883487405,0.0678180622243405,0.03886254407579785,True,0,0,40,100,72,A,-5,17.2,17.2,56.4,56.4,Persistence
HMN,Horace Mann Educators Corporation Common Stock,Financial Services,Insurance - Property & Casualty,United States,その他,51.349998474121094,2.079729152,12.248258386039733,0.04805211558307534,0.08207705192629816,0.06837670568935948,,,0.038869165367534354,39.027965282307385,-0.009096655903371746,0.05118256674856894,True,0,12,22,100,77,A,-20,2.6999999999999993,11.7,32.5,32.5,Persistence
HNI,HNI Corporation Common Stock,Consumer Cyclical,"Furnishings, Fixtures & Appliances",United States,その他,49.130001068115234,3.546291968,23.78555306711197,0.12373337555414819,0.03796220213640099,0.030569904310271828,0.4142655864741106,0.1996547756041427,0.3262231320368475,53.31779933376325,0.13087515291833127,0.04073943399974393,True,41,14,42,85,57,B,0,49.2,28.95,55.75,55.75,Persistence
HOG,"Harley-Davidson, Inc. Common Stock",Consumer Cyclical,Recreational Vehicles,United States,その他,28.100000381469727,2.924437504,53.43748972543717,-0.13758516326630552,-0.11131302131182538,0.014134867500821007,0.300171131243468,-0.5212067752833605,0.37958560886732634,64.71448849713019,0.0743643792959655,0.06492035872293417,True,4,0,25,100,52,B,0,23.2,20.2,49.15,49.15,Persistence
HOMB,"Home BancShares, Inc. Common Stock",Financial Services,Banks - Regional,United States,その他,29.6200008392334,5.925470208,38.19469488218307,0.07706785507706786,0.023245330233955967,0.06694551086292645,,-0.10684055292988877,0.0340669138229426,33.64765116740435,-0.006823801372012671,0.056387339433932454,True,18,12,37,85,77,A,-20,13.950000000000003,9.45,37.0,37.0,Persistence
HP,"Helmerich & Payne, Inc. Common Stock",Energy,Oil & Gas Drilling,United States,電力/エネルギー,42.54999923706055,4.25240192,60.09421492248535,0.358921674362722,-0.04031929859863857,0.3950942813403376,0.16271166170539184,-0.3851132173995601,0.32957192780272654,55.90935165003731,0.1680424835946516,0.04317521769594007,True,32,8,36,85,57,B,0,42.45,24.45,52.449999999999996,52.449999999999996,Persistence
HPE,Hewlett Packard Enterprise Company Common Stock,Technology,Communication Equipment,United States,通信/光通信,52.310001373291016,69.269086208,801.2895704862023,0.13838085438311148,0.034048395400720785,0.022424199887703538,0.3025717284814556,-0.682370820668693,0.3171949516507259,44.06610105224149,0.05499445649013249,0.12554326913818067,True,39,2,37,40,85,S,0,43.75,16.0,47.35,47.35,Persistence
HPQ,HP Inc. Common Stock,Technology,Computer Hardware,United States,その他,30.520000457763672,27.522660352,452.1574691818237,0.032412853115256074,-0.0029599017089243828,-0.14611349546971864,0.20602224432588842,-0.1130820399113082,0.26052814288108406,53.272732821377836,0.1565688143319977,0.02492008940285605,True,30,0,21,65,45,C,0,36.75,14.25,36.8,36.8,Persistence
HRB,"H&R Block, Inc. Common Stock",Consumer Cyclical,Personal Services,United States,その他,52.47999954223633,6.468995584,133.2553780376625,0.04902878094759498,0.04172673706987168,0.03979108256040505,0.44329815643160425,0.2625570051882862,0.6456162127485643,67.98462640990388,0.18964499986588806,0.03137690574684351,True,39,24,36,85,37,C,-10,35.7,24.450000000000003,38.449999999999996,38.449999999999996,Persistence
HRI,Herc Holdings Inc. Common Stock ,Industrials,Rental & Leasing Services,United States,その他,150.60000610351562,5.034775552,54.78225822021484,0.2827504445761707,0.028031687995124923,0.1978102189781022,0.3257855822550832,-11.5625,0.7028890824622532,22.612934900623742,-0.026039493562980735,0.16032694233674238,True,31,5,31,85,73,A,-10,33.3,13.8,42.9,42.9,Persistence
HRL,Hormel Foods Corporation Common Stock,Consumer Defensive,Packaged Foods,United States,その他,21.56999969482422,11.871066112,103.65560418346405,0.015549547568002375,-0.015624512283639733,-0.027995941184090996,0.1562688746885883,-0.47109711302715934,0.21335015391112405,20.964756889275463,-0.12523393834074759,0.17658907303096313,False,30,0,25,65,41,C,-20,16.35,0.0,18.200000000000003,18.200000000000003,Persistence
HRTG,"Heritage Insurance Holdings, Inc. Common Stock",Financial Services,Insurance - Property & Casualty,United States,その他,33.86000061035156,1.006739648,10.971148097763061,0.010103249839568845,0.1431135921085198,0.012435467801829544,,1.2083814112724276,0.04545678110520798,59.93095314960371,0.14986248370683042,0.038341337950117495,True,12,24,42,100,57,B,-25,4.699999999999999,13.700000000000003,34.5,34.5,Persistence
HSY,The Hershey Company Common Stock,Consumer Defensive,Confectioners,United States,その他,179.0500030517578,35.97574144,204.51718023582458,0.04376910272504761,0.00333820212320797,0.07156895659149266,0.33548561069861765,-0.09166028788141588,0.4176152367567632,46.54464778349105,0.0065145603802184895,0.23038265343768294,False,22,0,33,40,90,S,0,31.5,15.0,46.150000000000006,46.150000000000006,Persistence
HTGC,"Hercules Capital, Inc. Common Stock",Financial Services,Asset Management,United States,その他,17.479999542236328,3.271626752,31.25467618150711,0.23964437659896254,-0.17057644286568424,1.3098982874597862,,-2.5851439057856944,0.5023337563966697,68.74998853755739,0.09193177065721389,0.009070286448309121,True,27,17,10,85,40,C,-30,7.0,0.0,4.75,7.0,Acceleration
HTH,Hilltop Holdings Inc.,Financial Services,Financial Conglomerates,United States,その他,38.5,2.20552704,8.2669125,0.0865432582668187,-0.008424189799990637,-0.07261035359844684,,-1.2081326531759626,0.031751794920212656,45.42372223838619,-0.005678987121062548,0.03242022834495446,True,30,12,10,100,87,S,-30,16.200000000000003,2.700000000000003,17.900000000000006,17.900000000000006,Persistence
HUBB,Hubbell Inc Common Stock,Industrials,Electrical Equipment & Parts,United States,電力/エネルギー,459.6600036621094,24.28502016,215.18137297034912,0.03839388824731278,0.04757207467103426,0.08589502617271974,0.35316360401053964,0.07881105081401085,0.3022676453431849,27.45664458597176,-0.06625437505568514,0.17353874581629114,False,6,24,42,65,53,B,0,19.55,33.05,49.95,49.95,Persistence
HUBS,"HubSpot, Inc. Common Stock",Technology,Software - Application,United States,ソフトウェア,260.67999267578125,13.344393216,546.923568833313,0.19170875605080487,0.21072098349022914,0.2537659542140847,0.8376097718941795,0.22746401074515799,0.06805779015923351,66.70647155514428,0.2067602012642544,0.5015392713174314,False,28,26,100,65,15,D,0,32.25,30.75,74.25,74.25,Persistence
HUN,Huntsman Corporation Common Stock,Basic Materials,Chemicals,United States,その他,9.470000267028809,1.660835584,24.72195654709339,-0.05848243870112657,-0.012272950417280314,-0.23831484482113924,0.13214851310927328,0.46835443037974683,0.3422665716322167,26.701584797131986,-0.13471727436792327,0.40402768644317477,False,5,12,26,100,16,D,-5,15.350000000000001,20.6,37.5,37.5,Persistence
HXL,Hexcel Corporation Common Stock,Industrials,Aerospace & Defense,United States,防衛/宇宙,94.87000274658203,7.17439744,69.96662702560425,-0.004781923279033105,0.06372275013974288,0.13392913735184128,0.22957917524684512,-0.2252341054706752,0.3672337278106509,33.144799260190396,-0.05872623845423725,0.13823541886240542,True,0,0,21,85,80,S,0,20.75,20.75,48.8,48.8,Persistence
HZO,"MarineMax, Inc.  (FL) Common Stock",Consumer Cyclical,Specialty Retail,United States,その他,52.18000030517578,1.152485888,50.30178119419098,-0.05006976529900354,0.015159272161175526,0.03752353669558225,0.3248741603472585,1.1387265778376683,0.5043498359400236,52.027084498583655,0.29529691622083687,0.0053373767476818405,True,16,25,26,100,45,C,-5,26.5,33.25,43.3,43.3,Persistence
IBM,International Business Machines Corporation Common Stock,Technology,Information Technology Services,United States,その他,235.58999633789062,221.957439488,1240.3342127197266,0.07621946361130146,0.014435822825735531,0.021972575582355856,0.5818674484719261,-0.025935374149659865,0.42538188043191993,49.30769113393931,-0.02863086637005492,0.2792880575231686,False,29,12,37,25,73,A,0,32.8,20.05,41.2,41.2,Persistence
IBP,"Installed Building Products, Inc. Common Stock",Consumer Cyclical,Residential Construction,United States,その他,245.55999755859375,6.526782464,71.85085528564453,0.010029578757692177,0.05855466781832577,0.040752116263390516,0.3397401373367443,0.19649960222752585,0.47954545454545455,56.91114371388548,0.05789378569482391,0.27941129323594033,False,6,24,38,85,58,B,0,23.05,36.55,53.75000000000001,53.75000000000001,Persistence
ICE,Intercontinental Exchange Inc. Common Stock,Financial Services,Financial Data & Stock Exchanges,United States,その他,162.3300018310547,91.13116672,554.5606804053498,0.0747385426409319,0.187619913157629,0.027708592777085927,0.5615506329113924,0.003629764065335753,0.1481440896505877,83.82097778680445,0.12015999465277766,0.06905432233570301,True,13,24,50,40,22,D,-20,0.0,6.199999999999999,21.9,21.9,Persistence
IDA,"IDACORP, Inc. Common Stock",Utilities,Utilities - Regulated Electric,United States,電力/エネルギー,135.77999877929688,7.853792768,63.8417187260437,-0.007465101090366811,0.03412505746293499,0.07443820822746734,0.1979071118154084,-0.39200264184234757,0.35832532145080936,37.41144890712477,-0.061770819177751686,0.11606888133589009,False,0,12,6,85,70,A,0,19.75,28.75,38.55,38.55,Persistence
IE,Ivanhoe Electric Inc. Common Stock,Basic Materials,Copper,United States,電力/エネルギー,11.1899995803833,1.785814912,22.44820220820904,0.1182350913478111,-0.25672559569561876,-0.5375592417061611,0.6528976572133169,0.4631345849509865,0.07427892723160615,52.07876886349005,0.13144586034405292,0.4382530352647887,False,62,62,22,100,35,C,-15,50.0,50.0,29.1,50.0,Acceleration
IEX,IDEX Corporation Common Stock,Industrials,Specialty Industrial Machinery,United States,その他,230.27999877929688,16.976217088,125.85147353286743,0.057727606461086635,-0.0015577751305782094,0.028913542223199976,0.44506146059291396,0.022885572139303482,0.2668687743611953,45.252448603909336,0.007419613750683576,0.04257444416791291,True,24,12,30,65,87,S,0,36.45,27.450000000000003,50.150000000000006,50.150000000000006,Persistence
IFF,"International Flavors & Fragrances, Inc. Common Stock",Basic Materials,Specialty Chemicals,United States,その他,87.94999694824219,22.440439808,136.1870522744751,-0.05172413793103448,0.00043557801202195314,-0.0772508038585209,0.3616161616161616,-0.5780730897009967,0.25917224636829944,61.60713843379523,0.09360075329646185,0.0013625837061185283,True,4,0,25,65,40,C,0,16.75,13.75,38.0,38.0,Persistence
INGM,Ingram Micro Holding Corporation Common Stock,Technology,Information Technology Services,United States,その他,28.700000762939453,6.619996672,25.922414689102173,0.09529475141658086,-0.0011801117909930907,-0.05477922159179561,0.06667085519379488,3.0,0.17222085610954876,60.06866307771934,0.013724324072847698,0.09009837017238591,True,42,24,30,85,80,S,0,52.25,38.75,53.75,53.75,Persistence
INGR,Ingredion Incorporated Common Stock,Consumer Defensive,Packaged Foods,United States,その他,104.62000274658203,6.597753856,66.344774741745,-0.028398384925975774,-0.08946078431372549,0.02693178957966272,0.2532206676825045,-0.5521472392638037,0.2495884513106243,54.22221996166087,0.03345494467598917,0.16760761944420585,False,18,12,25,85,90,S,-20,15.25,10.75,33.0,33.0,Persistence
INSW,"International Seaways, Inc. Common Stock ",Energy,Oil & Gas Midstream,United States,電力/エネルギー,98.80999755859375,4.894189056,50.663838148193356,-0.11381832740830569,-0.11211494949966178,0.23952629052870186,0.422890020419731,-0.8544384977744524,0.21592068175499,66.6534524586132,0.09049048440281966,0.01140569709310518,True,4,0,29,85,40,C,0,19.75,16.75,45.2,45.2,Persistence
INVX,"Innovex International, Inc. Common Stock",Energy,Oil & Gas Equipment & Services,United States,電力/エネルギー,30.110000610351562,2.10576768,25.692411870803834,0.4803973347578628,0.18948084652922656,0.18910976071782512,0.3100226833399608,0.9510301208591646,0.06251404431261516,56.385874318660484,0.1041437716344446,0.04805559882215942,True,57,20,89,100,57,B,0,63.45,35.7,85.35000000000001,85.35000000000001,Persistence
IONQ,"IonQ, Inc. Common Stock",Technology,Computer Hardware,United States,その他,39.20000076293945,15.881317376,760.9096468093873,2.01850347085181,0.9541330187823247,0.9802353786721768,0.40401181393059316,-1.4225106124924196,0.004569157418819492,43.568950165679254,-0.08593172240700916,0.5224753013559857,False,57,40,52,65,55,B,-10,48.0,35.25,45.85,48.0,Acceleration
IOT,Samsara Inc. Class A Common Stock,Technology,Software - Infrastructure,United States,ソフトウェア,41.15999984741211,23.984347136,192.77574048534393,0.2957383091084767,0.3326424041349072,0.43650629458504775,0.767366330272112,0.8607847006691663,0.02864121882618549,55.18340808088859,0.11828376929719163,0.08978330967917401,True,43,49,100,65,70,A,0,49.0,53.5,85.25,85.25,Persistence
IP,International Paper Company Common Stock,Consumer Cyclical,Packaging & Containers,United States,その他,39.310001373291016,20.817393664,142.44588302633287,0.4925165772023998,-0.012349529096239008,-0.24233259297764756,0.29605652872979604,-1.2100396301188903,0.27175745443051313,39.86730876036913,0.0025557459829194315,0.17151188405759815,True,44,8,6,65,90,S,0,51.75,24.75,37.55,51.75,Acceleration
IR,Ingersoll Rand Inc. Common Stock,Industrials,Specialty Industrial Machinery,United States,その他,78.58000183105469,30.48899584,290.61752847190854,0.057484450587422256,0.05219528511801748,0.16222977198586955,0.4360663451358664,-0.02204232125681308,0.2650405526528649,21.17800869328987,-0.04090995791294208,0.20374894357736786,False,22,0,37,40,63,B,0,28.8,12.3,42.95,42.95,Persistence
IT,"Gartner, Inc. Common Stock",Technology,Information Technology Services,United States,その他,198.38999938964844,12.528124928,304.59014996292115,0.03666825105294674,0.061022123746985756,0.07872938720336548,0.6839304958762401,-0.15035009778156935,0.41407351522497343,54.3140527717289,0.2591058059410371,0.2487788172944732,True,12,0,41,65,70,A,0,25.75,16.75,52.8,52.8,Persistence
ITW,Illinois Tool Works Inc. Common Stock,Industrials,Specialty Industrial Machinery,United States,その他,280.1000061035156,79.772483584,261.9649312083435,0.00918354510001258,-0.01297572484013162,0.010984182776801407,0.44097481924707055,-0.048171589310829814,0.5704111964329948,21.68112634458224,0.002549807467603847,0.057917398077840146,True,22,0,21,40,60,B,0,28.5,12.0,33.55,33.55,Persistence
IVZ,Invesco Ltd Common Stock,Financial Services,Asset Management,United States,その他,32.86000061035156,14.507682816,136.74787833999633,0.05111257623207516,0.06133230704639284,-0.054968671989948585,0.3523858807294852,0.2855740922473013,0.3611316158559091,62.3096782069661,0.10465479291503109,0.013509478966887032,True,9,12,30,65,25,D,-20,0.0,1.25,17.75,17.75,Persistence
J,Jacobs Solutions Inc. Common Stock,Industrials,Engineering & Construction,United States,その他,151.97999572753906,17.787527168,134.54257091773988,0.04598249830166071,0.059855852966708506,0.10920350801803196,0.24812866533003963,-0.34929447415749837,0.24082191257347788,62.987735489211374,0.12095924036710395,0.06592581526430731,True,0,0,37,65,37,C,0,13.45,13.45,44.0,44.0,Persistence
JBL,Jabil Inc. Common Stock,Technology,Electronic Components,United States,半導体,301.45001220703125,31.588069376,289.7522444833374,0.03181802444344424,-0.16768485966226732,0.03656132385447159,0.08878598751761627,0.2575107296137339,0.18152402523863453,36.57904039255077,-0.09752591363428331,0.2181232038958985,True,23,12,30,40,80,S,0,31.25,23.0,42.5,42.5,Persistence
JBTM,JBT Marel Corporation Common Stock,Industrials,Specialty Industrial Machinery,United States,その他,118.29000091552734,6.136508416,82.28666478687286,1.2134032634032634,0.031002162941600575,0.04659498207885305,0.35137696803749147,0.2229070364663585,0.22976058212362802,41.36763461646261,-0.09787345738540057,0.29660078382169375,False,52,22,54,85,63,B,0,58.05,35.55,63.550000000000004,63.550000000000004,Persistence
JEF,Jefferies Financial Group Inc. Common Stock,Financial Services,Capital Markets,United States,その他,53.09000015258789,10.798081024,97.32193377971649,0.029349117918294212,0.4130500192235358,0.04086239378800304,0.5805129809398414,-2.7121340295190275,0.3125494204250791,38.54373847235074,-0.02143058665492353,0.22266320429613368,True,8,0,41,65,90,S,-30,0.0,0.0,26.799999999999997,26.799999999999997,Persistence
JLL,Jones Lang LaSalle Incorporated Common Stock,Real Estate,Real Estate Services,United States,その他,378.010009765625,17.391372288,111.1179324206543,0.1144843361257036,0.12870891295133136,-0.004855695255990528,,0.6313771257085695,0.14550224424333327,64.1545632721128,0.09989842237966572,0.03762824526532361,True,14,26,30,65,52,B,0,25.45,34.45,43.15,43.15,Persistence
JOBY,"Joby Aviation, Inc. Common Stock",Industrials,Airports & Air Services,United States,その他,6.980000019073486,6.90408704,199.31501734464646,3.0,-0.8682170542635659,,0.4510435189518016,-0.18228122562300267,0.020514531753375496,15.47169179838319,-0.12315963568006921,0.6433316235094514,False,43,40,18,85,16,D,-10,36.6,34.35,24.35,36.6,Acceleration
JOE,St. Joe Company (The) Common Stock,Real Estate,Real Estate - Diversified,United States,その他,67.31999969482422,3.83255808,13.019687940979004,0.27439495253726376,0.03455565973515548,0.5428164916911394,0.4305342857031521,1.8743691761828485,0.3771958593965066,54.925650265141385,0.04583172658194024,0.06853195323788701,True,46,36,57,85,87,S,0,55.95,48.45,70.0,70.0,Persistence
JPM,JP Morgan Chase & Co. Common Stock,Financial Services,Banks - Diversified,United States,その他,357.6199951171875,950.620520448,1985.3399195928955,0.07322989394413329,0.09349346894522174,0.21314992131655797,,,0.1129928359962937,46.865049938233014,0.03087736921288118,0.020702113232434843,True,0,0,30,10,75,A,-30,0.0,0.0,4.0,4.0,Persistence
JXN,Jackson Financial Inc. Class A Common Stock ,Financial Services,Insurance - Life,United States,その他,134.16000366210938,9.086488576,76.60267889099121,1.1057567917205693,-0.02306477093206951,-0.6743827160493827,,,0.013069151923218732,57.95262813420996,0.10123374286169375,0.008572299728968199,True,55,10,18,85,45,C,-20,38.5,4.75,20.15,38.5,Acceleration
KAI,Kadant Inc Common Stock,Industrials,Specialty Industrial Machinery,United States,その他,302.239990234375,3.569187328,39.195993133544924,-0.0010784291388515489,0.0999423602235421,0.05850637587193655,0.45210634755304835,0.14911366006256518,0.21872784254908076,25.182686139611917,-0.034528022319667194,0.12778099181159688,False,10,12,38,85,63,B,0,26.55,28.05,54.75000000000001,54.75000000000001,Persistence
KBH,KB Home Common Stock,Consumer Cyclical,Residential Construction,United States,その他,54.86000061035156,3.363451648,46.28483391494751,-0.10012458719848498,0.08103058217844146,-0.07143148908655206,0.18784377829240625,-0.11171234126235657,0.25639032779002946,44.672659673057545,-0.03390107825322262,0.17865473917132724,False,0,0,21,85,90,S,0,21.75,21.75,50.8,50.8,Persistence
KBR,"KBR, Inc. Common Stock",Industrials,Engineering & Construction,United States,その他,38.029998779296875,4.794356224,45.64493558486939,0.009857328145265888,0.10839562967222542,0.05971968312004875,0.14770100179809914,0.29396984924623115,0.43863912515188336,47.44092477840221,0.049456615805650264,0.23398063847394476,False,5,24,34,85,90,S,0,25.5,39.75,57.95,57.95,Persistence
KD,"Kyndryl Holdings, Inc. Common Stock",Technology,Information Technology Services,United States,その他,13.199999809265137,2.875201024,55.58896119676113,0.0023245002324500234,-0.06198604535260404,-0.05720662516151768,0.21793002915451895,0.008902077151335312,0.39486893474623536,45.530141861548685,0.055864830949495424,0.6016897992645024,False,20,12,26,100,50,B,0,35.0,29.0,49.3,49.3,Persistence
KEX,Kirby Corporation Common Stock,Industrials,Marine Shipping,United States,その他,139.05999755859375,7.342367744,62.738308498535154,0.030060541184049855,0.05635714378129407,0.1102021938023969,0.26260697670962085,-0.019580314812219394,0.1888968874234464,68.59081139288493,0.002949836665112773,0.08866897636812612,True,0,12,37,85,80,S,0,20.75,29.75,57.6,57.6,Persistence
KEY,KeyCorp Common Stock,Financial Services,Banks - Regional,United States,その他,21.90999984741211,23.3807872,191.38461551713942,0.6571883530482256,-0.2926790024135157,-0.11542840876743524,,2.5075125208681137,0.05959399287345225,34.66133520572782,-0.04053321140521446,0.0867027904773134,True,48,57,30,65,90,S,-20,34.75,41.5,30.75,41.5,Transition
KEYS,Keysight Technologies Inc. Common Stock,Technology,Scientific & Technical Instruments,United States,その他,319.9700012207031,54.49089024,464.10048827056886,0.07953404298051818,-0.08876281112737922,0.008118081180811807,0.6208372093023256,0.4265033407572383,0.24581895407486062,42.165615037420736,-0.0300094680120553,0.14295279273770894,True,35,24,42,40,100,S,0,42.25,34.0,53.1,53.1,Persistence
KFRC,"Kforce, Inc. Common Stock",Industrials,Staffing & Employment Services,United States,その他,58.099998474121094,1.040512896,13.658728641281128,-0.05429485920524184,-0.08255100681831833,-0.10463681452449636,0.27191203658069524,-0.4097804567407725,0.22685278882391874,51.097453965744755,0.05132108944348846,0.03887514076358942,True,30,0,25,100,72,A,-5,39.7,17.2,48.15,48.15,Persistence
KFY,Korn Ferry Common Stock,Industrials,Staffing & Employment Services,United States,その他,86.27999877929688,4.431007232,26.948694818725585,0.06430621864005685,-0.012312265583499224,-0.023859955667852487,0.8807877518893937,0.07425185008513373,0.14553692503596755,63.043481538665674,0.1007084737016889,0.0,True,47,24,45,85,25,D,0,50.5,33.25,51.0,51.0,Persistence
KGS,"Kodiak Gas Services, Inc. Common Stock",Energy,Oil & Gas Equipment & Services,United States,電力/エネルギー,57.66999816894531,5.830669312,95.372336171875,0.1283426103953124,0.3632842220134269,0.20125071866175645,0.42197844201513646,3.0,0.6046912274777982,41.68802084637282,-0.09815786947456558,0.23815811965122824,True,27,53,71,85,90,S,-10,32.0,51.5,68.30000000000001,68.30000000000001,Persistence
KKR,KKR & Co. Inc. Common Stock,Financial Services,Asset Management,United States,その他,108.68000030517578,100.375822336,514.5949108449936,-0.11241735784662385,0.5108904849377255,1.5737153408698852,0.1799646014086965,-0.9512940469323831,0.1329724814357429,57.65225139292381,0.07506071763810084,0.26698921414647697,True,0,0,33,25,68,A,-20,0.0,0.0,18.0,18.0,Persistence
KMI,"Kinder Morgan, Inc. Common Stock",Energy,Oil & Gas Midstream,United States,電力/エネルギー,31.559999465942383,70.277873664,321.28552856321335,0.12165562913907285,-0.01526020607799661,-0.20135416666666667,0.5287240951762414,-0.03825681969394544,0.4368779897729147,51.41431186045426,-0.008677523231087652,0.07155377964735433,True,43,14,25,40,87,S,0,46.95,25.200000000000003,41.150000000000006,46.95,Acceleration
KMPR,Kemper Corporation,Financial Services,Insurance - Property & Casualty,United States,その他,27.93000030517578,1.644357376,24.64668911930084,0.032421697929932866,-0.0623583225388601,-0.09351435648105678,,0.6800121322414316,0.07564520913675467,64.97452319778645,0.011156209719144326,0.4647596310350845,False,39,12,30,100,45,C,-25,23.75,3.5,25.5,25.5,Persistence
KMT,Kennametal Inc. Common Stock,Industrials,Tools & Accessories,United States,その他,29.540000915527344,2.251510016,53.06506684463501,,-0.03910989257408402,-0.015054008692204348,,-0.2960477035866161,0.252752796011019,38.4806996624727,-0.10724492870810166,0.30923333595293706,False,0,0,21,100,53,B,0,20.3,20.3,47.15,47.15,Persistence
KMX,CarMax Inc,Consumer Cyclical,Auto & Truck Dealerships,United States,その他,62.11000061035156,8.814098432,110.06947978164673,-0.01792135517894831,-0.006881961287366163,-0.10607534012357069,0.10844166740626598,3.0,0.7033004482760726,61.850544185069076,0.09240121810418975,0.032855817038996635,True,12,12,20,85,52,B,-10,16.95,16.95,32.65,32.65,Persistence
KN,Knowles Corporation Common Stock,Technology,Electronic Components,United States,半導体,34.22999954223633,2.92359552,27.032457538490295,0.07172538392050587,0.21169001751313485,-0.04594820384294068,0.4320633850303439,-0.29699570815450643,0.1291979830653601,34.071162598262305,-0.08285150765314504,0.20023364129884028,True,7,35,29,100,80,S,0,28.25,49.25,56.95,56.95,Persistence
KNF,Knife Riv Holding Co. Common Stock,Basic Materials,Building Materials,United States,その他,64.23999786376953,3.64648192,60.37724679222107,0.08520406139347811,0.024256717367110076,0.1166282470433723,0.1835113788504303,-1.4640920098467614,0.33372309295630026,38.046672683423495,-0.15522595179137058,0.31637759892232065,False,18,0,18,85,41,C,0,30.35,16.85,39.35,39.35,Persistence
KNSL,"Kinsale Capital Group, Inc. Common Stock",Financial Services,Insurance - Property & Casualty,United States,その他,380.6099853515625,8.669696,81.36109351867675,0.18044566227303507,0.29652194578949387,0.45975579515596016,,0.03958070389496387,0.037129930516131136,59.043406331997346,0.07759509702675814,0.20333113360606034,True,7,26,85,85,85,S,-20,6.5,20.75,65.0,65.0,Persistence
KNTK,Kinetik Holdings Inc. Class A Common Stock,Energy,Oil & Gas Midstream,United States,電力/エネルギー,53.810001373291016,9.10464512,61.71576677505493,0.18980005111505677,0.1802887906196375,0.035370707628410616,0.3376783691124803,-0.7940399421256913,0.5447828241993536,65.99497843301359,0.07287868736726422,0.02341192625324578,True,39,14,41,85,40,C,0,46.0,27.25,51.8,51.8,Persistence
KNX,Knight-Swift Transportation Holdings Inc.,Industrials,Trucking,United States,その他,67.23999786376953,10.94371328,188.29519181781768,0.008044584685883198,0.0375694191044624,-0.03860979120914328,0.13961464794585157,3.0,0.22463145635173823,46.07358819652735,-0.07677440083406228,0.18447543538443914,True,12,25,30,65,90,S,0,27.75,37.5,50.75,50.75,Persistence
KO,Coca-Cola Company (The) Common Stock,Consumer Defensive,Beverages - Non-Alcoholic,United States,その他,89.66000366210938,385.766555648,1259.4065516397095,0.018699135164998618,0.028565808453905668,0.06394753976374291,0.6162574831563797,0.11706391056739085,0.4340177072202717,62.809931251326745,0.05191534162771173,0.02532877764722538,True,14,24,46,10,40,C,-20,0.0,3.5,15.799999999999997,15.799999999999997,Persistence
KOS,Kosmos Energy Ltd. Common Shares (DE),Energy,Oil & Gas E&P,United States,電力/エネルギー,2.759999990463257,1.643545984,34.12748268207788,-0.2309989864852766,-0.015426584736319998,-0.24216527007978694,0.0176007799110802,0.293700324967699,0.6499898011891941,60.86956882296648,0.1238700228189434,0.15596330074557208,True,5,12,0,100,50,B,-15,8.75,14.0,20.0,20.0,Persistence
KR,Kroger Company (The) Common Stock,Consumer Defensive,Grocery Stores,United States,その他,57.720001220703125,35.362000896,338.33127055526734,0.0035276605289451682,-0.01943494691380241,0.01201284247730308,0.23300957722057408,0.9448508722566122,0.49430464636758553,59.492105344085054,0.007502119896123685,0.22721968583272795,False,27,12,22,40,90,S,-20,15.25,4.0,20.1,20.1,Persistence
KRMN,Karman Holdings Inc. Common Stock,Industrials,Aerospace & Defense,United States,防衛/宇宙,45.56999969482422,6.039561216,111.411813753891,0.3656730900127733,0.22994246629023352,0.24035450989351573,0.40302439024390246,-4.72641095409462,0.5319356287859027,7.700145682164674,-0.11219086776427989,0.6047358892102601,False,36,20,61,85,28,D,-10,32.55,20.55,50.400000000000006,50.400000000000006,Persistence
KRO,Kronos Worldwide Inc Common Stock,Basic Materials,Specialty Chemicals,United States,その他,8.800000190734863,1.012858176,4.139256089715958,-0.01467860738699592,0.13237323732373238,-0.13661796705004664,0.11455308163923847,-1.9395348837209303,0.3177564949361515,54.654662394891744,0.2464236402692825,0.012345640691474901,True,0,0,6,100,45,C,-5,14.5,14.5,32.3,32.3,Persistence
KSS,Kohl's Corporation Common Stock,Consumer Cyclical,Department Stores,United States,その他,17.5,1.98449984,75.85235,-0.04278404537328155,-0.07181277180132753,-0.03436843850149188,0.4056804276421717,3.0,0.4961832061068702,39.21015344063803,-0.03956972944960528,0.2752549827483791,True,34,24,26,100,73,A,-5,42.8,35.3,48.9,48.9,Persistence
KTB,"Kontoor Brands, Inc. Common Stock ",Consumer Cyclical,Apparel Manufacturing,United States,その他,76.98999786376953,4.207782144,56.78397292442322,0.2089594251830626,4.065240202004087e-05,-0.009109827151936352,0.4515174835112687,0.24426768523119952,0.5009807672054368,49.706074135645174,-0.06623330454722282,0.12680050513048022,True,52,17,30,85,90,S,0,60.75,34.5,55.75,60.75,Acceleration
KVUE,Kenvue Inc. Common Stock,Consumer Defensive,Household & Personal Products,United States,その他,19.170000076293945,36.821229568,400.16790474261285,-0.02141701714655451,0.0007122507122507123,0.03304347826086956,0.581327691087014,0.2898876404494382,0.32035751218791547,58.36881471644556,0.010156659556969346,0.03308535941146608,True,13,24,34,40,87,S,0,24.450000000000003,32.7,46.10000000000001,46.10000000000001,Persistence
KVYO,"Klaviyo, Inc. Series A Common Stock",Technology,Software - Application,United States,ソフトウェア,20.149999618530273,6.030488064,140.05700534851073,0.31633748069259193,0.34288116728429635,0.4766831377393453,0.7467437697474674,0.2744118497401314,0.07639358118795093,61.99999839381103,0.17241135917485764,0.43903116242497514,False,34,45,97,85,15,D,0,39.75,48.0,77.6,77.6,Persistence
KWR,Quaker Houghton Common Stock,Basic Materials,Specialty Chemicals,United States,その他,165.91000366210938,2.85492992,25.458890061950683,0.026606714406697665,-0.05817142465134876,0.00500518371977557,0.3597160699214353,-0.50488377236092,0.3237575841620394,37.44735908431802,0.04565866534293303,0.07454226429531703,True,22,0,25,100,77,A,0,39.2,22.7,54.15,54.15,Persistence
L,Loews Corporation Common Stock,Financial Services,Insurance - Property & Casualty,United States,その他,109.72000122070312,22.42980864,65.49680612869263,0.05435350078310807,0.09956627120806226,0.11587188612099644,,0.12829084830756374,0.1098925279103164,25.851720689560253,-0.03561797606290094,0.08055690508718975,True,2,24,42,65,73,A,-20,0.0,15.049999999999997,33.95,33.95,Persistence
LAD,"Lithia Motors, Inc. Common Stock",Consumer Cyclical,Auto & Truck Dealerships,United States,その他,370.3599853515625,8.141666304,77.97744311584472,0.039977119613575696,0.16577057756673957,0.10126721489438693,0.15233201097917093,-0.921302578018996,0.6167155238338007,40.25495642288032,0.07810671238424251,0.13200346856562337,True,0,12,35,85,85,S,-10,11.25,20.25,47.5,47.5,Persistence
LAZ,"Lazard, Inc. Common Stock",Financial Services,Capital Markets,United States,その他,43.63999938964844,4.252743168,59.422623368911744,0.019983151346272234,0.20977288584711148,-0.09714485517596746,0.3375472605555192,-0.3010783990363243,0.43986075753116843,54.02490031138052,0.024587739883523845,0.21710381701413953,False,4,0,21,85,90,S,-20,4.75,1.75,30.799999999999997,30.799999999999997,Persistence
LB,LandBridge Company LLC Class A Shares Representing Limited Liability Company Interests,Energy,Oil & Gas Equipment & Services,United States,電力/エネルギー,86.94000244140625,6.701805568,32.1299820022583,0.8106935627626098,0.5090098126672614,0.4072850879734245,0.9322125840687517,0.8309852815411621,0.41014790023249414,57.70281547680355,0.13244349639962835,0.029562681535453016,True,86,64,82,85,45,C,0,81.75,65.25,75.35,81.75,Acceleration
LBRT,Liberty Energy Inc. Class A common stock,Energy,Oil & Gas Equipment & Services,United States,電力/エネルギー,19.020000457763672,3.103900928,69.59494247497558,-0.07161841701850753,-0.09114860208495158,0.14429190201165132,0.08428987078756581,-0.9209094987103286,0.17375857325327648,35.48832175675409,-0.1407428635977267,0.43780509434619647,False,18,0,25,85,33,D,0,29.55,16.05,41.6,41.6,Persistence
LCII,LCI Industries,Consumer Cyclical,Recreational Vehicles,United States,その他,102.95999908447266,2.50311296,26.034980168495178,0.10178771134884775,-0.011519738914100795,-0.27315074696431424,0.23781925207974638,-0.15130004177453338,0.3889833302214398,48.249125421719604,0.006126989533209074,0.3244014458775149,False,35,14,21,100,73,A,0,48.55,32.8,51.15,51.15,Persistence
LDOS,"Leidos Holdings, Inc. Common Stock",Technology,Information Technology Services,United States,その他,140.66000366210938,17.651734528,211.146138097229,0.030728604009122553,0.07928488146132918,0.07238121700472354,0.18044718760917666,0.26360808709175737,0.3879789520492107,52.660295308495996,0.17361611380110764,0.28925941620282647,False,5,24,38,65,43,C,0,17.8,32.05,45.75000000000001,45.75000000000001,Persistence
LEA,Lear Corporation Common Stock,Consumer Cyclical,Auto Parts,United States,その他,124.0199966430664,8.256602112,76.88805721881866,-0.0020123573328756543,-0.00685646591582186,0.12327501615489553,0.06468006070742204,-0.06091913074456715,0.19621911864772185,58.02343468828242,-0.06421472578447059,0.16585954565177857,False,18,0,25,85,80,S,0,34.25,20.75,51.0,51.0,Persistence
LEN,Lennar Corporation Class A Common Stock,Consumer Cyclical,Residential Construction,United States,その他,86.33000183105469,20.79647744,189.63809347221374,-0.03539691319644579,0.035289722897830146,0.016701488906926167,0.09907659458435202,-0.9873725063578801,0.17063376221451967,51.781362483612085,0.001206810571880592,0.3815426816564099,False,0,0,25,65,73,A,0,17.05,17.05,44.6,44.6,Persistence
LEN-B,Lennar Corporation Class B,Consumer Cyclical,Residential Construction,United States,その他,84.94999694824219,20.464041984,6.361055771484375,-0.03539691319644579,0.035289722897830146,0.016701488906926167,0.09907659458435202,-0.9873725063578801,0.17063376221451967,52.564677541292404,0.00512039388808529,0.3646449930362149,False,0,0,25,65,73,A,0,17.05,17.05,44.6,44.6,Persistence
LEU,Centrus Energy Corp. Class A Common Stock,Energy,Uranium,United States,電力/エネルギー,175.77999877929688,3.507313408,103.60209458053589,0.015158371040723982,0.38038725796377265,0.089857045609258,0.26186761756184534,-0.0486322188449848,0.4968314321926489,43.841961596072466,0.004570798274507667,0.5968348651850989,False,0,12,44,85,65,A,0,19.25,28.25,58.45,58.45,Persistence
LEVI,Levi Strauss & Co Class A Common Stock,Consumer Cyclical,Apparel Manufacturing,United States,その他,21.290000915527344,8.193468928,43.32525831310272,0.04144562334217507,0.0325054346895808,-0.052929351878870406,0.617287488061127,-0.5406170815322701,0.33662831444924657,25.527438045394888,-0.09743055604891539,0.16607910916884802,False,42,12,33,85,53,B,0,49.55,27.05,50.00000000000001,50.00000000000001,Persistence
LHX,"L3Harris Technologies, Inc. Common Stock",Industrials,Aerospace & Defense,United States,防衛/宇宙,262.82000732421875,48.940929024,422.88264818481446,0.025322391559202812,0.09815129512333282,0.13814324229281444,0.25726046192545166,0.24686192468619247,0.269838572642311,22.347859094573778,-0.07938215357794086,0.30034871727546225,False,5,24,38,40,36,C,0,13.35,27.6,38.1,38.1,Persistence
LII,"Lennox International, Inc. Common Stock",Industrials,Building Products & Equipment,United States,その他,393.3900146484375,13.595825152,196.5769903198242,-0.027334169584183627,0.07214115096649873,0.05584520176330959,0.3339171943872346,,0.43380371404772405,31.943961545736343,-0.19521933990225837,0.3151519749475311,False,4,0,6,65,41,C,0,16.85,13.850000000000001,27.75,27.75,Persistence
LION,Lionsgate Studios Corp Common Shares,,,,その他,11.399999618530273,3.392180224,30.50320697929382,0.018222617711920144,0.05489347808342176,-0.20546079512290033,0.3979785698001368,1.0635097493036212,0.7302472264459087,27.98162468671981,-0.1436684319439092,0.30487805587205785,True,19,43,24,85,34,D,-10,20.4,38.4,31.25,38.4,Transition
LMND,"Lemonade, Inc. Common Stock",Financial Services,Insurance - Property & Casualty,United States,その他,52.959999084472656,4.0989248,56.37936142536163,0.4015194681861349,0.22498836668217775,0.6743280093494352,,-0.24519230769230768,0.0945630160461131,51.046333470753694,-0.10564411517594313,0.4515895283024309,False,32,26,55,85,55,B,-30,12.25,7.75,32.5,32.5,Persistence
LMT,Lockheed Martin Corporation Common Stock,Industrials,Aerospace & Defense,United States,防衛/宇宙,563.8499755859375,130.131361792,560.7713547192383,0.0563743085173768,0.051382989744121,0.024051285160038797,0.10152169278328536,0.3066010970304521,0.36263368983957217,34.31237818164813,0.023105430188409937,0.1613104125913316,True,35,12,38,25,90,S,0,39.0,21.75,45.150000000000006,45.150000000000006,Persistence
LNC,Lincoln National Corporation Common Stock,Financial Services,Insurance - Life,United States,その他,43.290000915527344,8.287754752,78.99451142063141,0.019623103007393408,0.5360771923832295,-0.38131966823392677,,,0.015414521433159797,36.70746424200866,0.04123651745940053,0.07893615073346077,True,0,0,10,85,77,A,-30,0.0,0.0,12.149999999999999,12.149999999999999,Persistence
LNG,"Cheniere Energy, Inc. Common Stock",Energy,Oil & Gas Midstream,United States,電力/エネルギー,282.3299865722656,58.310787072,429.08370194259646,0.27211360886454816,-0.2300186329312543,-0.38991264807945436,0.4771225470564678,-0.2202154626108999,0.5328724781755148,69.05468223394931,0.08807204105393342,0.0448331372695993,True,53,31,25,40,52,B,0,50.95,34.45,34.15,50.95,Acceleration
LNN,Lindsay Corporation Common Stock,Industrials,Farm & Heavy Construction Machinery,United States,その他,113.87999725341797,1.15803264,13.497626674461365,0.11414423941727038,-0.09940897573596169,-0.12541015617397758,0.31163508622525016,0.3538678086909646,0.16235032753117135,46.19625744348696,-0.014046440032259027,0.18662313174811127,False,44,26,34,100,90,S,-25,32.0,18.5,36.7,36.7,Persistence
LOAR,Loar Holdings Inc. Common Stock,Industrials,Aerospace & Defense,United States,防衛/宇宙,71.69000244140625,6.716526592,45.11953683654785,0.2320248051854555,0.26881317386771325,0.3259478603707076,0.5265644803468988,1.1530802603036876,0.3573091939158815,53.26290643486705,-0.02450637378495582,0.12466421116300569,True,29,29,89,85,100,S,0,44.5,44.5,90.2,90.2,Persistence
LOB,"Live Oak Bancshares, Inc. Common Stock",Financial Services,Banks - Regional,United States,その他,40.130001068115234,1.857361664,8.359279872493744,0.12358675839848535,0.13113272012981067,0.08674826084959347,,0.3350888130041964,0.006766138228125976,29.80772475516268,-0.03692465591194467,0.08295240842437916,True,10,26,50,100,73,A,-25,4.800000000000001,16.799999999999997,42.099999999999994,42.099999999999994,Persistence
LOW,"Lowe's Companies, Inc. Common Stock",Consumer Cyclical,Home Improvement Retail,United States,その他,208.0500030517578,116.727291904,592.1363149356843,0.03121638740827497,-0.031293052548710884,-0.11005676959375225,0.334758825301903,-0.006105481943361912,0.8251514479905437,33.926972467590346,-0.0296374262976106,0.26810042726279765,False,34,0,19,25,63,B,-20,15.549999999999997,0.0,9.300000000000004,15.549999999999997,Acceleration
LPG,Dorian LPG Ltd. Common Stock,Energy,Oil & Gas Midstream,United States,電力/エネルギー,49.779998779296875,2.129721728,27.46312752655029,0.36273626139491194,-0.36984039854255574,0.43866213046766495,0.5446104433839989,-0.24512454953418364,0.37914499669445473,67.73334133572456,0.15808037512980488,0.03000781225029231,True,50,42,37,100,37,C,0,56.2,50.2,52.75,56.2,Acceleration
LPX,Louisiana-Pacific Corporation Common Stock,Industrials,Building Products & Equipment,United States,その他,71.26000213623047,4.982742016,85.15926555290223,-0.07922475348520912,0.13948082138705928,-0.33030617540217955,0.21750369276218612,-0.7843601895734598,0.14427103159497526,41.54816733854148,-0.04393981389688432,0.27092475371381697,False,0,0,25,85,73,A,0,20.05,20.05,49.6,49.6,Persistence
LRN,"Stride, Inc. Common Stock",Consumer Defensive,Education & Training Services,United States,その他,86.83999633789062,3.609056768,83.93389586044312,0.046881138743874506,0.17903708158890705,0.11032743754891534,0.37750969885400826,-0.04784794236144268,0.22417094769481416,75.96229049860807,0.014350853433503471,0.477213918374527,True,4,12,49,85,40,C,0,19.75,25.75,56.2,56.2,Persistence
LTH,"Life Time Group Holdings, Inc. Common Stock",Consumer Cyclical,Leisure,United States,その他,43.5099983215332,9.7228288,125.68820235137939,0.1427930995671491,0.1824430556263599,0.21619954821714768,0.47630134996853357,-1.414337115970108,0.5188102424702649,57.00933913058536,0.01763491111005927,0.04854583955665093,True,16,14,47,85,87,S,0,33.45,31.950000000000003,64.5,64.5,Persistence
LUMN,"Lumen Technologies, Inc. Common Stock",Communication Services,Telecom Services,United States,その他,6.039999961853027,6.229929984,82.14677788118362,-0.05386023802258163,-0.09953974033111218,-0.16712438494106877,0.4647637477826157,-0.6633393829401089,0.5156077106749752,37.49999751647225,-0.08887950866501268,0.48943364321165267,False,38,0,25,85,45,C,0,45.75,17.25,44.0,45.75,Acceleration
LUV,Southwest Airlines Company Common Stock,Industrials,Airlines,United States,その他,39.63999938964844,19.392212992,177.76399166290284,0.021103955172288323,0.05335173048177533,0.09561602418745276,0.1744289634037701,0.4780150753768844,0.20580847183510548,18.540659376762477,-0.1481680572765003,0.2703452736836828,False,5,12,22,65,24,D,0,15.9,21.15,33.150000000000006,33.150000000000006,Persistence
LVS,Las Vegas Sands Corp. Common Stock,Consumer Cyclical,Resorts & Casinos,United States,その他,45.040000915527344,29.172461568,208.11768343040467,0.15215082315454062,0.0892788276128037,1.5236009732360096,0.49788737804409616,0.0960591133004926,0.7200729927007299,47.575067197729155,-0.02621520024799374,0.34049192394928895,False,33,26,48,65,73,A,-10,31.799999999999997,26.549999999999997,47.25000000000001,47.25000000000001,Persistence
LW,"Lamb Weston Holdings, Inc. Common Stock ",Consumer Defensive,Packaged Foods,United States,その他,54.97999954223633,7.558823424,68.53696782936096,0.024956210376203245,-0.002520254808584328,0.20876163420924757,0.20563192837590552,1.3476749239461103,0.5342610533732606,68.28142352036353,0.11052314058088072,0.1485521754320753,True,30,12,22,85,50,B,-20,20.25,6.75,23.35,23.35,Persistence
LYV,"Live Nation Entertainment, Inc. Common Stock",Communication Services,Entertainment,United States,その他,181.64999389648438,42.317090816,326.2688200372314,0.08834920240762234,0.018890346376845838,0.3623866047480603,0.25546392133835705,-0.7095490653026278,0.4540914791044709,45.58605760675405,0.003837370131928823,0.036135055580902305,True,18,0,44,40,87,S,0,28.200000000000003,14.700000000000001,51.60000000000001,51.60000000000001,Persistence
LZB,La-Z-Boy Incorporated Common Stock,Consumer Cyclical,"Furnishings, Fixtures & Appliances",United States,その他,32.56999969482422,1.304518784,22.675722337532044,0.008262821050755095,0.030375759577181933,-0.12871446004206122,0.44041455162733617,0.1310635360338434,0.2762955146927414,13.722232148174626,-0.1671993772522591,0.22710013842988,False,6,24,30,100,41,C,-5,18.6,32.1,44.7,44.7,Persistence
M,Macy's Inc Common Stock,Consumer Cyclical,Department Stores,United States,その他,22.010000228881836,5.7894656,108.32892917651176,-0.01673476484395375,-0.03603452610408112,-0.062202837046642305,0.40334202731974717,0.7424242424242424,0.32048281808104445,21.15768105922224,-0.08031855312489267,0.16024414354439967,True,43,24,30,85,63,B,0,51.3,37.05,50.35,51.3,Acceleration
MA,Mastercard Incorporated Common Stock,Financial Services,Credit Services,United States,その他,595.2999877929688,521.488695296,1706.094047015381,0.16416373770724607,0.12228065981353096,0.1286594414714215,0.7788722515324327,0.20955395259826293,0.350831840759274,72.78400257609701,0.08645615217662962,0.007601769862881007,True,43,26,71,10,25,D,-20,16.25,3.5,26.550000000000004,26.550000000000004,Persistence
MAIN,Main Street Capital Corporation Common Stock,Financial Services,Asset Management,United States,その他,58.54999923706055,5.474920448,33.04679056938171,-0.01563406963148502,0.1792009884678748,0.6024488667077326,,,0.4325454648176664,50.2890058697886,0.07152073601818679,0.06420856964582483,True,0,0,10,85,72,A,-30,0.0,0.0,11.149999999999999,11.149999999999999,Persistence
MAN,ManpowerGroup Common Stock,Industrials,Staffing & Employment Services,United States,電力/エネルギー,62.38999938964844,2.901593088,54.09524897079468,0.005780249693344311,-0.056073382854423856,-0.04604715672676838,0.166931185993284,-1.6253390158853158,0.22803244506064343,75.27991685868835,0.26992719903771617,0.0,True,18,0,10,100,10,D,-10,19.5,6.0,22.5,22.5,Persistence
MAS,Masco Corporation Common Stock,Industrials,Building Products & Equipment,United States,その他,73.25,14.443978752,145.1646525,-0.03398058252427184,-0.01744696874607757,-0.08214285714285714,0.3542713567839196,-0.04520396912899669,0.6181503557008268,44.53009097602748,-0.03893386787041987,0.11113653976994409,True,4,0,19,65,100,S,-10,12.75,9.75,36.7,36.7,Persistence
MATX,"Matson, Inc. Common Stock",Industrials,Marine Shipping,United States,その他,224.30999755859375,6.707644416,60.69155603942871,-0.022590449471038634,0.10573256640599754,-0.2874510706884642,0.22765734788458664,-0.6641905178064235,0.1568513245318837,72.65873510952787,0.0739571920215278,0.0,True,0,0,25,85,25,D,0,15.25,15.25,40.0,40.0,Persistence
MBC,"MasterBrand, Inc. Common Stock",Consumer Cyclical,"Furnishings, Fixtures & Appliances",United States,その他,8.630000114440918,1.756123008,14.556566393032075,0.012701821952303363,-0.00946372239747634,-0.16769958784918332,0.30262917321826893,-0.443391757460919,0.37866081795897305,41.00417541865914,-0.04393679412677935,0.37554266968088484,False,34,0,25,100,73,A,-5,42.8,17.3,48.35,48.35,Persistence
MC,Moelis & Company Class A Common Stock,Financial Services,Capital Markets,United States,その他,68.4000015258789,5.06713344,52.28393516635895,0.2697688241129468,0.3975405616626187,-0.13249710493384229,0.32945761987768957,0.2998943169480468,0.1534769358040082,62.13293827634113,0.025808298196525043,0.09369398658190056,True,21,36,49,85,80,S,-20,16.5,27.75,44.2,44.2,Persistence
MCB,Metropolitan Bank Holding Corp. Common Stock,Financial Services,Banks - Regional,United States,その他,91.79000091552734,1.137992064,9.77242244747162,0.13792418557453062,0.10438743075468913,-0.019597186325762166,,-0.43479304385988976,0.0013293819700193176,46.366793882046096,-0.02968281731904121,0.09098829333115331,True,35,14,25,100,100,S,-25,26.25,10.5,33.75,33.75,Persistence
MCD,McDonald's Corporation Common Stock,Consumer Cyclical,Restaurants,United States,その他,265.0,187.525005312,1188.82975,0.03722993827160494,0.016669935281427732,0.09977568803381934,0.5740747628789288,0.07703836930455636,0.9210115097034361,38.44727553541177,-0.020798249157246797,0.2133710399820562,False,28,24,40,25,80,S,-40,0.0,0.0,4.25,4.25,Persistence
MCO,Moody's Corporation Common Stock,Financial Services,Financial Data & Stock Exchanges,United States,その他,514.9500122070312,89.179553792,353.9869373913574,0.08888261851015801,0.19810682893847195,0.08193123628383321,0.7443638248250842,0.021420071400238,0.46437144662034113,76.0344187187813,0.06546058967896176,0.03932903091225552,True,17,24,54,40,37,C,-20,2.4499999999999993,7.699999999999999,27.1,27.1,Persistence
MDU,"MDU Resources Group, Inc. Common Stock (Holding Company)",Utilities,Utilities - Regulated Gas,United States,その他,19.790000915527344,4.162816,29.969284736442567,0.06660379140125758,-0.02516092254867602,0.03208038926388058,0.3261655856380522,-13.484980005851945,0.3511916366469235,36.86441157406585,-0.044625917612734024,0.1262309254659651,False,22,0,10,85,80,S,0,37.25,20.75,42.75,42.75,Persistence
MET,"MetLife, Inc. Common Stock",Financial Services,Insurance - Life,United States,その他,96.51000213623047,61.32987904,309.07955499141696,0.07875262009667622,0.03234021255924868,0.007788277529706716,,,0.02708524006731386,47.384321355791705,0.038434390825615825,0.03441715774932015,True,30,0,22,40,87,S,-20,17.200000000000003,0.0,19.5,19.5,Persistence
MGM,MGM Resorts International Common Stock,Consumer Cyclical,Resorts & Casinos,United States,その他,42.279998779296875,10.817389568,91.8630217477417,0.01723483799381052,0.06658496785096542,0.23132869700479566,0.4441938538859438,0.20508603802605152,0.7583497676523971,37.26414585080234,-0.07127954356294615,0.16591043746804937,True,9,12,44,65,80,S,-10,14.5,16.75,46.45,46.45,Persistence
MGY,Magnolia Oil & Gas Corporation Class A Common Stock,Energy,Oil & Gas E&P,United States,電力/エネルギー,26.25,6.365416448,90.2514375,-0.0030709347162292174,0.07246008285390378,-0.27590199546412997,0.47294688015733566,-0.05749318738324108,0.14173267674603493,52.13523041089131,0.014207557389144117,0.17814226864111515,True,8,0,33,85,100,S,0,28.75,22.75,59.400000000000006,59.400000000000006,Persistence
MH,"McGraw Hill, Inc. Common Stock",Consumer Defensive,Education & Training Services,United States,その他,13.220000267028809,2.529102592,9.282290987491608,0.0007052780208813691,0.0718299312718633,0.006522834026347013,0.8092340571842717,-0.7376252519465317,0.48230715004098973,64.18440207995715,0.20370035080727417,0.26514727986530023,False,15,35,44,100,23,D,0,28.55,43.55,53.800000000000004,53.800000000000004,Persistence
MHK,"Mohawk Industries, Inc. Common Stock",Consumer Cyclical,"Furnishings, Fixtures & Appliances",United States,その他,129.88999938964844,8.798507008,120.15279558540344,-0.004752281556533695,-0.02678018158795161,-0.05129035281287541,0.23872086338939677,-0.09315673289183223,0.1795313904130106,38.51677217404002,0.0620136093655734,0.07287656152079912,True,30,0,25,85,62,B,0,41.45,18.95,47.4,47.4,Persistence
MHO,"M/I Homes, Inc. Common Stock",Consumer Cyclical,Residential Construction,United States,その他,151.39999389648438,3.827851008,29.86364879608154,-0.01928864933502343,0.11681362746318212,-0.023694429457570363,0.24104137348591975,-0.25437342034450355,0.21557547688201587,54.90777553873246,0.00027084328023389305,0.07116568161666027,True,0,0,25,85,87,S,0,21.450000000000003,21.450000000000003,52.400000000000006,52.400000000000006,Persistence
MIAX,"Miami International Holdings, Inc. Common Stock",Financial Services,Capital Markets,United States,その他,43.0,4.26692864,52.85861,0.1964796960191988,0.09516266461224564,0.3046524772564634,0.31562093817559617,0.8357217804285398,0.0065101137423824364,47.64940306859552,0.01836852014596849,0.243490501678997,False,42,28,61,85,90,S,-20,33.25,22.75,52.80000000000001,52.80000000000001,Persistence
MIR,"Mirion Technologies, Inc. Class A Common Stock",Industrials,Specialty Industrial Machinery,United States,その他,14.399999618530273,3.586213888,49.82529468008041,0.07504646840148699,0.07479086028218254,0.11577040958484257,0.47395720769397015,1.125248508946322,0.34383099690644076,40.175957015879085,-0.11226191064578134,0.5159663993771336,False,41,47,46,85,55,B,0,49.0,53.5,57.55,57.55,Persistence
MKC,"McCormick & Company, Incorporated Common Stock",Consumer Defensive,Packaged Foods,United States,その他,55.33000183105469,14.875556864,129.34632853050232,0.017341642250546574,0.0092311848938789,0.049082749389811824,0.3789599871350672,0.14435857805255023,0.31544498651556013,59.80392723514282,0.06117356148988127,0.21383049462825318,False,24,24,42,65,75,A,-20,15.25,15.25,34.35,34.35,Persistence
MKL,Markel Group Inc. Common Stock,Financial Services,Insurance - Property & Casualty,United States,その他,1818.68994140625,22.533492736,109.50332137207032,-0.024902447439287444,0.06596941436343139,0.3301754728431419,,0.09206738734039756,0.062460022886566366,43.90771188473721,-0.04292613659569869,0.1702677939528328,False,2,12,38,65,90,S,-20,0.25,7.75,35.150000000000006,35.150000000000006,Persistence
MLI,"Mueller Industries, Inc. Common Stock",Industrials,Metal Fabrication,United States,その他,62.79999923706055,13.89019136,69.33528115766525,0.1087308153384954,0.10186720930198562,-0.1411466042930805,0.2901640211298329,0.2137757311673045,0.007363993154084793,30.793444966870027,-0.00971208801305344,0.10578393211567104,True,40,26,30,65,90,S,0,48.75,38.25,50.75,50.75,Persistence
MLM,"Martin Marietta Materials, Inc. Common Stock",Basic Materials,Building Materials,United States,その他,531.0499877929688,37.7148416,289.8284965878296,0.0861886259272342,-0.03230217056913348,-0.050316507060542116,0.3071544715447154,0.6192052980132451,0.304900860456416,39.168118354772545,-0.056178587795538734,0.24805170831048148,False,43,12,30,40,70,A,0,45.25,22.0,40.5,45.25,Acceleration
MMI,"Marcus & Millichap, Inc. Common Stock",Real Estate,Real Estate Services,United States,その他,32.5,1.23080768,4.042675,0.08490072694882625,0.07761403378400346,-0.5037857894615544,0.3769684674424887,3.0,0.09460456007156846,66.60618071361193,0.04343917654487546,0.007633587786259542,True,49,30,34,100,55,B,-5,52.25,38.0,49.7,52.25,Acceleration
MMM,3M Company Common Stock,Industrials,Conglomerates,United States,その他,174.33999633789062,89.91105024,459.50444154785157,0.015178026449643948,-0.0014221861032100772,-0.05928672451358893,0.39911014911014914,1.188087774294671,0.33397821535525934,29.91979968998797,0.023251717601538865,0.04721302906649435,True,46,12,30,40,60,B,0,46.5,21.0,38.5,46.5,Acceleration
MMS,"Maximus, Inc. Common Stock",Industrials,Specialty Business Services,United States,その他,59.75,3.12837632,35.50016375,0.023572249579124183,0.08185346873465767,0.0591036355289485,0.2455119202191161,-0.08704010292518974,0.35486366235432676,71.98178772480009,0.04086914355505721,0.38635011637448197,False,0,12,33,85,38,C,0,16.55,25.55,47.00000000000001,47.00000000000001,Persistence
MO,"Altria Group, Inc.",Consumer Defensive,Tobacco,United States,その他,68.6500015258789,114.627919872,642.695135785141,-0.01491880258266484,-0.0028289922934347867,-0.008990719257540603,0.7220815333432643,0.053768435721751245,0.7341862523916954,60.866507716816194,-0.01955461439388915,0.08368922579159044,True,17,12,32,25,80,S,-10,14.5,10.75,29.85,29.85,Persistence
MOD,Modine Manufacturing Company Common Stock,Consumer Cyclical,Auto Parts,United States,その他,177.6300048828125,9.434411008,228.7616899383545,0.2313141087671763,0.07297117700805715,0.04782627616519431,0.22982616076200058,-0.1848414539829853,0.16312719659014432,41.50368689590515,-0.2045878702797385,0.4211932731460838,False,39,5,45,85,43,C,0,46.3,20.8,54.6,54.6,Persistence
MOG-A,Moog Inc. Class A Common Stock,Industrials,Aerospace & Defense,United States,防衛/宇宙,374.6600036621094,11.865919488,91.12293279067993,0.06973310870721759,0.0882850500122128,0.09236727394546976,0.27388007741753667,1.798417162665969,0.21366340906292397,37.5524551395722,-0.07814999336999241,0.158785756983659,True,12,24,42,65,80,S,0,26.75,35.75,55.35,55.35,Persistence
MOS,Mosaic Company (The) Common Stock,Basic Materials,Agricultural Inputs,United States,その他,23.600000381469727,7.502337536,189.43637706204413,0.0835760779659798,-0.18788560247077635,-0.2838715412126409,0.15780259533370947,-12.278481012658228,0.2156649686888534,50.93525938017489,0.05435279626244953,0.32475878506322325,False,33,19,10,85,58,B,0,43.3,32.8,38.35,43.3,Acceleration
MPC,Marathon Petroleum Corporation Common Stock,Energy,Oil & Gas Refining & Marketing,United States,電力/エネルギー,368.8299865722656,103.576592384,927.8803504193115,-0.044395955755271346,-0.06412632515382904,-0.16384056623443954,0.07537358985372912,-0.2226027397260274,0.4092430468703472,80.66632833786691,0.19878236703171345,0.0,True,30,12,17,25,10,D,0,27.25,13.75,17.6,27.25,Acceleration
MRSH,Marsh Common Stock,Financial Services,Insurance Brokers,United States,その他,192.63999938964844,91.929976832,363.7197300476074,0.1031564314334778,0.07573891625615764,0.0972972972972973,0.422667803268967,0.2546412443552434,0.36533810253789817,53.66048062489206,0.05851061109336892,0.054607331419012875,True,32,26,42,40,72,A,-20,17.200000000000003,12.700000000000003,27.5,27.5,Persistence
MS,Morgan Stanley Common Stock,Financial Services,Capital Markets,United States,その他,214.77000427246094,337.3105152,907.2819229987335,0.14482567119626524,0.1372490970454142,0.009101772555267874,,-8.898571428571428,0.2608926471727207,49.04502486578306,-0.004854434280110873,0.05512030441480821,True,35,14,18,10,87,S,-30,6.450000000000003,0.0,0.0,6.450000000000003,Acceleration
MSA,MSA Safety Incorporated Common Stock,Industrials,Security & Protection Services,United States,その他,190.33999633789062,7.34299136,53.23429017578125,0.036874357074120366,0.011463672637830623,0.1699620341725171,0.4646396922574719,0.21974773435725933,0.2454945908469159,41.23482525764826,0.06484118921414068,0.05467758371769678,True,31,12,50,85,72,A,0,43.2,28.95,63.15,63.15,Persistence
MSCI,MSCI Inc. Common Stock,Financial Services,Financial Data & Stock Exchanges,United States,その他,570.760009765625,41.494253568,343.3891984753418,0.09745046440495664,0.12938645746010155,0.12466523584918247,0.8244143566720764,0.05198379527287598,1.1065080871252209,55.85671625928293,-0.011478378271097848,0.11032213263178986,True,17,24,55,40,100,S,-40,0.0,0.0,20.25,20.25,Persistence
MSGE,Madison Square Garden Entertainment Corp. Class A Common Stock,Communication Services,Entertainment,United States,その他,78.30000305175781,3.703999744,27.281678563308716,,-0.017232985671321272,0.12656430564559318,,0.06878337256703221,0.7191297140687563,50.436770618276654,0.0027688566614856008,0.1144536906441808,True,2,12,20,85,100,S,-10,14.25,21.75,42.25,42.25,Persistence
MSGS,Madison Square Garden Sports Corp. Class A Common Stock (New),Communication Services,Entertainment,United States,その他,389.3399963378906,9.375284224,90.48456184890748,0.011751946406996453,0.1574201050879658,0.08046834860486465,0.27338003502626973,-0.029708866343184825,0.8042694575735893,48.49099526273388,-0.011168866147418174,0.05983772595255789,True,0,0,27,85,87,S,-20,1.4500000000000028,1.4500000000000028,33.5,33.5,Persistence
MSI,"Motorola Solutions, Inc. Common Stock",Technology,Communication Equipment,United States,通信/光通信,486.0,80.429981696,486.39123,0.07996671905334196,0.08408498697133694,0.0950395083406497,0.5166067454203047,0.20524835988753515,0.5036876579503843,67.34045351619798,0.1141729202242336,0.002626823966720258,True,13,24,42,40,25,D,0,18.25,26.5,38.1,38.1,Persistence
MTB,M&T Bank Corporation Common Stock,Financial Services,Banks - Regional,United States,その他,237.2899932861328,34.268532736,207.6156931757355,0.04344058065215036,-0.017769738242179187,0.17284412829152626,,-0.15733647613435475,0.060938597723760014,26.70029084209601,-0.028740371544478248,0.06611831750124099,True,18,12,25,40,60,B,-20,5.5,1.0,15.75,15.75,Persistence
MTDR,Matador Resources Company Common Stock,Energy,Oil & Gas E&P,United States,電力/エネルギー,56.38999938964844,6.978500096,119.68918345451355,0.05103712088504662,0.23471467596245202,-0.11858420201589202,0.4578431806906797,-0.13710590310635304,0.29777468541451746,65.70996722069087,0.0893407218543489,0.1258912245683089,True,8,0,29,85,65,A,0,25.25,19.25,50.2,50.2,Persistence
MTG,MGIC Investment Corporation Common Stock,Financial Services,Insurance - Specialty,United States,その他,30.989999771118164,6.356818432,47.10325015211105,0.004889333800324741,0.04556221009053746,-0.01507778493074178,,0.1767128359429612,0.09731747306945146,66.07138751727467,0.055705457706550554,0.009587764002279309,True,2,12,30,85,40,C,-20,0.0,5.75,25.75,25.75,Persistence
MTH,Meritage Homes Corporation Common Stock,Consumer Cyclical,Residential Construction,United States,その他,71.05999755859375,4.631270912,46.71981659484863,-0.08326749246316913,0.041601229925604555,-0.02549112009646001,0.1973550557407371,1.3612557271868682,0.2478946279509024,47.59639915298844,-0.04971545862944762,0.16576664353127574,True,12,25,30,85,100,S,0,31.75,41.5,57.75,57.75,Persistence
MTN,"Vail Resorts, Inc. Common Stock",Consumer Cyclical,Resorts & Casinos,United States,その他,141.92999267578125,5.057466368,67.82550489990234,0.02743527204958008,-0.0014442624743715225,0.14388941499149613,0.427801805928928,-0.15389664527228214,0.596107745308188,43.6566081515774,-0.030206887579174148,0.112992953263818,True,22,12,21,85,100,S,0,39.25,31.75,52.8,52.8,Persistence
MTZ,"MasTec, Inc. Common Stock",Industrials,Engineering & Construction,United States,その他,241.0,19.353491456,371.51837,0.16220691993734448,0.025636186394489998,0.22682423610953445,0.12537328212943255,-0.7062728085775671,0.28207377970486747,36.914815162877,-0.25848937296126284,0.44915546017083313,False,23,14,41,65,25,D,0,29.5,22.75,43.8,43.8,Persistence
MUR,Murphy Oil Corporation Common Stock,Energy,Oil & Gas E&P,United States,電力/エネルギー,35.630001068115234,5.107545088,65.22748665538788,-0.10890916909108135,-0.12475332385772202,-0.1827631310809594,0.2777702804436687,-0.7585809903682388,0.22391647968711512,52.325411173457496,0.009000944835522509,0.15051223792155877,True,30,0,25,85,100,S,0,45.25,22.75,55.0,55.0,Persistence
MUSA,Murphy USA Inc. Common Stock,Consumer Cyclical,Specialty Retail,United States,その他,503.19000244140625,9.248806912,149.0650063232422,-0.04249591242967156,-0.05969046977621299,-0.08174920349226523,0.1217189434585225,-0.03902439024390244,0.5804308265267256,32.046786031073836,-0.12069388350381384,0.19110326573218744,True,30,0,17,85,68,A,0,42.05,19.55,44.2,44.2,Persistence
MWA,MUELLER WATER PRODUCTS Common Stock,Industrials,Specialty Industrial Machinery,United States,その他,24.3799991607666,3.806343936,24.11096587002754,0.08747242716969651,0.030571450968095947,0.02268718935385602,0.36140449045254247,-0.1013584117032393,0.24558159769427376,28.092779704243057,-0.040846453167725644,0.19297777184012171,False,37,12,41,85,63,B,0,46.8,28.05,56.4,56.4,Persistence
MYE,"Myers Industries, Inc. Common Stock",Consumer Cyclical,Packaging & Containers,United States,その他,32.79999923706055,1.233872768,11.570035730876922,-0.012602223415335276,0.028551152611039434,-0.09613727798547492,0.33431023249392666,0.22514902382558288,0.444799317766154,47.13375254515679,0.019386974539433614,0.10724012687553777,True,9,24,26,100,100,S,-5,26.75,38.0,54.3,54.3,Persistence
NATL,NCR Atleos Corporation Common Stock,Technology,Software - Application,United States,ソフトウェア,46.2599983215332,3.418472192,30.440697995510103,0.011382113821138212,0.028428093645484948,0.015526443474041727,0.2436839687643546,-0.024390243902439025,0.5111150317572336,48.087387839036445,0.007145334777700129,0.038853162374452035,True,0,12,29,85,87,S,0,21.450000000000003,30.450000000000003,54.60000000000001,54.60000000000001,Persistence
NBHC,National Bank Holdings Corporation Common Stock,Financial Services,Banks - Regional,United States,その他,41.220001220703125,1.835920256,14.91916724182129,0.02526691809861646,-0.04443000340395954,0.2781903872308446,,0.09793750362532007,0.005518278005867951,32.87329669210209,-0.045611770034709676,0.11761553802331265,True,20,12,30,100,90,S,-25,14.0,8.0,34.5,34.5,Persistence
NCLH,Norwegian Cruise Line Holdings Ltd. Ordinary Shares,Consumer Cyclical,Travel Services,United States,その他,16.649999618530273,7.645477376,227.9026972784996,0.036703988364128595,0.10874096658636966,0.7651419558359621,0.4261907698243883,-2.3945648377402486,0.6479710821878374,30.846781868962864,-0.13503799440976244,0.3819599373251199,False,4,0,24,85,41,C,-10,9.850000000000001,6.850000000000001,32.650000000000006,32.650000000000006,Persistence
NE,Noble Corporation plc A Ordinary Shares,Energy,Oil & Gas Drilling,United States,電力/エネルギー,45.7599983215332,7.305227776,51.42966211357117,0.0744812150363429,0.18107251475269773,0.8311868257314972,0.19727456561544304,3.0,0.26239736236194294,62.893810753618624,0.0913478787138832,0.14924085847906732,True,12,12,46,85,65,A,0,28.25,28.25,59.55,59.55,Persistence
NEE,"NextEra Energy, Inc. Common Stock",Utilities,Utilities - Regulated Electric,United States,電力/エネルギー,81.83999633789062,170.71644672,857.4421428318786,0.10742132266795944,-0.11954897915629224,0.341572819240313,0.6226834962790019,-0.32343025705857564,0.44950428025441774,32.53134433361211,-0.05158579485322173,0.15141630994994615,False,35,2,37,25,70,A,0,37.0,12.25,40.6,40.6,Persistence
NET,"Cloudflare, Inc. Class A Common Stock",Technology,Software - Infrastructure,United States,ソフトウェア,299.8399963378906,106.766942208,1219.5766971046448,0.29845666035387564,0.2875515232370281,0.3296662055840556,0.745137889154528,0.5610460413983165,0.5828657697751719,46.37387944746791,0.09413804391600585,0.09367346217754548,True,48,17,89,25,85,S,0,48.25,25.0,72.2,72.2,Persistence
NEU,NewMarket Corp Common Stock,Basic Materials,Specialty Chemicals,United States,その他,914.6900024414062,8.41186048,113.49930895294189,-0.022030404534913683,0.03266320019240896,-0.024008978591210428,0.31462268945522276,0.06285679674131953,0.2796577775296245,51.985172113076786,0.09105644212061813,0.04909969780008334,True,6,12,30,85,72,A,0,24.45,28.95,52.15,52.15,Persistence
NFG,National Fuel Gas Company Common Stock,Energy,Oil & Gas Integrated,United States,電力/エネルギー,82.97000122070312,7.885891584,43.37837603820801,0.17108663571248606,-0.10532894219308289,-0.005615160888654676,0.46086590757312385,0.3895416589348673,0.3249257033750257,57.43857242260791,0.02983344491064022,0.12940015392943552,True,39,33,34,85,100,S,0,52.0,47.5,59.95,59.95,Persistence
NGVT,Ingevity Corporation Common Stock ,Basic Materials,Specialty Chemicals,United States,その他,69.43000030517578,2.386859008,15.770677419319153,-0.02708107657695192,-0.012669683257918552,-0.2714140142660193,0.395255224391915,3.0,0.7526497486524135,25.87188994312541,-0.05611897914100424,0.10838579868647441,True,16,30,24,100,63,B,-10,23.299999999999997,33.8,40.800000000000004,40.800000000000004,Persistence
NI,NiSource Inc Common Stock,Utilities,Utilities - Regulated Gas,United States,その他,40.56999969482422,19.455752192,251.97742820457458,0.21761287602427087,-0.009136484179169542,-0.05900249547055003,0.503989641986089,0.07858386535113175,0.45214968752352985,35.20782190850687,-0.09120041917238197,0.1678513985647384,False,49,29,10,65,70,A,0,53.5,38.5,35.75,53.5,Acceleration
NIC,Nicolet Bankshares Inc. Common Stock,Financial Services,Banks - Regional,United States,その他,171.74000549316406,3.599243264,25.217443706588746,0.1228270178765285,0.267180144243159,-0.07584270605165086,,0.2791491911324146,0.014682463688229216,45.45973353424349,0.018550286089737047,0.04066583960202024,True,10,26,38,85,87,S,-20,8.950000000000003,20.950000000000003,39.55000000000001,39.55000000000001,Persistence
NIQ,NIQ Global Intelligence plc Ordinary Shares,,,,その他,19.200000762939453,5.663153152,37.26393748073578,0.056839349544379,0.18893843713524677,0.19914585127763423,0.5564738948170732,1.1592526690391458,0.5695824757424287,90.69263577780796,0.5249230168436063,0.002078950553770528,True,23,43,50,85,10,D,0,31.0,46.0,50.75,50.75,Persistence
NJR,NewJersey Resources Corporation Common Stock,Utilities,Utilities - Regulated Gas,United States,その他,53.599998474121094,5.4386816,34.84294700809479,0.1335195061170395,-0.08479648944418577,-0.3244982155755427,0.3568236682950208,-0.6658027127689143,0.4971381258844602,49.42527412659315,-0.054420266426474705,0.10741050532701357,True,39,14,6,85,90,S,0,51.0,32.25,42.55,51.0,Acceleration
NKE,"Nike, Inc. Common Stock",Consumer Cyclical,Footwear & Accessories,United States,その他,39.599998474121094,58.746548224,1088.7067200496292,0.0019218726381480921,-0.09838012538452552,0.0028310912392369722,0.42913487650329757,-0.3317013463892289,0.2872429054933611,38.88395955407578,-0.05544268570921404,0.4741287227108933,False,22,0,25,40,45,C,0,27.0,10.5,32.75,32.75,Persistence
NMAX,"Newsmax, Inc. Class B Common Stock",Communication Services,Broadcasting,United States,その他,10.710000038146973,1.383310592,13.189311496977806,0.10664743342972464,0.2642037084663937,,0.39323877343194685,-1.1557441055695443,0.03900494472473373,67.32141479546507,0.22380420454362954,0.24524310395661944,True,9,2,14,100,50,B,-15,11.75,6.5,27.700000000000003,27.700000000000003,Persistence
NNI,"Nelnet, Inc. Common Stock",Financial Services,Credit Services,United States,その他,127.37000274658203,4.55722752,18.911261157798766,0.15865671987383273,0.20406403661123076,-0.3016560004326585,,-0.38200150470336625,0.5532598874712444,53.211921183779424,-0.03249131400471709,0.11465902688567099,False,5,14,17,85,90,S,-20,5.5,12.25,28.6,28.6,Persistence
NOC,Northrop Grumman Corporation Common Stock,Industrials,Aerospace & Defense,United States,防衛/宇宙,545.5700073242188,77.505323008,349.9940710986328,0.022445348865547242,0.04436243318910664,0.07343860991202666,0.19814558802497975,0.2617321632964517,0.3312571773361621,35.50152478341175,0.00685906722636794,0.28651450954023205,False,5,24,38,40,63,B,0,16.05,30.3,43.5,43.5,Persistence
NOG,"Northern Oil and Gas, Inc. Common Stock",Energy,Oil & Gas E&P,United States,電力/エネルギー,25.729999542236328,2.74150912,60.79587211837769,-0.03175119618109394,0.1346359665843213,-0.03967624098725046,0.3222820932489252,1.9501486333622708,0.4428225072212594,68.12296900621308,0.19412971355407704,0.13241655849150574,True,16,25,26,100,50,B,0,32.0,38.75,49.3,49.3,Persistence
NOV,NOV Inc. Common Stock,Energy,Oil & Gas Equipment & Services,United States,電力/エネルギー,20.989999771118164,7.48247552,67.47802156419755,-0.014205186020293123,0.03343819177443784,0.18598866933812352,0.2020814272644099,-0.080797481636936,0.20724470817465238,52.88269352476084,0.06906386046494055,0.028240768499007605,True,0,0,25,85,60,B,0,18.75,18.75,47.0,47.0,Persistence
NOW,"ServiceNow, Inc. Common Stock",Technology,Software - Application,United States,ソフトウェア,144.7100067138672,149.610184704,2640.552434509277,0.20884923525127458,0.22438970014491139,0.23823326432022085,0.7753426720891701,0.3431111111111111,0.09228819417774023,67.4550271339325,0.29116825793936424,0.24720381870592797,True,29,29,100,25,50,B,0,30.5,30.5,71.25,71.25,Persistence
NP,Neptune Insurance Holdings Inc. Class A Common Stock,Financial Services,Insurance Brokers,United States,その他,33.869998931884766,4.64808448,14.737852635231018,0.33740433700198663,0.4056674914575233,,0.5866713464660203,0.032025620496397116,3.675400848405029,70.96270987854876,0.06795561996399803,0.03531762053291461,True,24,32,28,85,37,C,-40,0.0,0.45000000000000284,4.050000000000004,4.050000000000004,Persistence
NPK,"National Presto Industries, Inc. Common Stock",Industrials,Aerospace & Defense,United States,防衛/宇宙,152.6199951171875,1.08910656,15.108616416625976,0.2969801250811379,0.13879241563805322,0.059973944649480915,0.15952566312628594,0.406614498745017,0.06603372283211079,73.27584667928836,0.15545578994631953,0.02665821334959121,True,44,17,37,100,10,D,-15,34.0,13.75,32.35,34.0,Acceleration
NPKI,NPK International Inc. Common Stock,Industrials,Building Products & Equipment,United States,その他,13.15999984741211,1.117414272,10.256377481079102,0.2738253428909048,0.04739270303590692,0.07593539662060282,0.36369805409268596,3.0,0.060528615214665044,44.08945891324397,-0.06731492890739123,0.19510706175108133,False,46,65,54,100,80,S,-5,52.5,66.75,65.7,66.75,Transition
NPO,Enpro Inc. Common Stock,Industrials,Specialty Industrial Machinery,United States,その他,298.9599914550781,6.32828928,52.33743090408325,0.09020692285687042,-0.010006608137449259,-0.036299126637554587,0.4263972710574652,0.1776923076923077,0.2508449117536613,29.645790022329223,-0.10604504689607389,0.2287888658269642,True,36,12,30,85,63,B,0,46.05,28.05,50.35,50.35,Persistence
NRG,"NRG Energy, Inc. Common Stock",Utilities,Utilities - Independent Power Producers,United States,電力/エネルギー,111.12000274658203,23.358588928,360.0777017001343,0.09182367579097049,-0.024043298754466917,-0.0862314935167866,0.19379415882525314,-0.5787444933920705,0.5704186684969115,40.9481759756909,-0.1450826230871633,0.39218635902346993,False,30,0,17,65,51,B,0,37.35,14.850000000000001,35.800000000000004,37.35,Acceleration
NSP,"Insperity, Inc. Common Stock",Industrials,Staffing & Employment Services,United States,その他,53.540000915527344,2.044974848,21.155795961761473,0.03510104847287646,0.014646931853222325,0.09210304765111972,0.13211978860833823,-1.6410788381742738,0.19745801180208805,58.34531714658637,0.10869981053615516,0.009068996387934175,True,18,0,22,100,45,C,-10,23.0,9.5,36.1,36.1,Persistence
NUE,Nucor Corporation Common Stock,Basic Materials,Steel,United States,その他,250.5,56.832356352,372.9206025,0.0572655690765927,-0.11465114939217606,-0.16375987666216998,0.11934510986643689,-1.2332506203473945,0.20285437556973565,28.943244234443227,0.013944344834274746,0.08822883852363962,True,30,0,10,40,73,A,0,35.8,13.3,30.1,35.8,Acceleration
NVR,"NVR, Inc. Common Stock",Consumer Cyclical,Residential Construction,United States,その他,6396.27001953125,17.130189824,207.0152791821289,-0.019132606969687972,0.10578854142927097,-0.09521452585225663,0.23094950659190888,-0.18467794090317785,0.1797687525717398,55.18101892171984,-0.006948240015045058,0.2512852605020192,False,0,0,25,65,73,A,0,17.05,17.05,44.6,44.6,Persistence
NWN,Northwest Natural Holding Company Common Stock,Utilities,Utilities - Regulated Gas,United States,その他,49.5,2.08363008,10.9847925,0.11827381582211183,-0.037145660660974134,0.15435632807732758,0.4019480937486185,-0.018808147621549778,0.43505986096087246,49.445327755375935,-0.008781573910329897,0.0956818537558591,True,33,21,6,100,100,S,0,49.75,40.75,48.3,49.75,Acceleration
NYT,New York Times Company (The) Common Stock,Communication Services,Publishing,United States,その他,68.16000366210938,10.993089536,160.31301021331788,0.09242323522121149,0.06585201586710149,0.051046193315401105,0.5080519151352357,0.4436105407524539,0.012210510862203004,70.48783528674,-0.035268964777486485,0.20366501344938212,False,46,24,50,65,55,B,0,49.75,33.25,54.75,54.75,Persistence
OBDC,Blue Owl Capital Corporation Common Stock,Financial Services,Asset Management,United States,その他,11.300000190734863,5.608251392,46.20123727983952,0.0659541870071348,-0.20613153831019002,0.5656756126021003,,,0.5411310652368898,40.60150322026436,0.023640272908998682,0.11223319682942916,True,18,12,10,85,100,S,-20,16.25,11.75,26.75,26.75,Persistence
OBK,"Origin Bancorp, Inc. Common Stock",Financial Services,Banks - Regional,United States,その他,53.25,1.642745344,9.9817125,0.10487641381347604,-0.0011065336556467264,0.07963425280666554,,0.7186755212069325,0.002309269097872412,53.27164218378747,0.014729297070575723,0.031072430056230997,True,32,14,30,100,87,S,-25,22.700000000000003,9.200000000000003,33.900000000000006,33.900000000000006,Persistence
OC,Owens Corning Inc Common Stock New,Industrials,Building Products & Equipment,United States,その他,143.1300048828125,11.314238464,119.2315879675293,0.025581159273170236,0.17666029622551363,-0.14230099375064031,0.28090666138770665,-0.22730923694779118,0.43952234206471497,27.724398487498277,-0.008433760421946298,0.0993581265294675,True,0,0,17,65,73,A,0,17.05,17.05,40.2,40.2,Persistence
OFG,OFG Bancorp Common Stock,Financial Services,Banks - Regional,United States,その他,52.43000030517578,2.215980032,11.497374766921997,0.029175202515213227,0.03248815495336184,0.1329668520901289,,-0.05432023796533942,0.03848549659275881,52.78247377318728,0.024561178482475157,0.028174243489683594,True,0,12,37,100,75,A,-20,2.5,11.5,40.35,40.35,Persistence
OGE,OGE Energy Corp Common Stock,Utilities,Utilities - Regulated Electric,United States,電力/エネルギー,45.7400016784668,9.449027584,60.58972192338943,0.09205105014571399,0.11629211382417828,-0.2077791272921172,0.45047697923376584,1.2973750449478605,0.3939459309001079,45.58234269925859,-0.04312079149352418,0.08428426466804535,False,20,37,34,85,90,S,0,36.75,49.5,57.95,57.95,Persistence
OGS,"ONE Gas, Inc. Common Stock",Utilities,Utilities - Regulated Gas,United States,その他,79.47000122070312,4.995188224,38.55208964218139,0.1650398021077407,-0.1215991635715159,-0.07991256805165234,0.35841145442830846,0.6164556659517137,0.38107375915556657,56.102842017357226,0.010674817662529888,0.10844996439805668,False,36,26,10,85,90,S,0,48.75,41.25,44.75,48.75,Acceleration
OI,"O-I Glass, Inc. Common Stock",Consumer Cyclical,Packaging & Containers,United States,その他,7.389999866485596,1.135545472,21.26320966583967,-0.01607717041800643,-0.08078817733990148,0.03631855309218203,0.17258014316837847,2.3125,0.540841718056908,56.19047388378101,-0.11107370652509466,0.5556223548152641,False,30,25,22,100,55,B,-5,38.0,34.25,43.1,43.1,Persistence
OII,"Oceaneering International, Inc. Common Stock",Energy,Oil & Gas Equipment & Services,United States,電力/エネルギー,50.59000015258789,5.03520512,43.494499681186674,0.04621854897167064,0.09751903942168659,0.1735757113457149,0.20417031229571905,1.1633048148379441,0.3273550250557315,47.68154520933442,0.1031111347887134,0.0650526782121358,True,12,24,46,85,57,B,0,27.45,36.45,57.949999999999996,57.949999999999996,Persistence
OKE,"ONEOK, Inc. Common Stock",Energy,Oil & Gas Midstream,United States,電力/エネルギー,94.76000213623047,59.73383168,342.4005799189377,0.5498663471287676,0.22747072467047577,-0.21038995845803368,0.25995420619108506,-0.14649459365190093,0.4924295853903753,64.23969848184015,0.05061355580670035,0.023797234633317087,True,48,22,25,40,40,C,0,46.0,26.5,31.75,46.0,Acceleration
OKLO,Oklo Inc. Class A common stock,Utilities,Utilities - Independent Power Producers,United States,電力/エネルギー,40.13999938964844,7.466748416,405.98498532676695,,,,,-1.978137421919364,0.0009486691480362221,41.96526976198794,-0.12194355274449517,0.7694958106676408,False,0,0,10,85,43,C,-10,7.050000000000001,7.050000000000001,25.35,25.35,Persistence
OLN,Olin Corporation Common Stock,Basic Materials,Chemicals,United States,その他,17.149999618530273,1.954799616,49.947144389019016,0.03680371859757496,-0.042865505634421194,-0.2712399479533286,0.07395882491741387,-0.19539110678351185,0.42855387807474954,29.04358221156197,-0.1428306785219771,0.420334561210026,False,30,0,17,100,16,D,-5,34.1,11.600000000000001,32.550000000000004,34.1,Acceleration
OMC,Omnicom Group Inc. Common Stock,Communication Services,Advertising Agencies,United States,その他,88.27999877929688,24.219260928,192.9986161312866,0.10088532803028855,0.06785232980765304,0.028210314155545136,0.08494143666880888,0.7505179232845753,0.19725150830740618,63.82329783988727,0.08282081237675439,0.007420774049834168,True,44,14,42,65,40,C,0,46.75,24.25,47.35,47.35,Persistence
OMF,"OneMain Holdings, Inc. Common Stock",Financial Services,Credit Services,United States,その他,62.84000015258789,7.229206016,53.31125672945023,0.09543751377562266,0.060046728971962615,0.01929030721600381,,,0.8286110705418431,48.48197391527168,0.029299104160635882,0.07083374884990278,True,30,12,12,85,87,S,-40,3.950000000000003,0.0,5.25,5.25,Persistence
ONTO,Onto Innovation Inc. Common Stock,Technology,Semiconductor Equipment & Materials,United States,半導体,270.7900085449219,16.551615488,296.0438847418213,0.01817240796053158,0.2101479651120034,-0.18833883979335106,0.4971534812282955,0.40243155122489743,0.007380452507263252,44.016995494652235,-0.10118420612478038,0.28447615322896047,True,13,12,38,65,73,A,0,26.8,26.05,51.75000000000001,51.75000000000001,Persistence
OPLN,"OPENLANE, Inc. Common Stock",Consumer Cyclical,Auto & Truck Dealerships,United States,その他,35.09000015258789,4.283431424,57.999910352210996,0.08163265306122448,0.05472666155569971,0.10888046037143605,0.4047040578960972,0.4032527105921601,0.1245898863323667,37.44238395927236,-0.08612651196908282,0.18205130758747706,True,30,24,46,85,80,S,0,43.25,38.75,62.55,62.55,Persistence
OPY,"Oppenheimer Holdings, Inc. Class A Common Stock (DE)",Financial Services,Capital Markets,United States,その他,119.01000213623047,1.27435968,14.570394561538697,0.14350825412426982,0.14707505054751466,0.12411460194555786,0.36245010136923245,2.619885982562039,0.16883313655248006,66.28136182299536,0.05849753456579385,0.008249982198079427,True,24,46,64,100,40,C,-25,12.0,28.5,43.2,43.2,Persistence
ORA,"Ormat Technologies, Inc. Common Stock",Utilities,Utilities - Renewable,United States,その他,103.04000091552734,6.336644608,77.853933491745,0.12492298108119783,0.060560099538957156,0.1297607194081936,0.2755665999355258,-2.708685626441199,0.45736850092883896,31.494915614109885,-0.05026644826603357,0.2890912813839962,False,23,14,22,85,53,B,0,35.3,28.55,43.95,43.95,Persistence
ORCL,Oracle Corporation Common Stock,Technology,Software - Infrastructure,United States,ソフトウェア,150.85000610351562,434.51908096,3788.2954490275574,0.17348734298506943,0.08379751137629576,0.06019537974936942,0.658224089552682,-59.11675126903553,0.5966900851546652,49.8058282631207,0.06682495822509447,0.5353170747757339,False,47,14,34,10,50,B,0,41.75,17.0,31.200000000000003,41.75,Acceleration
ORI,Old Republic International Corporation Common Stock,Financial Services,Insurance - Property & Casualty,United States,その他,42.06999969482422,10.157083648,42.77025483974457,0.10986928422177948,0.13412601093950208,-0.10209812702575649,,,0.053236981250858094,43.288555379754946,0.0024590811843293245,0.056514923730436845,True,5,14,10,65,87,S,-20,2.200000000000003,8.950000000000003,19.150000000000006,19.150000000000006,Persistence
OSK,Oshkosh Corporation (Holding Company)Common Stock,Industrials,Farm & Heavy Construction Machinery,United States,その他,153.9600067138672,9.505452032,94.53760252258301,-0.02869471212092971,0.11102827736878618,0.16613136923448443,0.17452961438454084,1.183346065699007,0.10929867757436162,48.47225915033511,0.03421189207284949,0.12771552485428891,True,12,12,30,85,100,S,-20,11.75,11.75,37.75,37.75,Persistence
OTF,Blue Owl Technology Finance Corp. Common Stock,Financial Services,Asset Management,United States,その他,11.380000114440918,5.214149632,35.6299837583065,1.2048944717931307,-0.09810465721546893,3.0,,,0.4273323343081429,49.72676969129092,0.07690594820885586,0.16838508592584137,False,43,22,10,85,75,A,-30,22.5,6.75,11.75,22.5,Acceleration
OTIS,Otis Worldwide Corporation Common Stock ,Industrials,Specialty Industrial Machinery,United States,その他,71.73999786376953,27.309217792,218.31952019901274,0.01192062267723161,0.0036596523330283625,0.03829009864815491,0.30282031737232346,0.0048712595685455815,0.79892987890735,46.502364660547826,-0.0060522654735474255,0.22439496801850675,False,24,12,36,65,90,S,-10,26.75,17.75,44.05,44.05,Persistence
OVV,Ovintiv Inc. (DE),Energy,Oil & Gas E&P,United States,電力/エネルギー,64.58999633789062,17.865592832,215.25326769561767,,,,,0.0613540197461213,0.3150564001961746,55.3926442245279,0.08914491906454122,0.03337329193532347,True,2,24,26,65,72,A,0,18.45,34.95,44.95,44.95,Persistence
OWL,Blue Owl Capital Inc. Class A Common Stock,Financial Services,Asset Management,United States,その他,12.020000457763672,18.837221376,232.4502212525177,0.25038957893237296,0.3256042938124564,0.26420397715740856,0.544613609330153,0.2810829534471994,0.309806777265128,58.03807560849138,0.18356348586949564,0.32023803321544714,True,22,17,89,65,53,B,-20,11.55,7.800000000000001,55.80000000000001,55.80000000000001,Persistence
OXY,Occidental Petroleum Corporation Common Stock,Energy,Oil & Gas E&P,United States,電力/エネルギー,59.099998474121094,59.078565888,468.780005896759,-0.019346927653390255,-0.04910174468820176,-0.3679095921821259,0.3493261705182235,-0.20691653786707884,0.27737391015133156,52.3609496636021,0.07003958666660158,0.10366880726418493,True,34,0,25,40,85,S,0,40.0,14.5,40.75,40.75,Persistence
P,"Everpure, Inc. Class A common stock",Technology,Computer Hardware,United States,その他,93.4000015258789,31.046621184,337.8805765199661,0.15614059120676835,0.11924697795996002,0.028032994435312413,0.7038120388998382,0.1686750646742751,0.04636349847109456,46.30645013624621,0.09124389066544558,0.20954638937752768,True,49,26,62,40,85,S,0,51.25,34.0,61.1,61.1,Persistence
PAG,"Penske Automotive Group, Inc. Common Stock",Consumer Cyclical,Auto & Truck Dealerships,United States,その他,217.00999450683594,14.249499648,69.91845013015747,-0.0017668398985714645,0.030672941633108533,0.11151257603865568,0.1640127638838675,-0.237218574108818,0.49559317410798004,55.76065765531583,0.0682928434032534,0.02233920907319714,True,0,0,17,65,60,B,0,15.75,15.75,37.6,37.6,Persistence
PARR,"Par Pacific Holdings, Inc.  Common Stock",Energy,Oil & Gas Refining & Marketing,United States,電力/エネルギー,78.8499984741211,3.950355712,81.15202417957306,-0.06392999548433204,-0.03128029732912777,0.12430985067165999,0.16216473645783794,3.0,0.32002595933055605,58.86857671659007,0.10520544995947773,0.08345926312977757,True,18,74,26,85,70,A,0,33.25,75.25,49.55,75.25,Transition
PATH,"UiPath, Inc. Class A Common Stock",Technology,Software - Infrastructure,United States,ソフトウェア,18.149999618530273,9.403882496,1221.3592123299409,0.12653882310808692,0.09295512785228947,0.23568437370404344,0.8317467334586718,0.15219766916850433,0.025555485656769,71.19204534689109,0.380543061864253,0.05909804265895263,True,50,71,72,85,22,D,0,52.45,68.2,65.25,68.2,Transition
PAY,"Paymentus Holdings, Inc. Class A Common Stock",Technology,Software - Infrastructure,United States,ソフトウェア,35.9900016784668,4.532568064,47.49708491512298,0.37254242926543885,0.41864798450747776,0.2363959026239384,0.24767260032745317,3.0,0.01026224574589937,40.909090909090914,0.10937129751492151,0.19304926211264783,True,26,32,85,85,70,A,0,39.25,43.75,82.0,82.0,Persistence
PAYC,"Paycom Software, Inc. Common Stock",Technology,Software - Application,United States,ソフトウェア,238.52999877929688,10.750932992,218.01164828430177,0.08947536108751063,0.11188522170396174,0.23160267597440373,0.8316518009455574,0.19875222816399288,0.011883611670417309,76.15582537117086,0.3978654188323871,0.0,True,17,12,65,65,10,D,0,23.5,19.75,54.0,54.0,Persistence
PB,"Prosperity Bancshares, Inc. Common Stock",Financial Services,Banks - Regional,United States,その他,72.30000305175781,8.688780288,60.42183555038452,0.04906096397916514,0.07197264747296205,-0.04034385354598969,,0.14489961333528215,0.05069751328697327,41.24585135787754,-0.011890083375194982,0.03920261725238788,True,2,24,30,85,87,S,-20,2.950000000000003,19.450000000000003,35.150000000000006,35.150000000000006,Persistence
PBF,PBF Energy Inc. Class A Common Stock,Energy,Oil & Gas Refining & Marketing,United States,電力/エネルギー,71.27999877929688,8.449306624,202.1425921382141,-0.11423722569325961,-0.13593025925771302,-0.1816238631825976,-0.0194665948459548,-1.2538129496402877,0.2237882011382576,57.01666086531135,0.1825891970914323,0.05212763734077443,True,30,18,10,85,57,B,-10,30.950000000000003,21.95,28.15,30.950000000000003,Acceleration
PBI,Pitney Bowes Inc. Common Stock,Industrials,Integrated Freight & Logistics,United States,その他,17.209999084472656,2.359322368,26.895270269241333,-0.06610536475413477,-0.025170220185913392,-0.1626971548800326,0.5409734290238605,1.0219752881665147,0.6693669293087838,54.31654750298281,-0.009273061126482511,0.06486422958479456,True,26,54,28,100,87,S,-10,33.2,54.2,47.80000000000001,54.2,Transition
PBT,Permian Basin Royalty Trust Common Stock,Energy,Oil & Gas Midstream,United States,電力/エネルギー,33.81999969482422,1.576309504,5.025651954650879,-0.4051790460358992,-0.06813305191197193,-0.46578670731521926,,,,62.62425251311065,0.14844733416913053,0.026762598710094423,True,0,0,0,100,25,D,-5,12.5,12.5,25.0,25.0,Persistence
PCG,Pacific Gas & Electric Co. Common Stock,Utilities,Utilities - Regulated Electric,United States,電力/エネルギー,16.600000381469727,36.559294464,494.0268843527889,0.02113108644907654,-0.000368429670869494,0.12675276752767528,0.39582915580509326,-0.3157669237360754,0.4331231330899436,45.435677012125126,-0.0452809704680884,0.12631910222446197,False,22,12,6,40,90,S,0,31.5,24.0,31.3,31.5,Acceleration
PCOR,"Procore Technologies, Inc. Common Stock",Technology,Software - Application,United States,ソフトウェア,63.720001220703125,9.682594816,230.79734902145387,0.14830234747001844,0.2123114493531647,0.3190864242442756,0.7952134919308678,0.6980941176470589,0.03234028489570424,63.325305005672405,0.268387857068688,0.19949745675661973,True,32,32,92,85,50,B,0,41.75,41.75,81.85,81.85,Persistence
PD,"PagerDuty, Inc. Common Stock",Technology,Software - Application,United States,ソフトウェア,13.829999923706055,1.087727744,18.120549950037002,0.05357658519055656,0.08544250160785143,0.16156184178234217,0.8494719274950969,-0.0528621764716734,0.4172849477292116,72.72726060173044,0.298908653850064,0.1945253429089566,True,25,57,52,100,35,C,-5,32.25,56.25,55.6,56.25,Transition
PEG,Public Service Enterprise Group Incorporated Common Stock,Utilities,Utilities - Regulated Electric,United States,電力/エネルギー,73.19000244140625,36.47936512,182.79898414764403,0.1825072886297376,-0.08427516240989588,0.1466326530612245,0.3482084155161078,1.020850040096231,0.4203487564262887,41.06913008966281,-0.06213797276916429,0.14411069114875505,False,39,39,26,40,80,S,0,43.25,43.25,40.3,43.25,Acceleration
PFGC,Performance Food Group Company Common Stock,Consumer Defensive,Food Distribution,United States,その他,100.8499984741211,15.84075776,175.95904333770753,0.08609465831177121,0.017928659131914063,0.12497715845255147,0.11716791287052382,-0.08248631743549648,0.4471623828378409,22.70041327501943,-0.082165542147614,0.13544794552148007,True,18,0,29,65,63,B,-20,9.55,0.0,24.800000000000004,24.800000000000004,Persistence
PFS,"Provident Financial Services, Inc Common Stock",Financial Services,Banks - Regional,United States,その他,23.510000228881836,3.066235648,18.683162081890107,0.2528676732011279,0.4495131268999735,-0.051565180739342346,,0.013294155841100608,0.09701605759003647,36.216525482375985,-0.01145455758661033,0.06100505888215212,True,11,29,45,85,77,A,-20,8.7,22.200000000000003,41.4,41.4,Persistence
PFSI,"PennyMac Financial Services, Inc. Common Stock",Financial Services,Mortgage Finance,United States,その他,73.37999725341797,3.812206336,40.37587588874817,0.5528853551652252,0.07629970858577323,0.1392563249084503,0.5925503376050335,0.6261137686601321,0.7846472838580857,42.24800624231995,-0.08333233356406368,0.5348977681235391,False,53,34,35,85,55,B,-40,18.0,3.75,11.5,18.0,Acceleration
PG,Procter & Gamble Company (The) Common Stock,Consumer Defensive,Household & Personal Products,United States,その他,143.77999877929688,334.206992384,1292.6871484249878,0.03260405296378909,0.0029153131284284676,0.024790868960807746,0.5017694641051568,0.078538877812589,0.27683941796223555,40.92770306840418,-0.018788548910734858,0.12712871294466083,False,28,24,46,10,90,S,0,31.5,28.5,45.8,45.8,Persistence
PGR,Progressive Corporation (The) Common Stock,Financial Services,Insurance - Property & Casualty,United States,その他,218.63999938964844,127.051710464,493.1392390233612,0.16317375204066734,0.2135850393827618,0.2520015326597697,,0.15949844950788727,0.056055397069221954,55.22620878309951,0.0088953379396505,0.06755372153919849,True,7,26,85,25,87,S,-20,0.0,11.950000000000003,50.400000000000006,50.400000000000006,Persistence
PH,Parker-Hannifin Corporation Common Stock,Industrials,Specialty Industrial Machinery,United States,その他,995.02001953125,125.419757568,683.2702972119141,0.08307304785894207,-0.004014049172102358,0.045371098872279046,0.37685473742964787,0.16881173301406766,0.2759335427664605,29.820024528429656,0.0037143915895453887,0.0734259975085093,True,24,24,30,25,60,B,0,27.75,27.75,34.75,34.75,Persistence
PHIN,PHINIA Inc. Common Stock,Consumer Cyclical,Auto Parts,United States,その他,68.6500015258789,2.515204864,23.330359768562317,0.023508668821627974,-0.027714285714285716,0.04540023894862605,0.21877691645133507,-0.07389162561576355,0.26722556981922974,29.425854641184245,-0.10893219986877932,0.1938703784201026,False,18,12,21,100,53,B,0,33.8,29.3,47.15,47.15,Persistence
PHM,"PulteGroup, Inc. Common Stock",Consumer Cyclical,Residential Construction,United States,その他,128.5500030517578,24.487020544,159.13461977783203,-0.03538188940182037,0.11738398306816429,0.003661755726855606,0.26412987604575866,0.11924091486056321,0.1272509515097247,47.346070237996244,-0.00628154540249652,0.09443453626044211,True,2,12,30,65,100,S,0,21.25,28.75,52.75,52.75,Persistence
PII,Polaris Inc. Common Stock,Consumer Cyclical,Recreational Vehicles,United States,その他,63.779998779296875,3.629306624,50.78546182800293,-0.0032611422359729073,-0.1968794770773639,0.04021422750029107,0.19137304250559284,3.0,0.3401720579520608,17.267749402155246,-0.0736598885712543,0.1461847204158725,False,30,25,26,85,53,B,0,40.55,36.8,46.15,46.15,Persistence
PINS,"Pinterest, Inc. Class A Common Stock",Communication Services,Internet Content & Information,United States,その他,23.190000534057617,13.132798976,250.16352216117858,0.15786472694880047,0.19347995513033903,0.09009467725027065,0.8006709039129825,0.3318138103890688,0.0477078846611844,39.539010330113165,0.018857004824162055,0.3889328045362228,True,28,14,65,65,73,A,0,38.05,27.55,66.6,66.6,Persistence
PIPR,Piper Sandler Companies Common Stock,Financial Services,Capital Markets,United States,その他,75.61000061035156,5.34338048,34.81953943107605,0.24444983589581637,0.1352363352684939,-0.05370859630206926,,0.8537330776438505,0.04487731838438414,53.46663217505243,0.004247849089918068,0.18049380306753945,False,48,29,38,85,90,S,-20,37.75,23.5,40.150000000000006,40.150000000000006,Persistence
PJT,PJT Partners Inc. Class A Common Stock,Financial Services,Capital Markets,United States,その他,182.8000030517578,7.786768896,75.63624326271056,0.1476676911042696,0.294832038654783,0.12450158702297892,0.32428511657138387,-0.08948132481256586,0.22455879560558795,63.72547797419846,0.09848904645961888,0.04188519863038952,True,9,14,66,85,52,B,-20,4.699999999999999,8.45,47.95,47.95,Persistence
PKG,Packaging Corporation of America Common Stock,Consumer Cyclical,Packaging & Containers,United States,その他,240.38999938964844,21.418338304,116.9653600530243,0.07228656972791145,0.07445145083564031,-0.07968860580325549,0.21020546649906,0.39712368168744006,0.4069647102699175,28.347378094038618,-0.008395166410847688,0.0661927272304814,True,5,12,22,65,60,B,0,19.5,24.75,40.35,40.35,Persistence
PL,Planet Labs PBC Class A Common Stock,Industrials,Aerospace & Defense,United States,防衛/宇宙,19.979999542236328,7.120922112,99.68681111606598,0.2593594486642221,0.10718816834016022,0.1539298113523236,0.5605130521533697,1.747535549158161,0.4036708138180968,26.576576447572705,-0.18176458977706153,0.6112840671380761,False,57,52,67,85,16,D,0,57.1,53.35,61.300000000000004,61.300000000000004,Persistence
PLNT,"Planet Fitness, Inc. Common Stock",Consumer Cyclical,Leisure,United States,その他,53.33000183105469,4.04503936,114.71923353881836,0.1205852136073673,0.10298265887320947,0.14363580465684286,0.5193626977126354,0.3492309810817109,0.9349032269498404,64.95551088976654,0.011098799937261046,0.523711697332785,False,39,26,58,85,45,C,-20,26.5,16.75,42.150000000000006,42.150000000000006,Persistence
PM,Philip Morris International Inc Common Stock,Consumer Defensive,Tobacco,United States,その他,191.88999938964844,299.082317824,866.4620221440125,0.07312952109403875,0.076874964462387,0.10742396574523015,0.6711769336744735,-0.010117887310869766,0.705861097058611,59.34623089807902,0.026432959186799873,0.041364834166149514,True,12,12,39,25,87,S,-10,11.450000000000003,11.450000000000003,35.10000000000001,35.10000000000001,Persistence
PNC,"PNC Financial Services Group, Inc. (The) Common Stock",Financial Services,Banks - Regional,United States,その他,242.22000122070312,96.63213568,351.2819789703369,0.10899130184054977,-0.03254451624901204,0.01870796627829876,,,0.099553325476139,32.054210542329315,-0.02440500525570608,0.05739969618995218,True,23,14,10,40,77,A,-20,10.95,4.199999999999999,10.899999999999999,10.95,Acceleration
PNFP,"Pinnacle Financial Partners, Inc. Common stock",Financial Services,Banks - Regional,United States,その他,101.08999633789062,15.275976704,91.71137192764282,0.1775920255682453,0.09966321837169444,0.060350959489580365,,-0.17603193891669794,0.03821146804131622,37.0895360078708,-0.0061334408469906005,0.06844765437377752,True,35,14,45,65,77,A,-20,23.700000000000003,7.949999999999999,36.4,36.4,Persistence
PNW,Pinnacle West Capital Corporation Common Stock,Utilities,Utilities - Regulated Electric,United States,電力/エネルギー,97.63999938964844,11.83369728,104.85461894454956,0.041956598304557245,0.09133833518846182,0.08593268175705909,0.41600737386700487,-0.28176241687155523,0.47615286818394187,40.99658967293866,-0.05206468711695046,0.09913310918662677,True,4,12,18,65,90,S,0,21.75,27.75,44.15,44.15,Persistence
POR,Portland General Electric Co Common Stock,Utilities,Utilities - Regulated Electric,United States,電力/エネルギー,49.599998474121094,5.833344,52.45299038635254,0.03953488372093023,0.17687307560725282,0.10426898375519456,0.479586129753915,0.8551020408163266,0.3743008314436886,64.08317348601756,-0.026338902231783753,0.0754265551244106,False,17,12,34,85,57,B,0,31.2,27.45,51.35,51.35,Persistence
POST,"Post Holdings, Inc. Common Stock",Consumer Defensive,Packaged Foods,United States,その他,85.3499984741211,3.868282368,91.68467536087036,0.02971209309957464,0.13327134887712774,0.1947976483456385,0.2867579460903887,-0.028076463560334528,0.5692321338813163,74.51610786155524,-0.01252309990377018,0.25530060187075604,False,0,0,37,85,38,C,-20,0.0,0.0,29.200000000000003,29.200000000000003,Persistence
PPG,"PPG Industries, Inc. Common Stock",Basic Materials,Specialty Chemicals,United States,その他,114.22000122070312,25.391106048,147.57281267715453,0.0018933417481855476,-0.024442802610515946,0.04022031510183169,0.41316535433070867,0.6638054363376252,0.357317404289981,44.45421252309472,-0.016329850241006225,0.11565409919790635,True,31,24,30,65,100,S,0,43.0,37.75,52.75,52.75,Persistence
PPL,PPL Corporation Common Stock,Utilities,Utilities - Regulated Electric,United States,電力/エネルギー,34.20000076293945,25.737033728,272.3835120763779,0.0685417159064051,0.018046198267564966,0.051885598582637305,0.42733908427339085,-2.0129032258064514,0.4276810184775882,40.661918280624924,-0.04213484426359882,0.1340157859383944,False,25,12,18,65,90,S,0,37.5,27.75,44.15,44.15,Persistence
PR,Permian Resources Corporation Class A Common Stock,Energy,Oil & Gas E&P,United States,電力/エネルギー,22.700000762939453,19.01254656,223.1950335015106,0.012893507233138176,0.6023407402945247,0.46433831550745686,0.4105420287526028,0.9132592816344464,0.20545768146097196,63.63637650429313,0.10510689125809845,0.0490155021013196,True,13,12,54,65,37,C,0,23.2,22.45,53.35,53.35,Persistence
PRG,"PROG Holdings, Inc. Common Stock",Industrials,Rental & Leasing Services,United States,その他,39.099998474121094,1.557416704,19.897793723487855,0.00422745209519812,0.02553228415390245,-0.0994962711128459,,1.4953728236911428,0.3738953110019324,34.10309574053966,-0.0895146548324609,0.17462083666812178,True,12,12,26,100,80,S,-5,27.0,27.0,50.3,50.3,Persistence
PRI,"Primerica, Inc. Common Stock",Financial Services,Insurance - Life,United States,その他,290.3900146484375,8.937435136,54.3885977935791,0.06557482123682846,0.12393492175934062,0.03426441353010836,,0.05074802487813078,0.12123356418348218,24.33702041336747,-0.043136489080689525,0.10675328498508173,True,2,24,42,85,73,A,-20,1.5500000000000007,18.049999999999997,38.95,38.95,Persistence
PRIM,Primoris Services Corporation Common Stock,Industrials,Engineering & Construction,United States,その他,73.12000274658203,3.967121152,84.1786719619751,0.18974995288056795,0.11399226637271884,0.292879087200626,0.10734135104093784,-0.10817181770560502,0.21573120377512592,32.91536221525148,-0.1488125572881619,0.6393642309565652,False,23,14,62,85,33,D,0,33.3,26.55,61.95,61.95,Persistence
PRK,Park National Corporation Common Stock,Financial Services,Banks - Regional,United States,その他,198.1199951171875,3.578871296,16.924400582885742,0.07027373815565292,0.1177892718578971,-0.03570851811823749,,0.1313293843750921,0.001740232266902655,45.93317978975456,0.02547351225164457,0.0628339071289772,True,2,24,30,85,87,S,-20,2.950000000000003,19.450000000000003,35.150000000000006,35.150000000000006,Persistence
PRLB,"Proto Labs, Inc. Common stock",Industrials,Metal Fabrication,United States,その他,79.73999786376953,1.907531904,15.722734078788758,0.06435944019645032,-0.005928034024176535,0.031693413977944215,0.4448039585314569,-0.1310515584037285,0.003991276042519468,28.911549289561194,-0.010028859600370092,0.13626518492893763,True,22,12,29,100,73,A,-5,33.8,26.3,50.550000000000004,50.550000000000004,Persistence
PRM,"Perimeter Solutions, SA Common Stock",Basic Materials,Specialty Chemicals,United States,その他,30.6200008392334,5.012093952,40.94843332231522,0.16381326564082085,0.7415525227563426,-0.10650892498023606,0.5746237336527474,0.1184505111161249,0.26652473966333295,28.695657942829726,-0.09531938937289103,0.18951821523051757,True,15,14,42,85,63,B,0,30.3,29.55,56.95,56.95,Persistence
PRMB,Primo Brands Corporation Class A Common Stock,Consumer Defensive,Beverages - Non-Alcoholic,United States,その他,23.0,8.32470528,108.482145,0.29335274138767586,0.09657990508012855,0.058003647744928055,0.30315126050420166,-0.09893733968486625,0.5399705738106915,46.249632635060316,-0.031703269183469406,0.08940523674389733,True,43,40,41,85,100,S,-20,35.0,32.75,43.8,43.8,Persistence
PRSU,"Pursuit Attractions and Hospitality, Inc. Common Stock",Consumer Cyclical,Travel Services,United States,その他,49.77000045776367,1.366149888,10.440252996025086,0.23446606710178777,0.04625661960974635,0.1702419093499751,0.9234710455177414,3.0,0.20221249708677524,80.65015205645281,-0.0284230600800788,0.11077363994492986,True,60,31,72,100,65,A,-5,61.5,39.75,72.6,72.6,Persistence
PRU,"Prudential Financial, Inc. Common Stock",Financial Services,Insurance - Life,United States,その他,119.79000091552734,41.327550464,213.45919318141938,-0.13736116024053768,0.30240486501428177,-0.047748569824167336,,,0.029671465867087136,45.954609966883666,0.027425866328914937,0.03162375049787657,True,0,12,10,40,87,S,-20,0.0,3.700000000000003,12.900000000000006,12.900000000000006,Persistence
PSN,Parsons Corporation Common Stock,Technology,Information Technology Services,United States,その他,49.0,5.23346432,57.77737,-0.057229338651990584,0.24028795007816822,0.2973530679298029,0.22493382954301727,-0.13486919073426462,0.2396125926287981,60.846563440069,-0.04372331082108755,0.451226346762429,False,0,12,40,85,45,C,0,17.25,26.25,52.25,52.25,Persistence
PSX,Phillips 66 Common Stock,Energy,Oil & Gas Refining & Marketing,United States,電力/エネルギー,244.00999450683594,97.832148992,670.3088754599762,-0.07528308872325414,-0.028806165577785467,-0.1328960527089829,0.09844684837130598,0.1702401372212693,0.26758957654723126,77.74773595486029,0.18992615205973215,0.0,True,2,24,26,40,10,D,0,8.5,25.0,26.3,26.3,Persistence
PUMP,ProPetro Holding Corp. Common Stock,Energy,Oil & Gas Equipment & Services,United States,電力/エネルギー,10.979999542236328,1.348606592,30.153604142875672,-0.12125576236285611,-0.11415181191843224,0.27404682812625764,0.09934696862014028,-0.5956088501580385,0.16517673852923176,42.791760515569,-0.11039816917278368,0.3967033471451918,False,0,35,25,100,63,B,-5,16.3,42.55,46.35,46.35,Persistence
PWR,"Quanta Services, Inc. Common Stock",Industrials,Engineering & Construction,United States,その他,602.7000122070312,90.611965952,646.1757775875855,0.20305595515865363,0.13363477977374613,0.22304818060639092,0.1501097782044521,0.09728268154609178,0.2575111121916038,37.225446978579505,-0.08955890301879033,0.23234668700135197,True,29,29,63,40,80,S,0,35.75,35.75,60.650000000000006,60.650000000000006,Persistence
PXED,"Phoenix Education Partners, Inc. Common Stock",Consumer Defensive,Education & Training Services,United States,その他,29.329999923706055,1.057269504,3.2283530916023255,0.06018536549422904,0.13740878424893294,,0.5671212638702452,-0.5383477784808777,0.14851224364922747,65.49587949330694,-0.02567369453966004,0.21448686226534397,False,8,12,33,100,70,A,-5,23.0,26.0,52.150000000000006,52.150000000000006,Persistence
QSR,Restaurant Brands International Inc. Common Shares,Consumer Cyclical,Restaurants,United States,その他,78.26000213623047,35.851767808,192.4084760520935,0.12229359980965977,0.19709484477356878,0.07947732513451192,0.3384566461734153,0.11290322580645161,0.6130782744485653,68.54395467638227,0.04383255897134296,0.040578614330971687,True,11,14,44,40,67,A,-30,0.0,0.0,17.6,17.6,Persistence
QTWO,"Q2 Holdings, Inc. Common Stock",Technology,Software - Application,United States,ソフトウェア,65.12999725341797,4.061161216,46.40968214286804,0.14120614992303981,0.11501319193626885,0.10421391864204231,0.5406116438037315,0.6245127436281859,0.271744300022644,56.61586221094979,0.14582375191072935,0.22685186484994574,True,62,63,64,85,70,A,0,66.25,67.0,70.45,70.45,Persistence
QXO,"QXO, Inc. Common Stock",Industrials,Industrial Distribution,United States,その他,13.520000457763672,14.02687488,223.71423077457428,3.0,0.04371113597593411,0.21188541779759226,0.2298529712665517,1.1629279811097992,0.2463917720443373,33.029201748565185,-0.09481659104042084,0.500554096409957,False,65,52,50,65,45,C,0,63.0,53.25,52.75,63.0,Acceleration
R,"Ryder System, Inc. Common Stock",Industrials,Rental & Leasing Services,United States,その他,245.86000061035156,9.427960832,66.00357576385498,-0.0016525023607176581,0.0608564988730278,-0.038680683733247734,0.20320012611334437,2.098086124401914,0.5296881674498077,32.83217188373139,-0.058457536129446194,0.1194321823660194,True,12,37,22,85,80,S,0,29.75,48.5,49.35,49.35,Persistence
RAL,Ralliant Corporation Common Stock,Technology,Electronic Components,United States,半導体,61.709999084472656,6.827594752,78.69444213249207,-0.039866338701443356,-0.0004638864405993413,0.03158348088242331,0.5028518948182521,-0.14707282246549264,0.32002302700439605,31.065086865251644,-0.09740323997707644,0.161890514920425,True,8,0,29,85,80,S,0,26.75,20.75,53.2,53.2,Persistence
RAMP,"LiveRamp Holdings, Inc. Common Stock",Technology,Software - Infrastructure,United States,ソフトウェア,37.7400016784668,2.294402816,34.30339712562561,0.09034577107755036,0.13024720272988702,0.10573214456328793,0.70709154427141,0.08371978707853904,0.022844634080191505,49.65040561485129,0.0003870514111972498,0.007103305840280696,True,20,61,62,100,75,A,0,37.5,68.25,74.1,74.1,Persistence
RBA,"RB Global, Inc. Common Stock",Industrials,Specialty Business Services,United States,その他,86.05999755859375,15.938311168,200.59423620941163,0.07154194482050324,0.1643113381889336,1.1222747721767217,0.4637201298276951,-0.07998778812395055,0.34493123610310467,33.61055935441591,-0.1633050102754758,0.27266645087492375,False,8,12,49,65,41,C,0,19.85,22.85,51.400000000000006,51.400000000000006,Persistence
RBC,RBC Bearings Incorporated Common Stock,Industrials,Tools & Accessories,United States,その他,500.6199951171875,15.849250816,122.06116720947266,0.14337224225386544,0.04870858168300968,0.06193425440686041,0.4437436527874285,0.4052502050861362,0.19353075526577782,25.239307367643292,-0.13043841573761392,0.22849792134893815,False,32,26,46,65,41,C,0,37.85,33.35,49.75,49.75,Persistence
RBLX,Roblox Corporation Class A Common Stock,Communication Services,Electronic Gaming & Multimedia,United States,その他,38.529998779296875,27.52490496,511.6192402409363,0.3577400090339227,0.2867547085422863,0.2580712720421815,0.7807406568298746,1.1095898955247154,0.18862422751293853,57.889128877888524,-0.16154558010568618,0.7278185967518914,False,74,27,100,65,43,C,0,69.55,34.3,79.85,79.85,Persistence
RBRK,"Rubrik, Inc. Class A Common Stock",Technology,Software - Infrastructure,United States,ソフトウェア,93.05000305175781,19.152347136,355.51754240989686,0.48463133245501633,0.4119370847215763,0.04680245207304203,0.8010341964046251,3.0,0.4133074718709607,45.61846132682189,0.09886610100705297,0.13053629255756177,True,81,68,64,65,85,S,0,79.0,69.25,68.45,79.0,Acceleration
RCL,Royal Caribbean Cruises Ltd. Common Stock,Consumer Cyclical,Travel Services,United States,その他,279.4100036621094,74.728783872,415.0915014404297,0.08789808917197452,0.18597122302158273,0.5723981900452488,0.4935318389650942,-0.3810716074111167,0.5294456858646291,18.876570976754692,-0.07537384429645551,0.2175892020436308,False,11,12,52,40,53,B,0,19.55,20.3,49.2,49.2,Persistence
RDDT,"Reddit, Inc. Class A Common Stock",Communication Services,Internet Content & Information,United States,その他,153.0,29.436665856,1124.41383,0.6939682588514888,0.6171120693407824,0.20598139195831414,0.9118204445300035,2.1700908164210917,0.007166644078596605,46.44543759124268,-0.10728663724724272,0.43481953075459734,False,85,87,90,65,55,B,0,79.0,80.5,76.75,80.5,Transition
RDN,Radian Group Inc. Common Stock,Financial Services,Insurance - Specialty,United States,その他,36.40999984741211,4.817091072,35.74515325019836,-0.007639067925945392,0.02463004394794199,-0.011273794307002618,,1.1738834973351275,0.13927354203445116,52.56119002699744,-0.02430097492958081,0.07666772562606944,True,12,25,30,85,87,S,-20,10.450000000000003,20.200000000000003,35.150000000000006,35.150000000000006,Persistence
RDW,Redwire Corporation Common Stock,Industrials,Aerospace & Defense,United States,防衛/宇宙,10.869999885559082,2.71741952,178.3367508724451,0.10286056277355221,0.24733798195242002,0.5185395113018455,0.051538399611188467,-6.09775686385508,0.08542946595111435,24.944319435458766,-0.007595966457770175,0.5803088785460023,True,5,2,47,100,48,C,-10,13.55,11.3,50.45,50.45,Persistence
RES,"RPC, Inc. Common Stock",Energy,Oil & Gas Equipment & Services,United States,電力/エネルギー,6.400000095367432,1.418604928,8.439872125763893,0.14951742015365382,-0.12517975559421665,0.009809197621119741,0.14293364056546123,-0.5911815597577555,0.0527014372933529,59.54198862287917,0.08206673863238957,0.1897449385971786,True,23,2,25,100,85,S,-5,35.75,20.0,50.75,50.75,Persistence
REX,REX American Resources Corporation,Basic Materials,Chemicals,United States,その他,41.349998474121094,1.361974528,6.704282002601624,0.012445310517968345,-0.22905767329346377,-0.02528187134502924,0.14405514637494676,3.0,0.026661869728016086,40.417085891615706,-0.06933093990579892,0.19175139567142213,True,30,37,30,100,90,S,-5,41.5,46.75,54.5,54.5,Persistence
REZI,"Resideo Technologies, Inc. Common Stock ",Industrials,Industrial Distribution,United States,その他,19.6299991607666,2.980763904,54.983441164315224,0.10516195829019376,0.08314642742710669,-0.020094191522762952,0.29389721627408993,-4.4423076923076925,0.3823076010909522,30.49403742335066,-0.14288449301637166,0.36610541655528717,False,35,2,6,100,41,C,-10,35.35,10.600000000000001,26.5,35.35,Acceleration
RF,Regions Financial Corporation Common Stock,Financial Services,Banks - Regional,United States,その他,30.329999923706055,25.83902208,227.94769247660636,0.0625441197232811,-0.06507391763463569,0.05736217725052338,,0.48140495867768596,0.030752956288488422,30.97646514083219,-0.01556019065225286,0.06388893532981706,True,23,24,30,65,77,A,-20,14.700000000000003,15.450000000000003,28.15,28.15,Persistence
RGA,"Reinsurance Group of America, Incorporated Common Stock",Financial Services,Insurance - Reinsurance,United States,その他,245.5399932861328,16.034169856,83.75123630996704,0.0742051072708305,0.19846705805609915,0.15843828715365238,,,0.0364646529152564,58.458287067750405,0.05173902663549665,0.015423897290922781,True,0,12,30,65,60,B,-20,0.0,4.75,24.75,24.75,Persistence
RH,RH Common Stock,Consumer Cyclical,Specialty Retail,United States,その他,149.49000549316406,2.829280768,104.66243754592895,0.08135903668093687,0.050056352888588986,-0.1563444077207569,0.44068647631540997,2.166608171535801,0.8208345827189802,22.6923102316768,-0.11590829841841233,0.40442228887185633,False,46,37,24,100,28,D,-20,32.3,25.549999999999997,23.800000000000004,32.3,Acceleration
RHI,Robert Half Inc. Common Stock,Industrials,Staffing & Employment Services,United States,その他,45.310001373291016,4.638014464,85.03237337722778,-0.07200530311670256,-0.09334038532865849,-0.1168290149599165,0.3722805180472049,-0.24662079169619738,0.08596438159337542,67.40507119972409,0.19339302898887736,0.0,True,34,0,29,85,25,D,0,40.75,15.25,42.2,42.2,Persistence
RHLD,Resolute Holdings Management Common Stock ,Industrials,Specialty Business Services,United States,その他,135.5500030517578,1.059946112,24.255317546081542,0.09863732877445187,0.0766507350964726,0.03211035838467961,0.563162394087284,0.30674667260678284,0.5859394448360151,52.74403568012413,0.017482257046058644,0.40120154624915677,False,43,12,42,100,65,A,-5,48.75,25.5,56.1,56.1,Persistence
RJF,"Raymond James Financial, Inc. Common Stock",Financial Services,Asset Management,United States,その他,179.36000061035156,34.455056384,175.67415259780884,0.0951815808212675,0.10211021974189048,0.05686111879089485,,0.1517948717948718,0.047829536438852994,50.58620239569439,0.05506451101612322,0.010045215470819312,True,2,24,42,40,60,B,-20,0.0,10.0,25.1,25.1,Persistence
RKT,"Rocket Companies, Inc. Class A Common Stock",Financial Services,Mortgage Finance,United States,その他,13.770000457763672,38.991716352,347.04201673690795,0.2686536901865369,0.35271530444322546,-0.3586515287787976,,-0.32945285215366704,0.25642250968114033,50.08635777715773,-0.03071851804875832,0.4125426559715187,False,9,5,6,40,65,A,-30,0.0,0.0,0.0,0.0,Acceleration
RL,Ralph Lauren Corporation Common Stock,Consumer Cyclical,Apparel Manufacturing,United States,その他,354.0400085449219,21.094496256,225.20130903533936,0.14627772284220936,0.0674970594444612,0.029145198336333725,0.6986505638055333,-0.3081754833644126,0.38883648814522903,6.1992670323917025,-0.08176255231923794,0.14325792433301862,False,50,14,45,65,53,B,0,52.55,25.55,51.6,52.55,Acceleration
RLI,RLI Corp. Common Stock (DE),Financial Services,Insurance - Property & Casualty,United States,その他,64.30999755859375,5.901919232,40.00467708129883,0.06329926162911549,0.1708935352918067,-0.10953997427549718,,0.09574822370114616,0.016229851045673073,53.41438522367182,0.045912102247937486,0.03467434843518972,True,2,24,30,85,87,S,-20,2.950000000000003,19.450000000000003,35.150000000000006,35.150000000000006,Persistence
RNG,"RingCentral, Inc. Class A Common Stock",Technology,Software - Application,United States,ソフトウェア,69.37999725341797,5.793657344,111.73128207683563,0.04780338235998659,0.08988530390764016,0.10767779996278284,0.7124484422748298,0.3248435813377044,0.870401733430985,64.04255336417827,0.3593704956144544,0.0,True,20,54,44,85,25,D,-20,10.25,35.75,30.450000000000003,35.75,Transition
RNST,Renasant Corporation Common Stock,Financial Services,Banks - Regional,United States,その他,41.09000015258789,3.755809536,22.75523118450165,0.48818403172461056,0.04854364321870518,0.0019522608004745056,,1.562800474291258,0.03924112307134581,31.494271823545503,-0.040975036958329596,0.0724604771953863,True,56,20,57,85,77,A,-20,42.45,15.450000000000003,48.0,48.0,Persistence
ROG,Rogers Corporation Common Stock,Technology,Electronic Components,United States,半導体,125.5199966430664,2.242833408,24.85295933532715,-0.023250210817973738,-0.08619550858652576,-0.06466227347611203,0.31672422298963987,0.0014084507042253522,0.015245821386110917,47.25753798949782,-0.0885233467547192,0.24878808190743543,True,24,12,34,100,90,S,0,42.0,33.0,61.7,61.7,Persistence
ROK,"Rockwell Automation, Inc. Common Stock",Industrials,Specialty Industrial Machinery,United States,ロボティクス,430.8599853515625,47.943491584,361.5367680084228,0.009438528557599225,-0.08765731949657761,0.16720787588268646,0.48141932390314074,1.1251956181533647,0.3250735359657724,47.53870943539848,-0.05727712055917914,0.1270356042387288,True,41,12,34,40,90,S,0,45.75,24.0,46.7,46.7,Persistence
ROL,"Rollins, Inc. Common Stock",Consumer Cyclical,Personal Services,United States,その他,36.380001068115234,17.504069632,167.30216611198426,0.10987727476076428,0.10263633813797515,0.14001475616166195,0.5275239627231757,0.12056936876056965,0.330519789219821,41.51698491329753,-0.09510767381033722,0.4391273632925735,False,33,26,64,65,55,B,0,40.0,34.75,62.45,62.45,Persistence
RPM,RPM International Inc. Common Stock,Basic Materials,Specialty Chemicals,United States,その他,106.6500015258789,13.613126656,104.05787323879242,0.06656743496634315,0.005094149818745768,0.010868040329562232,0.41435204672978254,0.2544142236094081,0.34451085461804365,23.05461701982489,-0.02022261980685494,0.15145054017307732,True,27,12,42,65,73,A,0,37.3,26.05,53.95,53.95,Persistence
RRC,Range Resources Corporation Common Stock,Energy,Oil & Gas E&P,United States,電力/エネルギー,41.459999084472656,9.688352768,92.13551946544648,0.2732398255058379,-0.07646545173505724,-0.5233022089460854,0.37034546965963044,0.6761508539227618,0.18494160832169668,60.65573998310135,0.0762680878859673,0.12760980840869815,True,62,51,34,85,65,A,0,65.75,57.5,52.95,65.75,Acceleration
RRX,Regal Rexnord Corporation Common Stock,Industrials,Specialty Industrial Machinery,United States,その他,157.42999267578125,10.480047104,230.78449776306152,-0.016457290596307468,-0.034700113587278224,0.19793403476494376,0.3737130339539978,0.7865573114622925,0.35494576539041733,25.98376581856384,-0.20678622742092628,0.3390570928160246,False,31,24,30,65,24,D,0,35.4,30.15,37.55,37.55,Persistence
RS,"Reliance, Inc. Common Stock",Basic Materials,Steel,United States,その他,387.5899963378906,19.788234752,130.2573700692749,0.03319840983014095,-0.06557520988254682,-0.13034361233480177,0.28735230126693856,-0.497097678142514,0.16769012753897025,27.639522096923358,-0.02335950340405012,0.0944581882003876,True,30,0,25,65,73,A,0,39.55,17.05,44.6,44.6,Persistence
RSG,"Republic Services, Inc. Common Stock",Industrials,Waste Management,United States,その他,222.11000061035156,68.012965888,311.0450659547424,0.03486776447105788,0.07129969929836284,0.1076160165790837,0.4195648243023326,0.15761653051417587,0.40173427224582436,66.0799001003059,0.028019882635678367,0.03974988719393935,True,6,24,38,40,67,A,0,17.2,30.7,44.300000000000004,44.300000000000004,Persistence
RSI,"Rush Street Interactive, Inc. Class A Common Stock",Consumer Cyclical,Gambling,United States,その他,26.40999984741211,6.450564096,60.187069152259824,0.22762565700267184,0.33700107500278514,0.16708374703653422,0.34622206080950046,0.7091518117964764,0.009311903199941686,62.408235045999064,-0.09451222476500783,0.2349362833953148,True,25,36,89,85,70,A,0,38.5,46.75,84.2,84.2,Persistence
RTX,RTX Corporation Common Stock,Industrials,Aerospace & Defense,United States,防衛/宇宙,211.7100067138672,285.333880832,925.8872506122589,0.09741385716762863,0.17147417295414974,0.02752184154814086,0.20077198288996986,0.8985470303339281,0.23092255624594485,31.495902174891512,0.031099881569625662,0.06111135058584505,True,12,24,42,25,77,A,0,20.45,29.45,44.75,44.75,Persistence
RVLV,"Revolve Group, Inc. Class A Common Stock",Consumer Cyclical,Internet Retail,United States,その他,22.90999984741211,1.62856704,21.04065840986252,0.08475977311487365,0.05725733331212414,-0.029686331050211727,0.5350360044448723,1.280615881765908,0.04242478114407693,36.78159239574068,-0.045146137046039904,0.2715421528889387,False,50,24,38,100,63,B,-5,53.8,34.3,53.50000000000001,53.8,Acceleration
RVT,"Royce Small-Cap Trust, Inc. Common Stock",Financial Services,Asset Management,United States,その他,18.600000381469727,2.311026176,3.4010100697517394,3.0,-0.8674107337109764,1.1613129676578728,,,,46.242801969969754,0.012575559000078044,0.022595916429868457,True,43,22,8,100,75,A,-20,34.75,19.0,24.4,34.75,Acceleration
RXO,"RXO, Inc. Common Stock",Industrials,Trucking,United States,その他,21.90999984741211,3.613531392,36.89326279306412,0.261978021978022,0.1586452762923351,-0.1811926605504587,0.14367816091954022,0.8596491228070176,0.20445529447665547,53.835976666778514,-0.10837824344834569,0.25221841577050574,True,48,35,10,85,73,A,0,56.05,46.3,41.35,56.05,Acceleration
RYAN,"Ryan Specialty Holdings, Inc. Class A Common Stock",Financial Services,Insurance - Specialty,United States,その他,43.869998931884766,17.109566464,69.04084951904296,0.2128289826728836,0.21090284753813268,0.20424149645865708,,0.23050781525519004,0.3342169489683573,60.66024167443686,0.05908314925743738,0.2405608445091663,True,44,17,81,65,65,A,-20,29.25,9.0,53.80000000000001,53.80000000000001,Persistence
RYZ,Ryerson Holding Corporation Common Stock,Industrials,Metal Fabrication,United States,その他,25.31999969482422,1.314073856,13.435171638069153,-0.0059582055798377805,-0.09982970227259381,-0.19212157631728763,0.17111106249863278,-0.6628679962013295,0.3392107123549715,37.28652717084848,-0.07371503241926766,0.18401549679239043,False,30,0,21,100,70,A,-5,39.5,17.0,45.55,45.55,Persistence
S,"SentinelOne, Inc. Class A Common Stock",Technology,Software - Infrastructure,United States,ソフトウェア,21.540000915527344,7.38399232,166.0113718560791,0.21889901042167553,0.3224755857645608,0.4713048256782076,0.741153805436652,3.0,0.0061527368420189145,46.82613295993515,0.1171736220530492,0.09647647744712268,True,39,31,97,85,70,A,0,49.0,43.0,88.6,88.6,Persistence
SAH,"Sonic Automotive, Inc. Common Stock",Consumer Cyclical,Auto & Truck Dealerships,United States,その他,79.68000030517578,2.519067392,21.799252883491516,0.06533186167333366,-0.01030447246110601,0.026519344908614323,0.15724976243268926,3.0,0.7081414239536403,49.01961905851398,-0.09141703915769914,0.2927392356194789,True,30,25,20,100,73,A,-10,34.8,31.049999999999997,40.6,40.6,Persistence
SAM,"Boston Beer Company, Inc. (The) Common Stock",Consumer Defensive,Beverages - Brewers,United States,その他,183.1300048828125,1.884715648,31.575275441894533,-0.023812102382303173,0.002141265791275126,-0.039088968557177944,0.4847750171247342,0.24899342467340613,0.0317301932397505,52.598345545664245,0.008875131222568193,0.2957892194611209,False,13,24,38,100,73,A,-25,7.049999999999997,15.299999999999997,35.50000000000001,35.50000000000001,Persistence
SARO,"StandardAero, Inc. Common Stock",Industrials,Aerospace & Defense,United States,防衛/宇宙,25.010000228881836,8.276294656,82.9045243087101,0.1575953078394955,0.14767369289310067,0.09945986944154384,0.14803316710413653,3.0,0.37351296113664373,22.697362023045045,-0.10367417586653685,0.24486711849484388,False,47,39,46,85,53,B,0,53.3,47.3,57.15,57.15,Persistence
SBH,"Sally Beauty Holdings, Inc. (Name to be changed from Sally Holdings, Inc.) Common Stock",Consumer Cyclical,Specialty Retail,United States,その他,16.549999237060547,1.549448832,23.013187689113618,-0.00419878123157972,-0.0029773631881497725,-0.022915085970229836,0.5162197035519303,0.18796392479516796,0.5443795679419985,46.45388679817003,0.08075276018822342,0.026470633114085478,True,10,24,30,100,60,B,-5,23.5,34.0,48.5,48.5,Persistence
SBR,Sabine Royalty Trust Common Stock,Energy,Oil & Gas Midstream,United States,電力/エネルギー,74.8499984741211,1.091264,2.866006441574097,-0.06670472181531319,-0.11226935298830762,-0.2603378221620821,,,,66.30784569991302,0.0342397994613975,0.03473150289839145,True,30,0,0,100,67,A,-5,39.2,16.7,33.4,39.2,Acceleration
SCCO,Southern Copper Corporation Common Stock,Basic Materials,Copper,United States,その他,209.8000030517578,177.143300096,230.75512107657164,0.17375408889744084,0.1553790496978516,-0.0151374914161168,0.535946348733234,0.009545133160499647,0.3467265941425725,56.946965918011905,0.12706852804348714,0.04506142027310385,True,48,33,42,25,57,B,0,45.45,34.2,40.75,45.45,Acceleration
SCHW,Charles Schwab Corporation (The) Common Stock,Financial Services,Capital Markets,United States,その他,110.16000366210938,190.503632896,824.0001321926879,0.22008568805467715,0.040823910389127784,-0.09271746459878624,,3.0,0.06303730180551737,56.51544326210621,0.06869736800954762,0.030708295793333836,True,51,29,30,25,72,A,-20,29.200000000000003,12.700000000000003,17.15,29.200000000000003,Acceleration
SCI,Service Corporation International Common Stock,Consumer Cyclical,Personal Services,United States,その他,83.36000061035156,11.361266688,66.91015488990784,0.029346363528003558,0.02112333887347071,-0.0021620182341643666,0.26456534966539297,-0.029773147799661445,0.27965202198803163,49.81060181877162,0.03375067182626565,0.04534391879724554,True,30,12,21,65,87,S,0,40.95,27.450000000000003,45.2,45.2,Persistence
SCL,Stepan Company Common Stock,Basic Materials,Specialty Chemicals,United States,その他,62.650001525878906,1.422989824,7.315953928184509,0.06964262289969059,-0.06255740039419237,-0.16136257919351524,0.11572676121321684,-0.354125824273748,0.2867410724510562,30.647990903515534,0.044062286134887094,0.053762497948889085,True,30,0,21,100,77,A,-5,40.2,17.7,46.949999999999996,46.949999999999996,Persistence
SEB,Seaboard Corporation Common Stock,Industrials,Conglomerates,United States,その他,3913.2099609375,3.748052992,78.65552021484375,0.07098901098901099,-0.048316251830161056,-0.14951525393578227,0.07110609480812641,-0.25,0.22107688576279408,33.329091979868835,-0.12237808770844497,0.34263749854509634,False,30,12,25,85,41,C,0,39.35,25.85,43.2,43.2,Persistence
SEI,"Solaris Energy Infrastructure, Inc. Class A Common Stock",Energy,Oil & Gas Equipment & Services,United States,電力/エネルギー,49.88999938964844,5.020249088,131.01986914710997,0.987297622735882,0.06876329165343902,-0.08455492882923704,0.3232471613053576,-2.3912918823420015,0.5034491994329725,35.400602116127956,-0.20319552811121658,0.39804535421131454,False,62,36,14,85,41,C,0,63.35,43.85,37.150000000000006,63.35,Acceleration
SF,Stifel Financial Corporation Common Stock,Financial Services,Capital Markets,United States,その他,81.29000091552734,12.274930688,79.40854384433746,0.11330765968883934,0.1437787255861651,-0.00994234239805505,,1.5319657553480268,0.03703205817616928,40.016712005364155,0.030487435979553213,0.0760091854105294,True,17,14,30,65,87,S,-20,11.200000000000003,8.950000000000003,30.150000000000006,30.150000000000006,Persistence
SFBS,"ServisFirst Bancshares, Inc. Common Stock",Financial Services,Banks - Regional,United States,その他,43.20000076293945,4.723705344,18.47037632619858,0.16357378531830438,0.11992534706347141,-0.1331845646381689,,0.406800687963459,0.0019602655581623485,40.98507068092162,-0.011320052730314209,0.056047168380147734,True,40,26,30,85,87,S,-20,31.450000000000003,20.950000000000003,35.150000000000006,35.150000000000006,Persistence
SGI,Somnigroup International Inc. Common Stock,Consumer Cyclical,"Furnishings, Fixtures & Appliances",United States,その他,64.37000274658203,13.54122752,231.563682330513,0.5162546391125352,0.0011166605757907987,0.000853450377956596,0.42576071691299405,0.11243851018973998,0.5754049324609721,49.00455375409728,-0.08054602937877921,0.3383799693715378,False,54,22,53,65,63,B,0,56.55,32.55,58.00000000000001,58.00000000000001,Persistence
SHAK,"Shake Shack, Inc. Class A Common Stock",Consumer Cyclical,Restaurants,United States,その他,69.88999938964844,2.990000384,116.76312528030395,0.15383743357858165,0.1517884974524911,0.2077178323705199,0.47595388104664343,0.5847543190486875,0.4757524091489915,45.66667344835069,0.10029029860953714,0.3406603831165242,False,40,26,75,100,43,C,-20,29.299999999999997,18.799999999999997,54.849999999999994,54.849999999999994,Persistence
SHW,Sherwin-Williams Company (The) Common Stock,Basic Materials,Specialty Chemicals,United States,その他,344.8599853515625,83.71757056,575.890311038208,0.02059874017793363,0.0020215253406443722,0.040769519028033,0.48847685827362847,0.2740015360983103,0.4996814880876545,32.42438400334929,0.009394385110394388,0.07221904761904761,True,31,12,42,40,77,A,0,36.95,22.7,48.5,48.5,Persistence
SITE,"SiteOne Landscape Supply, Inc. Common Stock",Industrials,Industrial Distribution,United States,その他,96.38999938964844,4.207943168,66.78091937713623,0.03616262167995419,0.05565888589230912,0.0714161165774069,0.3475599387859208,0.028499580888516344,0.3043856379674494,41.341739657675014,-0.06161652787388628,0.4095558996039912,False,6,24,42,85,55,B,0,22.75,36.25,55.35,55.35,Persistence
SJM,The J.M. Smucker Company Common Stock,Consumer Defensive,Packaged Foods,United States,その他,132.33999633789062,14.136979456,165.03790093307495,0.037221668328348285,0.06692995219289129,-0.041094123716175025,0.3352705255830912,0.41587068332108745,0.4370691887492756,81.0144733377374,0.13377121280499216,0.0,True,9,30,26,65,10,D,-20,0.0,13.25,12.549999999999997,13.25,Transition
SKY,"Champion Homes, Inc. Common Stock",Consumer Cyclical,Residential Construction,United States,その他,90.22000122070312,4.897154048,65.87864489135742,0.07255678395521066,0.22650127937108577,-0.22318189491130072,0.26441984067660823,0.41730723761986077,0.05555967358902881,42.03566554046495,0.04411872205296672,0.07428686570676368,True,5,24,30,85,87,S,0,25.200000000000003,39.45,55.150000000000006,55.150000000000006,Persistence
SLB,SLB Limited Common Shares,Energy,Oil & Gas Equipment & Services,United States,電力/エネルギー,57.33000183105469,85.085937664,572.1680374243927,-0.01601036126649949,0.09518635883506865,0.1795592894521377,0.18222807214069675,0.01564945226917058,0.2120726106291463,70.46581271386785,0.1525981548865591,0.011722056717007389,True,2,12,30,40,10,D,0,8.5,16.0,28.5,28.5,Persistence
SLGN,Silgan Holdings Inc. Common Stock,Consumer Cyclical,Packaging & Containers,United States,その他,42.099998474121094,4.449212928,35.94539969718933,0.10734497823455846,-0.022295662890632503,-0.06602106621244111,0.17729362475062338,-0.07915275318185877,0.46257418392494776,56.73756409229724,-0.036661796663647245,0.12971901931219312,True,35,14,17,85,100,S,0,49.0,33.25,50.6,50.6,Persistence
SLVM,Sylvamo Corporation Common Stock,Basic Materials,Paper & Paper Products,United States,その他,36.369998931884766,1.44608,9.544760669689179,-0.11184733633713226,0.013974737973662993,0.025633958103638367,0.21933751119068934,-0.8225806451612904,0.3087224031849439,20.8888537245616,-0.04518599145166694,0.3205766738933334,False,0,0,21,100,46,C,-5,14.600000000000001,14.600000000000001,40.75,40.75,Persistence
SM,SM Energy Company Common Stock,Energy,Oil & Gas E&P,United States,電力/エネルギー,36.619998931884766,8.71021568,144.91650487314223,0.17484088356420815,0.12986463620981387,-0.2934649090560225,0.3333333333333333,1.3302696078431373,0.2934183508051443,74.34868736018592,0.1802166804911874,0.02709884363186752,True,51,27,30,85,10,D,0,52.0,34.0,39.75,52.0,Acceleration
SMG,Scotts Miracle-Gro Company (The) Common Stock,Basic Materials,Agricultural Inputs,United States,その他,60.43000030517578,3.518251008,56.70992948638916,-0.03929405804036367,0.0003942218342578774,-0.09500267577278866,0.3059388825407987,-0.5305912596401028,0.8680525164113786,44.26646497408228,-0.068555638371976,0.16851013396123618,False,7,42,19,85,80,S,-20,6.0,32.25,27.700000000000003,32.25,Transition
SMR,NuScale Power Corporation Class A Common Stock,Industrials,Specialty Industrial Machinery,United States,電力/エネルギー,9.289999961853027,3.812518656,318.1674024435282,-0.15024969631529222,0.6240683910565541,0.9323957980345645,0.3631309762063598,-3.232526906448349,,50.87999738769492,0.0055636045890446045,0.8261276453529591,False,4,0,12,85,65,A,-10,12.25,9.25,30.85,30.85,Persistence
SN,"SharkNinja, Inc. Ordinary Shares",Consumer Cyclical,"Furnishings, Fixtures & Appliances",United States,その他,191.22999572753906,27.062941696,337.4559242605591,0.1574617188787331,0.29972165474374135,0.14428065463556722,0.4901387488537608,0.605586940112849,0.16852680115316873,58.833799515170895,0.17346948052968428,0.008451751932251167,True,25,26,85,65,45,C,0,33.0,33.75,72.0,72.0,Persistence
SNA,Snap-On Incorporated Common Stock,Industrials,Tools & Accessories,United States,その他,391.8599853515625,20.269789184,111.40775313537597,0.009337561663143059,1.957598418260478e-05,0.05488900361383583,0.517290199957332,-0.11313932980599647,0.15357274467149293,23.707651364449802,-0.02377355622298894,0.059666455929293594,True,26,0,45,65,60,B,0,35.25,15.75,53.0,53.0,Persistence
SNAP,Snap Inc. Class A Common Stock,Communication Services,Internet Content & Information,United States,その他,5.429999828338623,9.183203328,241.72648785817623,0.10632469367131483,0.16397397807045633,0.0009274536941362892,0.5499285418886825,0.9994557611568963,0.539624621734189,51.574801671408125,0.10793712410618281,0.40264029293852965,False,28,39,42,85,35,C,0,37.25,45.5,51.35,51.35,Persistence
SNDR,"Schneider National, Inc. Common Stock",Industrials,Trucking,United States,その他,34.439998626708984,6.037362688,20.112098198032378,0.07254512805972971,-0.03789848878866683,-0.1673884077281812,0.08626614736619495,0.2452316076294278,0.0830561352038181,44.159549887732766,-0.04533287302987339,0.109117489175097,True,35,12,30,85,100,S,0,49.0,31.75,57.75,57.75,Persistence
SNOW,Snowflake Inc. Common Stock,Technology,Software - Application,United States,ソフトウェア,328.0,113.684799488,1387.61384,0.2916256250006894,0.2921468781812435,0.35864099544019606,0.6716860100436683,0.26374127313777923,0.3001495210235538,45.19918234823848,0.14224741935409582,0.027802491988434836,True,32,31,93,25,45,C,0,32.25,31.5,66.4,66.4,Persistence
SO,Southern Company (The) Common Stock,Utilities,Utilities - Regulated Electric,United States,電力/エネルギー,88.25,101.519532032,507.9166975,0.10585990121239336,0.05825050489050806,-0.13750469619864067,0.4846885256995906,-4.523409363745499,0.47569355253018236,35.888555241522496,-0.05514991280477044,0.09478927451929454,False,43,2,10,25,70,A,0,43.0,12.25,25.75,43.0,Acceleration
SON,Sonoco Products Company Common Stock,Consumer Cyclical,Packaging & Containers,United States,その他,56.470001220703125,5.583471616,48.066982689056395,0.4171980627157604,-0.025004658705273214,-0.07132235493939833,0.20939815418860017,-0.2152720092598897,0.4112148050757127,41.91687219486496,0.008427871510488497,0.05877622429644132,True,44,20,25,85,87,S,0,54.45,36.45,52.400000000000006,54.45,Acceleration
SPB,"Spectrum Brands Holdings, Inc. Common Stock",Consumer Defensive,Household & Personal Products,United States,その他,88.68000030517578,2.039249408,35.11728012084961,-0.052262222072269646,0.015451555433739893,-0.06822027134876296,0.3673549305802777,0.39376053962900504,0.19357320392945912,54.85677936720176,0.0206098840940699,0.01995896858918354,True,9,12,34,100,75,A,0,29.25,31.5,58.7,58.7,Persistence
SPGI,S&P Global Inc. Common Stock,Financial Services,Financial Data & Stock Exchanges,United States,その他,442.8900146484375,130.56397312,789.0373489471435,0.07939189189189189,0.13691285908618067,0.11769966908147751,0.7024647887323944,-0.01958670260557053,0.2219281045751634,73.35508883617456,0.05543507150216216,0.14264831662715055,True,12,12,57,25,50,B,-20,0.0,0.0,27.6,27.6,Persistence
SPH,"Suburban Propane Partners, L.P. Common Stock",Utilities,Utilities - Regulated Gas,United States,その他,17.6299991607666,1.176139392,3.9350158126831056,0.07937629787246868,-0.07138429072610157,-0.0481336561291805,0.6064929027069816,0.129898374787457,0.5790937841041618,53.26084026993127,-0.0010515008459281426,0.12231903758916443,False,32,24,34,100,90,S,-5,43.0,37.0,56.7,56.7,Persistence
SPHR,Sphere Entertainment Co. Class A Common Stock,Communication Services,Entertainment,United States,その他,141.67999267578125,5.088239616,103.95344422607423,0.18809822678010962,0.7895321096280961,-0.05937825278048701,0.5164284923916741,1.6172986739320838,0.2283798125754767,34.08292023539171,-0.08025446032417836,0.1967343873818694,True,31,76,46,85,80,S,0,44.0,77.75,62.55,77.75,Transition
SPXC,"SPX Technologies, Inc. Common Stock",Industrials,Building Products & Equipment,United States,その他,198.72999572753906,9.953562624,78.26881516731262,0.1417410151721357,0.13938662991040662,0.1918680265589705,0.4051476755993113,-0.02702702702702703,0.13915552349775287,36.70959317344959,-0.08783801430312341,0.1934986698021875,False,27,14,66,85,70,A,0,40.0,30.25,71.55000000000001,71.55000000000001,Persistence
SR,Spire Inc. Common Stock,Utilities,Utilities - Regulated Gas,United States,その他,82.55999755859375,4.88035328,39.16646284179688,-0.04496721943694562,-0.027491280051007014,0.21278144189219922,0.41544177031174284,-7.739726027397261,0.4469776161308994,57.42186015704337,0.0185625834550034,0.12367419055311522,False,7,12,6,85,90,S,0,27.0,30.75,42.55,42.55,Persistence
SRE,DBA Sempra Common Stock,Utilities,Utilities - Diversified,United States,その他,84.30999755859375,55.13033728,346.7379330093384,0.03921122487675389,-0.21142344497607657,0.1579749290117044,0.4661363304627062,-0.8279927448609432,0.31585165677591587,50.0,-0.05870686574987887,0.14874657372321576,False,26,0,14,40,80,S,0,33.5,14.0,33.7,33.7,Persistence
SSB,SouthState Bank Corporation Common Stock,Financial Services,Banks - Regional,United States,その他,105.9800033569336,10.277361664,84.78930168571472,0.5699702063005246,-0.019702605727967976,0.05414539021599394,,-0.5157207872259547,0.010212089715597976,38.70404405010285,0.020916697596696832,0.050273260731814776,True,36,22,33,65,77,A,-20,24.450000000000003,13.950000000000003,29.800000000000004,29.800000000000004,Persistence
SSD,"Simpson Manufacturing Company, Inc. Common Stock",Basic Materials,Lumber & Wood Production,United States,その他,182.07000732421875,7.462081024,39.91793875579834,0.045099789932437004,0.008282579795943903,0.04617768551103995,0.4585053720666253,0.8859907606319272,0.1586338090580962,31.631538436135372,-0.05921168746246737,0.131967412931686,False,35,24,50,85,70,A,0,46.0,37.75,62.75,62.75,Persistence
ST,Sensata Technologies Holding plc Ordinary Shares,Technology,Scientific & Technical Instruments,United States,その他,41.029998779296875,5.971336192,52.63430818405151,-0.058050244100895036,-0.02992032756962088,0.006164404300340856,0.2926980699149683,0.24790022906592007,0.42441162966364027,27.379855442044075,-0.100016837645791,0.23180619500673255,True,8,12,22,85,63,B,0,25.05,28.05,45.95,45.95,Persistence
STC,Stewart Information Services Corporation Common Stock,Financial Services,Insurance - Property & Casualty,United States,その他,69.91000366210938,2.133807104,12.647418762512206,0.17315038152214546,0.10325334098835755,-0.26454111952708376,,0.39034695872441955,0.23633725353963733,83.25454812807799,0.024553585165379782,0.07261082703847879,True,40,26,30,100,52,B,-20,30.200000000000003,19.700000000000003,31.9,31.9,Persistence
STT,State Street Corporation Common Stock,Financial Services,Asset Management,United States,その他,193.3300018310547,53.108092928,257.72725879096987,0.0809660190417215,0.08154039347007117,-0.014845360824742268,,1.7670486700622523,0.0791264509748748,62.0079804308066,0.060720643177407455,0.001497744517333014,True,12,37,30,40,40,C,-20,0.0,17.75,14.5,17.75,Transition
STUB,"StubHub Holdings, Inc. Class A Common Stock",Communication Services,Internet Content & Information,United States,その他,6.550000190734863,2.50268928,45.18108256566524,-0.014377246709532401,0.2945970627007448,0.3192815769039707,0.8200858589447096,-0.3799184665438438,0.29816802475162013,22.332516597006645,-0.3094650504191025,0.7022727186029608,False,15,0,51,100,8,D,0,27.05,15.8,54.65,54.65,Persistence
STZ,"Constellation Brands, Inc. Common Stock",Consumer Defensive,Beverages - Brewers,United States,その他,130.69000244140625,22.32242176,210.64483903503418,-0.10478317513493393,0.024784677467927483,0.053868776844466074,0.5155378050114893,-0.07435116867034725,0.5115225679779001,45.24648067048459,-0.023524382868299342,0.20447143359636705,False,8,35,25,65,90,S,-20,4.75,25.0,28.0,28.0,Persistence
SVV,"Savers Value Village, Inc. Common Stock",Consumer Cyclical,Specialty Retail,United States,その他,10.569999694824219,1.619689216,23.948765408554078,0.09191950921458335,0.024907865294361137,0.04384826635143042,0.552771547046554,0.7126307264340294,0.6868924012139916,31.779659219049876,0.028450190010717656,0.2290299295832207,True,35,12,40,100,90,S,-15,35.25,18.0,50.0,50.0,Persistence
SWK,"Stanley Black & Decker, Inc. Common Stock",Industrials,Tools & Accessories,United States,その他,97.80000305175781,14.769427456,168.10206824546813,-0.015313327736451967,-0.026322626432884907,-0.0688188158655605,0.30325040977105694,-0.08645418326693227,0.2822860424502323,34.183021658500394,0.03680776337575619,0.05961535527155949,True,34,12,25,65,77,A,0,42.95,26.45,45.4,45.4,Persistence
SWX,"Southwest Gas Holdings, Inc. Common Stock (DE)",Utilities,Utilities - Regulated Gas,United States,その他,89.0999984741211,6.454925824,36.603615873146055,-0.2160764959502524,-0.023466324955734336,-0.48897350791097355,0.46314639400529795,-1.4944912508101102,0.3363555046911748,46.04372483783371,-0.013154909964733279,0.03906444649162909,True,14,26,14,85,87,S,0,31.950000000000003,40.95,46.35000000000001,46.35000000000001,Persistence
SXI,Standex International Corporation Common Stock,Industrials,Specialty Industrial Machinery,United States,その他,298.44000244140625,3.61693312,35.28903808868408,0.09640386603481652,-0.027546123867819627,0.007763766099717274,0.39899406029816215,-0.4298902678349319,0.3852885989992852,19.38143071440078,-0.05480727770720661,0.16475852361169557,True,22,0,25,85,63,B,0,35.55,19.05,47.6,47.6,Persistence
SXT,Sensient Technologies Corporation Common Stock,Basic Materials,Specialty Chemicals,United States,その他,135.1199951171875,5.751087104,40.640040931396484,0.03524403619765378,0.06919427374781147,0.013507636188022733,0.3345303145999252,-0.6077456375907453,0.31619459952756895,61.34751154780578,0.09133329707725382,0.016951632468439174,True,4,12,37,85,40,C,0,19.75,25.75,49.6,49.6,Persistence
SYF,Synchrony Financial Common Stock,Financial Services,Credit Services,United States,その他,78.05000305175781,25.395195904,243.2248830101013,-0.004981402763018066,0.10486534086739561,0.16729484324139113,,,0.1274780637306352,49.5063488647369,0.02157104994762526,0.10675380692930986,True,0,12,10,65,100,S,-20,0.0,8.75,21.75,21.75,Persistence
SYY,Sysco Corporation Common Stock,Consumer Defensive,Food Distribution,United States,その他,81.94000244140625,39.25712896,270.3159710540771,0.039117610913112943,0.032037948353711126,0.03300360301342942,0.18496091209064136,0.2082294264339152,0.5270627178927352,38.042129007677616,-0.010749296275552935,0.08836193084902982,True,23,12,34,40,90,S,-20,12.25,4.0,26.700000000000003,26.700000000000003,Persistence
T,AT&T Inc.,Communication Services,Telecom Services,United States,その他,26.010000228881836,178.23055872,934.8866717767811,0.027072979335600315,-0.0007514620838370308,0.013972055888223553,0.5955367375525277,0.05046466392911174,0.3689760541459026,76.06384138976718,0.1264013708518101,0.08473751409214567,True,28,24,34,25,35,C,0,28.25,25.25,31.950000000000003,31.950000000000003,Persistence
TALO,"Talos Energy, Inc. Common Stock",Energy,Oil & Gas E&P,United States,電力/エネルギー,16.670000076293945,2.783314432,31.327514393377303,-0.0980447595421085,0.3537190150670217,-0.11749173718810155,0.09924047930699355,,0.22366521092993102,63.23529961750162,0.1260774438611346,0.06084506612428477,True,0,0,10,100,37,C,0,18.7,18.7,37.9,37.9,Persistence
TAP,Molson Coors Beverage Company Class B Common Stock,Consumer Defensive,Beverages - Brewers,United States,その他,41.459999084472656,7.730379776,105.4572390712738,-0.041816461684011354,-0.006417651532630895,0.0935520044855621,0.3836887835703002,-0.1362239119883514,0.27936442317841187,46.48469346711447,0.021932972523887193,0.21142940478228944,False,4,0,25,85,90,S,-20,4.75,1.75,33.0,33.0,Persistence
TDC,Teradata Corporation Common Stock,Technology,Software - Infrastructure,United States,ソフトウェア,28.770000457763672,2.675610112,83.22686427423477,-0.04971428571428571,-0.045280960174577195,0.02116991643454039,0.5935057125676488,0.02888086642599278,0.31309724564362,58.517346788660724,-0.052152984383910306,0.24049631344967756,False,10,24,34,100,80,S,0,30.5,41.0,59.7,59.7,Persistence
TDG,Transdigm Group Incorporated Common Stock,Industrials,Aerospace & Defense,United States,防衛/宇宙,1185.969970703125,65.55629568,536.9953430346679,0.11221662468513854,0.20577069096431283,0.21293055811383313,0.6014041444909977,-0.03404255319148936,1.3108385350735519,39.93237620323834,-0.05686803092153368,0.18208967537715517,False,20,14,64,40,70,A,-20,8.0,3.5,39.2,39.2,Persistence
TDS,"Telephone and Data Systems, Inc. Common Shares",Communication Services,Telecom Services,United States,その他,33.650001525878906,3.873653504,39.55137054347992,-0.05302402970597805,-0.04290048136207091,-0.749655828560872,0.5902482236300558,-0.7435922698688568,0.16722842698102225,49.674059816626006,-0.03604306144789056,0.29155462115022607,False,11,25,33,85,73,A,0,28.3,38.8,54.00000000000001,54.00000000000001,Persistence
TDW,Tidewater Inc. Common Stock,Energy,Oil & Gas Equipment & Services,United States,電力/エネルギー,92.62000274658203,4.6084224,61.44549912212372,0.005164823325296192,0.3325296910350154,0.5593792651972258,0.2982326842530896,0.38626163237763445,0.28457826873310316,57.478751054336996,0.17372144903963005,0.04010773347359169,True,5,24,53,85,57,B,0,22.2,36.45,61.800000000000004,61.800000000000004,Persistence
TDY,Teledyne Technologies Incorporated Common Stock,Technology,Scientific & Technical Instruments,United States,その他,621.9600219726562,28.83137536,172.65610209960937,0.07855379188712522,0.006121905775885015,0.032407577034404424,0.4275762828269614,-0.03086085544125609,0.1728523483346745,19.213779387380995,-0.03921784543755184,0.10030372782398848,True,22,12,41,65,73,A,0,33.55,26.05,53.4,53.4,Persistence
TE,T1 Energy Inc. Common Stock,Industrials,Electrical Equipment & Parts,United States,電力/エネルギー,4.789999961853027,1.41078464,149.2287126115608,3.0,,,0.0735884654340357,1.1084563968056649,0.39983951700595,41.77215056166449,-0.2228567807786685,0.6021594703463921,False,47,83,26,100,43,C,-5,49.55,76.55,42.9,76.55,Transition
TEX,Terex Corporation Common Stock,Industrials,Farm & Heavy Construction Machinery,United States,その他,63.72999954223633,7.2843392,62.37987950193405,0.05734347571679345,-0.004852484472049689,0.16613852421910366,0.19387566869581258,0.7037037037037037,0.42091545854373674,41.93122497394427,-0.04455350425159472,0.14328600145636544,True,27,12,22,85,100,S,-20,23.0,11.75,33.35,33.35,Persistence
TFC,Truist Financial Corporation Common Stock,Financial Services,Banks - Regional,United States,その他,50.43000030517578,61.606612992,294.5770129326248,0.5302756439222774,-0.33682948756368,0.0024533119711610675,,,0.11744390343683908,42.99968340888612,-0.011540990981224419,0.06849997100495284,True,36,22,10,40,87,S,-20,21.700000000000003,11.200000000000003,12.900000000000006,21.700000000000003,Acceleration
TFIN,"Triumph Financial, Inc. Common Stock",Financial Services,Banks - Regional,United States,その他,71.86000061035156,1.717061376,11.7325822996521,0.019954709643573078,-0.004589694267912624,-0.13783823972837558,,2.0928331936295055,0.061572695181071085,35.785103123009904,-0.0605504301217844,0.11371486201880851,True,42,37,30,100,80,S,-25,29.5,25.75,32.5,32.5,Persistence
TGLS,Tecnoglass Holdings Inc. Common Stock,Basic Materials,Building Materials,United States,その他,40.0099983215332,1.775028224,9.994697630710602,0.10495505970134164,0.06830480099368148,0.16285219866865763,0.4284320004879983,-0.6208268750893161,0.13617112771264814,41.46633000723968,-0.08892107342248126,0.4525638320893462,False,27,2,49,100,55,B,-5,35.75,17.0,57.95,57.95,Persistence
TGT,Target Corporation Common Stock,Consumer Defensive,Discount Stores,United States,その他,163.17999267578125,74.131275776,812.9757779101562,-0.01675956684120639,-0.007876214948050497,-0.0156524926686217,0.2793376598587517,-0.36662198391420914,0.3410657253319886,64.96422753497353,0.13767659646331348,0.03949618422493228,True,0,0,21,40,37,C,0,9.7,9.7,28.950000000000003,28.950000000000003,Persistence
THG,Hanover Insurance Group Inc,Financial Services,Insurance - Property & Casualty,United States,その他,227.6699981689453,7.927519232,63.0532059928894,0.05637948783940291,0.042475056594281885,0.09766423088958015,,0.46998241647827177,0.07189349636195186,53.896105102473676,0.03757642111666571,0.021321440096971987,True,23,24,42,85,75,A,-20,17.5,18.25,39.35,39.35,Persistence
THO,"Thor Industries, Inc. Common Stock",Consumer Cyclical,Recreational Vehicles,United States,その他,77.0199966430664,4.009458688,40.846785019683836,-0.046191292836057246,-0.09694616919050802,-0.31821683031903397,0.13994909958672122,0.12077218517268479,0.1306357960982177,41.250865879315185,0.004245102970565702,0.3511598110006662,False,32,12,30,85,73,A,0,44.05,29.05,52.35,52.35,Persistence
TIC,"TIC Solutions, Inc. Common Stock",Industrials,Specialty Business Services,United States,その他,9.5600004196167,2.086186624,23.448338829216958,0.45734564885525264,,-1.0,0.29364188366172295,-0.16843134060921974,0.3896063720725727,38.08050486270487,0.14923188622636355,0.3402346052018624,True,14,8,21,100,43,C,0,29.8,25.3,45.15,45.15,Persistence
TJX,"TJX Companies, Inc. (The) Common Stock",Consumer Cyclical,Apparel Retail,United States,その他,135.1199951171875,149.267644416,927.0028873010253,0.07118523775727466,0.039526347824483096,0.08572973405959629,0.30963029218843174,0.1712720343020486,0.3771353482260184,9.609850044495218,-0.11499670576226151,0.1951409008595005,False,24,24,42,25,53,B,0,27.05,27.05,39.95,39.95,Persistence
TKO,"TKO Group Holdings, Inc. Class A Common Stock",Communication Services,Entertainment,United States,その他,184.63999938964844,34.946760704,213.32105369483946,-0.030524701790923092,0.5145891399021829,1.8284037058379314,0.5980797655660822,1.4798979596204302,0.26220198336054606,45.104467367699876,-0.034220718237531006,0.1727145464288444,False,30,46,42,40,90,S,0,37.5,49.5,51.1,51.1,Persistence
TKR,Timken Company (The) Common Stock,Industrials,Tools & Accessories,United States,その他,120.81999969482422,8.37244416,123.20257008880616,0.001924338508637656,-0.04109876284336339,0.06055551849133809,0.30409446069230434,0.328426561988878,0.3079169662113587,40.637341725519626,-0.10357066439404775,0.16635262113696098,True,27,12,30,85,90,S,0,42.0,30.75,55.75,55.75,Persistence
TMP,Tompkins Financial Corporation Common Stock,Financial Services,Banks - Regional,United States,その他,97.80000305175781,1.406648192,9.59026829925537,-0.13924235032658483,0.36961817397235486,-0.2903458426766504,,-0.6400396588438095,0.0651163531169087,51.4994867716477,0.020494157144771173,0.033692283999219946,True,0,12,25,100,87,S,-25,0.0,7.700000000000003,31.150000000000006,31.150000000000006,Persistence
TNC,Tennant Company Common Stock,Industrials,Specialty Industrial Machinery,United States,その他,69.58000183105469,1.18629056,18.663791791152953,-0.06466153726587394,0.03465744612415568,0.13861930049441495,0.40240963855421685,-0.3718887262079063,0.2606982425723067,50.928716500220105,-0.14125267556816865,0.2366428890152038,False,4,0,25,100,68,A,-5,19.8,16.8,47.35,47.35,Persistence
TNET,"TriNet Group, Inc. Common Stock",Industrials,Staffing & Employment Services,United States,その他,70.2699966430664,3.225725696,25.52944113040924,-0.008509796160696616,0.011814177012414898,0.017729773792541266,0.17684630738522955,0.16417910447761194,0.24809059784040033,59.001218255965455,0.14307709915586764,0.01953399695335179,True,2,12,30,85,45,C,0,18.75,26.25,46.75,46.75,Persistence
TNL,Travel   Leisure Co. Common  Stock,Consumer Cyclical,Travel Services,United States,その他,71.20999908447266,4.363897344,43.86891993598938,0.040631469979296064,0.0304,0.051303616484440706,0.8985327033076349,0.36553524804177545,0.848224852071006,42.00144451491161,-0.04859501272987386,0.09228805794022095,True,38,12,47,85,100,S,-20,31.25,11.75,47.099999999999994,47.099999999999994,Persistence
TOL,"Toll Brothers, Inc. Common Stock",Consumer Cyclical,Residential Construction,United States,その他,146.22000122070312,13.506049024,127.28085556259155,0.011061664610749405,0.0852234486320424,-0.02730956314002607,0.2511448497422612,0.09577117084025609,0.20084572405833498,44.77900897149052,-0.034124483554000384,0.11660867226090052,True,2,12,30,65,100,S,0,21.25,28.75,52.75,52.75,Persistence
TOST,"Toast, Inc. Class A Common Stock",Technology,Software - Infrastructure,United States,ソフトウェア,35.150001525878906,20.316700672,347.5343920866394,0.24052419354838708,0.2833117723156533,0.4152325155620652,0.25889809848854217,0.9869281045751634,0.006359300476947536,46.69119417323681,0.11689422512673885,0.22062078236990657,True,21,36,85,65,70,A,0,32.5,43.75,77.0,77.0,Persistence
TPB,"Turning Point Brands, Inc. Common Stock",Consumer Defensive,Tobacco,United States,その他,83.93000030517578,1.682706048,26.373743645896912,0.283929462651805,0.10950458986538035,0.011938523607768913,0.5707961352907386,-0.2977946475760342,0.40454860883797056,38.01143503898949,0.007379212551414876,0.4118533265769554,False,47,17,45,100,55,B,-5,50.75,28.25,55.75,55.75,Persistence
TPC,Tutor Perini Corporation Common Stock,Industrials,Engineering & Construction,United States,その他,88.83999633789062,4.674290176,46.30207349136352,0.28105822106337947,0.11512084215691505,0.023602686008460057,0.11681588384999636,0.21683846954208544,0.07894199350363207,31.426432016920614,0.0445306705536966,0.10274191311316248,True,50,66,50,85,90,S,0,59.25,71.25,66.75,71.25,Transition
TPL,Texas Pacific Land Corporation Common Stock,Energy,Oil & Gas E&P,United States,電力/エネルギー,364.3800048828125,25.13299456,150.47436681640625,0.1308642535026487,0.11752467958106065,-0.05367968092151592,0.8545947706686378,-0.508631630453065,0.009964405357554282,56.65584330429035,-0.06136494719699278,0.32392751101108813,False,50,14,40,65,63,B,0,53.55,26.55,50.85,53.55,Acceleration
TPR,"Tapestry, Inc. Common Stock",Consumer Cyclical,Luxury Goods,United States,その他,125.48999786376953,25.021661184,446.73247084522245,0.05089039453171843,0.0015463375820084374,-0.003530555763333084,0.7544039824839175,-0.046045173105432984,0.5925385608996276,15.211612028963884,-0.12416738520380183,0.23843913828492988,False,45,0,32,65,41,C,0,47.6,13.850000000000001,42.050000000000004,47.6,Acceleration
TR,"Tootsie Roll Industries, Inc. Common Stock",Consumer Defensive,Confectioners,United States,その他,41.27000045776367,3.101979392,5.653783712711334,0.012868889973548741,-0.05998193315266486,0.11993973535962268,0.352810283349078,-0.20299937133970816,0.011072726721755176,63.82642453680705,0.04994556602051044,0.07676538059732188,True,22,12,29,85,67,A,0,35.95,28.45,50.6,50.6,Persistence
TREX,"Trex Company, Inc. Common Stock",Industrials,Building Products & Equipment,United States,その他,45.77000045776367,4.662369792,82.71646022727967,0.019816770000234487,0.05170815381650419,-0.010131613327872425,0.3917030794529694,2.343278108551212,0.12888999278264476,36.11114177189816,-0.019586838227993945,0.2914860442899354,True,16,25,34,85,73,A,0,32.05,38.8,54.550000000000004,54.550000000000004,Persistence
TRGP,"Targa Resources, Inc. Common Stock",Energy,Oil & Gas Midstream,United States,電力/エネルギー,287.82000732421875,61.717540864,371.2662229476929,0.03948356377621097,0.019999626407974945,-0.23265869716863039,0.2939342153943729,-0.14592776721742945,0.6948101386289376,65.1819799948287,0.04921435963002778,0.04774191125155087,True,33,19,15,40,67,A,-10,27.450000000000003,16.95,21.65,27.450000000000003,Acceleration
TRIN,Trinity Capital Inc. Common Stock,Financial Services,Asset Management,United States,その他,18.559999465942383,1.668314752,19.575695436716078,0.16593159880109862,0.40901317532577014,3.0,,-0.6899936658798912,0.5209040462157867,58.17180502301609,0.05496053871458426,0.009076352399827533,True,5,14,40,100,60,B,-35,0.0,0.0,24.0,24.0,Persistence
TRU,TransUnion Common Stock,Financial Services,Financial Data & Stock Exchanges,United States,その他,85.66999816894531,16.41437184,145.30317049438477,0.0938142358621349,0.09203382752140321,0.03269629909161972,0.5909359089220549,0.28043352041803754,0.4641812668160426,71.61615164379504,0.10111115879230625,0.07994471608079358,True,43,24,42,65,22,D,-20,24.200000000000003,9.95,23.75,24.200000000000003,Acceleration
TRV,"The Travelers Companies, Inc. Common Stock",Financial Services,Insurance - Property & Casualty,United States,その他,369.8999938964844,77.151903744,594.9305046833801,0.051692943913155855,0.12218113262272497,0.12134106678230702,,,0.06448492777020068,42.028964551723085,0.03371086565154825,0.06877802537702331,True,0,12,22,40,87,S,-20,0.0,3.700000000000003,19.5,19.5,Persistence
TSLX,"Sixth Street Specialty Lending, Inc. Common Stock",Financial Services,Asset Management,United States,その他,18.739999771118164,1.786730368,8.957719890594483,-0.14390016365318176,-0.07473135190888276,1.0030917562934092,,,0.509471001605948,48.469399174583955,0.0596550574087022,0.1699916172604856,True,0,0,10,100,85,S,-25,0.0,0.0,22.5,22.5,Persistence
TSN,"Tyson Foods, Inc. Common Stock",Consumer Defensive,Farm Products,United States,その他,55.400001525878906,19.489804288,161.89874845916748,0.021234688326548987,0.008093644220041225,-0.007525993769002665,0.06542862915817123,-0.19272976680384088,0.24087511593649408,39.93135286104672,-0.04316134110643183,0.18739005705646392,False,30,0,25,65,80,S,-20,20.25,0.0,26.0,26.0,Persistence
TTI,"Tetra Technologies, Inc. Common Stock",Industrials,Conglomerates,United States,その他,6.809999942779541,1.00837568,11.854371200394631,0.05311369679408323,-0.04335405948309174,0.13204498086632094,0.24717243696626578,1.8087334437086093,0.3334714492253918,15.925935541159774,-0.21955580311873338,0.4472402506924976,False,30,25,26,100,16,D,-5,34.1,30.35,37.5,37.5,Persistence
TWLO,Twilio Inc. Class A Common Stock,Technology,Software - Infrastructure,United States,ソフトウェア,237.77999877929688,36.517113856,638.073115524292,0.13664851517574106,0.07320535057637981,0.08562376235553681,0.4891703932333706,0.43801020602170493,0.11069329406021355,42.77307226730173,0.1273115785016461,0.07099042151041565,True,39,56,50,40,57,B,0,40.95,53.7,48.9,53.7,Transition
TXNM,"TXNM Energy, Inc. Common Stock",Utilities,Utilities - Regulated Electric,United States,電力/エネルギー,57.63999938964844,5.939577856,45.84627911453247,0.09862373103882459,0.01650218286116219,-0.13796373060449735,0.6239500629385031,0.17248785663726635,0.47313485003464134,58.433718327595955,0.008612538513346734,0.023805418255353848,False,44,12,14,85,65,A,0,52.25,28.25,41.95,52.25,Acceleration
TXT,Textron Inc. Common Stock,Industrials,Aerospace & Defense,United States,防衛/宇宙,83.04000091552734,14.281793536,114.76917006534576,0.08006130491898993,0.0013885843747716143,0.06325277799362809,0.18210689911480504,0.42923076923076925,0.21391141265375918,27.74566091613447,-0.06355932236200383,0.17558922143224934,False,23,24,42,65,53,B,0,32.3,33.05,49.95,49.95,Persistence
TYL,"Tyler Technologies, Inc. Common Stock",Technology,Software - Application,United States,ソフトウェア,377.94000244140625,15.477501952,286.0646775479126,0.09099856254294712,0.09532568447512003,0.05488421817269879,0.46464066131010057,0.08013440125840225,0.1139596531810769,80.1709282822782,0.19627159521852014,0.3323794051567971,True,10,24,50,65,18,D,0,19.05,29.55,47.35,47.35,Persistence
UA,"Under Armour, Inc. Class C Common Stock",Consumer Cyclical,Apparel Manufacturing,United States,その他,4.940000057220459,2.121954944,14.122724350584768,-0.038328450460952186,-0.0942792717979459,-0.034097979643123645,0.4548307919063622,0.2887681302439003,0.4392589250976177,27.439022971929404,-0.19048242093051584,0.3730964485435227,False,31,12,10,100,24,D,-10,30.65,16.4,25.299999999999997,30.65,Acceleration
UAA,"Under Armour, Inc. Class A Common Stock",Consumer Cyclical,Apparel Manufacturing,United States,その他,5.079999923706055,2.182091264,45.47420351704597,-0.038328450460952186,-0.0942792717979459,-0.034097979643123645,0.4548307919063622,0.2887681302439003,0.4392589250976177,26.900573543387182,-0.18816123148917918,0.37592141161601045,False,31,12,10,100,24,D,-10,30.65,16.4,25.299999999999997,30.65,Acceleration
UBER,"Uber Technologies, Inc. Common Stock",Technology,Software - Application,United States,ソフトウェア,78.81999969482422,160.99459072,1519.5802325164796,0.18279594342625857,0.17963573938467317,0.16952661793769802,0.39754311090604993,0.4159535895576505,0.1954629300022653,52.38959872501811,0.0696856308881882,0.21258740363316195,True,47,33,79,25,85,S,0,47.5,37.0,66.7,66.7,Persistence
UEC,Uranium Energy Corp. Common Stock,Energy,Uranium,United States,電力/エネルギー,12.399999618530273,6.136416768,99.74410893150329,3.0,-0.9986373784133975,3.0,0.36621930966380895,0.36175226311240505,,58.17306950189031,0.15162431238424612,0.38430983146386644,False,62,52,12,85,43,C,-10,53.55,46.05,26.450000000000003,53.55,Acceleration
UGI,UGI Corporation Common Stock,Utilities,Utilities - Regulated Gas,United States,その他,38.0099983215332,8.152952832,95.4761744839096,0.010679611650485437,-0.19242831541218638,-0.1165644171779141,0.49855907780979825,0.010362694300518135,0.46138921226232055,76.7999776204427,0.0534746746798223,0.04471321674482068,True,28,24,30,85,37,C,0,37.45,34.45,45.15,45.15,Persistence
UHAL,U-Haul Holding Company Common Stock,Industrials,Rental & Leasing Services,United States,その他,68.58999633789062,13.4089472,10.59852623413086,0.03588368863195946,0.03608296534779655,-0.04075525888746739,0.8583448758566629,0.3194666605273536,0.3778268484148731,19.821753998428235,-0.019490170613708575,0.08874718484248954,True,20,12,21,65,73,A,0,32.05,26.05,42.400000000000006,42.400000000000006,Persistence
UHAL-B,U-Haul Holding Company Series N Non-Voting Common Stock ,Industrials,Rental & Leasing Services,United States,その他,60.43000030517578,11.813714944,20.64722999976997,0.03588368863195946,0.03608296534779655,-0.04075525888746739,0.8583448758566629,0.3194666605273536,0.3778268484148731,19.005812403586717,-0.016992376295729545,0.08467126055932178,True,20,12,21,65,73,A,0,32.05,26.05,42.400000000000006,42.400000000000006,Persistence
UI,Ubiquiti Inc. Common Stock,Technology,Communication Equipment,United States,通信/光通信,599.3499755859375,36.277682176,92.92322021484375,0.27223809958636824,0.334487085751028,-0.006195272175590772,0.4616063591233421,0.4486525426295062,0.03637583648365246,60.824587555235894,0.08012823591284092,0.44663872365268315,False,25,36,63,40,30,D,0,27.75,36.0,50.650000000000006,50.650000000000006,Persistence
ULS,UL Solutions Inc. Class A Common Stock,Industrials,Specialty Business Services,United States,その他,74.43000030517578,15.027280896,69.33042883426667,0.06376306620209059,0.07169529499626587,0.0626984126984127,0.4945954798558795,0.40418118466898956,0.23382403286545703,28.605220986029934,-0.12687780173113003,0.28936458237802537,False,16,12,50,65,24,D,0,24.15,21.15,48.55,48.55,Persistence
UMAC,"Unusual Machines, Inc. Common Stock",Technology,Computer Hardware,United States,その他,23.979999542236328,1.197956992,124.62369792100907,1.0123225640794355,,,0.34885001335361215,,0.014394821466733328,44.3409756605423,0.05837384896736376,0.29594836830979016,True,29,28,14,100,68,A,-15,28.549999999999997,27.799999999999997,31.300000000000004,31.300000000000004,Persistence
UNF,Unifirst Corporation Common Stock,Industrials,Specialty Business Services,United States,その他,281.8800048828125,5.09756672,49.88430446411133,0.0020272460885602927,0.08704877237245791,0.11606479736828164,0.3658812540290221,0.056914246729748166,0.026074499083024526,33.418799851846444,-0.002596463383679181,0.0641123457022792,True,6,24,46,85,77,A,0,24.95,38.45,61.949999999999996,61.949999999999996,Persistence
UNM,Unum Group Common Stock,Financial Services,Insurance - Life,United States,その他,93.05000305175781,14.730447872,122.02158675193786,0.015167981485680332,0.03911054782389692,0.0365221052631579,,-0.5997117117117117,0.05931416228742715,54.74286347057802,0.044058332832758916,0.0030000940083953587,True,0,0,37,65,75,A,-20,0.0,0.0,31.6,31.6,Persistence
USB,U.S. Bancorp Common Stock,Financial Services,Banks - Regional,United States,その他,62.470001220703125,97.331478528,377.657082429657,0.04408267788549479,-0.02420304858458573,0.1583278200463116,,,0.09881345283059746,36.52034468656053,-0.0036278220582315023,0.045093198269799746,True,18,12,10,40,77,A,-20,7.199999999999999,2.6999999999999993,10.899999999999999,10.899999999999999,Persistence
USFD,US Foods Holding Corp. Common Stock,Consumer Defensive,Food Distribution,United States,その他,107.2699966430664,23.20579584,226.48665281227113,0.04084272777675106,0.06405034132089783,0.045218310479490265,0.17410714285714285,0.15126050420168066,0.41045686007315496,44.03508983270224,0.04914252253491006,0.033080996192317406,True,2,24,34,65,87,S,-20,0.0,16.450000000000003,32.35000000000001,32.35000000000001,Persistence
UTI,Universal Technical Institute Inc Common Stock,Consumer Defensive,Education & Training Services,United States,その他,21.309999465942383,1.17407936,43.20581081720352,0.1404815425959516,0.20625181097384296,0.45047460986472126,0.4967891950369548,-0.10138480770167378,0.33759936281908975,20.24202554126525,-0.4118653769784033,0.5837890791328388,False,13,14,76,100,8,D,-5,20.55,21.3,63.400000000000006,63.400000000000006,Persistence
UTZ,Utz Brands Inc Class A Common Stock ,Consumer Defensive,Packaged Foods,United States,その他,14.199999809265137,2.044263296,33.03118755632401,0.021004825432869714,-0.020164094006396883,0.021158036667113984,0.24902696691687518,3.0,0.36801975945017185,59.57445945068502,0.24704265287111615,0.0035087853147272477,True,30,25,26,100,45,C,-20,22.0,18.25,28.299999999999997,28.299999999999997,Persistence
UUUU,Energy Fuels Inc Ordinary Shares (Canada),Energy,Uranium,United States,電力/エネルギー,14.670000076293945,3.666986496,107.7757961605072,-0.15607957600430142,1.0595338536173804,2.0306032760687174,0.20862534510482084,-0.8837655843722915,0.4785827409671835,52.33990166586431,0.0749300275694713,0.47077920491771186,False,0,0,10,85,50,B,-10,7.75,7.75,26.75,26.75,Persistence
UVE,UNIVERSAL INSURANCE HOLDINGS INC Common Stock,Financial Services,Insurance - Property & Casualty,United States,その他,43.43000030517578,1.208672384,8.659724910850525,0.0548352686158039,0.09266719460297704,0.13816128467649988,,1.9006462035541196,0.03538443389166794,50.161816093216935,0.037792249085439204,0.03660162952216772,True,12,24,42,100,87,S,-25,7.700000000000003,16.700000000000003,40.5,40.5,Persistence
UVV,Universal Corporation Common Stock,Consumer Defensive,Tobacco,United States,その他,45.7400016784668,1.138892032,15.885273882923126,-0.0077406860010776025,0.07229606053759532,0.06955690350778886,0.17507992901277838,-0.696372171136992,0.33968238019320024,38.75339019540241,-0.08734890770499007,0.19644962515064307,False,0,0,21,100,70,A,-5,17.0,17.0,45.55,45.55,Persistence
UWMC,UWM Holdings Corporation Class A Common Stock,Financial Services,Mortgage Finance,United States,その他,1.4900000095367432,4.270327296,34.83184197294116,0.09766002898728926,0.7829349635186401,-0.568800246867703,,0.5666889562884595,0.25953216896584236,55.1282088510469,-0.18122869915112613,0.7597419912305529,False,9,24,14,85,43,C,-30,0.0,5.049999999999997,7.550000000000004,7.550000000000004,Persistence
V,Visa Inc.,Financial Services,Credit Services,United States,その他,381.6000061035156,712.465252352,2574.2564691740417,0.1133997661860491,0.10023581294214927,0.11405663596042306,0.803625,0.15428235168244797,0.2526523934274845,70.97934303807759,0.06610988667042125,0.006612194637537239,True,40,26,71,10,25,D,-20,14.0,3.5,26.550000000000004,26.550000000000004,Persistence
VAC,Marriott Vacations Worldwide Corporation Common Stock,Consumer Cyclical,Resorts & Casinos,United States,その他,110.08999633789062,3.786580736,59.94014985610962,0.013086370042279041,0.05077215993230379,0.01524914089347079,0.3751987281399046,-1.195945945945946,0.582146151480988,45.459783803732094,0.0511129440770801,0.11751505941570642,True,4,0,18,85,85,S,0,24.25,21.25,48.15,48.15,Persistence
VAL,Valaris Limited Common Shares,Energy,Oil & Gas Drilling,United States,電力/エネルギー,86.29000091552734,5.991616,87.64389102989196,0.0027088800474054007,0.32417890371034636,0.11338533541341654,0.25031658927817646,3.0,0.21846252450610767,52.269930610000124,0.08368854476396045,0.2391994153712324,True,18,44,50,85,85,S,0,34.75,54.25,65.75,65.75,Persistence
VFC,V.F. Corporation Common Stock,Consumer Cyclical,Apparel Manufacturing,United States,その他,13.670000076293945,5.374149632,85.98115637987136,0.010575409553030183,-0.041448199507890436,-0.10583848895143534,0.5477981890447545,0.49011977724910305,0.536411093136331,29.010235241963258,-0.13580558708019516,0.3622870802889962,False,46,47,30,85,24,D,0,49.65,50.4,42.55,50.4,Transition
VG,"Venture Global, Inc. Class A common stock",Energy,Oil & Gas Midstream,United States,電力/エネルギー,14.180000305175781,35.451318272,189.35114517513276,1.7693081255028158,-0.37039382043814106,0.22472084367245657,0.50170673251507,0.4122579529737206,0.653014257381282,49.20948683646595,0.09302256094592475,0.18998627278938685,True,56,34,16,40,85,S,-10,46.5,30.0,25.799999999999997,46.5,Acceleration
VIA,"Via Transportation, Inc. Class A Common Stock",Technology,Software - Application,United States,ソフトウェア,28.56999969482422,2.432508416,20.59197013004303,0.28642893107839945,0.3567392929187395,,0.3955453944747972,0.5056912098692433,0.026090752221744794,80.94118475996686,0.36522195195520485,0.4702392076181336,True,28,31,14,100,10,D,-10,27.0,29.25,24.700000000000003,29.25,Transition
VIRT,"Virtu Financial, Inc. Class A Common Stock",Financial Services,Capital Markets,United States,その他,66.38999938964844,5.86228224,102.74350330543518,0.2624895331825486,0.2544618777669398,-0.030209166732915765,0.6426715761987909,-0.16485152695721142,0.445499161916468,74.54212287864269,0.09426249207697852,0.02267040937154253,True,57,24,44,85,25,D,-20,38.0,13.25,30.450000000000003,38.0,Acceleration
VLO,Valero Energy Corporation Common Stock,Energy,Oil & Gas Refining & Marketing,United States,電力/エネルギー,352.3599853515625,101.45411072,864.3954216650391,-0.05538916392697931,-0.10282110440296754,-0.1792519687271449,0.04376176775045441,-0.1291551246537396,0.20181761743809065,74.36500137541958,0.16585750742859887,0.0,True,30,0,25,25,10,D,0,27.25,4.75,22.0,27.25,Acceleration
VLTO,Veralto Corp Common Stock ,Industrials,Pollution & Treatment Controls,United States,その他,98.55999755859375,24.028270592,131.3504159463501,0.05969574427113422,0.03425612427803226,0.031006160164271046,0.599491186625477,0.23658536585365852,0.3742363187313142,56.07709968088304,0.0494705437396693,0.09179295381911204,True,43,24,46,65,100,S,0,52.0,37.75,61.55,61.55,Persistence
VMC,Vulcan Materials Company (Holding Company) Common Stock,Basic Materials,Building Materials,United States,その他,274.510009765625,35.570659328,234.9654703088379,0.07056095555226014,-0.04680090980351842,0.06379866579177602,0.2738411555074234,0.40838605632055575,0.2924900002395152,38.73783816247815,-0.04095531816786859,0.1643040245804957,False,23,24,26,40,80,S,0,31.25,32.0,40.3,40.3,Persistence
VMI,"Valmont Industries, Inc. Common Stock",Industrials,Conglomerates,United States,その他,476.2799987792969,9.194517504,75.00457420776367,0.007133192017538995,-0.02384996112200504,-0.039273229388412635,0.30212114611186563,-0.3685483560307931,0.2747342274975225,38.75739454165773,-0.0767038447773549,0.18274473263053914,True,34,0,25,85,80,S,0,46.25,20.75,51.0,51.0,Persistence
VNT,Vontier Corporation Common Stock ,Technology,Scientific & Technical Instruments,United States,その他,32.7599983215332,4.429151744,52.82271269361496,0.0324269889224572,-0.037542000516929436,-0.028011556337143573,0.47171283651970347,0.279292343387471,0.48880699505585057,35.49015882609014,0.04388385024121088,0.2455710941069533,False,31,12,30,85,80,S,0,44.0,29.75,53.75,53.75,Persistence
VOYA,"Voya Financial, Inc. Common Stock",Financial Services,Financial Conglomerates,United States,その他,102.55000305175781,9.290655744,100.37748123710632,0.012165758459003929,0.0939969499514765,0.2410529938059188,,,0.0181036458886609,58.930610852619225,0.05445555280103197,0.0,True,0,0,30,85,60,B,-20,0.0,0.0,29.75,29.75,Persistence
VOYG,"Voyager Technologies, Inc. Class A Common Stock",Industrials,Aerospace & Defense,United States,防衛/宇宙,34.290000915527344,2.092686464,58.45210716064453,0.15424469413233458,0.05966397671649689,,0.17951676190819557,-0.9002449055034425,0.4443802394012494,20.71285314162195,0.041413603739153024,0.3376472742451936,True,5,2,2,100,56,B,-10,14.350000000000001,12.100000000000001,27.300000000000004,27.300000000000004,Persistence
VRT,"Vertiv Holdings, LLC Class A Common Stock",Industrials,Electrical Equipment & Parts,United States,電力/エネルギー,257.0799865722656,98.97275392,1171.9698157859802,0.27685414014328863,0.16735633523720714,0.20586840024598085,0.363170705480992,0.6626145172656801,0.26431332088696735,43.421572013618196,-0.1114005811246068,0.3165524341743376,True,40,29,85,40,73,A,0,43.3,35.05,71.35000000000001,71.35000000000001,Persistence
VRTS,"Virtus Investment Partners, Inc. Common Stock",Financial Services,Asset Management,United States,その他,168.52000427246094,1.126071168,20.08674190925598,-0.060835208946230464,0.07288424630266731,-0.04563131791421076,0.5273931970189635,-18.37473849372385,0.6625209731543624,58.35922296951282,0.05947428454478255,0.11140506211685114,True,8,12,8,100,85,S,-45,0.0,0.0,1.3999999999999986,1.3999999999999986,Persistence
VSH,"Vishay Intertechnology, Inc. Common Stock",Technology,Semiconductors,United States,半導体,30.559999465942383,4.687267328,130.33259132234573,0.04475135544921734,-0.13652317944060116,-0.02726481750305441,0.19383307136284605,0.39208345573416586,0.2534712906456062,39.10473194748799,-0.24053779380465307,0.5291217450317537,True,23,30,6,85,43,C,0,34.3,39.55,33.15,39.55,Transition
VST,Vistra Corp. Common Stock,Utilities,Utilities - Independent Power Producers,United States,電力/エネルギー,137.08999633789062,46.012227584,627.9640335250855,0.029842080817464003,0.16543744502334393,0.07655885780885781,0.3288984101928064,-0.46961770623742455,0.4829843561973526,40.35380435945154,-0.09731903210988128,0.3682960827569235,False,4,0,33,40,63,B,0,15.3,12.3,40.75,40.75,Persistence
VSTS,Vestis Corporation Common Stock,Industrials,Rental & Leasing Services,United States,その他,12.479999542236328,1.64935808,17.29983776544571,-0.025297773912795547,-0.006889921940646009,0.05146287409215837,0.265009018812442,-0.9853162391857118,0.48803502012453126,25.951554010464022,-0.12102775258760232,0.24363639137961648,True,0,0,17,100,51,B,-5,15.100000000000001,15.100000000000001,39.550000000000004,39.550000000000004,Persistence
VSXY,Victorias Secret & Co. Common Stock ,Consumer Cyclical,Apparel Retail,United States,その他,87.8499984741211,6.983347712,123.08443661212921,0.05184590690208668,0.007764477515367195,-0.0255359394703657,0.3638028383946284,0.2631578947368421,0.5677239178136845,31.22676527208074,0.02576974883337964,0.12123639690495532,True,39,12,26,85,90,S,0,51.0,30.75,53.55,53.55,Persistence
VTOL,"Bristow Group, Inc. Common Stock",Energy,Oil & Gas Equipment & Services,United States,電力/エネルギー,43.72999954223633,1.296244608,10.631200188713073,0.05299998375122131,0.09099688692020912,0.09468834057259341,0.6677369923891925,1.7231349313223807,0.3950380333506255,34.63057262295543,-0.01299280733073274,0.12063782609342678,True,24,37,50,100,90,S,-5,37.0,46.75,65.5,65.5,Persistence
VVV,Valvoline Inc. Common Stock,Consumer Cyclical,Auto & Truck Dealerships,United States,その他,32.11000061035156,4.095183616,73.54715364799499,0.05639283508338481,0.12157949428472463,0.16778577784968854,0.38502017189966675,-0.06633906633906633,0.520259137207909,35.17491792763863,-0.13524255466341792,0.21047450071266466,False,4,0,41,85,58,B,0,21.55,18.55,55.4,55.4,Persistence
VVX,"V2X, Inc. Common Stock",Industrials,Aerospace & Defense,United States,防衛/宇宙,77.69000244140625,2.435220992,45.157313919067384,0.036528768635090594,0.09059237581646408,0.37091592121375644,0.0833434894971873,-0.2985399051350794,0.33472190048889916,34.38807245510728,-0.02310150324221822,0.14447743056839116,True,0,12,48,100,90,S,0,24.0,33.0,69.4,69.4,Persistence
VYX,NCR Voyix Corporation Common Stock,Technology,Information Technology Services,United States,その他,8.779999732971191,1.212253696,21.101631858229638,-0.046486870120652946,-0.10991787744788377,-0.002520478890989288,0.23595087458131744,-0.07449856733524356,0.33817903596021426,62.24783461696861,0.07976482631148797,0.340345645667227,True,21,0,6,100,48,C,-15,20.549999999999997,4.800000000000001,22.900000000000006,22.900000000000006,Persistence
VZ,Verizon Communications Inc. Common Stock,Communication Services,Telecom Services,United States,その他,50.099998474121094,208.154230784,934.5556020365524,0.025247054633943673,0.006075805753355128,-0.020908393320422408,0.5892279526163064,0.03984779621604482,0.44932444132212596,73.72487724577731,0.09474047008156015,0.0029851049926150498,True,40,12,30,25,25,D,0,36.25,15.25,27.75,36.25,Acceleration
W,Wayfair Inc. Class A Common Stock,Consumer Cyclical,Internet Retail,United States,その他,103.76000213623047,14.211806208,352.7518416625214,0.051134925322757575,-0.0126635007914688,-0.017596988050417418,0.30223970458376814,2.963855421686747,1.2491279069767443,51.05663482702957,0.08824019170510752,0.1284334357293541,True,49,37,24,65,85,S,-20,35.0,26.0,26.450000000000003,35.0,Acceleration
WAL,Western Alliance Bancorporation Common Stock (DE),Financial Services,Banks - Regional,United States,その他,78.52999877929688,8.567690752,75.1771604814148,0.12275371687136392,0.20821618244298656,0.030337169067353342,,0.01153655601953429,0.06980403992497898,42.64782649530148,-0.030004129549612252,0.17003232356235057,False,7,26,30,85,90,S,-30,0.0,11.25,25.75,25.75,Persistence
WBI,WaterBridge Infrastructure LLC Class A Shares Representing Limited Liability Company Interests,Energy,Oil & Gas Equipment & Services,United States,電力/エネルギー,31.440000534057617,3.881463296,16.810496685552597,0.6615859827503351,0.5754381945240005,,0.27065015326713004,-0.3812600218447166,0.3923719331246858,44.67925232585466,-0.0399808542411437,0.13035590925987886,True,18,22,6,85,100,S,0,36.25,39.25,44.55,44.55,Persistence
WCC,"WESCO International, Inc. Common Stock",Industrials,Industrial Distribution,United States,その他,336.4200134277344,16.394707968,173.5775880281067,0.07755238601572956,-0.025302431963976198,0.04505581206436945,0.21147637904121067,-0.9749627421758569,0.3960981879247525,35.871714522770276,-0.019834026959059583,0.10072171093564479,True,18,0,21,65,90,S,0,32.25,18.75,45.8,45.8,Persistence
WD,"Walker & Dunlop, Inc Common Stock",Financial Services,Mortgage Finance,United States,その他,41.349998474121094,1.419369472,20.104576008110048,0.08990454661851319,0.07402033306778953,-0.16231381375059284,0.4227330985995369,-6.842729256516435,0.4888199928925474,43.72773328916087,-0.12086372828416035,0.5007421400993591,False,34,0,6,100,43,C,-35,9.799999999999997,0.0,1.8999999999999986,9.799999999999997,Acceleration
WEC,"WEC Energy Group, Inc. Common Stock",Utilities,Utilities - Regulated Electric,United States,電力/エネルギー,106.22000122070312,34.611720192,261.36599720367434,0.13955976232281772,-0.03295850669065557,-0.07339487777939858,0.4217814103937715,-3.3652194102623634,0.43313152802014043,53.264583940461826,-0.04588287140610663,0.09847773349820323,False,39,14,6,40,90,S,0,44.25,25.5,31.3,44.25,Acceleration
WEX,WEX Inc. common stock,Technology,Software - Infrastructure,United States,ソフトウェア,197.32000732421875,6.724983808,108.8012654385376,0.012403926641808082,0.031475667189952906,0.08397855866587255,0.5863650030066145,-0.26869300911854105,0.33739365950206607,62.63660981664262,0.15497183453707186,0.029175855723400985,True,8,0,41,85,25,D,0,21.25,15.25,48.8,48.8,Persistence
WFC,Wells Fargo & Company Common Stock,Financial Services,Banks - Diversified,United States,その他,86.69000244140625,262.150504448,978.0305392437745,0.01704821619519782,-0.0036442001525479133,0.11065243115318417,,,0.08984092661792556,46.456049594261344,0.009645267102411138,0.08582706889111086,True,18,12,10,25,100,S,-30,0.0,0.0,1.75,1.75,Persistence
WH,"Wyndham Hotels & Resorts, Inc. Common Stock ",Consumer Cyclical,Lodging,United States,その他,76.0199966430664,5.641529344,91.18028447360993,0.014914772727272728,0.007874015748031496,-0.06742323097463285,,0.33195020746887965,0.6128646580583453,69.3776053933859,-0.02084791668186128,0.14988343427164658,False,35,12,20,85,70,A,-10,36.0,18.75,36.25,36.25,Persistence
WHD,"Cactus, Inc. Class A Common Stock",Energy,Oil & Gas Equipment & Services,United States,電力/エネルギー,69.6500015258789,4.856915456,51.5044348783493,-0.044930404473656725,0.029950043757292884,0.5935639170270596,0.37015673957950085,-0.20699653711855043,0.020169190598290143,45.47194690566901,0.15932237385553497,0.055337062868463884,True,4,0,37,85,57,B,0,21.45,18.45,53.0,53.0,Persistence
WHR,Whirlpool Corporation Common Stock,Consumer Cyclical,"Furnishings, Fixtures & Appliances",United States,その他,41.150001525878906,2.682954496,93.79011222782135,-0.0652134642018426,-0.14638910305833977,-0.01363820726019063,0.15369750064416388,-0.7890625,0.44934058378648667,45.01955031299872,0.04394995490641019,0.5579456488207268,False,18,35,17,100,65,A,0,35.0,47.75,47.35,47.75,Transition
WK,Workiva Inc. Class A Common Stock,Technology,Software - Application,United States,ソフトウェア,79.1500015258789,4.307065344,66.9830632913208,0.19749824010396924,0.1724353571763018,0.17134836160818034,0.7847197728156569,0.5972235119323985,0.533853429130587,74.17247367748251,0.3240081457224536,0.15175218522348705,True,65,39,82,85,35,C,0,65.0,45.5,73.35,73.35,Persistence
WKC,World Kinect Corporation Common Stock,Energy,Oil & Gas Refining & Marketing,United States,電力/エネルギー,35.45000076293945,1.813324928,33.67838697481155,-0.12453519256308102,-0.11617124915637196,-0.19193606026783824,0.025674086996093897,0.18570683359415754,0.11887992632889374,34.68994124922469,-0.01067409366947552,0.11925463943007569,True,2,12,30,100,90,S,-5,20.5,28.0,54.5,54.5,Persistence
WLK,Westlake Corporation Common Stock,Basic Materials,Specialty Chemicals,United States,その他,75.70999908447266,9.675475968,78.28224630336761,-0.0800527096030308,-0.03235575390500478,-0.20552108395593263,0.07278424350940017,-2.7320261437908497,0.3211261960823606,41.09421108228344,-0.0001403486649194435,0.37840020059646506,False,0,0,6,85,73,A,0,20.05,20.05,39.150000000000006,39.150000000000006,Persistence
WLY,"John Wiley & Sons, Inc. Common Stock",Communication Services,Publishing,United States,その他,53.709999084472656,2.726512384,20.113000882658767,-0.0006443694567685318,-0.10431359107137422,-0.07273280855487896,0.7426174808890755,0.4745236485640602,0.2966624199693034,58.93635440574353,0.058048766208442425,0.03607326080753278,True,38,24,38,100,72,A,0,50.7,40.2,60.300000000000004,60.300000000000004,Persistence
WM,"Waste Management, Inc. Common Stock",Industrials,Waste Management,United States,その他,219.66000366210938,87.801438208,438.85103321640014,0.1423650455513756,0.08014295505727993,0.03695806680881308,0.4043802571020473,0.30430754979157015,0.4997709174211847,32.40367324578372,-0.03753802014308411,0.10150048074927606,False,44,14,38,40,80,S,0,47.0,24.5,46.900000000000006,47.0,Acceleration
WMB,"Williams Companies, Inc. (The) Common Stock",Energy,Oil & Gas Midstream,United States,電力/エネルギー,73.7300033569336,90.184146944,470.8486490377808,0.1377701609064077,-0.037040432749610344,-0.005289557683538532,0.619581589958159,-0.6084494773519163,0.5018182439007733,55.421007150688936,0.0038859711387318864,0.06455338676112053,True,41,21,29,40,87,S,0,45.45,30.450000000000003,43.35000000000001,45.45,Acceleration
WMS,"Advanced Drainage Systems, Inc. Common Stock",Industrials,Building Products & Equipment,United States,その他,136.99000549316406,10.329778176,96.89714058547973,0.05031634727786395,0.010357376813071474,-0.06403134230139418,0.38270232915548774,0.5446822250622038,0.3979909104689851,43.93782948727274,-0.060407156183826485,0.21694925691191586,False,43,12,30,65,80,S,0,50.0,26.75,48.75,50.0,Acceleration
WOLF,"Wolfspeed, Inc. Common Stock New",Technology,Semiconductors,United States,半導体,25.850000381469727,1.343478784,113.14493466968537,,-0.061446977205153616,,,0.38167668906968516,0.5977569969050551,41.176472309928286,-0.21450535789397512,0.6482993145378269,False,5,12,2,100,43,C,-15,8.05,13.3,19.700000000000003,19.700000000000003,Persistence
WOR,"Worthington Enterprises, Inc. Common Shares",Industrials,Metal Fabrication,United States,その他,57.31999969482422,2.804483328,11.724805937576294,0.1972070496341533,-0.07380651728381485,-0.1218142314112976,0.2738559261908416,0.06937498429293056,0.18925805599806067,52.328768411795046,0.016157108023871495,0.11704804671753823,True,37,26,30,100,100,S,0,52.75,44.5,61.5,61.5,Persistence
WRB,W.R. Berkley Corporation Common Stock,Financial Services,Insurance - Property & Casualty,United States,その他,68.44000244140625,25.40681216,109.01020928863525,0.06929465563392585,0.13045750692812624,0.07967155397194847,,-0.04481792011464574,0.06443512570865365,34.25925645598005,-0.036967696262654566,0.10465027378799581,False,0,12,37,65,80,S,-20,0.0,6.75,32.6,32.6,Persistence
WS,"Worthington Steel, Inc. Common Shares",Basic Materials,Steel,United States,その他,34.060001373291016,1.735241984,7.300761294364929,0.11330941066175282,-0.09832099341223109,-0.049089447570474266,0.11710900749172426,-0.1991991991991992,0.15729888119339372,26.50464209836622,-0.04847573200237487,0.2944354626304162,False,23,2,25,100,46,C,-5,31.85,16.1,42.95,42.95,Persistence
WSM,"Williams-Sonoma, Inc. Common Stock (DE)",Consumer Cyclical,Specialty Retail,United States,その他,235.08999633789062,27.686078464,247.386378596344,0.012354858775956712,-0.00504615611693055,-0.10649303578557498,0.46152631239163316,-0.07307217726176937,0.2692033795080186,24.60443918902274,0.008360353673686503,0.06628803924983821,True,38,0,29,65,60,B,0,44.25,15.75,44.2,44.25,Acceleration
WSO,"Watsco, Inc. Common Stock",Industrials,Industrial Distribution,United States,その他,310.760009765625,12.819531776,150.18098991943359,-0.049752064662050684,0.045930903610727804,0.0012953745382401492,0.28047833420128215,-0.2798730033969842,0.10845054311572085,37.343301466111754,-0.12172446438890785,0.3139451396443518,False,0,0,25,65,41,C,0,13.850000000000001,13.850000000000001,38.2,38.2,Persistence
WT,"WisdomTree, Inc. Common Stock",Financial Services,Asset Management,United States,その他,24.43000030517578,3.701441024,62.6413302325058,0.15433782908656488,0.22548455026000258,0.15825714712372863,0.5406043102522922,0.30435918690982483,0.6322698637950852,73.60061165305345,0.19430540055280884,0.024361045848576634,True,21,33,73,85,10,D,-30,0.0,8.5,33.400000000000006,33.400000000000006,Persistence
WTRG,"Essential Utilities, Inc. Common Stock",Utilities,Utilities - Regulated Water,United States,その他,41.099998474121094,11.657315328,81.57753747135162,0.18623248117431798,0.01572140553426194,-0.10236220472440945,0.578350167601829,0.2500572037382643,0.42660170168321404,62.431588236223426,0.05002287726663198,0.005805555819567957,True,48,26,10,65,40,C,0,49.75,33.25,29.75,49.75,Acceleration
WTS,"Watts Water Technologies, Inc. Class A Common Stock",Industrials,Specialty Industrial Machinery,United States,その他,366.3399963378906,12.229545984,69.7108379031372,0.08271911908356273,0.09526820016534553,0.03879767618085375,0.4945663317613287,0.09361571516267649,0.06861724281549354,32.622312096060426,0.012955444546585121,0.06600722515682245,True,10,24,50,65,77,A,0,24.95,35.45,59.15,59.15,Persistence
WTTR,"Select Water Solutions, Inc. Class A common stock",Energy,Oil & Gas Equipment & Services,United States,電力/エネルギー,19.280000686645508,2.751907072,32.622628761835095,-0.03080488266790627,-0.08406834313872052,0.14266264000807255,0.1438155845337032,-2.294105259747623,0.22105812691305907,34.78261810149908,-0.014825869853879993,0.13093352053122703,True,18,0,10,100,90,S,0,37.5,24.0,48.5,48.5,Persistence
WU,Western Union Company (The) Common Stock,Financial Services,Credit Services,United States,その他,7.239999771118164,2.258003712,70.5812011686802,-0.037769912345297765,-0.03380766582510902,-0.026477488548765502,0.3703310538919199,0.42509974610083423,0.37365005598430034,59.45943856082831,-0.046264131266208465,0.254445056926996,False,9,12,30,100,73,A,-20,9.05,11.3,36.1,36.1,Persistence
WWW,"Wolverine World Wide, Inc. Common Stock",Consumer Cyclical,Footwear & Accessories,United States,その他,20.34000015258789,1.669229312,17.043699727859497,0.06797720797720798,-0.21753087520620626,-0.16459326579261024,0.4730832844261858,-0.21513445903689807,0.4457965248932311,58.12357044325343,0.08705406844701048,0.35083526553465205,True,29,12,25,100,68,A,-5,38.55,25.8,47.35,47.35,Persistence
XOM,ExxonMobil Holdings Corporation Common Stock,Energy,Oil & Gas Integrated,United States,電力/エネルギー,156.7100067138672,644.377739264,2204.6473052028655,-0.04522368657644725,0.013594385369453565,-0.16047657866683387,0.21994103209274324,-0.23128011459825498,0.09696868457392312,45.18599288203232,0.04624827330502043,0.0739179625693278,True,0,0,25,10,87,S,0,10.200000000000001,10.200000000000001,33.650000000000006,33.650000000000006,Persistence
XPO,"XPO, Inc. Common Stock",Industrials,Trucking,United States,その他,188.55999755859375,22.077822976,150.25309125457764,0.010530227948463826,0.042355371900826444,0.0033687483804094327,0.12001961505455437,3.0,0.49914571637783745,33.42606269245833,-0.07477738955322373,0.1743223646266023,True,12,12,34,65,80,S,0,26.75,26.75,50.95,50.95,Persistence
XPRO,Expro Ltd Ordinary Shares,Energy,Oil & Gas Equipment & Services,United States,電力/エネルギー,17.610000610351562,1.978468608,14.416779199676514,-0.061715831719019475,0.13223344817830143,0.18238449044800056,0.11935573192623958,2.7750453615411343,0.07458236240476049,47.12918562039789,0.09044303117900168,0.07120245460489914,True,12,12,30,100,72,A,-5,26.2,26.2,50.9,50.9,Persistence
XXI,"Twenty One Capital, Inc. Class A Common Stock",Consumer Defensive,Education & Training Services,United States,その他,6.010000228881836,3.379857152,9.011784993200303,,,,,,0.12333634268776654,69.58905244191664,0.15929173797256402,0.7557903258907729,False,0,0,10,85,15,D,0,14.25,14.25,29.75,29.75,Persistence
XYL,Xylem Inc. Common Stock New,Industrials,Specialty Industrial Machinery,United States,その他,111.30999755859375,25.98941696,175.07615585998536,0.055244101845363235,0.16268332428028245,0.3335747917421224,0.38461538461538464,-0.03397027600849257,0.11698990586367244,27.176526518607474,-0.05350488091891866,0.262044338570846,False,7,12,56,65,36,C,0,18.6,22.35,54.25000000000001,54.25000000000001,Persistence
XYZ,"Block, Inc. Class A Common Stock,",Technology,Software - Infrastructure,United States,ソフトウェア,83.56999969482422,50.20844032,401.0770816853714,0.003011062576745717,0.1006327769007525,0.2500649827080686,0.428208016117265,0.5608802094498336,0.22671053396435747,61.885025681548804,0.05032300771749805,0.015085430787453337,True,19,19,54,40,40,C,0,24.25,24.25,47.7,47.7,Persistence
YELP,Yelp Inc. Common Stock,Communication Services,Internet Content & Information,United States,その他,23.18000030517578,1.257830784,25.177768631477356,0.03745651755161239,0.056094631363392274,0.12028092024673524,0.9026618565075377,0.30268686510939036,0.025954690665826445,40.73072843135484,-0.07074074753125602,0.31480936888695643,False,20,24,57,100,63,B,-5,31.299999999999997,34.3,63.95,63.95,Persistence
YETI,"YETI Holdings, Inc. Common Stock",Consumer Cyclical,Leisure,United States,その他,41.56999969482422,3.034144512,82.06146574756622,0.02110583630667265,0.10318843585358045,0.039800729929752726,0.5740901496071168,-0.07949332337961013,0.18492688304687158,8.821363653330394,-0.14200561551351298,0.21089598606665177,False,8,0,45,85,41,C,0,22.85,16.85,54.2,54.2,Persistence
YOU,"Clear Secure, Inc. Class A Common Stock",Technology,Software - Application,United States,ソフトウェア,43.43000030517578,5.897276416,81.5545917730713,0.1691019198222425,0.2557274613374969,0.4026778896930737,0.6442368216843422,0.21091229927651314,0.0861774508359726,19.89164132392453,-0.16005229225622625,0.30159039221593453,False,25,21,97,85,24,D,0,33.9,30.9,79.39999999999999,79.39999999999999,Persistence
YUM,"Yum! Brands, Inc.",Consumer Cyclical,Restaurants,United States,その他,153.86000061035156,41.988562944,385.4970008292389,0.08809113789905948,0.06684567552289429,0.034200526161940956,0.4616508400292184,0.14455307262569833,1.609003293888008,62.23113350796108,0.004272696772160465,0.08137801919989068,False,40,24,40,40,70,A,-40,3.0,0.0,6.0,6.0,Persistence
ZETA,Zeta Global Holdings Corp. Class A Common Stock,Technology,Software - Infrastructure,United States,ソフトウェア,30.540000915527344,7.612327936,290.23598250068665,0.2972038888237084,0.3801595393585766,0.2331152140327365,0.6063465954557021,0.791582513518796,0.13108071437502827,63.34518920753437,0.2949567499933459,0.0,True,36,49,97,85,25,D,0,42.25,52.0,79.6,79.6,Persistence
ZWS,Zurn Elkay Water Solutions Corporation Common Stock,Industrials,Pollution & Treatment Controls,United States,その他,48.04999923706055,7.969769472,35.16539194164276,0.08260453239706352,0.02352172492649461,0.1940240287096271,0.4509699864378796,0.1652557968347442,0.20646413376128983,28.795933446032535,-0.025642431745782866,0.09445621264574607,False,28,24,58,85,63,B,0,40.05,37.05,65.75,65.75,Persistence
