ticker,name,sector,industry,country,theme,price,market_cap_bil,dollar_volume_mil,revenue_growth_1y,revenue_growth_2y,revenue_growth_3y,gross_margin,fcf_growth,debt_ratio,rsi,gap50,dist_high,above200,acceleration_score,transition_score,persistence_score,upside_score,entry_score,entry_grade,risk_penalty,acceleration_final,transition_final,persistence_final,total_score,best_type
AAL,"American Airlines Group, Inc. - Common Stock",Industrials,Airlines,United States,その他,15.9399995803833,10.551799808,1600.8822919571542,0.007784398000405822,0.026956884140334925,0.07794408935900839,0.19166071788113412,-1.523076923076923,0.5970796775342377,55.813950264755626,0.01875164847797616,0.12176309006038046,True,0,0,14,65,100,S,0,19.75,19.75,43.95,43.95,Persistence
AAOI,"Applied Optoelectronics, Inc. - Common Stock",Technology,Communication Equipment,United States,通信/光通信,135.6300048828125,11.47012608,1483.7929315679933,0.8275018547109658,0.14573665493507806,-0.023211769246649732,0.300435579254578,-2.1202507096387455,0.2123220785623015,61.99691040737119,-0.018749569188721893,0.392066332710534,True,66,50,22,65,63,B,-10,55.55,43.55,30.950000000000003,55.55,Acceleration
AAON,"AAON, Inc. - Common Stock",Industrials,Building Products & Equipment,United States,その他,94.83000183105469,7.76768768,104.91280177574157,0.20109442086895685,0.027485241990281708,0.31473197207883097,0.26747827437666255,-1.4516879813806176,0.25178979075131486,40.39482717100448,-0.19049092100743906,0.35989168343556033,False,27,5,33,85,51,B,0,38.1,21.6,49.60000000000001,49.60000000000001,Persistence
AAPL,Apple Inc. - Common Stock,Technology,Consumer Electronics,United States,その他,313.3299865722656,4572.794322944,17651.800423083343,0.0642551178283274,0.020219940775141214,-0.028004605303199367,0.4690516410716045,-0.09227347505215656,0.2746262258483859,40.819699286119345,0.011442069823726576,0.07865796593800951,True,38,12,29,10,87,S,0,38.7,19.200000000000003,35.85000000000001,38.7,Acceleration
ABNB,"Airbnb, Inc. - Class A Common Stock",Consumer Cyclical,Travel Services,United States,その他,178.07000732421875,106.625769472,765.8657462509155,0.10259412718429112,0.11949178178884744,0.18073580188117633,0.8295890858589985,,0.09307456772334294,79.60678968238817,0.24082815029916027,0.0,True,20,2,55,25,10,D,0,19.75,6.25,38.5,38.5,Persistence
ACIW,"ACI Worldwide, Inc. - Common Stock",Technology,Software - Infrastructure,United States,ソフトウェア,53.66999816894531,5.418267648,61.99931353477478,0.10380433146332407,0.09755682823447125,0.02157534174320153,0.4899078408575608,-0.07720188589626295,0.273461652796686,39.84771223431151,0.0500181613335868,0.10817550852804791,True,43,14,41,85,75,A,0,52.5,30.75,58.8,58.8,Persistence
ACLS,"Axcelis Technologies, Inc. - Common Stock",Technology,Semiconductor Equipment & Materials,United States,半導体,140.27000427246094,4.331746304,62.94896981735229,-0.17567850353435868,-0.09971572716884072,0.2289200628697019,0.4491375940351446,-0.16812425662911915,0.03109337709378404,55.56710873606796,-0.07680052870113904,0.267901879936907,True,4,0,29,85,73,A,0,23.05,20.05,51.800000000000004,51.800000000000004,Persistence
ACMR,"ACM Research, Inc. - Class A Common Stock",Technology,Semiconductor Equipment & Materials,United States,半導体,83.80000305175781,5.79137536,86.3450091444397,0.15239516287823576,0.4023413056302143,0.43435468274216116,0.4438732998339082,-2.022224895491865,0.1037217310166302,50.93240571266545,-0.08438712847983623,0.3395854405008837,True,9,2,69,85,73,A,-10,16.8,11.55,63.80000000000001,63.80000000000001,Persistence
ACT,"Enact Holdings, Inc. - Common Stock",Financial Services,Insurance - Specialty,United States,その他,48.959999084472656,6.7312,20.273846020889284,0.02833561052244432,0.04168205213550307,0.05371673244294087,,,0.10799806657492762,69.79969599968025,0.09438633241653,0.0,True,0,0,22,85,40,C,-20,0.0,0.0,21.35,21.35,Persistence
ADBE,Adobe Inc. - Common Stock,Technology,Software - Application,United States,ソフトウェア,265.2099914550781,105.420972032,1460.2249961523437,0.10527784236224134,0.10799113813179453,0.10240826990798592,0.8926753334174765,0.25136542613997204,0.22538649308380798,64.28235984107513,0.15414773547764596,0.27826158596234557,False,25,26,75,25,23,D,0,24.8,25.55,52.1,52.1,Persistence
ADEA,Adeia Inc.  - Common Stock,Technology,Software - Application,United States,ソフトウェア,28.209999084472656,3.113208576,36.455639356368636,0.179142820671021,-0.032830231385742356,-0.11424294824039204,,-0.2147304431963989,0.41156813749214616,55.63063116277182,-0.03225366328101939,0.1596012587999398,True,41,28,17,85,100,S,0,53.5,43.75,50.6,53.5,Acceleration
ADP,"Automatic Data Processing, Inc. - Common Stock",Technology,Software - Application,United States,ソフトウェア,271.32000732421875,107.785330688,695.8015153829956,0.06743381855852613,0.07073521293991439,0.06608853998956263,0.46416432014726117,0.08728117103376055,0.08340757643610952,62.32372814004405,0.12971633893603565,0.09762816423657154,True,10,24,50,25,50,B,0,16.25,26.75,43.75,43.75,Persistence
ADSK,"Autodesk, Inc. - Common Stock",Technology,Software - Application,United States,ソフトウェア,249.0800018310547,52.592058368,542.2347099861145,0.17533844397325068,0.11533563762052028,0.0983016983016983,0.9097973910630031,0.5787375415282392,0.21929894922595652,69.07782055830259,0.1533895118439274,0.23779798856116147,False,62,26,65,40,40,C,0,56.5,29.5,53.75,56.5,Acceleration
AEHR,Aehr Test Systems - Common Stock,Technology,Semiconductor Equipment & Materials,United States,半導体,103.06999969482422,3.362189824,351.2156621100998,-0.15206552706552706,-0.10948684647678879,0.019350071581410385,0.3530129397412052,0.566171723692705,0.04005772333336036,60.961881331601475,0.1263889934853191,0.11588610331134565,True,13,12,14,85,50,B,-10,17.5,16.75,28.950000000000003,28.950000000000003,Persistence
AEIS,"Advanced Energy Industries, Inc. - Common Stock",Industrials,Electrical Equipment & Parts,United States,電力/エネルギー,325.0199890136719,13.017193472,243.05482308425903,0.21376518218623483,-0.10496436767725571,-0.10275264952948432,0.37658438959306206,0.7013513513513514,0.2667138031267185,60.612581831151246,0.01821454537770361,0.16432224782987923,True,46,36,30,65,80,S,0,52.25,44.75,48.75,52.25,Acceleration
AEP,"American Electric Power Company, Inc. - Common Stock",Utilities,Utilities - Regulated Electric,United States,電力/エネルギー,125.7300033569336,68.447084544,513.3021684549332,0.10927437756706049,0.038931619428932675,-0.033478449044018435,0.6100749680014628,-0.6949327817993796,0.43253538354010135,34.817362783124594,-0.0424583750450091,0.09344580616002221,True,50,14,14,40,90,S,0,52.5,25.5,35.7,52.5,Acceleration
AEVA,"Aeva Technologies, Inc. - Common Stock",Technology,Software - Infrastructure,United States,ソフトウェア,26.6200008392334,1.85556736,48.84357543986321,0.9943739658025372,1.1022727272727273,0.02862595419847328,-0.036506443940483434,-0.06843420817711122,0.5698020600887029,75.37878976024754,0.22749745678053757,0.09115739135666988,True,32,58,22,100,35,C,-15,27.5,47.0,29.1,47.0,Transition
AFRM,"Affirm Holdings, Inc. - Class A Common Stock",Financial Services,Credit Services,United States,その他,75.25,25.201117184,254.04738625,0.38803847956886767,0.46285953582684974,0.1769024051132001,0.6751122375180343,1.0688896376726882,0.7040211551324083,49.864917588686936,0.003902208187639854,0.18366240235546175,True,48,85,87,65,100,S,-30,25.75,53.5,54.099999999999994,54.099999999999994,Persistence
AGYS,"Agilysys, Inc. - Common Stock",Technology,Software - Application,United States,ソフトウェア,108.58000183105469,3.062584576,32.74012795211792,0.1585057904971991,0.16069804265067547,0.19891954661348546,0.6261055018289322,0.30191995415034867,0.03954910202521972,52.33360777281984,0.08932725717682054,0.2305838606294683,True,28,33,87,85,85,S,0,42.25,46.0,86.1,86.1,Persistence
AIP,"Arteris, Inc.  - Common Stock",Technology,Semiconductors,United States,半導体,29.780000686645508,1.375001728,19.828715657196046,0.22269766474949762,0.07561584615957963,0.06526658462027075,0.9023080519701328,3.0,0.05187297337239527,47.7087592049699,-0.16853265573884058,0.38711667847032444,True,72,44,65,100,61,B,-5,70.1,49.1,67.95,70.1,Acceleration
AKAM,"Akamai Technologies, Inc. - Common Stock",Technology,Software - Infrastructure,United States,ソフトウェア,110.54000091552734,15.917760512,397.406778891449,0.05437180294089349,0.04702302251883565,0.053990788170502346,0.589486416320614,-0.1614562347704292,0.4943871512380655,36.89361164077575,-0.12173510593521596,0.31401265151904684,True,26,0,37,65,51,B,0,34.35,14.850000000000001,46.800000000000004,46.800000000000004,Persistence
ALAB,"Astera Labs, Inc. - Common Stock",Technology,Semiconductors,United States,半導体,334.1700134277344,57.973518336,1667.2677645947265,1.151265487395594,2.422370761870218,0.44974459134615385,0.756882202867951,1.7507492848844588,0.0027065790238167205,54.57881745760862,-0.06608759862883488,0.3081652498272164,True,62,87,83,40,73,A,0,59.8,78.55,70.25,78.55,Transition
ALGM,"Allegro MicroSystems, Inc. - Common Stock",Technology,Semiconductors,United States,半導体,43.77000045776367,8.158817792,101.60177011259078,0.22770846034377645,-0.30910158219193096,0.07776281693786184,0.4628377163811544,3.0,0.2160128515190566,42.91962667268453,-0.1393938107132927,0.3713013684143736,True,53,42,38,85,61,B,0,58.6,50.35,54.35000000000001,58.6,Acceleration
ALGT,Allegiant Travel Company - Common Stock,Industrials,Airlines,United States,その他,95.61000061035156,2.569757696,44.55139198440552,0.037407630137678706,0.001088508229751735,0.09037508867948053,0.15371527200978755,0.9608375541747167,0.4429898695800186,42.08111991158592,-0.04643267284967587,0.19763345357504608,True,27,30,34,100,100,S,0,45.25,47.5,63.7,63.7,Persistence
ALKT,"Alkami Technology, Inc. - Common Stock",Technology,Software - Application,United States,ソフトウェア,19.729999542236328,2.109965312,26.976039174118043,0.32886125164370716,0.26061148430508513,0.2964752533411661,0.578395948056866,2.185347235151741,0.43500148130312183,63.59374902211124,0.14889649108684602,0.25631364373963694,True,55,20,85,100,33,D,0,59.55,33.3,78.35,78.35,Persistence
ALNT,Allient Inc. - Common Stock,Technology,Electronic Components,United States,半導体,112.80999755859375,1.917376512,31.756578362731933,0.04624807535549316,-0.08410497827642344,0.1503932499383683,0.3277118298652065,0.5446264805546056,0.350815017443018,75.5161655795695,0.24522867666218212,0.0,True,34,24,30,100,10,D,-5,36.5,29.0,38.5,38.5,Persistence
ALRM,"Alarm.com Holdings, Inc. - Common Stock",Technology,Software - Application,United States,ソフトウェア,57.529998779296875,2.845467392,24.217828286132814,0.07592886775970471,0.06594781338396383,0.04643354352632872,0.6614918902240634,-0.2974234754614246,0.4987576003081544,67.40121855880304,0.16397167925338632,0.027552418396203513,True,42,12,41,100,25,D,0,49.0,26.5,52.55,52.55,Persistence
AMAL,Amalgamated Financial Corp. - Common Stock,Financial Services,Banks - Regional,United States,その他,49.79999923706055,1.489027328,8.197826874408722,0.044177125595621786,0.10766323084192289,0.07206108588795918,,0.09905143511325537,0.009228468260292524,69.49406196905755,0.08545776193081973,0.01013719185667172,True,2,12,42,100,40,C,-25,0.0,3.0,31.1,31.1,Persistence
AMAT,"Applied Materials, Inc. - Common Stock",Technology,Semiconductor Equipment & Materials,United States,半導体,539.1400146484375,428.055298048,3983.8160919403076,0.04386223138062997,0.02485198174755817,0.028388598022105877,0.4867456288776086,-0.23894750901562709,0.19422022645251935,52.06337551333495,-0.02525468492799703,0.25430150117781813,True,26,0,45,10,83,S,0,29.3,9.8,43.85000000000001,43.85000000000001,Persistence
AMBA,"Ambarella, Inc. - Ordinary Shares",Technology,Semiconductor Equipment & Materials,United States,半導体,86.77999877929688,3.806881024,181.2556478503418,0.3715338844715918,0.2578265054708267,-0.32917661415970095,0.5919242798859489,1.4730334683436368,0.016823190583521164,77.12299694117556,0.19681362288734422,0.09140407456468877,True,74,68,46,85,35,C,0,71.75,67.25,53.55,71.75,Acceleration
AMD,"Advanced Micro Devices, Inc. - Common Stock",Technology,Semiconductors,United States,半導体,483.3599853515625,789.0731008,14513.437007363891,0.34337793290672874,0.13690476190476192,-0.03902377017922969,0.4951644100580271,1.8004158004158004,0.05000909965421314,46.92585970665779,-0.059763849857459465,0.16792617152864436,True,67,32,46,10,90,S,0,60.75,34.5,45.8,60.75,Acceleration
AMKR,"Amkor Technology, Inc. - Common Stock",Technology,Semiconductor Equipment & Materials,United States,半導体,55.27000045776367,13.731969024,344.18674275066377,0.061777148996817195,-0.028505481645962328,-0.08298849975005587,0.13992272786699902,-0.44651550980664906,,41.937623243581214,-0.20632338543592668,0.40919295932908956,True,30,12,15,65,53,B,0,37.55,24.05,35.1,37.55,Acceleration
AMPL,"Amplitude, Inc. - Class A Common Stock",Technology,Software - Application,United States,ソフトウェア,11.260000228881836,1.4932928,23.147351370515825,0.14682963992622097,0.08320423911627166,0.16053043891005472,0.7398532693887778,1.0018758526603002,0.02274391229521446,62.882882975765675,0.35229267090606764,0.08455284111592298,True,53,46,62,100,50,B,-5,54.75,49.5,64.1,64.1,Persistence
AMSC,American Superconductor Corporation - Common Stock,Industrials,Specialty Industrial Machinery,United States,その他,32.77000045776367,1.587206784,26.54845202085495,0.34259799477600555,0.5299336029497593,0.3741602506038647,0.3054570373217897,-0.29416312330885197,0.005409199154542172,50.73780390380729,-0.136299647301419,0.5085482857260871,False,21,20,84,100,43,C,-5,30.049999999999997,29.299999999999997,74.8,74.8,Persistence
AMZN,"Amazon.com, Inc. - Common Stock",Consumer Cyclical,Internet Retail,United States,その他,274.4800109863281,2960.627335168,13740.639527582398,0.12377754683294695,0.10990892246666145,0.11829574129883673,0.5028566486824266,-0.7659529168440903,0.18701607007953136,62.93167642209791,0.10897877979594413,0.03358910779650979,True,31,14,63,10,37,C,0,28.45,15.7,44.550000000000004,44.550000000000004,Persistence
ANDE,"The Andersons, Inc. - Common Stock",Consumer Defensive,Food Distribution,United States,その他,65.38999938964844,2.221662464,21.302754001159666,-0.02208473816856033,-0.2367822020605674,-0.1486415539188049,0.06482474951239575,-1.3078395559431546,0.25434924068743214,30.1530449749107,-0.09161045419464568,0.19141836071704418,True,18,0,6,100,80,S,-20,16.5,3.0,24.299999999999997,24.299999999999997,Persistence
AOSL,Alpha and Omega Semiconductor Limited - Common Shares,Technology,Semiconductors,United States,半導体,36.08000183105469,1.0798592,21.541745493240356,0.0591655839117324,-0.04924919104149881,-0.1109006214375373,0.23127375524662364,0.33977851995078223,0.04921961939586369,60.484961579815646,-0.08343575416130504,0.323330794494416,True,35,12,10,100,53,B,-5,41.55,24.3,36.1,41.55,Acceleration
APA,APA Corporation - Common Stock,Energy,Oil & Gas E&P,United States,電力/エネルギー,37.630001068115234,13.183727616,209.15620083683015,-0.08390674745814933,0.17610822563111486,-0.2524604966139955,0.40560538116591927,1.5091678420310297,0.2584313946286808,62.17931831325538,0.07226933640389514,0.1406059479307765,True,16,24,30,65,65,A,0,28.25,34.25,45.75,45.75,Persistence
APLD,Applied Digital Corporation - Common Stock,Technology,Information Technology Services,United States,その他,29.219999313354492,8.411959296,609.1049112865448,0.05544657365793673,1.4663850375505487,3.0,0.29642215641535996,-5.225871968128735,0.37585196434396206,53.17717728344385,-0.18437758563309287,0.4114803944542832,False,0,0,26,85,43,C,-10,7.050000000000001,7.050000000000001,34.15,34.15,Persistence
APP,Applovin Corporation - Class A Common Stock,Communication Services,Advertising Agencies,United States,その他,346.79998779296875,116.503822336,2519.207131326294,0.6999436734698942,0.7505291128821205,-0.3462108341397302,0.8786399662671873,0.901546112822155,0.4882825661433603,32.08528507037637,-0.2752418015580215,0.5272628144296566,False,52,56,45,25,25,D,0,45.25,48.25,36.0,48.25,Transition
APPF,"AppFolio, Inc. - Class A Common Stock",Technology,Software - Application,United States,ソフトウェア,198.74000549316406,7.038773248,86.80069109916687,0.1972042377128237,0.2800522205836134,0.31482804000144105,0.6367974237028592,0.3013543456758743,0.05538726818555896,61.111748667875474,0.17143549105665584,0.3062207239354403,True,22,14,97,85,33,D,0,32.55,26.55,81.19999999999999,81.19999999999999,Persistence
APPN,Appian Corporation - Class A Common Stock,Technology,Software - Infrastructure,United States,ソフトウェア,34.63999938964844,2.481179904,32.156657833404545,0.17813789459695117,0.13139688611071892,0.16532796570874225,0.7254246241421196,3.0,0.43347145987460134,70.23976903059801,0.3995280861033117,0.24101665528275398,True,53,63,71,100,35,C,0,58.25,65.75,71.05000000000001,71.05000000000001,Persistence
APPS,"Digital Turbine, Inc. - Common Stock",Technology,Software - Application,United States,ソフトウェア,14.34000015258789,1.735373056,57.36530641040802,0.15238345708309378,-0.09913275369984682,-0.18236124459394523,0.4858761859775569,1.717189203051869,0.43829293272532416,81.57894736842105,0.45129949987171714,0.0,True,65,67,30,100,10,D,-5,59.75,61.25,38.5,61.25,Transition
ARCB,ArcBest Corporation - Common Stock,Industrials,Trucking,United States,その他,137.75999450683594,3.079122432,53.939925849151614,-0.04040685146442263,-0.056110039135455834,-0.11961901830341093,0.06863968950849318,1.1983815381930811,0.1894199037617087,30.22892917406149,-0.07718205509726152,0.20400457623535168,True,42,12,30,85,80,S,0,52.25,29.75,53.75,53.75,Persistence
ARHS,"Arhaus, Inc. - Class A Common Stock",Consumer Cyclical,Specialty Retail,United States,その他,9.600000381469727,1.35878464,14.107008560562134,0.08505578208600849,-0.012888831594838565,0.04782704926570149,0.3889207103714993,0.48413397418153453,0.4162600215379718,74.53704025642358,0.2646555611361815,0.21302815525024196,True,27,12,26,100,35,C,-5,33.75,22.5,41.3,41.3,Persistence
ASO,"Academy Sports and Outdoors, Inc. - Common Stock",Consumer Cyclical,Specialty Retail,United States,その他,48.130001068115234,2.984944384,54.49639695940018,0.020218254135452394,-0.03666672024426188,-0.036869321116428225,0.34783892197031296,-0.32451590067191094,0.3586200662644712,51.145607866455656,-0.017138211480305577,0.20881230834833103,False,34,0,25,100,90,S,0,49.5,24.0,56.75,56.75,Persistence
ASST,"Strive, Inc. - Class A Common Stock",Financial Services,Asset Management,United States,その他,12.479999542236328,1.04956768,33.347120376834866,0.48995464414780515,,,-2.836164383561644,-0.24325916199881384,0.0047107616491421506,50.951083224187684,-0.06216186977246944,0.9299663313357905,False,24,38,10,100,55,B,-35,3.5,14.0,6.5,14.0,Transition
ASTE,"Astec Industries, Inc. - Common Stock",Industrials,Farm & Heavy Construction Machinery,United States,その他,44.25,1.017423872,11.81098875,0.08068347253084054,-0.024734718278284263,0.04998038446449588,0.2653148043108338,3.0,0.2544616734932709,25.12900680897701,-0.181046927075334,0.3176682348705967,False,30,24,26,100,24,D,-25,14.899999999999999,10.399999999999999,19.099999999999994,19.099999999999994,Persistence
ATEX,Anterix Inc. - Common Stock,Communication Services,Telecom Services,United States,その他,99.26000213623047,1.935418368,32.100188390846256,0.07793069142762395,0.43903602958721066,1.183949973944763,,0.542796922752661,0.009498935964403172,47.3451334223327,0.11441318600122026,0.08266715533899668,True,19,77,30,100,70,A,-5,31.25,74.75,50.5,74.75,Transition
ATLC,Atlanticus Holdings Corporation - Common Stock,Financial Services,Credit Services,United States,その他,100.01000213623047,1.517155584,17.54475467475891,0.3446726786907148,0.16799369579888973,-0.12382889272469366,,0.353544361185246,0.8582619012137863,53.12127985049663,0.025341890398240884,0.10537613993042434,True,49,32,28,100,100,S,-45,16.75,4.0,15.400000000000006,16.75,Acceleration
ATRO,Astronics Corporation - Common Stock,Industrials,Aerospace & Defense,United States,防衛/宇宙,77.75,3.836838656,37.1023,0.08385695212376765,0.1541193779508594,0.2884908037854229,0.2994427741588256,0.9478724365344656,0.535398017201611,70.83333585628156,0.0641142013158842,0.10786002709463645,True,15,54,49,85,50,B,0,29.0,58.25,58.2,58.25,Transition
AUR,"Aurora Innovation, Inc.  - Class A Common Stock",Consumer Cyclical,Auto Parts,United States,その他,7.059999942779541,13.846093824,176.8374665667534,,,-1.0,-4.666666666666667,0.05116279069767442,0.03585147247119078,62.66318131525618,0.09359024957164018,0.1595237781671696,True,2,12,10,65,65,A,-10,7.75,15.25,24.75,24.75,Persistence
AVAV,"AeroVironment, Inc. - Common Stock",Industrials,Aerospace & Defense,United States,防衛/宇宙,186.72999572753906,9.450037248,248.0250504750824,1.4089446240496597,0.14497572273691262,0.3259431379223586,0.2532530370362876,-5.8211651611833926,0.14602530602220634,73.73855652718927,0.13566834663841074,0.5443720522031327,False,43,10,40,85,0,D,-10,35.0,10.25,33.25,35.0,Acceleration
AVGO,Broadcom Inc. - Common Stock,Technology,Semiconductors,United States,半導体,427.760009765625,2035.102646272,8152.5817801208495,0.23874432853763525,0.4398503587481504,0.07878806131976027,0.6776652527118193,0.38631915112805193,0.3807074556379024,73.57863850003642,0.08339765904843321,0.11033286827907901,True,36,43,75,10,50,B,0,33.5,38.75,53.75,53.75,Persistence
AVO,"Mission Produce, Inc. - Common Stock",Consumer Defensive,Food Distribution,United States,その他,13.199999809265137,1.16582144,11.414171835069656,0.1267514375961772,0.29437047908585806,-0.08796252031742996,0.11551178838412882,-0.39215686274509803,0.20437436419125127,52.1505359804466,0.08491960137046918,0.13950458422659998,True,5,14,33,100,85,S,-25,2.25,9.0,35.150000000000006,35.150000000000006,Persistence
AVPT,"AvePoint, Inc. - Class A Common Stock",Technology,Software - Infrastructure,United States,ソフトウェア,12.789999961853027,2.705921792,28.584946464743613,0.26934901144389106,0.21578957049572337,0.16994994383207296,0.7406393847870187,-0.05539999291106937,0.012606740405559688,44.642861603066834,0.08376971956444422,0.22998196918294286,True,57,47,92,100,85,S,0,66.25,58.75,92.6,92.6,Persistence
AVT,"Avnet, Inc. - Common Stock",Technology,Electronics & Computer Distribution,United States,その他,96.52999877929688,7.917784576,112.26680183029175,-0.065511914339481,-0.10475051683730277,0.09157170576850333,0.107426801810425,0.24492455329596596,0.23746308655827145,72.16018138974795,0.09323791087348555,0.007097330104325416,True,23,12,30,85,25,D,0,32.5,24.25,42.75,42.75,Persistence
AXON,"Axon Enterprise, Inc. - Common Stock",Industrials,Aerospace & Defense,United States,防衛/宇宙,571.010009765625,46.387376128,500.65586646240234,0.33469450081295504,0.3343546705674829,0.3146680728437939,,-0.7721552406934789,0.272796944936605,56.51120751988431,0.11712291975227157,0.3222433118508902,True,44,8,76,40,53,B,0,44.3,17.3,62.400000000000006,62.400000000000006,Persistence
AXTI,AXT Inc - Common Stock,Technology,Semiconductor Equipment & Materials,United States,半導体,88.58000183105469,5.795185664,1036.2646668208313,-0.11105967129960448,0.3109176067022891,-0.4628962995507306,0.12727849104453956,-0.05004753117485881,0.1494313557778541,72.8632232028379,0.22331848432044754,0.3710146937488589,True,0,0,10,85,18,D,-10,4.550000000000001,4.550000000000001,20.35,20.35,Persistence
BAND,Bandwidth Inc. - Class A Common Stock,Technology,Software - Infrastructure,United States,ソフトウェア,49.959999084472656,1.607752192,63.79392283096313,0.007121032162215242,0.2451602599826656,0.048791594550834684,0.3914093208298566,-0.03338290344084919,0.456149234249169,32.26656090072824,-0.16879764685784537,0.36308009268877595,True,4,0,41,100,51,B,-5,18.1,15.100000000000001,52.75,52.75,Persistence
BANF,BancFirst Corporation - Common Stock,Financial Services,Banks - Regional,United States,その他,113.01000213623047,3.796994048,16.08358350402832,0.09371936609290694,0.035393136830506475,0.09408345592192602,,0.05530666049129807,0.006618687795646212,35.35003580608533,-0.0019860403998331944,0.15750520087764242,True,20,24,42,85,90,S,-20,16.75,19.75,42.35,42.35,Persistence
BANR,Banner Corporation - Common Stock,Financial Services,Banks - Regional,United States,その他,70.66999816894531,2.401713408,30.518132009277345,0.08468628046100543,-0.021393420804902908,-0.012222884882997621,,-0.11268966504437446,0.01619775562524489,53.46821146045761,0.0500310487140291,0.017054362937362066,True,18,12,25,100,60,B,-20,14.5,10.0,30.75,30.75,Persistence
BATRA,"Atlanta Braves Holdings, Inc. - Series A Common Stock",Communication Services,Entertainment,United States,その他,53.459999084472656,3.430415616,3.6128267381286623,0.10523456879537924,0.03446564283785492,0.08853118028547594,0.3019036385380318,0.6238649793894671,0.518402037948998,27.896321607011615,-0.03141647382704092,0.07428573013900162,True,42,46,18,85,60,B,0,50.25,53.25,43.15,53.25,Transition
BATRK,"Atlanta Braves Holdings, Inc. - Series C Common Stock",Communication Services,Entertainment,United States,その他,50.060001373291016,3.212244992,24.806983380527495,0.10523456879537924,0.03446564283785492,0.08853118028547594,0.3019036385380318,0.6238649793894671,0.518402037948998,41.509446497897216,-0.015872618434097995,0.053149188866336454,True,42,46,18,85,87,S,0,52.95,55.95,48.55,55.95,Transition
BCPC,Balchem Corporation - Common Stock,Basic Materials,Specialty Chemicals,United States,その他,179.42999267578125,5.719873024,37.36270737487793,0.08753108996271301,0.03387215848419245,-0.021137402133796286,0.3573533906500534,0.18265248944225013,0.10715302339152155,77.01900784880284,0.08659971660366275,0.020899279416445805,True,36,24,34,85,25,D,0,42.25,33.25,44.95,44.95,Persistence
BELFA,Bel Fuse Inc. - Class A Common Stock,Technology,Electronic Components,United States,半導体,233.5500030517578,3.372333568,41.545042292861936,0.263023755029993,-0.1641432731126126,-0.02204107710861421,0.39146649295659963,0.144339182066849,0.23673652694610778,52.92584628306973,-0.033832025226898876,0.19785161017870284,True,36,36,34,85,100,S,0,49.75,49.75,59.95,59.95,Persistence
BELFB,Bel Fuse Inc. - Class B Common Stock,Technology,Electronic Components,United States,半導体,291.5899963378906,4.210399232,85.70850557357788,0.263023755029993,-0.1641432731126126,-0.02204107710861421,0.39146649295659963,0.144339182066849,0.23673652694610778,59.441230635067775,0.035901726261360865,0.12424015755356786,True,36,36,34,85,100,S,0,49.75,49.75,59.95,59.95,Persistence
BFC,Bank First Corporation - Common Stock,Financial Services,Banks - Regional,United States,その他,153.4199981689453,1.70008448,15.228469018249513,0.10013062765943688,0.12488542954826508,0.16185904208115348,,-0.12937122581965815,0.027066894950062082,69.978940950425,0.046439943689570135,0.01848889664632682,True,5,14,55,100,55,B,-25,0.0,6.0,41.25,41.25,Persistence
BFST,"Business First Bancshares, Inc. - Common Stock",Financial Services,Banks - Regional,United States,その他,31.65999984741211,1.030529344,7.633067663211823,0.18286927447035153,0.09274033836926385,0.08737804342093698,,0.5375373870035256,0.06436357084947301,65.90905431598765,0.050870637035099725,0.013092330413647293,True,44,26,50,100,40,C,-25,27.0,13.5,35.5,35.5,Persistence
BGC,"BGC Group, Inc. - Class A Common Stock",Financial Services,Capital Markets,United States,その他,10.350000381469727,4.89229568,25.36588443490982,0.30863842254695584,0.11445373915581933,0.1159243530529027,0.3889234615870773,0.34946875192667337,0.4516652240066782,32.5000208616207,-0.078492791294252,0.18181812698961725,True,44,32,63,85,80,S,-20,33.75,24.75,51.900000000000006,51.900000000000006,Persistence
BHRB,Burke & Herbert Financial Services Corp. - Common Stock,Financial Services,Banks - Regional,United States,その他,73.41999816894531,1.480526848,9.61912106010437,0.3146172525754912,1.3505703422053232,-0.07921710887079765,,0.184607051408312,0.06785953534480735,64.42638617410731,0.06069139729067331,0.016345139746508662,True,16,32,38,100,40,C,-25,6.0,18.0,28.900000000000006,28.900000000000006,Persistence
BJRI,"BJ's Restaurants, Inc. - Common Stock",Consumer Cyclical,Restaurants,United States,その他,69.55000305175781,1.4795904,37.99551441719055,0.030814070855270236,0.018056162894746514,0.03840018817283862,0.1545507695518488,0.6645775679635357,0.48328877202830256,51.47856398393411,0.18664547782933658,0.06342578708565254,True,27,24,34,100,57,B,-25,15.950000000000003,13.700000000000003,30.1,30.1,Persistence
BKNG,Booking Holdings Inc. - Common Stock,Consumer Cyclical,Travel Services,United States,その他,214.4199981689453,161.11099904,1382.9500226902007,0.1338725304351489,0.11111631172478352,0.25014628437682856,,0.15112743856093236,0.6592741935483871,76.73957004693614,0.19786136777895041,0.05506833730982232,True,28,14,57,25,22,D,-10,16.95,6.449999999999999,32.0,32.0,Persistence
BKR,Baker Hughes Company - Common Stock,Energy,Oil & Gas Equipment & Services,United States,電力/エネルギー,61.54999923706055,61.099085824,559.5664305639267,-0.0034496388659312227,0.09107660942523328,0.20561542824730572,0.23596437457180977,0.23515092502434273,0.14889557496147354,73.71059221954923,0.04025716923417209,0.1103342945163604,True,5,12,30,40,65,A,0,16.25,21.5,39.5,39.5,Persistence
BL,"BlackLine, Inc. - Common Stock",Technology,Software - Application,United States,ソフトウェア,29.549999237060547,1.717601792,31.354913190460206,0.07207776702952233,0.10735666004515285,0.1282331748696786,0.7524581433896752,-0.1774433522768848,0.5231014839851118,47.90996283675131,0.014877982263277054,0.4977052810244527,False,18,0,52,100,65,A,-5,30.0,16.5,61.599999999999994,61.599999999999994,Persistence
BLBD,Blue Bird Corporation - Common Stock,Industrials,Farm & Heavy Construction Machinery,United States,その他,68.76000213623047,2.176019456,34.45391807041168,0.09868582211090937,0.18923227809493878,0.414864664011281,0.2050626343237851,0.5998288975367505,0.14445946054009964,28.53773966850693,-0.08176139396448232,0.15631899219349119,True,9,24,67,100,63,B,-20,8.05,19.299999999999997,54.45,54.45,Persistence
BLKB,"Blackbaud, Inc. - Common Stock",Technology,Software - Application,United States,ソフトウェア,45.869998931884766,2.082043648,34.71487389163971,-0.02274246854387229,0.042945405932723925,0.04628557657321343,0.5878346102546606,-0.11025095183350891,,80.12790999196282,0.4324615968990195,0.34630183655633673,True,14,42,23,100,18,D,0,27.3,48.3,41.25,48.3,Transition
BLZE,"Backblaze, Inc. - Common Stock",Technology,Software - Infrastructure,United States,ソフトウェア,18.81999969482422,1.164957952,52.85879214286804,0.1426567837778544,0.2510218684754801,0.19803887029534378,0.6088593273219735,3.0,0.3210409433549154,69.35704351063804,0.5019712080136859,0.04901471328089008,True,39,75,75,100,37,C,-5,42.95,69.95,68.65,69.95,Transition
BOKF,BOK Financial Corporation - Common Stock,Financial Services,Banks - Regional,United States,その他,143.8000030517578,8.738275328,39.26530983329773,0.08261782457445242,-0.019634800309903232,0.08584797765412278,,,0.05950347816217319,64.12215321178925,0.05051687365509034,0.006151077300650763,True,18,12,10,85,40,C,-20,10.25,5.75,14.75,14.75,Persistence
BPOP,"Popular, Inc. - Common Stock",Financial Services,Banks - Regional,United States,その他,174.0399932861328,11.11535616,80.99560227546692,0.08873118648428455,0.05837050304480258,-0.0997856517399114,,0.476202553597364,0.020463961035759457,54.25908638266214,0.0524800368840854,0.019603486382227326,True,35,24,30,65,60,B,-20,22.0,13.75,24.75,24.75,Persistence
BRUN,Boost Run Inc. - Class A Common Stock,Technology,Software - Infrastructure,United States,ソフトウェア,18.200000762939453,1.11800192,32.34467735588074,2.3884057971014494,,,0.8552832223751256,3.0,0.5941834336338043,39.418841254104144,-0.36654888309500455,0.5357142752878175,True,52,35,37,100,35,C,-5,52.5,39.75,47.35,52.5,Acceleration
BRZE,"Braze, Inc. - Class A Common Stock",Technology,Software - Application,United States,ソフトウェア,26.540000915527344,2.989244672,59.00518973545074,0.24396622908275897,0.25775752437473504,0.3274211790921317,0.6714563617102557,1.9581295843520783,0.07421187925193737,51.12830525538974,0.1247097549925751,0.2666481922455708,True,33,17,97,100,53,B,0,45.05,33.05,88.94999999999999,88.94999999999999,Persistence
BSY,"Bentley Systems, Incorporated - Class B Common Stock",Technology,Software - Application,United States,ソフトウェア,35.209999084472656,10.636690432,99.98178525028229,0.10988437618940282,0.10149843741477825,0.11767183886188656,0.815199173779897,0.23492923374940058,0.3613700847245713,60.73573519821958,0.09347062442260984,0.3766555947012325,False,43,26,71,65,38,C,0,45.8,33.05,62.900000000000006,62.900000000000006,Persistence
BULL,Webull Corporation - Class A Ordinary Shares,Technology,Software - Application,United States,ソフトウェア,7.320000171661377,3.89291264,62.6286404687047,0.46323267288603315,0.0016095941050902206,0.0032694884585113206,0.7745187667477075,2.0718133318920744,0.01997567297325036,43.64261331683357,0.050667454230726994,0.5426428893788979,False,69,77,72,85,50,B,0,69.5,75.5,70.85,75.5,Transition
BUSE,First Busey Corporation - Common Stock,Financial Services,Banks - Regional,United States,その他,30.979999542236328,2.558234112,27.333033996124268,0.5594144480924054,0.0471560028593149,-0.020855414164172505,,0.0064945267899230085,0.01784759523695899,67.44685360832528,0.06694032952337704,0.018999378813149594,True,50,34,38,100,40,C,-20,36.5,24.5,33.900000000000006,36.5,Acceleration
BWIN,"The Baldwin Insurance Group, Inc. - Class A Common Stock",Financial Services,Insurance Brokers,United States,その他,29.540000915527344,2.860611584,36.98393344623565,0.0814579983331432,0.13952021090649552,0.24574544786903643,0.2896545097957535,-7.62677816224529,0.4584000911392929,61.04007287277704,0.2106656970502259,0.1360046182496508,True,0,0,29,100,50,B,-30,0.0,0.0,20.950000000000003,20.950000000000003,Persistence
BXBL,"BOXABL, Inc.  - Common stock",Consumer Cyclical,Residential Construction,United States,その他,4.570000171661377,1.61378304,2.8252883561253546,-0.5515402843601895,3.0,-0.9683467022508623,-10.435931307793924,-0.1611179210590831,0.10349557458236475,18.9349151159349,-0.4752434111393328,0.6930826013237307,False,0,0,18,100,8,D,-15,0.8000000000000007,0.8000000000000007,21.5,21.5,Persistence
CACC,Credit Acceptance Corporation - Common Stock,Financial Services,Credit Services,United States,その他,585.5800170898438,6.078660096,75.34365289886475,0.07196738977650752,0.1353867432705607,0.03115743280307186,0.618995585471393,-0.07314496963295485,0.7361122374503284,38.3540639735447,-0.01090938726259106,0.10897747076521015,True,22,26,39,85,90,S,-30,8.25,11.25,30.700000000000003,30.700000000000003,Persistence
CAKE,The Cheesecake Factory Incorporated - Common Stock,Consumer Cyclical,Restaurants,United States,その他,107.05000305175781,5.326875648,197.52813038108826,0.04749338233056435,0.041342019471999294,0.041277796144051325,0.4333286422592213,0.4407007960189698,0.6529887125376187,87.77056551095473,0.3173471846520758,0.0024228358284508807,True,39,12,36,85,10,D,-30,13.0,0.0,13.049999999999997,13.049999999999997,Persistence
CALM,"Cal-Maine Foods, Inc. - Common Stock",Consumer Defensive,Farm Products,United States,その他,85.08000183105469,3.991705344,88.727381509552,-0.31682060872125833,0.8319318375734974,-0.2605586327961485,0.23081522664952164,-0.6910771157681533,,42.64317888344636,0.030748007314946143,0.25020196246668336,True,0,0,15,85,83,S,-20,1.0500000000000007,1.0500000000000007,26.1,26.1,Persistence
CAR,"Avis Budget Group, Inc. - Common Stock",Industrials,Rental & Leasing Services,United States,その他,142.17999267578125,5.02261504,75.51108321014404,-0.017897091722595078,-0.08228048010107392,-0.026819334511642205,0.676274750306641,-0.8303789731051344,0.9135553635985539,34.687382180314,-0.13730234943850214,0.8008599821981855,False,30,18,12,85,33,D,-20,18.549999999999997,9.55,14.450000000000003,18.549999999999997,Acceleration
CARG,"CarGurus, Inc. - Class A Common Stock",Consumer Cyclical,Auto & Truck Dealerships,United States,その他,38.98500061035156,3.472529664,42.132649559631346,0.1365037516728401,0.1426403272524738,-0.5780022778974463,0.9278186950098127,0.6463771704478628,0.28831222984845073,66.42336029445727,0.1912874394548197,0.0011529123841321099,True,35,33,41,85,25,D,0,41.5,40.0,48.8,48.8,Persistence
CART,Maplebear Inc. - Common Stock,Consumer Cyclical,Internet Retail,United States,その他,50.16999816894531,11.791444992,204.84937037361146,0.10775606867969213,0.11045364891518737,0.1924735397883183,0.7370390165686799,0.4606741573033708,0.009764035801464606,60.80909161056347,0.1208643093419556,0.03090597401334223,True,22,14,72,65,37,C,0,29.95,23.95,63.25,63.25,Persistence
CASH,"Pathward Financial, Inc. - Common Stock",Financial Services,Banks - Regional,United States,その他,86.8499984741211,1.8041664,18.278884928855895,0.04008683447872293,0.07838612300217619,0.15827263207225137,,0.11574102456484525,0.00591940375419807,43.84577990463824,0.008493998509042349,0.13035849135160096,True,2,24,42,100,100,S,-25,1.5,18.0,43.099999999999994,43.099999999999994,Persistence
CASY,"Caseys General Stores, Inc. - Common Stock",Consumer Cyclical,Specialty Retail,United States,その他,833.9500122070312,30.86024704,258.71214253692625,0.10163805692514581,0.07252858171207757,-0.015340844911797198,0.24605752224760852,0.23431914202144946,0.3250959176056996,35.881315930260044,0.008805916938931594,0.08916996192874875,True,40,26,26,40,90,S,0,45.0,34.5,42.3,45.0,Acceleration
CATY,Cathay General Bancorp - Common Stock,Financial Services,Banks - Regional,United States,その他,63.40999984741211,4.23739648,33.094313020362854,0.12083144333640758,-0.09915460756162056,0.02470174355575065,,0.11716366786577742,0.007132605503810942,60.93024301126017,0.03634818328200275,0.014607593613028802,True,25,26,30,85,55,B,-20,17.0,17.75,28.75,28.75,Persistence
CBRL,"Cracker Barrel Old Country Store, Inc. - Common Stock",Consumer Cyclical,Restaurants,United States,その他,57.790000915527344,1.29169088,50.46569619949341,0.003723101728093139,0.0081195349842338,0.05355981083216588,0.3295324719463648,0.4687231166277498,0.5456393590035358,63.93129664479041,0.19623236750619832,0.05137328966151502,True,9,24,38,100,37,C,-25,0.4499999999999993,11.700000000000003,28.300000000000004,28.300000000000004,Persistence
CBSH,"Commerce Bancshares, Inc. - Common Stock",Financial Services,Banks - Regional,United States,その他,59.08000183105469,8.501265408,68.95965513725281,0.06262059530350043,0.0488368442255789,0.05097513559930719,,0.11408507389144033,0.0003888186357326878,52.873591777794665,0.03845275212862537,0.0207193761323005,True,20,24,42,85,75,A,-20,15.25,18.25,39.35,39.35,Persistence
CCC,CCC Intelligent Solutions Holdings Inc. - Common Stock,Technology,Software - Application,United States,ソフトウェア,6.920000076293945,4.075843328,72.75390520212173,0.11875635055038103,0.09051707222482565,0.10726591415659571,0.7349169962942325,0.10236752514358481,0.38126456582915247,67.74193465688997,0.28020130118199515,0.31006976465352004,True,37,14,58,85,33,D,0,43.8,26.55,59.75000000000001,59.75000000000001,Persistence
CCNE,CNB Financial Corporation - Common Stock,Financial Services,Banks - Regional,United States,その他,34.61000061035156,1.025178816,5.512680897216796,0.24778386364455335,0.01773639743466322,-0.006761556114085892,,0.06197943072354603,0.0373064282639001,55.15370543080565,0.03866612688289803,0.03107504402066515,True,41,29,30,100,87,S,-25,29.450000000000003,20.450000000000003,33.900000000000006,33.900000000000006,Persistence
CDNS,"Cadence Design Systems, Inc. - Common Stock",Technology,Software - Application,United States,ソフトウェア,339.239990234375,93.42431232,829.6096999182129,0.14123200059294191,0.13478725844049344,0.14831831155638936,0.8636432203164237,0.419407178296418,0.2576973171276534,55.48485807365643,-0.07910912746581115,0.18528308004504163,True,43,26,71,40,90,S,0,47.25,34.5,67.05000000000001,67.05000000000001,Persistence
CDW,CDW Corporation - Common Stock,Technology,Information Technology Services,United States,その他,135.80999755859375,16.97861632,294.6526916531372,0.06788039259573211,-0.01765063622754491,-0.09990862657745476,0.21732867762808764,-0.05767731878409977,0.361088581375326,55.63764045193792,0.0016742329644946264,0.19238396179967077,True,30,0,21,65,100,S,0,42.25,19.75,47.8,47.8,Persistence
CECO,CECO Environmental Corp. - Common Stock,Industrials,Pollution & Treatment Controls,United States,その他,70.91999816894531,4.14194304,65.69886790374755,0.38794622293357806,0.02402151070487937,0.2891864457311057,0.3476660713524738,-1.73485254691689,0.26857163316248384,40.025060370712225,-0.1379499144922452,0.28845189654029496,True,36,20,37,85,61,B,0,45.85,33.85,53.800000000000004,53.800000000000004,Persistence
CEG,Constellation Energy Corporation - Common Stock When-Issued,Utilities,Utilities - Independent Power Producers,United States,電力/エネルギー,269.8900146484375,95.62402816,773.6343291894531,0.08337576374745417,-0.054177702865398504,0.01955810147299509,0.18380135510907453,1.2561145356929808,0.15706824573354994,60.43551590000272,0.03438910945262974,0.3291690705943875,False,30,25,30,40,53,B,0,33.8,30.05,37.1,37.1,Persistence
CELH,"Celsius Holdings, Inc. - Common Stock",Consumer Defensive,Beverages - Non-Alcoholic,United States,その他,27.770000457763672,7.026783232,315.66437220344545,0.8554244152165413,0.028539909287761737,1.0165329465547945,0.5038558500104761,0.350163668854485,0.13085460818291042,45.60468990244476,-0.05787119153018099,0.5718470521671315,False,59,36,58,85,55,B,-20,42.5,25.25,44.150000000000006,44.150000000000006,Persistence
CENT,Central Garden & Pet Company - Common Stock,Consumer Defensive,Packaged Foods,United States,その他,44.7400016784668,2.80039296,4.470644667720794,-0.0223080432187873,-0.033117900668956035,-0.008538040632746538,0.31873301408983645,-0.17247417961831604,0.3972556040404419,56.682940227229416,0.04556654640070337,0.038676390237457114,True,25,12,25,100,87,S,-20,22.450000000000003,12.700000000000003,36.150000000000006,36.150000000000006,Persistence
CENTA,Central Garden & Pet Company - Class A Common Stock Nonvoting,Consumer Defensive,Packaged Foods,United States,その他,39.060001373291016,2.444867072,11.147333791923524,-0.0223080432187873,-0.033117900668956035,-0.008538040632746538,0.31873301408983645,-0.17247417961831604,0.3972556040404419,56.803997384479175,0.04017984575941776,0.03793096450020041,True,25,12,25,100,87,S,-20,22.450000000000003,12.700000000000003,36.150000000000006,36.150000000000006,Persistence
CENX,Century Aluminum Company - Common Stock,Basic Materials,Aluminum,United States,その他,51.22999954223633,5.07142656,100.02273185625076,0.13853983695896951,0.01596961654617004,-0.21312065675296152,0.10142806281894062,1.7932647333956968,0.24161635746706034,72.86103566025035,0.0159240051116747,0.2550530457616143,True,47,27,30,85,48,C,0,52.8,37.8,47.35,52.8,Acceleration
CEVA,"CEVA, Inc. - Common Stock",Technology,Semiconductors,United States,半導体,38.66999816894531,1.077321728,28.228518613357544,0.02486464245972003,0.09772221024646116,-0.1921000472703449,0.8708188105622365,-13.164728682170542,0.04154732959696695,52.43281892622202,-0.07632560324234192,0.227527025407209,True,15,0,25,100,90,S,-15,20.25,9.0,41.75,41.75,Persistence
CFFN,"Capitol Federal Financial, Inc. - Common Stock",Financial Services,Banks - Regional,United States,その他,8.880000114440918,1.095614848,7.909238501930237,0.20419112196663142,3.0,-1.098186025293119,,1.076625,0.19949173208179696,68.82197982460696,0.06676425516709113,0.02450902281656702,True,21,29,38,100,40,C,-25,9.75,15.75,28.900000000000006,28.900000000000006,Persistence
CG,The Carlyle Group Inc. - Common Stock,Financial Services,Asset Management,United States,その他,47.790000915527344,17.194842112,168.8143550340271,-0.05560780625440865,1.569400392689926,-0.6053408041009746,,-3.031175346392738,0.4771671932957824,61.20499616147749,0.06567540839818671,0.2966409180958297,False,0,0,10,65,38,C,-30,0.0,0.0,0.0,0.0,Acceleration
CGNX,Cognex Corporation - Common Stock,Technology,Scientific & Technical Instruments,United States,その他,66.88999938964844,11.252492288,133.3274879334259,0.08730747992105105,0.09189693235125909,-0.16752278623184805,0.6691677754211507,0.7664468285113177,0.037978631874657526,57.50295154596704,0.029567942990313463,0.07636010658818566,True,24,31,42,65,87,S,0,36.45,41.7,56.75,56.75,Persistence
CHCO,City Holding Company - Common Stock,Financial Services,Banks - Regional,United States,その他,144.94000244140625,2.03669696,20.5003139453125,0.07058464474395044,0.009344139818640834,0.1476970716602053,,-0.005743478597414661,0.022314727511887057,76.0115331626938,0.08685096807990032,0.006034870652940524,True,18,12,37,100,25,D,-20,11.0,6.5,30.35,30.35,Persistence
CHDN,"Churchill Downs, Incorporated - Common Stock",Consumer Cyclical,Gambling,United States,その他,87.86000061035156,6.12386304,94.88660415916443,0.07007277913908495,0.11073648291830848,0.3602055475743176,0.3358282921494241,0.37173238812583076,0.686565568842274,59.427535490893085,0.013092020409004581,0.25282759293665585,False,9,12,51,85,73,A,-10,16.8,19.05,53.9,53.9,Persistence
CHEF,"The Chefs' Warehouse, Inc. - Common Stock",Consumer Defensive,Food Distribution,United States,その他,110.19999694824219,4.495728128,76.71462587554932,0.09364922149842972,0.10497200884277685,0.31390690820651573,0.24197639399287196,-0.15220897107817102,0.4807202342003751,73.17691539207695,0.1640090584078806,0.044646741170389484,True,0,12,44,85,22,D,-20,0.0,3.9499999999999993,29.85,29.85,Persistence
CHRD,Chord Energy Corporation - Common Stock,Energy,Oil & Gas E&P,United States,電力/エネルギー,131.35000610351562,7.39489792,106.97669897094727,-0.07121503720566542,0.3475919388006234,0.06851141029627668,0.17764970599488306,-0.24552797358171632,0.1243710358219508,52.77838645203057,0.021198362954353674,0.11459377007312596,True,0,0,33,85,100,S,0,22.75,22.75,59.400000000000006,59.400000000000006,Persistence
CHRN,ChronoScale Holdings Corporation - Common Stock,Technology,Information Technology Services,United States,その他,20.93000030517578,3.039346432,5.748424583816528,,,,-0.3665023229354319,,0.7229454306377383,31.488377506632702,-0.015623957391075638,0.2936212994265144,True,0,0,0,85,73,A,-20,0.05000000000000071,0.05000000000000071,15.850000000000001,15.850000000000001,Persistence
CHRW,"C.H. Robinson Worldwide, Inc. - Common Stock",Industrials,Integrated Freight & Logistics,United States,その他,149.35000610351562,17.45115136,386.7761913064575,-0.08418599177340694,0.007303351023840443,-0.2874960445000076,0.08373509796206598,0.9410850145815509,0.27585624728544567,20.292600667301045,-0.1844636822032977,0.2868398079966052,False,9,24,26,65,24,D,0,18.9,30.15,35.35,35.35,Persistence
CHTR,"Charter Communications, Inc. - Class A Common Stock",Communication Services,Telecom Services,United States,その他,152.57000732421875,20.563001344,478.41072056640627,-0.005645820096214941,0.00875345651656381,0.010828921550479435,0.5653777339613685,0.3976589686807972,0.6297847781963907,70.95043144944893,0.11475467656578113,0.46038759074106533,False,13,12,28,65,0,D,-10,9.5,8.75,21.650000000000002,21.650000000000002,Persistence
CHYM,"Chime Financial, Inc. - Class A Common Stock",Technology,Software - Application,United States,ソフトウェア,29.100000381469727,11.01682688,232.59906754912376,0.30688490613284536,0.3088211943322213,0.2672550003072842,0.8797098002990712,-0.51561273177508,0.06854558549937519,74.30508814732026,0.4202881700216716,0.06879998779296875,True,29,8,95,65,22,D,-20,13.700000000000003,0.0,52.900000000000006,52.900000000000006,Persistence
CIFR,Cipher Digital Inc. - Common Stock,Technology,Information Technology Services,United States,その他,17.18000030517578,7.130227712,539.3443768806076,0.4804125074370331,0.19258605193863232,3.0,0.28398871136276355,-0.79406827513433,0.6447127944028623,43.89756491221069,-0.2508383224890909,0.4112405714358923,False,32,8,38,85,35,C,-20,20.25,2.25,29.150000000000006,29.150000000000006,Persistence
CINF,Cincinnati Financial Corporation - Common Stock,Financial Services,Insurance - Property & Casualty,United States,その他,176.86000061035156,27.144128512,147.46852140892028,0.11413954308900062,0.13222810346549485,0.52567423434405,,0.17700799390940236,0.021608702014535876,43.1853563118403,0.010188562258777333,0.07899806418465082,True,7,26,67,65,87,S,-20,3.700000000000003,17.950000000000003,50.5,50.5,Persistence
CLBK,"Columbia Financial, Inc. - Common Stock",Financial Services,Banks - Regional,United States,その他,10.84000015258789,1.127991296,109.17649241680908,0.43822966932775914,-0.22884396904675142,-0.21509739986607307,,1.2632270531400966,0.10740486730261654,37.613971707754146,0.09743360073146357,0.026612261507859163,True,44,55,30,100,50,B,-25,28.0,36.25,26.5,36.25,Transition
CLMT,"Calumet, Inc - Common Stock",Basic Materials,Specialty Chemicals,United States,その他,39.47999954223633,3.440569088,50.97164040899277,-0.012483887907576263,0.0020090887347524516,-0.10782493651708171,0.05938942737666481,1.4597887896019497,0.9145375432332924,36.32597318226292,0.038712281303283726,0.10658518286592283,True,12,43,20,85,90,S,-20,10.75,34.0,30.25,34.0,Transition
CLSK,"CleanSpark, Inc. - Common Stock",Financial Services,Capital Markets,United States,その他,12.300000190734863,3.156285952,318.46219543836116,1.0221074074855925,1.2502968980095956,0.2804257745675727,0.4160618232212905,0.01553086462485746,0.2589612301174351,40.74235688198582,-0.18101552836241866,0.4698275954204561,False,31,57,48,85,43,C,-30,10.299999999999997,29.799999999999997,26.250000000000007,29.799999999999997,Transition
CMCSA,Comcast Corporation - Class A Common Stock,Communication Services,Telecom Services,United States,その他,25.360000610351562,89.993428992,853.6928129462433,-0.00019396917506526255,0.017759023459349193,0.001194133100546007,0.7174695045551182,0.5335246751175955,0.36289710267724506,60.39473581842444,0.07389965121811955,0.19937081457076586,False,21,24,38,40,55,B,0,27.25,29.5,41.900000000000006,41.900000000000006,Persistence
CME,CME Group Inc. - Class A Common Stock,Financial Services,Financial Data & Stock Exchanges,United States,その他,263.6600036621094,94.80667136,645.4568268650818,0.06370206032528017,0.09880083887504705,0.11146750607642347,0.8609023709474588,0.16602252189628805,0.017247392203168767,69.91626176969874,0.05300872007018855,0.16877191392438043,False,17,24,57,40,55,B,-20,4.25,9.5,32.35,32.35,Persistence
CNOB,"ConnectOne Bancorp, Inc. - Common Stock",Financial Services,Banks - Regional,United States,その他,32.81999969482422,1.7819744,15.36353415714264,0.4322496355064094,-0.018736041797500623,-0.14667271262866166,,0.7749837454091764,0.0812556864033365,44.463675584562495,0.013569838923505698,0.03781884762370422,True,53,32,30,100,87,S,-25,38.45,22.700000000000003,33.900000000000006,38.45,Acceleration
CNXC,Concentrix Corporation - Common Stock,Technology,Information Technology Services,United States,その他,25.719999313354492,1.569392,33.61616770255089,0.02150672114275021,0.3519743472182828,0.12494843443872715,0.34959200657129097,0.33527161616868423,0.43104515659478976,57.98427922382317,0.038705344123388365,0.5278674272781669,False,9,12,53,100,65,A,-5,23.25,25.5,62.150000000000006,62.150000000000006,Persistence
CNXN,"PC Connection, Inc. - Common Stock",Technology,Electronics & Computer Distribution,United States,その他,84.13999938964844,2.123533696,13.920542199020385,0.025205219765905645,-0.017022820106614506,-0.08779275237472305,0.18774023182000776,-0.6509233701959793,0.0013235375761052612,64.99311570856779,0.10781367290675344,0.030533488857295336,True,30,0,25,100,37,C,0,41.2,18.7,46.15,46.15,Persistence
COCO,"The Vita Coco Company, Inc. - Common Stock",Consumer Defensive,Beverages - Non-Alcoholic,United States,その他,62.25,3.602043392,73.2452175,0.18171441417173598,0.04538179784932295,0.15387330610794625,0.36504149037357736,-0.0691711389385808,0.03212998581830956,27.46313666475784,-0.14799439856339502,0.25910494540424306,True,27,14,49,85,34,D,-20,16.4,6.649999999999999,35.0,35.0,Persistence
COHU,"Cohu, Inc. - Common Stock",Technology,Semiconductor Equipment & Materials,United States,半導体,52.880001068115234,2.50325632,54.78738270664215,0.12737599526107637,-0.3685916878561483,-0.21709944326535635,0.4274565299940833,2.366344195519348,0.2636964976162165,51.78236618348537,-0.06020180904596748,0.28453526656737754,True,42,34,30,100,73,A,0,53.8,47.8,56.1,56.1,Persistence
COIN,"Coinbase Global, Inc. - Class A Common Stock",Financial Services,Financial Data & Stock Exchanges,United States,その他,153.60000610351562,40.52535296,1197.2897755760193,0.09404240810672959,1.1117178931939855,-0.026868945290976668,0.7463949897825262,,0.2639358095583717,46.17110435680267,-0.04477607782003706,0.6033774615618536,False,12,0,26,40,65,A,-20,1.5,0.0,17.299999999999997,17.299999999999997,Persistence
COKE,"Coca-Cola Consolidated, Inc. - Common Stock",Consumer Defensive,Beverages - Non-Alcoholic,United States,その他,192.99000549316406,12.84624384,93.21996235336303,0.047587320985385484,0.03694969144216784,0.07303727473033599,0.39739072267712405,0.22607857648879373,0.6756315015716949,60.92991594386317,0.05561688364182991,0.10787031658637157,True,27,12,36,65,65,A,-30,6.5,0.0,19.049999999999997,19.049999999999997,Persistence
COLB,"Columbia Banking System, Inc. - Common Stock",Financial Services,Banks - Regional,United States,その他,31.239999771118164,8.837866496,93.96320271157265,0.19284603421461896,-0.03405107661492238,0.5730057406438848,,0.1332263242375602,0.054390112520948046,33.81742549762235,-0.0005886479244714739,0.07051475144881314,True,25,26,38,85,77,A,-20,19.200000000000003,19.950000000000003,37.550000000000004,37.550000000000004,Persistence
COLM,Columbia Sportswear Company - Common Stock,Consumer Cyclical,Apparel Manufacturing,United States,その他,57.36000061035156,2.9364416,39.241984017562864,0.008540388804547433,-0.034016086818002854,0.006654153743831102,0.5053119327381834,-0.4974062986246542,0.16311768544435654,35.596864914506085,-0.09592408852773895,0.15385750353024089,False,26,0,33,100,70,A,0,41.5,22.0,57.150000000000006,57.150000000000006,Persistence
CORZ,"Core Scientific, Inc. - Common Stock",Technology,Software - Infrastructure,United States,ソフトウェア,21.010000228881836,6.751363072,272.6837505706024,-0.37529568881787134,0.01646496815286624,-0.21538372639630932,0.11879543224698215,-7.814459996940492,0.49518708969503045,45.88757521331271,-0.14834105859979316,0.27949244379895183,True,0,18,2,85,61,B,0,18.85,32.35,34.550000000000004,34.550000000000004,Persistence
COST,Costco Wholesale Corporation - Common Stock,Consumer Defensive,Discount Stores,United States,その他,947.8200073242188,420.338106368,1970.001233323059,0.08167323631476146,0.05020017334599034,0.06757316460604351,0.12843206714262356,0.1822295972243174,0.10600656299044087,56.48836472823665,-0.0025926812434105286,0.13249601499993463,False,20,24,42,10,90,S,0,25.5,28.5,43.6,43.6,Persistence
CPRT,"Copart, Inc. - Common Stock",Industrials,Specialty Business Services,United States,その他,29.65999984741211,27.459567616,342.7487337367058,0.09680248620251543,0.09492267512387847,0.10528572338536059,0.4518317144247914,0.2799430933032715,0.010280448665540504,65.09041075394953,0.004062279367173334,0.40644388387319785,False,31,24,50,65,45,C,0,37.5,32.25,52.75,52.75,Persistence
CRAI,"CRA International,Inc. - Common Stock",Industrials,Consulting Services,United States,その他,169.30999755859375,1.062735168,28.229055892944334,0.09334840430948453,0.10166737182199316,0.055973843334162575,0.3090743138149745,-0.43959893694129015,0.20231747904584868,47.9632070226556,0.0733172312887887,0.23644439171746645,False,4,12,41,100,75,A,-5,20.5,26.5,57.55,57.55,Persistence
CRCT,"Cricut, Inc. - Class A common stock",Technology,Computer Hardware,United States,その他,5.840000152587891,1.225808128,4.145845308322906,-0.0052741046793293835,-0.06875672256442227,-0.1366913536786807,0.5508493467648635,-0.2871501901603185,0.020013567352954342,73.13433446605889,0.3002689141161294,0.10846029524531783,True,41,12,33,100,35,C,-5,44.25,22.5,45.150000000000006,45.150000000000006,Persistence
CROX,"Crocs, Inc. - Common Stock",Consumer Cyclical,Footwear & Accessories,United States,その他,136.6199951171875,6.550256128,141.0212082598877,-0.014982784461062458,0.03527227675920357,0.11458895044564182,0.5833360350458726,-0.28591468890383787,0.3865738068147793,51.2852614194526,0.07023669465276769,0.032367782740957876,True,8,0,29,85,72,A,0,25.95,19.95,51.6,51.6,Persistence
CRSR,"Corsair Gaming, Inc. - Common Stock",Technology,Computer Hardware,United States,その他,14.350000381469727,1.552339456,28.31929525281906,0.11858362979050865,-0.0982933470331364,0.0616516059219052,0.2892283766163208,0.34013421783400183,0.15196158189927453,77.55905135926447,0.46440530493779253,0.0,True,31,39,30,100,10,D,-5,34.25,40.25,38.5,40.25,Transition
CRUS,"Cirrus Logic, Inc. - Common Stock",Technology,Semiconductors,United States,半導体,124.91999816894531,6.260685312,94.51447061462402,0.05342715512080997,0.059918161541514574,-0.05729659883949185,0.5277776526137503,0.5296970980214767,0.053819554635020694,34.32797482844444,-0.1635026922346645,0.3017327980389598,False,17,24,38,85,41,C,0,29.6,34.85,50.35000000000001,50.35000000000001,Persistence
CRVL,CorVel Corp. - Common Stock,Financial Services,Insurance Brokers,United States,その他,62.560001373291016,3.191126784,11.465371451683044,0.07027553933779893,0.1260865246425612,0.10680915495113852,0.2429383835823091,0.20448885976408912,0.043713237924309395,54.14966487747812,0.024572732647018092,0.32469773547643777,True,5,24,50,85,83,S,-20,4.800000000000001,19.049999999999997,45.349999999999994,45.349999999999994,Persistence
CRWD,"CrowdStrike Holdings, Inc. - Class A Common Stock",Technology,Software - Infrastructure,United States,ソフトウェア,214.4199981689453,218.33515008,1761.299469959259,0.21711245176577237,0.29391354434791717,0.3633347849133246,0.7466899972049074,0.16254614170161044,0.07396954761225268,62.21812554010821,0.15333143293368084,0.0,True,23,17,97,25,25,D,0,23.5,19.0,64.6,64.6,Persistence
CRWV,"CoreWeave, Inc. - Class A Common Stock",Technology,Software - Infrastructure,United States,ソフトウェア,90.66999816894531,49.466863616,2421.764369943161,1.6793733681462142,3.0,3.0,0.7168193334632625,-0.21804132370233495,0.6048841831974362,61.19516755273691,-0.015870691168796185,0.3904537938222164,False,37,10,50,40,53,B,-10,29.049999999999997,8.8,38.1,38.1,Persistence
CSCO,"Cisco Systems, Inc. - Common Stock",Technology,Communication Equipment,United States,通信/光通信,121.43000030517578,478.608392192,2439.642850331268,0.05298961024478189,-0.05605459840696165,0.10553368116841554,0.6493804497475907,0.30146914789422136,0.22972254703943873,78.37124698061908,0.032093417550161756,0.0624287296533064,True,35,12,42,10,52,B,0,32.95,15.7,36.0,36.0,Persistence
CSGP,"CoStar Group, Inc. - Common Stock",Real Estate,Real Estate Services,United States,その他,30.239999771118164,12.253175808,248.48525331925393,0.18676900584795322,0.11446028513238289,0.124908357771261,0.7887280566676933,1.1673469387755102,0.11235528563294743,52.67686143806415,-0.004254319725858921,0.68000000242203,False,50,27,75,65,65,A,0,53.75,36.5,70.5,70.5,Persistence
CSWC,Capital Southwest Corporation - Common Stock,Financial Services,Asset Management,United States,その他,25.1299991607666,1.601632,17.985791699352266,0.3903153794566985,-0.001907189554469517,0.7747058727808244,,0.11480696497414627,0.5195020201899594,67.88733620277893,0.07146499850877251,0.0,True,34,32,10,100,40,C,-35,9.5,8.0,3.5,9.5,Acceleration
CTAS,Cintas Corporation - Common Stock,Industrials,Specialty Business Services,United States,その他,203.0500030517578,81.254432768,542.628797655487,0.08941622975458553,0.07748211218226426,0.0885737818220963,0.5066945494893322,0.0706616483240667,0.2569969627149036,51.822688376356666,0.09125013561609562,0.09410461727985596,True,28,24,46,40,85,S,0,35.5,32.5,52.3,52.3,Persistence
CTSH,Cognizant Technology Solutions Corporation - Class A Common Stock,Technology,Information Technology Services,United States,その他,57.66999816894531,25.977116672,556.8955276182556,0.06951763275233076,0.019790213403606677,-0.0038604076590487957,0.33717074095129806,0.42036124794745483,0.05567369031509762,80.31641565527217,0.20196913420813503,0.32673378971734907,False,39,12,34,65,8,D,0,39.8,19.55,36.550000000000004,39.8,Acceleration
CVBF,CVB Financial Corporation - Common Stock,Financial Services,Banks - Regional,United States,その他,22.65999984741211,3.99376,33.866162871952056,0.0830747119795092,-0.13045202075568224,-0.009886302993026222,,-0.11153987654825655,0.03198760621004828,53.696511627044,0.038899821213996995,0.027467785862862446,True,18,12,25,85,75,A,-20,13.75,9.25,30.0,30.0,Persistence
CVCO,"Cavco Industries, Inc. - Common Stock",Consumer Cyclical,Residential Construction,United States,その他,592.22998046875,4.5538944,73.25588743408203,0.11364513673815083,0.12294795162893528,-0.16237405569481306,0.23474530018868303,0.47759901699253193,0.02061980807959553,58.14523417400642,0.02915117212688841,0.15124115429361185,True,10,26,30,85,100,S,0,30.25,42.25,57.75,57.75,Persistence
CVLT,"Commvault Systems, Inc. - Common Stock",Technology,Software - Application,United States,ソフトウェア,135.27000427246094,5.606206464,97.24222432136536,0.18889856461156326,0.1863241691659309,0.06966313616028753,0.8115047013998598,0.1646400754324104,0.48640119174788804,41.60188155135095,0.00935862860918726,0.3077631557370969,True,52,14,57,85,83,S,0,60.05,31.55,69.2,69.2,Persistence
CWST,"Casella Waste Systems, Inc. - Class A Common Stock",Industrials,Waste Management,United States,その他,89.41000366210938,5.68736512,61.9101688357544,0.17951650406509287,0.23149962595153029,0.16538090423919144,0.33766450117348207,0.0794496968451341,0.3751149598919392,34.683348736344456,-0.015629224985873696,0.16703925179334134,False,11,14,75,85,80,S,0,29.0,31.25,78.5,78.5,Persistence
CZR,"Caesars Entertainment, Inc. - Common Stock",Consumer Cyclical,Resorts & Casinos,United States,その他,30.149999618530273,6.142169088,106.53728490204811,0.021431747443308138,-0.024548924358084662,0.06533592089455688,0.5,3.0,0.7870033819020829,61.589385570125195,0.014140776458983989,0.008549826707873593,True,38,25,28,85,55,B,-10,36.75,27.0,37.650000000000006,37.650000000000006,Persistence
DAKT,"Daktronics, Inc. - Common Stock",Technology,Electronic Components,United States,半導体,21.43000030517578,1.035193792,9.567530786247254,0.10869993403632892,-0.0753053174311164,0.08470874944974516,0.27304681258987057,-0.5614876180979046,0.025282641789860248,70.47816107997849,0.06907322059774464,0.22719074435846434,True,26,44,25,100,50,B,-5,34.5,48.0,43.75,48.0,Transition
DASH,"DoorDash, Inc. - Common Stock",Consumer Cyclical,Internet Retail,United States,その他,216.25999450683594,94.228529152,859.5642749664306,0.27933221413915316,0.24169079328314996,0.31171198541698314,0.5087847196908946,0.013318534961154272,0.16735337504450887,68.79657289999996,0.20379046484942018,0.2324128558145661,True,43,36,93,40,50,B,0,43.25,38.0,71.15,71.15,Persistence
DAVE,Dave Inc.  - Class A Common Stock,Technology,Software - Application,United States,ソフトウェア,317.92999267578125,4.055358208,152.2375976928711,0.5967165692816558,0.3395807682955541,0.2648678467862408,0.8668668415791202,1.4090920688921964,0.15429056784936132,25.31889745201221,-0.10068596860128667,0.2815628464674039,True,85,64,100,85,46,C,0,81.1,65.35,85.45,85.45,Persistence
DBX,"Dropbox, Inc. - Class A Common Stock",Technology,Software - Infrastructure,United States,ソフトウェア,34.810001373291016,8.121196032,146.42774862672806,-0.010674201397064594,0.018628078030060762,0.07600326895780464,0.8013486711622372,0.06770713793894882,1.260852754051109,68.0743240794185,0.19820463028860955,0.005428532191685268,True,23,38,35,85,25,D,-20,12.5,23.75,25.5,25.5,Persistence
DDOG,"Datadog, Inc. - Class A Common Stock",Technology,Software - Application,United States,ソフトウェア,233.92999267578125,83.998416896,1142.2544219366455,0.2767536858183308,0.2611946574802465,0.2705862336576921,0.7995549081775629,0.1801231578254761,0.1925097880082675,38.673468978044866,-0.060809534799375536,0.18816589404538123,True,44,17,100,40,80,S,0,47.0,26.75,81.0,81.0,Persistence
DGII,Digi International Inc. - Common Stock,Technology,Communication Equipment,United States,通信/光通信,81.69999694824219,3.100361728,30.998204342117308,0.014562099394876972,-0.04676418290251299,0.14585356429905338,0.629158037380788,0.30251279895135164,0.18553594769825046,83.15708133138642,0.18292300467525896,0.015781293269194092,True,35,24,42,85,10,D,0,40.0,31.75,46.35,46.35,Persistence
DIOD,Diodes Incorporated - Common Stock,Technology,Semiconductors,United States,半導体,105.16999816894531,4.843257856,51.778345198516845,0.13038699737628898,-0.2109952284925611,-0.16937138229913326,0.312019718326965,1.9551399452715952,0.03905436869408929,64.5292151796641,0.057123026363389146,0.14328774569232247,True,39,26,34,85,65,A,0,48.5,38.75,52.95,52.95,Persistence
DJT,Trump Media & Technology Group Corp. - Common Stock,Communication Services,Internet Content & Information,United States,その他,10.210000038146973,2.827698432,48.20774038011551,0.0176301536420913,-0.12401055408970976,1.8093165589935396,0.5451040026068539,1.1942656796751419,0.3611366992794125,54.70942262937818,0.15888402201290133,0.44810810604610957,False,48,55,42,100,35,C,0,54.5,59.75,55.1,59.75,Transition
DKNG,DraftKings Inc. - Class A Common Stock,Consumer Cyclical,Gambling,United States,その他,24.030000686645508,11.92197632,338.34240966796875,0.26990504224364836,0.30073337292890556,0.6359994661812903,0.4125142765121954,0.7122798154322859,0.4171079442321682,48.335253454959776,-0.05035900716203784,0.5017623695890401,False,32,74,71,65,55,B,0,39.25,70.75,66.30000000000001,70.75,Transition
DLTR,"Dollar Tree, Inc. - Common Stock",Consumer Defensive,Discount Stores,United States,その他,130.89999389648438,25.155653632,316.7249707319641,0.10429217510026453,0.04751774317535799,0.08886870194335399,0.364046610824344,-0.10371318822023047,0.5239488497126138,57.697539806796556,0.09015556848236658,0.07301191365477318,True,27,37,33,65,72,A,0,37.2,44.7,48.800000000000004,48.800000000000004,Persistence
DOCU,"DocuSign, Inc. - Common Stock",Technology,Software - Application,United States,ソフトウェア,60.2599983215332,11.506321408,186.1130048160553,0.08155266551753446,0.07779369285146867,0.09776443162825453,0.7940481441217581,0.15025579060377015,0.04376801314560651,64.46221341243658,0.21900149781766215,0.2911422561198719,True,35,12,57,65,33,D,0,39.3,22.05,54.2,54.2,Persistence
DORM,"Dorman Products, Inc. - Common Stock",Consumer Cyclical,Auto Parts,United States,その他,140.91000366210938,4.181591552,52.04651895263672,0.06028378501461031,0.041149079588016925,0.11307230746780532,0.4214096574268924,-0.6051423084550114,0.21518821312449912,52.48086225026289,0.057327262755689404,0.1528796034365942,True,25,12,41,85,85,S,0,40.0,30.25,60.8,60.8,Persistence
DPZ,Domino's Pizza Inc - Common Stock,Consumer Cyclical,Restaurants,United States,その他,350.95001220703125,11.6100352,363.56841989593505,0.04962969699236107,0.05068985332273062,-0.012739252192672152,0.3995065581051313,0.31150051170675686,2.9411037490554683,61.13024426111099,0.10043803901314287,0.2345039525464115,False,9,24,24,65,40,C,-40,0.0,0.0,0.0,0.0,Acceleration
DRS,"Leonardo DRS, Inc. - Common Stock",Industrials,Aerospace & Defense,United States,防衛/宇宙,44.79999923706055,11.956740096,40.64435130783081,0.1280148423005566,0.14437367303609341,0.049387300408466395,0.2382127192982456,0.22043010752688172,0.10477039679001338,51.688308600009776,-0.018963791955254668,0.09841013332248319,True,10,26,50,65,100,S,0,27.25,39.25,63.75,63.75,Persistence
DRVN,Driven Brands Holdings Inc. - Common Stock,Consumer Cyclical,Auto & Truck Dealerships,United States,その他,13.329999923706055,2.198863104,9.189968547401428,0.06274665102403684,0.024815793782601576,-0.15893908795717476,0.5080244281957306,3.0,0.6396709552106772,38.245034262797226,-0.049710214372630776,0.3060905487246678,False,50,60,28,100,63,B,-10,48.8,56.3,43.00000000000001,56.3,Transition
DSGR,"Distribution Solutions Group, Inc. - Common Stock",Industrials,Industrial Distribution,United States,その他,34.880001068115234,1.613389184,11.973083566646576,0.09751045394278822,0.1488166724189093,0.3638804886479501,0.33435874229743795,0.30348767288033673,0.4684325534235263,81.66663487764406,0.16735167550213498,0.0,True,9,47,63,100,10,D,-5,17.75,46.25,56.650000000000006,56.650000000000006,Persistence
DUOL,"Duolingo, Inc. - Class A Common Stock",Technology,Software - Application,United States,ソフトウェア,130.89999389648438,6.09903872,163.04772339752196,0.38710656342577243,0.40841898743948984,0.43739157498748293,0.7223062310799363,0.36331622366883154,0.04707351035196584,47.875510162484396,0.046026728512534816,0.6465410293490041,False,34,39,97,85,65,A,0,44.75,48.5,87.6,87.6,Persistence
DXPE,"DXP Enterprises, Inc. - Common Stock",Industrials,Industrial Distribution,United States,その他,192.36000061035156,2.984878592,25.329003080368043,0.11893465183902688,0.07353747170260931,0.1335519491745181,0.315383375529728,-0.3002864809509612,0.5362135827268115,62.58433514300707,0.17120858664891644,0.029514181450791235,True,27,14,41,100,25,D,0,37.75,28.0,52.55,52.55,Persistence
EBAY,eBay Inc. - Common Stock,Consumer Cyclical,Internet Retail,United States,その他,111.9800033569336,49.831100416,493.2875919877624,0.07945152192939804,0.016910601265822785,0.032363450740173556,0.7145045045045045,-0.2668711656441718,0.4077228847245883,46.45265359375953,0.008136785849079847,0.05606552046540218,True,30,12,41,40,87,S,0,37.2,23.700000000000003,49.95,49.95,Persistence
EBC,"Eastern Bankshares, Inc. - Common Stock",Financial Services,Banks - Regional,United States,その他,22.84000015258789,5.228076032,65.09948203491211,-0.004203668932444681,1.3183180397813592,-0.5151100179279284,,0.5278970909777023,0.006526234667597088,52.84432086646211,0.0491861684794761,0.030148582058352396,True,9,12,38,85,87,S,-20,8.200000000000003,10.450000000000003,39.55000000000001,39.55000000000001,Persistence
ECHO,EchoStar Corporation - Common stock,Communication Services,Telecom Services,United States,その他,90.04000091552734,26.155784192,504.33250332805636,-0.051848356792915946,-0.06994065092511001,-0.08686415323700246,0.25822524761597626,-0.3986920807594349,0.700132310141108,49.581769733160485,-0.11940975102065653,0.3650211637678017,False,30,0,0,65,63,B,-20,18.549999999999997,0.0,8.850000000000001,18.549999999999997,Acceleration
ECPG,Encore Capital Group Inc - Common Stock,Financial Services,Credit Services,United States,その他,100.19999694824219,2.125178368,35.63763191459656,0.3437058679192106,0.07661939346353912,-0.12562475551490437,0.5460368090945171,-0.00015754358049295387,0.7493338701824038,69.21027449568676,0.13837243439783284,0.0,True,62,65,23,100,25,D,-30,34.0,36.25,12.649999999999999,36.25,Transition
EEFT,"Euronet Worldwide, Inc. - Common Stock",Technology,Software - Infrastructure,United States,ソフトウェア,72.08000183105469,2.6960512,52.54812333488464,0.0637625946162715,0.08183297180043383,0.09801119447421698,0.41317562791574386,-0.2945094217024042,0.33555257601676763,36.135206716061106,-0.016235903566263248,0.2668836243410898,False,4,12,37,100,63,B,0,24.3,30.3,57.95,57.95,Persistence
EFSC,Enterprise Financial Services Corporation - Common Stock,Financial Services,Banks - Regional,United States,その他,65.91000366210938,2.385449216,16.092586494140626,0.15980212663067714,-0.017993713841190417,0.09890107658757072,,-0.24338855892466396,0.010902506484639744,43.69314534651265,0.021254550399910598,0.03809096772950789,True,23,14,25,100,87,S,-20,20.950000000000003,14.200000000000003,36.150000000000006,36.150000000000006,Persistence
ENPH,"Enphase Energy, Inc. - Common Stock",Technology,Solar,United States,電力/エネルギー,41.869998931884766,5.532896256,201.70243935451506,0.1071886817555546,-0.4192460579032699,-0.017189844232991098,0.4664025770798752,-0.8002432882236419,0.3454871399786654,55.90397052009801,-0.12254232452554878,0.42112542690538135,True,34,21,29,85,53,B,0,43.55,33.8,47.800000000000004,47.800000000000004,Persistence
ENTG,"Entegris, Inc. - Common Stock",Technology,Semiconductor Equipment & Materials,United States,半導体,152.0800018310547,23.237824512,449.4321442111969,-0.013760335678143897,-0.08022361588013281,0.07369426206256914,0.44419070262153537,0.25340082252451757,0.4546075085324232,60.1916399272467,0.056785212436225245,0.1727781190858418,True,37,34,26,65,65,A,0,44.0,41.75,43.55,44.0,Acceleration
ENVX,Enovix Corporation - Common Stock,Industrials,Electrical Equipment & Parts,United States,電力/エネルギー,4.699999809265137,1.025321152,27.698931875925066,0.3790846840599809,2.018576661433804,0.2325056433408578,0.19185443574997643,0.38581654682097816,0.6147842657641003,51.88953063257612,-0.18358842009244608,0.6436694496749518,False,29,68,38,100,43,C,-25,16.049999999999997,45.3,29.500000000000007,45.3,Transition
EOSE,"Eos Energy Enterprises, Inc. - Common Stock",Industrials,Electrical Equipment & Parts,United States,電力/エネルギー,4.150000095367432,1.501002496,122.24584730922223,3.0,-0.04713640249114666,-0.08625306851149298,-1.2594853024876755,-0.4208965273992369,0.942624071251936,51.10024670792806,-0.24414896750282122,0.7837415330967717,False,65,40,8,100,43,C,-35,33.05,14.299999999999997,3.0,33.05,Acceleration
ERIE,Erie Indemnity Company - Class A Common Stock,Financial Services,Insurance Brokers,United States,その他,252.5800018310547,13.207374848,78.99060687263488,0.07409012625297613,0.16716587856459053,0.16063891649907652,,0.17384931044974958,,63.93128470237877,0.09303319848273617,0.30092444075502656,False,2,12,40,65,38,C,-20,0.0,2.5500000000000007,25.85,25.85,Persistence
ESQ,"Esquire Financial Holdings, Inc. - Common Stock",Financial Services,Banks - Regional,United States,その他,131.3800048828125,1.136358272,19.35227471923828,0.17414119079664167,0.099538423593249,0.34713009220253704,,0.38898702096613164,,63.28359168271624,0.10728852689183556,0.0062026632704895125,True,28,26,57,100,25,D,-25,13.5,12.0,36.35,36.35,Persistence
EVCM,EverCommerce Inc. - Common Stock,Technology,Software - Application,United States,ソフトウェア,10.920000076293945,1.929184512,1.9179342133998871,0.047532395919492695,0.051066518842861175,-0.13834160832288891,0.7757489722485893,-0.1554383805805466,0.3815376069584792,39.772730720930156,0.04778354330117788,0.1850745979728869,True,18,42,36,100,90,S,-5,32.5,50.5,57.8,57.8,Persistence
EVLV,"Evolv Technologies Holdings, Inc. - Class A Common Stock",Industrials,Security & Protection Services,United States,その他,6.130000114440918,1.102611712,10.433290844779014,0.4047561738795552,0.3054106705209577,0.5092281720062976,0.5161029436962407,0.7311749086801531,0.13875739547779467,66.16766278991412,0.04283625562967491,0.30022831572193037,False,59,68,73,100,53,B,-5,59.55,66.3,70.75,70.75,Persistence
EVRG,"Evergy, Inc. - Common Stock",Utilities,Utilities - Regulated Electric,United States,電力/エネルギー,83.37999725341797,19.224690688,161.83849016895294,0.019547483453901802,0.06156276097454704,-0.05988974415865918,0.522661701556629,-1.1300651742703316,0.4478018174587979,39.74650722287412,-0.013051234698956004,0.05389765287682202,True,8,0,10,65,77,A,0,23.45,17.45,37.15,37.15,Persistence
EWBC,"East West Bancorp, Inc. - Common Stock",Financial Services,Banks - Regional,United States,その他,131.6999969482422,18.042406912,98.15732472549439,0.12861419870456148,0.0016864262009981177,0.10486412690774066,,,0.039458582934987864,44.519092784095456,0.020987054231206125,0.026669493441562726,True,23,14,22,65,75,A,-20,14.5,7.75,23.35,23.35,Persistence
EXC,Exelon Corporation - Common Stock,Utilities,Utilities - Regulated Electric,United States,電力/エネルギー,45.61000061035156,46.989881344,392.55410080314635,0.05341323606044815,0.05987941271229346,0.13885103260299822,0.42930167367466404,-0.48887434554973824,0.42961310800377456,46.77717360759849,-0.012639896731232213,0.08453104450040837,False,7,12,18,40,90,S,0,20.25,24.0,37.9,37.9,Persistence
EXE,Expand Energy Corporation - Common Stock,Energy,Oil & Gas E&P,United States,電力/エネルギー,92.83999633789062,21.492811776,342.4644648913574,1.8877043354655294,-0.45710610932475887,-0.3205453115441755,0.5084912626138322,3.0,0.17888075794534591,62.832235853547616,0.03164263422303602,0.23580855380035456,False,73,87,46,65,70,A,0,71.5,82.0,55.55,82.0,Transition
EXLS,"ExlService Holdings, Inc. - Common Stock",Technology,Information Technology Services,United States,その他,34.88999938964844,5.289759744,95.3023822328186,0.1356129227381618,0.1273735671516213,0.15482803652010843,0.3837160789565829,0.3412893733999811,0.23711297206319926,72.3930428188265,0.2049815318104498,0.22432192652899777,True,32,26,64,85,35,C,0,40.25,35.75,63.45,63.45,Persistence
EXPE,"Expedia Group, Inc. - Common Stock",Consumer Cyclical,Travel Services,United States,その他,310.67999267578125,37.288460288,518.1085965856934,0.07610839237455262,0.0663603084352364,0.10045427273506471,0.9011742347111925,0.33533705452984114,0.26235072795681336,70.84095459212864,0.196273006490737,0.028092382166835853,True,41,24,53,40,10,D,0,37.75,25.0,41.150000000000006,41.150000000000006,Persistence
EXPO,"Exponent, Inc. - Common Stock",Industrials,Engineering & Construction,United States,その他,66.79000091552734,3.240091648,37.56403231491089,0.042075937219120736,0.040516724233651165,0.04573021646505992,,-0.11088823965464614,0.10653630329290989,62.59963588463568,0.09706952961373136,0.1550176041638816,True,18,0,37,85,65,A,0,32.75,19.25,54.6,54.6,Persistence
EXTR,"Extreme Networks, Inc. - Common Stock",Technology,Communication Equipment,United States,通信/光通信,23.969999313354492,3.145247488,44.81443056624413,0.0204653943822206,-0.1487678806266734,0.1799237809948747,0.6220046716552624,2.407413354743744,0.19375521367165618,28.22636079239335,-0.2038079253990788,0.28893503517193975,True,45,37,42,85,34,D,0,49.9,43.9,51.150000000000006,51.150000000000006,Persistence
EZPW,"EZCORP, Inc. - Class A Non-Voting Common Stock",Financial Services,Credit Services,United States,その他,27.899999618530273,1.714270208,25.85102364654541,0.09700224345343758,0.1072989520905284,0.18371858162430535,0.5854796434064726,0.41867516316357467,0.39157260959743423,31.307557436910415,-0.12171905125614117,0.21607194439695573,True,13,24,54,100,68,A,-25,6.550000000000001,14.799999999999997,43.30000000000001,43.30000000000001,Persistence
FA,First Advantage Corporation - Common Stock,Industrials,Specialty Business Services,United States,その他,24.010000228881836,4.123806208,49.045947767543794,0.8302486035305537,0.12627510438474862,-0.057111958549325145,0.45673782019564413,3.0,0.544924333598866,57.32648235065109,0.279325668304137,0.004560555826044433,True,82,75,38,85,45,C,0,78.75,73.5,51.150000000000006,78.75,Acceleration
FANG,"Diamondback Energy, Inc. - Common Stock",Energy,Oil & Gas E&P,United States,電力/エネルギー,188.0399932861328,52.654915584,371.5012127357483,0.35434999546402973,0.32186113442858855,-0.12826677817269497,0.3497220175497354,0.8691849646445851,0.2093893806555116,43.858761275885485,-0.015469582018234163,0.11519390915353733,True,57,20,29,40,100,S,0,58.75,31.0,45.95,58.75,Acceleration
FAST,Fastenal Company - Common Stock,Industrials,Industrial Distribution,United States,その他,51.84000015258789,59.486277632,484.88259022722247,0.08673469387755102,0.027127826098792655,0.05244534853737501,0.45011889518931775,0.10963244613434728,0.0874547289675236,85.8882889699442,0.11354793711836805,0.0,True,28,24,50,40,10,D,0,28.0,25.0,39.5,39.5,Persistence
FBNC,First Bancorp - Common Stock,Financial Services,Banks - Regional,United States,その他,64.66999816894531,2.675670784,16.57750733062744,0.11689860256801757,-0.1382546803338262,0.019031663252953586,,0.15548093235109572,-0.0002174712880670465,52.77775498986849,0.03781225977731482,0.023554357676549398,True,25,26,30,100,75,A,-20,21.25,22.0,36.5,36.5,Persistence
FCEL,"FuelCell Energy, Inc. - Common Stock",Industrials,Electrical Equipment & Parts,United States,電力/エネルギー,20.43000030517578,1.633464192,198.0281972580719,0.41049834124068063,-0.09126861921973516,-0.0543361638208516,-0.16696804542178273,0.3041904555702512,0.15443932602832602,51.44537030131997,-0.06484302300481813,0.4326575601932455,True,47,50,10,100,65,A,-15,41.75,44.0,28.5,44.0,Transition
FCFS,"FirstCash Holdings, Inc. - Common Stock",Financial Services,Credit Services,United States,その他,202.5399932861328,8.784524288,96.6591736959076,0.08042729054682968,0.07510574922996285,0.1549516259414821,0.5027548160455914,0.12576079098943638,0.4845828798608804,44.148579044349546,-0.05952564422002469,0.1291220710864227,True,31,24,50,85,90,S,-20,25.0,19.75,46.75,46.75,Persistence
FCNCA,"First Citizens BancShares, Inc. - Class A Common Stock",Financial Services,Banks - Regional,United States,その他,2218.489990234375,25.269504,174.27348118286133,-0.026105263157894736,0.08521818597212703,0.9341581970835174,,-0.06331727460426703,0.1572194794904614,64.98428750470757,0.05395974633444305,0.014801394921967961,True,0,0,33,65,40,C,-20,0.0,0.0,22.400000000000006,22.400000000000006,Persistence
FELE,"Franklin Electric Co., Inc. - Common Stock",Industrials,Specialty Industrial Machinery,United States,電力/エネルギー,109.45999908447266,4.839386624,34.88599630821228,0.054374299042071576,-0.021205413888597004,0.010481912560043959,0.35468621700879766,-0.1189506125068853,0.12035167932276787,63.72496625692056,0.054222086512924525,0.0028241338792227345,True,22,0,29,85,40,C,0,33.25,16.75,45.2,45.2,Persistence
FFBC,First Financial Bancorp. - Common Stock,Financial Services,Banks - Regional,United States,その他,33.65999984741211,3.533254656,40.07946671831131,0.07648119026589978,-0.005491601919561243,0.18539921894399422,,0.3153421464155201,0.05629053272223476,28.83715277284921,0.015777223471304613,0.06965175335842022,True,23,24,30,85,60,B,-20,16.0,16.75,29.75,29.75,Persistence
FFIN,"First Financial Bankshares, Inc. - Common Stock",Financial Services,Banks - Regional,United States,その他,34.66999816894531,4.969164288,27.06270717071533,0.14910332062781523,0.12339320864597562,-0.08036904585564043,,-0.023607047634003706,0.0013630940804880026,46.90262200521903,0.01628158094516308,0.06461545935056537,True,35,14,25,85,87,S,-20,27.700000000000003,11.950000000000003,32.400000000000006,32.400000000000006,Persistence
FFIV,"F5, Inc. - Common Stock",Technology,Software - Infrastructure,United States,ソフトウェア,400.2300109863281,22.663899136,293.5627096083069,0.09656974844821954,0.0010489949235186367,0.04352030624906106,0.8141306290785966,0.18949825920234328,0.04142595639016554,44.462338326208226,-0.006830543857293499,0.07195195027742222,True,35,24,57,65,87,S,0,44.7,36.45,65.0,65.0,Persistence
FHB,"First Hawaiian, Inc. - Common Stock",Financial Services,Banks - Regional,United States,その他,27.489999771118164,3.345000448,81.58537112071991,0.09386092860554272,-0.038003762502871546,0.056727342392702114,,0.05039845673774585,0.0,29.17928813470887,-0.033736624667260705,0.09393541091418327,True,20,24,30,85,73,A,-20,15.049999999999997,18.049999999999997,32.35,32.35,Persistence
FIBK,"First Interstate BancSystem, Inc. - Common Stock",Financial Services,Banks - Regional,United States,その他,37.529998779296875,3.576781824,49.947174175415036,0.05911773532059618,-0.02544355624878144,-0.07234581298607343,,-0.16325301204819276,0.011110860866497001,44.88696181110652,0.008826442833712306,0.055371343934884396,True,30,12,25,85,87,S,-20,23.950000000000003,10.450000000000003,32.400000000000006,32.400000000000006,Persistence
FIGR,"Figure Technology Solutions, Inc. - Class A Common Stock",Financial Services,Capital Markets,United States,その他,28.6200008392334,6.327906304,83.66642255337715,0.5577453275635211,0.6712784315605301,,0.9320722408519394,1.2918337510442774,0.40784147557543116,44.296579922990496,-0.030707764773595093,0.6127722984553754,False,55,69,37,85,65,A,-20,40.5,51.0,34.6,51.0,Transition
FISV,"Fiserv, Inc. - Common Stock",,,,その他,52.40999984741211,27.869894656,420.2487976264763,0.03602854908095424,0.07138741947310533,0.07645035800868241,0.5936394092388997,-0.15073093638877913,0.36343329215179765,52.557811908965874,0.007686946994978924,0.6256428582327707,False,8,12,41,65,65,A,0,22.25,25.25,51.8,51.8,Persistence
FIVE,"Five Below, Inc. - Common Stock",Consumer Cyclical,Specialty Retail,United States,その他,244.3699951171875,13.5125248,258.3846143371582,0.22897299567370483,0.08910511947482826,0.1570262145402866,0.3599145870184106,2.8600240028503383,0.4116226816222502,87.84573085322647,0.22017955134409825,0.013483555392002291,True,43,29,53,65,10,D,0,43.0,32.5,47.400000000000006,47.400000000000006,Persistence
FIVN,"Five9, Inc. - Common Stock",Technology,Software - Infrastructure,United States,ソフトウェア,33.9900016784668,2.5398528,122.58188195323945,0.10283721296276746,0.14437312737784572,0.16902186054752802,0.5507445904926341,1.0635844036814033,0.44975783069935815,71.43226693412942,0.4145938043052906,0.0,True,31,63,60,100,10,D,0,39.25,63.25,60.0,63.25,Transition
FIZZ,National Beverage Corp. - Common Stock,Consumer Defensive,Beverages - Non-Alcoholic,United States,その他,32.130001068115234,3.007757056,14.742529690093994,-0.01731546238660711,0.008106107775989474,0.01599581220394703,0.370387750814873,-0.0839304051873368,0.06920238079861726,58.56645297898414,0.021498701737024024,0.2396609500249198,True,4,0,29,85,100,S,-20,5.75,2.75,37.2,37.2,Persistence
FLEX,Flex Ltd. - Ordinary Shares,Technology,Electronic Components,United States,半導体,121.3499984741211,44.827049984,602.944456418457,0.08139309650176267,-0.022790081393147834,-0.07322293172408954,0.09196102314250913,-0.014058106841611996,0.1956482320942883,51.11939869187703,-0.11807928040817289,0.251249503362074,True,30,12,25,40,73,A,0,35.8,22.3,38.35,38.35,Persistence
FLNC,"Fluence Energy, Inc. - Class A Common Stock",Utilities,Utilities - Renewable,United States,電力/エネルギー,13.194999694824219,2.99977984,114.2384148328781,-0.16146821899960054,0.21667663069696813,0.8504692546239246,0.13071463609727643,-3.888107395816175,0.165805685193042,44.96986575078569,-0.28915060351832833,0.5905988246281972,False,0,0,18,100,35,C,-10,8.5,8.5,31.9,31.9,Persistence
FLYW,Flywire Corporation - Voting Common Stock,Technology,Software - Infrastructure,United States,ソフトウェア,17.780000686645508,2.1632512,40.82777107672691,0.2659404564517702,0.22091621309173542,0.3929814254859611,0.6142048874443241,-0.022817760851689965,0.001073953593396063,48.180494117340025,0.06964743807621931,0.05324813436833907,True,42,24,92,100,72,A,0,53.7,40.2,90.0,90.0,Persistence
FMBH,"First Mid Bancshares, Inc. - Common Stock",Financial Services,Banks - Regional,United States,その他,51.16999816894531,1.360841728,7.530176930541992,0.07419577566456391,0.15896219723781221,0.07958878343196196,,0.03806494810847004,0.046151347277616286,62.6666320801309,0.06389167973562207,0.02681634866883176,True,2,24,50,100,40,C,-25,0.0,12.0,35.5,35.5,Persistence
FORM,"FormFactor, Inc. - Common Stock",Technology,Semiconductor Equipment & Materials,United States,半導体,117.38999938964844,9.170591744,165.0661867917633,0.028017323228553208,0.15155586923278772,-0.11342532860387974,0.39344427275147675,-0.851576525323017,0.026428458250092702,57.15639841272453,-0.03901569153901533,0.2659913414263214,True,4,0,29,85,83,S,0,24.05,21.05,53.800000000000004,53.800000000000004,Persistence
FOX,Fox Corporation - Class B Common Stock,Communication Services,Entertainment,United States,その他,57.029998779296875,23.932647424,72.44321139938354,0.05067484662576687,0.1659513590844063,-0.06256286461476564,,-0.5095222185098564,0.3366248554399075,71.01227285505873,0.09640814739185315,0.1538298269983698,True,0,0,21,65,50,B,0,14.75,14.75,37.8,37.8,Persistence
FOXA,Fox Corporation - Class A Common Stock,Communication Services,Entertainment,United States,その他,64.02999877929688,26.870198272,296.78128539199827,0.05067484662576687,0.1659513590844063,-0.06256286461476564,,-0.5095222185098564,0.3366248554399075,73.81817243592073,0.10572321359876367,0.15459082945199112,True,0,0,21,65,35,C,0,13.25,13.25,34.8,34.8,Persistence
FRHC,Freedom Holding Corp. - Common Stock,Financial Services,Financial Conglomerates,United States,その他,148.97999572753906,9.485100032,16.363217830734254,0.08971844658728398,0.21344133955397054,1.0580299185741235,0.5455829305136649,,0.18484324002019273,40.95337726918001,0.002828467293856881,0.17540268313819757,True,8,12,38,85,100,S,-20,8.75,11.75,42.150000000000006,42.150000000000006,Persistence
FRME,First Merchants Corporation - Common Stock,Financial Services,Banks - Regional,United States,その他,42.59000015258789,2.674712576,20.660834974021913,0.057819313846414054,-0.03731324942166076,0.0363897450266181,,,0.0450025994605758,37.26068971251585,0.006075560384930473,0.05836832669394953,True,18,12,10,100,77,A,-20,16.200000000000003,11.7,25.9,25.9,Persistence
FROG,JFrog Ltd. - Ordinary shares,Technology,Software - Application,United States,ソフトウェア,89.5199966430664,10.842637312,207.1555386318207,0.24120162058213998,0.22465031467392235,0.24941436937580347,0.7678756768953069,0.31998218609959084,0.009285980004130084,48.98978264014356,0.057499738850788844,0.08746179372590003,True,50,24,100,65,85,S,0,55.75,36.25,88.25,88.25,Persistence
FRPT,"Freshpet, Inc. - Common Stock",Consumer Defensive,Packaged Foods,United States,その他,66.91000366210938,3.215565824,93.81351248458863,0.13006664431175058,0.2715912869428018,0.288154411567094,0.4080035208232193,1.3773015485916351,0.278428935045211,67.68466912572018,0.19370878333753583,0.21742685775310672,True,24,39,77,85,50,B,-20,15.75,27.0,53.599999999999994,53.599999999999994,Persistence
FRSH,Freshworks Inc. - Class A Common Stock,Technology,Software - Application,United States,ソフトウェア,11.84000015258789,3.272980736,148.1681299095154,0.1643333055717498,0.2078828768409475,0.19765702340767752,0.8496141553083002,0.5130356751424814,0.02651942457534479,57.76031809645755,0.1574255219199341,0.15246958294396185,True,39,71,90,85,70,A,0,49.0,73.0,84.75,84.75,Persistence
FSBC,Five Star Bancorp - Common Stock,Financial Services,Banks - Regional,United States,その他,46.07500076293945,1.130524544,10.269196170043946,0.25656825948126155,0.06619510405378885,0.07581237378373416,,0.3959693498573048,0.018068456680437137,27.64786127371687,-0.002781157744417582,0.06762493129704994,True,32,29,50,100,60,B,-25,20.0,17.75,39.5,39.5,Persistence
FSLR,"First Solar, Inc. - Common Stock",Technology,Solar,United States,その他,250.0500030517578,26.87282176,629.5083841828919,0.24085054545705253,0.2674882375168821,0.2669713005556024,0.4062437732020073,3.0,0.049194486127865804,76.73918939450176,0.026672548303917003,0.21429692678159368,True,25,42,89,65,65,A,0,35.0,47.75,78.2,78.2,Persistence
FSLY,"Fastly, Inc. - Class A Common Stock",Technology,Software - Application,United States,ソフトウェア,22.959999084472656,3.657527808,140.28926800598146,0.1477755133572201,0.07448397985722982,0.1693061413137674,0.5708216750157848,3.0,0.28689136278849225,60.032235897793726,0.1708669964003077,0.31462689300081625,True,49,59,54,85,33,D,0,52.8,60.3,57.550000000000004,60.3,Transition
FSUN,FirstSun Capital Bancorp - Common Stock,Financial Services,Banks - Regional,United States,その他,39.68000030517578,1.959329536,11.265152086639404,0.08370248301734827,0.03422065734131605,0.13082641068623288,,0.08636686588372967,0.00774634591537557,77.21369507647408,0.07715152413557465,0.041545921674132354,True,20,24,42,100,37,C,-25,8.700000000000003,11.700000000000003,30.5,30.5,Persistence
FTAI,FTAI Aviation Ltd. - Common Stock,Industrials,Aerospace & Defense,United States,防衛/宇宙,216.24000549316406,22.209380352,388.7422262752533,0.44527497534441446,0.4816866741367295,0.6528484170912083,0.3716557609867397,0.25827936723745404,0.7885417986088851,59.37819334361321,-0.08124815550332282,0.3001802646904315,False,33,54,59,65,63,B,-20,20.799999999999997,36.55,41.300000000000004,41.300000000000004,Persistence
FTDR,"Frontdoor, Inc. - Common Stock",Consumer Cyclical,Personal Services,United States,その他,90.83000183105469,6.25757952,46.37734478492737,0.13503253796095444,0.03653738055087127,0.0703971119133574,0.5527950310559007,0.6883116883116883,0.5560224089635855,76.42382218772997,0.2533081967134245,0.0,True,40,26,42,85,10,D,0,43.75,33.25,46.35,46.35,Persistence
FTNT,"Fortinet, Inc. - Common Stock",Technology,Software - Infrastructure,United States,ソフトウェア,159.63999938964844,117.130051584,894.1819501812744,0.14167702071929883,0.12271904690091992,0.2008873998279531,0.8045620330607682,0.18444018731375053,0.09589766295768683,49.07739510467633,0.044262769489380765,0.05139933591759873,True,40,26,82,25,87,S,0,42.45,31.950000000000003,68.75,68.75,Persistence
FULT,Fulton Financial Corporation - Common Stock,Financial Services,Banks - Regional,United States,その他,24.239999771118164,4.641014272,45.58283476959229,0.11394611781193321,0.08949465971141368,0.07256404867739134,,-0.23996824480369516,0.01925852470857826,44.525526104574226,0.02775086927021845,0.03771340781255738,True,35,14,37,85,87,S,-20,27.700000000000003,11.950000000000003,39.0,39.0,Persistence
FWONA,Liberty Media Corporation - Series A Liberty Formula One Common Stock,Communication Services,Entertainment,United States,その他,93.95999908447266,23.556569088,15.118633652687073,0.22693676430331233,0.02267637178051512,0.3882627283326856,0.33712628290941543,-0.44779411764705884,0.331211845694246,57.71144362536602,0.07891859046222935,0.05406224350741072,True,34,40,62,65,72,A,0,42.45,46.95,64.75,64.75,Persistence
FWONK,Liberty Media Corporation - Series C Liberty Formula One Common Stock,Communication Services,Entertainment,United States,その他,102.8499984741211,25.785366528,210.90986362094878,0.22693676430331233,0.02267637178051512,0.3882627283326856,0.33712628290941543,-0.44779411764705884,0.331211845694246,58.78672315190883,0.08680719226453973,0.05058620201520808,True,34,40,62,65,72,A,0,42.45,46.95,64.75,64.75,Persistence
GABC,"German American Bancorp, Inc. - Common Stock",Financial Services,Banks - Regional,United States,その他,50.5,1.897625984,8.397645,0.6816980570237475,-0.14266795376036123,-0.034741661115752914,,0.6975980246260348,0.01654960554454879,66.77633931764538,0.07129976746329376,0.015786422756025396,True,45,34,38,100,40,C,-25,27.75,19.5,28.900000000000006,28.900000000000006,Persistence
GCT,GigaCloud Technology Inc - Class A Ordinary Shares,Technology,Software - Infrastructure,United States,ソフトウェア,53.25,1.901570048,40.02483,0.11098220391682644,0.6496033849034782,0.43618169612158236,0.2330930299085896,0.28233783726901546,0.3906004279563794,85.87270941150483,0.45852848757830567,0.0,True,10,26,63,100,10,D,-5,18.5,30.5,56.650000000000006,56.650000000000006,Persistence
GEN,Gen Digital Inc. - Common Stock,Technology,Software - Infrastructure,United States,ソフトウェア,29.170000076293945,17.460494336,134.49820315177917,0.27064803049555275,0.035526315789473684,0.14561350618028338,0.7846,0.26285240464344944,0.5298607992815447,67.70982133046172,0.123928853721106,0.07526058534230427,True,47,29,64,65,37,C,0,48.7,35.2,58.85,58.85,Persistence
GFS,GlobalFoundries Inc. - Ordinary Share,Technology,Semiconductors,United States,半導体,53.93000030517578,29.591437312,241.38474906593322,0.006074074074074074,-0.08685064935064934,-0.08830784410458806,0.24885878368428802,-0.08021877848678213,0.09958578846041655,44.64285536890945,-0.22025521951588692,0.39964740061569853,True,30,35,25,65,61,B,0,38.35,42.1,42.2,42.2,Persistence
GIII,"G-III Apparel Group, LTD. - Common Stock",Consumer Cyclical,Apparel Manufacturing,United States,その他,35.459999084472656,1.496077696,14.684517520866393,-0.07035471624084035,0.026645433119814398,-0.03981928442682495,0.3936504146753547,-0.03381030492984563,0.10904581702300427,50.08724551173271,0.026697610857617467,0.03667487743692148,True,4,0,29,100,87,S,-5,21.700000000000003,18.700000000000003,53.35000000000001,53.35000000000001,Persistence
GLXY,Galaxy Digital Inc. - Class A common stock,Financial Services,Capital Markets,United States,その他,20.170000076293945,7.93099008,131.10056309589385,0.41810906217957444,-0.1749112800548723,,-0.001918842550121238,-4.714301941659346,0.4705275720185642,40.31631506141885,-0.23695310762020702,0.5293980450522326,False,14,8,2,85,43,C,-30,0.0,0.0,0.9500000000000028,0.9500000000000028,Persistence
GNTX,Gentex Corporation - Common Stock,Consumer Cyclical,Auto Parts,United States,その他,24.079999923706055,5.0732544,60.0476938097477,0.09551431418032026,0.0061322184876935765,0.19815805894615904,0.3419956413347784,0.29555933792700295,0.001296160038340106,51.14823253580362,-0.013477255712037325,0.15457233625786584,True,27,12,46,85,100,S,0,43.0,31.75,66.55,66.55,Persistence
GOOG,Alphabet Inc. - Class C Capital Stock,Communication Services,Internet Content & Information,United States,その他,353.4700012207031,4322.915254272,7565.201791026306,0.15090081081544376,0.13866243322901553,0.08682770227269514,0.5965231508603998,0.0068990159969215545,0.09960170070941286,50.904550845214054,-0.00342532441384822,0.11366596780288277,True,45,26,58,10,100,S,0,45.25,31.0,54.400000000000006,54.400000000000006,Persistence
GOOGL,Alphabet Inc. - Class A Common Stock,Communication Services,Internet Content & Information,United States,その他,354.29998779296875,4333.065732096,11527.578805829467,0.15090081081544376,0.13866243322901553,0.08682770227269514,0.5965231508603998,0.0068990159969215545,0.09960170070941286,50.933634422437805,-0.006099932732897421,0.11948834664866463,True,45,26,58,10,100,S,0,45.25,31.0,54.400000000000006,54.400000000000006,Persistence
GPRE,"Green Plains, Inc. - Common Stock",Basic Materials,Chemicals,United States,その他,14.649999618530273,1.026896512,22.041217426071167,-0.14930722190860893,-0.25394789581590554,-0.10022416976512,0.06546221219306969,1.589089077081784,0.2889775442918,33.73134285868825,-0.08216073626797656,0.23816952848317277,True,30,25,26,100,80,S,-5,40.5,36.75,50.3,50.3,Persistence
GRPN,"Groupon, Inc. - Common Stock",Communication Services,Internet Content & Information,United States,その他,25.030000686645508,1.017852416,39.789941791553495,0.01190725134349933,-0.04341146996562506,-0.1405059382224559,0.9079434695900261,0.24791072411549817,0.5214735548309531,39.18518643058686,0.09272682353753399,0.24105515360634058,True,50,12,37,100,75,A,-5,55.0,26.5,55.35,55.35,Persistence
GSAT,"Globalstar, Inc. - Common Stock",Communication Services,Telecom Services,United States,その他,83.4000015258789,10.805586944,93.1119317035675,0.09042177120739447,0.11858825421790106,0.507083984269784,0.6480185797073843,0.6034294349425201,0.23485501436852638,72.83947551618226,0.030932954003797832,0.012199440667699884,True,27,37,69,65,40,C,0,34.0,41.5,62.2,62.2,Persistence
GSHD,"Goosehead Insurance, Inc. - Class A Common Stock",Financial Services,Insurance Brokers,United States,その他,65.19999694824219,3.093824256,39.395142156066896,0.16152048457099252,0.20372709318881183,0.247795978795549,,0.22969876676325898,0.8491650275753018,59.10024883954009,0.3209048851674885,0.28098812606068396,True,10,14,75,85,53,B,-40,0.0,0.0,33.099999999999994,33.099999999999994,Persistence
GT,The Goodyear Tire & Rubber Company - Common Stock,Consumer Cyclical,Auto Parts,United States,その他,6.440000057220459,1.854067968,56.5835793027544,-0.03167708443691069,-0.0592046247383634,-0.03552030761836097,0.18440919037199124,0.9387755102040817,0.398506151142355,34.37500523868961,-0.021157577546110425,0.3889942997601066,False,27,12,6,100,63,B,-5,36.55,25.3,35.900000000000006,36.55,Acceleration
GTLB,GitLab Inc. - Class A Common Stock,Technology,Software - Infrastructure,United States,ソフトウェア,38.970001220703125,6.582033408,156.12044979034422,0.2581169023600953,0.30926219076884875,0.3666198484220052,0.8735971876753515,3.0,0.00010854756966635264,66.53172364389661,0.23925553259812102,0.23648118100155233,True,46,44,100,85,50,B,0,52.25,50.75,86.25,86.25,Persistence
GTM,ZoomInfo Technologies Inc. - Common Stock,Technology,Software - Application,United States,ソフトウェア,4.179999828338623,1.216839936,32.33679217201471,0.02898789426006753,-0.020330778539733762,0.12887067395264118,0.8402561024409764,0.2912653603454002,0.2436835158009162,76.92307222054039,0.35868676743062733,0.6573770578943637,False,48,38,45,100,0,D,-5,46.0,38.5,44.75,46.0,Acceleration
GTX,Garrett Motion Inc. - Common Stock,Consumer Cyclical,Auto Parts,United States,その他,29.850000381469727,5.566828544,63.5375168119812,0.03136690647482014,-0.10576428203808544,0.07854565639744657,0.20396205357142858,0.07570977917981073,0.6206168145331643,42.497482318606416,-0.07845264507353965,0.17609713611309613,True,20,24,20,85,90,S,-10,26.75,29.75,40.25,40.25,Persistence
HAPN,"Happen, Inc. - Common Stock",Financial Services,Banks - Regional,United States,その他,19.3700008392334,2.235442688,32.06868283942222,0.26916650466130715,-0.08975976701876781,-0.27172561690543257,,-0.06650793981422932,0.0013681061317019564,51.98300784579544,0.01990316497812715,0.10240959649146841,True,39,17,10,100,100,S,-30,24.25,7.75,20.5,24.25,Acceleration
HAS,"Hasbro, Inc. - Common Stock",Consumer Cyclical,Leisure,United States,その他,93.5199966430664,13.190477824,228.02466421497346,0.13681537903518318,-0.1734455259528711,-0.1457134563832875,0.645821368557633,0.06924142175719342,0.5935698847262247,73.16505599977245,0.09953716805809985,0.10387033525213728,True,40,21,34,65,50,B,0,44.75,30.5,44.95,44.95,Persistence
HBAN,Huntington Bancshares Incorporated - Common Stock,Financial Services,Banks - Regional,United States,その他,17.549999237060547,35.458277376,480.9205230932617,0.10220957028602413,0.0023097826086956523,0.014612627515853323,,0.3083284111045481,0.08200581059589704,42.00625778411303,0.013741252992281674,0.07168444316829661,True,28,26,42,40,87,S,-20,15.700000000000003,14.200000000000003,30.5,30.5,Persistence
HBNC,"Horizon Bancorp, Inc. - Common Stock",Financial Services,Banks - Regional,United States,その他,20.420000076293945,1.043320064,13.660571651039124,-1.1669662238198604,0.025918954706120528,-0.24340324062957966,,3.0,0.04907116493446629,54.75115972986385,0.03747297223342217,0.018269191091581163,True,12,12,30,100,75,A,-25,6.5,6.5,31.5,31.5,Persistence
HBT,"HBT Financial, Inc. - Common Stock",Financial Services,Banks - Regional,United States,その他,36.349998474121094,1.32188992,4.960139041786194,0.060144357250466574,-0.014846089776533343,0.2571765937775005,,-0.10782677127799108,0.012858407655494845,79.04292485789284,0.13512158124405832,0.004382357019111206,True,18,12,33,100,10,D,-25,4.5,0.0,20.150000000000006,20.150000000000006,Persistence
HFWA,Heritage Financial Corporation - Common Stock,Financial Services,Banks - Regional,United States,その他,29.5,1.206730496,14.317825,0.13512454055350331,-0.11066041063416154,-0.020716856243172033,,0.4037591767173571,0.006078351166512376,37.14853602335486,0.01966536903147346,0.04820608354409955,True,28,26,30,100,77,A,-25,18.700000000000003,17.200000000000003,31.9,31.9,Persistence
HLIT,Harmonic Inc. - Common Stock,Technology,Communication Equipment,United States,通信/光通信,11.84000015258789,1.28459776,15.811077003765106,-0.2615260139287177,0.2566862814750748,-0.3783860329590676,0.4846986183960524,0.8373632208757656,0.18536416310476378,48.190480515528996,-0.1303453551793571,0.3080070292092987,True,17,12,38,100,61,B,-5,28.85,25.1,53.10000000000001,53.10000000000001,Persistence
HLMN,Hillman Solutions Corp. - Common Stock,Industrials,Tools & Accessories,United States,その他,9.220000267028809,1.793704832,13.402284588155746,0.054073930714147476,-0.002629231610109741,-0.006627743001544746,0.4872679458634836,-0.6424167065849955,0.32449492698818516,67.81249580905066,0.15589547274716542,0.1415269587041253,True,38,12,29,100,50,B,-5,43.5,24.0,45.95,45.95,Persistence
HLNE,Hamilton Lane Incorporated - Class A Common Stock,Financial Services,Asset Management,United States,その他,101.02999877929688,6.763664384,78.26238340438843,0.06456155508771143,0.28730396033525807,0.04744937617375221,0.6987719254327773,0.4517674528171161,0.1546616420003332,76.13747390819813,0.2067794633824743,0.3590810791084656,False,17,24,62,85,8,D,-20,6.300000000000001,11.55,36.95,36.95,Persistence
HON,Honeywell International Inc. - Common Stock,Industrials,Conglomerates,United States,その他,246.2100067138672,78.03379712,827.2619294084931,0.0784918051674972,0.051743463903783815,-0.06927761800033835,0.3693445862934672,0.03750478377344049,0.482661744547441,68.46764184434579,0.049176813119858484,0.04833320495515395,True,36,12,26,40,67,A,0,39.7,21.7,37.7,39.7,Acceleration
HOOD,"Robinhood Markets, Inc. - Class A Common Stock",Financial Services,Capital Markets,United States,その他,93.29000091552734,83.87538944,1878.1893968821335,0.515757370382921,0.5823056300268097,0.37334315169366716,0.833445115135256,3.0,0.30484831004011853,42.639473603782704,-0.05131578825682789,0.3881018181337779,False,55,61,96,40,63,B,-20,33.55,38.05,55.400000000000006,55.400000000000006,Persistence
HOPE,"Hope Bancorp, Inc. - Common Stock",Financial Services,Banks - Regional,United States,その他,13.989999771118164,1.787108352,15.079890703287125,0.052287085216554625,-0.17065018427195952,-0.0926934447729344,,0.4167040820144423,0.024560284132649775,64.97324305525984,0.05634973834205964,0.01611326867439884,True,23,12,30,100,40,C,-25,11.25,3.0,24.5,24.5,Persistence
HTO,H2O America  - Common Stock,Utilities,Utilities - Regulated Water,United States,その他,62.65999984741211,2.622747392,32.21789212154388,0.06967969333506137,0.11646824183315607,0.08001475757937032,0.5702469428796263,-0.5023283201521241,0.3839463364485473,37.364146702125396,0.03701546161958362,0.04233532698829215,True,8,12,26,100,77,A,0,28.7,31.7,54.699999999999996,54.699999999999996,Persistence
HUBG,"Hub Group, Inc. - Class A Common Stock",Industrials,Integrated Freight & Logistics,United States,その他,47.79999923706055,2.923137792,36.90255541099548,-0.060961289301703595,-0.21307127248623253,0.2618163337297215,0.11107974629978284,-0.49104186607111205,0.1772838882936943,39.722665697537835,0.0400213127593519,0.08414718422659649,True,18,0,25,100,90,S,0,37.5,24.0,56.75,56.75,Persistence
HURN,Huron Consulting Group Inc. - Common Stock,Industrials,Consulting Services,United States,その他,152.0500030517578,2.419126528,60.976612723846436,0.11653135585702505,0.08797108857519723,0.20690428754720824,0.3180503347864188,-0.038083159491750423,0.35917082983173326,70.81309938991423,0.33753346870882095,0.1806767887082002,True,27,2,45,100,35,C,0,38.75,20.0,56.75,56.75,Persistence
HUT,Hut 8 Corp. - Common Stock,Financial Services,Capital Markets,United States,その他,88.58999633789062,10.919556096,414.90150294891356,0.447904670997937,0.8721537521472958,0.09537159815621646,0.5416174006243674,-1.3633705659335216,0.1559094606568569,43.498417403122964,-0.19759435502904715,0.33400997224121,True,22,8,38,65,61,B,-30,2.3500000000000014,0.0,19.35000000000001,19.35000000000001,Persistence
HWC,Hancock Whitney Corporation - Common Stock,Financial Services,Banks - Regional,United States,その他,77.5999984741211,6.244549632,72.50905057422638,0.04927584600515912,0.052344677765493446,-0.008489596218204823,,-0.15019699271330045,0.037724832365745864,51.775473713096176,0.05130882741507347,0.01970698731454192,True,0,12,25,85,60,B,-20,0.0,7.75,27.0,27.0,Persistence
HWKN,"Hawkins, Inc. - Common Stock",Basic Materials,Specialty Chemicals,United States,その他,129.91000366210938,2.711886336,22.503660384368896,0.11213210581354657,0.06012977037780065,-0.017042064040346572,0.2261289143818931,0.22982857142857144,0.2650914031370084,29.699057765489115,-0.11229702442121738,0.2932394304463049,False,40,14,26,100,36,C,0,48.6,29.1,46.5,48.6,Acceleration
IBKR,"Interactive Brokers Group, Inc. - Class A Common Stock",Financial Services,Capital Markets,United States,その他,87.83000183105469,149.6461312,427.94948817176817,0.09725203950193216,0.19635289585206112,0.8575858778625954,0.8976716885149677,0.8148703170028818,9.348553434363315e-05,42.12034706093428,-0.032785479508405505,0.09834720738010941,True,24,24,65,25,100,S,-20,11.75,11.75,42.0,42.0,Persistence
IBOC,International Bancshares Corporation - Common Stock,Financial Services,Banks - Regional,United States,その他,73.55000305175781,4.574185984,22.75526769416809,0.01023342182066381,0.00023876886454006398,0.23516989028675422,,0.028566706031522334,0.007190974361944302,33.20109717994882,-0.023110598329687787,0.055112968755942085,True,20,24,42,85,77,A,-20,15.450000000000003,18.450000000000003,39.75,39.75,Persistence
ICFI,"ICF International, Inc. - Common Stock",Industrials,Consulting Services,United States,その他,95.0,1.719897088,23.312525,-0.07274826503982845,0.028803945318906825,0.10296500378659344,0.371634475994086,-0.19920193985904047,0.27867870533726213,79.58976245503239,0.2620009885206845,0.049975718831314735,True,4,0,25,100,22,D,-5,15.2,12.2,38.15,38.15,Persistence
ICHR,Ichor Holdings - Ordinary Shares,Technology,Semiconductor Equipment & Materials,United States,半導体,68.31999969482422,2.558872832,71.79987887928009,0.11614529350796193,0.04675017260084821,-0.3663466578754739,0.09262366353893624,-1.613334634908239,0.1698956069654749,40.58556703189251,-0.18898385560063719,0.3915211931101158,True,35,2,10,100,61,B,0,47.35,22.6,42.7,47.35,Acceleration
IDCC,"InterDigital, Inc. - Common Stock",Technology,Software - Application,United States,ソフトウェア,344.55999755859375,8.891717632,91.73393095001221,-0.039724081076226575,0.5803037912035925,0.2005137682014181,0.8877214438589234,1.2272323547518458,0.23650165432182493,90.26664041498896,0.24924332571512212,0.12498680568246125,True,30,31,53,85,35,C,0,38.75,39.5,57.400000000000006,57.400000000000006,Persistence
IESC,"IES Holdings, Inc. - Common Stock",Industrials,Engineering & Construction,United States,その他,762.7100219726562,15.196506112,165.68731162323,0.16887986858774118,0.2133288070512408,0.09711012697017918,0.25493256943266257,0.1564004333007477,0.05520909516495045,62.22621383698683,0.11765551163005858,0.027192845334430265,True,7,26,57,65,25,D,0,17.5,31.75,52.6,52.6,Persistence
IMKTA,"Ingles Markets, Incorporated - Class A Common Stock",Consumer Defensive,Grocery Stores,United States,その他,88.11000061035156,1.673594496,10.901409825515747,-0.054184040326931616,-0.042963121580624666,0.03767439955455991,0.23887004156108263,-0.23351805514965165,0.21186971660291334,44.41288412437632,-0.016680713103044566,0.07308602312526671,True,0,0,25,100,87,S,-25,0.0,0.0,31.150000000000006,31.150000000000006,Persistence
INDB,Independent Bank Corp. - Common Stock,Financial Services,Banks - Regional,United States,その他,83.7300033569336,3.966214912,33.971774262008665,0.24288075325751377,-0.05402650780264413,0.0026116077007022603,,0.14100703626972685,0.03314937773593243,44.267550228841195,0.010971136198729671,0.03946305935838865,True,29,29,30,85,87,S,-20,23.200000000000003,23.200000000000003,35.150000000000006,35.150000000000006,Persistence
INOD,Innodata Inc. - Common Stock,Technology,Information Technology Services,United States,その他,62.33000183105469,2.035408512,83.53248690391541,0.4763670282351975,0.9644021895707289,0.098403817673194,0.3952865538438308,0.31430888913468275,0.02627629854145783,50.31637564510006,-0.21659760448508505,0.4869958697032536,True,23,32,54,100,53,B,0,37.55,44.3,65.30000000000001,65.30000000000001,Persistence
INTA,"Intapp, Inc. - Common Stock",Technology,Software - Application,United States,ソフトウェア,37.72999954223633,2.907533824,32.00239696172714,,0.17094789360847157,0.2270052127122919,,0.9611826778127998,0.01802136304312087,74.92727887629997,0.4012894790889867,0.20851686613204887,True,9,12,30,100,35,C,0,25.25,27.5,48.5,48.5,Persistence
INTC,Intel Corporation - Common Stock,Technology,Semiconductors,United States,半導体,101.6500015258789,512.722567168,11655.356389209786,-0.004670345191239336,-0.020782621523935976,-0.13997525930155105,0.34766238434904356,0.6838911599386817,0.22033401283646048,54.091641685354766,-0.08131594817615051,0.27877110993993054,True,49,44,14,10,73,A,0,45.55,41.8,24.800000000000004,45.55,Acceleration
INTU,Intuit Inc. - Common Stock,Technology,Software - Application,United States,ソフトウェア,325.25,88.96790528,1319.350605,0.15634019035922628,0.13342149220489977,0.12902718843312902,0.7956560989857151,0.31268882175226587,0.17963634395800637,65.20854905523406,0.11704936532953976,0.5608760171163635,False,58,26,75,40,15,D,0,51.0,27.0,54.25,54.25,Persistence
IOSP,Innospec Inc. - Common Stock,Basic Materials,Specialty Chemicals,United States,その他,92.44000244140625,2.276894208,15.583997811584473,-0.03652324699252195,-0.05305829228243021,-0.007587717064724754,0.2769403824521935,-0.486088379705401,0.02876009604889762,78.58583595951957,0.10352141620984973,0.0,True,18,12,25,100,10,D,0,29.5,25.0,40.75,40.75,Persistence
IPAR,"Interparfums, Inc. - Common Stock",Consumer Defensive,Household & Personal Products,United States,その他,122.97000122070312,3.938210304,33.941564886932376,0.024914533592687586,0.10218756521904111,0.21259960631406713,0.6363542309787849,0.008530461612922742,0.1310337562324633,47.84703350707953,0.10800051762662599,0.04340724775251871,True,14,24,62,85,57,B,0,28.95,36.45,66.75,66.75,Persistence
IPGP,IPG Photonics Corporation - Common Stock,Technology,Semiconductor Equipment & Materials,United States,半導体,90.2300033569336,3.837891584,36.485855307426455,0.027266475222436228,-0.24102501167045584,-0.09940771447178721,0.38002763562026226,-1.0231234769568593,0.007115514709522003,42.65747984338636,-0.1390825484867593,0.41374828659596063,False,22,35,14,85,43,C,0,33.55,43.3,37.550000000000004,43.3,Transition
IRDM,Iridium Communications Inc - Common Stock,Communication Services,Telecom Services,United States,その他,49.93000030517578,5.290601984,71.18495178508759,0.04932934624802271,0.05053476375418446,0.09665147551987839,0.7154816275630722,-0.020492379069805434,0.6955826707846554,62.222225754349886,0.0409292190319352,0.1039124333934155,True,15,12,39,85,80,S,-10,22.0,19.75,48.7,48.7,Persistence
ITRI,"Itron, Inc. - Common Stock",Technology,Scientific & Technical Instruments,United States,その他,103.75,4.542875648,119.26425625,-0.03017120766360064,0.12292967580083666,0.21055723995357448,0.37686729520267453,0.8450723220607572,0.34078200729054986,71.54290329819482,0.19635156057874298,0.2491677124094665,True,16,24,38,85,35,C,0,28.25,34.25,49.150000000000006,49.150000000000006,Persistence
JBHT,"J.B. Hunt Transport Services, Inc. - Common Stock",Industrials,Integrated Freight & Logistics,United States,その他,268.5199890136719,25.21803776,287.14185025177,-0.00728936154300035,-0.0578706458820242,-0.1339499212872905,0.13306202400580844,0.5338476455324928,0.18503447958315436,28.620740065943124,-0.04005466827046836,0.09864652482310189,True,39,24,30,65,73,A,0,46.3,35.05,47.35,47.35,Persistence
JBLU,JetBlue Airways Corporation - Common Stock,Industrials,Airlines,United States,その他,6.070000171661377,2.290285056,239.985287086854,-0.023386140747925423,-0.03494539781591264,0.04990172526752566,0.14798057823879937,0.17559322033898306,0.568255884127942,60.839166668750735,0.09788745666418468,0.060371496003499364,True,20,30,2,100,52,B,-10,25.200000000000003,32.7,26.5,32.7,Transition
JCAP,"Jefferson Capital, Inc. - Common Stock",Financial Services,Credit Services,United States,その他,21.219999313354492,1.30744,7.556866155471802,0.4152572685252492,0.3413140104992076,,0.7323529363807275,0.6526623785478833,0.675030289267898,77.83504191741577,0.15255927629097912,0.06771932608992769,True,35,32,32,100,22,D,-35,8.450000000000003,6.200000000000003,12.0,12.0,Persistence
JJSF,J & J Snack Foods Corp. - Common Stock,Consumer Defensive,Packaged Foods,United States,その他,91.91000366210938,1.712099584,22.57769239959717,0.0053836946064625925,0.010216643390647723,0.12904952428410843,0.2967863858320285,-0.17331175814346161,0.11839513688372284,77.47572297750736,0.1951509216305723,0.17813321486239078,True,0,0,37,100,35,C,-25,0.0,0.0,27.35,27.35,Persistence
JKHY,"Jack Henry & Associates, Inc. - Common Stock",Technology,Information Technology Services,United States,その他,155.9499969482422,11.080369152,153.38383974845885,0.07210196326589012,0.06634300780381402,0.0693906584232512,0.4271233635668601,0.22263406611087605,,53.71503736269631,0.09984108878021816,0.18369490243161396,False,27,24,36,65,75,A,0,37.5,35.25,51.05,51.05,Persistence
KALU,Kaiser Aluminum Corporation - Common Stock,Basic Materials,Aluminum,United States,その他,184.75,3.020494848,51.1295625,0.11541005291005291,-0.02040816326530612,-0.09944864202573003,0.1311592054550845,-0.8613138686131386,0.4243605739238927,64.22267876574745,0.06297811283711231,0.05157148066232994,True,35,14,2,85,52,B,0,44.2,28.45,32.75,44.2,Acceleration
KDP,Keurig Dr Pepper Inc. - Common Stock,Consumer Defensive,Beverages - Non-Alcoholic,United States,その他,30.010000228881836,40.830390272,376.5840890721512,0.08155820467721972,0.03624949372215472,0.05385217329444405,0.5420104800337289,-0.06825297432686286,0.29104383418381147,45.336222904068244,-0.032557756571550654,0.11874340410883483,True,26,12,41,40,100,S,-20,15.5,5.0,32.55,32.55,Persistence
KEEL,Keel Infrastructure Corp. - Common Stock,Technology,Information Technology Services,United States,その他,3.880000114440918,2.342855424,117.48737346529961,0.7203355493194471,0.10692691029900332,-0.15466060044373298,-0.0824508452694569,0.27931248585329793,0.5274664749480076,43.817203439636835,-0.22687599933803373,0.417417386886491,True,67,44,10,100,53,B,-10,60.55,43.3,31.1,60.55,Acceleration
KHC,The Kraft Heinz Company - Common Stock,Consumer Defensive,Packaged Foods,United States,その他,25.31999969482422,30.025056256,376.4520584627152,-0.0349763986690397,-0.029804804804804803,0.00585236926562205,0.33313286825435007,0.21225165562913909,0.2594453818501944,46.4934991587846,0.029004039547393032,0.08327302949035743,True,9,12,30,40,100,S,-20,2.75,5.0,26.5,26.5,Persistence
KLAC,KLA Corporation  - Common Stock,Technology,Semiconductor Equipment & Materials,United States,半導体,198.11000061035156,258.839986176,2413.7494647864532,0.11708580389106364,0.23887647752854163,-0.0651491379238068,0.6130145227989652,0.0054688942958017895,0.3426845113802246,45.19590563184952,-0.10532595358611066,0.3433760690028446,True,19,26,38,25,73,A,0,25.3,30.55,41.75,41.75,Persistence
KMB,Kimberly-Clark Corporation - Common Stock,Consumer Defensive,Household & Personal Products,United States,その他,109.68000030517578,36.477267968,432.9278004045868,-0.021303183576316574,-0.01988802052956958,-0.1501363073110285,0.36012646683285704,-0.34779148428173495,0.42671657503801613,52.50835501693331,0.0318708167103483,0.15503811679935733,True,4,0,21,40,100,S,0,19.0,16.0,41.55,41.55,Persistence
KTOS,"Kratos Defense & Security Solutions, Inc. - Common Stock",Industrials,Aerospace & Defense,United States,防衛/宇宙,60.77000045776367,11.407824896,249.1065627764511,0.18525037402094519,0.09565133545463311,0.154514082155182,0.22861597861597863,,0.05909533073929961,74.08249657371063,0.15380527410660405,0.5351132199336374,False,23,14,30,65,0,D,0,27.0,20.25,32.75,32.75,Persistence
LASR,"nLIGHT, Inc. - Common Stock",Technology,Semiconductors,United States,半導体,56.154998779296875,3.167630848,64.79472611648559,0.3162056530410782,-0.05417752392566728,-0.13276570078245709,0.29833161137259406,2.1950247789330484,0.1148662796231084,40.46143249864032,-0.1766165493463556,0.33896408714987186,True,66,81,30,85,61,B,0,68.35,79.6,49.95,79.6,Transition
LAUR,"Laureate Education, Inc. - Common Stock",Consumer Defensive,Education & Training Services,United States,その他,38.34000015258789,5.28131072,41.47947106508255,0.08635540219143877,0.05548384141083132,0.19481819989358198,0.2833112995246573,0.6360205661280596,0.23363065696738958,72.32146506412789,0.0421310104460149,0.05239740434641676,True,27,12,50,85,52,B,0,38.2,26.95,59.15,59.15,Persistence
LBRDA,Liberty Broadband Corporation - Class A Common Stock,Communication Services,Telecom Services,United States,その他,35.93000030517578,5.168935424,8.313842770614624,,,-1.0,,,0.19773499433748584,70.83333392464922,0.12057136760303208,0.4472307645357572,False,0,0,10,85,0,D,-10,2.75,2.75,16.75,16.75,Persistence
LCID,"Lucid Group, Inc. - Common Stock",Consumer Cyclical,Auto Manufacturers,United States,その他,7.039999961853027,2.77425408,186.98479258680342,0.6758311133998158,0.35708274046610705,-0.021227233340074748,-0.9280508793830653,-0.30878263070795225,0.3811512151988898,49.37611256688576,0.14043186682016898,0.7157852308538623,False,58,58,14,100,35,C,-10,52.0,52.0,29.700000000000003,52.0,Acceleration
LECO,"Lincoln Electric Holdings, Inc. - Common Shares",Industrials,Tools & Accessories,United States,電力/エネルギー,281.9599914550781,15.36844288,111.43340822296143,0.05596195246802555,-0.04365025970766546,0.11443787652434283,0.3624500148003675,0.10743738261183232,0.3418408148927209,75.5384647560236,0.08165097373365726,0.05071135527898874,True,24,24,30,65,37,C,0,31.45,31.45,40.15,40.15,Persistence
LFUS,"Littelfuse, Inc. - Common Stock",Technology,Electronic Components,United States,半導体,456.54998779296875,11.595798528,188.02326422271727,0.08924997991571905,-0.07275241391365737,-0.06016157384331976,0.37968624151089514,0.25495982779423054,0.2238748219519025,72.3570591473819,0.031202813029498337,0.06655084421253886,True,30,12,34,65,52,B,0,37.45,23.95,45.35,45.35,Persistence
LGIH,"LGI Homes, Inc. - Common Stock",Consumer Cyclical,Residential Construction,United States,その他,60.040000915527344,1.395826304,20.37007131061554,-0.22568530435422168,-0.06613386020402107,0.023487115174737627,0.2072970805110982,0.032905258389330845,0.42521392875712777,56.74255975495085,0.055184551775598174,0.11012302016819722,True,2,12,2,100,85,S,-15,10.0,17.5,28.1,28.1,Persistence
LGN,Legence Corp. - Class A Common stock,Industrials,Engineering & Construction,United States,その他,64.33999633789062,10.567676928,93.62370227111816,0.21532858541066863,0.29939407898891807,0.2956764575399458,0.21012620707150115,3.0,0.43353128839484717,45.83515622700478,-0.1533163851004759,0.37088101642904786,True,21,17,77,65,61,B,0,31.6,28.6,70.8,70.8,Persistence
LIF,"Life360, Inc. - Common Stock",Technology,Software - Application,United States,ソフトウェア,63.19499969482422,5.120797696,35.99650377616882,0.3176368295808164,0.21990818276752114,0.33382098508574054,0.778052672115976,1.952037845705968,0.32342386275539553,62.887741691188836,0.21591979614318915,0.43011092034757953,True,65,69,96,85,25,D,0,64.0,67.0,79.05000000000001,79.05000000000001,Persistence
LINC,Lincoln Educational Services Corporation - Common Stock,Consumer Defensive,Education & Training Services,United States,その他,40.9900016784668,1.300232704,28.328600060005186,0.17764916012216406,0.1639749252783876,0.08551280983786361,0.6036805270134937,0.008635703918722787,0.4133797276362427,49.68728237475058,-0.1252965901129853,0.2638289968784979,True,52,26,34,100,61,B,-5,55.1,35.6,50.900000000000006,55.1,Acceleration
LIND,Lindblad Expeditions Holdings Inc.  - Common Stock,Consumer Cyclical,Travel Services,United States,その他,33.95000076293945,2.227788544,29.18834340593338,0.1958844596239959,0.13200759205187318,0.35122894424673784,0.45783696640420013,0.08503441828843375,0.6774014804716121,80.85519261157476,0.27591289821983145,0.004690701980332222,True,36,32,75,100,10,D,-10,33.0,30.0,58.25,58.25,Persistence
LITE,Lumentum Holdings Inc. - Common Stock,Technology,Communication Equipment,United States,通信/光通信,890.1699829101562,69.255225344,4063.6615787841797,0.21027074749852856,-0.23078664402942842,0.03176456849235081,0.2795744680851064,0.06767586821015138,0.6182473273757318,59.595897501839026,0.0882635509637677,0.15470661405765887,True,39,74,0,40,85,S,-10,33.75,60.0,17.0,60.0,Transition
LKFN,Lakeland Financial Corporation - Common Stock,Financial Services,Banks - Regional,United States,その他,61.72999954223633,1.534474496,9.556729879131318,0.06100038260828406,0.026853738259083895,0.00875999493358502,,0.10563552865712672,0.026351848391893473,51.38009870892426,0.012809628095510443,0.0706868194029525,True,32,24,42,100,87,S,-25,22.700000000000003,16.700000000000003,40.5,40.5,Persistence
LKQ,LKQ Corporation - Common Stock,Consumer Cyclical,Auto Parts,United States,その他,24.860000610351562,6.289631744,87.43622684669495,-0.012443029733053607,0.041751450749868114,0.03712677817727059,0.3856860303274485,0.04567901234567901,0.3343463037590011,49.0797529261618,-0.025648235470917734,0.2701732931065763,False,6,12,30,85,73,A,0,24.55,29.05,52.35,52.35,Persistence
LLYVA,"Liberty Live Holdings, Inc. - Series A Liberty Live Group Common Stock",Communication Services,Entertainment,United States,その他,98.77999877929688,9.088290816,14.09639972579956,0.1217587439389356,,,0.19249065979667548,,0.882287138551522,52.523525328907546,0.01094455104891636,0.05119586783024887,True,5,20,0,85,87,S,-30,0.0,6.450000000000003,8.650000000000006,8.650000000000006,Persistence
LLYVK,"Liberty Live Holdings, Inc. - Series C Liberty Live Group Common Stock",Communication Services,Entertainment,United States,その他,102.80000305175781,9.458152448,32.14607495429993,0.1217587439389356,,,0.19249065979667548,,0.882287138551522,52.591020123298826,0.015244501757739806,0.048148119891131366,True,5,20,0,85,87,S,-30,0.0,6.450000000000003,8.650000000000006,8.650000000000006,Persistence
LNT,Alliant Energy Corporation - Common Stock,Utilities,Utilities - Regulated Electric,United States,電力/エネルギー,69.37000274658203,17.98658048,178.49803516731262,0.09570459683496609,-0.011422895455674199,-0.04233055885850178,0.45667125171939477,,0.4848145332319635,28.766883313083,-0.051930515366007485,0.1042225883175398,True,38,12,10,65,63,B,0,44.55,25.05,34.35,44.55,Acceleration
LOPE,"Grand Canyon Education, Inc. - Common Stock",Consumer Defensive,Education & Training Services,United States,その他,152.52999877929688,3.975699968,57.015713543701175,0.07073364814395325,0.07503702262152422,0.05441970095664903,0.5319373999837261,-0.05434050210465402,0.10815525468479953,62.87176577264857,0.035598563748460654,0.30841080630816525,False,8,0,45,85,53,B,0,24.05,18.05,56.6,56.6,Persistence
LPLA,LPL Financial Holdings Inc. - Common Stock,Financial Services,Capital Markets,United States,その他,362.6300048828125,28.554315776,271.9253617614746,0.3717668325352377,0.23199982731261828,0.1688236884252383,0.2366910133029977,-2.4455433035494942,0.4035453239439255,75.60937013230878,0.17316048415154536,0.07600203731711774,True,44,8,57,65,22,D,-30,14.950000000000003,0.0,22.0,22.0,Persistence
LQDT,"Liquidity Services, Inc. - Common Stock",Consumer Cyclical,Internet Retail,United States,その他,42.060001373291016,1.317807872,9.268341902618408,0.31198839584055843,0.15536376414320333,0.12287805748973397,0.43807128216854885,-0.03842515575561862,0.0367740955102759,63.881853253017624,0.09798887728115657,0.0,True,48,20,66,100,40,C,-5,50.0,29.0,64.30000000000001,64.30000000000001,Persistence
LRCX,Lam Research Corporation - Common Stock,Technology,Semiconductor Equipment & Materials,United States,半導体,311.3500061035156,389.585403904,3551.4122878697203,0.23684089764599187,-0.14477021451510846,0.011695393503201566,0.48705023885591736,0.27222466214509405,0.21009371635669932,51.28780555467554,-0.07821445927070407,0.2814944366847034,True,43,36,38,10,73,A,0,41.05,35.8,38.0,41.05,Acceleration
LSCC,Lattice Semiconductor Corporation - Common Stock,Technology,Semiconductors,United States,半導体,130.02999877929688,18.468196352,262.1976907385254,0.02721039024265755,-0.30896257769746893,0.11629787569129378,0.6821496688083598,0.09319364624017522,0.047679817012410544,52.99156733104638,-0.054247496331977126,0.1625555793047704,True,32,12,42,65,90,S,0,42.75,27.75,57.35,57.35,Persistence
LSTR,"Landstar System, Inc. - Common Stock",Industrials,Integrated Freight & Logistics,United States,その他,182.99000549316406,6.210118144,103.7132454133606,-0.015663241856348868,-0.09127807061309873,-0.286858362775702,0.1310420425991197,-0.15871233316246874,0.08159003872403243,30.065093782801085,-0.10794544639485665,0.18804628185747072,True,30,0,25,85,80,S,0,43.25,20.75,51.0,51.0,Persistence
LUNR,"Intuitive Machines, Inc. - Class A Common Stock",Industrials,Aerospace & Defense,United States,防衛/宇宙,16.399999618530273,2.6314176,157.00318234805107,-0.09152631578947368,1.8660859071539013,-0.07440718590743024,0.02927118938647819,0.17257526071671245,0.49152352097459695,63.045683224840374,-0.21487526509896365,0.6411378699181577,False,2,30,10,100,23,D,-10,8.8,29.799999999999997,25.1,29.799999999999997,Transition
LWLG,"Lightwave Logic, Inc. - Common Stock",Basic Materials,Specialty Chemicals,United States,その他,8.109999656677246,1.249585792,25.625206465201376,1.4774331886407615,1.360500716014024,,0.9711933461400435,0.14697310133362823,0.0328177410921572,66.0237382845917,-0.018040967301315908,0.5548847441101187,True,52,70,25,100,55,B,-15,44.5,58.0,34.75,58.0,Transition
LYFT,"Lyft, Inc. - Class A Common Stock",Technology,Software - Application,United States,ソフトウェア,17.459999084472656,6.629256704,216.23021586181642,0.09164250496369176,0.3139318860138855,0.07532205897974059,0.41458198133357693,0.45591027670511713,0.14138709927837634,67.71377784879019,0.1707277335713681,0.289377317812882,True,9,24,61,85,33,D,0,22.8,34.05,61.400000000000006,61.400000000000006,Persistence
MANH,"Manhattan Associates, Inc. - Common Stock",Technology,Software - Application,United States,ソフトウェア,195.22999572753906,11.382879232,190.34729353439332,0.03745375842325817,0.12234730409970658,0.21072138123073875,0.5632120452157959,0.30623969713056354,0.06692971545935848,64.41039692977523,0.255023804547018,0.11335667576691717,True,13,24,58,65,50,B,0,24.5,32.75,58.150000000000006,58.150000000000006,Persistence
MAR,Marriott International - Class A Common Stock,Consumer Cyclical,Lodging,United States,その他,353.9100036621094,92.2877952,613.2039373951721,0.04326693227091633,0.058491123012693456,0.14152987050498242,0.1994195371572596,0.3046523261630815,0.6202977487291212,42.691962338783085,-0.06097318667690033,0.12080787959089434,True,5,24,32,40,90,S,-10,8.75,23.0,35.6,35.6,Persistence
MARA,"MARA Holdings, Inc. - Common Stock",Financial Services,Capital Markets,United States,その他,10.09000015258789,3.89776,483.27942560848237,0.38196740292940956,0.6938437400002064,2.290854585445806,0.802621120436383,-0.30018485082967933,0.5002612222290991,40.342299115158156,-0.21494482433196072,0.5582311696506429,False,29,8,55,85,43,C,-30,8.799999999999997,0.0,30.1,30.1,Persistence
MAT,"Mattel, Inc. - Common Stock",Consumer Cyclical,Leisure,United States,その他,14.789999961853027,4.225502976,73.88152210944176,-0.005934143885004422,-0.011334408705108176,0.001201909143985661,0.4872551786092625,-0.3122071223822887,0.4040833795405144,61.09214972629857,0.03901760437126476,0.332581224562588,False,26,0,25,85,53,B,0,37.55,18.05,45.6,45.6,Persistence
MBIN,Merchants Bancorp - Common Stock,Financial Services,Banks - Regional,United States,その他,54.25,2.492140544,9.43488875,0.015405605991318886,0.1924355925839844,0.2718288978225674,,0.558762236885725,0.19757330771137538,69.18103229749154,0.09377731595270376,0.026381930877577522,True,9,12,37,100,40,C,-30,0.0,0.0,23.35,23.35,Persistence
MBWM,Mercantile Bank Corporation - Common Stock,Financial Services,Banks - Regional,United States,その他,60.70000076293945,1.049255872,9.210314615764618,0.04828599200777622,0.02564159370458332,0.1858281534880544,,-0.8789367952650452,0.07269598823388101,62.66667048136393,0.0722785875627921,0.02065180362617813,True,18,12,37,100,40,C,-25,7.5,3.0,28.35,28.35,Persistence
MCBS,"MetroCity Bankshares, Inc. - Common Stock",Financial Services,Banks - Regional,United States,その他,35.7400016784668,1.028641152,3.0012666409492494,0.09849493777835058,0.18322531452535265,-0.12356972608537464,,-0.4048380615607169,0.11016399630903448,48.57134047827534,0.02614247985715719,0.028006487407745695,True,0,12,25,100,75,A,-25,0.0,6.5,28.75,28.75,Persistence
MCHB,Mechanics Bancorp - Class A Common Stock,Financial Services,Banks - Regional,United States,その他,16.639999389648438,3.68451968,12.969881124267578,0.748640061174175,,,,-0.34563051781791726,0.01247380765698908,58.24173290565896,0.05880702034011003,0.02175195968575955,True,22,22,25,85,60,B,-20,15.25,15.25,27.0,27.0,Persistence
MCHP,Microchip Technology Incorporated - Common Stock,Technology,Semiconductors,United States,半導体,84.69000244140625,45.98740992,993.9227155523681,0.07076972010178118,-0.42345174473436026,-0.09531088911799211,0.5773482421336276,0.12809221603419246,0.3851886904057731,54.58937376120724,-0.029598980875451923,0.17544539775768148,True,31,47,34,40,100,S,0,39.25,51.25,48.7,51.25,Transition
MCRI,"Monarch Casino & Resort, Inc. - Common Stock",Consumer Cyclical,Resorts & Casinos,United States,その他,124.38999938964844,2.229382144,17.635392163467408,0.04392879165661278,0.04129393512776233,0.04940255718082324,0.5504297179545976,0.3767836276117883,0.018654722108048128,50.02156561424496,-0.005627558838328516,0.0708149404146944,True,37,31,50,100,87,S,0,51.45,46.95,69.9,69.9,Persistence
MDB,"MongoDB, Inc. - Class A Common Stock",Technology,Software - Infrastructure,United States,ソフトウェア,398.79998779296875,32.076251136,570.9519725234985,0.22794268264784995,0.19217462036790015,0.3107153982741971,0.7174856532417241,3.0,0.008741774075461417,75.87105924471291,0.16798887077474292,0.09487067120177542,True,57,42,97,40,35,C,0,52.25,41.0,70.35,70.35,Persistence
MDLZ,"Mondelez International, Inc. - Class A Common Stock",Consumer Defensive,Confectioners,United States,その他,62.61000061035156,79.909650432,612.7822328736877,0.05751763123953788,0.011800310972900933,0.14351028702057403,0.2837532760723461,-0.08174850979279023,0.30500650467917245,60.103629332589286,0.028530259376829917,0.0366209775603757,True,18,0,33,40,67,A,0,26.2,12.7,41.550000000000004,41.550000000000004,Persistence
META,"Meta Platforms, Inc. - Class A Common Stock",Communication Services,Internet Content & Information,United States,その他,592.0999755859375,1508.378279936,10213.760104855957,0.2216703849824621,0.21941112807816043,0.15687468377226457,0.8199944269179861,-0.14726660748631454,0.22921362435488674,33.66160767227632,-0.012548097427987211,0.24804985258593934,False,54,5,85,10,80,S,0,50.0,13.25,65.25,65.25,Persistence
MGEE,MGE Energy Inc. - Common Stock,Utilities,Utilities - Regulated Electric,United States,電力/エネルギー,81.54000091552734,3.077851392,15.607979275245667,0.09854581767472642,-0.019534175029800226,-0.03371218959887701,0.4153773125674037,-2.9576103184121,0.28787451432772815,51.24866526559247,0.028968784192758976,0.048674513607351394,True,34,12,10,85,87,S,0,46.95,30.450000000000003,44.150000000000006,46.95,Acceleration
MGNI,"Magnite, Inc. - Common Stock",Communication Services,Advertising Agencies,United States,その他,24.719999313354492,3.54544512,62.660625059480665,0.06851998742834907,0.07819786674412225,0.07389237682148929,0.6265594513924586,-0.1927699315902217,0.1979411416156429,80.55260410860333,0.33633175776180263,0.067873345148538,True,18,26,49,85,22,D,0,28.45,34.45,52.6,52.6,Persistence
MGRC,McGrath RentCorp - Common Stock,Industrials,Rental & Leasing Services,United States,その他,119.75,2.924973312,21.27658125,0.036547881204291824,0.0950901733742706,0.30861696019129575,0.4818461505875126,-0.5191091270396596,0.21845500244578442,56.284765612568556,0.0322949858855923,0.03332559585129721,True,8,0,53,100,87,S,0,29.700000000000003,23.700000000000003,71.55000000000001,71.55000000000001,Persistence
MIDD,The Middleby Corporation - Common Stock,Industrials,Specialty Industrial Machinery,United States,その他,134.5,6.081349632,66.2338525,0.016177502722809285,-0.028330798959930167,-0.19608029352917153,0.3910765393748973,-0.14105463305673752,0.3471839061712709,61.15629173943427,0.011753200010143907,0.06705640077090216,True,34,0,25,85,67,A,0,44.95,19.45,48.4,48.4,Persistence
MKSI,MKS Inc. - Common Stock,Technology,Scientific & Technical Instruments,United States,その他,304.989990234375,20.622678016,476.36691564697264,0.096207473508087,-0.009939260077305357,0.021144629264166902,0.46731111676418213,0.2121951219512195,0.5055707139608913,45.53864526479313,-0.11667010965656945,0.314321046302879,True,31,24,30,65,73,A,0,40.3,35.05,47.35,47.35,Persistence
MKTX,"MarketAxess Holdings, Inc. - Common Stock",Financial Services,Capital Markets,United States,その他,162.52999877929688,5.719900672,213.74076344467164,0.03570077971158871,0.08577537349826655,0.04767785048030071,0.5942018367703849,-0.013834461104079447,0.14726345634833266,94.04256370298852,0.31055880585618795,0.15588797673034166,True,8,0,45,85,35,C,-20,2.25,0.0,33.0,33.0,Persistence
MLKN,"MillerKnoll, Inc. - Common Stock",Consumer Cyclical,"Furnishings, Fixtures & Appliances",United States,その他,24.489999771118164,1.668338176,17.195530889291764,0.04681326466661217,0.011437548230625068,-0.1122311663526706,0.387536767576854,-0.23697148475909538,0.4503187101612299,67.83131322973293,0.26406262586663576,0.0,True,34,35,21,100,25,D,-5,38.0,38.75,36.55,38.75,Transition
MNST,Monster Beverage Corporation - Common Stock,Consumer Defensive,Beverages - Non-Alcoholic,United States,その他,90.36000061035156,88.509956096,532.0500749938202,0.10698854045979898,0.04939505130722895,0.13135326134319963,0.5584764218214752,0.19638073878351445,,36.36850295368582,-0.039516308700962476,0.09585753048856828,True,36,33,40,40,90,S,-20,22.0,19.75,30.0,30.0,Persistence
MORN,"Morningstar, Inc. - Common Stock",Financial Services,Financial Data & Stock Exchanges,United States,その他,200.66000366210938,7.527473664,80.6964237727356,0.07489780668981583,0.11601098793289512,0.08981075590719555,0.6103455326109181,-0.014034306081532635,0.35126176814662136,73.86064861462702,0.14791518459783762,0.23544956687823732,True,15,12,45,85,35,C,-20,7.5,5.25,33.0,33.0,Persistence
MPWR,"Monolithic Power Systems, Inc. - Common Stock",Technology,Semiconductors,United States,半導体,1401.5400390625,68.8758784,1326.5015853710938,0.26431018078020935,0.21197843907324918,0.015006565790559085,0.551787716644466,0.06271900941650364,0.004761815068860586,56.44104709090013,-0.013484813957950847,0.16936690413476937,True,49,17,65,40,100,S,0,52.75,28.75,65.75,65.75,Persistence
MQ,"Marqeta, Inc. - Class A Common Stock",Technology,Software - Infrastructure,United States,ソフトウェア,15.960000038146973,1.661417344,19.376716846313478,0.23252497559147525,-0.25019706553519744,-0.09627696115775602,0.6997650763981795,2.5814438010714866,0.01067386738516478,36.84211599529123,-0.03002309214494099,0.3880368065630345,False,51,17,42,100,63,B,-5,54.55,29.049999999999997,55.7,55.7,Persistence
MRCY,Mercury Systems Inc - Common Stock,Industrials,Aerospace & Defense,United States,防衛/宇宙,108.63999938964844,6.523102208,68.54043241493225,0.09187991978689652,-0.1423242240846427,-0.014485977998314102,0.27904431920352624,3.0,0.2645997722982597,61.9072019720172,1.8315075010762287e-06,0.13921242233006098,True,40,52,26,85,80,S,0,50.75,59.75,51.55,59.75,Transition
MRTN,"Marten Transport, Ltd. - Common Stock",Industrials,Trucking,United States,その他,14.949999809265137,1.220841984,10.817819861984253,-0.08307080567972872,-0.1482577742817876,-0.10477514443640921,0.1311262804814565,0.48113111689156235,0.000204260623921446,14.613164699610252,-0.11606509894663193,0.1793956002250926,True,23,12,10,100,63,B,-5,33.55,25.3,38.1,38.1,Persistence
MRVL,"Marvell Technology, Inc. - Common Stock",Technology,Semiconductors,United States,半導体,218.72000122070312,196.310925312,5243.692826865692,0.42087285211450765,0.04713401238266427,-0.06958240421650111,0.5101774339198984,0.0016551525618883132,0.21495335490211037,58.8034924611023,-0.09189361057758595,0.3086181550634508,True,64,85,46,25,73,A,0,59.05,74.8,46.150000000000006,74.8,Transition
MSEX,Middlesex Water Company - Common Stock,Utilities,Utilities - Regulated Water,United States,その他,58.220001220703125,1.097094528,8.4375336769104,0.014681280195125003,0.1539807787146517,0.02364037085831784,0.5311052215271144,-1.124213440724893,0.3051919952377361,57.63072335803451,0.059666802704933596,0.04103511243597433,True,8,0,26,100,72,A,-5,23.2,17.2,48.699999999999996,48.699999999999996,Persistence
MSFT,Microsoft Corporation - Common Stock,Technology,Software - Infrastructure,United States,ソフトウェア,499.989990234375,3712.698548224,19890.381795908204,0.1778868679984666,0.1493215623240672,0.15669962013071279,0.6794409337058032,-0.06457108544776641,0.0749311687078705,81.42690458488033,0.2284404239514353,0.07178680764186751,True,35,14,74,10,22,D,0,29.95,14.2,47.6,47.6,Persistence
MSTR,Strategy Inc - Class A Common Stock,Technology,Software - Application,United States,ソフトウェア,100.01000213623047,38.4264192,1553.8634039907836,0.029726662293723675,-0.06610432816602554,-0.006014853864889117,0.686909748487636,-0.01988624827676108,0.13361689530368723,52.41455583975817,-0.05953663666893453,0.7501311626827472,False,36,7,22,40,55,B,-10,28.5,6.75,23.1,28.5,Acceleration
MTCH,"Match Group, Inc. - Common Stock",Communication Services,Internet Content & Information,United States,その他,37.2599983215332,8.691510272,114.18997165603638,0.0022486810123548123,0.034141436598083996,0.05508612371320883,0.7280411746167481,0.1603757222484841,0.8905732612298526,41.86470375942996,0.0011130980322650423,0.09650832189494617,True,14,24,44,85,100,S,-20,13.25,20.75,45.45,45.45,Persistence
MTSI,"MACOM Technology Solutions Holdings, Inc. - Common Stock",Technology,Semiconductors,United States,半導体,310.82000732421875,23.737612288,483.62660679626464,0.3257773671903484,0.12518526172604552,-0.03963890575706859,0.5469088909060458,0.11815753364668788,0.2557764719306253,62.08176537388249,-0.04688424138171765,0.24131025951711488,True,57,27,42,65,80,S,0,60.5,38.0,55.35,60.5,Acceleration
MXL,"MaxLinear, Inc - Common Stock",Technology,Semiconductors,United States,半導体,74.9800033569336,6.800175616,303.03543256721497,0.29710036391070876,-0.4799549377364723,-0.3811544188271925,0.568414659963519,0.9974396648288503,0.18210412910160273,49.98093378670707,-0.11151238039735518,0.41435597850635725,True,54,65,18,85,65,A,0,59.75,68.0,44.15,68.0,Transition
MYRG,"MYR Group, Inc. - Common Stock",Industrials,Engineering & Construction,United States,その他,337.4200134277344,5.253376512,106.19957502624511,0.0879159739344316,-0.07728384795981234,0.21118634873636466,0.11585534716881786,3.0,0.06295865344670178,31.04214518992667,-0.19423818179187746,0.3266816791250828,True,33,31,30,85,51,B,0,42.6,41.1,47.95,47.95,Persistence
MZTI,The Marzetti Company - Common Stock,Consumer Defensive,Packaged Foods,United States,その他,113.4800033569336,3.111891712,33.419860988616946,0.019961437343162233,0.027013042879474487,0.0871736290481332,0.2386678274096679,0.10609478358707881,0.043580414270069444,56.90776322093542,0.030862595139406205,0.3838675504523508,False,2,24,42,85,73,A,-20,1.5500000000000007,18.049999999999997,38.95,38.95,Persistence
NBTB,NBT Bancorp Inc. - Common Stock,Financial Services,Banks - Regional,United States,その他,52.65999984741211,2.738858752,22.842854733810423,0.2088116969366741,0.1094327888925584,0.0051599527101399475,,0.2380376078043263,0.01121298175862502,52.11266504928582,0.05900762670361255,0.029487624836253095,True,44,29,50,100,60,B,-20,34.0,22.75,44.5,44.5,Persistence
NCNO,"nCino, Inc. - Common Stock",Technology,Software - Application,United States,ソフトウェア,19.170000076293945,2.100130048,39.80085000840187,0.10010783176764566,0.13453980018592235,0.16709648188286005,0.6055489331367344,0.5466346964389412,0.1691001671009025,59.42248530864101,0.14436830641218149,0.41358210824055164,False,29,56,72,100,35,C,0,40.25,60.5,71.6,71.6,Persistence
NDAQ,"Nasdaq, Inc. - Common Stock",Financial Services,Financial Data & Stock Exchanges,United States,その他,94.58999633789062,52.87366656,373.72933208084106,0.11648648648648649,0.22031662269129287,-0.026019916479280435,0.4222948438634713,0.14838337182448036,0.3048336714649148,61.48645557393454,0.07022425699425654,0.05694319402655386,True,14,33,38,40,52,B,-20,1.6999999999999993,15.950000000000003,21.300000000000004,21.300000000000004,Persistence
NDSN,Nordson Corporation - Common Stock,Industrials,Specialty Industrial Machinery,United States,その他,310.1099853515625,17.278691328,102.3300929663086,0.03783233782702169,0.0233159301111757,0.014806904895922368,0.5515604005749928,0.34432259756843975,0.3535773557243116,78.52720190204683,0.05983031424226376,0.0018026460616294541,True,43,24,46,65,25,D,0,44.5,30.25,46.55,46.55,Persistence
NEXT,NextDecade Corporation - Common Stock,Energy,Oil & Gas Equipment & Services,United States,電力/エネルギー,6.699999809265137,1.783442432,19.06940545713425,,,,,-0.8833935449086239,0.6966999704164584,38.22115453500185,-0.11614165241525091,0.37500003336080784,True,0,0,0,100,63,B,-25,0.0,0.0,12.600000000000001,12.600000000000001,Persistence
NMIH,NMI Holdings Inc - Common Stock,Financial Services,Insurance - Specialty,United States,その他,44.630001068115234,3.356972544,22.079354128417968,0.08520963299440375,0.12429641988038058,0.10400260840715558,,0.06676769270155858,0.10857077845970084,62.65822540317479,0.1081563840665176,0.006898032222224203,True,2,24,50,85,25,D,-20,0.0,13.25,33.75,33.75,Persistence
NMRK,"Newmark Group, Inc. - Class A Common Stock",Real Estate,Real Estate Services,United States,その他,14.8100004196167,3.690789888,20.76369463830471,0.20285616004662402,0.10854010414642677,-0.08691800155755237,,3.0,0.41894900089995013,43.56617547159127,-0.02025638890593464,0.23770022172818392,False,51,42,22,85,90,S,0,60.0,53.25,51.35,60.0,Acceleration
NN,NextNav Inc. - Common stock,Technology,Software - Infrastructure,United States,ソフトウェア,16.309999465942383,2.2252864,45.5022889100647,-0.1933321573469748,0.46789228379078196,-0.0163015792154865,-0.8674830527006342,-0.32007731958762886,1.1683271327306806,76.40790309858436,-0.03667262543051765,0.30860536835761193,False,0,0,0,100,38,C,-30,0.0,0.0,2.6000000000000014,2.6000000000000014,Persistence
NNE,Nano Nuclear Energy Inc. - common stock,Industrials,Specialty Industrial Machinery,United States,電力/エネルギー,18.850000381469727,1.012210048,39.431750297985076,,,,,-2.6546444728361833,0.01222592633627717,59.85460550702961,-0.10060784627146778,0.6671375591394264,False,0,0,10,100,55,B,-15,5.5,5.5,26.5,26.5,Persistence
NOVT,Novanta Inc. - Common Shares,Technology,Scientific & Technical Instruments,United States,その他,166.3699951171875,6.291741696,76.89787544311524,0.03303151451943387,0.07665409193092138,0.02411305338696694,0.4438955741382827,-0.6573823841528121,0.16706656942094156,71.38305079123512,0.07956334004637032,0.013168048335761066,True,4,0,41,85,25,D,0,18.25,15.25,48.8,48.8,Persistence
NSIT,"Insight Enterprises, Inc. - Common Stock",Technology,Electronics & Computer Distribution,United States,その他,149.32000732421875,4.382370304,68.76634297302246,-0.052233253785640456,-0.051672871366545185,-0.1203458933883964,0.21357930832114735,-0.5234181308152878,0.17456862115912058,94.41213928206149,0.2655117356461158,0.0,True,0,0,25,85,10,D,0,13.75,13.75,37.0,37.0,Persistence
NSSC,"NAPCO Security Technologies, Inc. - Common Stock",Industrials,Security & Protection Services,United States,その他,41.36000061035156,1.477682688,11.014581762542724,-0.03812625781167249,0.11072548339088337,0.183880829845466,0.5562682729420056,0.17446429387307535,0.026925270388258867,82.02652800625812,0.1191345480715919,0.11755385840607849,True,10,12,38,100,35,C,-5,21.0,22.5,47.900000000000006,47.900000000000006,Persistence
NTAP,"NetApp, Inc. - Common Stock",Technology,Software - Infrastructure,United States,ソフトウェア,189.52000427246094,37.190320128,456.4200786893463,0.05371272063298844,0.048500319081046586,-0.014775227915749764,0.7074368231046931,0.3968609865470852,0.2543745346239762,80.56035955511402,0.13678122541969456,0.010236011587691062,True,50,24,38,40,10,D,0,44.5,25.0,32.900000000000006,44.5,Acceleration
NTCT,"NetScout Systems, Inc. - Common Stock",Technology,Software - Infrastructure,United States,ソフトウェア,38.439998626708984,2.794868992,20.240773476886748,0.044735552992114784,-0.008169219547775346,-0.09302592588542749,0.7940759666869114,0.3529029781062032,0.016815338347525202,36.19302711435332,-0.0690149856545482,0.14272973916369483,True,53,54,45,100,80,S,0,62.75,63.5,65.75,65.75,Persistence
NTNX,"Nutanix, Inc. - Class A Common Stock",Technology,Software - Infrastructure,United States,ソフトウェア,62.66999816894531,16.940986368,156.25729988456726,0.18108158167102256,0.1534820803104845,0.1784537663303804,0.8680884044340125,0.2551436473424698,0.45163520644835486,73.0487709000033,0.1709947226160274,0.2274408771320475,True,49,63,82,65,35,C,0,50.0,60.5,68.35,68.35,Persistence
NTRS,Northern Trust Corporation - Common Stock,Financial Services,Asset Management,United States,その他,185.5,33.938272256,210.206745,-0.024606774100164045,0.22394626116483354,0.0018192036916523694,,3.0,0.07900404611909602,54.892085304258956,0.04513104973869771,0.029456415732654975,True,12,25,30,40,75,A,-20,2.5,12.25,21.5,21.5,Persistence
NTSK,"Netskope, Inc. - Class A Common Stock",Technology,Software - Infrastructure,United States,ソフトウェア,14.869999885559082,6.006344704,69.27873466682433,0.31718214718318755,0.32290609339785636,,0.680777210622894,1.0818861681005956,0.4260883646712844,59.25925538312524,0.295691185509672,0.4234199551111173,True,38,33,34,85,45,C,0,45.75,42.0,48.95,48.95,Persistence
NVDA,NVIDIA Corporation - Common Stock,Technology,Semiconductors,United States,半導体,223.9600067138672,5424.53530624,28490.83261689743,0.654735357900948,1.1420340763599357,1.2585452658115222,0.7106808435754708,0.5886809195931179,0.05338413852797107,65.6099080763999,0.08692762768682928,0.048863063744016125,True,39,34,80,10,52,B,0,35.95,32.2,56.9,56.9,Persistence
NVTS,Navitas Semiconductor Corporation - Common Stock,Technology,Semiconductors,United States,半導体,13.890000343322754,3.626588672,209.0075577660942,-0.4488007490816547,0.04840414820781313,1.0940885011728119,0.3103057757644394,0.32358142513034727,0.012931869906028145,61.20114600926837,-0.20322151333539565,0.563070149628766,True,9,12,22,85,33,D,-10,12.8,15.05,29.950000000000003,29.950000000000003,Persistence
NWBI,"Northwest Bancshares, Inc. - Common Stock",Financial Services,Banks - Regional,United States,その他,15.550000190734863,2.276465664,17.5578939653635,0.25247518094326826,-0.04991502543760531,0.03414810032432106,,0.13103167702358826,0.04122334278882854,60.27633170719876,0.04852787093512966,0.016406321162696285,True,29,29,30,100,55,B,-20,22.25,22.25,32.5,32.5,Persistence
NWE,"NorthWestern Energy Group, Inc.  - Common Stock",Utilities,Utilities - Regulated Electric,United States,電力/エネルギー,72.08999633789062,4.434821632,25.918876833343507,0.0638490836238637,0.06451882827535628,-0.03768615889303083,0.5686721194318246,0.08773148635467323,0.40638269175552627,51.02638815035346,0.0198190162679533,0.018114980444350413,True,10,12,10,85,75,A,0,27.75,29.25,41.75,41.75,Persistence
NWL,Newell Brands Inc. - Common Stock,Consumer Defensive,Household & Personal Products,United States,その他,6.010000228881836,2.559659008,62.926204896450045,-0.049854919546293855,-0.0677486782245174,-0.14018395179194418,0.3375902276513048,-0.9282700421940928,0.48707419505366306,66.79389604731098,0.1869026438299136,0.055031430390735804,True,34,0,21,100,37,C,0,44.2,18.7,43.949999999999996,44.2,Acceleration
NWPX,"NWPX Infrastructure, Inc. - Common Stock",Basic Materials,Steel,United States,その他,119.72000122070312,1.153765888,25.584762860870363,0.06792231417039557,0.10845607678545308,-0.02908240743775469,0.19702739337988567,0.375277356066799,0.1773614202163449,26.431855214534124,-0.08946125534028929,0.2015472904404716,True,5,24,30,100,63,B,-5,20.05,34.3,49.1,49.1,Persistence
NWS,News Corporation - Class B Common Stock,Communication Services,Entertainment,United States,その他,32.45000076293945,17.545558016,36.49781385810852,0.06814955040227165,0.024236548715462918,0.029955067398901646,,0.4203152364273205,0.18753216675244466,51.11732686894519,0.061331580526591475,0.0710736915672255,True,23,12,42,65,72,A,0,34.2,25.95,53.75,53.75,Persistence
NWSA,News Corporation - Class A Common Stock,Communication Services,Entertainment,United States,その他,28.520000457763672,15.420626944,108.39525273981094,0.06814955040227165,0.024236548715462918,0.029955067398901646,,0.4203152364273205,0.18753216675244466,51.28204855594378,0.05991572666055733,0.07704860608525856,True,23,12,42,65,72,A,0,34.2,25.95,53.75,53.75,Persistence
NXST,"Nexstar Media Group, Inc. - Common Stock",Communication Services,Broadcasting,United States,その他,193.77999877929688,5.969586688,63.43388260040283,-0.08470501202145367,0.09608757348469492,-0.0533486854730378,0.5483936148716912,-0.32760180995475113,0.5876820947814863,60.30029058749211,0.07841521824609118,0.22873285709097485,False,8,0,25,85,55,B,0,24.25,18.25,46.0,46.0,Persistence
NXT,Nextpower Inc. - Class A Common Stock,Technology,Solar,United States,電力/エネルギー,103.26000213623047,15.864696832,349.0683720214844,0.20282292797674503,0.18375408675991792,0.3142276292401651,0.32592522876110797,-0.1740532230857426,,52.84506927633509,-0.09884434563039206,0.3397697815475964,False,31,17,74,65,63,B,0,39.3,28.8,69.55000000000001,69.55000000000001,Persistence
OCFC,OceanFirst Financial Corp. - Common Stock,Financial Services,Banks - Regional,United States,その他,19.420000076293945,1.911242496,17.548300468940734,0.05405860825149417,-0.047414820109602095,-0.076193234476367,,-0.06099721290566394,0.10850498516339627,42.26416941252341,0.021556852196064676,0.040987650553385414,True,30,0,25,100,87,S,-25,21.200000000000003,0.0,31.150000000000006,31.150000000000006,Persistence
ODFL,"Old Dominion Freight Line, Inc. - Common Stock",Industrials,Trucking,United States,その他,216.36000061035156,44.996018176,371.74758944869996,-0.054760344706017906,-0.008752245083318674,-0.06292654227735538,0.3302830276386915,0.07560433125179483,0.00731148631849891,35.054350562460655,-0.04486823618181073,0.13014109947819028,True,6,12,34,40,90,S,0,19.5,24.0,46.7,46.7,Persistence
OKTA,"Okta, Inc. - Class A Common Stock",Technology,Software - Infrastructure,United States,ソフトウェア,148.32000732421875,25.779109888,397.0637836074829,0.11839080459770115,0.15333627927529828,0.21797631862217437,0.7735525865022268,0.1821917808219178,0.04346035015447992,49.8829695959058,0.11476222828582434,0.040744974724607565,True,28,40,82,65,57,B,0,36.45,45.45,72.75,72.75,Persistence
OLED,Universal Display Corporation - Common Stock,Technology,Electronic Components,United States,半導体,91.19000244140625,4.19171584,68.47001333312988,0.004519179105860265,0.12361453015028737,-0.0651780110570709,0.7631057575110166,-0.3161631999545246,0.009785809074623095,72.47321273422534,0.07307098111505365,0.38883100594823916,False,15,12,40,85,23,D,0,26.3,24.05,47.85,47.85,Persistence
OLLI,"Ollie's Bargain Outlet Holdings, Inc. - Common Stock",Consumer Defensive,Discount Stores,United States,その他,81.63999938964844,4.935406592,125.56313546127319,0.1661716640144737,0.08039475674169219,0.15087665140127937,0.40500710026204156,0.820954162768943,0.23212822674336953,84.9140052824657,0.11124721995375408,0.40973175597763706,False,36,26,54,85,0,D,0,39.75,32.25,50.95,50.95,Persistence
ON,ON Semiconductor Corporation - Common Stock,Technology,Semiconductors,United States,半導体,81.16999816894531,31.600431104,851.0426739519501,-0.15346709402312808,-0.1418514479583182,-0.008791525545867263,0.33090369283117055,0.1700758825470142,0.23992143148010636,43.13725527325886,-0.19902823554144045,0.39393711186528424,True,6,12,34,40,61,B,0,16.6,21.1,40.900000000000006,40.900000000000006,Persistence
ONB,Old National Bancorp - Common Stock,Financial Services,Banks - Regional,United States,その他,26.559999465942383,10.161058816,130.8494309689331,0.33886596516536904,0.026673091949610536,0.06296177320912304,,0.07667542207545416,0.09826210281973324,50.69636891454219,0.03613364142341448,0.026749777394459814,True,34,32,50,65,75,A,-20,22.75,21.25,38.75,38.75,Persistence
ONDS,Ondas Inc - Common Stock,Technology,Communication Equipment,United States,通信/光通信,9.109999656677246,5.191413248,996.8508715323162,3.0,-0.5415969099055982,3.0,0.3973113086672843,-0.16140669829275914,0.01373890952040048,70.28985131665786,0.04149990040770522,0.3497502135726709,False,57,40,22,85,38,C,-10,49.3,36.55,30.950000000000003,49.3,Acceleration
OPEN,Opendoor Technologies Inc  - Common Stock,Real Estate,Real Estate Services,United States,その他,3.484999895095825,3.38425216,226.59248020419716,-0.15175625849019989,-0.2581341779441405,-0.5537997045031156,0.08007320979180965,2.67258064516129,0.5484004985459078,29.31033401936925,-0.21599066622507418,0.6687262601282565,False,42,25,22,85,16,D,0,45.85,33.1,36.550000000000004,45.85,Acceleration
ORLY,"O'Reilly Automotive, Inc. - Common Stock",Consumer Cyclical,Auto Parts,United States,その他,93.52999877929688,76.335988736,735.9169452452087,0.0642495944723634,0.056679409951145475,0.0973215562122047,0.5159231316716373,-0.21370711221904767,0.5134459486137986,71.97266083385425,0.0573403208181363,0.1325357165273051,True,26,12,37,40,50,B,0,30.5,20.0,40.35,40.35,Persistence
OSBC,"Old Second Bancorp, Inc. - Common Stock",Financial Services,Banks - Regional,United States,その他,25.440000534057617,1.294278272,11.964432251167297,0.19006141501041446,-0.0038720652556879856,0.14724159331057798,,-0.02473787951567754,0.04565635786126393,78.48929473116182,0.10073129631859465,0.017381184480473287,True,23,2,33,100,10,D,-25,8.25,0.0,20.150000000000006,20.150000000000006,Persistence
OSIS,"OSI Systems, Inc. - Common Stock",Technology,Electronic Components,United States,半導体,236.22999572753906,3.893753088,39.02755759414673,0.1133433587347718,0.20363384064948567,0.08044971586395275,0.34274670405553226,1.4419260554780868,0.28985252472161827,78.52867250329824,0.08246490573031601,0.23718031091902178,False,21,39,50,85,40,C,0,32.5,46.0,56.75,56.75,Persistence
OTTR,Otter Tail Corporation - Common Stock,Industrials,Conglomerates,United States,その他,93.79000091552734,3.937827584,24.86326029270172,-0.01990909008919633,-0.013799636219709064,-0.07604596328333821,0.4320191279835713,0.040773376133331915,0.27842616526233394,57.74295201660003,0.04574100158591356,0.0,True,6,12,30,85,75,A,0,24.75,29.25,52.75,52.75,Persistence
OUST,"Ouster, Inc. - Common Stock",Technology,Electronic Components,United States,半導体,43.400001525878906,2.920595456,147.57237418842317,0.5245947381211691,0.33408182134751857,1.0297594384459772,0.49258489585793225,-0.7316154873164219,0.0488675768777395,60.95455745883657,0.01787141739330955,0.3058221175926185,True,54,58,56,100,63,B,-10,51.8,54.8,58.400000000000006,58.400000000000006,Persistence
OZK,Bank OZK - Common Stock,Financial Services,Banks - Regional,United States,その他,51.40999984741211,5.605623808,63.5887717612648,0.04204718910439849,0.06152426899798596,0.24292040151343353,,-0.009635270042011347,,49.825170977648696,0.021007388135887105,0.031644383129539114,True,0,0,35,85,87,S,-20,1.4500000000000028,1.4500000000000028,37.900000000000006,37.900000000000006,Persistence
PAGP,"Plains GP Holdings, L.P. - Class A Shares representing limited partner interests",Energy,Oil & Gas Midstream,United States,電力/エネルギー,24.739999771118164,5.764430848,37.830304750013354,-0.09464296672053019,0.03280801081629204,-0.1744968783788497,0.06497672947449279,0.12208436724565756,0.3664471159994884,40.12704696674885,0.008330695125774222,0.060387396779152426,True,2,24,26,85,87,S,0,22.950000000000003,39.45,52.95,52.95,Persistence
PANW,"Palo Alto Networks, Inc. - Common Stock",Technology,Software - Infrastructure,United States,ソフトウェア,363.8599853515625,296.545878016,2238.515750980835,0.1487387106820305,0.1646379502952399,0.2528764882304826,0.734143035297945,0.1190015479876161,0.014344975017178341,57.50394049795359,0.15162767072443986,0.006769697579078173,True,22,21,79,25,45,C,0,24.75,24.0,58.7,58.7,Persistence
PATK,"Patrick Industries, Inc. - Common Stock",Consumer Cyclical,Recreational Vehicles,United States,その他,88.83999633789062,2.853386496,51.30554208511352,0.06326965997906711,0.07140564785059017,-0.2896075521848996,0.23105858018165054,0.08321840521564694,0.4853158501437175,53.24616044521603,0.021870567131040703,0.38518254600504,False,2,12,22,100,73,A,0,23.8,31.3,51.7,51.7,Persistence
PAYO,Payoneer Global Inc. - Common Stock,Technology,Software - Infrastructure,United States,ソフトウェア,7.099999904632568,2.405840896,30.49258259042263,0.13912355903283533,0.20051160009925575,0.049163857977289366,,0.2508044931478637,0.008075953915045113,43.47824284177158,0.05096435718576271,0.00976292481402021,True,10,14,50,100,60,B,0,28.5,31.5,64.5,64.5,Persistence
PAYX,"Paychex, Inc. - Common Stock",Technology,Software - Application,United States,ソフトウェア,120.04000091552734,42.696167424,389.06344756732943,0.16876357305669723,0.055586078851145256,0.05416308841445148,0.7428593366093366,0.3584927739746065,0.2849114346656775,60.92916722696934,0.1364540039544877,0.11235145005865045,True,52,26,50,40,50,B,0,50.0,30.5,47.5,50.0,Acceleration
PCAR,PACCAR Inc. - Common Stock,Industrials,Farm & Heavy Construction Machinery,United States,その他,133.11000061035156,70.064439296,520.8055228380584,-0.15503300281014026,-0.0416654805080934,0.21886764955915572,0.16655065249184386,0.046247366421441644,0.3526756916470063,64.83106067010745,0.0795305295527675,0.03690041137234038,True,2,12,26,40,52,B,-20,0.0,0.1999999999999993,14.700000000000003,14.700000000000003,Persistence
PCT,"PureCycle Technologies, Inc. - Common stock",Industrials,Pollution & Treatment Controls,United States,その他,7.210000038146973,1.448523776,31.564370767002107,,,,-12.083542788749252,0.08394291702010878,0.45425430220686575,65.7303336172032,-0.12763614721707284,0.5234633189946016,False,2,30,2,100,23,D,-15,3.8000000000000007,24.799999999999997,15.700000000000003,24.799999999999997,Transition
PCTY,Paylocity Holding Corporation - Common Stock,Technology,Software - Application,United States,ソフトウェア,150.4199981689453,8.3281536,116.45215418243409,0.11039536214731376,0.13740031300913003,0.19403830076332498,0.691855705838451,0.248130567088061,0.027224048687667857,71.100165575013,0.26088350887083006,0.1749218354270402,True,25,26,72,85,35,C,0,35.0,35.75,67.85,67.85,Persistence
PDFS,"PDF Solutions, Inc. - Common Stock",Technology,Software - Application,United States,ソフトウェア,49.45000076293945,2.070358784,24.64686938026428,0.2204273813835567,0.08219012874242469,0.11636564365966785,0.7232129812258017,-0.08784954219252661,0.17391813172771717,50.751383720324455,-0.10748447804211159,0.30145500602624087,True,42,5,42,100,73,A,0,53.8,26.05,62.7,62.7,Persistence
PEBO,Peoples Bancorp Inc. - Common Stock,Financial Services,Banks - Regional,United States,その他,40.93000030517578,1.471118976,14.440718057670594,0.022941267920753263,0.050547489312951804,0.3052897612640308,,-0.05620943790562094,0.07400760443664679,67.8103874841205,0.08139859907444116,0.020912999622036632,True,0,0,45,100,40,C,-25,0.0,0.0,32.75,32.75,Persistence
PEGA,Pegasystems Inc. - Common Stock,Technology,Software - Application,United States,ソフトウェア,32.7400016784668,5.382618112,125.46034123191833,0.16606687238675377,0.04506720572714531,0.08708990814549511,0.7586326591866708,0.4509245625550687,0.04655285676817147,53.6032979716783,0.03559250472782414,0.5076169509385954,False,49,33,57,85,65,A,0,56.0,44.0,65.6,65.6,Persistence
PENG,"Penguin Solutions, Inc. - Common Stock",Technology,Information Technology Services,United States,その他,58.43000030517578,2.994110976,199.48469544189453,0.16911400448925346,-0.18765238508239376,0.03250575265997839,0.2880448044044612,0.7325184813282318,0.32437175364828097,56.41975342364338,-0.0710238269416568,0.28209852877075725,True,35,56,26,100,73,A,0,48.55,64.3,53.9,64.3,Transition
PENN,"PENN Entertainment, Inc. - Common Stock",Consumer Cyclical,Resorts & Casinos,United States,その他,20.18000030517578,2.707460096,53.63723001113892,0.05820829722868306,0.033821056436530515,-0.006060890076073543,0.33793995115644304,0.022614451185879757,0.7900059571783999,37.986286302888516,-0.0243006078968497,0.08522208550680442,True,36,12,4,100,90,S,-10,41.0,23.0,35.2,41.0,Acceleration
PEP,"PepsiCo, Inc. - Common Stock",Consumer Defensive,Beverages - Non-Alcoholic,United States,その他,139.02000427246094,189.901324288,1093.1733770961762,0.022546650118666578,0.004187119414896525,0.058790165756088524,0.541485227575193,0.06718597857838364,0.4646318867028557,61.028483047065855,-0.009733059784117088,0.16864487457926106,False,28,12,42,25,70,A,-20,11.75,0.0,23.35,23.35,Persistence
PFBC,Preferred Bank - Common Stock,Financial Services,Banks - Regional,United States,その他,105.76000213623047,1.25240448,11.489237832069398,-0.0019756373279241016,-0.03132941943010749,0.15228260784113332,,0.019443171052229456,0.050493970332179346,46.07218603405528,0.03155512748683169,0.03344905953173004,True,20,24,30,100,87,S,-25,13.700000000000003,16.700000000000003,33.900000000000006,33.900000000000006,Persistence
PFG,Principal Financial Group Inc - Common Stock,Financial Services,Asset Management,United States,その他,113.4000015258789,24.279465984,190.17577155895233,-0.031138972079093732,0.18015044856503096,-0.22070471769663721,,-0.0210405593171743,0.01158251959346938,53.73052348439054,0.031332442702487695,0.017416186400229523,True,0,0,25,65,75,A,-20,0.0,0.0,25.0,25.0,Persistence
PGY,Pagaya Technologies Ltd. - Class A Ordinary Shares,Technology,Software - Infrastructure,United States,ソフトウェア,21.280000686645508,1.775301888,64.82888369184494,0.2556278930864566,0.2998599921844066,0.1275141739153271,0.4060535572854605,3.0,0.5553245523360291,69.36230189215402,0.2560130242106515,0.514266148833792,True,35,74,73,100,25,D,-5,38.75,68.0,65.15,68.0,Transition
PI,"Impinj, Inc. - Common Stock",Technology,Semiconductors,United States,半導体,183.36000061035156,5.602457088,87.06574588981628,-0.01369073471606476,0.19037585476963897,0.19293638479441427,0.5253119158069653,-0.5873576862893217,0.5579710410758897,78.56069176720786,0.3082733177817963,0.24203216967223154,True,8,0,33,85,35,C,0,22.25,16.25,46.400000000000006,46.400000000000006,Persistence
PLAB,"Photronics, Inc. - Common Stock",Technology,Semiconductor Equipment & Materials,United States,半導体,32.650001525878906,1.9251648,29.471523877334594,-0.020361129758946925,-0.02817024558445693,0.08189567872861407,0.3530344026921184,-0.5432433883125148,0.00330223758599173,65.5490373167175,0.06277021530186035,0.4059315489489662,False,22,12,29,100,30,D,-5,29.5,22.0,41.95,41.95,Persistence
PLMR,"Palomar Holdings, Inc. - Common stock",Financial Services,Insurance - Property & Casualty,United States,その他,131.0,3.472007168,38.44195,0.5815589775810985,0.4733298574719493,0.14931852784894492,,0.5912541959592121,,40.5315732510069,0.039651185979105066,0.0983549724445938,True,57,34,57,85,100,S,-20,45.5,28.25,52.599999999999994,52.599999999999994,Persistence
PLPC,Preformed Line Products Company - Common Stock,Industrials,Electrical Equipment & Parts,United States,電力/エネルギー,466.82000732421875,2.282143488,48.6986631640625,0.12737445975671788,-0.11343494420461146,0.051266755727048245,0.31156007876439107,-0.36900187397073575,0.07212742552641363,74.97156629628866,0.2725002474747254,0.009484608499348355,True,27,2,29,100,10,D,0,36.25,17.5,42.95,42.95,Persistence
PLTR,Palantir Technologies Inc. - Class A Common Stock,Technology,Software - Infrastructure,United States,ソフトウェア,172.00999450683594,413.350068224,7906.140960166244,0.5618339093221548,0.2878613688375613,0.16745152216493142,0.8236651721415028,0.8406361201194149,0.0257671796927596,69.96989735086848,0.29720374668228267,0.16975576509447665,True,82,64,90,10,50,B,0,68.0,54.5,62.00000000000001,68.0,Acceleration
PLUG,"Plug Power, Inc. - Common Stock",Industrials,Electrical Equipment & Parts,United States,電力/エネルギー,2.180000066757202,3.04125056,103.95684568342567,0.12898090691365013,-0.29452958467027174,0.27072878649635035,-0.3409403044572691,0.3776643136502238,0.3843306477224725,52.427181656865265,-0.16602905126364173,0.47342991858408384,False,38,62,6,85,43,C,-10,35.55,53.55,23.15,53.55,Transition
PLUS,ePlus inc. - Common Stock,Technology,Software - Application,United States,ソフトウェア,89.58000183105469,2.337179648,25.490437421035768,0.22117192155858909,-0.08175419798195707,0.05345554858060916,0.25222871680363423,-1.4064350532549161,0.06646096064747978,48.392157942182365,0.04526862813425147,0.07697064385169873,True,27,17,10,100,87,S,-10,33.95,26.450000000000003,37.900000000000006,37.900000000000006,Persistence
PLXS,Plexus Corp. - Common Stock,Technology,Electronic Components,United States,半導体,270.3500061035156,7.233598464,91.30395581130982,0.018213115594293817,-0.05925413954570987,0.10467029161183071,0.10079777513621488,-0.5489071838743701,0.05329809920595707,61.16138983046947,-0.008757815565120324,0.11016391420524824,True,18,12,25,85,80,S,0,34.25,29.75,51.0,51.0,Persistence
POOL,Pool Corporation - Common Stock,Industrials,Industrial Distribution,United States,その他,206.30999755859375,7.497459712,187.25417463409423,-0.0040589702074185175,-0.04162014726806993,-0.10326216675914648,0.2972849830112928,-0.4838905470977639,0.42332533397901784,53.925067208112615,0.04335555365371254,0.37017275430996055,False,30,0,17,85,73,A,0,42.55,20.05,45.2,45.2,Persistence
POWI,"Power Integrations, Inc. - Common Stock",Technology,Semiconductors,United States,半導体,64.58999633789062,3.608856064,46.19250473098755,0.058550312311294525,-0.05750914432511956,-0.31729065113693256,0.5448631804899167,0.36351827216527116,,42.0388265914097,-0.12508724477180924,0.2605609906561533,True,43,12,28,85,61,B,0,51.1,27.85,48.85000000000001,51.1,Acceleration
POWL,"Powell Industries, Inc. - Common Stock",Industrials,Electrical Equipment & Parts,United States,電力/エネルギー,211.55999755859375,7.707673088,184.9573856655884,0.09083958607446392,0.4476539664925898,0.31305226237462025,0.293738760031078,0.6052184012942299,0.001500472504562735,43.51032591636215,-0.17667671882086167,0.3428572484836202,True,12,24,67,85,61,B,0,27.85,36.85,70.3,70.3,Persistence
PPC,Pilgrim's Pride Corporation - Common Stock,Consumer Defensive,Packaged Foods,United States,その他,27.450000762939453,6.53607936,44.1943639783287,0.03463765076874518,0.029723969006953434,-0.006077267510313064,0.1274840515391414,-0.5636754660251762,0.3241622540854041,40.317103801694444,-0.035000114264167534,0.4304373350729781,False,30,0,21,85,65,A,-20,21.75,0.0,25.799999999999997,25.799999999999997,Persistence
PPLI,People Incorporated - Common Stock,Communication Services,Internet Content & Information,United States,その他,41.58000183105469,3.096210176,41.37230972190857,-0.08730794650590114,-0.1018297234057785,-0.44235972097003406,0.6616376725783045,-0.8760662613695273,0.1999548713743013,39.09722549679804,-0.05163758452172445,0.1268374052143436,True,48,25,37,85,80,S,0,56.75,39.5,57.6,57.6,Persistence
PRCH,"Porch Group, Inc. - Common Stock",Financial Services,Insurance - Property & Casualty,United States,その他,15.850000381469727,1.799289472,32.05757677154541,0.11264229816308488,0.05582854324447661,0.5723324684360822,,2.1704476470985004,0.49262687431889973,66.70441761724467,0.23230269083278868,0.16754203679980573,True,35,45,49,100,50,B,-25,21.25,28.75,36.95,36.95,Persistence
PRDO,Perdoceo Education Corporation - Common Stock,Consumer Defensive,Education & Training Services,United States,その他,33.849998474121094,2.118233216,28.92330044620514,0.2419520801804883,-0.04048005363350066,0.021282839092760727,0.7665276753465328,0.38029802062827694,0.09483801214538233,63.07460697031994,0.021864095620079713,0.10388568126589849,True,47,29,45,100,80,S,0,58.25,44.75,65.75,65.75,Persistence
PRGS,Progress Software Corporation - Common Stock,Technology,Software - Infrastructure,United States,ソフトウェア,42.84000015258789,1.75699456,24.64713728778839,0.29787539039220395,0.0849174657529315,0.15352824606777596,0.808166237315037,0.11244958504614908,0.5818205787786583,61.827196902422365,0.19410641018558397,0.08598248071551254,True,44,29,64,100,50,B,-5,48.0,36.75,65.2,65.2,Persistence
PSKY,Paramount Skydance Corporation - Class B Common Stock,Communication Services,Entertainment,United States,その他,9.1899995803833,10.310680576,111.67122305107594,-0.014805072170511264,-0.016647874245539564,0.054852025467011824,0.2963749015849108,2.326530612244898,0.3416547459738821,61.397059596946285,-0.03374277597382454,0.5277543663451686,False,36,26,26,65,45,C,0,41.25,33.75,39.55,41.25,Acceleration
PSMT,"PriceSmart, Inc. - Common Stock",Consumer Defensive,Discount Stores,United States,その他,177.0500030517578,5.463855616,45.905524791259765,0.07248746310973488,0.11379736627014295,0.08503224102350831,0.17350202861656738,1.6424802786599733,0.14501288363916645,45.64487949550204,-0.045047012325273424,0.1053561975127325,True,12,24,42,85,100,S,0,31.75,40.75,64.35,64.35,Persistence
PTC,PTC Inc. - Common Stock,Technology,Software - Application,United States,ソフトウェア,147.7100067138672,16.027460608,243.48812926727294,0.19175956896581728,0.0960485977226136,0.08467491867729901,0.8375515565345831,0.16460170254184986,0.20701698550377715,72.45779719890103,0.16574202644849378,0.3178312125497956,False,62,40,65,65,8,D,0,57.05,40.55,53.6,57.05,Acceleration
PTEN,"Patterson-UTI Energy, Inc. - Common Stock",Energy,Oil & Gas Drilling,United States,電力/エネルギー,9.869999885559082,3.764268544,90.52275330040455,-0.1025095060145101,0.29698976668268035,0.5661234812614633,0.04762293478837382,-0.25135271044956253,0.22986766277722545,47.74950575965203,-0.035189117781544536,0.22499311816890274,True,0,18,33,85,100,S,0,22.75,36.25,59.400000000000006,59.400000000000006,Persistence
PTON,"Peloton Interactive, Inc. - Common Stock",Consumer Cyclical,Leisure,United States,その他,5.679999828338623,2.492791808,51.65295283894062,-0.0179861891761683,-0.0776181306473115,-0.035674749134021355,0.5260425183973835,0.16682113067655235,0.8314120336592247,34.8375396575379,-0.05281241340792075,0.3688889079623752,False,34,61,28,100,53,B,-20,25.799999999999997,46.05,31.000000000000007,46.05,Transition
PTRN,Pattern Group Inc. - Series A Common Stock,Technology,Software - Application,United States,ソフトウェア,22.049999237060547,4.39019008,41.51386431360245,0.3925895284442764,0.31450428383136336,0.37947371874794933,0.4359490907782506,0.5817383810649939,0.032538762123551265,26.198090854648683,-0.06141459761691609,0.2500000162189512,True,45,20,89,85,46,C,0,51.1,32.35,79.4,79.4,Persistence
PWP,Perella Weinberg Partners - Class A Common Stock,Financial Services,Capital Markets,United States,その他,17.5,1.749857792,22.2149375,-0.1447953906375457,0.3536364645449332,0.02714934276262971,0.4332237319600534,-0.8527615661113902,0.2332715257692409,61.6187959975065,0.09382043077558026,0.27571365181847973,False,14,57,29,100,38,C,-25,4.300000000000001,36.55,23.550000000000004,36.55,Transition
PYPL,"PayPal Holdings, Inc. - Common Stock",Financial Services,Credit Services,United States,その他,59.06999969482422,50.532073472,1115.0490260392762,0.0432430732459037,0.06805280306338383,0.08187368268042736,0.4662064391655613,-0.17777449386729718,0.12456812143739164,61.30652746159042,0.2184797402173155,0.21737057348783978,True,8,12,45,40,50,B,-20,0.0,0.0,24.75,24.75,Persistence
QBTS,D-Wave Quantum Inc. - Common Stock,Technology,Computer Hardware,United States,その他,20.760000228881836,6.037251072,406.7340764842987,1.7854310637815793,0.007878511075588034,0.22096751707793114,0.8258835970228169,-0.6938807229450686,0.0474518269559397,60.78483986723305,-0.05578851362459867,0.5364001609021972,False,68,40,45,85,35,C,-10,57.25,36.25,43.0,57.25,Acceleration
QCOM,QUALCOMM Incorporated - Common Stock,Technology,Semiconductors,United States,半導体,167.86000061035156,176.252993536,2199.2085656964873,0.1365946306657769,0.08771635957565606,-0.18959276018099547,0.5542859723602204,0.14864259474957442,0.29537522685120554,48.242851964209855,-0.12433558981891857,0.3288184909254309,True,45,14,34,25,61,B,0,43.6,20.35,37.150000000000006,43.6,Acceleration
QCRH,"QCR Holdings, Inc. - Common Stock",Financial Services,Banks - Regional,United States,その他,103.87000274658203,1.700068224,11.917005415115357,0.06509490048537228,-0.014929417420567283,0.1284065242192406,,-0.11483400700417701,0.06640833295911323,73.61115117463976,0.06801835184428512,0.013954752633495578,True,18,12,25,100,25,D,-25,6.0,1.5,18.75,18.75,Persistence
QLYS,"Qualys, Inc. - Common Stock",Technology,Software - Infrastructure,United States,ソフトウェア,183.47999572753906,6.347490304,152.15078645706177,0.10131161625554873,0.09579264795530049,0.13218697100197457,0.828480478236503,0.31347083189506386,0.04773528168235957,66.54461618631484,0.3593467053358707,0.0,True,46,26,65,85,25,D,0,49.75,34.75,62.0,62.0,Persistence
QNST,"QuinStreet, Inc. - Common Stock",Communication Services,Advertising Agencies,United States,その他,21.079999923706055,1.210948352,18.655378332481384,0.7826993353044919,0.056645953319187634,-0.0025339332312888357,0.10137138604256518,3.0,0.02365074099933427,69.18604264328957,0.43504839839703774,0.0,True,70,77,38,100,25,D,-5,65.0,70.25,45.900000000000006,70.25,Transition
QRVO,"Qorvo, Inc. - Common Stock",Technology,Semiconductors,United States,半導体,99.08000183105469,8.740999168,125.13952851264953,-0.010877740106066973,-0.013406265966946333,0.05606181881039357,0.4589083046238471,0.4023074605552598,0.2659222499351997,75.37993330658794,0.06229001101818974,0.08454219016979016,True,37,31,34,85,50,B,0,45.5,41.0,49.95,49.95,Persistence
QS,QuantumScape Corporation - Common Stock,Consumer Cyclical,Auto Parts,United States,その他,6.079999923706055,3.740082176,162.71247155822755,,,,,0.17236239689788066,0.05427487241582808,52.86144649693467,-0.1069199155374511,0.6702820093482836,False,2,30,10,85,55,B,-10,9.75,30.75,27.75,30.75,Transition
QUBT,Quantum Computing Inc. - Common Stock,Technology,Computer Hardware,United States,その他,9.180000305175781,2.070411264,80.90045098941803,0.8284182305630027,0.04189944134078212,1.6323529411764706,0.09824046920821114,-0.6622769562676974,0.0011167939119907098,62.42603617077426,-0.017183200827142107,0.6271324129872929,False,40,28,30,100,45,C,-10,39.5,30.5,40.5,40.5,Persistence
RBCAA,"Republic Bancorp, Inc. - Class A Common Stock",Financial Services,Banks - Regional,United States,その他,99.19000244140625,1.947570048,10.89701366821289,0.0848719782351125,0.06968978462754397,0.14751496462905858,,0.12513443676234373,0.07645063000732313,74.70449620288781,0.10480538819833186,0.014407759906955349,True,20,24,50,100,10,D,-25,6.0,9.0,29.5,29.5,Persistence
RCAT,"Red Cat Holdings, Inc. - Common Stock",Industrials,Aerospace & Defense,United States,防衛/宇宙,9.210000038146973,1.40169088,75.28272451181412,1.283527696793003,2.8599092717894647,-0.28124738002069694,0.03127992339610597,-4.080142144902938,0.06736042853436716,61.712438671727256,-0.08116843398431363,0.4694700625381799,False,25,10,18,100,35,C,-15,22.25,11.0,26.9,26.9,Persistence
REAL,"The RealReal, Inc. - Common Stock",Consumer Cyclical,Luxury Goods,United States,その他,12.300000190734863,1.496554752,42.0588666522026,0.15381092585314513,0.09317245095611902,-0.08979225939654643,0.7459417329994443,3.0,1.1325516523116717,60.05088200243296,0.1001985861823939,0.2721893213980708,True,65,39,32,100,33,D,-25,42.05,22.549999999999997,24.200000000000003,42.05,Acceleration
RELY,"Remitly Global, Inc. - Common stock",Technology,Software - Infrastructure,United States,ソフトウェア,24.420000076293945,5.141901312,75.61750703624725,0.29366682410798417,0.33853974170933565,0.4448329151110839,0.6020504578487439,2.0168274863143543,0.13170651115058274,53.181816112895994,0.10275190873275447,0.05823371427344067,True,39,66,97,85,57,B,0,47.7,67.95,86.0,86.0,Persistence
REYN,Reynolds Consumer Products Inc. - Common Stock,Consumer Cyclical,Packaging & Containers,United States,その他,26.520000457763672,5.590176768,30.754979330863954,0.0070365358592692825,-0.016240681576144837,-0.015981137018600995,0.24563289438323033,-0.14363143631436315,0.3411669367909238,54.29105506652058,0.06330942270720276,0.024282554819781522,True,18,0,21,85,60,B,0,32.25,18.75,44.8,44.8,Persistence
RGTI,"Rigetti Computing, Inc.  - Common stock",Technology,Computer Hardware,United States,その他,17.940000534057617,5.987811328,401.80856066147805,-0.3430954587581094,-0.1014323784143904,-0.08349870248816975,0.291196388261851,-0.25101660591332525,0.010751994527239286,64.60807688834294,-0.0327485004649682,0.6815761362181401,False,0,0,10,85,45,C,-10,7.25,7.25,25.75,25.75,Persistence
RIOT,"Riot Platforms, Inc. - Common Stock",Financial Services,Capital Markets,United States,その他,20.520000457763672,7.759663616,382.56791173439024,0.7188935320635697,0.34195768816936134,0.08298382149237377,0.3792813178156881,,0.22017000244108936,51.737670312902424,-0.14277834770831888,0.28476820927888863,True,66,40,34,85,61,B,-20,48.349999999999994,28.85,32.150000000000006,48.349999999999994,Acceleration
RIVN,"Rivian Automotive, Inc. - Class A Common Stock",Consumer Cyclical,Auto Manufacturers,United States,その他,16.0,23.165769728,416.72784,0.08390342052313883,0.12088407758231845,1.6743063932448734,0.026731019120103953,0.1288064403220161,0.44745694294940797,41.50685221420933,-0.03465585734508953,0.2873051467146112,False,12,60,22,65,73,A,-10,16.05,52.05,32.95,52.05,Transition
RJET,Republic Airways Holdings Inc. - Common Stock,Industrials,Airlines,United States,その他,21.389999389648438,1.001469056,2.3879795318603514,0.13738127544097695,0.03141837520117557,0.07677817962628089,0.2779600357888458,-1.6477611940298507,0.3739547091497284,66.12021193454635,0.12739152243942328,0.15621305452586737,True,26,21,18,100,50,B,-5,34.5,30.75,39.9,39.9,Persistence
RKLB,Rocket Lab Corporation - Common Stock,Industrials,Aerospace & Defense,United States,防衛/宇宙,82.83000183105469,51.75373824,1563.6925226172639,0.37959579472460764,0.7834352717995683,0.1592257673131244,0.3442694321525958,-1.7745962770406007,0.10925248593447646,68.60439910181461,-0.08522441777424115,0.4486453825021916,True,24,15,52,40,45,C,-10,18.5,11.75,37.6,37.6,Persistence
RMBS,"Rambus, Inc. - Common Stock",Technology,Semiconductors,United States,半導体,101.5199966430664,11.0110208,289.4294496295166,0.27128905688579724,0.20712096929846438,0.013905227213259659,0.795917357941297,0.6667016838250743,0.016332307973939964,50.62094365787276,-0.15524182459765262,0.4051330454435805,False,66,36,72,65,43,C,0,63.55,41.05,64.45,64.45,Persistence
ROAD,"Construction Partners, Inc. - Common Stock",Industrials,Engineering & Construction,United States,その他,119.73999786376953,6.769469952,167.39172741363527,0.5419556782238393,0.16650656071959416,0.20118247733303424,0.1561299494089653,0.2659782581779462,0.5215366166325394,69.18979208924004,0.09151236054407681,0.14763666354314783,True,44,34,67,85,65,A,0,52.25,44.75,71.1,71.1,Persistence
ROCK,"Gibraltar Industries, Inc. - Common Stock",Industrials,Building Products & Equipment,United States,その他,50.22999954223633,1.489918208,18.55772448087692,0.10958226780631235,-0.022577884580486304,-0.2467456038493028,0.26877211028435904,-0.23213605061875842,0.04138840114437182,63.279998779296875,0.1768371737552468,0.3264950615578982,True,35,2,25,100,33,D,-5,39.55,14.8,40.35,40.35,Persistence
ROKU,"Roku, Inc. - Class A Common Stock",Communication Services,Entertainment,United States,その他,153.11000061035156,22.724429824,426.6946052009583,0.15180366738975778,0.18030062971016345,0.11453097903301228,0.43789615538632004,1.246356533824137,0.1180390225923952,78.85600363229487,0.10943568520448753,0.0,True,27,56,64,65,10,D,0,31.0,52.75,53.45,53.45,Persistence
ROP,"Roper Technologies, Inc. - Common Stock",Technology,Software - Application,United States,ソフトウェア,402.25,39.782875136,349.60352,0.12264177747471304,0.13943475023471139,0.1500428161882423,0.6924391015501423,0.06721584436070459,0.2703907221563467,65.23857207690588,0.14056231602469701,0.24926412559895164,True,19,14,68,40,50,B,0,25.25,21.5,57.400000000000006,57.400000000000006,Persistence
ROST,"Ross Stores, Inc. - Common Stock",Consumer Cyclical,Apparel Retail,United States,その他,255.22999572753906,81.872953344,532.5386622354889,0.07673449738014453,0.036918102673016526,0.08991909371871128,0.2770614559404892,0.348664902338834,0.3352258128747049,75.73430100132964,0.10088485912760861,0.0,True,23,24,38,40,10,D,0,24.25,25.0,32.900000000000006,32.900000000000006,Persistence
RRR,"Red Rock Resorts, Inc. - Class A Common Stock",Consumer Cyclical,Resorts & Casinos,United States,その他,61.880001068115234,6.269865984,44.75935177259445,0.03737575495961601,0.12466025476687358,0.036242641782056106,0.624004776575293,0.1581462667538018,0.8261299958028093,40.425522772536745,-0.012454517426780505,0.07998811919777248,True,14,24,44,85,87,S,-20,11.950000000000003,19.450000000000003,42.85000000000001,42.85000000000001,Persistence
RUM,RUM Group Inc. - Class A Common Stock,Communication Services,Internet Content & Information,United States,その他,6.385000228881836,1.760625152,13.513182559404374,0.05376717267339553,0.17939871411854716,1.0557299200869057,-0.06719694994112638,0.1783122814092984,0.005683806440695334,59.78836503893918,-0.052909469694696745,0.345128181653145,False,12,60,30,100,63,B,-15,15.3,51.3,39.1,51.3,Transition
RUN,Sunrun Inc. - Common Stock,Technology,Solar,United States,その他,10.199999809265137,2.433202688,101.99097109282016,0.45113089685084157,-0.0982798134181899,-0.026539336665199174,0.3034490735026109,0.15730347772842287,0.6535357581905404,39.802630134235976,-0.17706763380964646,0.5235871143409634,False,48,85,12,100,33,D,-20,34.3,62.05,18.200000000000003,62.05,Transition
RUSHA,"Rush Enterprises, Inc. - Class A Common Stock",Consumer Cyclical,Auto & Truck Dealerships,United States,その他,80.08000183105469,6.223318528,40.48684732574463,-0.04747765013749326,-0.015176988738456817,0.11593808216940522,0.19647910769087978,1.4772148437290553,0.3255883712489866,67.33871629326399,0.08820022049845178,0.03238279647170934,True,12,12,26,85,52,B,0,26.95,26.95,45.949999999999996,45.949999999999996,Persistence
RUSHB,"Rush Enterprises, Inc. - Class B Common Stock",Consumer Cyclical,Auto & Truck Dealerships,United States,その他,79.04000091552734,6.142496256,8.423688097572327,-0.04747765013749326,-0.015176988738456817,0.11593808216940522,0.19647910769087978,1.4772148437290553,0.3255883712489866,67.01261932595506,0.0727907073885516,0.024679170501055586,True,12,12,26,85,40,C,0,25.75,25.75,43.55,43.55,Persistence
SAFT,"Safety Insurance Group, Inc. - Common Stock",Financial Services,Insurance - Property & Casualty,United States,その他,103.5,1.519429888,38.9661975,0.13006324922031076,0.19848997673730434,0.17945739248287712,,0.544296262930133,0.02503370957481421,94.72098613705067,0.30119738744268976,0.0,True,14,26,67,100,10,D,-25,1.5,10.5,38.85,38.85,Persistence
SAIA,"Saia, Inc. - Common Stock",Industrials,Trucking,United States,その他,364.2099914550781,9.7151744,194.36794613983153,0.007856471991608794,0.11370765865456528,0.03201080780227624,0.1597313904830927,1.059440475802155,0.08757448643731654,27.67787445703324,-0.15101774333437418,0.2523504936913802,False,12,25,42,85,24,D,0,24.15,33.9,49.150000000000006,49.150000000000006,Persistence
SAIC,Science Applications International Corporation - Common Stock,Technology,Information Technology Services,United States,その他,126.54000091552734,5.3497088,54.52482099449158,-0.02901457414092793,0.004701773240193444,-0.03374870197300104,0.12007711374277058,0.259825327510917,0.5014942099364961,74.38511093054808,0.11807811094900808,0.0,True,5,12,22,85,10,D,0,17.5,22.75,35.35,35.35,Persistence
SAIL,"SailPoint, Inc. - Common Stock",Technology,Software - Infrastructure,United States,ソフトウェア,18.65999984741211,10.58363392,63.75338227867127,0.24350315861798422,0.23162590841257225,0.554483540169098,0.6447458316844251,1.4313506484846463,0.002379842688989269,80.76923142539869,0.1978661659542976,0.2103258353731256,True,51,48,97,65,35,C,0,51.5,49.25,76.6,76.6,Persistence
SANM,Sanmina Corporation - Common Stock,Technology,Electronic Components,United States,半導体,202.72999572753906,10.865792,177.0025456197357,0.07399969980159422,-0.1529616852645895,0.12821647295792651,0.08813033147310252,1.066911511033281,0.051291417989875,50.312137214768626,-0.1073748223492137,0.2829301257349688,True,30,24,30,65,73,A,0,39.55,35.05,47.35,47.35,Persistence
SBCF,Seacoast Banking Corporation of Florida - Common Stock,Financial Services,Banks - Regional,United States,その他,34.54999923706055,3.345227776,36.22653795003891,0.2662539120176795,-0.09163506006429417,0.31263866300523074,,0.017166283803761912,0.045472888804999785,61.904712475747345,0.06377976354228615,0.023459632730274065,True,29,29,45,85,40,C,-20,18.5,18.5,34.0,34.0,Persistence
SBET,"Sharplink, Inc. - Common Stock",Financial Services,Capital Markets,United States,その他,6.429999828338623,1.35198848,51.10065538576841,3.0,-0.2606090586495313,0.41914005595498843,0.9322045981108537,0.23067145862552596,,55.51330502045867,0.13176327067970808,0.7311872990037692,False,73,44,23,100,35,C,-35,38.25,16.5,9.649999999999999,38.25,Acceleration
SBGI,"Sinclair, Inc. - Class A Common Stock",Communication Services,Broadcasting,United States,その他,14.199999809265137,1.024751296,7.782309895467758,-0.1068207440811725,0.13209955328653478,-0.20213849287169042,0.4632376143893973,3.0,0.7596234661287611,51.3157812181978,0.011179934271866952,0.1433152454521677,False,20,12,28,100,90,S,-15,24.0,18.0,43.400000000000006,43.400000000000006,Persistence
SBUX,Starbucks Corporation - Common Stock,Consumer Cyclical,Restaurants,United States,その他,105.58000183105469,120.36120576,848.7417977195739,0.027869151541621288,0.0055760015121360034,0.11551210376337584,0.22771108314239305,-0.2640366474789789,0.8310977304596857,53.287808857140625,0.03005683340350948,0.025745140212385387,True,18,0,27,25,75,A,-40,0.0,0.0,0.0,0.0,Acceleration
SCSC,"ScanSource, Inc. - Common Stock",Technology,Electronics & Computer Distribution,United States,その他,54.95000076293945,1.116832768,11.009507402858734,-0.06718154345852778,-0.1393745737872457,0.07302854018558415,0.13438721919488558,-0.7133977063664305,0.08238435578733494,52.60073041005359,0.05652354497795811,0.0669043754040444,True,18,0,25,100,72,A,-5,30.700000000000003,17.2,48.15,48.15,Persistence
SEIC,SEI Investments Company - Common Stock,Financial Services,Asset Management,United States,その他,104.69999694824219,12.566007808,84.4237955392456,0.08104365289807641,0.10696882424303036,-0.035782358640246266,0.5349526264907736,-0.019058745760255364,0.008761768968085589,69.61000231857437,0.11081198034471111,0.0005727871970663973,True,8,12,33,65,25,D,-20,0.0,1.25,19.400000000000006,19.400000000000006,Persistence
SENEA,Seneca Foods Corp. - Class A Common Stock,Consumer Defensive,Packaged Foods,United States,その他,178.82000732421875,1.21069312,19.2267271875,0.05116768964466741,0.08246520814779622,-0.03362303823097594,0.1393128172684411,-0.3958658843252305,0.22630429939138838,69.62428752850663,0.08926069624880055,0.028046464415413284,True,3,19,25,100,40,C,-25,0.0,8.25,21.75,21.75,Persistence
SEZL,Sezzle Inc. - Common Stock,Financial Services,Credit Services,United States,その他,118.0199966430664,3.968660736,93.01923065418244,0.6607617066477826,0.7013898850812565,0.26906277250392074,0.7006145078939946,0.6040066881347536,0.3518360738477222,29.82127478571269,-0.2384627531735034,0.3740652626207097,True,49,48,83,85,34,D,-20,32.9,32.15,53.7,53.7,Persistence
SFD,"Smithfield Foods, Inc. - Common Stock",Consumer Defensive,Packaged Foods,United States,その他,25.399999618530273,9.99432192,29.515688556718825,0.09821807382265592,-0.03401639344262295,-0.0962405086733749,0.13450518318202306,-0.08767471410419314,0.1967643918863431,44.834710906644744,-0.00885013242157862,0.13081894713221615,True,30,12,25,85,100,S,-20,25.25,11.75,35.0,35.0,Persistence
SFM,"Sprouts Farmers Market, Inc. - Common Stock",Consumer Defensive,Grocery Stores,United States,その他,85.86000061035156,8.00624128,185.93927592178343,0.14079908903539057,0.12898295605453783,0.06763677654572615,0.38795449866394643,0.12750006629077787,0.4673017607400865,73.72417556816646,0.04928435089352728,0.4316165629683143,True,41,26,46,85,40,C,-20,27.5,16.25,34.55,34.55,Persistence
SFNC,Simmons First National Corporation - Common Stock,Financial Services,Banks - Regional,United States,その他,23.459999084472656,3.390293504,38.92752838085175,-0.8768810226155359,-0.024048519279120203,-0.10694758204125288,,0.0813506302327721,0.025262626107453293,64.50507301945233,0.039466508814777375,0.027363255878797014,True,2,12,30,85,55,B,-20,0.0,7.25,28.75,28.75,Persistence
SHLS,"Shoals Technologies Group, Inc. - Class A Common Stock",Technology,Solar,United States,その他,8.930000305175781,1.502918656,56.491673080558776,0.19068505641169517,-0.1835218708264221,0.49550070349299563,0.35029905476394346,-1.2219042989096465,0.19401704013157822,44.3902469659974,-0.11759762473588323,0.3007047779903028,True,27,14,22,100,73,A,-5,37.55,27.799999999999997,46.7,46.7,Persistence
SHOO,"Steven Madden, Ltd. - Common Stock",Consumer Cyclical,Footwear & Accessories,United States,その他,48.58000183105469,3.554943488,51.44379293899536,0.11002629519034117,0.15207293970171307,-0.0661764394024719,0.41413727665226713,-0.30574091819844934,0.25395384262570153,67.66467217847602,0.11165635272092626,0.009985691192519306,True,9,2,25,85,25,D,0,22.0,16.75,40.0,40.0,Persistence
SIGI,"Selective Insurance Group, Inc. - Common Stock",Financial Services,Insurance - Property & Casualty,United States,その他,96.2300033569336,5.73233664,56.98981373806,0.09783938814924857,0.14865884377714997,0.1894517362537793,,0.11711119300930334,0.059507142852429876,48.72565055762082,0.023616719621615972,0.039141269188422124,True,2,24,50,85,87,S,-20,2.950000000000003,19.450000000000003,46.150000000000006,46.150000000000006,Persistence
SIRI,SiriusXM Holdings Inc. - Common Stock,Communication Services,Entertainment,United States,その他,29.90999984741211,10.081670144,121.3515991309166,-0.016208759627543395,-0.028370378644029935,-0.005553704320781961,0.4704370179948586,0.22902270483711748,0.3563534897382237,46.02075995159253,0.01540591334199618,0.08223382303246074,True,31,47,34,65,100,S,0,43.0,55.0,54.95,55.0,Transition
SITM,SiTime Corporation - Common Stock,Technology,Semiconductors,United States,半導体,725.280029296875,21.726140416,364.4459619213867,0.6115680054465532,0.40768648475967584,-0.4922762292625306,0.5356823608645075,3.0,0.002788292877340602,66.77711531194885,0.13551432789756424,0.1954563107216811,True,78,83,46,65,50,B,0,73.25,77.0,51.55,77.0,Transition
SKWD,"Skyward Specialty Insurance Group, Inc. - Common Stock",Financial Services,Insurance - Property & Casualty,United States,その他,63.66999816894531,2.581376768,31.332961148910524,0.23660684722866035,0.2817424109590877,0.4069704040665928,,0.3314522534738493,0.025038335908538076,58.1140335283486,0.14555180881670202,0.029864378584452567,True,14,29,85,100,45,C,-20,10.0,21.25,60.75,60.75,Persistence
SKYW,"SkyWest, Inc. - Common Stock",Industrials,Airlines,United States,その他,111.83999633789062,4.342559744,52.95008706619263,0.15031009773464252,0.20184013801035078,-0.02312636754661098,0.2337520409284703,-0.21192933126108662,0.33495039227624196,64.67135940030818,0.1512805380036923,0.09602331688972306,True,5,14,29,85,50,B,0,21.5,28.25,47.2,47.2,Persistence
SLAB,"Silicon Laboratories, Inc. - Common Stock",Technology,Semiconductors,United States,半導体,219.2100067138672,7.229945856,59.49798002227783,0.3428863798927421,-0.25294979405771495,-0.236155241742554,0.5823190156531135,3.0,,67.96124559272317,0.004399576098216579,0.005128390863230307,True,62,73,28,85,55,B,0,64.75,73.0,47.650000000000006,73.0,Transition
SLDE,"Slide Insurance Holdings, Inc. - Common Stock",Financial Services,Insurance - Property & Casualty,United States,その他,21.1299991607666,2.468231424,23.02134538564682,0.36499987010134455,0.8073847992657888,0.9326244060190074,,0.46115837130699266,0.014848901734302108,50.600789066441145,0.10115740097135185,0.04561880111677247,True,19,32,75,100,57,B,-20,14.950000000000003,24.700000000000003,57.650000000000006,57.650000000000006,Persistence
SLM,SLM Corporation - Common Stock,Financial Services,Credit Services,United States,その他,27.3700008392334,5.145560064,77.22418366788864,0.07319596549579514,0.021953442408760376,-0.007727242065592165,,,0.19702988220885997,67.4657722153999,0.12254006321301936,0.15512178929201922,True,30,12,10,85,50,B,-30,10.25,0.0,6.75,10.25,Acceleration
SMCI,"Super Micro Computer, Inc. - Common Stock",Technology,Computer Hardware,United States,その他,31.1299991607666,20.137156608,1364.0429407767772,0.4658532304249225,1.1042028322665798,0.370928844889214,0.11059154174200105,1.587035499651183,0.34089711479082285,65.92495332738272,-0.02278394226531499,0.46949558624966764,False,26,33,64,65,45,C,0,33.75,39.0,60.45,60.45,Persistence
SMTC,Semtech Corporation - Common Stock,Technology,Semiconductors,United States,半導体,139.4199981689453,12.987136,312.2533930990601,0.15472342615697793,0.04665165673294519,0.1483411827375673,0.516339912855068,2.7767043508050704,0.3526086318376388,56.67389669164496,-0.029078898011851075,0.20208320507060235,True,46,39,54,65,100,S,0,54.25,49.0,65.95,65.95,Persistence
SNDK,Sandisk Corporation - Common Stock When-Issued,Technology,Computer Hardware,United States,その他,1212.2099609375,176.982654976,20665.04627123535,0.10385712141677923,0.09480775550443642,,0.3007477906186268,0.7473684210526316,0.15725837504813245,44.312063442193,-0.28190646367486666,0.48085226512312634,True,28,36,14,25,45,C,0,29.25,35.25,22.950000000000003,35.25,Transition
SNEX,StoneX Group Inc. - Common Stock,Financial Services,Capital Markets,United States,その他,65.83999633789062,7.941405696,73.11646813316345,0.3252689517638791,0.6413769531731413,-0.07844054758010782,0.019510765367711604,3.0,0.40908809755235487,41.0642176457067,-0.16708839481509172,0.2895475455053105,True,26,32,30,85,61,B,-20,18.35,22.85,29.950000000000003,29.950000000000003,Persistence
SNPS,"Synopsys, Inc. - Common Stock",Technology,Software - Infrastructure,United States,ソフトウェア,415.989990234375,79.653486592,838.1865511230469,0.15124466416295496,0.15220381142283568,0.15215414126611831,0.7698457566565516,0.06439694870886584,0.29639352526926116,67.35411434230554,-0.04304736488005644,0.3352668610597744,False,22,14,86,40,53,B,0,27.8,21.8,67.9,67.9,Persistence
SOFI,"SoFi Technologies, Inc.  - Common Stock",Financial Services,Credit Services,United States,その他,18.3799991607666,23.739060224,1496.132574986372,0.383185662520451,0.2391250418007651,0.33979542876389784,,-2.111656786845189,0.03818805262753344,58.0493490134904,0.05403200370193071,0.42936977077944183,False,32,8,65,65,50,B,-30,8.75,0.0,32.0,32.0,Persistence
SONO,"Sonos, Inc. - Common Stock",Technology,Consumer Electronics,United States,その他,15.640000343322754,1.850117888,35.448920978159904,-0.04926036984142877,-0.08288692678771549,-0.055400904849298306,0.43687416682602637,-0.19654089217950527,0.07242146638195117,52.22222457697326,0.048918245338057324,0.18371605073706682,True,22,0,29,100,100,S,-5,36.5,20.0,55.95,55.95,Persistence
SOUN,"SoundHound AI, Inc. - Class A Common Stock",Technology,Software - Application,United States,ソフトウェア,8.020000457763672,3.494107136,321.1938003330231,0.9944977743142881,0.8462494277679681,0.47364194159786693,0.4235792090930618,0.05838309684252817,0.006122007111583861,70.552884491392,0.16727560271732575,0.6252336167885186,False,68,70,59,85,0,D,-10,53.75,55.25,43.7,55.25,Transition
SPSC,"SPS Commerce, Inc. - Common Stock",Technology,Software - Application,United States,ソフトウェア,73.37999725341797,2.641692928,45.78948518611908,0.1783415521391108,0.187843400197426,0.19081785417244249,0.6917798284775217,0.10858232861552798,0.006147749429632118,60.81309490217702,0.20638006210042145,0.36643069032319137,True,19,26,87,100,33,D,0,32.55,37.8,79.44999999999999,79.44999999999999,Persistence
SRCE,1st Source Corporation - Common Stock,Financial Services,Banks - Regional,United States,その他,88.01000213623047,2.119441536,12.591591005630493,0.12051435715687997,0.04834944620467409,0.04098598656446716,,0.17383710038239863,0.022137606057025357,68.44433550829982,0.08428603299381465,0.030940294737238257,True,37,26,42,100,52,B,-20,27.950000000000003,19.700000000000003,38.5,38.5,Persistence
SSNC,"SS&C Technologies Holdings, Inc. - Common Stock",Technology,Software - Application,United States,ソフトウェア,79.2300033569336,18.591715328,164.43196821689605,0.06633798027881672,0.06891037290106855,0.04160514858981639,0.4817448423200791,0.2729278841910142,0.3691922922792431,71.73525847149962,0.14250348749917466,0.1110444276837062,True,13,24,46,65,35,C,0,23.0,31.25,48.55,48.55,Persistence
STBA,"S&T Bancorp, Inc. - Common Stock",Financial Services,Banks - Regional,United States,その他,50.869998931884766,1.793927296,14.643692242527008,0.0474876852423487,-0.056853303196324596,0.08819330449521712,,-0.24398730277942393,0.026876054859801154,57.06804688081223,0.040912101699133153,0.04666419883780416,True,18,12,25,100,87,S,-25,12.200000000000003,7.700000000000003,31.150000000000006,31.150000000000006,Persistence
STEP,StepStone Group Inc. - Class A Common Stock,Financial Services,Asset Management,United States,その他,46.40999984741211,5.990785536,67.48849357810974,0.6969289173752798,0.6508977264902738,3.0,0.4544249782930704,0.06740990840409172,0.19302299583805407,60.3688882862794,0.05529666415898063,0.3761915890869421,False,46,22,76,85,38,C,-20,31.049999999999997,13.049999999999997,50.650000000000006,50.650000000000006,Persistence
STGW,Stagwell Inc. - Class A Common Stock,Communication Services,Advertising Agencies,United States,その他,9.170000076293945,2.241839872,13.8673784653759,0.023857390638374554,0.12426474283360445,-0.05975722823789936,0.3654321072533517,1.0235445060943356,0.38101271619464677,80.76923846429072,0.23855318391431024,0.0,True,16,24,30,100,10,D,0,28.0,34.0,43.5,43.5,Persistence
STLD,"Steel Dynamics, Inc. - Common Stock",Basic Materials,Steel,United States,その他,262.45001220703125,37.616459776,310.6542059490967,0.03627006012979187,-0.06676801815941802,-0.1556755394039758,0.13160797401887628,3.0,0.2564689051863058,77.45706627850242,0.04869418595935732,0.06972264848103427,True,42,25,26,40,52,B,0,42.7,29.95,34.7,42.7,Acceleration
STRA,"Strategic Education, Inc. - Common Stock",Consumer Defensive,Education & Training Services,United States,その他,84.87999725341797,1.929355648,28.956386663017273,0.039584238439910484,0.07679773753579235,0.06329917032698877,0.4897486240557632,0.19568780048310305,0.05352899624240878,67.23291428782088,0.06667199105043316,0.03127146093670886,True,13,24,50,100,52,B,-5,24.95,33.2,57.9,57.9,Persistence
STRL,"Sterling Infrastructure, Inc. - Common Stock",Industrials,Engineering & Construction,United States,その他,547.0599975585938,16.733754368,491.89173210479737,0.1769074505755862,0.0727740034245516,0.11460883580982867,0.22984045695486313,-0.1284969362008891,0.13285362652349372,39.64090851088163,-0.2643574453716708,0.44949382843134966,True,26,21,45,65,35,C,0,32.75,29.0,48.0,48.0,Persistence
SWKS,"Skyworks Solutions, Inc. - Common Stock",Technology,Semiconductors,United States,半導体,70.62000274658203,10.626387968,412.7707381536484,-0.02180469123982767,-0.12454949291760958,-0.1299972655181843,0.41158335168465093,-0.34460282651072127,0.15196412782619678,70.50796046656133,0.047957987154557506,0.15344037045457912,True,34,0,29,65,65,A,0,41.75,16.25,45.2,45.2,Persistence
SYBT,"Stock Yards Bancorp, Inc. - Common Stock",Financial Services,Banks - Regional,United States,その他,83.58000183105469,2.596663552,16.93748737106323,0.1288495195706851,0.036046124148531526,0.06666730711344233,,0.15775071417831904,0.03427031779368641,58.60148754415468,0.07891426597036905,0.05055091457400712,True,25,26,42,100,72,A,-20,20.950000000000003,21.700000000000003,42.5,42.5,Persistence
SYM,Symbotic Inc. - Class A Common Stock,Industrials,Specialty Industrial Machinery,United States,その他,40.18000030517578,24.323557376,66.20780090286254,0.25654199048305565,0.5194091891262658,0.9835954775902055,0.18808396553151377,3.0,,48.6729244945331,-0.0639073106608098,0.5397480080114757,False,24,30,58,65,55,B,0,33.25,37.75,59.150000000000006,59.150000000000006,Persistence
SYNA,Synaptics Incorporated - Common Stock,Technology,Semiconductors,United States,半導体,106.19000244140625,4.148065536,77.61002518432618,,0.11976235146966854,-0.29200796989152095,,3.0,0.3405819532580096,42.94689008078329,-0.14379887018209378,0.2804093164534345,True,12,25,26,85,61,B,0,27.85,37.6,47.75,47.75,Persistence
TBBK,"The Bancorp, Inc. - Common Stock",Financial Services,Banks - Regional,United States,その他,69.63999938964844,2.840393216,31.36864132507324,0.31619900702190723,0.1723329811069263,0.2866434994527874,,0.2584849588175672,0.023883217454296612,56.61925145117104,0.11472868418700617,0.13318393622076585,True,37,32,85,100,70,A,-20,29.75,26.0,65.75,65.75,Persistence
TBLA,Taboola.com Ltd. - Ordinary Shares,Communication Services,Internet Content & Information,United States,その他,4.099999904632568,1.10763712,11.737664226977826,0.08256049642739863,0.2268100313610269,0.027502408735681404,0.297854647392314,0.09565881911299405,0.12056485151620752,29.867980618062845,-0.17037638482093284,0.265232981955046,False,2,47,50,100,24,D,-5,13.899999999999999,47.65,52.3,52.3,Persistence
TCBI,"Texas Capital Bancshares, Inc. - Common Stock",Financial Services,Banks - Regional,United States,その他,99.33000183105469,4.318308864,49.549281463394166,0.3469023302507867,-0.13313845484416229,0.10113118767026939,,-0.16294398273798485,0.02918728607113559,33.253015296786586,-0.02006038385514853,0.0780582531971901,True,32,20,33,85,77,A,-20,24.450000000000003,15.450000000000003,34.800000000000004,34.800000000000004,Persistence
TCBK,TriCo Bancshares - Common Stock,Financial Services,Banks - Regional,United States,その他,57.27000045776367,1.841266688,35.20845088142395,0.058076514483116966,-0.054403716585994695,0.021392778974408663,,0.2166524013314313,0.008168243270278352,29.43090933676386,0.04559587136741806,0.07059393945997332,True,23,24,30,100,60,B,-25,13.25,14.0,28.5,28.5,Persistence
TENB,"Tenable Holdings, Inc. - Common Stock",Technology,Software - Infrastructure,United States,ソフトウェア,36.380001068115234,4.0068928,134.75061445627213,0.11042409010456422,0.12684328479673473,0.16908741479322767,0.7809326549296831,0.20986758746094847,0.23727746761825907,44.70859676405851,0.10701334841079305,0.14701055646994993,True,25,32,75,85,70,A,0,38.5,43.75,76.5,76.5,Persistence
TER,"Teradyne, Inc. - Common Stock",Technology,Semiconductor Equipment & Materials,United States,半導体,379.30999755859375,59.301609472,1447.00315798645,0.13126232321942777,0.05364948148524566,-0.1517401495065839,0.582235431457569,-0.04993872355146062,0.06770223436806444,60.56011000872214,-0.008289054845467481,0.21604249249848734,True,46,14,33,40,80,S,0,48.5,24.5,44.150000000000006,48.5,Acceleration
TFSL,TFS Financial Corporation - Common Stock,Financial Services,Banks - Regional,United States,その他,17.59000015258789,4.933576192,17.335824650382996,0.060410344372608525,-0.006019751078702671,0.047376373626373626,,-0.1703376356154134,0.2807320284531971,38.81121679317836,0.014713126101840246,0.054809265142974274,True,18,12,21,85,77,A,-20,13.950000000000003,9.45,28.199999999999996,28.199999999999996,Persistence
TH,Target Hospitality Corp. - Common Stock,Industrials,Specialty Business Services,United States,その他,16.510000228881836,1.644156032,16.24460197520256,-0.1699243020462265,-0.3146442208059502,0.1227586481667779,0.1330453631075834,-0.9481022144262997,0.020173329183994868,51.090916720303625,-0.056161516713030775,0.19541911010848279,True,18,0,25,100,90,S,-5,32.5,19.0,51.75,51.75,Persistence
THRM,Gentherm Inc - Common Stock,Consumer Cyclical,Auto Parts,United States,その他,41.2599983215332,1.266896768,22.676701377506255,0.029171966123764183,-0.008816426107294653,0.2194983464159063,0.24167590861349444,0.6925686180286627,0.17675370534413135,61.908747761918775,0.10735962845640282,0.09537387043645623,True,27,12,30,100,50,B,-5,35.25,24.0,46.5,46.5,Persistence
TILE,"Interface, Inc. - Common Stock",Consumer Cyclical,"Furnishings, Fixtures & Appliances",United States,その他,38.290000915527344,2.222971648,15.30527916595459,0.05411436710756139,0.04293308431721651,-0.028061073148632543,0.3874813066119433,0.061687688630693814,0.2192517003419747,84.13569310453487,0.16374340872150525,0.0,True,36,24,34,100,10,D,0,43.0,34.0,45.7,45.7,Persistence
TLN,Talen Energy Corporation - Common Stock,Utilities,Utilities - Independent Power Producers,United States,電力/エネルギー,347.7099914550781,16.660267008,257.1193688313293,0.26676314520019295,-0.14054726368159204,0.3588732394366197,0.3811881188118812,3.0,0.6245758826226502,45.58627206223068,-0.06827773553474518,0.22010139442142446,False,43,17,39,65,80,S,-10,40.0,20.5,43.7,43.7,Persistence
TMUS,"T-Mobile US, Inc. - Common Stock",Communication Services,Telecom Services,United States,その他,177.19000244140625,190.066688,898.1991570758057,0.08487714987714988,0.03617709208482904,-0.012730768747407976,0.6288713494660794,0.5454818673612503,0.5577023951249105,36.91674487945204,-0.027316802484643972,0.3030040515510518,False,51,12,34,25,63,B,0,48.3,19.05,37.550000000000004,48.3,Acceleration
TOWN,Towne Bank - Common Stock,Financial Services,Banks - Regional,United States,その他,37.459999084472656,3.420025088,26.38757255508423,0.2046722530247398,-0.0033655923269679425,0.011661246896744642,,1.6102403472641846,0.017083160189077844,58.73543702415447,0.044403992496612636,0.03353971345087312,True,39,29,30,85,87,S,-20,30.700000000000003,23.200000000000003,35.150000000000006,35.150000000000006,Persistence
TPG,TPG Inc. - Class A Common Stock,Financial Services,Asset Management,United States,その他,48.9900016784668,18.827462656,118.9852014266014,0.2703070070802288,0.3954778973967287,0.2254890655272615,,0.9911966905746853,0.1341992679872837,71.93878132633046,0.14582021611250273,0.27811777130430404,True,18,29,85,65,18,D,-20,5.050000000000001,13.299999999999997,46.60000000000001,46.60000000000001,Persistence
TRIP,"TripAdvisor, Inc. - Common Stock",Consumer Cyclical,Travel Services,United States,その他,10.779999732971191,1.254373376,37.6417647675848,0.030517711171662125,0.026286353467561523,0.19839142091152814,0.923320994182972,1.3285714285714285,0.4765714285714286,27.227101676157332,-0.18152278033087832,0.43678160518639403,False,45,24,49,100,16,D,-5,45.35,29.6,50.150000000000006,50.150000000000006,Persistence
TRMB,Trimble Inc. - Common Stock,Technology,Scientific & Technical Instruments,United States,その他,59.5099983215332,13.87246592,147.46577584075928,-0.02606358428583064,-0.030378813804722668,0.033294344857601396,0.6907423410364341,-0.2750100441944556,0.14950601374570446,66.89913667931069,0.11383540844805617,0.29548955295921514,False,33,7,37,65,23,D,0,36.8,17.3,41.2,41.2,Persistence
TRMK,Trustmark Corporation - Common Stock,Financial Services,Banks - Regional,United States,その他,47.41999816894531,2.761062144,22.746424721679688,0.5073409461663948,-0.2285324706121481,0.1010464398478923,,1.5320451869962872,0.02634211053181917,58.71365550907217,0.031820491574927244,0.022671110437764812,True,48,34,38,100,75,A,-20,38.5,28.0,40.900000000000006,40.900000000000006,Persistence
TROW,"T. Rowe Price Group, Inc. - Common Stock",Financial Services,Asset Management,United States,その他,114.0199966430664,24.32227328,241.91166607772828,0.031183038231645428,0.09799551118334494,-0.00429998150545589,0.5127002788866408,0.17192204088100144,0.03118158111255212,45.568708910214575,0.01669149796541211,0.06295203519804354,True,10,12,38,65,87,S,-20,5.950000000000003,7.450000000000003,34.55000000000001,34.55000000000001,Persistence
TRS,TriMas Corporation - Common Stock,Consumer Cyclical,Packaging & Containers,United States,その他,40.2400016784668,1.443564672,17.668177536964418,0.023652504755865566,-0.03273786705512535,-0.26213185793648097,0.21396270829461686,3.0,0.34010289007999567,52.15920846957191,-0.021717685155777825,0.10549884582137477,True,42,24,26,100,100,S,-5,51.5,38.0,54.3,54.3,Persistence
TRUP,"Trupanion, Inc. - Common Stock",Financial Services,Insurance - Property & Casualty,United States,その他,26.989999771118164,1.17731648,11.813792799816131,0.11948581455474284,0.15973137411431484,0.22473566001862616,0.16050176995146964,0.9537735604469679,0.12216243153334704,50.9712507639767,0.09764528195994616,0.4672325335094349,False,14,49,67,100,50,B,-25,5.5,31.75,46.849999999999994,46.849999999999994,Persistence
TSCO,Tractor Supply Company - Common Stock,Consumer Cyclical,Specialty Retail,United States,その他,34.560001373291016,18.007148544,383.7908888504791,0.04305617510068882,0.022499026329198906,0.02471179116064051,0.3642418993089817,0.16285011652229628,0.5435402850220863,72.85408946202125,0.12047002148053679,0.4389589529013821,False,24,12,38,65,0,D,0,27.75,18.75,37.150000000000006,37.150000000000006,Persistence
TSLA,"Tesla, Inc.  - Common Stock",Consumer Cyclical,Auto Manufacturers,United States,その他,328.5799865722656,1297.742299136,12941.405349937133,-0.029306991503736307,0.009475783534663594,0.18795266504627925,0.18026511436616155,0.7369449874336778,0.10680957287781374,34.91571670282492,-0.13631814699933872,0.3292643437225664,False,9,12,30,10,41,C,0,12.350000000000001,14.600000000000001,27.200000000000003,27.200000000000003,Persistence
TTAN,"ServiceTitan, Inc. - Class A Common Stock",Technology,Software - Application,United States,ソフトウェア,85.83000183105469,8.187974144,114.52511719322204,0.2449700600353942,0.2564325024701265,0.31344097286064304,0.7011067000359014,3.0,0.02943972603760221,58.45500632609773,0.15433189704258443,0.28247784768164824,True,39,49,97,85,53,B,0,47.3,54.8,85.19999999999999,85.19999999999999,Persistence
TTD,"The Trade Desk, Inc. - Class A Common Stock",Communication Services,Advertising Agencies,United States,その他,13.800000190734863,6.487495168,343.5127097478151,0.18465611733489964,0.25625912071198076,0.23344287439115982,0.7862547319254604,0.23808575033918727,0.07091084017798811,29.900329120715966,-0.2706593608678318,0.750722542655564,False,28,26,100,85,8,D,0,34.55,33.05,77.85,77.85,Persistence
TTEK,"Tetra Tech, Inc. - Common Stock",Industrials,Engineering & Construction,United States,その他,35.439998626708984,9.074213888,102.34079283432007,0.0469178804846385,0.14950171916286167,0.2906643972913613,0.1766335513055365,0.2891568033872327,0.2305270640567151,69.57747442449059,0.17448992940108446,0.16470824749618357,True,5,12,57,85,50,B,0,21.5,26.75,62.6,62.6,Persistence
TTMI,"TTM Technologies, Inc. - Common Stock",Technology,Electronic Components,United States,半導体,137.2100067138672,14.454918144,415.3086204216003,0.18978259365560088,0.09414543886028952,-0.10520006444770959,0.20702497466749473,-1.0133515785358225,0.26779280223501567,52.06713427792473,-0.15163480004551708,0.38045782292143354,True,38,14,6,65,61,B,0,44.35,26.35,31.75,44.35,Acceleration
TTWO,"Take-Two Interactive Software, Inc. - Common Stock",Communication Services,Electronic Gaming & Multimedia,United States,ソフトウェア,246.5,46.090682368,485.7664575,0.18155353592729337,0.05308808135187677,-5.607581450120563e-05,0.5723363980530016,3.0,0.3152762383834939,56.09006099810909,0.047655801026197944,0.06020057200241218,True,65,59,34,40,87,S,0,63.45,58.95,46.10000000000001,63.45,Acceleration
TW,Tradeweb Markets Inc. - Class A Common Stock,Financial Services,Capital Markets,United States,その他,102.62000274658203,22.168819712,181.91088716876985,0.18915970286491662,0.28973583546489773,0.12570692162812158,0.6731526401156873,0.3160957481529834,0.01699334896869269,53.30293733092443,0.027099592181883105,0.23882027577792442,False,22,26,89,65,90,S,-20,15.25,18.25,63.2,63.2,Persistence
TXN,Texas Instruments Incorporated - Common Stock,Technology,Semiconductors,United States,半導体,286.0799865722656,261.26188544,2348.798222554474,0.13049037785307846,-0.10719789942348308,-0.12527461553824645,0.5702409229725144,0.7376502002670227,0.40618765360705505,52.232537019752286,-0.02567129067058894,0.1346312323064444,True,52,26,30,25,100,S,0,52.75,33.25,42.75,52.75,Acceleration
TXRH,"Texas Roadhouse, Inc. - Common Stock",Consumer Cyclical,Restaurants,United States,その他,208.0,13.671759872,184.912,0.09393482479772328,0.16012791924816783,0.15361530332243314,0.1593309033994973,-0.1583243172847669,0.27441349023178657,66.3783645243185,0.1106855296942622,0.012673841515886502,True,0,0,41,65,25,D,-20,0.0,0.0,23.799999999999997,23.799999999999997,Persistence
UCTT,"Ultra Clean Holdings, Inc. - Common Stock",Technology,Semiconductor Equipment & Materials,United States,半導体,87.25,3.950420736,129.54225625,-0.020785659801678107,0.20933986739694435,-0.26946889609569136,0.15720545277507303,3.0,0.37807981492192017,47.33419912240772,-0.12041050680584924,0.3881057420518711,True,12,12,26,85,61,B,0,27.85,27.85,47.75,47.75,Persistence
UFPI,"UFP Industries, Inc. - Common Stock",Basic Materials,Lumber & Wood Production,United States,その他,94.04000091552734,5.18738688,45.590592443847655,-0.04990237224398326,-0.07842129207867024,-0.25017350112016123,0.16773614976275814,-0.32643914042754396,0.0887023343648464,69.56915883226297,0.091025266738268,0.18014684045196844,True,30,0,25,85,65,A,0,41.75,19.25,48.0,48.0,Persistence
ULCC,"Frontier Group Holdings, Inc. - Common Stock",Industrials,Airlines,United States,その他,7.380000114440918,1.698992512,32.39746250238419,-0.013509933774834438,0.051825020897185846,0.07907396271797955,0.0037593984962406013,-2.949367088607595,0.7566481994459834,63.70023667653172,0.0961427274026868,0.08436727912827073,True,0,0,0,100,65,A,-25,0.0,0.0,13.0,13.0,Persistence
ULTA,"Ulta Beauty, Inc. - Common Stock",Consumer Cyclical,Specialty Retail,United States,その他,565.1500244140625,24.295411712,318.8124317724609,0.09713169330434519,0.007883341781693597,0.097831725861971,,0.10766408026991735,0.31175444266235997,81.27080701564958,0.17055061188488313,0.20043289867595973,True,20,12,38,65,35,C,0,28.25,22.25,44.150000000000006,44.150000000000006,Persistence
UMBF,UMB Financial Corporation - Common Stock,Financial Services,Banks - Regional,United States,その他,145.60000610351562,11.058325504,90.43216379089355,0.6565526691640903,0.10630054581752332,-0.024668318332014157,,3.0,0.0034776409419694536,52.161387449108624,0.04129912526893384,0.018404878944506996,True,60,34,38,65,75,A,-20,42.25,22.75,32.150000000000006,42.25,Acceleration
UPBD,"Upbound Group, Inc. - Common Stock",Technology,Software - Application,United States,ソフトウェア,19.829999923706055,1.156077184,23.01638346144676,0.08667780410150157,0.08219365080716849,-0.05958907917101648,0.48385079554876925,3.0,0.5667387344818398,37.566846419745026,-0.00131488377317172,0.21384345515247608,True,50,12,30,100,90,S,-5,56.5,28.0,54.5,56.5,Acceleration
UPST,"Upstart Holdings, Inc. - Common stock",Financial Services,Credit Services,United States,その他,31.09000015258789,3.025462784,132.81445980184554,0.6283868238676662,0.2375723009767397,-0.39347903934300993,,-1.94210648686352,0.6219883320083165,60.69745677275911,-0.0026817553196702977,0.5784978409414027,False,48,45,8,85,45,C,-40,13.25,11.0,0.0,13.25,Acceleration
UPWK,Upwork Inc. - Common Stock,Communication Services,Internet Content & Information,United States,その他,9.670000076293945,1.194420352,32.472488806200026,0.02399376076430637,0.11636164704789766,0.1145332983998525,0.77817269708448,0.603806812872433,0.28559149879191736,55.02958646663214,0.09107732084752414,0.5626413473834732,False,30,26,53,100,50,B,-5,37.5,34.5,59.150000000000006,59.150000000000006,Persistence
URBN,"Urban Outfitters, Inc. - Common Stock",Consumer Cyclical,Apparel Retail,United States,その他,76.91999816894531,6.587049984,76.39078858154296,0.11074526912626341,0.07712220493643122,0.07465584650124164,0.3597109081425042,-0.016333960962114327,0.2447405580263491,55.33979863380373,0.051822616162706954,0.06989116073262117,True,39,14,41,85,72,A,0,49.2,30.45,58.199999999999996,58.199999999999996,Persistence
UROY,Uranium Royalty Corp. - Common Stock,Energy,Uranium,United States,電力/エネルギー,4.150000095367432,1.581429504,15.590554358272552,3.0,-0.6386939664840271,2.0767469467303323,0.30626577945141,3.0,0.00030536804885888784,80.88888794698843,0.3597195705685881,0.2399267277705243,True,69,100,42,100,35,C,-5,65.25,88.5,50.1,88.5,Transition
UVSP,Univest Financial Corporation - Common Stock,Financial Services,Banks - Regional,United States,その他,42.84000015258789,1.181560064,11.902451442394257,0.09635224329517922,0.008099157404631074,0.0021574572391299942,,0.34617093969611956,0.03880549922560392,40.9152109598287,0.0014729137270082324,0.04753759153465432,True,35,24,42,100,87,S,-25,24.950000000000003,16.700000000000003,40.5,40.5,Persistence
VC,Visteon Corporation - Common Stock,Consumer Cyclical,Auto Parts,United States,その他,104.12999725341797,2.779794944,51.0190128042984,-0.025349198137609934,-0.02225594334850784,0.052715654952076675,0.14118895966029724,-0.04482758620689655,0.12728883638511518,56.39592907995332,-0.0488808425977111,0.18328377854058064,True,0,0,25,100,100,S,0,25.0,25.0,58.75,58.75,Persistence
VCTR,"Victory Capital Holdings, Inc. - Common Stock",Financial Services,Asset Management,United States,その他,108.16000366210938,6.652875776,61.92214289657593,0.4618518439758382,0.0882418139210843,-0.03950865699578849,0.5444698885486984,0.12585436712616732,0.22835410854903068,67.83542452467093,0.18031191410306976,0.0,True,54,32,53,85,25,D,-20,35.75,19.25,35.400000000000006,35.75,Acceleration
VECO,Veeco Instruments Inc. - Common Stock,Technology,Semiconductor Equipment & Materials,United States,半導体,52.790000915527344,3.22165248,51.8144416986084,-0.07389784762603147,0.07632552311928395,0.03141439044660807,0.39953544665464386,0.16609776377401428,0.19762482133361492,53.40467379691977,-0.13072257809498178,0.3642822695868211,True,6,12,34,85,61,B,0,23.35,27.85,52.150000000000006,52.150000000000006,Persistence
VERX,"Vertex, Inc. - Class A Common Stock",Technology,Software - Application,United States,ソフトウェア,11.9399995803833,1.936882688,31.791084682741165,0.12248191296627353,0.16490416449010897,0.16427798480139294,0.6434696517040687,-0.38759201111854635,0.2760169494859679,44.1717728237146,-0.03596172845992796,0.5494339780987434,False,17,37,70,100,65,A,-5,29.25,44.25,71.5,71.5,Persistence
VIAV,Viavi Solutions Inc. - Common Stock,Technology,Communication Equipment,United States,通信/光通信,39.13999938964844,9.655276544,207.88721425819398,0.08386645341863255,-0.0955609800198897,-0.14415041782729804,0.5728119524116941,-0.36016511867905054,0.34722640184572173,49.46355729074345,-0.11772530378938041,0.2926080228741182,True,38,35,29,85,73,A,0,48.55,46.3,51.800000000000004,51.800000000000004,Persistence
VICR,Vicor Corporation - Common Stock,Technology,Electronic Components,United States,半導体,221.1999969482422,10.198808576,192.7525713407135,0.2608018760200302,-0.11356617184163295,0.014984501815430028,0.5730692002005738,3.0,0.009131734431449,46.38825033826483,-0.2010852645594718,0.4175575394722431,True,57,51,38,65,53,B,0,57.8,53.3,47.75000000000001,57.8,Acceleration
VISN,"Vistance Networks, Inc.  - Common Stock",Technology,Communication Equipment,United States,通信/光通信,10.9399995803833,2.5230528,76.02101778412342,0.39707796904383047,-0.25818220839145833,-0.6780334438916529,0.494874715261959,0.01937046004842615,0.7762351936826379,41.59444825785777,-0.10455582885136826,0.15062115813822932,True,64,85,28,100,90,S,-10,62.0,77.75,48.400000000000006,77.75,Transition
VLY,Valley National Bancorp - Common Stock,Financial Services,Banks - Regional,United States,その他,14.550000190734863,8.040406528,107.70208416185856,0.09923952845771987,-0.01974704336923721,0.009653847145361428,,,0.05206125266001094,46.774196029330106,0.01240542990905716,0.0421329432079081,True,18,12,10,85,87,S,-20,14.950000000000003,10.450000000000003,24.150000000000006,24.150000000000006,Persistence
VNOM,"Viper Energy, Inc.  - Class A Common Stock",Energy,Oil & Gas Midstream,United States,電力/エネルギー,40.81999969482422,21.422979072,64.33334001903533,0.6209302325581395,0.03990326481257558,-0.04477763647725081,0.4971305595408895,-17.039473684210527,0.1725199273932602,33.142852783203125,-0.06358965746103055,0.1873961911334622,False,56,10,26,65,70,A,0,58.75,24.25,44.55,58.75,Acceleration
VRNS,"Varonis Systems, Inc. - Common Stock",Technology,Software - Infrastructure,United States,ソフトウェア,43.52000045776367,4.998728704,89.04801373664856,0.13173972229784917,0.10375430723615674,0.05389393497933003,0.788344463475812,0.29510176430738416,0.2912165133968739,38.31053214670037,0.08517313282512996,0.31258885620363097,True,55,14,53,85,58,B,0,59.8,29.05,62.00000000000001,62.00000000000001,Persistence
VRSK,"Verisk Analytics, Inc. - Common Stock",Industrials,Consulting Services,United States,その他,191.82000732421875,24.966526976,330.9671997372437,0.06628032064406426,0.07469978369508466,0.07384861834201041,0.6987991017671754,0.29540267362243233,0.7909611815027036,41.38289754558976,0.023980432759184645,0.2910568529824175,False,17,12,44,65,73,A,-10,19.8,16.05,45.050000000000004,45.050000000000004,Persistence
VRSN,"VeriSign, Inc. - Common Stock",Technology,Software - Infrastructure,United States,ソフトウェア,294.55999755859375,26.628222976,251.37750191650392,0.06369590342879157,0.04306476458375193,0.04786300793038108,0.881504285886756,0.2216123499142367,1.3560600346934157,60.412824944975426,0.06968493653975796,0.049806459488407256,True,38,24,47,65,52,B,-20,23.450000000000003,12.950000000000003,32.5,32.5,Persistence
VSAT,"ViaSat, Inc. - Common Stock",Technology,Communication Equipment,United States,通信/光通信,80.37999725341797,11.072811008,182.02090568035126,0.026708065876163912,0.05504816098388378,0.675858065111781,0.33041562147111814,3.0,0.4557529470145527,63.45629013978088,0.10570953465912736,0.10499944952145746,True,19,50,46,65,50,B,0,29.0,52.25,51.55,52.25,Transition
VSEC,VSE Corporation - Common Stock,Industrials,Aerospace & Defense,United States,防衛/宇宙,218.17999267578125,6.121509376,94.25812043579101,0.414647392197961,0.44527039447079153,-0.18736033269200894,0.11879706007956665,1.1103380298022845,0.16898684694401694,63.90657402204623,0.07504637411708312,0.08287615505224413,True,26,33,38,85,65,A,0,38.75,44.0,55.150000000000006,55.150000000000006,Persistence
WABC,Westamerica Bancorporation - Common Stock,Financial Services,Banks - Regional,United States,その他,59.130001068115234,1.366562432,11.10461420059204,-0.12150468085106383,-0.0923697260887701,0.2215231438147287,,-0.14429870984352205,0.0037257264042361137,33.343780140168064,0.015234697776883374,0.04569874516502735,True,0,0,25,100,77,A,-25,0.0,0.0,29.15,29.15,Persistence
WAFD,"WaFd, Inc. - Common Stock",Financial Services,Banks - Regional,United States,その他,37.15999984741211,2.749663232,23.062796505298614,0.004193519785876968,-0.027986388566827048,0.1224267395391861,,-0.497662536907312,0.06806252759628488,54.848475740859755,0.0032126525396160527,0.05493387243582393,True,18,12,25,100,87,S,-20,17.200000000000003,12.700000000000003,36.150000000000006,36.150000000000006,Persistence
WBD,"Warner Bros. Discovery, Inc. - Series A Common Stock",Communication Services,Entertainment,United States,その他,26.780000686645508,67.141124096,695.9413847441006,-0.05149919890135042,-0.04840153916894557,0.22190022769612916,0.44002037752037754,-0.30246216399367515,0.3253934155967428,62.500006478768555,0.01001722171566342,0.1067377886741662,True,7,42,25,40,80,S,0,19.25,45.5,39.75,45.5,Transition
WBTN,WEBTOON Entertainment Inc. - Common stock,Communication Services,Internet Content & Information,United States,その他,8.930000305175781,1.207646208,3.319682963447571,0.025381949130797832,0.05124155329027993,0.1884030580291795,0.23300776376739796,-2.4142374313476975,0.014836635307832606,37.82384456597336,-0.17785263151728353,0.5809478869557131,False,3,0,22,100,33,D,-5,15.55,13.3,38.7,38.7,Persistence
WDAY,"Workday, Inc. - Class A Common Stock",Technology,Software - Application,United States,ソフトウェア,179.63999938964844,44.36631552,794.2234671015167,0.1309495619228037,0.1635211461633834,0.1677927927927928,0.7570142378559463,0.26861580630424853,0.21140865331415293,67.43011226206536,0.27525268960799126,0.2747385941338338,True,28,33,82,40,33,D,0,30.3,34.05,61.7,61.7,Persistence
WDFC,WD-40 Company - Common Stock,Basic Materials,Specialty Chemicals,United States,その他,234.92999267578125,3.153018112,33.08754016845703,0.04983092233264528,0.09921173372048654,0.03553255464322887,0.5505665459648217,-0.050450881267932776,0.20533449346271299,44.822218153211814,0.02005480527436107,0.1096279646399684,True,8,12,45,85,100,S,0,28.75,31.75,66.0,66.0,Persistence
WERN,"Werner Enterprises, Inc. - Common Stock",Industrials,Trucking,United States,その他,37.5099983215332,2.249743104,53.90036718811035,-0.01843473394014635,-0.07712534707639625,-0.0019693140805196875,0.0969648964024965,0.18474989591387617,0.26032705663567435,22.39646826884004,-0.10989271004754587,0.20680910138834327,True,20,12,6,100,63,B,0,36.3,30.3,40.900000000000006,40.900000000000006,Persistence
WFRD,Weatherford International plc - Ordinary shares,Energy,Oil & Gas Equipment & Services,United States,電力/エネルギー,86.81999969482422,6.223729664,118.62520428302764,-0.10792671866497369,0.07361246348588121,0.1856384206880628,0.3119154127694185,-0.0872210953346856,0.3159515104868193,63.587553617356235,-0.027845737758145857,0.21833040713936377,False,4,0,25,85,70,A,0,22.75,19.75,49.0,49.0,Persistence
WINA,Winmark Corporation - Common Stock,Consumer Cyclical,Specialty Retail,United States,その他,368.1199951171875,1.322349184,18.253229957885743,0.05863762792305487,-0.023478109401935288,0.022511755197099158,0.9639256899891582,0.06533136334389819,2.50662873079597,45.347329822678574,-0.03725902569603553,0.2671165836059191,False,35,24,35,100,73,A,-25,23.549999999999997,15.299999999999997,33.85,33.85,Persistence
WING,Wingstop Inc. - Common Stock,Consumer Cyclical,Restaurants,United States,その他,116.81500244140625,3.182338048,154.5818768057251,0.11352701391962698,0.36028735694645203,0.28679154511203536,0.4868315125284673,-0.0005393590143923695,1.8321163988353195,26.401707513444663,-0.2151433527442881,0.6571014501322264,False,13,14,70,85,16,D,-40,0.0,0.0,22.950000000000003,22.950000000000003,Persistence
WLDN,"Willdan Group, Inc. - Common Stock",Industrials,Engineering & Construction,United States,その他,86.23999786376953,1.303138688,24.50638899295807,0.20458538206214938,0.10920122722238014,0.18865027100839357,0.3751467239476958,0.11054037071944706,0.1273054017651242,68.59097247154892,0.056078425697982805,0.3609011686418434,False,33,29,71,100,38,C,-5,38.55,35.55,66.65,66.65,Persistence
WLFC,Willis Lease Finance Corporation - Common Stock,Industrials,Rental & Leasing Services,United States,その他,61.04999923706055,1.290848,11.348584358177185,0.28287332029802026,0.35997180776719906,0.341836391206917,0.6826499744604864,0.5150007833307222,0.6860065822984187,,,0.7455295806545703,False,30,29,67,100,0,D,-15,22.5,21.75,46.85,46.85,Persistence
WMG,Warner Music Group Corp. - Class A Common Stock,Communication Services,Entertainment,United States,その他,26.389999389648438,13.80486656,57.15282167816162,0.043728602552131964,0.06443597813483519,0.019935799966210508,0.4584762188758014,-0.23725055432372505,0.4688167667107539,41.347152942227524,-0.06338397370069904,0.23640051096631598,False,8,0,37,65,80,S,0,23.75,17.75,52.6,52.6,Persistence
WMT,Walmart Inc. - Common Stock,Consumer Defensive,Discount Stores,United States,その他,111.8499984741211,890.111131648,2444.2429169051743,0.04725214211766779,0.05070009643201543,0.06025954990192855,0.24926699786724774,0.1787519747235387,0.2356956173507384,48.86731807091244,-0.024112328618000337,0.16654246633657502,False,2,24,42,10,90,S,0,12.0,28.5,43.6,43.6,Persistence
WSBC,"WesBanco, Inc. - Common Stock",Financial Services,Banks - Regional,United States,その他,41.689998626708984,3.998316288,41.36856873729706,0.6230863819038542,0.009211460011367191,0.015180923214538726,,0.3952489398069477,0.058462901930013626,59.41559507185078,0.08324650322542783,0.014653810599340223,True,41,34,50,85,60,B,-20,29.5,24.25,40.75,40.75,Persistence
WSC,WillScot Holdings Corporation - Class A Common Stock,Industrials,Rental & Leasing Services,United States,その他,24.3700008392334,4.410840064,54.95910404263496,-0.04769843529163282,0.013088393063671813,0.10367852860722582,0.5100212759802336,0.6007844422760261,0.6706913676997239,40.87048834421218,-0.0880068537087247,0.16167866890028326,True,17,12,28,85,90,S,-10,24.5,20.75,44.650000000000006,44.650000000000006,Persistence
WSFS,WSFS Financial Corporation - Common Stock,Financial Services,Banks - Regional,United States,その他,81.2699966430664,4.176302592,36.851473627815245,0.018389482003786463,0.030919942934611262,0.0996203782350188,,0.03875686268788812,0.01420103784935364,63.63298778163663,0.060436439425533464,0.009970814634357613,True,2,24,42,85,40,C,-20,0.0,14.75,32.35,32.35,Persistence
WTFC,Wintrust Financial Corporation - Common Stock,Financial Services,Banks - Regional,United States,その他,158.75,10.708547584,114.98659375,0.11225937018026326,0.07873783544677086,0.16129246606675987,,0.3538365917941859,0.06299336681995342,38.33968860270192,0.006149275863307254,0.04558003371161506,True,28,26,50,65,77,A,-20,18.450000000000003,16.950000000000003,39.15,39.15,Persistence
WULF,TeraWulf Inc. - Common Stock,Financial Services,Capital Markets,United States,その他,17.079999923706055,8.522384896,580.6567160062885,0.20281183283232537,1.0230105880483613,3.0,0.5092873467691669,-3.0476156272018935,0.7922509622331311,43.05771843274237,-0.24380611777271022,0.4106280126466825,False,17,5,46,85,43,C,-40,0.0,0.0,15.149999999999999,15.149999999999999,Persistence
WWD,"Woodward, Inc. - Common Stock",Industrials,Aerospace & Defense,United States,防衛/宇宙,362.8900146484375,21.42713856,241.88615371398924,0.07304356562940983,0.14056398105241055,0.22317367455797615,0.26808938667767107,-0.007126417334434043,0.15602131510841025,38.87558764966941,-0.0790402289337347,0.16852256296750232,True,0,12,45,65,80,S,0,17.75,26.75,57.0,57.0,Persistence
WYNN,"Wynn Resorts, Limited - Common Stock",Consumer Cyclical,Resorts & Casinos,United States,その他,102.54000091552734,10.558942208,161.54151744232178,0.0013977349202668196,0.09125434770327824,0.7386748118424468,0.4142669493258824,-0.3107589330639191,0.9288846750452411,70.1878023609056,0.019756677630736144,0.22583522053471716,False,4,0,39,65,55,B,-20,0.0,0.0,28.700000000000003,28.700000000000003,Persistence
XEL,Xcel Energy Inc. - Common Stock,Utilities,Utilities - Regulated Electric,United States,電力/エネルギー,78.06999969482422,48.765198336,402.320861877327,0.09136224983260174,-0.05385048571026327,-0.0721097322011757,0.47201581566568956,-1.506426735218509,0.42743729338462105,46.63677628658499,-0.0131053947617577,0.05565248704483421,True,38,12,10,40,87,S,0,43.2,23.700000000000003,32.900000000000006,43.2,Acceleration
XMTR,"Xometry, Inc. - Class A Common Stock",Industrials,Industrial Distribution,United States,その他,93.1449966430664,5.339403776,85.82799143177033,0.25865169404376304,0.17721609128927981,0.21654096256179103,0.39143732222984395,0.28036796989337237,0.48232535667595067,43.19975852518273,0.027475801657953196,0.11163568909296358,True,39,24,61,85,100,S,0,52.0,40.75,74.80000000000001,74.80000000000001,Persistence
XPEL,"XPEL, Inc. - Common Stock",Consumer Cyclical,Auto Parts,United States,その他,50.06999969482422,1.38041728,12.577083223342896,0.13273073263558516,0.06083125364313778,0.22315296935427617,0.42213145737085256,0.564419523384733,0.059768486325112544,72.31834056189828,0.09474447138299151,0.08880802548426002,True,36,26,54,100,50,B,-5,42.0,34.5,59.7,59.7,Persistence
Z,"Zillow Group, Inc. - Class C Capital Stock",Communication Services,Internet Content & Information,United States,その他,33.61000061035156,7.558047744,127.92067062301636,0.15518783542039355,0.14961439588688946,-0.006639427987742594,0.7413859852884244,-0.6070038910505836,0.08038698328935796,52.10756505016079,0.013854936562382843,0.6278786456608283,False,53,51,37,85,65,A,0,59.0,57.5,54.6,59.0,Acceleration
ZBRA,Zebra Technologies Corporation - Class A Common Stock,Technology,Communication Equipment,United States,通信/光通信,376.489990234375,17.811990528,331.5182609008789,0.08331660309174864,0.08660558464223386,-0.20705760249091854,0.48054114158636024,-0.1289308176100629,0.3172194777699365,88.63700601914584,0.4223873130751237,0.0,True,8,0,29,65,10,D,0,16.75,10.75,34.2,34.2,Persistence
ZD,"Ziff Davis, Inc. - Common Stock",Communication Services,Advertising Agencies,United States,その他,53.869998931884766,1.984322944,31.898311817531585,0.03537163762549155,0.027609403912529654,-0.019388251735985053,0.8576431093361115,0.014770163564579808,0.2365349768760786,48.52001730450843,0.07611724871629308,0.02726619911713662,True,47,12,45,100,60,B,-5,51.25,25.0,56.75,56.75,Persistence
ZG,"Zillow Group, Inc. - Class A Common Stock",Communication Services,Internet Content & Information,United States,その他,33.95000076293945,7.634505216,46.69160579927444,0.15518783542039355,0.14961439588688946,-0.006639427987742594,0.7413859852884244,-0.6070038910505836,0.08038698328935796,53.76271296026896,0.020506341064189956,0.6086906416895749,False,53,51,37,85,65,A,0,59.0,57.5,54.6,59.0,Acceleration
ZION,Zions Bancorporation N.A. - Common Stock,Financial Services,Banks - Regional,United States,その他,70.31999969482422,10.263440384,123.16723746547699,0.08146964856230032,0.004815409309791332,-0.011738578680203046,,-0.09419600380589914,0.03901561973255422,43.21520394645305,0.03163262551795558,0.04078567676093217,True,30,12,25,65,87,S,-20,20.950000000000003,7.450000000000003,27.400000000000006,27.400000000000006,Persistence
ZM,"Zoom Communications, Inc. - Class A Common Stock",Technology,Software - Application,United States,ソフトウェア,104.5,30.642767872,328.79462,0.04358352161524986,0.030528420948466434,0.03056344696969697,0.7701603834562699,0.06349087877360472,0.004889043993118634,72.40354217017791,0.12168031239108017,0.06596350942610081,True,41,31,57,40,22,D,0,38.95,31.45,45.75,45.75,Persistence
ZS,"Zscaler, Inc. - Common Stock",Technology,Software - Infrastructure,United States,ソフトウェア,168.67999267578125,27.277160448,366.9785052655029,0.23311687443000206,0.34065266006659445,0.4821558537269489,0.7687424596397835,0.24231643730233354,0.2798453804801579,67.79242876596774,0.19250445025002055,0.4983792839481636,False,29,35,96,65,15,D,0,33.0,37.5,72.05000000000001,72.05000000000001,Persistence
AA,Alcoa Corporation Common Stock ,Basic Materials,Aluminum,United States,その他,50.16999816894531,13.240336384,262.76210435997007,0.07868852459016394,0.12738129087290304,-0.15259818488474822,0.16935546722780764,3.0,0.16783433566867134,72.16701565240868,-0.09816472872512602,0.4012412266288903,False,12,24,30,65,20,D,0,20.75,29.75,36.75,36.75,Persistence
AAMI,Acadian Asset Management Inc. Common Stock,Financial Services,Asset Management,United States,その他,89.8499984741211,3.188787968,37.27876436691284,0.1149129746835443,0.18518518518518517,0.022531160115052733,0.4270001773993259,-1.3115468409586057,0.3861152141802068,66.29976394708385,0.13687999986068003,0.022519579374007833,True,9,2,30,85,25,D,-30,0.0,0.0,12.75,12.75,Persistence
ABCB,Ameris Bancorp Common Stock,Financial Services,Banks - Regional,United States,その他,87.7300033569336,5.887261184,43.1153487997818,0.06330930428708746,0.058794696256818886,-0.005795423551334845,,1.6268796725319083,0.025161507651636352,36.41978340331428,-0.005594915973818572,0.058387838563089454,True,42,24,30,85,77,A,-20,31.950000000000003,18.450000000000003,33.15,33.15,Persistence
ABG,Asbury Automotive Group Inc Common Stock,Consumer Cyclical,Auto & Truck Dealerships,United States,その他,214.32000732421875,3.84745472,59.61632483734131,0.04714752801275264,0.16118005498996804,-0.040896986503735286,0.17065948108228235,0.5699724517906336,0.5253309462739495,52.81804403262907,0.027039855766174216,0.17250962423081564,False,9,24,22,85,90,S,0,28.5,39.75,51.35,51.35,Persistence
ABM,ABM Industries Incorporated Common Stock,Industrials,Specialty Business Services,United States,その他,48.540000915527344,2.843518208,21.33211690235138,0.04623537574467067,0.03248357294600069,0.03712243486280839,,-0.07292289300657502,0.31851219280766674,59.820097329083595,0.07841011154282825,0.016612635427161078,True,18,12,33,100,60,B,0,34.5,30.0,55.150000000000006,55.150000000000006,Persistence
ACA,"Arcosa, Inc. Common Stock ",Industrials,Engineering & Construction,United States,その他,144.83999633789062,7.11262976,111.55648937942505,0.12198918245846142,0.11352311625287058,0.02902621722846442,0.22445723798293682,-0.43804034582132567,0.30546417395490655,51.893722654737346,0.04050516144045886,0.0033709422385173144,True,38,21,33,85,75,A,0,48.75,36.0,54.400000000000006,54.400000000000006,Persistence
ACHR,Archer Aviation Inc. Class A Common Stock,Industrials,Aerospace & Defense,United States,防衛/宇宙,5.590000152587891,4.264414976,186.40789038829803,,,,0.0,-0.19374167776298268,0.049434283628695404,55.147063077321434,0.06667178146383668,0.5901759522077734,False,0,0,10,85,50,B,-10,7.75,7.75,26.75,26.75,Persistence
ACI,"Albertsons Companies, Inc. Class A Common Stock",Consumer Defensive,Grocery Stores,United States,その他,12.010000228881836,5.8287616,127.68065438328743,0.03460093119992437,0.014553678362698564,0.02045081951379078,0.27180498361838346,-0.296370429677075,0.5715070294665974,28.648846368606655,-0.13174763531361286,0.3656744038545307,False,18,0,29,85,24,D,-20,8.649999999999999,0.0,22.0,22.0,Persistence
ACVA,ACV Auctions Inc. Class A Common Stock,Consumer Cyclical,Auto & Truck Dealerships,United States,その他,7.460000038146973,1.302403328,21.501212109947204,0.1921821343595603,0.324004538332703,0.14163912803152334,0.52421650171273,0.07776993195532161,0.1750166496102195,50.76452902626338,0.07091589080391203,0.45227605720785585,True,18,39,85,100,60,B,-5,29.5,45.25,78.75,78.75,Persistence
AD,"Array Digital Infrastructure, Inc. Common Shares",Communication Services,Telecom Services,United States,その他,35.2400016784668,3.046249728,5.190147447204589,0.5831754636511128,0.02452497785386537,-0.9759009354761333,0.5122452611361,-0.7994071976714042,0.2564062497327968,56.0296994386237,-0.04535098265784086,0.2000249571260475,False,66,75,29,85,90,S,0,71.25,78.0,55.2,78.0,Transition
ADM,Archer-Daniels-Midland Company Common Stock,Consumer Defensive,Farm Products,United States,その他,76.58999633789062,36.913283072,291.4437006147766,-0.06151058108266105,-0.08947676584872519,-0.07504234117137343,0.06270166564925438,2.426242868785656,0.18626047452709538,22.418014246461553,-0.04481957338950059,0.12288139480570338,True,30,12,30,40,73,A,-20,15.799999999999997,2.3000000000000007,21.1,21.1,Persistence
ADT,ADT Inc. Common Stock,Industrials,Security & Protection Services,United States,その他,7.639999866485596,5.581472256,61.83227611943722,0.046986534096731904,0.05278987556804212,0.06182700488189609,0.8083354797901262,0.09556508295852574,0.4861161711111747,71.33332210117274,0.1096362123963851,0.11621752305456047,True,17,24,49,85,35,C,0,29.0,34.25,55.2,55.2,Persistence
AEE,Ameren Corporation Common Stock,Utilities,Utilities - Regulated Electric,United States,電力/エネルギー,108.83999633789062,30.13161984,168.80484812026978,0.15426997245179064,0.0164,-0.057433706170667335,0.47403113990226164,0.5015179113539769,0.40906840498390956,43.88544096371313,-0.016191029628799133,0.08012173243225833,True,55,21,10,40,100,S,0,57.25,31.75,35.5,57.25,Acceleration
AES,The AES Corporation Common Stock,Utilities,Utilities - Diversified,United States,その他,14.729999542236328,10.508951552,102.94178020088196,-0.0036650920345333115,-0.030786233028102305,0.004042165332487913,0.1807406196354124,0.6502155172413793,0.5775189306135065,69.94676147335366,0.01180456079373135,0.1267089096416094,True,27,12,2,65,80,S,0,38.0,26.75,33.35,38.0,Acceleration
AESI,Atlas Energy Solutions Inc. Common Stock,Energy,Oil & Gas Equipment & Services,United States,電力/エネルギー,11.270000457763672,1.407686016,42.97014504535675,0.03726761601087923,0.719911720633266,0.2718654966399019,0.13755649085646987,0.7368600188899194,0.27903167614120805,31.610047247022763,-0.2337398945167922,0.4293670654296875,False,9,12,26,100,33,D,-5,20.05,22.3,40.9,40.9,Persistence
AFG,"American Financial Group, Inc. Common Stock",Financial Services,Insurance - Property & Casualty,United States,その他,145.58999633789062,12.072536064,57.487665953979494,-0.019328340178787148,0.07116977225672878,0.14100103351542892,,,0.05575638747625758,59.103358692396704,0.05717727774765197,0.007769368383035238,True,0,0,10,65,60,B,-20,0.0,0.0,13.75,13.75,Persistence
AFL,AFLAC Incorporated Common Stock,Financial Services,Insurance - Life,United States,その他,124.61000061035156,62.58624512,255.88227490333557,-0.0926913425345044,0.015232737115864339,-0.01618714427445042,,,0.07219884948913884,51.806401820651665,0.03390539650557782,0.03813201331560463,True,0,0,10,40,87,S,-20,0.0,0.0,12.900000000000006,12.900000000000006,Persistence
AGCO,AGCO Corporation Common Stock,Industrials,Farm & Heavy Construction Machinery,United States,その他,102.83000183105469,7.201362944,91.8585547856903,-0.1354753513578405,-0.19084260775443368,0.13919408128744645,0.2545923427891291,1.4956169925826028,0.21486778785693925,40.058601671504896,-0.09618750021500376,0.26618565046240517,False,30,47,30,85,63,B,-20,21.549999999999997,34.3,30.35,34.3,Transition
AGM,Federal Agricultural Mortgage Corporation Common Stock,Financial Services,Credit Services,United States,その他,235.5399932861328,2.556365056,31.132498612594606,0.08879456525216761,0.06839325695469124,0.13570206171892946,,,0.9383052780907928,80.75480114256408,0.18483842812854218,0.02564743967132314,True,18,12,12,100,10,D,-40,0.0,0.0,0.0,0.0,Acceleration
AGX,"Argan, Inc. Common Stock",Industrials,Engineering & Construction,United States,その他,597.3300170898438,8.374116864,191.6921624343872,0.08056359166715284,0.5247317004254072,0.25996176160337553,0.20503575035517455,1.5517916037788586,0.002120783509812417,49.28141407401576,-0.08006416849590847,0.2513684025327543,True,15,31,57,85,73,A,0,31.3,43.3,67.2,67.2,Persistence
AIG,"American International Group, Inc. New Common Stock",Financial Services,Insurance - Diversified,United States,その他,78.77999877929688,41.335865344,265.5941610845947,-0.01818848551521819,-0.023910086620373684,-0.06795663052543786,,,0.056997035732446945,45.058115035389484,0.022178177055839125,0.07874694227213203,True,30,35,10,40,87,S,-20,17.200000000000003,20.950000000000003,12.900000000000006,20.950000000000003,Transition
AIN,Albany International Corporation Common Stock,Consumer Cyclical,Textile Manufacturing,United States,その他,62.709999084472656,1.779154688,18.68852037715912,-0.03884399263782743,0.07204926522921241,0.10921192362064651,0.2062202562873421,-0.409993150385473,0.27192503210258395,23.68983851180427,-0.11882019140132075,0.1780050028586478,True,0,0,21,100,63,B,-5,16.3,16.3,44.15,44.15,Persistence
AIR,AAR Corp. Common Stock,Industrials,Aerospace & Defense,United States,防衛/宇宙,143.05999755859375,5.759429632,68.59512292938233,0.18971408020140262,0.1990598990900858,0.16498367244410952,0.18802902055622733,3.0,0.2964927441222921,56.20892692003031,0.0809315875583028,0.04262862497094877,True,17,39,71,85,72,A,0,32.7,49.2,74.7,74.7,Persistence
AIZ,"Assurant, Inc. Common Stock",Financial Services,Insurance - Property & Casualty,United States,その他,289.54998779296875,14.281696256,110.24471010223388,0.0788718164596927,0.06700743828380466,0.09208280192288826,,0.43818607162137846,0.06081356642123363,62.46015837804291,0.07396479784805852,0.03985813986577002,True,23,24,42,65,52,B,-20,12.200000000000003,12.950000000000003,29.75,29.75,Persistence
AJG,Arthur J. Gallagher & Co. Common Stock,Financial Services,Insurance Brokers,United States,その他,248.1199951171875,63.603326976,339.7730401135254,0.2065772392903505,0.14723987291501192,0.17792903421982084,0.4257638789269832,-0.2687423187218353,0.19082997240500954,45.8557702580661,0.05621698987389261,0.1936029345472539,True,31,17,66,40,85,S,-20,17.75,7.25,43.300000000000004,43.300000000000004,Persistence
ALB,Albemarle Corporation Common Stock,Basic Materials,Specialty Chemicals,United States,その他,131.11000061035156,15.471642624,310.97718824768066,-0.04366189954265214,-0.4408430392911536,0.313806880339405,0.13003183326841972,1.6975912025652469,0.20133189928968181,71.03290357833065,-0.05446911754738952,0.3903873119425108,False,40,65,30,65,28,D,0,42.55,61.3,38.35,61.3,Transition
ALG,"Alamo Group, Inc. Common Stock",Industrials,Farm & Heavy Construction Machinery,United States,その他,168.74000549316406,2.05372864,20.075842153549193,-0.015227388421216164,-0.03618380363755592,0.11630096404900582,0.24805966147351619,-0.21348454636091724,0.1318883915011428,62.78518085830724,0.052583711998429865,0.26857483956631234,False,18,0,25,100,38,C,-20,12.299999999999997,0.0,26.35,26.35,Persistence
ALK,"Alaska Air Group, Inc. Common Stock",Industrials,Airlines,United States,その他,49.959999084472656,5.575691776,151.53167482315064,0.2133787814230933,0.12555150585075772,0.08086253369272237,0.14172343563452489,-2.8524590163934427,0.3385393644712932,60.88888380262587,0.04498276779642163,0.21766366102454668,True,39,5,26,85,80,S,0,50.0,24.5,51.55,51.55,Persistence
ALL,Allstate Corporation (The) Common Stock,Financial Services,Insurance - Property & Casualty,United States,その他,267.0,67.513073664,445.474815,0.05595528615287727,0.12235161068014348,0.11802358891281585,,0.13312693498452013,0.06254279463584896,61.61386896776263,0.11095172630355515,0.029479065767819244,True,2,24,42,40,25,D,-20,0.0,6.5,18.1,18.1,Persistence
ALLY,Ally Financial Inc. Common Stock,Financial Services,Credit Services,United States,その他,43.720001220703125,13.299610624,143.04178839385986,-0.014274474541980444,-0.019073869900771773,-0.0183982683982684,,-1.5112359550561798,0.10889684799134702,41.743832132259435,-0.011364470706701093,0.06828036649848848,True,18,12,10,65,87,S,-20,11.950000000000003,7.450000000000003,19.150000000000006,19.150000000000006,Persistence
ALSN,"Allison Transmission Holdings, Inc. Common Stock",Consumer Cyclical,Auto Parts,United States,その他,118.87999725341797,9.816877056,104.3742599885559,-0.06666666666666667,0.06260296540362438,0.09606356085229324,0.48604651162790696,0.004559270516717325,0.47517264057875697,57.41531382267009,0.01670097040223177,0.12371015573173264,True,10,12,30,85,100,S,0,30.25,31.75,57.75,57.75,Persistence
AM,Antero Midstream Corporation Common Stock,Energy,Oil & Gas Midstream,United States,電力/エネルギー,21.270000457763672,10.096315392,48.795827100162505,0.0698746245321256,0.05791038282410874,0.12293457776001179,0.653011918055624,0.28015058463737524,0.5476659535603989,35.04845033840313,-0.024429228680863817,0.0798368732095503,True,38,24,46,65,77,A,0,45.95,35.45,56.949999999999996,56.949999999999996,Persistence
AMBQ,"Ambiq Micro, Inc. Common Stock",Technology,Semiconductors,United States,半導体,67.48999786376953,1.629575552,34.053090772132876,-0.04670882248544047,0.16067259715885682,-0.27987649437412093,0.44260418677772567,-0.07846098811558488,0.0036712150747238467,43.45502546471881,-0.13059723847172672,0.25408935278738926,True,4,18,14,100,61,B,-15,9.100000000000001,19.6,29.900000000000006,29.900000000000006,Persistence
AME,"AMETEK, Inc.",Industrials,Specialty Industrial Machinery,United States,その他,253.66000366210938,58.154409984,300.7101294413757,0.06626193240918692,0.052180174171397385,0.07258236282076504,0.3604103759487083,-0.017780279743538064,0.14591166801296254,71.81368312998487,0.07683884130867885,0.004317753448126435,True,22,12,41,40,25,D,0,25.0,17.5,37.55,37.55,Persistence
AMP,"Ameriprise Financial, Inc. Common Stock",Financial Services,Asset Management,United States,その他,551.97998046875,48.758165504,314.77762346191406,0.07043558850787766,0.11129707112970712,0.08956375368214335,,0.2713818351768188,0.03070653312659766,68.36678248260715,0.12050130537837099,0.016131130876304786,True,5,24,42,40,25,D,-20,0.0,6.5,18.1,18.1,Persistence
AMPX,"Amprius Technologies, Inc. Common Stock",Industrials,Electrical Equipment & Parts,United States,電力/エネルギー,11.850000381469727,1.731055488,75.03384691545486,2.0513429795901046,1.6808099192355819,1.102104256336681,0.11491983145833044,0.028036871905686697,0.2541382233525186,59.95343095594659,-0.13682582716866756,0.48275860059386727,False,67,70,44,100,43,C,-15,54.55,56.8,42.800000000000004,56.8,Transition
AMR,"Alpha Metallurgical Resources, Inc. Common Stock",Basic Materials,Coking Coal,United States,その他,151.9499969482422,1.92756096,44.69609160232544,-0.27992026470225223,-0.14810436199396385,-0.1536415616180254,0.011664344504599947,-0.9533603974062577,0.0058825953926685045,59.16313222949179,-0.09102548496656243,0.39134788438550017,False,0,0,25,100,63,B,-5,16.3,16.3,46.35,46.35,Persistence
AMRC,"Ameresco, Inc. Class A Common Stock",Industrials,Engineering & Construction,United States,その他,25.649999618530273,1.361148288,17.942559483156206,0.09164101590573176,0.2875640261800786,-0.2465378075905684,0.1573463635394379,-0.3604418421938718,0.4288493912623366,58.61111125828306,-0.029761557655200357,0.4066620427911442,False,3,0,2,100,65,A,-15,8.75,6.5,24.1,24.1,Persistence
AMTB,Amerant Bancorp Inc. Class A Common Stock,Financial Services,Banks - Regional,United States,その他,28.90999984741211,1.132978688,13.523808828620911,0.37352969114915835,-0.07180101487037448,0.044291479208404906,,0.7279023438022275,0.0944473048939871,70.3510984615957,0.13167514882134254,0.05461085940027545,True,41,55,38,100,22,D,-25,22.950000000000003,33.45,25.300000000000004,33.45,Transition
AMTM,"Amentum Holdings, Inc. Common Stock",Industrials,Specialty Business Services,United States,その他,24.770000457763672,6.051715584,41.498296416912076,0.7159036719122556,0.06649713922441196,0.024622199062011463,0.10512054470923365,3.0,0.3636125654450262,70.25814069682662,0.1280832385930673,0.3399946372652736,False,64,57,46,85,8,D,0,61.55,56.3,48.15,61.55,Acceleration
AN,"AutoNation, Inc. Common Stock",Consumer Cyclical,Auto & Truck Dealerships,United States,その他,209.22999572753906,6.917312512,100.35507515075683,0.032355204854027965,-0.006809183306183184,-0.0013377802482860848,0.17908973124778332,-13.31159420289855,0.7076194049554619,59.230262173999485,0.05727355441351932,0.09022523865329075,True,18,0,0,85,85,S,-10,24.75,11.25,28.25,28.25,Persistence
ANET,"Arista Networks, Inc. Common Stock",Technology,Computer Hardware,United States,その他,188.6699981689453,237.955268608,1525.7705017922974,0.28595907526666764,0.19502747346506946,0.33754516343285457,0.6405609780472368,0.15673793591208313,,63.07525364022753,0.10626265232051042,0.04378895898107078,True,41,29,87,25,37,C,0,38.2,29.2,61.5,61.5,Persistence
ANF,Abercrombie & Fitch Company Common Stock,Consumer Cyclical,Apparel Retail,United States,その他,112.62000274658203,5.003899392,109.12596716136932,0.06420115479428774,0.15602905802049535,0.15764338918439885,0.6147414537591155,-0.2826779759343132,0.3297957521922011,71.65315893686488,0.23144417417104804,0.13269158680822812,True,12,0,53,85,35,C,0,25.25,16.25,57.400000000000006,57.400000000000006,Persistence
AOS,A.O. Smith Corporation Common Stock,Industrials,Specialty Industrial Machinery,United States,その他,63.97999954223633,8.695430144,118.30285795356751,0.0031691155286660906,-0.009006436877076411,0.026345933562428408,0.38833481280350896,0.15238497256226255,0.06112383861524755,68.42403797585791,0.07310991647114455,0.19555880790180086,False,24,24,34,85,55,B,0,36.25,36.25,50.95,50.95,Persistence
APAM,Artisan Partners Asset Management Inc. Class A Common Stock,Financial Services,Asset Management,United States,その他,42.54999923706055,3.020898048,41.61943075374603,0.07634992561625181,0.14015655332463023,-0.018276728230064886,0.4571860000267405,-0.5345897426144977,0.19655269918315696,70.94456113526087,0.13298680298760562,0.03354603148059658,True,8,12,33,85,22,D,-20,0.9499999999999993,3.9499999999999993,23.800000000000004,23.800000000000004,Persistence
APD,"Air Products and Chemicals, Inc. Common Stock",Basic Materials,Specialty Chemicals,United States,その他,303.44000244140625,67.571699712,337.04598271179196,-0.005231145563029932,-0.039634920634920634,-0.007764635471626794,0.3141319066568084,-0.1954920634920635,0.4482811529609469,59.005551439193255,0.048248769104004455,0.03421496520088917,True,22,0,6,40,87,S,0,31.200000000000003,14.700000000000001,30.700000000000003,31.200000000000003,Acceleration
APG,APi Group Corporation Common Stock,Industrials,Engineering & Construction,United States,その他,41.720001220703125,18.029727744,117.53024983886719,0.12724422912510686,0.012990762124711317,0.05641964013418725,0.3143723928706864,0.23694029850746268,0.3437779767233662,66.20499302840048,0.01187966269069257,0.15546558842012387,True,32,26,42,65,80,S,0,41.75,37.25,55.35,55.35,Persistence
APH,Amphenol Corporation Common Stock,Technology,Electronic Components,United States,半導体,169.17999267578125,208.596123648,1187.0615694091796,0.5171224552806006,0.21251005599496603,-0.005410758139903351,0.3688162219037268,1.0369887870469454,0.42779597592509294,67.71010794050375,0.07358139983918702,0.04049463675048731,True,67,41,41,25,52,B,0,59.2,39.7,39.2,59.2,Acceleration
APO,"Apollo Global Management, Inc. (New) Common Stock",Financial Services,Asset Management,United States,その他,127.44000244140625,73.401843712,525.1260880599975,0.22727272727272727,-0.20003676020095576,1.976294675419402,0.9549751942338295,,0.028992361410915306,65.01305886111393,0.016845307994629483,0.15847945073251987,True,42,5,33,40,80,S,-20,25.5,0.0,24.150000000000006,25.5,Acceleration
AR,Antero Resources Corporation Common Stock,Energy,Oil & Gas E&P,United States,電力/エネルギー,34.709999084472656,10.671207424,160.3666171200943,0.21728120193410777,-0.037457343746421456,-0.4844554357269614,0.22104830650968066,0.6633768819477524,0.26624474431023526,57.85562224300102,-0.0029529584296308546,0.23122928213905572,False,58,51,26,65,90,S,0,62.25,57.0,48.55,62.25,Acceleration
ARES,Ares Management Corporation Class A Common Stock,Financial Services,Asset Management,United States,その他,136.85000610351562,45.139513344,312.63862869369507,0.4419041897085061,0.06963245522158748,0.18866036774372816,0.5419738919093197,0.18340781843538687,0.49670250119711723,70.1500401697728,0.0955102408900131,0.2638326234544847,True,42,32,57,40,33,D,-20,20.799999999999997,13.299999999999997,27.950000000000003,27.950000000000003,Persistence
ARLO,"Arlo Technologies, Inc. Common Stock",Industrials,Building Products & Equipment,United States,その他,15.229999542236328,1.654127488,17.29632973012924,0.03603739386086133,0.0401281821587374,0.0015537892474521526,0.4399061396531626,0.3759512937595129,0.021713229516854077,70.58822732881696,0.1377558281932739,0.21656383107838095,True,15,61,46,100,35,C,-5,24.75,59.25,52.3,59.25,Transition
ARMK,Aramark Common Stock,Industrials,Specialty Business Services,United States,その他,55.95000076293945,14.712252416,137.17289662050248,0.06353755518240328,0.08191703249326067,0.17504901817886387,0.08357316608793579,0.44370070447258175,0.4300748258369324,45.69892730401302,0.006030798839400225,0.037833202153234186,True,5,24,42,65,87,S,0,22.200000000000003,36.45,56.75,56.75,Persistence
AROC,"Archrock, Inc. Common Stock",Energy,Oil & Gas Equipment & Services,United States,電力/エネルギー,33.08000183105469,5.800187904,58.66440604721069,0.28699860313357656,0.16888594488542788,0.17120917537087496,0.4857183897630449,0.6956306070097366,0.5566667678322784,30.198056919971208,-0.09229355477430763,0.20624385235885437,True,50,43,85,85,80,S,0,58.25,53.0,84.0,84.0,Persistence
ARW,"Arrow Electronics, Inc. Common Stock",Technology,Electronics & Computer Distribution,United States,その他,203.50999450683594,10.359762944,113.46190968742371,0.104916269997082,-0.15657647055980708,-0.1082118396348366,0.11236269742246564,-1.035852983974328,0.10609537653339426,48.61513667508027,-0.056605548605579904,0.13337310854663073,True,23,14,10,65,90,S,0,36.0,29.25,39.75,39.75,Persistence
ASAN,"Asana, Inc. Class A Common Stock",Technology,Software - Application,United States,ソフトウェア,9.260000228881836,2.13452096,51.006812960748675,0.09246058717238864,0.10938170493973984,0.19241537100794573,0.8902904125664196,3.0,0.29548814815516866,65.8396970009401,0.22063750826520054,0.39038838152172145,True,37,44,61,100,33,D,0,46.05,51.3,65.15,65.15,Persistence
ASB,Associated Banc-Corp Common Stock,Financial Services,Banks - Regional,United States,その他,31.280000686645508,5.907217408,58.36019208109855,0.43707413272195617,-0.06194667684879988,-0.11057048951785794,,0.082307356023779,0.0854457562570079,53.94403752186414,0.04233326516445875,0.015423347940129546,True,46,32,30,85,75,A,-20,34.75,24.25,32.75,34.75,Acceleration
ASH,Ashland Inc. Common Stock,Basic Materials,Specialty Chemicals,United States,その他,76.44999694824219,3.500902912,60.337013341445925,-0.13677236157122574,-0.035600182565038795,-0.0836470096194061,0.30098684210526316,-1.0145985401459854,0.3231403166341358,76.62810643441371,0.16320316174476618,0.0,True,4,0,10,85,10,D,0,16.75,13.75,28.75,28.75,Persistence
ATEN,"A10 Networks, Inc. Common Stock",Technology,Software - Infrastructure,United States,ソフトウェア,26.84000015258789,1.94882624,37.950820815753936,0.11028445218879922,0.03971394517282479,-0.10215525544164544,0.7933555206035304,-0.1720443853548783,0.3616279752879029,20.38385042549905,-0.1963975586942631,0.2957229146488777,True,50,2,36,100,34,D,-5,50.9,14.899999999999999,46.599999999999994,50.9,Acceleration
ATI,ATI Inc. Common Stock,Industrials,Metal Fabrication,United States,その他,227.83999633789062,31.02505984,375.0929859710693,0.05164943490520621,0.04513980401082972,0.08803441084462982,0.2195143218380782,0.9851279000594884,0.34304651345203546,73.45511227029871,0.18891320186807445,0.0,True,27,24,38,40,10,D,0,27.25,25.0,32.900000000000006,32.900000000000006,Persistence
ATKR,Atkore Inc. Common Stock,Industrials,Electrical Equipment & Parts,United States,電力/エネルギー,93.70999908447266,3.164825856,113.73160893886566,-0.10982797598915446,-0.09000554456526033,-0.1009691235118291,0.2371938037691843,-0.25933181686090206,0.3267340411133264,75.9519587837108,0.19985044388399256,0.0,True,0,0,21,85,10,D,0,13.75,13.75,34.8,34.8,Persistence
ATMU,Atmus Filtration Technologies Inc. Common Stock,Consumer Cyclical,Auto Parts,United States,その他,51.16999816894531,4.17917824,30.706604201202392,0.056720172496406325,0.025489834776733614,0.04225081620894949,0.28243496004080937,1.619718309859155,0.4529503220552306,51.864595888047,0.007890546237113303,0.21873269816537796,False,30,24,34,85,90,S,0,44.25,39.75,57.95,57.95,Persistence
ATO,Atmos Energy Corporation Common Stock,Utilities,Utilities - Regulated Gas,United States,電力/エネルギー,170.19000244140625,28.760164352,173.90950494476317,0.12906215255161413,-0.025768608329082225,0.01753948794548443,0.5813101043962529,-0.25641568983311974,0.32933321845233343,31.091123483720068,-0.017835793130619726,0.109924759660887,False,31,14,14,65,80,S,0,41.0,28.25,39.95,41.0,Acceleration
AUB,Atlantic Union Bankshares Corporation Common Stock,Financial Services,Banks - Regional,United States,その他,41.779998779296875,5.966806016,46.577596039123534,0.6845255104051711,0.1660747036714153,8.761724192413209e-05,,3.0,0.03782927967867826,51.04443860398393,0.02974592592971034,0.028636846108437017,True,60,34,50,85,75,A,-20,45.25,25.75,43.75,45.25,Acceleration
AVA,Avista Corporation Common Stock,Utilities,Utilities - Diversified,United States,その他,38.72999954223633,3.243747072,23.755626169223785,0.013415892672858616,0.10616438356164383,0.02456140350877193,0.6481670061099797,-102.0,0.39310922359133865,23.243246958553854,-0.058466037626441474,0.08720246844985556,False,15,12,30,85,53,B,0,29.3,27.05,48.35,48.35,Persistence
AVNT,Avient Corporation Common Stock,Basic Materials,Specialty Chemicals,United States,その他,45.689998626708984,4.19066624,36.15289676336288,0.006110356746080731,0.03105511009291078,-0.07480349730636757,0.3115146310042329,0.44551519644180876,0.33198353690918747,78.17645843136542,0.24321344857846092,0.0,True,9,12,30,85,10,D,0,20.5,22.75,39.75,39.75,Persistence
AVY,Avery Dennison Corporation Common Stock,Consumer Cyclical,Packaging & Containers,United States,その他,177.17999267578125,13.428143104,153.80817984191896,0.011398289114519684,0.04679411307581029,-0.07467392386578607,0.28753881768392525,-0.02575107296137339,0.42411125123555676,70.30641708641497,0.09466038639445155,0.09243322311485166,True,0,0,17,65,50,B,0,14.75,14.75,35.6,35.6,Persistence
AWI,Armstrong World Industries Inc Common Stock,Industrials,Building Products & Equipment,United States,その他,185.52000427246094,7.84059904,114.02430502593994,0.12111779760669572,0.11619827053736875,0.05036087908523234,0.40640424481737414,0.3375,0.25661141996155246,85.03716557746344,0.15585135058927102,0.08223726198969133,True,44,26,42,85,35,C,0,49.25,35.75,51.35,51.35,Persistence
AWK,"American Water Works Company, Inc. Common Stock",Utilities,Utilities - Regulated Water,United States,その他,135.30999755859375,26.890018816,303.31021397735594,0.09735269000853972,0.10628247520075579,0.11656118143459916,0.6071984435797665,-0.2897196261682243,0.4491281530387676,54.217490548541264,0.03913236701765182,0.055520147509541,True,12,12,34,65,87,S,0,27.450000000000003,27.450000000000003,52.35000000000001,52.35000000000001,Persistence
AWR,American States Water Company Common Stock,Utilities,Utilities - Regulated Water,United States,その他,87.38999938964844,3.463757056,26.348521765975953,0.10515249580575657,-0.00040288803573616875,0.21193299262707313,0.7438764392400236,0.7865655471289275,0.345615176207657,45.89095988205168,0.06093163626215864,0.021169348291777856,True,44,26,26,85,60,B,0,51.75,38.25,47.55,51.75,Acceleration
AX,"Axos Financial, Inc. Common Stock",Financial Services,Banks - Regional,United States,その他,100.04000091552734,5.675674112,34.908958319473264,0.15682502478033075,0.20586490761377527,0.2620577114202147,,0.618152540108936,0.015037316995088342,56.34387844483542,0.05588017405638477,0.048144601637075,True,14,14,85,85,72,A,-20,10.45,10.45,62.400000000000006,62.400000000000006,Persistence
AXP,American Express Company Common Stock,Financial Services,Credit Services,United States,その他,340.9100036621094,230.219874304,1019.672048253479,0.09524026141412303,0.08979591836734693,0.14477318300480496,,0.31831287585468326,0.19249663391678776,42.067376869620915,0.013093580969013212,0.10705480911683553,True,23,24,50,25,100,S,-20,11.0,11.75,33.75,33.75,Persistence
AXTA,Axalta Coating Systems Ltd. Common Shares,Basic Materials,Specialty Chemicals,United States,その他,38.189998626708984,8.173423616,64.27128533884049,-0.030136467020470053,0.017746913580246913,0.06142506142506143,0.3443423881180379,0.0389908256880734,0.4250559284116331,77.51590554753957,0.1374263243002272,0.0,True,6,12,26,85,10,D,0,18.25,22.75,37.55,37.55,Persistence
AYI,Acuity Inc. Common Stock,Industrials,Electrical Equipment & Parts,United States,電力/エネルギー,359.5799865722656,10.764223488,105.67696225372315,0.13137203853163237,-0.028136227923688074,-0.013454481915079504,0.47829988954344627,-0.03998559077809798,0.211221399730821,68.74215839962892,0.09721196037402091,0.044784493730918334,True,31,2,33,65,52,B,0,38.2,16.45,44.800000000000004,44.800000000000004,Persistence
AZZ,AZZ Inc.,Industrials,Specialty Business Services,United States,その他,150.9199981689453,4.535372288,42.62659888282776,0.04584774209250677,0.026115561440671075,0.16162895148185055,0.23935506157277223,2.31778908569979,0.24323122837675076,55.720741358486514,0.0218874230564935,0.05617367554135239,True,30,24,42,85,87,S,0,43.95,39.45,61.75,61.75,Persistence
BA,Boeing Company (The) Common Stock,Industrials,Aerospace & Defense,United States,防衛/宇宙,234.4199981689453,185.27854592,1491.855900947113,0.3449644451794278,-0.14495976553461706,0.1679377852510209,0.04794160714485318,0.8690095846645367,0.3235533628555295,66.644426141497,0.06374868077034578,0.07031527327665846,True,51,69,14,25,52,B,0,47.2,60.7,24.35,60.7,Transition
BAC,Bank of America Corporation Common Stock,Financial Services,Banks - Diversified,United States,その他,63.16999816894531,441.731907584,2086.1610788802336,0.06840424727932286,0.030038241103834813,0.08234860452869931,,,0.10724856363530845,69.55903611319722,0.0825223855253304,0.001264851083868577,True,18,12,22,10,40,C,-20,0.0,0.0,2.6000000000000014,2.6000000000000014,Persistence
BAH,Booz Allen Hamilton Holding Corporation Common Stock,Industrials,Consulting Services,United States,その他,76.05000305175781,9.147672576,176.052334814682,-0.06368948247078464,0.12361658225473644,0.15152824279079813,0.527057145404297,0.043907793633369926,0.5790952514751334,70.37824718010262,0.09273431481191624,0.30037103119692743,False,10,12,30,85,23,D,0,22.55,24.05,42.35,42.35,Persistence
BALL,Ball Corporation Common Stock,Consumer Cyclical,Packaging & Containers,United States,その他,63.45000076293945,16.795428864,126.39938101985932,0.11581178465451462,-0.02213563256508042,-0.0979658988932097,0.19588177190183118,3.0,0.3591477156320426,56.08519854422439,0.0534882398216022,0.05736034280202457,True,47,27,26,65,72,A,0,52.2,37.2,44.95,52.2,Acceleration
BAM,Brookfield Asset Management Inc Class A Limited Voting Shares,Financial Services,Asset Management,United States,その他,52.4900016784668,83.815325696,129.96104495574951,0.15517673602406618,0.07404415724286484,,0.7020399305555556,,0.2124714025928316,72.857161346752,0.1073335436525291,0.13130787860529347,True,23,21,22,40,35,C,-20,6.75,5.25,9.100000000000001,9.100000000000001,Persistence
BANC,"Banc of California, Inc. Common Stock",Financial Services,Banks - Regional,United States,その他,18.729999542236328,2.967440896,73.8025663962555,0.11894239615210232,2.541458771126318,-0.7924075533718066,,2.649649447354921,0.08668910203227008,34.83964783553425,-0.06627409823604397,0.1420064311637177,False,17,26,38,100,70,A,-20,14.75,21.5,39.900000000000006,39.900000000000006,Persistence
BBAI,"BigBear.ai, Inc. Common Stock",Technology,Information Technology Services,United States,その他,3.2699999809265137,1.567947008,87.42969519003391,-0.19315452867868246,0.019798406846949036,0.0009870267271354935,0.22305595588696034,0.05922856620559381,0.12834652623059492,63.63636232276291,-0.08321184622858828,0.6329966288522128,False,2,30,10,100,35,C,-15,5.0,26.0,22.5,26.0,Transition
BBT,Beacon Financial Corporation Common stock,Financial Services,Banks - Regional,United States,その他,31.510000228881836,2.658332928,24.68666722931862,0.5552608709103131,-0.042409764453038734,0.13197526949904884,,1.122217887545139,0.03785783449119592,61.486485325451916,0.04432498780008927,0.019605440255230058,True,48,34,38,100,55,B,-20,36.5,26.0,36.900000000000006,36.900000000000006,Persistence
BBWI,"Bath & Body Works, Inc.",Consumer Cyclical,Specialty Retail,United States,その他,20.360000610351562,4.103798528,94.57322083511353,-0.002189681127685781,-0.01642212949252928,-0.017328042328042328,0.4373885612398848,0.3106060606060606,0.9773130795028605,48.66785398854439,0.006304208567852924,0.3402140513061031,True,39,12,24,85,83,S,-20,30.299999999999997,10.05,31.050000000000004,31.050000000000004,Persistence
BC,Brunswick Corporation Common Stock,Consumer Cyclical,Recreational Vehicles,United States,その他,81.55000305175781,5.284230656,58.86890845298767,0.02400183307555708,-0.18188208829318586,-0.060303573001379875,0.24841500708585068,0.5011363636363636,0.4297277963932081,56.6703495764093,0.004065552994129634,0.07619066962188707,True,27,12,22,85,87,S,0,41.7,30.450000000000003,50.75,50.75,Persistence
BCAT,BlackRock Capital Allocation Term Trust Common Shares of Beneficial Interest,Financial Services,Asset Management,United States,その他,16.040000915527344,1.680595456,12.683390123939514,0.13118431597820956,-0.04460799312495775,1.6458395319810109,,,,66.4773044384346,0.032443727533405874,0.0,True,23,14,8,100,55,B,-25,12.75,6.0,15.399999999999999,15.399999999999999,Persistence
BCC,"Boise Cascade, L.L.C. Common Stock",Basic Materials,Lumber & Wood Production,United States,その他,86.5999984741211,3.02159104,39.50042430400848,-0.047543875981627216,-0.01666377849872299,-0.18469122448957692,0.16455263759847422,-0.939080531350748,0.1575641521149508,67.46083957247481,0.15278284127050829,0.04309063204061718,True,0,0,25,85,37,C,0,16.45,16.45,42.4,42.4,Persistence
BCO,Brinks Company (The) Common Stock,Industrials,Security & Protection Services,United States,その他,112.19000244140625,4.620099584,68.65242819396973,0.04974161495640376,0.028166413654453697,0.07476573696395106,0.2581160191591272,1.1444717444717445,0.6290467625899281,38.22117227595544,0.049545946592845,0.16874214952837815,False,33,24,32,85,80,S,-10,35.5,28.75,44.85,44.85,Persistence
BDC,Belden Inc Common Stock,Technology,Communication Equipment,United States,通信/光通信,132.82000732421875,5.190365696,75.32621075378418,0.10329832152163834,-0.020343666851904633,-0.036217741517791203,0.3797783878426367,-0.019212830080367393,0.3956924287332082,83.92420972125822,0.18422595591298152,0.11913198115996192,True,39,14,25,85,35,C,0,45.5,26.75,42.0,45.5,Acceleration
BDJ,Blackrock Enhanced Equity Dividend Trust,Financial Services,Asset Management,United States,その他,9.760000228881836,1.726980224,4.336416901693344,0.6714484577347699,0.0998032695068475,3.0,,,,63.01374336999973,0.033049260336833856,0.006109925438593083,True,36,22,20,100,55,B,-25,22.5,12.0,22.0,22.5,Acceleration
BE,Bloom Energy Corporation Class A Common Stock,Industrials,Electrical Equipment & Parts,United States,電力/エネルギー,219.33999633789062,64.601628672,3888.364042179718,0.37326441660515003,0.10527870893233443,0.11203585948087147,0.2902182516351333,0.725396729620467,0.6804977629869237,55.97383127220739,-0.13480602860462135,0.36579444132714445,True,44,20,57,40,61,B,-10,35.1,17.1,43.550000000000004,43.550000000000004,Persistence
BEN,"Franklin Resources, Inc. Common Stock",Financial Services,Asset Management,United States,その他,33.77000045776367,17.157756928,168.25666338077545,0.03452465204057561,0.08008255408056666,-0.05146641209382137,0.8034364417891389,0.1478217073784941,0.41089275618429144,59.50617132781506,0.0302330590257764,0.05591277535379264,True,17,24,37,65,87,S,-20,11.200000000000003,16.450000000000003,34.0,34.0,Persistence
BEPC,Brookfield Renewable Corporation Brookfield Renewable Corporation Class A Subordinate Voting Shares,Utilities,Utilities - Renewable,United States,その他,33.7400016784668,6.262119424,67.80103947290421,-0.09995171414775471,0.044113940005041596,0.05002646903123346,0.5989806866952789,-0.59,0.33639527092744287,46.64805138967252,-0.060705018172809155,0.22477703245882916,False,8,0,14,85,80,S,0,26.75,20.75,44.95,44.95,Persistence
BF-A,Brown Forman Inc Class A Common Stock,Consumer Defensive,Beverages - Wineries & Distilleries,United States,その他,29.059999465942383,13.33459456,4.1361097239875795,-0.011823899371069183,-0.04858784107228339,-0.011825922421948912,0.6053971486761711,1.0719257540603249,0.31694958196098305,62.864378557241736,0.0715300134937815,0.041947938687672305,True,42,12,38,65,52,B,-20,26.450000000000003,3.9499999999999993,27.550000000000004,27.550000000000004,Persistence
BF-B,Brown Forman Inc Class B Common Stock,Consumer Defensive,Beverages - Wineries & Distilleries,United States,その他,28.520000457763672,13.086809088,69.54701931627274,-0.011823899371069183,-0.04858784107228339,-0.011825922421948912,0.6053971486761711,1.0719257540603249,0.31694958196098305,63.899878975027036,0.0705216812676221,0.0597754947189339,True,42,12,38,65,52,B,-20,26.450000000000003,3.9499999999999993,27.550000000000004,27.550000000000004,Persistence
BFH,"Bread Financial Holdings, Inc. Common Stock",Financial Services,Credit Services,United States,その他,108.31999969482422,4.376892928,67.35391741024017,0.0018238665971860343,-0.10640279394644936,0.10981912144702842,,,0.19384018002912234,68.58704119359926,0.0705884661241701,0.03672741098711545,True,18,12,10,85,52,B,-20,11.45,6.949999999999999,17.15,17.15,Persistence
BG,Bunge Limited Common Shares,Consumer Defensive,Farm Products,United States,その他,108.37999725341797,20.821870592,152.11132614517211,0.32426376440460947,-0.10802821632515956,-0.11440980485483103,0.04847218075047278,-2.677480916030534,0.3560680919870643,28.8508582867522,-0.06975230028536458,0.1752530687687048,False,44,8,6,65,53,B,-20,28.049999999999997,1.0500000000000007,10.150000000000002,28.049999999999997,Acceleration
BH,Biglari Holdings Inc. Class B Common Stock,Consumer Cyclical,Restaurants,United States,その他,386.54998779296875,1.21338816,68.76337732849122,0.09153747162495789,-0.008770441095155453,-0.007910795125885653,0.3780160450942542,3.0,0.3497590656369376,52.04200556782597,0.057900842138336996,0.18948675478148916,True,34,12,30,100,85,S,-25,24.0,7.5,33.5,33.5,Persistence
BH-A,Biglari Holdings Inc. Class A Common Stock,Consumer Cyclical,Restaurants,United States,その他,1933.77001953125,1.214028544,59.82649342175293,0.09153747162495789,-0.008770441095155453,-0.007910795125885653,0.3780160450942542,3.0,0.3497590656369376,52.22512663615904,0.042772238823645586,0.21486890844114437,True,34,12,30,100,100,S,-25,25.5,9.0,36.5,36.5,Persistence
BHE,"Benchmark Electronics, Inc. Common Stock",Technology,Electronic Components,United States,半導体,82.36000061035156,2.958365696,35.77636066513062,0.001130602894087395,-0.0644144226650736,-0.016406642204237838,0.10156187714075547,-0.4523375990562409,0.14927970304795785,52.9550826814036,-0.03736349995112759,0.16529844797065216,True,18,0,25,100,100,S,0,38.5,25.0,58.75,58.75,Persistence
BILL,"BILL Holdings, Inc. Common Stock",Technology,Software - Application,United States,ソフトウェア,47.9900016784668,4.779646976,114.57588905733108,0.13362404392592617,0.2189050590098142,0.6488093476374659,0.8139555713572684,0.2008546677110882,0.17615711156876077,57.65667853622912,0.21281202805904723,0.1477534983469307,True,31,56,82,85,70,A,0,43.0,61.75,80.35,80.35,Persistence
BIPC,Brookfield Infrastructure Corporation Brookfield Infrastructure Corporation,Utilities,Utilities - Regulated Gas,United States,その他,39.459999084472656,4.853792256,43.67985138656616,0.0005455537370430987,0.4646424290850979,0.3271474019088017,0.6363140676117776,,0.5522996878251821,43.488654133018436,-0.021098740924388435,0.21063898076130338,False,12,18,41,85,90,S,0,30.75,35.25,61.8,61.8,Persistence
BJ,"BJ's Wholesale Club Holdings, Inc. Common Stock",Consumer Defensive,Discount Stores,United States,その他,96.4800033569336,12.319916032,142.5988921615982,0.04660419151407359,0.026697546343678345,0.03383476144262811,0.18639935343138184,0.04832065045431447,0.36296505880120766,58.086850306784406,0.06413489932016854,0.10765814922268313,True,20,24,38,65,85,S,0,33.25,36.25,54.150000000000006,54.150000000000006,Persistence
BKH,Black Hills Corporation Common Stock,Utilities,Utilities - Regulated Gas,United States,その他,74.6500015258789,5.692297216,57.0594751663208,0.08567937209193026,-0.08733324754428859,-0.08640959322830943,0.38471861471861474,-4.879518072289157,0.4324918581758634,50.84914216900528,0.017606721821181077,0.019112249983032875,True,22,12,6,85,75,A,0,36.75,29.25,39.55,39.55,Persistence
BKSY,BlackSky Technology Inc. Class A Common Stock,Industrials,Specialty Business Services,United States,その他,29.15999984741211,1.193368576,34.44408341976166,0.04390114895242573,0.08044067222622021,0.4459372609028309,0.6687497067792634,-1.0180853957030187,0.5423098232732507,73.79399988411676,0.020886865177048363,0.43521210063618926,True,12,0,41,100,40,C,-15,13.0,4.0,40.55,40.55,Persistence
BKV,BKV Corporation Common Stock,Energy,Oil & Gas E&P,United States,電力/エネルギー,24.459999084472656,2.676849152,21.012851413497923,0.5135772697791228,-0.2004795695518015,-0.5551326538663782,0.8238226142645682,-19.701282487799343,0.1555343679136737,44.48398415475271,-0.04221914136736289,0.23942788555576022,False,73,75,25,100,90,S,0,78.75,80.25,56.75,80.25,Transition
BLDR,"Builders FirstSource, Inc. Common Stock",Industrials,Building Products & Equipment,United States,その他,74.69000244140625,8.036379648,178.21146617523195,-0.07376937228468512,-0.04075712406557047,-0.24768918709494828,0.30385669120678144,-0.42814097765398695,0.45386050137352246,53.19013515701785,-0.02373412826567151,0.49943033924905816,False,4,0,21,85,65,A,0,22.25,19.25,45.8,45.8,Persistence
BLK,"BlackRock, Inc. Common Stock",Financial Services,Asset Management,United States,その他,1136.3900146484375,184.636325888,911.9416228552246,0.18665163914343116,0.14267316199115293,-0.0007833044256700051,0.4670465807730426,-0.24441608168474793,0.08821280250355887,69.20636042322278,0.09366600682838847,0.039781284882721854,True,43,2,41,25,52,B,-20,21.200000000000003,0.0,19.200000000000003,21.200000000000003,Acceleration
BMI,"Badger Meter, Inc. Common Stock",Technology,Scientific & Technical Instruments,United States,その他,138.86000061035156,4.025113856,76.58129033660889,0.10901231371543195,0.17476890015804614,0.24404492474821773,0.4168053035848507,0.19305844630702593,,41.46782249496062,0.019456762603019317,0.2732908838755226,False,11,26,61,85,73,A,0,28.3,39.55,69.4,69.4,Persistence
BMNR,"BitMine Immersion Technologies, Inc. Common Stock",Financial Services,Capital Markets,United States,その他,18.81999969482422,11.352720384,656.6541612520218,0.8413897280966768,3.0,0.5088257507558416,0.05086136177194422,-48.18867924528302,,60.32045432646328,0.15430378295020597,0.7022219743530221,False,22,45,38,65,15,D,-30,0.0,15.0,10.150000000000006,15.0,Transition
BNY,The Bank of New York Mellon Corporation Common Stock,Financial Services,Banks - Diversified,United States,その他,157.61000061035156,106.939039744,590.1564623854065,0.08221053784642349,0.052698339483394835,0.07154330903249723,,3.0,0.07261909803091256,53.52115465550961,0.05522526467174035,0.025332176969686218,True,30,37,42,25,60,B,-20,12.25,17.5,21.35,21.35,Persistence
BOH,Bank of Hawaii Corporation Common Stock,Financial Services,Banks - Regional,United States,その他,79.27999877929688,3.127627264,37.83796501739502,0.1249254748654594,-0.061304803498635756,-0.03504517267608176,,0.14275526782503006,0.02690967094969285,26.260492416289082,-0.01405545022538949,0.07652882715897427,True,25,26,30,85,60,B,-20,17.5,18.25,29.75,29.75,Persistence
BOOT,"Boot Barn Holdings, Inc. Common Stock",Consumer Cyclical,Apparel Retail,United States,その他,163.60000610351562,4.954600448,124.85870665817261,0.17934921385753994,0.14642692390982892,0.0056671784461409915,0.38083793174284636,3.0,0.3156964582716856,63.652713340730244,0.006161236900667817,0.21338585698483592,False,51,39,50,85,70,A,0,58.0,49.0,62.75,62.75,Persistence
BOW,Bowhead Specialty Holdings Inc. Common Stock,Financial Services,Insurance - Property & Casualty,United States,その他,33.45000076293945,1.101943552,12.177138277740479,0.29593366416661965,0.5016406861949488,0.5107408236585964,,0.1196599982828196,0.06175612808765881,64.44008889223643,0.13326831229713407,0.012400300625635149,True,11,29,85,100,25,D,-25,0.75,14.25,51.75,51.75,Persistence
BRBR,"BellRing Brands, Inc. Common Stock ",Consumer Defensive,Packaged Foods,United States,その他,11.5600004196167,1.344176,49.6327462016201,0.16050495942290352,0.1976241900647948,0.21531170251549397,0.33255633255633255,0.2937310414560162,1.1522848034006377,43.763220137736425,0.020498285698467802,0.729147133623267,False,14,14,69,100,65,A,-45,0.0,0.0,30.950000000000003,30.950000000000003,Persistence
BRK-A,Berkshire Hathaway Inc. Common Stock,Financial Services,Insurance - Diversified,United States,その他,780086.0,1121.6879616,120.91333,-0.032317222651756586,-0.034381351900704925,0.8765382003323068,,1.1558195592286502,0.10561572146728458,80.34993084370677,0.0510073063900936,0.007524173027989822,True,30,12,38,10,25,D,-20,6.5,0.0,8.400000000000002,8.400000000000002,Persistence
BRK-B,Berkshire Hathaway Inc. New Common Stock,Financial Services,Insurance - Diversified,United States,その他,521.7999877929688,1125.446320128,2186.6028488464353,-0.032317222651756586,-0.034381351900704925,0.8765382003323068,,1.1558195592286502,0.10561572146728458,82.98426869739649,0.05398425120619515,0.005356355458447205,True,30,12,38,10,25,D,-20,6.5,0.0,8.400000000000002,8.400000000000002,Persistence
BRO,"Brown & Brown, Inc. Common Stock",Financial Services,Insurance Brokers,United States,その他,71.43000030517578,23.901218816,209.07239654323578,0.2248671625929862,0.12050488211478924,0.1785012629806343,0.4907166406385563,0.26556776556776557,0.26401253709446165,56.166410653183924,0.1027606840872104,0.2578200624043338,True,40,29,71,65,53,B,-20,25.049999999999997,16.799999999999997,45.900000000000006,45.900000000000006,Persistence
BROS,Dutch Bros Inc. Class A Common Stock,Consumer Cyclical,Restaurants,United States,その他,53.0099983215332,9.259967488,185.69826492019652,0.2787976721584056,0.3264100578187903,0.30684752074391214,0.2587941707734109,1.2034097351583382,0.3618838047475272,20.20700321742909,-0.17580113387675858,0.28596444171770313,False,21,29,81,85,24,D,-20,10.899999999999999,16.9,50.60000000000001,50.60000000000001,Persistence
BSTZ,BlackRock Science and Technology Term Trust Common Shares of Beneficial Interest,Financial Services,Asset Management,United States,その他,30.079999923706055,2.067824128,5.96080318488121,0.15302130376586628,-0.028455445523854667,1.2115133955496706,,,,65.3061159945008,0.026950943702748482,0.04521332033773619,True,23,14,8,100,67,A,-20,18.950000000000003,12.200000000000003,22.799999999999997,22.799999999999997,Persistence
BTT,BlackRock Municipal 2030 Target Term Trust,Financial Services,Asset Management,United States,その他,22.600000381469727,1.437934336,1.5881020268058776,,3.0,0.9962430766262386,,,0.02897715031861973,51.72417573021785,-0.0006665450994200732,0.014414168323116263,True,0,0,10,100,75,A,-25,0.0,0.0,20.5,20.5,Persistence
BTU,Peabody Energy Corporation Common Stock ,Energy,Thermal Coal,United States,電力/エネルギー,23.809999465942383,2.902438912,58.38176154049874,-0.08855949205749758,-0.14353003012109083,-0.007065577390152351,0.1363718762139065,-1.4299019607843138,0.07919479267116683,55.41717972689994,-0.026765009477062448,0.3953112670550572,False,18,0,10,100,73,A,0,35.8,22.3,45.1,45.1,Persistence
BTX,BlackRock Technology and Private Equity Term Trust Common Shares of Beneficial Interest,Financial Services,Asset Management,United States,その他,8.579999923706055,1.001374336,5.620586350021362,-0.7178162771595705,-0.8112511716657763,1.1303788822444711,,,,60.416660043932566,-0.004281221910306531,0.08347730433314762,True,18,0,0,100,80,S,-25,11.5,0.0,16.0,16.0,Persistence
BURL,"Burlington Stores, Inc. Common Stock",Consumer Cyclical,Apparel Retail,United States,その他,368.9599914550781,23.223156736,232.88570180648804,0.0876448061241828,0.09327772584579315,0.11776509651593936,0.43918280681703237,3.0,0.6054141033769641,63.928439837434944,0.09383770490740738,0.008678392662727755,True,16,37,36,65,40,C,-10,15.75,31.5,34.05,34.05,Persistence
BW,"Babcock & Wilcox Enterprises, Inc. Common Stock",Industrials,Specialty Industrial Machinery,United States,その他,9.369999885559082,1.394626432,28.920926296772958,0.011422641165222989,-0.010909901812585965,-0.03608084182614446,0.24477943628802265,0.3407803601662306,0.5561017772401039,43.47826284136281,-0.28487476602031236,0.5711670607792999,False,38,37,2,100,35,C,-15,32.0,31.25,18.1,32.0,Acceleration
BWA,BorgWarner Inc. Common Stock,Consumer Cyclical,Auto Parts,United States,その他,68.41999816894531,13.934851072,157.9113031739807,0.016328269203464432,-0.00788843499084378,0.12370399683419074,0.18678401788208998,0.6570644718792867,0.2946473963250781,71.41058578928593,0.0106825392385038,0.11177464295463091,True,27,12,26,65,65,A,0,36.5,25.25,43.55,43.55,Persistence
BWXT,"BWX Technologies, Inc. Common Stock",Industrials,Aerospace & Defense,United States,防衛/宇宙,169.89999389648438,15.566574592,165.8062535435486,0.18300085735822705,0.0830606307151879,0.11800026334246075,0.22913121301890774,0.15899929743583704,0.47196192433796597,50.29824256133635,-0.0816643410548818,0.28643792783750993,False,25,26,42,65,63,B,0,34.8,35.55,51.95,51.95,Persistence
BX,Blackstone Inc. Common Stock,Financial Services,Asset Management,United States,その他,137.1300048828125,170.673012736,703.6195402539063,0.13535214179720306,0.5600239144275673,-0.017662904801481416,,0.32956772496069736,0.27890276410256143,69.91550639371033,0.12300756703334761,0.24373174221339114,True,10,26,41,25,50,B,-20,0.0,8.25,18.799999999999997,18.799999999999997,Persistence
BY,"Byline Bancorp, Inc. Common Stock",Financial Services,Banks - Regional,United States,その他,38.83000183105469,1.7632416,10.685434053878785,0.0940848490855925,0.05194009619019069,0.19793959947412632,,-0.20358361375958123,0.051301835884681096,63.70182676999718,0.0604481286505302,0.023144608023781446,True,18,12,45,100,40,C,-25,7.5,3.0,32.75,32.75,Persistence
BYD,Boyd Gaming Corporation Common Stock,Consumer Cyclical,Resorts & Casinos,United States,その他,83.41999816894531,6.060914688,85.69736411895752,0.04116717902475043,0.05127789493731697,0.05150368020044006,0.49540773447826963,-0.4548632505501415,0.41243876137125857,36.13543886153254,-0.040108086627505576,0.08590843506207473,False,8,12,37,85,80,S,0,26.75,29.75,57.6,57.6,Persistence
C,"Citigroup, Inc. Common Stock",Financial Services,Banks - Diversified,United States,その他,135.0,226.453962752,1705.563675,0.05628966679888933,0.03306441285695992,0.04846938775510204,,-1.8335817188276204,0.13838052206794968,62.21949625134169,-0.0038210875076759646,0.06853589212511622,True,18,12,22,25,67,A,-30,0.0,0.0,1.75,1.75,Persistence
CACI,"CACI International, Inc. Class A Common Stock",Technology,Information Technology Services,United States,その他,644.4299926757812,14.241606656,194.30530924163818,0.10894461917628362,0.12637248440957974,0.14282423425367016,0.0961367314190681,0.620372409151527,0.4555579677357457,83.06734700468675,0.2960911391870286,0.026820111599610705,True,14,26,52,65,10,D,0,21.25,30.25,46.85,46.85,Persistence
CALX,"Calix, Inc Common Stock",Technology,Software - Infrastructure,United States,ソフトウェア,37.97999954223633,2.391372288,55.18436963487625,0.202631813141748,-0.20015044349086614,0.1979265452676628,0.568310316896831,1.294482183291622,0.014730917260104183,48.532914250968425,0.0033020575655681663,0.4448991441295476,False,53,66,38,100,65,A,0,61.25,71.0,58.900000000000006,71.0,Transition
CALY,Callaway Golf Company Common Stock,Consumer Cyclical,Leisure,United States,その他,17.59000015258789,3.140000256,36.84383841960907,-0.008470905328006931,-0.025788906081492945,-0.46625122006156616,0.4211446046308432,-0.09052504526252263,0.22965962119132582,37.38141969546881,-0.009404731496398089,0.10528991408393615,True,34,18,29,85,90,S,0,47.25,35.25,55.2,55.2,Persistence
CARR,Carrier Global Corporation Common Stock ,Industrials,Building Products & Equipment,United States,その他,64.01000213623047,52.765048832,465.95632985054016,-0.0328648937116428,0.18653369215344837,0.09619389171679778,0.25861038304133904,3.0,0.32941650981446624,43.23922750871295,-0.05976991641710915,0.1547344545954529,True,12,12,26,40,90,S,0,24.0,24.0,42.3,42.3,Persistence
CAT,"Caterpillar, Inc. Common Stock",Industrials,Farm & Heavy Construction Machinery,United States,その他,842.1900024414062,387.13360384,2670.310785990906,0.04289527689055533,-0.033566954965702354,0.12844330018341832,0.3177736022133779,-0.15498866213151927,0.43951919663234773,45.92922641255001,-0.08023195278193217,0.2076699211760701,True,22,0,21,10,90,S,-20,7.0,0.0,12.049999999999997,12.049999999999997,Persistence
CAVA,"CAVA Group, Inc. Common Stock",Consumer Cyclical,Restaurants,United States,その他,62.41999816894531,7.270298112,213.48544463752748,0.22408227345693169,0.32250994922464665,0.2917487267757335,0.24622858712311302,-0.5058038415003024,0.3428226057276804,46.95019655183087,-0.14880272923330898,0.35907178806718504,False,9,5,76,85,51,B,-20,4.600000000000001,1.6000000000000014,53.25,53.25,Persistence
CBOE,"Cboe Global Markets, Inc. Common Stock",Financial Services,Financial Data & Stock Exchanges,United States,その他,286.5799865722656,29.927839744,314.9327775437927,0.15134937110758334,0.08506691400556513,-0.04673487432108122,0.4090407704382504,0.6173896316245071,0.1709455901475503,54.41967974773785,0.03163661501940644,0.2168512386858927,True,51,33,34,65,100,S,-20,38.0,24.5,34.95,38.0,Acceleration
CBRE,CBRE Group Inc Common Stock Class A,Real Estate,Real Estate Services,United States,その他,148.17999267578125,42.90926592,264.38496563201903,0.13372661950960382,0.119502957839056,0.036363046581030234,0.18658446362515413,-0.14846538187009278,0.32357418142954303,66.81912920784265,0.07641385201219694,0.13653055096578684,True,35,14,33,40,65,A,0,38.75,23.0,41.150000000000006,41.150000000000006,Persistence
CBT,Cabot Corporation Common Stock,Basic Materials,Specialty Chemicals,United States,その他,87.62000274658203,4.52390912,41.89243761318207,-0.07035553329994992,0.01602645637242432,-0.09025688498032863,0.25316455696202533,-0.13303769401330376,0.31847968545216254,47.30132533538686,-0.0029510577383320908,0.06188435422771782,True,0,0,21,85,87,S,0,21.450000000000003,21.450000000000003,50.2,50.2,Persistence
CBZ,"CBIZ, Inc. Common Stock",Industrials,Specialty Business Services,United States,その他,54.5,2.957381376,112.184435,0.5208346199996471,0.13969258305398335,0.12692469222275968,0.12885937626337432,0.5844842838830815,0.4146709126237547,86.47091584783554,0.39783014710328257,0.18118987381237742,True,60,41,59,100,35,C,0,63.5,49.25,64.45,64.45,Persistence
CC,Chemours Company (The) Common Stock,Basic Materials,Specialty Chemicals,United States,その他,15.75,2.37035904,43.63293375,0.004496713939813214,-0.04870023033892728,-0.11023276240667546,0.1553030303030303,1.051359516616314,0.5952316445407748,42.79959586491438,-0.18491761105645554,0.4342895687630277,False,42,25,22,100,43,C,0,50.8,38.05,45.7,50.8,Acceleration
CCK,"Crown Holdings, Inc.",Consumer Cyclical,Packaging & Containers,United States,その他,120.69000244140625,13.126306816,136.37125445861815,0.047792559952546394,-0.017402164862614488,-0.07208529707177624,0.22029923170238577,0.4157160963244613,0.43231502242152464,64.43632889989209,0.1125660864711107,0.009031927628311988,True,35,24,22,65,25,D,0,38.5,30.25,33.35,38.5,Acceleration
CCL,Carnival Corporation Ltd. Common Shares,Consumer Cyclical,Travel Services,United States,その他,28.989999771118164,39.706128384,538.1168692014598,0.06394628512049878,0.15875515213263558,0.7744268222532665,0.40096164682017954,1.010023130300694,0.541586859365024,70.50981523707765,0.04535555523447192,0.1333963140272362,True,19,24,46,40,65,A,0,26.75,30.5,48.3,48.3,Persistence
CCO,"Clear Channel Outdoor Holdings, Inc. Common Stock",Communication Services,Advertising Agencies,United States,その他,2.4200000762939453,1.232007168,13.912193238601684,0.06571088803704417,0.04953611316802702,0.038088716845546065,0.5336921964417071,1.510479018021038,1.6899739479612157,54.54545454545455,0.0045662055264871155,0.0041152222998090985,True,50,60,40,100,75,A,-25,35.0,42.5,37.0,42.5,Transition
CE,Celanese Corporation Common Stock,Basic Materials,Chemicals,United States,その他,43.88999938964844,4.816880128,93.52234684944153,-0.07051032333463186,-0.06022332051986088,0.12953582135842034,0.20452640402347025,0.512241054613936,0.5961742336943996,47.89159004055834,-0.0912500617871764,0.365689254939718,False,9,30,22,85,63,B,0,25.8,41.55,45.95,45.95,Persistence
CF,"CF Industries Holdings, Inc. Common Stock",Basic Materials,Agricultural Inputs,United States,その他,114.3499984741211,17.305513984,256.57967007621767,0.19339622641509435,-0.10481073744533254,-0.40720543536563564,0.3845285149632976,0.029142857142857144,0.2580919931856899,36.106089487855755,-0.0013501740172999531,0.1655752249143116,True,44,33,30,65,90,S,0,51.75,43.5,50.75,51.75,Acceleration
CFG,"Citizens Financial Group, Inc. Common Stock",Financial Services,Banks - Regional,United States,その他,72.66999816894531,30.606917632,315.1134628101349,0.05608912792931233,-0.05046206225680934,0.02530856501683082,,0.08408728046833422,0.049842943039792184,57.878883466166286,0.05608932349954615,0.016911086773859975,True,20,24,30,40,60,B,-20,7.0,10.0,18.5,18.5,Persistence
CFR,"Cullen/Frost Bankers, Inc. Common Stock",Financial Services,Banks - Regional,United States,その他,164.5,10.223474688,107.74421,0.08311923671446085,0.03849827345529351,0.1716318780544319,,-0.8522470397653163,0.004205128429432815,55.761024490829506,0.06997298490589117,0.026281534137814304,True,18,12,37,65,60,B,-20,9.25,4.75,28.6,28.6,Persistence
CHD,"Church & Dwight Company, Inc. Common Stock",Consumer Defensive,Household & Personal Products,United States,その他,103.23999786376953,24.488931328,197.29679791755677,0.01573578294116684,0.04076415753506365,0.0915804747377037,0.447317513541398,0.11941827120032773,0.24741932588303936,66.30759944699417,0.056730135469670366,0.01598851869177602,True,6,24,46,65,40,C,0,18.25,31.75,49.55,49.55,Persistence
CHH,"Choice Hotels International, Inc. Common Stock",Consumer Cyclical,Lodging,United States,その他,106.66000366210938,4.85254912,63.00566406326294,0.007542722005200528,0.02634044936907649,0.10144163589403038,0.5271647608675639,-0.2817557951265046,0.6930460286690131,43.462766042662345,-0.03148053563339739,0.1311951211190741,True,8,12,35,85,100,S,-10,18.75,21.75,50.5,50.5,Persistence
CHWY,"Chewy, Inc. Class A Common Stock",Consumer Cyclical,Internet Retail,United States,その他,23.530000686645508,9.63375104,182.4570372244072,0.062404626811563654,0.06401320451752379,0.10166024310702639,0.2978931079633377,0.2428729281767956,0.15408151140684412,60.461961873762554,0.13031535057384377,0.444129466836377,False,5,12,42,85,15,D,0,18.0,23.25,47.35,47.35,Persistence
CIEN,Ciena Corporation Common Stock,Technology,Communication Equipment,United States,通信/光通信,412.3900146484375,58.375012352,824.6707459429931,0.18793535668519323,-0.08471215071346519,0.20753051275635134,0.42036147551518427,0.7605394148047983,0.2771775447779047,57.443986361015234,-0.07503185908770027,0.3422806783916467,True,36,26,38,40,73,A,0,40.3,32.8,45.5,45.5,Persistence
CL,Colgate-Palmolive Company Common Stock,Consumer Defensive,Household & Personal Products,United States,その他,93.2699966430664,74.352304128,438.5835052146912,0.013979404009750758,0.03309862774322866,0.08292981577336228,0.6010695711902659,0.024816694867456288,0.5238211879975505,54.44296263617064,0.02824470407277755,0.04793551020878609,True,14,12,46,40,87,S,0,25.200000000000003,23.700000000000003,52.7,52.7,Persistence
CLF,Cleveland-Cliffs Inc. Common Stock,Basic Materials,Steel,United States,その他,12.260000228881836,6.99482112,329.80871815719604,-0.029971331769611677,-0.12779596290234588,-0.04319457131671669,-0.046211714132187,-0.7338983050847457,0.36243254047571455,74.55090222154709,0.07046190662982381,0.2422744130010916,True,18,0,6,85,50,B,-10,21.25,7.75,24.549999999999997,24.549999999999997,Persistence
CLH,"Clean Harbors, Inc. Common Stock",Industrials,Waste Management,United States,その他,308.1700134277344,16.267447296,153.949411907959,0.02391954976882664,0.08888639106462529,0.04694514095813402,0.3127655414994635,0.3043435549218124,0.3981734919050962,48.133319253705636,0.03496248135646202,0.05567807536328814,True,9,12,42,65,87,S,0,25.200000000000003,27.450000000000003,56.75,56.75,Persistence
CMG,"Chipotle Mexican Grill, Inc. Common Stock",Consumer Cyclical,Restaurants,United States,半導体,32.790000915527344,41.493057536,660.4073413391876,0.05407070429499128,0.14609555100672644,0.14325962412845358,0.253757190098847,-0.04226539276586482,0.5643222531558344,48.93882551562133,-0.005525840997822787,0.25544958597022976,False,0,12,37,40,73,A,-20,0.0,2.3000000000000007,24.950000000000003,24.950000000000003,Persistence
CMI,Cummins Inc. Common Stock,Industrials,Specialty Industrial Machinery,United States,その他,644.260009765625,88.691720192,671.5218720788574,-0.012667878716790804,0.0010861588140319977,0.21340029920923273,0.25292545292545293,3.0,0.23870322428806778,51.49805112323072,-0.03482543314748313,0.11452880607776217,True,12,12,30,40,100,S,0,25.0,25.0,46.5,46.5,Persistence
CMS,CMS Energy Corporation Common Stock,Utilities,Utilities - Regulated Electric,United States,電力/エネルギー,71.02999877929688,22.273384448,266.8664532637024,0.1362608117099135,0.007102653444116859,-0.13192182410423453,0.4152711090291603,-1.2314356435643565,0.47314789314238503,40.447955110124504,-0.030896729502186002,0.09733118645898466,False,39,14,6,65,90,S,0,48.0,29.25,37.55,48.0,Acceleration
CNA,CNA Financial Corporation Common Stock,Financial Services,Insurance - Property & Casualty,United States,その他,52.02000045776367,14.076660736,26.56401323375702,0.05100364311736553,0.06659047619047619,0.10377596501555798,,-0.029079159935379646,0.042783289892429764,45.80584666140304,0.0648533085929955,0.059482929557764797,True,0,12,37,65,72,A,-20,0.0,5.949999999999999,31.0,31.0,Persistence
CNK,"Cinemark Holdings Inc Cinemark Holdings, Inc. Common Stock",Communication Services,Entertainment,United States,その他,37.2400016784668,4.316557824,107.41357124130249,0.02147893097229054,-0.005608634688753383,0.24931763555627978,0.6412520064205457,-0.43781725888324874,0.6747558582737545,80.88577409754996,0.1481070924956442,0.02180189185738984,True,30,0,27,85,10,D,-10,26.25,3.75,28.1,28.1,Persistence
CNM,"Core & Main, Inc. Class A Common Stock",Industrials,Industrial Distribution,United States,その他,46.54999923706055,9.009288192,86.37817858428956,0.02768445101464857,0.11026559236048941,0.007668019846639603,0.2692559173532104,0.030716723549488054,0.40049301561216105,63.33331962037034,-0.0063482902643898845,0.30501646903483154,False,2,24,34,85,53,B,0,19.55,36.05,50.550000000000004,50.550000000000004,Persistence
CNO,"CNO Financial Group, Inc. Common Stock",Financial Services,Insurance - Life,United States,その他,55.15999984741211,5.103478784,38.2236734942627,0.00940255533561274,0.07205556091444006,0.1593603220755983,,,0.104450562765206,69.39891090078942,0.06882366550697751,0.009339088629913941,True,0,0,22,85,40,C,-20,0.0,0.0,21.35,21.35,Persistence
CNP,"CenterPoint Energy, Inc (Holding Co) Common Stock",Utilities,Utilities - Regulated Electric,United States,電力/エネルギー,40.68000030517578,26.796740608,277.1095178788376,0.08261020479000347,-0.00609475620975161,-0.06705289132067374,0.45057176445441915,-0.004212299915754001,0.4938324665835733,31.46066177348534,-0.05402828158995637,0.09680285350190726,False,38,12,10,65,70,A,0,45.25,25.75,35.75,45.25,Acceleration
CNR,"Core Natural Resources, Inc. Common Stock",Energy,Thermal Coal,United States,電力/エネルギー,89.5999984741211,4.44740864,50.27814314376831,0.9242115388702489,-0.13652925136687233,0.09939263637392336,-0.0002662808915247522,-0.929052084101313,0.07381469621877658,60.03557847328601,0.050772468124359794,0.20784714915922486,True,40,10,33,85,65,A,0,49.25,26.75,52.400000000000006,52.400000000000006,Persistence
CNS,Cohen & Steers Inc Common Stock,Financial Services,Asset Management,United States,その他,83.5999984741211,4.298840064,22.84328158306122,0.07706223067622275,0.06446341632705675,-0.12108435414938193,0.48564756756756755,-2.486664785154872,0.15778139236723418,54.87587699096309,0.07374135460189911,0.012404052366576853,True,38,12,18,85,60,B,-30,17.25,0.0,13.149999999999999,17.25,Acceleration
CNX,CNX Resources Corporation Common Stock,Energy,Oil & Gas E&P,United States,電力/エネルギー,35.13999938964844,5.198738944,60.5718711479187,0.48866481238417975,-0.044549676823147644,-0.6162289496064445,0.47234760951479904,0.9385544224478757,0.28642239450319457,66.71158274420611,0.04383883440877317,0.17531098600567452,False,71,85,34,85,70,A,0,73.0,83.5,53.95,83.5,Transition
COF,Capital One Financial Corporation Common Stock,Financial Services,Credit Services,United States,その他,217.75999450683594,133.592457216,938.6718771212769,0.3661791777459603,0.06320167450458042,0.07407299270072992,,0.5417281038041876,0.07535474111708512,62.9081375893053,0.0871779082708133,0.1489047107442206,True,41,20,57,25,65,A,-20,21.0,5.25,30.6,30.6,Persistence
COHR,Coherent Corp. Common Stock,Technology,Scientific & Technical Instruments,United States,その他,379.1300048828125,74.172735488,2071.037460322876,0.23417588421322738,-0.08767504505726634,0.5558328127223652,0.3516835725282546,-0.030922755951034362,0.26112767166326784,66.37892031363789,0.1054139251745868,0.11187895740535755,True,37,54,33,40,50,B,0,38.75,51.5,38.150000000000006,51.5,Transition
COMP,"Compass, Inc. Class A Common Stock",Real Estate,Real Estate Services,United States,その他,12.579999923706055,9.656969216,156.9075714484024,0.23671634897230462,0.15232343909928353,-0.1882685277500831,0.18413870374626523,0.9215500945179584,0.3093212081844755,59.905662711467166,0.17834394463504313,0.07363770291738667,True,51,35,26,85,57,B,0,56.7,44.7,46.949999999999996,56.7,Acceleration
COP,ConocoPhillips Common Stock,Energy,Oil & Gas E&P,United States,電力/エネルギー,117.61000061035156,141.28930816,755.1397070188904,0.07670106859073889,-0.02486596248730874,-0.2847733584732591,0.2508821932681867,-0.09530352235823132,0.19226006445845872,53.84003052970681,0.036737588741199555,0.11446903164752055,True,30,0,25,25,100,S,0,36.25,13.75,40.0,40.0,Persistence
COTY,Coty Inc. Class A Common Stock,Consumer Defensive,Household & Personal Products,United States,その他,2.819999933242798,2.482915328,27.285572054075004,-0.03679306963059824,0.10152860049332925,0.04707412713973305,0.6483904359483447,-0.24851109907958852,0.3565088136247974,56.12244302160997,0.2305812224003522,0.44378701424802547,True,12,0,33,100,45,C,0,28.5,19.5,52.150000000000006,52.150000000000006,Persistence
COUR,"Coursera, Inc. Common Stock",Consumer Defensive,Education & Training Services,United States,その他,5.809999942779541,1.663743616,42.790039528577324,0.09039873326615805,0.09263919471531928,0.2139240409656405,0.5457425742574258,0.16318537859007834,,54.9857539794509,0.0406218559169056,0.5237704890481056,False,13,37,48,100,65,A,-5,26.25,44.25,59.400000000000006,59.400000000000006,Persistence
CPAY,"Corpay, Inc. Common Stock",Technology,Software - Infrastructure,United States,ソフトウェア,392.94000244140625,25.68331264,226.95821601013185,0.13933868382366077,0.057713203142651166,0.096462665980767,0.7859781914286339,-0.26410269917848134,0.3787350753849145,64.72125372687685,0.08958778413682121,0.013407643753784719,True,38,14,48,65,40,C,0,42.25,24.25,50.650000000000006,50.650000000000006,Persistence
CPF,Central Pacific Financial Corp New,Financial Services,Banks - Regional,United States,その他,38.900001525878906,1.001575168,5.944698233184814,0.17246549349282647,-0.003474092099882172,-0.04992152276609168,,0.2237395097246344,0.013779549079318651,53.58025551859122,0.036366094784654045,0.027256816875174505,True,40,26,30,100,75,A,-25,27.5,17.0,31.5,31.5,Persistence
CPK,Chesapeake Utilities Corporation Common Stock,Utilities,Utilities - Regulated Gas,United States,その他,133.85000610351562,3.213037312,27.115334236450195,0.18140243902439024,0.1738741425589025,-0.014837667107389452,0.4143010752688172,-0.8541846419327006,0.40742965855612295,52.48685279595718,0.052622311307292814,0.02950980365040423,True,39,14,14,85,60,B,0,48.0,29.25,40.95,48.0,Acceleration
CPNG,"Coupang, Inc. Class A Common Stock",Consumer Cyclical,Internet Retail,United States,その他,16.229999542236328,29.173614592,347.93329313661576,0.14094092771243558,0.24135668293483165,0.18461837438662973,0.2936526321885678,-0.4816285998013903,0.26058357227188395,47.90418340988737,-0.04110887000320726,0.5159558564536079,False,5,14,58,65,65,A,0,20.0,26.75,61.150000000000006,61.150000000000006,Persistence
CR,Crane Company Common Stock,Industrials,Specialty Industrial Machinery,United States,その他,219.8800048828125,12.709142528,113.82198392761231,0.0815503003003003,0.1445142580956984,0.04806664040074295,0.4220390455531453,0.5429475587703436,0.315617376861992,52.013087067804236,0.040476283568903544,0.028970135523166754,True,13,24,42,65,75,A,0,27.0,35.25,54.35,54.35,Persistence
CRBG,Corebridge Financial Inc. Common Stock,Financial Services,Asset Management,United States,その他,33.68000030517578,15.013486592,151.12788696937562,-0.050732272679380463,-0.0014729089952656496,-0.2624636275460718,,,0.026371851325242356,66.39786028203648,0.13241325081097127,0.009702970674611467,True,0,0,10,65,25,D,-20,0.0,0.0,6.75,6.75,Persistence
CRC,California Resources Corporation Common Stock,Energy,Oil & Gas E&P,United States,電力/エネルギー,52.08000183105469,4.624438784,39.59590459213257,0.15082854244166385,0.05119089939566299,-0.13044822256568778,0.42844548927416987,,0.1835742266648656,49.39068776644763,-0.04341897053894857,0.25241230186061586,False,39,2,14,85,73,A,0,49.3,21.55,43.550000000000004,49.3,Acceleration
CRCL,"Circle Internet Group, Inc. Class A Common Stock",Financial Services,Capital Markets,United States,その他,66.66999816894531,18.1738496,804.960223892212,0.6385605275575942,0.15566514485689426,0.8787154233134555,0.08669240476188743,0.5907168437661632,0.000467786809905992,51.72219266483866,-0.0870600183896409,0.5915079013149708,False,45,22,68,65,55,B,-20,29.0,11.75,44.650000000000006,44.650000000000006,Persistence
CRGY,Crescent Energy Company Class A Common Stock,Energy,Oil & Gas E&P,United States,電力/エネルギー,11.569999694824219,4.551673856,68.94973553134918,0.2213855108244206,0.23013369417133034,-0.2206243570221765,0.7855137547481942,-3.233984338145108,0.4588498768846327,63.681580119171294,0.0719513454793533,0.16110192487728237,True,24,40,17,85,65,A,0,37.25,49.25,43.6,49.25,Transition
CRI,"Carter's, Inc. Common Stock",Consumer Cyclical,Apparel Retail,United States,その他,39.959999084472656,1.466978816,42.85789821807861,0.01910058078085807,-0.034455529173402714,-0.08315007814219233,0.4535689370713622,-0.7171319995713497,0.47247560875784944,62.61061144020842,0.0024031362181407487,0.08671164897374795,True,38,0,25,100,80,S,-5,46.5,18.0,49.75,49.75,Persistence
CRK,"Comstock Resources, Inc. Common Stock",Energy,Oil & Gas E&P,United States,電力/エネルギー,13.40999984741211,3.93745152,33.08173207357407,0.5382751798848099,-0.19904620061605932,-0.56860958909962,0.22907707154973342,0.05756788873729149,0.4149298236550497,55.53190984246719,-0.001325621359675103,0.5100475178579604,False,60,87,2,85,65,A,0,64.25,84.5,35.35,84.5,Transition
CSL,Carlisle Companies Incorporated Common Stock,Industrials,Building Products & Equipment,United States,その他,387.489990234375,15.388828672,193.45825252441406,0.003257654488768087,0.09084566918834071,-0.15827430542812052,0.3570987469869918,0.058451472191930205,0.46009899409228805,74.45148458869714,0.10148097133706376,0.06903789910469862,True,6,12,26,65,22,D,0,16.45,20.95,34.95,34.95,Persistence
CSW,"CSW Industrials, Inc. Common Stock",Industrials,Specialty Industrial Machinery,United States,その他,350.67999267578125,5.71379968,65.08445324066162,0.2325489780838232,0.10779097926441653,0.04609554772108341,0.41908680346109045,-0.1295234588680833,0.40781479045048874,77.61959646737557,0.22441317058444332,0.0,True,43,5,41,85,10,D,0,46.0,17.5,45.8,46.0,Acceleration
CTOS,"Custom Truck One Source, Inc. Common Stock",Industrials,Rental & Leasing Services,United States,その他,10.420000076293945,2.370607616,12.144093288917542,0.07860987193998713,-0.03368184011581148,0.1856313005137672,0.21188328754185407,0.46849441975594575,0.702463842317811,51.871661981168764,-0.010953538916081154,0.12949040569400122,True,23,12,0,100,100,S,-10,32.25,24.0,35.0,35.0,Persistence
CTRI,"Centuri Holdings, Inc. Common Stock",Utilities,Utilities - Regulated Gas,United States,その他,23.850000381469727,2.407969024,52.190359584760664,0.13102843932021072,-0.09038359921580422,0.05033787663563049,0.08266312545238823,-1.1392940217668133,0.38962772032798026,39.39767195702689,-0.15469294773050699,0.42942581778030425,False,23,37,6,100,33,D,0,35.55,46.05,34.9,46.05,Transition
CTS,CTS Corporation Common Stock,Technology,Electronic Components,United States,半導体,66.2300033569336,1.891276928,15.237868022346497,0.05160114695117687,-0.06479755533027386,-0.06210414930759676,0.3842953679722455,0.08512776702932234,0.10832501429391962,67.67220753645492,0.041531903186250406,0.02986857198032044,True,24,24,34,100,55,B,-5,33.5,33.5,49.7,49.7,Persistence
CTVA,"Corteva, Inc. Common Stock ",Basic Materials,Agricultural Inputs,United States,その他,76.83000183105469,51.260674048,357.0920191104126,0.029157795126567305,-0.018460466736328805,-0.013119450014322544,0.4729038561002241,0.8184754521963824,0.06021706150075855,30.8727430803049,-0.060745219603423974,0.15114351985745653,True,38,24,38,40,80,S,0,42.5,32.0,46.900000000000006,46.900000000000006,Persistence
CUBI,"Customers Bancorp, Inc Common Stock",Financial Services,Banks - Regional,United States,その他,82.06999969482422,2.771717376,24.186028910064696,0.16569187737000346,-0.0721246958251624,0.16968821532875522,,3.0,0.0685022510562797,70.05305866762762,0.06007841968355478,0.018888246290896724,True,35,26,30,100,25,D,-20,23.75,17.0,26.5,26.5,Persistence
CVI,CVR Energy Inc. Common Stock,Energy,Oil & Gas Refining & Marketing,United States,電力/エネルギー,31.149999618530273,3.131528192,31.86691685975075,-0.058869908015768725,-0.17703038823402184,-0.15133994126284875,0.04705389555989947,-2.383720930232558,0.48057204533189424,39.11965669158044,-0.017610487535439583,0.219117091428337,True,18,12,2,85,90,S,0,35.25,30.75,40.35,40.35,Persistence
CVNA,Carvana Co. Class A Common Stock,Consumer Cyclical,Auto & Truck Dealerships,United States,その他,70.8499984741211,105.429917696,741.9815685201263,0.48628684268265926,0.26942716553709034,-0.20824757424286974,0.20627890955614606,0.07496977025392987,0.41822589197788046,61.36131757712516,0.06148045144813781,0.2595882885727316,False,49,32,30,25,38,C,0,44.3,31.55,30.35,44.3,Acceleration
CVSA,Covista Inc. Common Shares,Consumer Defensive,Education & Training Services,United States,その他,140.97999572753906,4.798792704,52.804762299728395,0.09271147297138607,0.12850644810343217,0.0922412473997571,0.5733757743393967,0.3656614691277315,0.3005585008570363,70.50916800146894,0.13248951405033216,0.0872126998177738,True,13,24,54,85,35,C,0,26.0,34.25,57.95,57.95,Persistence
CVX,Chevron Corporation Common Stock,Energy,Oil & Gas Integrated,United States,電力/エネルギー,186.55999755859375,365.956726784,1410.0260583477784,-0.04643924431530293,-0.017769268661794804,-0.16462113466572204,0.30410124056562854,0.10289816538154746,0.12579163734676493,45.79437653020938,0.0203043485817171,0.10836493748838637,True,6,12,34,10,100,S,0,16.0,20.5,41.2,41.2,Persistence
CWEN,"Clearway Energy, Inc. Class C Common Stock",Utilities,Utilities - Renewable,United States,電力/エネルギー,32.650001525878906,8.052665856,38.41599179534912,0.04230488694383661,0.04337899543378995,0.10420168067226891,0.629111266620014,-0.2919254658385093,0.5645151606124287,45.355186558083226,-0.07469857721301594,0.20867661526687026,False,12,12,41,85,80,S,0,29.75,29.75,59.8,59.8,Persistence
CWK,Cushman & Wakefield Ltd. Common Shares,Real Estate,Real Estate Services,United States,その他,13.829999923706055,3.246090496,29.389233887872695,0.0891017837294236,-0.0049717180867312,-0.060559882046765684,0.18273361715363232,0.7544910179640718,0.3903290519240289,59.94831920358542,0.037992160811131964,0.19593027265991067,False,39,12,26,85,90,S,0,51.0,30.75,53.55,53.55,Persistence
CWT,California Water Service Group Common Stock,Utilities,Utilities - Regulated Water,United States,その他,50.529998779296875,3.1247296,25.325635388183592,-0.03536437867836413,0.3047624560802988,-0.061196955215487146,0.6433659287699722,-0.19172136295176537,0.2830901587240012,45.35517371483127,0.04588824596224282,0.036422576228659534,True,12,0,18,85,87,S,0,30.450000000000003,21.450000000000003,48.55,48.55,Persistence
CXT,"Crane NXT, Co. Common Stock",Industrials,Specialty Industrial Machinery,United States,その他,53.33000183105469,3.069744384,32.38384366188049,0.11427226257734732,0.06864083950262345,0.03836107172177028,0.42482042614836724,0.1754593953764078,0.38817225003208833,57.557358798962674,0.12407156759170676,0.21739777850675618,True,41,14,42,85,70,A,0,50.5,30.25,58.35,58.35,Persistence
CXW,"CoreCivic, Inc. Common Stock",Industrials,Security & Protection Services,United States,その他,32.27000045776367,3.191292928,35.577998204689024,0.12720745741076628,0.03427702219984341,0.02780317222565732,0.2345596156263935,-0.7274146134497076,0.41487768608084824,53.76344159530915,0.11759125704350014,0.0,True,35,14,29,85,45,C,0,43.5,27.75,46.2,46.2,Persistence
D,"Dominion Energy, Inc. Common Stock",Utilities,Utilities - Regulated Electric,United States,電力/エネルギー,67.38999938964844,59.271254016,257.3917223188019,0.14157272287156789,0.004585562426179393,0.03264456880470656,0.49018538713195203,-0.013927576601671309,0.42242592161026093,33.51832407532855,-0.020033274132732756,0.059980512000572125,True,34,21,22,40,77,A,0,39.2,29.45,37.5,39.2,Acceleration
DAN,Dana Incorporated Common Stock ,Consumer Cyclical,Auto Parts,United States,その他,28.440000534057617,3.059480832,36.866346092290875,-0.030256012412723042,0.01589386575594378,-0.25039385584875934,0.08026666666666667,1.1594202898550725,0.4505635245901639,66.60010859244287,-0.023946921851285094,0.26367832570761096,False,15,54,22,85,53,B,0,29.3,58.55,43.95,58.55,Transition
DBD,Diebold Nixdorf Incorporated Common stock,Technology,Software - Application,United States,ソフトウェア,75.37999725341797,2.558893824,22.873306366577147,0.014555730319106395,,,0.25256851564758126,1.1966911764705883,0.2434879618098796,37.4937275939309,-0.08757934074821756,0.16936642144993974,True,12,47,30,100,80,S,0,32.0,58.25,57.5,58.25,Transition
DBRG,"DigitalBridge Group, Inc.",Financial Services,Asset Management,United States,その他,15.9399995803833,2.946995968,51.3006570495224,-0.8764771630165096,-0.2519595154276248,0.2713205845863239,2.920271178843568,3.0,0.09679683620234314,65.11623780733933,0.011073236303909493,0.0,True,27,24,45,100,55,B,-20,20.75,18.5,40.75,40.75,Persistence
DCH,Dauch Corporation Common Stock,Consumer Cyclical,Auto Parts,United States,その他,6.349999904632568,1.50727872,20.60279694057703,-0.04705382945027674,0.007467719384817831,0.047756100923755686,0.12070176640910103,-0.2692119432207538,0.6258133189409613,69.23077057435142,0.0937715101248596,0.2944444550408257,True,0,0,15,100,48,C,-15,4.800000000000001,4.800000000000001,27.85,27.85,Persistence
DCO,Ducommun Incorporated Common Stock,Industrials,Aerospace & Defense,United States,防衛/宇宙,197.07000732421875,2.975713536,59.77724532165527,0.04882368947741855,0.038903977849171455,0.062389742567754376,0.268676675084471,-3.4259637923295596,0.2914915944252222,68.83703340383013,0.15466828518834513,0.02179092248261232,True,21,0,18,100,25,D,-10,23.25,7.5,29.9,29.9,Persistence
DCOM,"Dime Commercial Bancshares, Inc. Common Stock",Financial Services,Banks - Regional,United States,その他,40.31999969482422,1.780393984,14.208163092460632,0.4420007704577219,-0.10963866691989557,-0.15607424542903553,,0.965936765878575,0.05385555160334648,53.79188083640571,0.02105292301306452,0.034020170736484216,True,53,32,30,100,87,S,-25,38.45,22.700000000000003,33.900000000000006,38.45,Acceleration
DD,"DuPont de Nemours, Inc. Common Stock",Basic Materials,Specialty Chemicals,United States,その他,142.47000122070312,19.239573504,245.06051204971314,0.019348117279357046,0.015875415784699122,-0.4918952139509872,0.34501387063804934,0.075,0.1480417149478563,61.19254443704603,0.018880079608386315,0.07103092141408365,True,36,12,34,65,67,A,0,43.45,25.45,48.35,48.35,Persistence
DE,Deere & Company Common Stock,Industrials,Farm & Heavy Construction Machinery,United States,その他,620.8300170898438,167.585267712,654.3362131121826,-0.11585969357456748,-0.16149913690081,0.17483717483717484,0.3648270457852905,-0.2704899525852337,0.6061549492433677,61.912585165939724,0.041609468244596236,0.057706985611235544,True,22,0,19,25,67,A,-30,0.0,0.0,0.10000000000000142,0.10000000000000142,Persistence
DECK,Deckers Outdoor Corporation Common Stock,Consumer Cyclical,Footwear & Accessories,United States,その他,97.45999908447266,13.272283136,226.1364358757019,0.09761770470706504,0.16275363167227294,0.18208572469885198,0.5770385958654284,0.1450197839624689,0.10174021392360956,38.382768133277295,-0.07348255890061843,0.21346141389651904,False,10,24,58,65,70,A,0,24.25,34.75,62.150000000000006,62.150000000000006,Persistence
DELL,Dell Technologies Inc. Class C Common Stock ,Technology,Computer Hardware,United States,その他,453.7699890136719,293.20003584,2904.0417133895876,0.1880460828528676,0.08076901328809725,-0.13563894781087185,0.19999471542567246,3.0,0.31103015224216574,63.13387579205285,0.09215895267971119,0.028891219888733326,True,47,26,26,25,40,C,0,43.0,27.25,28.55,43.0,Acceleration
DFH,"Dream Finders Homes, Inc. Class A Common Stock",Consumer Cyclical,Residential Construction,United States,その他,15.029999732971191,1.363579904,9.765216276507378,-0.028541173953650592,0.1870748063403107,0.12154706215864058,0.1745994770114517,0.5518824935370736,0.43090540428879104,50.714964962234845,-0.02006808497681985,0.5150048453056543,False,9,12,2,100,65,A,-15,13.25,15.5,24.1,24.1,Persistence
DFIN,"Donnelley Financial Solutions, Inc. Common Stock ",Technology,Software - Application,United States,ソフトウェア,47.380001068115234,1.164855552,13.55139100549698,-0.019056145287121115,-0.0191921726041144,-0.04366602687140115,0.6344198174706649,0.024714828897338403,0.2230134932533733,45.80153205248791,0.0805756668865498,0.18169257652025564,True,44,12,42,100,85,S,-25,31.5,7.5,40.099999999999994,40.099999999999994,Persistence
DG,Dollar General Corporation Common Stock,Consumer Defensive,Discount Stores,United States,その他,126.58999633789062,27.924062208,284.0122521838379,0.05200544130611833,0.049641228412082836,0.02237413304944452,0.30660930299520633,0.41938801169035733,0.5076473667739643,53.3381686109281,0.0803163371529877,0.18177812169787558,True,39,24,38,65,85,S,0,47.5,36.25,54.150000000000006,54.150000000000006,Persistence
DHI,"D.R. Horton, Inc. Common Stock",Consumer Cyclical,Residential Construction,United States,その他,151.0800018310547,42.257268736,410.4367747743988,-0.06931801507551343,0.037816832297436015,0.05915173237753883,0.23696657557284004,0.6218819461595456,0.17002807911770676,58.80156040161157,0.0009428486745891658,0.16923816968211286,True,9,12,30,40,100,S,0,22.75,25.0,46.5,46.5,Persistence
DINO,HF Sinclair Corporation Common Stock,Energy,Oil & Gas Refining & Marketing,United States,電力/エネルギー,81.41000366210938,14.473383936,254.94275336822508,-0.05986703988803359,-0.10586910274058316,-0.16335558173014003,0.051806915032193236,0.240625,0.19576014536644457,30.26314732770274,0.05124653412400456,0.11932062405870573,True,38,24,30,65,75,A,0,45.75,35.25,47.75,47.75,Persistence
DIS,Walt Disney Company (The) Common Stock,Communication Services,Entertainment,United States,その他,104.91000366210938,181.146730496,1253.7427352645875,0.03353728615054564,0.027705910144210217,0.07465970358550325,0.3776436325125761,0.1773571678934455,0.22720921048634526,70.12311071294397,0.06393746406992659,0.1045842219705502,True,24,24,46,25,50,B,0,26.75,26.75,41.55,41.55,Persistence
DK,"Delek US Holdings, Inc. Common Stock",Energy,Oil & Gas Refining & Marketing,United States,電力/エネルギー,58.459999084472656,3.579632896,74.91444272678375,-0.09528188859452254,-0.280254080839487,-0.1683652340790869,0.05489186693898106,0.987535182951347,0.4828482556186749,37.61579084061986,0.08326682884552648,0.1353990337191792,True,33,37,2,85,75,A,0,45.0,48.0,37.35,48.0,Transition
DKS,Dick's Sporting Goods Inc Common Stock,Consumer Cyclical,Specialty Retail,United States,その他,208.83999633789062,18.691708928,258.72456206314087,0.2806154409679079,0.035307756639333096,0.049821404864314106,0.3292025847046085,-0.21423409978989533,0.44491534014388995,44.933420537184,-0.0405867917940182,0.12681357220076628,False,31,5,41,65,90,S,0,42.0,22.5,56.8,56.8,Persistence
DLB,Dolby Laboratories Common Stock,Industrials,Specialty Business Services,United States,その他,61.77000045776367,5.785921536,59.76031349287033,0.059203703165763934,-0.02002163502966738,0.03664959048263948,0.8813072127963947,0.44748271627781794,0.012044885617270181,83.62536691955833,0.16592047466355583,0.16909031478090952,True,38,12,45,85,35,C,0,44.75,25.25,53.0,53.0,Persistence
DLX,Deluxe Corporation Common Stock,Industrials,Conglomerates,United States,その他,25.010000228881836,1.146865792,9.658486938390732,0.0053727966820624,-0.032158007571956394,-0.020424394886528658,0.5300487530470654,0.753,0.5170414862410951,42.39888123466406,0.01646834087392936,0.20600423869932483,True,35,24,30,100,100,S,-5,46.25,38.0,56.5,56.5,Persistence
DNOW,DNOW Inc. Common Stock,Industrials,Industrial Distribution,United States,その他,16.520000457763672,2.9886464,40.896995733242036,0.18836915297092288,0.02240413614821198,0.08661048689138577,0.16950354609929077,-0.5363321799307958,0.14908256880733944,75.09804614550043,0.21313597513416646,0.020746909547019986,True,23,2,37,100,10,D,0,33.25,17.5,47.35,47.35,Persistence
DOCN,"DigitalOcean Holdings, Inc. Common Stock",Technology,Software - Infrastructure,United States,ソフトウェア,124.1500015258789,14.597501952,456.53307611106874,0.15476515311645306,0.12661715380929564,0.20225151911604972,0.5985975569846477,-0.5728882975405917,0.8717966158877513,52.64423389360645,-0.14022829823612898,0.3151855804311767,True,37,21,60,65,61,B,-20,23.6,11.600000000000001,41.45,41.45,Persistence
DOV,Dover Corporation Common Stock,Industrials,Specialty Industrial Machinery,United States,その他,211.1300048828125,28.43503616,261.9848891589356,0.044754205090713046,0.007994429288347052,-0.020358803871510244,0.397669541607976,0.9167076987704141,0.26633067665949733,51.47987393131256,-0.014409673483432783,0.09076532453192697,True,43,12,30,65,100,S,0,52.0,28.75,52.75,52.75,Persistence
DOW,Dow Inc. Common Stock ,Basic Materials,Chemicals,United States,その他,29.34000015258789,21.193478144,302.0878689710617,-0.06973279955311423,-0.037156559544619244,-0.21580963762257918,0.06337570056044836,-8.582781456953642,0.33479107588233287,44.100798879624044,-0.04930399030809605,0.2921340910477703,False,0,0,6,65,73,A,0,17.05,17.05,34.150000000000006,34.150000000000006,Persistence
DRI,"Darden Restaurants, Inc. Common Stock",Consumer Cyclical,Restaurants,United States,その他,213.75999450683594,24.385306624,282.1247159500122,0.09391638444276997,0.06028972783143108,0.08602376094128415,0.21667713781801393,0.05971166958893435,0.4917356014429655,72.31384649236503,0.052942400664824,0.006915661972458006,True,20,24,34,65,25,D,-20,7.25,10.25,19.950000000000003,19.950000000000003,Persistence
DT,"Dynatrace, Inc. Common Stock",Technology,Software - Application,United States,ソフトウェア,48.970001220703125,14.212507648,250.41740554229736,0.18820698152627655,0.18745010590480451,0.23478028190897085,0.8155933426047631,0.22959149313659238,0.037213368133205756,62.98781018254255,0.1272864842618372,0.038861619481595,True,46,14,100,65,37,C,0,47.95,23.95,78.65,78.65,Persistence
DTE,DTE Energy Company Common Stock,Utilities,Utilities - Regulated Electric,United States,電力/エネルギー,139.8699951171875,29.105276928,184.7976362487793,0.26948703540178215,-0.022597096900745392,-0.3371645516954441,0.3030858732768433,-0.23786407766990292,0.48625753708430436,31.839904910612148,-0.045443800892721986,0.09428218771700522,False,43,17,6,65,80,S,0,50.0,30.5,35.55,50.0,Acceleration
DTM,"DT Midstream, Inc. Common Stock ",Energy,Oil & Gas Midstream,United States,電力/エネルギー,131.44000244140625,13.40889088,113.60688011016846,0.2670744138634047,0.06399132321041215,0.002173913043478261,0.7924376508447305,0.06779661016949153,0.3345238095238095,25.309409031490944,-0.07572145041936053,0.1280350427785612,True,56,29,61,65,63,B,0,58.05,37.8,62.400000000000006,62.400000000000006,Persistence
DUK,Duke Energy Corporation (Holding Company) Common Stock,Utilities,Utilities - Regulated Electric,United States,電力/エネルギー,124.8499984741211,97.34582272,505.9321458166504,0.06192970319860329,0.044631796283551274,0.010150166852057841,0.5117721872382666,-36.291666666666664,0.4642426533698451,46.47391267854799,-0.004993774663713644,0.05642995873148619,True,38,12,22,40,87,S,0,43.2,23.700000000000003,39.5,43.2,Acceleration
DV,"DoubleVerify Holdings, Inc. Common Stock",Communication Services,Advertising Agencies,United States,その他,13.210000038146973,2.027261952,51.23280549794674,0.1392131220417478,0.14724832894647213,0.26551772917965244,0.821594807367722,0.3029015583141531,0.0735191812608099,64.91862037662025,0.20483027336133855,0.18807623438981141,True,25,14,82,100,50,B,0,38.75,30.5,80.1,80.1,Persistence
DVN,Devon Energy Corporation Common Stock,Energy,Oil & Gas E&P,United States,電力/エネルギー,42.97999954223633,47.27799808,439.38818862024306,0.07829360100376412,0.04469786341591296,-0.20402733580259794,0.2554689318128927,3.0,0.2717174594132726,46.48506754992373,-0.012078188402001824,0.1687017101271065,True,42,25,26,40,100,S,0,47.5,34.75,44.3,47.5,Acceleration
DXC,DXC Technology Company Common Stock ,Technology,Information Technology Services,United States,その他,10.84000015258789,1.732001024,44.727087229595185,-0.01763654727682387,-0.05824248189068559,-0.05287595287595288,0.23971844353052832,-0.0036496350364963502,0.3294802172226532,68.92231876354028,0.12940197329265574,0.2974724602596565,False,18,0,21,100,23,D,-5,25.8,12.3,36.15,36.15,Persistence
EAT,"Brinker International, Inc. Common Stock",Consumer Cyclical,Restaurants,United States,その他,225.1999969482422,9.658331136,237.105194786911,0.21949672714094812,0.06820381302622665,0.08651192134801924,0.18245978975520968,0.8551569506726457,0.6322332561786007,72.05259098427531,0.2771000710763261,0.009108141353036352,True,39,36,40,85,10,D,-30,13.0,10.75,15.25,15.25,Persistence
ECAT,BlackRock ESG Capital Allocation Term Trust Common Shares of Beneficial Interest,Financial Services,Asset Management,United States,その他,15.720000267028809,1.563641728,8.068368737053872,-0.1160516485564761,-0.17765033785973627,1.955884027034504,,,0.00021349130274929428,58.510655027106154,0.03186256310288364,0.0,True,18,0,18,100,75,A,-25,11.0,0.0,24.9,24.9,Persistence
ECG,"Everus Construction Group, Inc. Common Stock",Industrials,Engineering & Construction,United States,その他,136.88999938964844,6.987085824,83.24212417884827,0.31466705969256253,-0.0016483381738304857,0.057475224599425764,0.12120691215296231,-0.2179862553106456,0.215237651201951,53.8178689219985,-0.041636218817785224,0.1907661596941026,True,32,20,33,85,100,S,0,46.75,37.75,59.400000000000006,59.400000000000006,Persistence
ECL,Ecolab Inc. Common Stock,Basic Materials,Specialty Chemicals,United States,その他,285.1700134277344,79.941312512,358.5984401852417,0.021586390028841145,0.02749311366692341,0.0798150523689367,0.44464343456955946,0.046663735297350774,0.36432583018508846,66.83654744531904,0.05149033442499974,0.0701684452253255,True,6,12,42,40,52,B,0,15.7,20.2,43.5,43.5,Persistence
ECVT,Ecovyst Inc. Common Stock,Basic Materials,Specialty Chemicals,United States,その他,10.380000114440918,1.136281984,13.379404947509766,0.20929474590294087,0.02299754635843685,-0.2869126596184398,0.21849719770840964,-0.2587702553660813,0.3415935884686331,21.14285636434728,-0.1648698135194732,0.3066132311765748,False,39,5,21,100,24,D,-5,41.65,16.15,36.349999999999994,41.65,Acceleration
ED,"Consolidated Edison, Inc. Common Stock",Utilities,Utilities - Regulated Electric,United States,電力/エネルギー,107.9800033569336,39.934099456,243.36425176582335,0.10894074462506555,0.040441928663984175,-0.06426292278238672,0.5325097529258778,1.031114952463267,0.38036003914051714,38.32701225749145,-0.011977386404508206,0.05695055411294121,True,55,39,34,40,77,A,0,54.95,42.95,44.1,54.95,Acceleration
EFOR,"Everforth, Inc. Common Stock",Technology,Information Technology Services,United States,その他,32.220001220703125,1.321020032,35.554932447052,-0.0290996902212357,-0.07884330202669303,-0.02848660801990788,0.28868957893679026,-0.21003564573622155,0.3180050580589019,94.54078166985477,0.5298274162291399,0.40608292680731567,False,18,0,21,100,0,D,-5,23.5,10.0,31.549999999999997,31.549999999999997,Persistence
EFX,"Equifax, Inc. Common Stock",Industrials,Consulting Services,United States,その他,182.55999755859375,21.448042496,334.2472739300537,0.069247152840119,0.07899035174352351,0.02791769161688337,0.5644744423409334,0.39520295202952027,0.4292999106555857,52.025477834010246,0.08033256140062782,0.2981564029384359,False,13,24,42,65,58,B,0,25.3,33.55,50.95,50.95,Persistence
EIX,Edison International Common Stock,Utilities,Utilities - Regulated Electric,United States,電力/エネルギー,68.62000274658203,26.405937152,212.853415819664,0.09761918290811977,0.077182029624189,-0.05121951219512195,0.48071646736035617,-0.031746031746031744,0.4418884138429796,28.83767954234125,-0.06756580852187709,0.14630498766701402,True,48,26,10,65,63,B,0,52.05,35.55,34.35,52.05,Acceleration
ELF,"e.l.f. Beauty, Inc. Common Stock",Consumer Defensive,Household & Personal Products,United States,その他,98.48999786376953,5.811697152,268.3758876289749,0.2458704379159158,0.2828166323544923,0.7689256518163788,0.7072207773796313,0.6481269510926119,0.38297388894133133,76.0364954360672,0.39144756173136336,0.3284925404422417,True,30,17,83,85,18,D,0,37.05,27.3,70.5,70.5,Persistence
EME,"EMCOR Group, Inc. Common Stock",Industrials,Engineering & Construction,United States,その他,816.9000244140625,36.033380352,414.80957889709475,0.16616001135786643,0.15761448120790855,0.1360361751226964,0.19327130810714582,-0.10775471437659796,0.05039165791932948,61.617191273586094,0.022721234694618175,0.13396344876678298,True,35,14,62,40,80,S,0,40.25,24.5,60.1,60.1,Persistence
EMN,Eastman Chemical Company Common Stock,Basic Materials,Specialty Chemicals,United States,その他,73.63999938964844,8.419012608,95.06739821205139,-0.06714986143679386,0.018675352877307275,-0.12948960302457466,0.21069469835466179,-0.38372093023255816,0.3221616528703143,72.09855623736269,0.04408465332000388,0.0736418019801239,True,0,0,21,85,52,B,0,17.95,17.95,43.199999999999996,43.199999999999996,Persistence
EMR,Emerson Electric Company Common Stock,Industrials,Specialty Industrial Machinery,United States,電力/エネルギー,158.25999450683594,88.277426176,487.77787686935426,0.02995655156643037,0.15344543356412793,0.09859461025789626,0.528363676731794,-0.08444902162718847,0.3278762749022972,74.110316721749,0.09884917226223437,0.02591251727848647,True,11,19,41,40,25,D,0,16.75,22.75,37.55,37.55,Persistence
ENR,"Energizer Holdings, Inc. Common Stock",Industrials,Electrical Equipment & Parts,United States,電力/エネルギー,22.56999969482422,1.545675776,26.22002004547119,0.022757187391756147,-0.02456330033449336,-0.029638372512376644,0.4174823043316287,-0.8094663852879108,0.7752759672570062,67.07691278401512,0.09383631549175993,0.20113196791290344,True,37,19,19,100,65,A,-15,34.25,20.75,33.45,34.25,Acceleration
ENS,EnerSys Common Stock,Industrials,Electrical Equipment & Parts,United States,電力/エネルギー,191.72000122070312,6.989368832,79.36249450531005,0.03698523238884348,0.009969091572532902,-0.034166186024350564,0.2925758441702458,2.357187993680885,0.297174048365808,49.54604602375898,-0.09088416244758907,0.21121998796166114,True,42,12,26,85,90,S,0,53.25,30.75,53.55,53.55,Persistence
ENVA,"Enova International, Inc. Common Stock",Financial Services,Credit Services,United States,その他,252.63999938964844,6.29032448,94.92821657066345,0.18581270223493115,0.25507699848746646,0.2197784094672784,0.47306476950349546,0.18514948961779187,0.7003895225303443,63.15977411698614,0.1599451556961579,0.039464641691106916,True,15,26,83,85,37,C,-30,0.0,5.950000000000003,44.30000000000001,44.30000000000001,Persistence
EOG,"EOG Resources, Inc. Common Stock",Energy,Oil & Gas E&P,United States,電力/エネルギー,134.74000549316406,70.675062784,421.0645382662201,-0.03404910599709128,0.008454835648347855,-0.21395632713956328,0.6337791161101762,-0.4021833304453301,0.1623197359022375,42.032638091966994,-0.014272986893209681,0.0938193336417451,True,12,0,37,40,100,S,0,25.0,16.0,50.35,50.35,Persistence
EPAC,Enerpac Tool Group Corp. Common Stock,Industrials,Specialty Industrial Machinery,United States,その他,37.720001220703125,1.944208384,18.29438919204712,0.04646061983681363,-0.014533503620838377,0.04723374233880639,0.5054782063190246,0.31521428162728155,0.22910443344160356,74.5123853791263,0.07233425782737789,0.1361874291900305,True,31,24,38,100,50,B,-5,38.25,33.0,50.900000000000006,50.900000000000006,Persistence
EPAM,"EPAM Systems, Inc. Common Stock",Technology,Information Technology Services,United States,その他,97.43000030517578,5.02611968,176.1271344516754,0.15421430898023242,0.007973495588994017,-0.027806507267397876,0.28834613388611,0.16255298640284466,0.02931456818007497,56.80623843756596,0.060578025419646075,0.559936752524351,False,37,14,30,85,50,B,0,45.5,28.25,47.75,47.75,Persistence
EPC,Edgewell Personal Care Company Common Stock,Consumer Defensive,Household & Personal Products,United States,その他,28.3799991607666,1.308003456,19.85635021282196,-0.013400186360207659,0.0009326701012613253,0.036791453699866465,0.4159658196536991,-0.7627507163323782,0.37611479381306073,48.67255975657306,0.12890917962840795,0.043155788713100426,True,4,0,25,100,57,B,-5,18.7,15.7,45.15,45.15,Persistence
EPD,Enterprise Products Partners L.P. Common Stock,Energy,Oil & Gas Midstream,United States,電力/エネルギー,37.75,81.672814592,127.31319625,-0.06444440491648731,0.13082570652720507,-0.14558484858900766,0.1360559738383147,-0.16970036404368524,0.44635567764627354,44.690155670241005,0.018550472509813967,0.03736602341172878,True,0,0,17,40,87,S,0,14.700000000000001,14.700000000000001,36.75,36.75,Persistence
EQBK,"Equity Bancshares, Inc. Class A Common Stock",Financial Services,Banks - Regional,United States,その他,50.939998626708984,1.047683328,6.873334014701843,-0.04114311130879573,0.5756345770581321,-0.29705388803645566,,-0.41681968417186926,0.06247203119576877,58.254685152363045,0.047273630434851784,0.011641487740788882,True,0,0,25,100,75,A,-25,0.0,0.0,28.75,28.75,Persistence
EQH,"Equitable Holdings, Inc. Common Stock",Financial Services,Asset Management,United States,その他,51.52000045776367,14.066771968,154.11074696929933,-0.06116700201207243,0.1878585086042065,-0.17273014868712433,,-0.6330275229357798,0.020635869052485926,65.33576002069242,0.13177884536620352,0.035315928439005904,True,0,0,25,65,37,C,-20,0.0,0.0,17.4,17.4,Persistence
EQT,EQT Corporation Common Stock,Energy,Oil & Gas E&P,United States,電力/エネルギー,51.689998626708984,32.33292288,371.9987053668022,0.5995614485258298,0.030021802838747752,-0.582395167430068,0.4587503233784062,3.0,0.1880332996481649,61.83257025793101,-0.003944932095750593,0.23453198191378544,False,78,64,38,40,70,A,0,71.5,61.0,44.900000000000006,71.5,Acceleration
ES,Eversource Energy (D/B/A) Common Stock,Utilities,Utilities - Regulated Electric,United States,電力/エネルギー,72.33000183105469,27.201869824,170.15958415763856,0.13834647711764805,-0.0008308492234506689,-0.03080971990675493,0.8469225179674922,0.9805682715211014,0.4721186831532982,41.04166600439326,0.004561032546258876,0.040588905469787134,True,59,26,17,65,87,S,0,62.7,37.95,43.0,62.7,Acceleration
ESAB,ESAB Corporation Common Stock,Industrials,Metal Fabrication,United States,その他,91.86000061035156,5.707810304,55.66440456985474,0.03712488639278343,-0.012239951044520511,0.06990067399787159,0.3688027144593508,-0.2975429813582768,0.2822382437274632,64.47926725959883,0.005058459305654074,0.3170971390197504,False,22,0,25,85,53,B,0,34.55,18.05,45.6,45.6,Persistence
ESI,Element Solutions Inc. Common Stock,Basic Materials,Specialty Chemicals,United States,その他,37.880001068115234,9.23101184,194.47952408380507,0.03838170051691155,0.05301731527515858,-0.08480426767082451,0.41960645970523675,-0.22479564032697547,0.32195083702513033,56.13127040970449,-0.078588023665194,0.2283560613083782,True,4,0,25,85,90,S,0,24.75,21.75,53.0,53.0,Persistence
ETR,Entergy Corporation Common Stock,Utilities,Utilities - Regulated Electric,United States,電力/エネルギー,107.18000030517578,50.013564928,291.43849782981874,0.08982021612920849,-0.022042472915218485,-0.11746564666098092,0.47716913810993794,-0.8840804752903052,0.4303049224844427,36.2098917069972,-0.04105446556230987,0.08674165177430879,True,38,12,10,40,90,S,0,43.5,24.0,33.5,43.5,Acceleration
ETSY,"Etsy, Inc. Common Stock",Consumer Cyclical,Internet Retail,United States,その他,85.55000305175781,7.851928576,252.60477726097108,0.02676642220364259,0.02181469281688793,0.07102810439610757,0.7163864344073403,-0.09904636437879688,1.0878824470670128,52.80236826351348,0.10954902656920097,0.010639506834250414,True,30,0,39,85,45,C,-20,19.75,0.0,31.700000000000003,31.700000000000003,Persistence
EVC,Entravision Communications Corporation Common Stock,Communication Services,Advertising Agencies,United States,その他,11.970000267028809,1.101709056,16.920732527470587,0.22645966000635706,0.2286032661937834,-0.08317232013333745,0.2383409965281036,-0.9469520847800489,0.5512901569245776,61.750006675720215,0.11373041773355583,0.11201775419029511,True,9,23,25,100,50,B,-5,21.75,32.25,43.75,43.75,Persistence
EVR,Evercore Inc. Class A Common Stock,Financial Services,Capital Markets,United States,その他,305.94000244140625,11.765772288,163.165451802063,0.2940760701209863,0.22821749344277228,-0.12168470642074287,,0.23423829653984657,0.21557672434821543,34.225281384495815,-0.10456619415898995,0.1973351157089627,False,44,29,38,65,70,A,-20,29.75,18.5,31.150000000000006,31.150000000000006,Persistence
EVTC,"Evertec, Inc. Common Stock",Technology,Software - Infrastructure,United States,ソフトウェア,29.850000381469727,1.78361344,12.194919155845643,0.10210931937370932,0.2170361978900518,0.12338112802368659,0.4965454627405781,-0.2105036239483558,0.5038924867694677,46.367282236728435,0.07279379310923284,0.2030134043495208,True,13,14,55,100,85,S,-5,28.25,29.0,67.25,67.25,Persistence
EXP,Eagle Materials Inc Common Stock,Basic Materials,Building Materials,United States,その他,214.2899932861328,6.573414912,114.62050305885315,0.021300521829606442,0.0005360074394822814,0.051780459566242984,0.2826503535820377,-0.4411394214574246,0.4676392233288672,59.79961494730607,-0.004273328539632019,0.11130558647516269,True,18,0,29,85,100,S,0,36.25,22.75,57.2,57.2,Persistence
EXPD,"Expeditors International of Washington, Inc. Common Stock",Industrials,Integrated Freight & Logistics,United States,その他,178.7100067138672,23.230625792,248.99129105422975,0.04419539994047459,0.1398268407577975,-0.45521906846608606,0.1292198786720654,0.39611506893446286,0.11659812188805138,52.19817986031813,0.0620248772969946,0.02237415902412533,True,5,24,30,65,60,B,0,19.5,33.75,44.75,44.75,Persistence
F,Ford Motor Company Common Stock,Consumer Cyclical,Auto Manufacturers,United States,その他,13.979999542236328,55.746588672,771.6480233330154,0.01229782909531223,0.04995147311724209,0.11473076168723942,0.008971148146763712,0.8499777415046743,0.5731705630100982,49.85754660641402,-0.03459708753671658,0.19839454620797994,True,9,12,34,40,100,S,0,22.75,25.0,48.7,48.7,Persistence
FAF,First American Corporation (New) Common Stock,Financial Services,Insurance - Specialty,United States,その他,74.22000122070312,7.577862144,57.87007715179443,0.2163641413563808,0.020439805938547207,-0.2101735535013563,,0.12264428739693757,0.16452849255644286,56.11792215329325,0.06235194688535983,0.06240528313379583,True,41,29,30,85,72,A,-20,30.700000000000003,21.700000000000003,32.15,32.15,Persistence
FBIN,"Fortune Brands Innovations, Inc. Common Stock",Industrials,Building Products & Equipment,United States,その他,50.779998779296875,6.057719296,121.71077057418823,-0.031633760034714686,-0.0037179542605161905,-0.02049544780859623,0.4457340025094103,-0.22697576396206534,0.42767536729748795,52.349545852797306,0.0803795312931582,0.20246393909243407,True,4,0,21,85,85,S,0,24.25,21.25,49.8,49.8,Persistence
FBK,FB Financial Corporation Common Stock,Financial Services,Banks - Regional,United States,その他,60.84000015258789,3.040669696,25.944913865070344,0.2318025870716658,-0.04649352117156808,-0.09367050668953102,,0.11160342976393908,0.011247712617663537,59.71014925422644,0.07566044668754415,0.01950038838598343,True,41,29,30,85,60,B,-20,29.5,20.5,29.75,29.75,Persistence
FBP,First BanCorp. New Common Stock,Financial Services,Banks - Regional,United States,その他,28.670000076293945,4.37717504,45.86311242204666,0.06251574439499538,0.008823319601234106,0.01195051056145405,,0.11006693019267168,0.015157144042834716,67.71429209806828,0.0788091355031968,0.021167661995692217,True,20,24,42,85,40,C,-20,11.75,14.75,32.35,32.35,Persistence
FCF,First Commonwealth Financial Corporation Common Stock,Financial Services,Banks - Regional,United States,その他,21.510000228881836,2.174693888,19.765431660318374,0.09367464020764531,-0.00862975211752387,0.17364556894256672,,0.5050519237690599,0.03133280985326463,63.958148453572946,0.06564192323423036,0.013607527676438663,True,27,24,30,100,40,C,-20,19.25,17.0,29.5,29.5,Persistence
FCN,"FTI Consulting, Inc. Common Stock",Industrials,Consulting Services,United States,その他,151.42999267578125,4.181220864,61.18453139068603,0.024388615095445584,0.060015900301555465,0.151980185598242,0.32133041706245447,-0.7397724145025286,0.17954905389671705,38.65045119592756,-0.02724589472522923,0.19034382898930083,False,4,0,41,85,80,S,0,23.75,20.75,59.8,59.8,Persistence
FCX,"Freeport-McMoRan, Inc. Common Stock",Basic Materials,Copper,United States,その他,69.62000274658203,97.4680064,996.7882184243393,0.018071105873109408,0.1137606650623496,0.003292361720807726,0.28157437777349026,-0.5255102040816326,0.18037718981553114,71.54795665483346,0.08799320050823549,0.026924342606871904,True,0,12,37,40,25,D,0,8.5,17.5,35.35,35.35,Persistence
FDS,FactSet Research Systems Inc. Common Stock,Financial Services,Financial Data & Stock Exchanges,United States,その他,285.57000732421875,10.156452864,264.236499927063,0.05387607033139421,0.0563642047884736,0.13103587411844078,0.5271743531167035,0.004550505403826849,0.3620842270191103,64.5951836850318,0.1431131343912408,0.25074122712092567,True,10,24,46,65,33,D,-20,0.5500000000000007,11.05,28.15,28.15,Persistence
FDX,FedEx Corporation Common Stock,Industrials,Integrated Freight & Logistics,United States,その他,318.57000732421875,75.36766976,473.0828322766113,0.07726952209812797,0.0026569965675709577,-0.027308524208307913,0.21771537162162163,0.7162026165716202,0.43404388651364,62.724094801321314,-0.0028277277989082156,0.056041495137966725,True,39,24,22,40,67,A,0,41.95,30.7,35.5,41.95,Acceleration
FE,FirstEnergy Corp. Common Stock,Utilities,Utilities - Regulated Electric,United States,電力/エネルギー,47.470001220703125,27.468038144,235.8219467642212,0.12010095011876484,0.046775446775446775,0.03298820130026487,0.6530815109343936,0.11764705882352941,0.47502862049227246,44.74268606686445,0.005355769310891677,0.06694173593260493,True,49,26,26,65,87,S,0,55.2,37.95,47.95,55.2,Acceleration
FERG,Ferguson Enterprises Inc. Common Stock,Industrials,Industrial Distribution,United States,その他,256.69000244140625,49.781899264,1078.1352303042602,,0.038029357179011306,-0.0033295217596018027,,0.06795469686875416,0.3365108015116476,75.28786267489653,0.10141383694474095,0.0374713857993003,True,2,12,26,40,22,D,0,9.7,17.2,28.700000000000003,28.700000000000003,Persistence
FG,"F&G Annuities & Life, Inc. Common Stock",Financial Services,Insurance - Life,United States,その他,27.670000076293945,3.62297728,18.772158151760102,0.0014757424829367274,0.26925778506204634,0.9075480125055828,,-0.21907949790794978,0.0229706390328152,30.548628933043275,-0.030277837556052952,0.19376688932341338,False,0,0,45,85,80,S,-20,0.75,0.75,42.0,42.0,Persistence
FHI,"Federated Hermes, Inc. Common Stock",Financial Services,Asset Management,United States,その他,63.15999984741211,4.71554304,35.47855091428757,0.103284555475699,0.013990658397812092,0.11326491512739537,0.6791815014802881,-0.1399789799433626,0.20499682192508356,71.01169404339406,0.08647660040594617,0.02183260325809736,True,38,14,49,85,25,D,-20,23.75,5.75,33.2,33.2,Persistence
FHN,First Horizon Corporation Common Stock,Financial Services,Banks - Regional,United States,その他,25.459999084472656,12.062365696,165.5174908480835,0.0733204134366925,-0.018700475435816166,0.011217948717948718,,-0.5138888888888888,0.018074300157375173,49.836061883121474,0.010658466950879393,0.02713033969244969,True,18,12,25,65,75,A,-20,10.75,6.25,25.0,25.0,Persistence
FICO,Fair Isaac Corporation Common Stock,Technology,Software - Application,United States,ソフトウェア,1041.4000244140625,22.491779072,386.1719570532227,0.15914926469817633,0.1347613601602054,0.0989544533751552,0.8223278377432166,0.21729367003998926,1.6459631086223518,33.33633901449751,-0.13099319187483305,0.44593120834246375,False,58,33,55,65,33,D,-20,36.55,17.799999999999997,33.1,36.55,Acceleration
FIG,"Figma, Inc. Class A Common Stock",Technology,Software - Application,United States,ソフトウェア,23.290000915527344,12.413800448,584.7496222364425,0.40957609434307374,0.48356025463779084,,0.8242762751613013,3.0,0.024901978403096492,48.08197690734875,0.06473442339908578,0.7334020060346973,False,41,33,45,65,50,B,0,45.5,39.5,51.0,51.0,Persistence
FIGS,"FIGS, Inc. Class A Common Stock",Consumer Cyclical,Apparel Manufacturing,United States,その他,14.260000228881836,2.369159936,49.446194293642044,0.1359714017258324,0.018165623866023026,0.07870352980715055,0.6652516724819283,-0.17366427090316647,0.1034558859026614,81.94887088655727,0.30109490913005654,0.167056102228534,True,41,21,49,100,35,C,0,49.25,34.25,58.95,58.95,Persistence
FIS,"Fidelity National Information Services, Inc. Common Stock",Technology,Information Technology Services,United States,その他,42.77000045776367,22.056742912,291.0130709146881,0.0543102597017873,0.030108839385616926,0.011419753086419753,0.36864287721270017,0.4569377990430622,0.39808289536550406,51.9142423180278,0.03922892627047594,0.39323693369533075,False,39,12,42,65,73,A,0,46.3,26.05,53.95,53.95,Persistence
FITB,Fifth Third Bancorp Common Stock,Financial Services,Banks - Regional,United States,その他,57.09000015258789,51.774496768,342.57625306562426,0.06611070824268794,-0.01838889547989085,0.04036040483831153,,0.578838174273859,0.06511456506325335,47.332171195393464,0.03514512302327329,0.03840321408650721,True,27,24,30,40,87,S,-20,14.950000000000003,12.700000000000003,23.900000000000006,23.900000000000006,Persistence
FIX,"Comfort Systems USA, Inc. Common Stock",Industrials,Engineering & Construction,United States,その他,1694.550048828125,59.638550528,894.8664625354004,0.2951507767511408,0.3496831042721385,0.2575609294255288,0.2412640753464128,0.39765930519007137,0.07504196831351576,48.85127089963166,-0.061974994091425616,0.17999427013648298,True,17,36,85,40,90,S,0,27.75,42.0,74.75,74.75,Persistence
FLG,"Flagstar Bank, N.A. Common Stock",Financial Services,Banks - Regional,United States,その他,13.949999809265137,5.817414656,63.438042632627486,-0.2020123839009288,-0.2887420864299477,1.451417004048583,,-5.96,0.13922662034920924,29.107974283927177,-0.04179095630874488,0.09179686711771241,True,18,18,18,85,73,A,-30,3.549999999999997,3.549999999999997,15.75,15.75,Persistence
FLO,"Flowers Foods, Inc. Common Stock",Consumer Defensive,Packaged Foods,United States,その他,7.400000095367432,1.568749952,36.53072947078943,0.029977934694454988,0.002486235054008875,0.05930473496521511,0.4887100281386076,0.13726762089416059,0.49806673787680805,24.88480649975027,-0.0494466986797219,0.5199583411283641,False,28,12,42,100,38,C,-25,14.799999999999997,2.8000000000000007,30.700000000000003,30.700000000000003,Persistence
FLOC,Flowco Holdings Inc. Class A Common Stock,Energy,Oil & Gas Equipment & Services,United States,電力/エネルギー,21.790000915527344,2.32384256,9.208127536888123,0.41929800963237795,1.1998660217077712,0.6373369042251815,0.3531976954637175,0.8773338143771985,0.12716790040519912,66.606820909603,0.014857294477507903,0.2242790745047446,True,27,20,72,100,80,S,0,43.25,38.0,80.6,80.6,Persistence
FLS,Flowserve Corporation Common Stock,Industrials,Specialty Industrial Machinery,United States,その他,79.94999694824219,10.162666496,160.47003737472534,0.037617660778014685,0.05490678675556529,0.1951406868928279,0.33439417583300557,0.2633485240597289,0.3083761956483655,80.00908178633884,0.07905476792307115,0.12616192579151714,True,9,24,42,65,50,B,0,21.5,32.75,49.35,49.35,Persistence
FLUT,Flutter Entertainment plc Ordinary Shares,Consumer Cyclical,Gambling,United States,その他,94.73999786376953,16.441094144,326.90794182876584,0.16621583143507973,0.19151823579304494,0.24590510408961216,0.45193188060794726,-0.5674814027630181,0.4396174863387978,35.83953157000106,-0.09066304901085107,0.6930006610823257,False,13,2,80,65,45,C,0,24.0,15.75,69.25,69.25,Persistence
FMC,FMC Corporation Common Stock,Basic Materials,Agricultural Inputs,United States,その他,10.59000015258789,1.326152192,41.73831465139389,-0.18339181837450838,-0.053646251225817954,-0.22672043844682283,0.3700178808329007,-1.2926061007957559,0.4334379387232637,45.268142716025686,-0.06876618962837816,0.7304891107544952,False,4,0,6,100,55,B,-15,8.5,5.5,24.299999999999997,24.299999999999997,Persistence
FNB,F.N.B. Corporation Common Stock,Financial Services,Banks - Regional,United States,その他,18.969999313354492,6.752635392,123.25747568852425,0.10588972431077694,0.015913430935709738,0.0887040887040887,,-0.2524850894632207,0.06135897589042187,54.621843351875256,0.018294475962129287,0.02668037269729731,True,23,14,37,85,75,A,-20,17.5,10.75,36.6,36.6,Persistence
FND,"Floor & Decor Holdings, Inc. Common Stock",Consumer Cyclical,Home Improvement Retail,United States,その他,62.689998626708984,6.675855872,165.4276221761322,0.05124097518498486,0.00948960144852017,0.03503621666733498,0.4363513238863147,-0.5901464219690524,0.364115312985546,70.50627050976097,0.14444169520176664,0.3066799392145993,True,22,12,37,85,18,D,0,31.05,23.55,45.2,45.2,Persistence
FNF,"Fidelity National Financial, Inc. Common Stock",Financial Services,Insurance - Specialty,United States,その他,50.18000030517578,13.506325504,79.32278818241119,0.058779483339573196,0.15918757052339208,0.005761676123963335,,-0.14814814814814814,0.0437375016052984,47.66162220646903,0.02636380498441511,0.11350508482983086,False,0,0,37,65,90,S,-20,0.0,0.0,34.6,34.6,Persistence
FOR,Forestar Group Inc Common Stock ,Real Estate,Real Estate - Development,United States,その他,29.639999389648438,1.512162432,4.054751916503906,0.10136478070756592,0.05045584243858306,-0.05411098676848134,0.21865976900866219,-0.24470734744707348,0.26047178833280205,60.404611372314896,0.0123227195267484,0.07317073752604115,True,35,2,6,100,67,A,-15,32.95,8.2,26.700000000000003,32.95,Acceleration
FOUR,"Shift4 Payments, Inc. Class A Common Stock",Technology,Software - Infrastructure,United States,ソフトウェア,41.2599983215332,3.2578944,59.086380596351624,0.2548784148904233,0.298635477582846,0.2866171749598716,0.3416267942583732,0.19935691318327975,0.5297830827499139,35.97898810664768,-0.10987810575261654,0.5492188476805073,False,15,17,81,85,45,C,0,28.5,30.0,74.80000000000001,74.80000000000001,Persistence
FSK,FS KKR Capital Corp. Common Stock,Financial Services,Asset Management,United States,その他,12.4399995803833,3.43767296,33.68428446378708,-0.8298192771084337,-0.14762516046213095,3.0,,,0.5560492388374972,69.17476132673724,0.1680830546288419,0.18739721989270938,True,0,0,10,85,50,B,-20,0.0,0.0,16.75,16.75,Persistence
FSS,Federal Signal Corporation Common Stock,Industrials,Farm & Heavy Construction Machinery,United States,その他,128.2100067138672,7.82614528,62.16967330558777,0.17136717700778942,0.08057119637777907,0.2006551435740173,0.2894748910800275,0.19087572102779235,0.2485162584635961,68.74834309524266,0.08477513221630142,0.042208231515930936,True,25,26,57,85,52,B,-20,16.700000000000003,17.450000000000003,43.0,43.0,Persistence
FTK,"Flotek Industries, Inc. Common Stock",Energy,Oil & Gas Equipment & Services,United States,電力/エネルギー,35.41999816894531,1.282927488,17.161166212844847,0.2686111482422136,-0.005492986206383137,0.3818446345119478,0.2521811330933736,2.673469387755102,0.22791287395080187,71.51008646450059,0.43462369451559874,0.02772446137166167,True,45,36,45,100,10,D,-5,44.75,38.0,46.75,46.75,Persistence
FTV,Fortive Corporation Common Stock ,Technology,Scientific & Technical Instruments,United States,その他,61.709999084472656,18.637471744,186.23769173698426,0.019162439657918598,0.04266843813076471,-0.32816657225741114,0.6350171912192542,,0.28170765993337704,52.50695531569948,0.011815422063314358,0.03713523778142099,True,12,0,18,65,87,S,0,27.450000000000003,18.450000000000003,43.55,43.55,Persistence
FUL,H. B. Fuller Company Common Stock,Basic Materials,Specialty Chemicals,United States,その他,61.06999969482422,3.284797184,41.63233484195709,-0.026661260457484105,0.016463425401901603,-0.0635469114204348,0.3111061786526846,-0.25723809582166557,0.40056854469460546,74.45004957107624,0.030984312973073712,0.08739531840966298,True,4,12,21,85,65,A,0,22.25,28.25,45.8,45.8,Persistence
FUN,Six Flags Entertainment Corporation Common Stock New,Consumer Cyclical,Leisure,United States,その他,16.3700008392334,1.674918144,39.30903746523857,0.1444716466968828,0.5060733831924513,-0.010297774327150634,0.9130068196868099,-3.8938832163976196,0.6924298152554582,44.02811350552025,-0.18731068478204027,0.38780848992696654,False,20,2,30,100,51,B,-15,20.1,6.600000000000001,36.7,36.7,Persistence
GAM,"General American Investors, Inc. Common Stock",Financial Services,Asset Management,United States,その他,67.12999725341797,1.610220928,1.5268717875289917,0.3750510032407841,-0.0997555748641208,2.627150822537805,,,0.001015289505874655,77.39463545533735,0.047531325716166375,0.0,True,32,20,18,100,40,C,-25,18.0,9.0,17.9,18.0,Acceleration
GATX,GATX Corporation Common Stock,Industrials,Rental & Leasing Services,United States,その他,177.7100067138672,6.274061824,41.36822391288757,0.09769788710186061,0.12375079736338507,0.10832678711704635,0.4895426338772696,,0.704919581099475,49.097033347603066,0.005427495887519965,0.11145430503269027,True,8,12,28,85,100,S,-10,18.75,21.75,46.650000000000006,46.650000000000006,Persistence
GBCI,"Glacier Bancorp, Inc. Common Stock",Financial Services,Banks - Regional,United States,その他,48.75,6.347832832,61.67143125,0.24005125755067425,0.026081878604625828,-0.11508609963390001,,0.656898360030511,0.023786368799135833,31.01603601729059,-0.02111746922343989,0.10566865710685261,True,48,29,30,85,90,S,-20,37.75,23.5,35.75,37.75,Acceleration
GD,General Dynamics Corporation Common Stock,Industrials,Aerospace & Defense,United States,防衛/宇宙,392.04998779296875,106.07194112,469.483780881958,0.10130773744655881,0.12878501135503406,0.07270281929606415,0.1513035204567079,0.23873591989987483,0.17098988628622333,68.81904799644006,0.07865108183849735,0.002899398869144407,True,10,26,50,25,40,C,0,15.25,27.25,41.75,41.75,Persistence
GDDY,GoDaddy Inc. Class A Common Stock,Technology,Software - Infrastructure,United States,ソフトウェア,91.06999969482422,11.533806592,189.15694286613464,0.08263360447826468,0.07500999036223878,0.0397917532324689,0.6361414635131587,0.24930616128776464,0.48072782486403065,46.7628392464101,0.047092128393452205,0.38829932356257046,False,50,12,46,65,73,A,0,54.55,26.05,56.15,56.15,Persistence
GEF,Greif Inc. Class A Common Stock,Consumer Cyclical,Packaging & Containers,United States,その他,88.68000030517578,5.041294848,26.107835489845275,0.04301487318276531,-0.3424206630443342,0.14279800579543206,0.2064570943075616,-0.6178180972319144,0.4514411216077983,87.62598539223032,0.20237381031019328,0.0159787216768684,True,18,0,17,85,10,D,0,27.25,13.75,32.6,32.6,Persistence
GEF-B,"Greif, Inc. Corporation Class B Common Stock",Consumer Cyclical,Packaging & Containers,United States,その他,111.0,4.206763776,7.208895,0.04301487318276531,-0.3424206630443342,0.14279800579543206,0.2064570943075616,-0.6178180972319144,0.4514411216077983,91.5970242334857,0.2135875772205891,0.0053763304867806725,True,18,0,17,85,10,D,0,27.25,13.75,32.6,32.6,Persistence
GEV,GE Vernova Inc. Common Stock,Industrials,Specialty Industrial Machinery,United States,その他,990.3200073242188,263.755481088,2806.552045956726,0.08968083583798483,0.05102439904930955,0.1208943144263843,0.19793527372071032,1.1823529411764706,0.018598451187000126,39.36266113831303,-0.03022020573069982,0.15707401760910464,True,33,24,42,25,90,S,0,37.5,30.75,47.35,47.35,Persistence
GFF,Griffon Corporation Common Stock,Industrials,Building Products & Equipment,United States,その他,107.22000122070312,4.917820416,34.98803079833984,-0.039486643898274075,-0.02296417041222144,-0.05733041529400861,0.4198555830607724,-0.017107687127469105,0.7714535066002403,75.58499717688812,0.1686587645351743,0.0,True,7,0,19,85,10,D,-10,9.0,3.75,23.700000000000003,23.700000000000003,Persistence
GFL,"GFL Environmental Inc. Subordinate voting shares, no par value",Industrials,Waste Management,United States,その他,41.31999969482422,14.911988736,100.28549865932465,0.07771877239851437,-0.18318142505488658,0.11154659606880334,0.2066687827808764,-0.4971198156682028,0.4111437041336706,64.0926544252695,0.08873763710525191,0.1896139593796596,True,18,35,17,65,65,A,0,29.75,42.5,38.6,42.5,Transition
GGG,Graco Inc. Common Stock,Industrials,Specialty Industrial Machinery,United States,その他,83.54000091552734,13.529622528,123.63042965488434,0.058338648834343754,-0.037479402042078586,0.024298805563369802,0.5245376472544984,0.23877249433454442,0.0157580162906541,79.72404223028946,0.09894611098516941,0.11247546182906608,True,31,24,38,65,50,B,0,38.0,32.75,47.150000000000006,47.150000000000006,Persistence
GHC,Graham Holdings Company Common Stock,Industrials,Conglomerates,United States,その他,1185.7099609375,5.02139648,23.779413266601562,0.025185017274401658,0.08517270130062514,0.12495473937652583,0.29927051734855076,-0.15049556276922696,0.1575736331149004,57.191313430060404,0.022211927327840678,0.03910175494133708,True,0,0,37,85,87,S,0,21.450000000000003,21.450000000000003,59.0,59.0,Persistence
GHM,Graham Corporation Common Stock,Industrials,Specialty Industrial Machinery,United States,その他,111.68000030517578,1.310791808,27.809995275993348,0.16864066013644852,0.13131356685872594,0.1808513346656653,0.23543272739132384,-1.022578839335697,0.06239802729160487,56.82479797032125,0.04507640581258784,0.09782696922843766,True,23,14,47,100,100,S,-5,37.25,30.5,65.85,65.85,Persistence
GIC,Global Industrial Company Common Stock,Industrials,Industrial Distribution,United States,その他,39.130001068115234,1.491179392,4.872076432991028,0.048027965650885324,0.03264537393078553,0.0927879255638453,0.3554492060039156,0.5927505330490405,0.17837465564738292,77.77778738900831,0.1637382739104943,0.013860867762866576,True,31,24,46,100,10,D,-5,34.25,29.0,47.3,47.3,Persistence
GL,Globe Life Inc. Common Stock,Financial Services,Insurance - Life,United States,その他,183.85000610351562,14.27499008,129.31733654312134,0.03742582513292936,0.060676273094628336,0.042242965978793665,,-0.058200609135530774,0.08520397361017304,49.38234371038625,0.06043280057372256,0.011665402210006113,True,0,12,37,65,60,B,-20,0.0,4.75,28.6,28.6,Persistence
GLW,Corning Incorporated Common Stock,Technology,Electronic Components,United States,半導体,165.67999267578125,142.714814464,2395.2025181152344,0.1914163744473243,0.042103590721321894,-0.11283388540418635,0.35965192910614885,0.45071868583162217,0.3027182334710744,56.3101863446074,-0.07505832247925004,0.35202788105198457,True,50,33,30,25,73,A,0,48.55,35.8,37.35,48.55,Acceleration
GM,General Motors Company Common Stock,Consumer Cyclical,Auto Manufacturers,United States,その他,87.58000183105469,79.211864064,636.002470097046,-0.012926665315137482,0.09078106632837141,0.09638561903850448,0.06267464422572817,1.2961538461538462,0.46683067646933346,73.2806271904351,0.07654161612350464,0.030121828668644508,True,12,25,22,40,37,C,0,18.7,28.45,29.5,29.5,Persistence
GME,GameStop Corporation Common Stock,Consumer Cyclical,Specialty Retail,United States,その他,19.15999984741211,8.596924416,114.06273629161835,-0.05051007062516349,-0.2749582764375664,-0.11040626265352949,0.3295132097302956,3.0,0.41988179122867814,26.190460387387603,-0.11116060552479827,0.30805346775468423,False,40,38,26,85,36,C,0,46.35,44.85,42.75,46.35,Acceleration
GNK,Genco Shipping & Trading Limited Ordinary Shares New (Marshall Islands),Industrials,Marine Shipping,United States,その他,25.329999923706055,1.10404864,7.794674226522446,-0.19139228776216502,0.1021064287110011,-0.2851542275214458,0.13449338408555375,-1.8628085276178532,0.17100222474492754,50.509459284624775,0.02551437056818075,0.053791576743884476,True,0,0,10,100,87,S,-5,18.700000000000003,18.700000000000003,42.900000000000006,42.900000000000006,Persistence
GNRC,Generac Holdlings Inc. Common Stock,Industrials,Specialty Industrial Machinery,United States,その他,212.22000122070312,12.522330112,261.7447218055725,-0.020179317915915745,0.0679069383570651,-0.11875163892246147,0.3829129750041992,-0.5564965396779188,0.26881042126753263,49.15945940022792,-0.13267937593379903,0.28192462920482786,True,4,0,25,65,61,B,0,18.85,15.850000000000001,42.2,42.2,Persistence
GNW,Genworth Financial Inc Common Stock,Financial Services,Insurance - Life,United States,その他,9.6899995803833,3.711359488,28.484335166511535,-0.005179896402071959,-0.03093203093203093,-0.0033802055164954027,,,0.017176980802197928,26.966305378602385,0.0347257352409099,0.043435392802253794,True,18,0,10,85,60,B,-20,12.25,0.0,18.75,18.75,Persistence
GOLF,Acushnet Holdings Corp. Common Stock,Consumer Cyclical,Leisure,United States,その他,93.29000091552734,5.44860672,30.765642951927184,0.04136558230851035,0.03152651453928325,0.04918170702486328,0.4772891239013104,-0.2959573918960137,0.40248875335670525,11.809069709562394,-0.10404494026000288,0.2129418554265445,True,26,0,37,85,63,B,0,38.55,19.05,54.2,54.2,Persistence
GPC,Genuine Parts Company Common Stock,Consumer Cyclical,Auto Parts,United States,その他,135.6300048828125,18.697920512,219.70772305969237,0.034639882904991356,0.01714805282320389,0.04501440149297793,0.3679278239578939,-0.3845348524371557,0.31426108675225556,69.39315742844278,0.16922109939330252,0.07300260599934673,True,22,0,37,65,37,C,0,29.95,13.45,44.0,44.0,Persistence
GPGI,"GPGI, Inc. Class A Common Stock",Industrials,Metal Fabrication,United States,その他,14.989999771118164,4.345452032,19.405604003696443,-0.8577552898321568,0.0766507350964726,0.03211035838467961,0.48052621021663544,-1.1921342933579946,0.0,54.05844165897225,0.06413185098948583,0.42324847289668655,False,8,0,18,85,50,B,-10,13.75,7.75,31.15,31.15,Persistence
GPI,"Group 1 Automotive, Inc. Common Stock",Consumer Cyclical,Auto & Truck Dealerships,United States,その他,266.4700012207031,3.1769152,58.16373951644898,0.1322838911630147,0.1152923009785327,0.10181172597875737,0.16045969678442631,,0.5672006647599908,37.40750164550755,-0.13932393190174366,0.45167569217263037,False,35,2,32,85,33,D,0,42.3,17.55,45.45,45.45,Persistence
GPK,Graphic Packaging Holding Company,Consumer Cyclical,Packaging & Containers,United States,その他,12.100000381469727,3.582466304,64.99714854912757,-0.021573748154876803,-0.06586762834111158,-0.001271186440677966,0.18591157015202506,0.7768595041322314,0.4788110403397028,68.52941720955985,0.11597567149340574,0.45853986619444526,False,27,12,2,85,15,D,0,34.5,23.25,25.35,34.5,Acceleration
GPN,Global Payments Inc. Common Stock,Industrials,Specialty Business Services,United States,その他,86.12000274658203,22.78893568,300.6096203871918,-0.0038898806484513253,0.048265098273879016,-0.17778712419287362,0.7257442954586096,-0.1443101970649684,0.4099362104104796,57.259004935036394,0.14604262584508998,0.03064965047582056,True,12,0,29,65,57,B,0,24.45,15.45,43.6,43.6,Persistence
GPOR,Gulfport Energy Corporation Common Shares,Energy,Oil & Gas E&P,United States,電力/エネルギー,162.75999450683594,2.87822592,55.96583791114807,0.42528677455621555,-0.11677856689712503,-0.5489289570926427,0.7065386652482345,,0.2603520666503826,65.63821357831436,0.008651212541726858,0.2684615466386121,False,66,73,18,100,53,B,0,69.8,75.05,45.5,75.05,Transition
GRBK,"Green Brick Partners, Inc. Common Stock",Consumer Cyclical,Residential Construction,United States,その他,72.9000015258789,3.135479808,15.797430330657958,-0.010420208831055433,0.17845036042782583,-0.004825937980183105,0.3141215121220945,3.0,0.12976064466674847,58.53485291715707,0.0004583881219291479,0.09542120810838342,True,16,12,34,85,100,S,0,34.75,31.75,59.95,59.95,Persistence
GRC,Gorman-Rupp Company (The) Common Stock,Industrials,Specialty Industrial Machinery,United States,その他,83.79000091552734,2.212914432,16.730349482803344,0.03444465161968084,0.00023653889017772258,0.26579044847963734,0.3064923379480033,0.6006196969969916,0.35757131811337645,61.73468176299614,0.02119912328046772,0.08665791512277596,True,31,24,50,100,80,S,0,46.25,41.0,68.5,68.5,Persistence
GRND,Grindr Inc. Common Stock,Technology,Software - Application,United States,ソフトウェア,16.579999923706055,2.946696704,28.08635407075882,0.2764133752713007,0.3271002845689685,0.3316462836192088,0.7441247743795153,0.4830826228630094,0.7543589733932671,57.90297830069199,0.14684927279730942,0.07580828148637526,True,26,52,87,100,57,B,-10,30.200000000000003,49.7,74.25,74.25,Persistence
GTES,Gates Industrial Corporation Ltd. Common Shares,Industrials,Specialty Industrial Machinery,United States,その他,28.25,7.151520256,60.570825,0.010269350390235315,-0.04537560920956809,0.004501716279331495,0.39837941449814124,0.3345547819714181,0.3295858153648237,61.904759360612516,0.0465443658353239,0.05328418714669467,True,27,24,30,85,67,A,0,39.7,37.45,51.15,51.15,Persistence
GVA,Granite Construction Incorporated Common Stock,Industrials,Engineering & Construction,United States,その他,128.32000732421875,5.615862272,141.7929664932251,0.10400431782419987,0.14203944102511784,0.06297057847073963,0.1607493390597867,0.033468984615769304,0.3715736902083742,57.93893766998697,-0.05139226919024693,0.19929519223683156,True,7,26,46,85,90,S,0,27.0,41.25,64.55,64.55,Persistence
GWRE,"Guidewire Software, Inc. Common Stock",Technology,Software - Application,United States,ソフトウェア,170.52999877929688,14.1977088,216.18173210250853,0.22637703124027916,0.08301402454986574,0.11410952801699208,0.6254292246138954,0.5822729811929738,0.263016156339773,62.09750610438191,0.2385355639904396,0.34882390560666676,True,54,66,58,65,33,D,0,53.55,62.55,54.75000000000001,62.55,Transition
GWW,"W.W. Grainger, Inc. Common Stock",Industrials,Industrial Distribution,United States,その他,1277.550048828125,60.173811712,393.99004730834963,0.045083876980428705,0.04187401383663066,0.0820856317310218,0.3906476424032995,-0.15222929936305732,0.31934835974112924,30.239227352512174,-0.04493449993072323,0.08878553088565252,True,22,0,37,40,90,S,0,31.5,15.0,48.35,48.35,Persistence
GXO,"GXO Logistics, Inc. Common Stock ",Industrials,Integrated Freight & Logistics,United States,その他,48.22999954223633,5.548793344,82.99876506223679,0.1254590485950978,0.19748414808754347,0.08729011453352607,0.11617847928365457,-0.42105263157894735,0.4774098841950742,35.17197076967254,-0.047252189877903354,0.26467445898644787,False,5,2,37,85,63,B,0,22.8,20.55,54.2,54.2,Persistence
H,Hyatt Hotels Corporation Class A Common Stock,Consumer Cyclical,Lodging,United States,その他,177.7100067138672,16.746811392,161.87160236549377,0.06814079422382671,-0.002849857507124644,0.13172636224749618,0.1972961554710604,-0.6565874730021598,0.32459390139640926,35.77607192822428,-0.06202130291592528,0.12063926995802682,True,18,0,21,65,80,S,0,31.25,17.75,43.8,43.8,Persistence
HAL,Halliburton Company Common Stock,Energy,Oil & Gas Equipment & Services,United States,電力/エネルギー,31.889999389648438,26.568527872,401.402132967453,-0.033124128312412834,-0.0032148753149708925,0.13405922057446915,0.1570501262170934,-0.30994634750309535,0.3251899240303878,32.03124900215471,-0.09606903491757272,0.25487048119209715,False,0,0,21,65,53,B,0,15.05,15.05,38.400000000000006,38.400000000000006,Persistence
HASI,"HA Sustainable Infrastructure Capital, Inc. Common Stock",Financial Services,Asset Management,United States,その他,40.68000030517578,5.198947328,36.17062227134704,0.04407513132340098,0.19921780967952707,0.3554257965278631,0.2699062676341192,,0.581761402253185,68.5233170862833,0.05931565201278906,0.05027631355363133,True,0,0,29,85,52,B,-20,0.0,0.0,27.6,27.6,Persistence
HAYW,"Hayward Holdings, Inc. Common Stock",Industrials,Electrical Equipment & Parts,United States,電力/エネルギー,15.819999694824219,3.355731712,52.391013889350894,0.0670869127791207,0.059603890162949945,-0.244787449700792,0.4800495475224011,0.20014485112818792,0.3068425609269993,76.75840604005315,0.04298521771855366,0.08607740133382183,True,43,24,34,85,65,A,0,51.5,37.25,52.95,52.95,Persistence
HCC,"Warrior Met Coal, Inc. Common Stock",Basic Materials,Coking Coal,United States,その他,91.97000122070312,4.856207872,63.12912853790283,-0.14107931970469834,-0.09030343696413927,-0.03572303590305152,0.08504224670487916,-0.11813128668976196,0.097325992286081,76.65433671309528,0.05451077164656128,0.16603189845184446,True,0,0,10,85,50,B,0,17.75,17.75,36.75,36.75,Persistence
HCI,"HCI Group, Inc. Common Stock",Financial Services,Insurance - Property & Casualty,United States,その他,188.69000244140625,2.408591616,31.288576204833983,0.20323061855697613,0.36262133892354487,0.11793173817247575,,0.34491890506584005,0.026840226372597403,60.47763467728076,0.09811257690565096,0.07893160133177414,True,14,29,77,100,52,B,-20,10.7,21.950000000000003,57.75,57.75,Persistence
HEI-A,Heico Corporation Common Stock,Industrials,Aerospace & Defense,United States,防衛/宇宙,266.30999755859375,37.213548544,53.22471611206055,0.16263059376011782,0.2997077259733062,0.34405444495866094,0.3983158247722876,0.4026500181563859,0.2580669410526568,70.03315456664365,0.05509649959120785,0.03507659006020456,True,14,26,85,40,37,C,0,20.2,29.2,64.15,64.15,Persistence
HESM,Hess Midstream LP Class A Representing Limited Partner Interests,Energy,Oil & Gas Midstream,United States,電力/エネルギー,39.79999923706055,8.205898752,41.82263519828796,0.08398686239024063,0.10831290394472921,0.057257304429783225,0.8676106851348009,0.14821822768842635,0.859558371123214,53.85752048080923,0.04251940526403617,0.005672149258237611,True,17,24,47,85,75,A,-20,13.0,18.25,42.1,42.1,Persistence
HGTY,"Hagerty, Inc. Class A Common Stock",Financial Services,Insurance - Property & Casualty,United States,その他,13.609999656677246,4.673053184,1.871511052789688,0.1812077543095268,0.1870737296131554,0.2521715228810096,,0.2490429085303186,0.08496133671064043,71.75572926613415,0.1820597601658433,0.015195372126210725,True,10,26,85,85,10,D,-20,1.25,13.25,50.0,50.0,Persistence
HGV,Hilton Grand Vacations Inc. Common Stock ,Consumer Cyclical,Resorts & Casinos,United States,その他,45.65999984741211,3.54888448,53.80779852018356,0.013250351335073279,0.25213675213675213,0.03728813559322034,0.6391915989696849,-0.15846994535519127,0.6370806968882725,42.070611397156355,-0.09333163717840107,0.16511243382783503,False,12,12,47,85,80,S,-10,19.75,19.75,53.1,53.1,Persistence
HHH,Howard Hughes Holdings Inc. Common Stock,Real Estate,Real Estate - Development,United States,その他,67.4800033569336,4.029975808,25.26552545688629,-0.15753626143763969,0.9264739703747883,-0.3898898280619541,0.4356678319497292,0.16332444327262402,0.4807288639903845,45.80218366865466,-0.008242066709331544,0.2489704562836535,False,6,12,34,85,90,S,0,26.25,30.75,57.95,57.95,Persistence
HIG,"The Hartford Insurance Group, Inc. Common Stock",Financial Services,Insurance - Diversified,United States,その他,143.27999877929688,39.277461504,247.23465269363405,0.06394026682838083,0.08442252363337444,0.11329733687196852,,-0.0019083969465648854,0.05082735444259683,56.6698834207324,0.05788520008296849,0.01647442351144053,True,0,12,37,40,60,B,-20,0.0,1.0,22.35,22.35,Persistence
HII,"Huntington Ingalls Industries, Inc. Common Stock",Industrials,Aerospace & Defense,United States,防衛/宇宙,324.4800109863281,12.786004992,187.00431993164062,0.08227134807108799,0.007071765322158198,0.07287373548145373,0.1269625120153797,3.0,0.2292728841477763,73.98237993013491,0.10912177699405834,0.28177234803264845,False,30,24,42,65,8,D,0,33.05,28.55,40.95,40.95,Persistence
HLF,Herbalife Ltd. Common Shares,Consumer Defensive,Packaged Foods,United States,その他,12.350000381469727,1.280317312,19.17269634221077,0.008892271334441528,-0.013689159292035399,-0.0272846053339482,0.7787394540942928,0.5477356181150551,0.7838759467317563,51.08959044644436,0.007949364148238972,0.3812624775580738,False,54,12,35,100,73,A,-35,27.799999999999997,0.0,23.85,27.799999999999997,Acceleration
HLI,"Houlihan Lokey, Inc. Class A Common Stock",Financial Services,Capital Markets,United States,その他,129.0,9.015358464,126.03945,0.09546265698396596,0.24812526509555977,0.05800501479181208,0.3850008939773434,-0.1571138940055136,0.11420588054412265,34.26835698857356,-0.06190000947205193,0.3758595535161048,False,4,12,49,85,53,B,-20,1.0500000000000007,7.050000000000001,38.800000000000004,38.800000000000004,Persistence
HLIO,"Helios Technologies, Inc. Common Stock",Industrials,Specialty Industrial Machinery,United States,その他,83.38999938964844,2.755735808,23.299165829467775,0.04107209331182529,-0.0355433221637147,-0.05624576462615767,0.3232419547079857,0.09051254089422028,0.2423902277979531,56.77418517633518,0.0050169407343297135,0.10082961534101463,True,36,24,34,100,100,S,0,52.0,43.0,63.7,63.7,Persistence
HLT,Hilton Worldwide Holdings Inc. Common Stock ,Consumer Cyclical,Lodging,United States,その他,317.6000061035156,71.480614912,708.948321624298,0.07741184893502774,0.09174401563263312,0.1666476689843839,0.2820001661267547,0.07107438016528926,0.7805532371527364,44.63662749074787,-0.04439642955480421,0.09314143967645895,True,2,12,40,40,100,S,-10,7.5,15.0,42.0,42.0,Persistence
HMN,Horace Mann Educators Corporation Common Stock,Financial Services,Insurance - Property & Casualty,United States,その他,52.220001220703125,2.108704896,13.118186506652831,0.04805211558307534,0.08207705192629816,0.06837670568935948,,,0.038869165367534354,54.24403156184166,0.03491982185265183,0.03510712765484291,True,0,12,22,100,87,S,-20,3.700000000000003,12.700000000000003,34.5,34.5,Persistence
HNI,HNI Corporation Common Stock,Consumer Cyclical,"Furnishings, Fixtures & Appliances",United States,その他,49.70000076293945,3.58743552,32.11017649291992,0.12373337555414819,0.03796220213640099,0.030569904310271828,0.4142655864741106,0.1996547756041427,0.3262231320368475,81.97717274479686,0.28904752602502215,0.03640848971549823,True,41,14,42,85,22,D,0,45.7,25.45,48.75,48.75,Persistence
HOG,"Harley-Davidson, Inc. Common Stock",Consumer Cyclical,Recreational Vehicles,United States,その他,26.010000228881836,2.706925824,70.58632877114296,-0.13758516326630552,-0.11131302131182538,0.014134867500821007,0.300171131243468,-0.5212067752833605,0.37958560886732634,39.51332768274799,0.02532994474488164,0.13446899097988077,True,4,0,25,100,90,S,0,27.0,24.0,56.75,56.75,Persistence
HOMB,"Home BancShares, Inc. Common Stock",Financial Services,Banks - Regional,United States,その他,30.809999465942383,6.176172544,57.957152145376206,0.07706785507706786,0.023245330233955967,0.06694551086292645,,-0.10684055292988877,0.0340669138229426,58.23292311321983,0.062421106090049146,0.021283357243859373,True,18,12,37,85,60,B,-20,12.25,7.75,33.6,33.6,Persistence
HP,"Helmerich & Payne, Inc. Common Stock",Energy,Oil & Gas Drilling,United States,電力/エネルギー,37.099998474121094,3.707734784,39.25049988567352,0.358921674362722,-0.04031929859863857,0.3950942813403376,0.16271166170539184,-0.3851132173995601,0.32957192780272654,64.89081811370188,0.055254331020724905,0.10666988768090649,True,32,8,36,85,65,A,0,43.25,25.25,54.05,54.05,Persistence
HPE,Hewlett Packard Enterprise Company Common Stock,Technology,Communication Equipment,United States,通信/光通信,53.220001220703125,70.474113024,896.7892186695861,0.13838085438311148,0.034048395400720785,0.022424199887703538,0.3025717284814556,-0.682370820668693,0.3171949516507259,73.13033525107406,0.11948211996679033,0.04940862049241209,True,39,2,37,40,22,D,0,37.45,9.7,34.75,37.45,Acceleration
HRB,"H&R Block, Inc. Common Stock",Consumer Cyclical,Personal Services,United States,その他,46.189998626708984,5.855053824,92.02364141401291,0.04172673706987168,0.03979108256040505,0.002574156794012595,0.44533002569798685,-0.08876232154867297,0.6204997827750744,64.51195058007067,0.16229134745228221,0.12924699013735447,True,34,12,31,85,50,B,-10,33.25,16.75,38.3,38.3,Persistence
HRI,Herc Holdings Inc. Common Stock ,Industrials,Rental & Leasing Services,United States,その他,167.89999389648438,5.613139456,95.09519854309082,0.2827504445761707,0.028031687995124923,0.1978102189781022,0.3257855822550832,-11.5625,0.7028890824622532,65.37424576928392,0.13761708263491435,0.06387054752309039,True,31,5,31,85,37,C,-10,29.700000000000003,10.2,35.699999999999996,35.699999999999996,Persistence
HSY,The Hershey Company Common Stock,Consumer Defensive,Confectioners,United States,その他,182.35000610351562,36.638797824,300.058758543396,0.04376910272504761,0.00333820212320797,0.07156895659149266,0.33548561069861765,-0.09166028788141588,0.4176152367567632,66.52189042360544,0.022127539782720255,0.22231293781335598,False,22,0,33,40,70,A,0,29.5,13.0,42.150000000000006,42.150000000000006,Persistence
HTGC,"Hercules Capital, Inc. Common Stock",Financial Services,Asset Management,United States,その他,17.25,3.228579072,26.52368625,0.23964437659896254,-0.17057644286568424,1.3098982874597862,,-2.5851439057856944,0.5023337563966697,68.88892252823939,0.08893266128451643,0.036794187515875536,True,27,17,10,85,52,B,-30,8.200000000000003,0.6999999999999993,7.149999999999999,8.200000000000003,Acceleration
HTH,Hilltop Holdings Inc.,Financial Services,Financial Conglomerates,United States,その他,39.040000915527344,2.236461824,10.042064235496522,0.0865432582668187,-0.008424189799990637,-0.07261035359844684,,-1.2081326531759626,0.031751794920212656,59.84036172235765,0.02066202463087634,0.018511245817517605,True,30,12,10,100,75,A,-30,15.0,1.5,15.5,15.5,Persistence
HUBB,Hubbell Inc Common Stock,Industrials,Electrical Equipment & Parts,United States,電力/エネルギー,513.989990234375,27.155412992,320.6482350937988,0.03839388824731278,0.04757207467103426,0.08589502617271974,0.35316360401053964,0.07881105081401085,0.3022676453431849,60.52229420347832,0.0470795447336656,0.07585430843960485,True,6,24,42,65,67,A,0,20.95,34.45,52.75,52.75,Persistence
HUBS,"HubSpot, Inc. Common Stock",Technology,Software - Application,United States,ソフトウェア,210.4499969482422,10.77308416,451.8203596981049,0.19170875605080487,0.21072098349022914,0.2537659542140847,0.8376097718941795,0.22746401074515799,0.06805779015923351,44.62843936653449,0.013032463138384468,0.5975868429590796,False,28,26,100,65,65,A,0,37.25,35.75,84.25,84.25,Persistence
HUN,Huntsman Corporation Common Stock,Basic Materials,Chemicals,United States,その他,10.119999885559082,1.774831616,39.79993554992676,-0.05848243870112657,-0.012272950417280314,-0.23831484482113924,0.13214851310927328,0.46835443037974683,0.3422665716322167,36.546763044035195,-0.17821894962683396,0.36312148100036534,False,5,12,26,100,41,C,-5,17.85,23.1,42.5,42.5,Persistence
HXL,Hexcel Corporation Common Stock,Industrials,Aerospace & Defense,United States,防衛/宇宙,103.43000030517578,7.821733888,121.03585495712281,-0.004781923279033105,0.06372275013974288,0.13392913735184128,0.22957917524684512,-0.2252341054706752,0.3672337278106509,44.57545591102672,0.04153450080436179,0.062114604188833744,True,0,0,21,85,87,S,0,21.450000000000003,21.450000000000003,50.2,50.2,Persistence
IBM,International Business Machines Corporation Common Stock,Technology,Information Technology Services,United States,その他,237.27999877929688,223.549652992,3312.6458941578676,0.07621946361130146,0.014435822825735531,0.021972575582355856,0.5818674484719261,-0.025935374149659865,0.42538188043191993,71.93711635888982,-0.0840222717570547,0.2792880634774502,False,29,12,37,25,28,D,0,28.3,15.55,32.2,32.2,Persistence
IBP,"Installed Building Products, Inc. Common Stock",Consumer Cyclical,Residential Construction,United States,その他,244.0500030517578,6.486647808,98.94275223724365,0.010029578757692177,0.05855466781832577,0.040752116263390516,0.3397401373367443,0.19649960222752585,0.47954545454545455,65.80624063952698,0.10714754018761694,0.2838423284196824,False,6,24,38,85,23,D,0,19.55,33.05,46.75000000000001,46.75000000000001,Persistence
ICE,Intercontinental Exchange Inc. Common Stock,Financial Services,Financial Data & Stock Exchanges,United States,その他,150.3000030517578,84.377591808,634.6372538859558,0.0747385426409319,0.187619913157629,0.027708592777085927,0.5615506329113924,0.003629764065335753,0.1481440896505877,65.12996406121493,0.07349209069221779,0.18336243502071717,False,13,24,50,40,55,B,-20,1.25,9.5,28.5,28.5,Persistence
IDA,"IDACORP, Inc. Common Stock",Utilities,Utilities - Regulated Electric,United States,電力/エネルギー,141.83999633789062,8.204315136,68.27964663711548,-0.007465101090366811,0.03412505746293499,0.07443820822746734,0.1979071118154084,-0.39200264184234757,0.35832532145080936,39.138400605670995,-0.01909664574728023,0.07661814875946366,True,0,12,6,85,77,A,0,20.45,29.45,39.95,39.95,Persistence
IE,Ivanhoe Electric Inc. Common Stock,Basic Materials,Copper,United States,電力/エネルギー,11.020000457763672,1.744373504,23.630958381614686,0.1182350913478111,-0.25672559569561876,-0.5375592417061611,0.6528976572133169,0.4631345849509865,0.07427892723160615,79.05136984106821,0.07642420638625579,0.4467871277330884,False,62,62,22,100,15,D,-15,48.0,48.0,25.1,48.0,Acceleration
IEX,IDEX Corporation Common Stock,Industrials,Specialty Industrial Machinery,United States,その他,234.4600067138672,17.284366336,178.77575511932372,0.057727606461086635,-0.0015577751305782094,0.028913542223199976,0.44506146059291396,0.022885572139303482,0.2668687743611953,71.88741039254482,0.05262621893234368,0.014418397934261808,True,24,12,30,65,25,D,0,30.25,21.25,37.75,37.75,Persistence
IFF,"International Flavors & Fragrances, Inc. Common Stock",Basic Materials,Specialty Chemicals,United States,その他,85.88999938964844,21.914830848,157.225508932724,-0.05172413793103448,0.00043557801202195314,-0.0772508038585209,0.3616161616161616,-0.5780730897009967,0.25917224636829944,66.99528848372569,0.1078875618025066,0.024753040907571362,True,4,0,25,65,25,D,0,15.25,12.25,35.0,35.0,Persistence
INGM,Ingram Micro Holding Corporation Common Stock,Technology,Information Technology Services,United States,その他,28.399999618530273,6.550797824,28.176349621534346,0.09529475141658086,-0.0011801117909930907,-0.05477922159179561,0.06667085519379488,3.0,0.17222085610954876,49.37965019791701,-0.012675312610069473,0.10240201749745245,True,42,24,30,85,100,S,0,54.25,40.75,57.75,57.75,Persistence
INGR,Ingredion Incorporated Common Stock,Consumer Defensive,Packaged Foods,United States,その他,104.33000183105469,6.583223296,70.95848579536438,-0.028398384925975774,-0.08946078431372549,0.02693178957966272,0.2532206676825045,-0.5521472392638037,0.2495884513106243,55.15671576582471,0.04588908533397733,0.16991506629241018,False,18,12,25,85,90,S,-20,15.25,10.75,33.0,33.0,Persistence
INSW,"International Seaways, Inc. Common Stock ",Energy,Oil & Gas Midstream,United States,電力/エネルギー,92.41000366210938,4.574729216,44.82670662643432,-0.11381832740830569,-0.11211494949966178,0.23952629052870186,0.422890020419731,-0.8544384977744524,0.21592068175499,58.77462818777874,0.09090582431616855,0.03919730329698834,True,4,0,29,85,72,A,0,22.95,19.95,51.6,51.6,Persistence
INVX,"Innovex International, Inc. Common Stock",Energy,Oil & Gas Equipment & Services,United States,電力/エネルギー,28.100000381469727,1.965196672,15.655493712530136,0.4803973347578628,0.18948084652922656,0.18910976071782512,0.3100226833399608,0.9510301208591646,0.06251404431261516,59.39794429224397,0.05331815603091065,0.11160287299897988,True,57,20,89,100,85,S,-5,61.25,33.5,85.95,85.95,Persistence
IONQ,"IonQ, Inc. Common Stock",Technology,Computer Hardware,United States,その他,44.43000030517578,16.584384512,978.9835114243317,2.01850347085181,0.9541330187823247,0.9802353786721768,0.40401181393059316,-1.4225106124924196,0.004569157418819492,68.60168253408507,-0.08722609071360242,0.4587647425114083,False,57,40,52,65,35,C,-10,46.0,33.25,41.85,46.0,Acceleration
IP,International Paper Company Common Stock,Consumer Cyclical,Packaging & Containers,United States,その他,41.58000183105469,22.019516416,239.79332585975646,0.4925165772023998,-0.012349529096239008,-0.24233259297764756,0.29605652872979604,-1.2100396301188903,0.27175745443051313,65.87254055527785,0.10609232909062072,0.13353711471729207,True,44,8,6,65,50,B,0,47.75,20.75,29.55,47.75,Acceleration
IR,Ingersoll Rand Inc. Common Stock,Industrials,Specialty Industrial Machinery,United States,その他,86.97000122070312,33.744310272,404.3844146759033,0.057484450587422256,0.05219528511801748,0.16222977198586955,0.4360663451358664,-0.02204232125681308,0.2650405526528649,67.78417890107167,0.09558567757636334,0.11894104110326793,True,22,0,37,40,65,A,0,29.0,12.5,43.35,43.35,Persistence
IT,"Gartner, Inc. Common Stock",Technology,Information Technology Services,United States,その他,185.60000610351562,11.720450048,282.2781212828064,0.03666825105294674,0.061022123746985756,0.07872938720336548,0.6839304958762401,-0.15035009778156935,0.41407351522497343,73.46682072314789,0.25758894170211954,0.2972092518565178,True,12,0,41,65,18,D,0,20.55,11.55,42.4,42.4,Persistence
ITW,Illinois Tool Works Inc. Common Stock,Industrials,Specialty Industrial Machinery,United States,その他,296.6600036621094,84.48876544,455.7112980255127,0.00918354510001258,-0.01297572484013162,0.010984182776801407,0.44097481924707055,-0.048171589310829814,0.5704111964329948,73.49897729015493,0.1022355334802894,0.0022198427480518,True,22,0,21,40,10,D,0,23.5,7.0,23.55,23.55,Persistence
IVZ,Invesco Ltd Common Stock,Financial Services,Asset Management,United States,その他,31.579999923706055,13.942569984,167.3133659957886,0.05111257623207516,0.06133230704639284,-0.054968671989948585,0.3523858807294852,0.2855740922473013,0.3611316158559091,61.62227616883406,0.10273833811372894,0.013433252745217655,True,9,12,30,65,25,D,-20,0.0,1.25,17.75,17.75,Persistence
J,Jacobs Solutions Inc. Common Stock,Industrials,Engineering & Construction,United States,その他,145.07000732421875,16.978791424,128.98682096221924,0.04598249830166071,0.059855852966708506,0.10920350801803196,0.24812866533003963,-0.34929447415749837,0.24082191257347788,73.91037592914452,0.12985336128852007,0.11056447155563755,True,0,0,37,65,35,C,0,13.25,13.25,43.6,43.6,Persistence
JBL,Jabil Inc. Common Stock,Technology,Electronic Components,United States,半導体,341.2200012207031,35.755450368,367.53488771484376,0.03181802444344424,-0.16768485966226732,0.03656132385447159,0.08878598751761627,0.2575107296137339,0.18152402523863453,65.21327069055198,-0.011298124871756632,0.11516221014909082,True,23,12,30,40,80,S,0,31.25,23.0,42.5,42.5,Persistence
JBTM,JBT Marel Corporation Common Stock,Industrials,Specialty Industrial Machinery,United States,その他,123.12000274658203,6.387073536,69.70192715492249,1.2134032634032634,0.031002162941600575,0.04659498207885305,0.35137696803749147,0.2229070364663585,0.22976058212362802,39.646940358399426,-0.08071379254328069,0.2684888552965933,False,52,22,54,85,53,B,0,57.05,34.55,61.550000000000004,61.550000000000004,Persistence
JEF,Jefferies Financial Group Inc. Common Stock,Financial Services,Capital Markets,United States,その他,56.619998931884766,11.516054528,107.1122984793663,0.029349117918294212,0.4130500192235358,0.04086239378800304,0.5805129809398414,-2.7121340295190275,0.3125494204250791,57.98225362322212,0.01763881555814253,0.17705528634637235,True,8,0,41,65,100,S,-30,0.0,0.0,28.799999999999997,28.799999999999997,Persistence
JLL,Jones Lang LaSalle Incorporated Common Stock,Real Estate,Real Estate Services,United States,その他,362.3800048828125,16.672272384,143.0857449279785,0.1144843361257036,0.12870891295133136,-0.004855695255990528,,0.6313771257085695,0.14550224424333327,70.06167363578079,0.13539664362748202,0.029096521368846363,True,14,26,30,65,10,D,0,21.25,30.25,34.75,34.75,Persistence
JOBY,"Joby Aviation, Inc. Common Stock",Industrials,Airports & Air Services,United States,その他,8.640000343322754,8.546033664,408.9646098507929,3.0,-0.8682170542635659,,0.4510435189518016,-0.18228122562300267,0.020514531753375496,62.745107613034584,-0.012526245567725493,0.5585078958581783,False,43,40,18,85,45,C,-10,39.5,37.25,30.15,39.5,Acceleration
JOE,St. Joe Company (The) Common Stock,Real Estate,Real Estate - Diversified,United States,その他,67.3499984741211,3.834265856,15.115360157546997,0.27439495253726376,0.03455565973515548,0.5428164916911394,0.4305342857031521,1.8743691761828485,0.3771958593965066,86.2385388883553,0.06435403761737726,0.07028380164942838,True,46,36,57,85,37,C,0,50.95,43.45,60.0,60.0,Persistence
JPM,JP Morgan Chase & Co. Common Stock,Financial Services,Banks - Diversified,United States,その他,357.5199890136719,950.354706432,2891.739652738953,0.07322989394413329,0.09349346894522174,0.21314992131655797,,,0.1129928359962937,68.75124650747782,0.07593730626997647,0.00478788906430201,True,0,0,30,10,40,C,-30,0.0,0.0,0.0,0.0,Acceleration
JXN,Jackson Financial Inc. Class A Common Stock ,Financial Services,Insurance - Life,United States,その他,129.9600067138672,8.80202752,82.02295863739013,1.1057567917205693,-0.02306477093206951,-0.6743827160493827,,,0.013069151923218732,59.3834632785391,0.13990339350195277,0.03418542604181834,True,55,10,18,85,57,B,-20,39.7,5.949999999999999,22.549999999999997,39.7,Acceleration
KBR,"KBR, Inc. Common Stock",Industrials,Engineering & Construction,United States,その他,38.040000915527344,4.79561728,67.35362562103272,0.009857328145265888,0.10839562967222542,0.05971968312004875,0.14770100179809914,0.29396984924623115,0.43863912515188336,63.2341687253216,0.07566571038230298,0.2508524856822222,False,5,24,34,85,38,C,0,20.3,34.55,47.550000000000004,47.550000000000004,Persistence
KD,"Kyndryl Holdings, Inc. Common Stock",Technology,Information Technology Services,United States,その他,14.020000457763672,3.053811968,64.20143759622574,0.0023245002324500234,-0.06198604535260404,-0.05720662516151768,0.21793002915451895,0.008902077151335312,0.39486893474623536,66.30434538481354,0.15133203394124478,0.5769462668685824,False,20,12,26,85,15,D,0,29.25,23.25,38.55,38.55,Persistence
KEX,Kirby Corporation Common Stock,Industrials,Marine Shipping,United States,その他,131.2899932861328,6.932111872,82.34114508926392,0.030060541184049855,0.05635714378129407,0.1102021938023969,0.26260697670962085,-0.019580314812219394,0.1888968874234464,30.060212529408815,-0.060781355349648014,0.1395897736611235,True,0,12,37,85,80,S,0,20.75,29.75,57.6,57.6,Persistence
KEY,KeyCorp Common Stock,Financial Services,Banks - Regional,United States,その他,22.729999542236328,24.367355904,238.8503583397484,0.6571883530482256,-0.2926790024135157,-0.11542840876743524,,2.5075125208681137,0.05959399287345225,40.69399852706872,0.0031807936623123637,0.05252189416019773,True,48,57,30,65,87,S,-20,34.45,41.2,30.150000000000006,41.2,Transition
KEYS,Keysight Technologies Inc. Common Stock,Technology,Scientific & Technical Instruments,United States,その他,340.9700012207031,58.270191616,410.8569175209045,0.07953404298051818,-0.08876281112737922,0.008118081180811807,0.6208372093023256,0.4265033407572383,0.24581895407486062,63.411955416139925,0.026485664728810324,0.08670379663230912,True,35,24,42,40,80,S,0,40.25,32.0,49.1,49.1,Persistence
KFRC,"Kforce, Inc. Common Stock",Industrials,Staffing & Employment Services,United States,その他,59.09000015258789,1.058242816,16.71597014316559,-0.05429485920524184,-0.08255100681831833,-0.10463681452449636,0.27191203658069524,-0.4097804567407725,0.22685278882391874,54.926109840067774,0.13419370874872777,0.0,True,30,0,25,100,45,C,-5,37.0,14.5,42.75,42.75,Persistence
KGS,"Kodiak Gas Services, Inc. Common Stock",Energy,Oil & Gas Equipment & Services,United States,電力/エネルギー,59.900001525878906,6.0450432,104.9564831736374,0.1283426103953124,0.3632842220134269,0.20125071866175645,0.42197844201513646,3.0,0.6046912274777982,41.28687224051732,-0.09429327007141336,0.21463217303911697,True,27,53,71,85,90,S,-10,32.0,51.5,68.30000000000001,68.30000000000001,Persistence
KKR,KKR & Co. Inc. Common Stock,Financial Services,Asset Management,United States,その他,102.80999755859375,94.954340352,434.62412417907717,-0.11241735784662385,0.5108904849377255,1.5737153408698852,0.1799646014086965,-0.9512940469323831,0.1329724814357429,60.99396370409223,0.0596019416340837,0.30789560699126767,False,0,0,33,40,38,C,-20,0.0,0.0,15.75,15.75,Persistence
KMI,"Kinder Morgan, Inc. Common Stock",Energy,Oil & Gas Midstream,United States,電力/エネルギー,30.850000381469727,68.696846336,311.29192884922026,0.12165562913907285,-0.01526020607799661,-0.20135416666666667,0.5287240951762414,-0.03825681969394544,0.4368779897729147,33.017991192855945,-0.02561003526434305,0.09244085118054116,True,43,14,25,40,90,S,0,47.25,25.5,41.75,47.25,Acceleration
KMPR,Kemper Corporation,Financial Services,Insurance - Property & Casualty,United States,その他,28.510000228881836,1.67850432,23.741275040597916,0.032421697929932866,-0.0623583225388601,-0.09351435648105678,,0.6800121322414316,0.07564520913675467,50.70280797639178,0.048215728105731444,0.46005826874480826,False,39,12,30,100,65,A,-25,25.75,5.5,29.5,29.5,Persistence
KMT,Kennametal Inc. Common Stock,Industrials,Tools & Accessories,United States,その他,33.130001068115234,2.524840704,40.00232283967972,,-0.03910989257408402,-0.015054008692204348,,-0.2960477035866161,0.252752796011019,46.951228494846674,-0.034319089382074376,0.23018924151467668,False,0,0,21,100,90,S,0,24.0,24.0,54.55,54.55,Persistence
KN,Knowles Corporation Common Stock,Technology,Electronic Components,United States,半導体,39.08000183105469,3.337835776,39.27110304000855,0.07172538392050587,0.21169001751313485,-0.04594820384294068,0.4320633850303439,-0.29699570815450643,0.1291979830653601,61.459670939680414,0.023347446719557408,0.08691582879246201,True,7,35,29,85,80,S,0,26.0,47.0,53.2,53.2,Persistence
KNF,Knife Riv Holding Co. Common Stock,Basic Materials,Building Materials,United States,その他,66.80000305175781,3.791796736,46.952052145004274,0.08520406139347811,0.024256717367110076,0.1166282470433723,0.1835113788504303,-1.4640920098467614,0.33372309295630026,28.929461251915214,-0.1589041247592025,0.29364488455831356,False,18,0,18,85,24,D,0,28.65,15.15,35.95,35.95,Persistence
KNSL,"Kinsale Capital Group, Inc. Common Stock",Financial Services,Insurance - Property & Casualty,United States,その他,373.760009765625,8.513664,124.79286086059571,0.18044566227303507,0.29652194578949387,0.45975579515596016,,0.03958070389496387,0.037129930516131136,59.892826899421024,0.12870828142785992,0.21818136204711722,True,7,26,85,85,70,A,-20,5.0,19.25,62.0,62.0,Persistence
KNTK,Kinetik Holdings Inc. Class A Common Stock,Energy,Oil & Gas Midstream,United States,電力/エネルギー,49.18000030517578,12.34701312,49.17360690513611,0.18980005111505677,0.1802887906196375,0.035370707628410616,0.3376783691124803,-0.7940399421256913,0.5447828241993536,44.8405505039292,0.030683234894059414,0.033791699083475846,True,39,14,41,65,87,S,0,47.7,28.950000000000003,56.2,56.2,Persistence
KNX,Knight-Swift Transportation Holdings Inc.,Industrials,Trucking,United States,その他,70.0199966430664,11.396174848,301.6058840402603,0.008044584685883198,0.0375694191044624,-0.03860979120914328,0.13961464794585157,3.0,0.22463145635173823,34.122937846883644,-0.06984567685334422,0.1507580444542489,True,12,25,30,65,80,S,0,26.75,36.5,48.75,48.75,Persistence
KO,Coca-Cola Company (The) Common Stock,Consumer Defensive,Beverages - Non-Alcoholic,United States,その他,87.05000305175781,374.536896512,1524.695601952057,0.018699135164998618,0.028565808453905668,0.06394753976374291,0.6162574831563797,0.11706391056739085,0.4340177072202717,69.99187559826969,0.05579544301572537,0.022788490542993967,True,14,24,46,10,40,C,-20,0.0,3.5,15.799999999999997,15.799999999999997,Persistence
KOS,Kosmos Energy Ltd. Common Shares (DE),Energy,Oil & Gas E&P,United States,電力/エネルギー,2.4800000190734863,1.476809472,41.74328592104435,-0.2309989864852766,-0.015426584736319998,-0.24216527007978694,0.0176007799110802,0.293700324967699,0.6499898011891941,55.42168692003085,-0.0016906777587002819,0.24159020381070176,True,5,12,0,100,100,S,-15,13.75,19.0,30.0,30.0,Persistence
KRMN,Karman Holdings Inc. Common Stock,Industrials,Aerospace & Defense,United States,防衛/宇宙,58.22999954223633,7.717006336,237.9321453795433,0.3656730900127733,0.22994246629023352,0.24035450989351573,0.40302439024390246,-4.72641095409462,0.5319356287859027,73.95047929401143,0.16022825164231488,0.49492584716951055,False,36,20,61,85,0,D,-10,29.75,17.75,44.800000000000004,44.800000000000004,Persistence
KTB,"Kontoor Brands, Inc. Common Stock ",Consumer Cyclical,Apparel Manufacturing,United States,その他,77.05000305175781,4.258735616,49.082392944030765,0.2089594251830626,4.065240202004087e-05,-0.009109827151936352,0.4515174835112687,0.24426768523119952,0.5009807672054368,37.33440285794618,-0.04301468428973231,0.12611994270296034,True,52,17,30,85,90,S,0,60.75,34.5,55.75,60.75,Acceleration
KVUE,Kenvue Inc. Common Stock,Consumer Defensive,Household & Personal Products,United States,その他,19.229999542236328,36.921765888,415.1416530176926,-0.02141701714655451,0.0007122507122507123,0.03304347826086956,0.581327691087014,0.2898876404494382,0.32035751218791547,53.25076028226401,0.02770471911606315,0.08184299878806159,True,13,24,34,40,100,S,0,25.75,34.0,48.7,48.7,Persistence
KVYO,"Klaviyo, Inc. Series A Common Stock",Technology,Software - Application,United States,ソフトウェア,16.6200008392334,4.974030848,93.25698530904769,0.31633748069259193,0.34288116728429635,0.4766831377393453,0.7467437697474674,0.2744118497401314,0.07639358118795093,43.544308116839844,0.023323452094898934,0.5373050755441785,False,34,45,97,85,65,A,0,44.75,53.0,87.6,87.6,Persistence
KWR,Quaker Houghton Common Stock,Basic Materials,Specialty Chemicals,United States,その他,169.9499969482422,2.924449024,23.36132658050537,0.026606714406697665,-0.05817142465134876,0.00500518371977557,0.3597160699214353,-0.50488377236092,0.3237575841620394,71.50147047372613,0.12154806394210257,0.05200689598527177,True,22,0,25,100,22,D,0,33.7,17.2,43.15,43.15,Persistence
L,Loews Corporation Common Stock,Financial Services,Insurance - Property & Casualty,United States,その他,115.52999877929688,23.617533952,88.32326171676635,0.05435350078310807,0.09956627120806226,0.11587188612099644,,0.12829084830756374,0.1098925279103164,54.87552392650466,0.029418568000571247,0.032412082890495124,True,2,24,42,65,87,S,-20,0.0,16.450000000000003,36.75,36.75,Persistence
LAD,"Lithia Motors, Inc. Common Stock",Consumer Cyclical,Auto & Truck Dealerships,United States,その他,375.6300048828125,8.25751808,150.77600580993652,0.039977119613575696,0.16577057756673957,0.10126721489438693,0.15233201097917093,-0.921302578018996,0.6167155238338007,64.14332053695746,0.1690558313314775,0.11965235382688012,True,0,12,35,85,50,B,-10,7.75,16.75,40.5,40.5,Persistence
LAZ,"Lazard, Inc. Common Stock",Financial Services,Capital Markets,United States,その他,44.20000076293945,4.307315712,80.76400939407348,0.019983151346272234,0.20977288584711148,-0.09714485517596746,0.3375472605555192,-0.3010783990363243,0.43986075753116843,60.89285580807039,0.026469679121125658,0.2070574617495157,False,4,0,21,85,70,A,-20,2.75,0.0,26.799999999999997,26.799999999999997,Persistence
LB,LandBridge Company LLC Class A Shares Representing Limited Liability Company Interests,Energy,Oil & Gas Equipment & Services,United States,電力/エネルギー,75.4000015258789,5.807082496,20.959315424156188,0.8106935627626098,0.5090098126672614,0.4072850879734245,0.9322125840687517,0.8309852815411621,0.41014790023249414,49.78577865788622,0.03696115193433863,0.11436074163780949,True,86,64,82,85,100,S,0,87.25,70.75,86.35,87.25,Acceleration
LBRT,Liberty Energy Inc. Class A common stock,Energy,Oil & Gas Equipment & Services,United States,電力/エネルギー,19.940000534057617,3.254036992,119.90221421136856,-0.07161841701850753,-0.09114860208495158,0.14429190201165132,0.08428987078756581,-0.9209094987103286,0.17375857325327648,35.92365664864414,-0.19447708628575622,0.41061164830805796,False,18,0,25,85,33,D,0,29.55,16.05,41.6,41.6,Persistence
LCII,LCI Industries,Consumer Cyclical,Recreational Vehicles,United States,その他,108.80000305175781,2.645092096,37.03171303871155,0.10178771134884775,-0.011519738914100795,-0.27315074696431424,0.23781925207974638,-0.15130004177453338,0.3889833302214398,53.83064658783168,0.0747972202180122,0.29386721728710496,False,35,14,21,100,58,B,0,47.05,31.3,48.15,48.15,Persistence
LDOS,"Leidos Holdings, Inc. Common Stock",Technology,Information Technology Services,United States,その他,137.57000732421875,17.26396416,217.66532913848877,0.030728604009122553,0.07928488146132918,0.07238121700472354,0.18044718760917666,0.26360808709175737,0.3879789520492107,78.20868071254438,0.2043960061209176,0.30487285103821254,False,5,24,38,65,8,D,0,14.3,28.55,38.75000000000001,38.75000000000001,Persistence
LEA,Lear Corporation Common Stock,Consumer Cyclical,Auto Parts,United States,その他,122.83999633789062,8.178043904,91.20992568084716,-0.0020123573328756543,-0.00685646591582186,0.12327501615489553,0.06468006070742204,-0.06091913074456715,0.19621911864772185,31.206590021719265,-0.11241010484202915,0.17379605603181972,False,18,0,25,85,70,A,0,33.25,19.75,49.0,49.0,Persistence
LEG,"Leggett & Platt, Incorporated Common Stock",Consumer Cyclical,"Furnishings, Fixtures & Appliances",United States,その他,9.619999885559082,1.313986048,18.241828582992554,-0.07493840678894059,-0.07231286902418894,-0.08187770804593235,0.18349732435698257,0.2539045069165551,0.46824454247257097,35.06848169728006,-0.10122398930115853,0.24645779620993102,False,5,47,22,100,70,A,-25,0.75,32.25,26.1,32.25,Transition
LEN,Lennar Corporation Class A Common Stock,Consumer Cyclical,Residential Construction,United States,その他,88.18000030517578,21.24213248,215.14994184459687,-0.03539691319644579,0.035289722897830146,0.016701488906926167,0.09907659458435202,-0.9873725063578801,0.17063376221451967,60.927141234003074,0.01085260578053714,0.3682894552881406,False,0,0,25,65,53,B,0,15.05,15.05,40.6,40.6,Persistence
LEN-B,Lennar Corporation Class B,Consumer Cyclical,Residential Construction,United States,その他,86.4800033569336,20.832612352,6.364063447036743,-0.03539691319644579,0.035289722897830146,0.016701488906926167,0.09907659458435202,-0.9873725063578801,0.17063376221451967,60.61233353914063,0.012397841805033626,0.3532018233202579,False,0,0,25,65,53,B,0,15.05,15.05,40.6,40.6,Persistence
LEU,Centrus Energy Corp. Class A Common Stock,Energy,Uranium,United States,電力/エネルギー,191.3699951171875,3.81837824,162.65397049987794,0.015158371040723982,0.38038725796377265,0.089857045609258,0.26186761756184534,-0.0486322188449848,0.4968314321926489,65.79089809605406,0.11845562869316126,0.5610779928504874,False,0,12,44,85,15,D,0,14.25,23.25,48.45,48.45,Persistence
LEVI,Levi Strauss & Co Class A Common Stock,Consumer Cyclical,Apparel Manufacturing,United States,その他,24.40999984741211,9.3942016,51.48105582818985,0.04144562334217507,0.0325054346895808,-0.052929351878870406,0.617287488061127,-0.5406170815322701,0.33662831444924657,56.349306060025334,0.019485429043298117,0.04386998860596427,True,42,12,33,85,87,S,0,52.95,30.450000000000003,56.80000000000001,56.80000000000001,Persistence
LHX,"L3Harris Technologies, Inc. Common Stock",Industrials,Aerospace & Defense,United States,防衛/宇宙,286.6700134277344,53.382148096,448.738905519104,0.025322391559202812,0.09815129512333282,0.13814324229281444,0.25726046192545166,0.24686192468619247,0.269838572642311,53.637674613496735,-0.029200214992150378,0.23685778470453434,False,5,24,38,40,90,S,0,18.75,33.0,48.900000000000006,48.900000000000006,Persistence
LII,"Lennox International, Inc. Common Stock",Industrials,Building Products & Equipment,United States,その他,439.7699890136719,15.198747648,269.08426202774046,-0.027334169584183627,0.07214115096649873,0.05584520176330959,0.3339171943872346,,0.43380371404772405,26.407104162755587,-0.1537815370515039,0.2756048287572313,False,4,0,6,65,24,D,0,15.15,12.15,24.35,24.35,Persistence
LION,Lionsgate Studios Corp Common Shares,,,,その他,12.970000267028809,3.859349248,32.90372337742806,0.018222617711920144,0.05489347808342176,-0.20546079512290033,0.3979785698001368,1.0635097493036212,0.7302472264459087,32.857146749693925,-0.07564460870552717,0.20914630678563714,True,19,43,24,85,80,S,-10,25.0,43.0,40.45,43.0,Transition
LMND,"Lemonade, Inc. Common Stock",Financial Services,Insurance - Property & Casualty,United States,その他,52.939998626708984,4.097376768,86.33613796039582,0.4015194681861349,0.22498836668217775,0.6743280093494352,,-0.24519230769230768,0.0945630160461131,30.354729619803948,-0.12296980198601397,0.45179663669869136,False,32,26,55,85,33,D,-30,10.049999999999997,5.549999999999997,28.1,28.1,Persistence
LMT,Lockheed Martin Corporation Common Stock,Industrials,Aerospace & Defense,United States,防衛/宇宙,587.9500122070312,135.693426688,719.9741874481201,0.0563743085173768,0.051382989744121,0.024051285160038797,0.10152169278328536,0.3066010970304521,0.36263368983957217,78.78698314351819,0.10067191266827519,0.12546320030888947,True,35,12,38,25,35,C,0,33.5,16.25,34.150000000000006,34.150000000000006,Persistence
LNC,Lincoln National Corporation Common Stock,Financial Services,Insurance - Life,United States,その他,46.029998779296875,8.812320768,99.23262211837769,0.019623103007393408,0.5360771923832295,-0.38131966823392677,,,0.015414521433159797,67.99673700455527,0.17968428443691173,0.02063832384474734,True,0,0,10,85,25,D,-30,0.0,0.0,1.75,1.75,Persistence
LNG,"Cheniere Energy, Inc. Common Stock",Energy,Oil & Gas Midstream,United States,電力/エネルギー,256.1400146484375,52.90166272,448.94941067504885,0.27211360886454816,-0.2300186329312543,-0.38991264807945436,0.4771225470564678,-0.2202154626108999,0.5328724781755148,44.00761798009362,0.03218917263614537,0.1353155741141802,True,53,31,25,40,100,S,0,55.75,39.25,43.75,55.75,Acceleration
LNN,Lindsay Corporation Common Stock,Industrials,Farm & Heavy Construction Machinery,United States,その他,116.05999755859375,1.180200832,13.35270271911621,0.11414423941727038,-0.09940897573596169,-0.12541015617397758,0.31163508622525016,0.3538678086909646,0.16235032753117135,57.67194485698464,0.0057174702357902785,0.181008628575028,False,44,26,34,100,90,S,-25,32.0,18.5,36.7,36.7,Persistence
LOAR,Loar Holdings Inc. Common Stock,Industrials,Aerospace & Defense,United States,防衛/宇宙,70.87000274658203,6.639702016,44.244851414718624,0.2320248051854555,0.26881317386771325,0.3259478603707076,0.5265644803468988,1.1530802603036876,0.3573091939158815,52.181991802477384,-0.00015233537343452812,0.13467641726247828,True,29,29,89,85,100,S,0,44.5,44.5,90.2,90.2,Persistence
LOB,"Live Oak Bancshares, Inc. Common Stock",Financial Services,Banks - Regional,United States,その他,42.599998474121094,1.971682176,9.848906647224426,0.12358675839848535,0.13113272012981067,0.08674826084959347,,0.3350888130041964,0.006766138228125976,56.89899824675547,0.04976821920013417,0.026508224220870284,True,10,26,50,100,75,A,-25,5.0,17.0,42.5,42.5,Persistence
LPG,Dorian LPG Ltd. Common Stock,Energy,Oil & Gas Midstream,United States,電力/エネルギー,45.7599983215332,1.957735424,28.862432541332243,0.36273626139491194,-0.36984039854255574,0.43866213046766495,0.5446104433839989,-0.24512454953418364,0.37914499669445473,62.32668122748249,0.11959707549893708,0.03500632457846065,True,50,42,37,100,37,C,-5,51.2,45.2,47.75,51.2,Acceleration
LPX,Louisiana-Pacific Corporation Common Stock,Industrials,Building Products & Equipment,United States,その他,78.51000213623047,5.48968704,99.65470846157073,-0.07922475348520912,0.13948082138705928,-0.33030617540217955,0.21750369276218612,-0.7843601895734598,0.14427103159497526,65.65085341598899,0.04596882460336818,0.2248535423277211,False,0,0,25,85,70,A,0,19.75,19.75,49.0,49.0,Persistence
LRN,"Stride, Inc. Common Stock",Consumer Defensive,Education & Training Services,United States,その他,82.51000213623047,3.429102848,97.04042606243134,0.046881138743874506,0.17903708158890705,0.11032743754891534,0.37750969885400826,-0.04784794236144268,0.22417094769481416,46.09628717426399,-0.07311086551730776,0.5141039790206698,False,4,12,49,85,55,B,0,21.25,27.25,59.2,59.2,Persistence
LTH,"Life Time Group Holdings, Inc. Common Stock",Consumer Cyclical,Leisure,United States,その他,43.810001373291016,9.789868032,122.14754102890015,0.1427930995671491,0.1824430556263599,0.21619954821714768,0.47630134996853357,-1.414337115970108,0.5188102424702649,55.91986636751296,0.11264060391551627,0.04135665991456915,True,16,14,47,85,57,B,0,30.45,28.95,58.5,58.5,Persistence
LUMN,"Lumen Technologies, Inc. Common Stock",Communication Services,Telecom Services,United States,その他,6.239999771118164,6.43621888,79.36571468888283,-0.05386023802258163,-0.09953974033111218,-0.16712438494106877,0.4647637477826157,-0.6633393829401089,0.5156077106749752,47.651000590126074,-0.1742318274914398,0.47252748847327786,False,38,0,25,85,43,C,0,45.55,17.05,43.6,45.55,Acceleration
LUV,Southwest Airlines Company Common Stock,Industrials,Airlines,United States,その他,47.04999923706055,23.017244672,265.3485864472389,0.021103955172288323,0.05335173048177533,0.09561602418745276,0.1744289634037701,0.4780150753768844,0.20580847183510548,45.83601971132416,0.004542945317252445,0.1339491714153425,True,5,12,22,65,100,S,0,23.5,28.75,48.35,48.35,Persistence
LVS,Las Vegas Sands Corp. Common Stock,Consumer Cyclical,Resorts & Casinos,United States,その他,45.77000045776367,29.645283328,263.9835123402023,0.15215082315454062,0.0892788276128037,1.5236009732360096,0.49788737804409616,0.0960591133004926,0.7200729927007299,51.32620555701764,-0.037660076975990615,0.3298026709291188,False,33,26,48,65,73,A,-10,31.799999999999997,26.549999999999997,47.25000000000001,47.25000000000001,Persistence
LW,"Lamb Weston Holdings, Inc. Common Stock ",Consumer Defensive,Packaged Foods,United States,その他,52.27000045776367,7.186244608,106.69901328443527,0.024956210376203245,-0.002520254808584328,0.20876163420924757,0.20563192837590552,1.3476749239461103,0.5342610533732606,73.84675088717292,0.12737583492187765,0.1905205792928778,True,30,12,22,85,35,C,-20,18.75,5.25,20.35,20.35,Persistence
LYV,"Live Nation Entertainment, Inc. Common Stock",Communication Services,Entertainment,United States,その他,180.66000366210938,42.086465536,371.26353392578125,0.08834920240762234,0.018890346376845838,0.3623866047480603,0.25546392133835705,-0.7095490653026278,0.4540914791044709,49.724217944202266,0.025754601369949573,0.031780871387353436,True,18,0,44,40,87,S,0,28.200000000000003,14.700000000000001,51.60000000000001,51.60000000000001,Persistence
LZB,La-Z-Boy Incorporated Common Stock,Consumer Cyclical,"Furnishings, Fixtures & Appliances",United States,その他,42.13999938964844,1.68607232,15.091176581420898,0.008262821050755095,0.030375759577181933,-0.12871446004206122,0.44041455162733617,0.1310635360338434,0.2762955146927414,60.51137944064058,0.07402036005600507,0.0,True,6,24,30,100,40,C,-5,18.5,32.0,44.5,44.5,Persistence
M,Macy's Inc Common Stock,Consumer Cyclical,Department Stores,United States,その他,25.399999618530273,6.681163776,119.46635820579529,-0.01673476484395375,-0.03603452610408112,-0.062202837046642305,0.40334202731974717,0.7424242424242424,0.32048281808104445,64.41379415577856,0.06551099450660729,0.03090421572819677,True,43,24,30,85,52,B,0,50.2,35.95,48.15,50.2,Acceleration
MA,Mastercard Incorporated Common Stock,Financial Services,Credit Services,United States,その他,562.9500122070312,493.149782016,1744.9648938378907,0.16416373770724607,0.12228065981353096,0.1286594414714215,0.7788722515324327,0.20955395259826293,0.350831840759274,58.634895694581125,0.08049944646352952,0.05426396093672376,True,43,26,71,10,72,A,-20,20.950000000000003,8.2,35.95,35.95,Persistence
MAIN,Main Street Capital Corporation Common Stock,Financial Services,Asset Management,United States,その他,58.939998626708984,5.480821248,37.44340232757568,-0.01563406963148502,0.1792009884678748,0.6024488667077326,,,0.4325454648176664,69.75991864911965,0.12825103783208452,0.05953075653494765,True,0,0,10,85,37,C,-30,0.0,0.0,4.149999999999999,4.149999999999999,Persistence
MAN,ManpowerGroup Common Stock,Industrials,Staffing & Employment Services,United States,電力/エネルギー,56.599998474121094,2.632315648,91.4568245344162,0.005780249693344311,-0.056073382854423856,-0.04604715672676838,0.166931185993284,-1.6253390158853158,0.22803244506064343,59.386763182562134,0.3805217132827373,0.0,True,18,0,10,100,45,C,-10,23.0,9.5,29.5,29.5,Persistence
MAS,Masco Corporation Common Stock,Industrials,Building Products & Equipment,United States,その他,77.51000213623047,15.283997696,223.59504091243744,-0.03398058252427184,-0.01744696874607757,-0.08214285714285714,0.3542713567839196,-0.04520396912899669,0.6181503557008268,50.03751738505829,0.02360460052731616,0.06354953147477944,True,4,0,19,65,87,S,-10,11.450000000000003,8.450000000000003,34.10000000000001,34.10000000000001,Persistence
MATX,"Matson, Inc. Common Stock",Industrials,Marine Shipping,United States,その他,206.77000427246094,6.183138304,67.73475184959412,-0.022590449471038634,0.10573256640599754,-0.2874510706884642,0.22765734788458664,-0.6641905178064235,0.1568513245318837,36.412216332236525,0.030473208959974546,0.07334805258090703,True,0,0,25,85,77,A,0,20.45,20.45,50.4,50.4,Persistence
MBC,"MasterBrand, Inc. Common Stock",Consumer Cyclical,"Furnishings, Fixtures & Appliances",United States,その他,9.369999885559082,1.90670592,18.737141921153068,0.012701821952303363,-0.00946372239747634,-0.16769958784918332,0.30262917321826893,-0.443391757460919,0.37866081795897305,61.340207325840765,0.049389623654243764,0.3219970989530284,False,34,0,25,100,53,B,-5,40.8,15.3,44.35,44.35,Persistence
MC,Moelis & Company Class A Common Stock,Financial Services,Capital Markets,United States,その他,66.62999725341797,4.936009728,64.01810136108398,0.2697688241129468,0.3975405616626187,-0.13249710493384229,0.32945761987768957,0.2998943169480468,0.1534769358040082,48.92160939062703,-0.01091368708738432,0.12575922610815854,True,21,36,49,85,100,S,-20,18.5,29.75,48.2,48.2,Persistence
MCB,Metropolitan Bank Holding Corp. Common Stock,Financial Services,Banks - Regional,United States,その他,92.86000061035156,1.151257728,15.192824699859619,0.13792418557453062,0.10438743075468913,-0.019597186325762166,,-0.43479304385988976,0.0013293819700193176,32.38317823141354,-0.016739135211277106,0.08039190767883794,True,35,14,25,100,90,S,-25,25.25,9.5,31.75,31.75,Persistence
MCO,Moody's Corporation Common Stock,Financial Services,Financial Data & Stock Exchanges,United States,その他,477.75,82.737217536,426.5495325,0.08888261851015801,0.19810682893847195,0.08193123628383321,0.7443638248250842,0.021420071400238,0.46437144662034113,32.0602740160477,0.014018171732694054,0.11060752636491124,True,17,24,54,40,90,S,-20,7.75,13.0,37.7,37.7,Persistence
MDU,"MDU Resources Group, Inc. Common Stock (Holding Company)",Utilities,Utilities - Regulated Gas,United States,その他,20.549999237060547,4.322681344,30.885210353355408,0.06660379140125758,-0.02516092254867602,0.03208038926388058,0.3261655856380522,-13.484980005851945,0.3511916366469235,44.444415010043386,-0.01731540250375,0.09267544293273998,False,22,0,10,85,90,S,0,38.25,21.75,44.75,44.75,Persistence
MET,"MetLife, Inc. Common Stock",Financial Services,Insurance - Life,United States,その他,97.7699966430664,62.130577408,414.6723756122208,0.07875262009667622,0.03234021255924868,0.007788277529706716,,,0.02708524006731386,68.89361667748372,0.09426069179315742,0.02181090917195992,True,30,0,22,40,40,C,-20,12.5,0.0,10.100000000000001,12.5,Acceleration
MGM,MGM Resorts International Common Stock,Consumer Cyclical,Resorts & Casinos,United States,その他,44.470001220703125,11.37770496,115.89771718139649,0.01723483799381052,0.06658496785096542,0.23132869700479566,0.4441938538859438,0.20508603802605152,0.7583497676523971,37.20931203435002,-0.047380321871155893,0.12270660040476881,True,9,12,44,65,90,S,-10,15.5,17.75,48.45,48.45,Persistence
MGY,Magnolia Oil & Gas Corporation Class A Common Stock,Energy,Oil & Gas E&P,United States,電力/エネルギー,25.079999923706055,6.081700864,181.43837524806023,-0.0030709347162292174,0.07246008285390378,-0.27590199546412997,0.47294688015733566,-0.05749318738324108,0.14173267674603493,47.53559304329659,-0.044826148946654834,0.22040928393572054,False,8,0,33,85,90,S,0,27.75,21.75,57.400000000000006,57.400000000000006,Persistence
MH,"McGraw Hill, Inc. Common Stock",Consumer Defensive,Education & Training Services,United States,その他,11.600000381469727,2.218803456,6.324262207975387,0.0007052780208813691,0.0718299312718633,0.006522834026347013,0.8092340571842717,-0.7376252519465317,0.48230715004098973,75.1879742378851,0.08803725088686781,0.3551973024428376,False,15,35,44,100,23,D,0,28.55,43.55,53.800000000000004,53.800000000000004,Persistence
MHK,"Mohawk Industries, Inc. Common Stock",Consumer Cyclical,"Furnishings, Fixtures & Appliances",United States,その他,136.05999755859375,9.216451584,135.47630016906737,-0.004752281556533695,-0.02678018158795161,-0.05129035281287541,0.23872086338939677,-0.09315673289183223,0.1795313904130106,81.3589456229396,0.19532060477638416,0.02640431085084973,True,30,0,25,85,10,D,0,36.25,13.75,37.0,37.0,Persistence
MHO,"M/I Homes, Inc. Common Stock",Consumer Cyclical,Residential Construction,United States,その他,151.99000549316406,3.842768128,34.909824411697386,-0.01928864933502343,0.11681362746318212,-0.023694429457570363,0.24104137348591975,-0.25437342034450355,0.21557547688201587,57.577483805161265,0.03106705268886697,0.06754597856954563,True,0,0,25,85,87,S,0,21.450000000000003,21.450000000000003,52.400000000000006,52.400000000000006,Persistence
MIAX,"Miami International Holdings, Inc. Common Stock",Financial Services,Capital Markets,United States,その他,44.22999954223633,4.280961536,55.2596345280838,0.1964796960191988,0.09516266461224564,0.3046524772564634,0.31562093817559617,0.8357217804285398,0.0065101137423824364,60.339929260651694,0.055316408381748144,0.22185081943173493,True,42,28,61,85,65,A,-20,30.75,20.25,47.80000000000001,47.80000000000001,Persistence
MIR,"Mirion Technologies, Inc. Class A Common Stock",Industrials,Specialty Industrial Machinery,United States,その他,15.710000038146973,3.91238144,69.63551776908875,0.07504646840148699,0.07479086028218254,0.11577040958484257,0.47395720769397015,1.125248508946322,0.34383099690644076,49.59892749840788,-0.06852921381977478,0.4719327718269925,False,41,47,46,85,55,B,0,49.0,53.5,57.55,57.55,Persistence
MKC,"McCormick & Company, Incorporated Common Stock",Consumer Defensive,Packaged Foods,United States,その他,52.959999084472656,14.238377984,174.86994497699737,0.017341642250546574,0.0092311848938789,0.049082749389811824,0.3789599871350672,0.14435857805255023,0.31544498651556013,54.39022767692867,0.06205956117629229,0.24750524296278728,False,24,24,42,65,75,A,-20,15.25,15.25,34.35,34.35,Persistence
MKL,Markel Group Inc. Common Stock,Financial Services,Insurance - Property & Casualty,United States,その他,1875.050048828125,23.231791104,123.96893397827148,-0.024902447439287444,0.06596941436343139,0.3301754728431419,,0.09206738734039756,0.062460022886566366,33.74745727157783,-0.013859117256413214,0.14455489193499416,False,2,12,38,65,80,S,-20,0.0,6.75,33.150000000000006,33.150000000000006,Persistence
MLI,"Mueller Industries, Inc. Common Stock",Industrials,Metal Fabrication,United States,その他,68.8499984741211,15.228338176,101.74549499507904,0.1087308153384954,0.10186720930198562,-0.1411466042930805,0.2901640211298329,0.2137757311673045,0.007363993154084793,84.83782677167049,0.07707068985988196,0.019637330297325277,True,40,26,30,65,25,D,0,42.25,31.75,37.75,42.25,Acceleration
MLM,"Martin Marietta Materials, Inc. Common Stock",Basic Materials,Building Materials,United States,その他,548.5700073242188,32.950319104,327.54292282318113,0.0861886259272342,-0.03230217056913348,-0.050316507060542116,0.3071544715447154,0.6192052980132451,0.304900860456416,48.490286002479365,-0.04522394176965218,0.2232439706968495,False,43,12,30,40,90,S,0,47.25,24.0,44.5,47.25,Acceleration
MMI,"Marcus & Millichap, Inc. Common Stock",Real Estate,Real Estate Services,United States,その他,31.479999542236328,1.1921792,4.019838541545868,0.08490072694882625,0.07761403378400346,-0.5037857894615544,0.3769684674424887,3.0,0.09460456007156846,57.11380388207168,0.03292360770618322,0.03489843344970978,True,49,30,34,100,87,S,-5,55.45,41.2,56.10000000000001,56.10000000000001,Persistence
MMM,3M Company Common Stock,Industrials,Conglomerates,United States,その他,182.89999389648438,94.325628928,709.387685827179,0.015178026449643948,-0.0014221861032100772,-0.05928672451358893,0.39911014911014914,1.188087774294671,0.33397821535525934,78.53204367334226,0.1182371990312508,0.0,True,46,12,30,40,10,D,0,41.5,16.0,28.5,41.5,Acceleration
MMS,"Maximus, Inc. Common Stock",Industrials,Specialty Business Services,United States,その他,59.189998626708984,3.099055872,39.92572572366714,0.023572249579124183,0.08185346873465767,0.0591036355289485,0.2455119202191161,-0.08704010292518974,0.35486366235432676,53.15630916867293,0.00472911371137189,0.3956798966927246,False,0,12,33,85,73,A,0,20.05,29.05,54.00000000000001,54.00000000000001,Persistence
MO,"Altria Group, Inc.",Consumer Defensive,Tobacco,United States,その他,68.3499984741211,114.126987264,606.2535504656983,-0.01491880258266484,-0.0028289922934347867,-0.008990719257540603,0.7220815333432643,0.053768435721751245,0.7341862523916954,28.83968186797921,-0.03815799802020603,0.08769353784564712,True,17,12,32,25,73,A,-10,13.8,10.05,28.450000000000003,28.450000000000003,Persistence
MOD,Modine Manufacturing Company Common Stock,Consumer Cyclical,Auto Parts,United States,その他,195.60000610351562,10.388845568,315.99278786026,0.2313141087671763,0.07297117700805715,0.04782627616519431,0.22982616076200058,-0.1848414539829853,0.16312719659014432,38.4367406408472,-0.21586735928088588,0.3626380893246456,False,39,5,45,65,41,C,0,43.1,17.6,49.2,49.2,Persistence
MOG-A,Moog Inc. Class A Common Stock,Industrials,Aerospace & Defense,United States,防衛/宇宙,403.1099853515625,12.766963712,123.82934085021972,0.06973310870721759,0.0882850500122128,0.09236727394546976,0.27388007741753667,1.798417162665969,0.21366340906292397,52.50929696501565,0.009350053706474284,0.053399132149890075,True,12,24,42,65,87,S,0,27.450000000000003,36.45,56.75,56.75,Persistence
MOS,Mosaic Company (The) Common Stock,Basic Materials,Agricultural Inputs,United States,その他,23.059999465942383,7.330673664,177.71119408430098,0.0835760779659798,-0.18788560247077635,-0.2838715412126409,0.15780259533370947,-12.278481012658228,0.2156649686888534,55.26741985812665,0.03829907695881994,0.340209173574141,False,33,19,10,85,73,A,0,44.8,34.3,41.35,44.8,Acceleration
MPC,Marathon Petroleum Corporation Common Stock,Energy,Oil & Gas Refining & Marketing,United States,電力/エネルギー,298.20001220703125,83.741949952,633.275437923584,-0.044395955755271346,-0.06412632515382904,-0.16384056623443954,0.07537358985372912,-0.2226027397260274,0.4092430468703472,37.27504477996763,0.06798736408696138,0.0674255594825526,True,30,12,17,40,62,B,0,34.7,21.2,31.75,34.7,Acceleration
MRSH,Marsh Common Stock,Financial Services,Insurance Brokers,United States,その他,191.64999389648438,91.457536,521.2132399008178,0.1031564314334778,0.07573891625615764,0.0972972972972973,0.422667803268967,0.2546412443552434,0.36533810253789817,61.85848349209076,0.1028249682182922,0.07398389982018588,True,32,26,42,40,37,C,-20,13.700000000000003,9.2,20.5,20.5,Persistence
MS,Morgan Stanley Common Stock,Financial Services,Capital Markets,United States,その他,216.3300018310547,340.070760448,1338.7711961315918,0.14482567119626524,0.1372490970454142,0.009101772555267874,,-8.898571428571428,0.2608926471727207,57.065449977449,0.00701626969701252,0.048257101970542525,True,35,14,18,10,87,S,-30,6.450000000000003,0.0,0.0,6.450000000000003,Acceleration
MSA,MSA Safety Incorporated Common Stock,Industrials,Security & Protection Services,United States,その他,194.19000244140625,7.491517952,59.031818842163084,0.036874357074120366,0.011463672637830623,0.1699620341725171,0.4646396922574719,0.21974773435725933,0.2454945908469159,81.2127978956569,0.13754721016728075,0.03830092653501024,True,31,12,50,85,22,D,0,38.2,23.95,53.15,53.15,Persistence
MSCI,MSCI Inc. Common Stock,Financial Services,Financial Data & Stock Exchanges,United States,その他,563.1699829101562,40.942456832,437.3549928781128,0.09745046440495664,0.12938645746010155,0.12466523584918247,0.8244143566720764,0.05198379527287598,1.1065080871252209,29.325782037831175,-0.051146172622006346,0.1252815681758307,False,17,24,55,40,53,B,-40,0.0,0.0,10.850000000000001,10.850000000000001,Persistence
MSGE,Madison Square Garden Entertainment Corp. Class A Common Stock,Communication Services,Entertainment,United States,その他,76.55000305175781,3.621215744,26.671552063293458,-0.017232985671321272,0.12656430564559318,0.30299775053941147,0.43181958007242766,0.06878337256703221,0.7191297140687563,49.66593790001925,0.014893989846967545,0.054354466489944936,True,6,12,32,85,87,S,-10,15.950000000000003,20.450000000000003,46.25,46.25,Persistence
MSGS,Madison Square Garden Sports Corp. Class A Common Stock (New),Communication Services,Entertainment,United States,その他,389.989990234375,9.389441024,65.4071712121582,0.011751946406996453,0.1574201050879658,0.08046834860486465,0.27338003502626973,-0.029708866343184825,0.8042694575735893,42.431147061125,0.007072389996170162,0.03718059008136866,True,0,0,27,85,87,S,-20,1.4500000000000028,1.4500000000000028,33.5,33.5,Persistence
MSI,"Motorola Solutions, Inc. Common Stock",Technology,Communication Equipment,United States,通信/光通信,467.54998779296875,77.376618496,443.8335146621704,0.07996671905334196,0.08408498697133694,0.0950395083406497,0.5166067454203047,0.20524835988753515,0.5036876579503843,75.78547764579334,0.12294165913649836,0.03564056817643925,True,13,24,42,40,22,D,0,17.95,26.2,37.5,37.5,Persistence
MTB,M&T Bank Corporation Common Stock,Financial Services,Banks - Regional,United States,その他,250.4499969482422,36.16905216,299.58578184951784,0.04344058065215036,-0.017769738242179187,0.17284412829152626,,-0.15733647613435475,0.060938597723760014,51.52061773961371,0.05670088348431439,0.014131618771722707,True,18,12,25,40,60,B,-20,5.5,1.0,15.75,15.75,Persistence
MTDR,Matador Resources Company Common Stock,Energy,Oil & Gas E&P,United States,電力/エネルギー,49.060001373291016,6.092184064,102.87857757978439,0.05103712088504662,0.23471467596245202,-0.11858420201589202,0.4578431806906797,-0.13710590310635304,0.29777468541451746,38.83544558069822,-0.04911421456587988,0.24532738880084912,False,8,0,29,85,80,S,0,26.75,20.75,53.2,53.2,Persistence
MTG,MGIC Investment Corporation Common Stock,Financial Services,Insurance - Specialty,United States,その他,30.479999542236328,6.252204544,56.45642675210953,0.004889333800324741,0.04556221009053746,-0.01507778493074178,,0.1767128359429612,0.09731747306945146,65.91178196317503,0.10084717097107639,0.009746625656812962,True,2,12,30,85,25,D,-20,0.0,4.25,22.75,22.75,Persistence
MTH,Meritage Homes Corporation Common Stock,Consumer Cyclical,Residential Construction,United States,その他,74.58999633789062,4.86133504,68.22821555023194,-0.08326749246316913,0.041601229925604555,-0.02549112009646001,0.1973550557407371,1.3612557271868682,0.2478946279509024,60.36473631264862,0.00859061677365135,0.12432500504043409,True,12,25,30,85,80,S,0,29.75,39.5,53.75,53.75,Persistence
MTN,"Vail Resorts, Inc. Common Stock",Consumer Cyclical,Resorts & Casinos,United States,その他,148.8300018310547,5.303337984,98.6385720135498,0.02743527204958008,-0.0014442624743715225,0.14388941499149613,0.427801805928928,-0.15389664527228214,0.596107745308188,53.42807405175588,0.050988246377592805,0.06987058971059223,True,22,12,21,85,72,A,0,36.45,28.95,47.199999999999996,47.199999999999996,Persistence
MTZ,"MasTec, Inc. Common Stock",Industrials,Engineering & Construction,United States,その他,272.4599914550781,21.879883776,416.1731008479309,0.16220691993734448,0.025636186394489998,0.22682423610953445,0.12537328212943255,-0.7062728085775671,0.28207377970486747,36.134523290158235,-0.23013501460932528,0.37724855346501557,False,23,14,41,65,41,C,0,31.1,24.35,47.0,47.0,Persistence
MUR,Murphy Oil Corporation Common Stock,Energy,Oil & Gas E&P,United States,電力/エネルギー,33.369998931884766,4.78357504,57.65067755470276,-0.10890916909108135,-0.12475332385772202,-0.1827631310809594,0.2777702804436687,-0.7585809903682388,0.22391647968711512,39.464060654143836,-0.07990518367405973,0.21245004408265628,False,30,0,25,85,70,A,0,42.25,19.75,49.0,49.0,Persistence
MUSA,Murphy USA Inc. Common Stock,Consumer Cyclical,Specialty Retail,United States,その他,520.0700073242188,9.606048768,149.35370470336915,-0.04249591242967156,-0.05969046977621299,-0.08174920349226523,0.1217189434585225,-0.03902439024390244,0.5804308265267256,16.85704618227983,-0.09451123681076787,0.16492182976486403,True,30,0,17,85,63,B,0,41.55,19.05,43.2,43.2,Persistence
MWA,MUELLER WATER PRODUCTS Common Stock,Industrials,Specialty Industrial Machinery,United States,その他,26.649999618530273,4.160749312,30.91373305749893,0.08747242716969651,0.030571450968095947,0.02268718935385602,0.36140449045254247,-0.1013584117032393,0.24558159769427376,65.14285859607514,0.04429534899662909,0.1201537622572788,True,37,12,41,85,80,S,0,48.5,29.75,59.8,59.8,Persistence
MYE,"Myers Industries, Inc. Common Stock",Consumer Cyclical,Packaging & Containers,United States,その他,34.369998931884766,1.29293312,15.941492904586791,-0.012602223415335276,0.028551152611039434,-0.09613727798547492,0.33431023249392666,0.22514902382558288,0.444799317766154,70.41830947438892,0.15801913407663035,0.06450742074873346,True,9,24,26,100,22,D,-5,18.95,30.200000000000003,38.699999999999996,38.699999999999996,Persistence
NATL,NCR Atleos Corporation Common Stock,Technology,Software - Application,United States,ソフトウェア,46.58000183105469,3.442119424,28.326463613510132,0.011382113821138212,0.028428093645484948,0.015526443474041727,0.2436839687643546,-0.024390243902439025,0.5111150317572336,43.13727934576643,0.029260374474778833,0.03220442972496374,True,0,12,29,85,87,S,0,21.450000000000003,30.450000000000003,54.60000000000001,54.60000000000001,Persistence
NBHC,National Bank Holdings Corporation Common Stock,Financial Services,Banks - Regional,United States,その他,42.619998931884766,1.898275456,19.304302316207885,0.02526691809861646,-0.04443000340395954,0.2781903872308446,,0.09793750362532007,0.005518278005867951,21.350427969192893,-0.020252432200764926,0.09473242832858252,True,20,12,30,100,73,A,-25,12.299999999999997,6.300000000000001,31.1,31.1,Persistence
NCLH,Norwegian Cruise Line Holdings Ltd. Ordinary Shares,Consumer Cyclical,Travel Services,United States,その他,19.25,8.839365632,284.40181,0.036703988364128595,0.10874096658636966,0.7651419558359621,0.4261907698243883,-2.3945648377402486,0.6479710821878374,48.63636452304458,-0.01673340685209393,0.2854491604161588,False,4,0,24,85,73,A,-10,13.05,10.05,39.050000000000004,39.050000000000004,Persistence
NE,Noble Corporation plc A Ordinary Shares,Energy,Oil & Gas Drilling,United States,電力/エネルギー,40.77000045776367,6.508613632,68.70356627140045,0.0744812150363429,0.18107251475269773,0.8311868257314972,0.19727456561544304,3.0,0.26239736236194294,50.58339719524255,-0.030843622952796426,0.24201372680266944,True,12,12,46,85,100,S,0,31.75,31.75,66.55,66.55,Persistence
NEE,"NextEra Energy, Inc. Common Stock",Utilities,Utilities - Regulated Electric,United States,電力/エネルギー,84.6500015258789,176.57806848,901.4171269987106,0.10742132266795944,-0.11954897915629224,0.341572819240313,0.6226834962790019,-0.32343025705857564,0.44950428025441774,32.123783631059254,-0.027443788964895702,0.1288309978877268,False,35,2,37,25,80,S,0,38.0,13.25,42.6,42.6,Persistence
NET,"Cloudflare, Inc. Class A Common Stock",Technology,Software - Infrastructure,United States,ソフトウェア,300.2699890136719,106.920050688,1059.501154884796,0.29845666035387564,0.2875515232370281,0.3296662055840556,0.745137889154528,0.5610460413983165,0.5828657697751719,64.8090954941201,0.16801576797610096,0.0035177300827295495,True,48,17,89,25,25,D,0,42.25,19.0,60.2,60.2,Persistence
NEU,NewMarket Corp Common Stock,Basic Materials,Specialty Chemicals,United States,その他,889.7100219726562,8.182134784,118.48713217620849,-0.022030404534913683,0.03266320019240896,-0.024008978591210428,0.31462268945522276,0.06285679674131953,0.2796577775296245,77.35462837488834,0.11529137051313752,0.003996515322332684,True,6,12,30,85,10,D,0,18.25,22.75,39.75,39.75,Persistence
NFG,National Fuel Gas Company Common Stock,Energy,Oil & Gas Integrated,United States,電力/エネルギー,80.54000091552734,7.654931968,59.420399175453184,0.17108663571248606,-0.10532894219308289,-0.005615160888654676,0.46086590757312385,0.3895416589348673,0.3249257033750257,47.810726510670094,0.022880105406695685,0.15489801894705799,False,39,33,34,85,90,S,0,51.0,46.5,57.95,57.95,Persistence
NGVT,Ingevity Corporation Common Stock ,Basic Materials,Specialty Chemicals,United States,その他,77.81999969482422,2.6752896,19.928145521850585,-0.02708107657695192,-0.012669683257918552,-0.2714140142660193,0.395255224391915,3.0,0.7526497486524135,60.35303440738804,0.07494501652830673,0.0006421349684620025,True,16,30,24,100,40,C,-10,21.0,31.5,36.2,36.2,Persistence
NI,NiSource Inc Common Stock,Utilities,Utilities - Regulated Gas,United States,その他,42.61000061035156,20.434055168,240.30293334213258,0.21761287602427087,-0.009136484179169542,-0.05900249547055003,0.503989641986089,0.07858386535113175,0.45214968752352985,32.07450274105146,-0.07413397516177313,0.12600806798666833,False,49,29,10,65,70,A,0,53.5,38.5,35.75,53.5,Acceleration
NIC,Nicolet Bankshares Inc. Common Stock,Financial Services,Banks - Regional,United States,その他,172.5399932861328,3.61600896,34.471765258636474,0.1228270178765285,0.267180144243159,-0.07584270605165086,,0.2791491911324146,0.014682463688229216,63.05578332245827,0.0858374519767519,0.014789079680622305,True,10,26,38,85,40,C,-20,4.25,16.25,30.150000000000006,30.150000000000006,Persistence
NIQ,NIQ Global Intelligence plc Ordinary Shares,,,,その他,11.680000305175781,3.447192576,16.772422038230896,0.056839349544379,0.18893843713524677,0.19914585127763423,0.5564738948170732,1.1592526690391458,0.5695824757424287,64.24243562696876,0.19093748331144106,0.36693767901422436,False,23,43,50,85,23,D,0,32.3,47.3,53.35,53.35,Persistence
NJR,NewJersey Resources Corporation Common Stock,Utilities,Utilities - Regulated Gas,United States,その他,55.02000045776367,5.58276608,36.39407970279694,0.1335195061170395,-0.08479648944418577,-0.3244982155755427,0.3568236682950208,-0.6658027127689143,0.4971381258844602,30.333328247070312,-0.028937129710553844,0.08376351112744983,True,39,14,6,85,90,S,0,51.0,32.25,42.55,51.0,Acceleration
NKE,"Nike, Inc. Common Stock",Consumer Cyclical,Footwear & Accessories,United States,その他,41.70000076293945,61.861900288,764.4020884854317,0.0019218726381480921,-0.09838012538452552,0.0028310912392369722,0.42913487650329757,-0.3317013463892289,0.2872429054933611,41.08761468577164,-0.03574444333809927,0.4588317456319275,False,22,0,25,40,65,A,0,29.0,12.5,36.75,36.75,Persistence
NMAX,"Newsmax, Inc. Class B Common Stock",Communication Services,Broadcasting,United States,その他,8.970000267028809,1.158571008,6.110902381916046,0.10664743342972464,0.2642037084663937,,0.39323877343194685,-1.1557441055695443,0.03900494472473373,63.82980090524669,0.08753640960726462,0.4257362142926963,True,9,2,14,100,40,C,-15,10.75,5.5,25.700000000000003,25.700000000000003,Persistence
NNI,"Nelnet, Inc. Common Stock",Financial Services,Credit Services,United States,その他,131.4600067138672,4.703565312,14.302191430435181,0.15865671987383273,0.20406403661123076,-0.3016560004326585,,-0.38200150470336625,0.5532598874712444,43.710537548985315,-0.006706702397693255,0.08622966350061856,False,5,14,17,85,90,S,-20,5.5,12.25,28.6,28.6,Persistence
NOC,Northrop Grumman Corporation Common Stock,Industrials,Aerospace & Defense,United States,防衛/宇宙,571.5800170898438,81.200381952,512.587243526001,0.022445348865547242,0.04436243318910664,0.07343860991202666,0.19814558802497975,0.2617321632964517,0.3312571773361621,73.88162494199521,0.06631342382245217,0.252499141529978,False,5,24,38,40,23,D,0,12.05,26.3,35.5,35.5,Persistence
NOG,"Northern Oil and Gas, Inc. Common Stock",Energy,Oil & Gas E&P,United States,電力/エネルギー,21.600000381469727,2.349737728,57.72049301938057,-0.03175119618109394,0.1346359665843213,-0.03967624098725046,0.3222820932489252,1.9501486333622708,0.4428225072212594,52.386941657169864,0.0762019634838203,0.2716749708145731,False,16,25,26,100,58,B,0,32.8,39.55,50.9,50.9,Persistence
NOV,NOV Inc. Common Stock,Energy,Oil & Gas Equipment & Services,United States,電力/エネルギー,19.649999618530273,7.00479488,69.35821065353393,-0.014205186020293123,0.03343819177443784,0.18598866933812352,0.2020814272644099,-0.080797481636936,0.20724470817465238,50.929371060999316,0.0039635742716601354,0.07999567782083584,True,0,0,25,85,87,S,0,21.450000000000003,21.450000000000003,52.400000000000006,52.400000000000006,Persistence
NOW,"ServiceNow, Inc. Common Stock",Technology,Software - Application,United States,ソフトウェア,124.87999725341797,129.108688896,3193.508090962715,0.20884923525127458,0.22438970014491139,0.23823326432022085,0.7753426720891701,0.3431111111111111,0.09228819417774023,67.12491814779715,0.16366832003698883,0.3503615459138902,True,29,29,100,25,33,D,0,28.8,28.8,67.85000000000001,67.85000000000001,Persistence
NPKI,NPK International Inc. Common Stock,Industrials,Building Products & Equipment,United States,その他,13.479999542236328,1.144585344,11.612750005645752,0.2738253428909048,0.04739270303590692,0.07593539662060282,0.36369805409268596,3.0,0.060528615214665044,40.08264259256012,-0.06439570678298959,0.17553521542948183,False,46,65,54,100,80,S,-5,52.5,66.75,65.7,66.75,Transition
NPO,Enpro Inc. Common Stock,Industrials,Specialty Industrial Machinery,United States,その他,332.9800109863281,7.048414208,74.72071446533204,0.09020692285687042,-0.010006608137449259,-0.036299126637554587,0.4263972710574652,0.1776923076923077,0.2508449117536613,53.530305844869346,-0.008513701902650042,0.1410292371235145,True,36,12,30,85,100,S,0,49.75,31.75,57.75,57.75,Persistence
NRG,"NRG Energy, Inc. Common Stock",Utilities,Utilities - Independent Power Producers,United States,電力/エネルギー,118.12999725341797,24.83216384,383.74234282779696,0.09182367579097049,-0.024043298754466917,-0.0862314935167866,0.19379415882525314,-0.5787444933920705,0.5704186684969115,41.840285080360346,-0.11653481172773758,0.3538424409898209,False,30,0,17,65,63,B,0,38.55,16.05,38.2,38.55,Acceleration
NSP,"Insperity, Inc. Common Stock",Industrials,Staffing & Employment Services,United States,その他,52.52000045776367,2.006015744,39.48033474411011,0.03510104847287646,0.014646931853222325,0.09210304765111972,0.13211978860833823,-1.6410788381742738,0.19745801180208805,52.037772323275455,0.2117578561239455,0.027947406175248737,True,18,0,22,100,45,C,-10,23.0,9.5,36.1,36.1,Persistence
NVR,"NVR, Inc. Common Stock",Consumer Cyclical,Residential Construction,United States,その他,6390.14013671875,17.113773056,231.0994180444336,-0.019132606969687972,0.10578854142927097,-0.09521452585225663,0.23094950659190888,-0.18467794090317785,0.1797687525717398,48.17869017778119,-0.0034683926332066944,0.2520027933139705,False,0,0,25,65,73,A,0,17.05,17.05,44.6,44.6,Persistence
NWN,Northwest Natural Holding Company Common Stock,Utilities,Utilities - Regulated Gas,United States,その他,50.470001220703125,2.1244608,11.105671418609619,0.11827381582211183,-0.037145660660974134,0.15435632807732758,0.4019480937486185,-0.018808147621549778,0.43505986096087246,50.07786963904529,0.02052862937592843,0.07796084959907518,True,33,21,6,100,87,S,0,48.45,39.45,45.7,48.45,Acceleration
NX,Quanex Building Products Corporation Common Stock,Industrials,Building Products & Equipment,United States,その他,21.979999542236328,1.00949664,7.498476843833924,0.4380590392389789,0.13026818906705656,-0.07443213355360859,0.2716678611328328,0.976858833082009,0.4337565725196153,76.865679431515,0.23274918015683546,0.016116299913921862,True,56,20,37,100,10,D,-5,53.0,26.0,42.35,53.0,Acceleration
NYT,New York Times Company (The) Common Stock,Communication Services,Publishing,United States,その他,63.540000915527344,10.247959552,142.85571325836182,0.09242323522121149,0.06585201586710149,0.051046193315401105,0.5080519151352357,0.4436105407524539,0.012210510862203004,29.188814333634937,-0.13169415289402672,0.2576419739451815,False,46,24,50,65,24,D,0,46.65,30.15,48.55,48.55,Persistence
OBDC,Blue Owl Capital Corporation Common Stock,Financial Services,Asset Management,United States,その他,11.640000343322754,5.776995328,49.35750085580349,0.0659541870071348,-0.20613153831019002,0.5656756126021003,,,0.5411310652368898,67.1111067783722,0.07332097952978112,0.08552154924712685,True,18,12,10,85,65,A,-20,12.75,8.25,19.75,19.75,Persistence
OBK,"Origin Bancorp, Inc. Common Stock",Financial Services,Banks - Regional,United States,その他,53.84000015258789,1.660946688,9.315127626399994,0.10487641381347604,-0.0011065336556467264,0.07963425280666554,,0.7186755212069325,0.002309269097872412,68.11848959198674,0.05275507457818912,0.024814326292391956,True,32,14,30,100,40,C,-25,18.0,4.5,24.5,24.5,Persistence
OC,Owens Corning Inc Common Stock New,Industrials,Building Products & Equipment,United States,その他,157.10000610351562,12.418547712,147.00318871124267,0.025581159273170236,0.17666029622551363,-0.14230099375064031,0.28090666138770665,-0.22730923694779118,0.43952234206471497,72.03614733934572,0.1586326892639722,0.006245792277625945,True,0,0,17,65,10,D,0,10.75,10.75,27.6,27.6,Persistence
OFG,OFG Bancorp Common Stock,Financial Services,Banks - Regional,United States,その他,52.29999923706055,2.210459392,16.004845766525268,0.029175202515213227,0.03248815495336184,0.1329668520901289,,-0.05432023796533942,0.03848549659275881,65.2116324025171,0.06243189729373859,0.020782636463634922,True,0,12,37,100,40,C,-20,0.0,8.0,33.35,33.35,Persistence
OGE,OGE Energy Corp Common Stock,Utilities,Utilities - Regulated Electric,United States,電力/エネルギー,47.02000045776367,9.713452032,65.67283463935853,0.09205105014571399,0.11629211382417828,-0.2077791272921172,0.45047697923376584,1.2973750449478605,0.3939459309001079,36.050727141550034,-0.01800894149941436,0.05865866387232777,True,20,37,34,85,77,A,0,35.45,48.2,55.35,55.35,Persistence
OGS,"ONE Gas, Inc. Common Stock",Utilities,Utilities - Regulated Gas,United States,その他,80.22000122070312,5.042330112,41.77937883575439,0.1650398021077407,-0.1215991635715159,-0.07991256805165234,0.35841145442830846,0.6164556659517137,0.38107375915556657,53.107369681116374,0.025878444876805032,0.10759310011832166,False,36,26,10,85,90,S,0,48.75,41.25,44.75,48.75,Acceleration
OI,"O-I Glass, Inc. Common Stock",Consumer Cyclical,Packaging & Containers,United States,その他,7.03000020980835,1.080228096,30.090158398032187,-0.01607717041800643,-0.08078817733990148,0.03631855309218203,0.17258014316837847,2.3125,0.540841718056908,23.67687970486567,-0.19966299222518305,0.5772699600374313,False,30,25,22,100,16,D,-5,34.1,30.35,35.300000000000004,35.300000000000004,Persistence
OII,"Oceaneering International, Inc. Common Stock",Energy,Oil & Gas Equipment & Services,United States,電力/エネルギー,47.970001220703125,4.774437376,56.843731896514896,0.04621854897167064,0.09751903942168659,0.1735757113457149,0.20417031229571905,1.1633048148379441,0.3273550250557315,60.362179926057784,0.14521315287922335,0.09027116182165867,True,12,24,46,85,50,B,0,26.75,35.75,56.55,56.55,Persistence
OKE,"ONEOK, Inc. Common Stock",Energy,Oil & Gas Midstream,United States,電力/エネルギー,86.41999816894531,54.476546048,334.47693621315,0.5498663471287676,0.22747072467047577,-0.21038995845803368,0.25995420619108506,-0.14649459365190093,0.4924295853903753,31.311748264034847,-0.017756813614363175,0.08178899058770735,True,48,22,25,40,90,S,0,51.0,31.5,41.75,51.0,Acceleration
OKLO,Oklo Inc. Class A common stock,Utilities,Utilities - Independent Power Producers,United States,電力/エネルギー,48.41999816894531,8.424643584,458.0868345769501,,,,,-1.978137421919364,0.0009486691480362221,60.74649875515118,-0.05574648896145329,0.7219478675855354,False,0,0,10,85,35,C,-10,6.25,6.25,23.75,23.75,Persistence
OMC,Omnicom Group Inc. Common Stock,Communication Services,Advertising Agencies,United States,その他,85.23999786376953,23.385247744,281.45863714626313,0.10088532803028855,0.06785232980765304,0.028210314155545136,0.08494143666880888,0.7505179232845753,0.19725150830740618,55.23912957492099,0.09505911282908322,0.011366311100193717,True,44,14,42,65,60,B,0,48.75,26.25,51.35,51.35,Persistence
OMF,"OneMain Holdings, Inc. Common Stock",Financial Services,Credit Services,United States,その他,64.94999694824219,7.471943168,67.23396359092712,0.09543751377562266,0.060046728971962615,0.01929030721600381,,,0.8286110705418431,72.77080936958815,0.0959657133649629,0.055160370640683465,True,30,12,12,85,37,C,-40,0.0,0.0,0.0,0.0,Acceleration
ONTO,Onto Innovation Inc. Common Stock,Technology,Semiconductor Equipment & Materials,United States,半導体,308.29998779296875,15.33594112,368.709828901062,0.01817240796053158,0.2101479651120034,-0.18833883979335106,0.4971534812282955,0.40243155122489743,0.007380452507263252,56.49667876097858,0.046704796062125284,0.18536140084912164,True,13,12,38,65,100,S,0,29.5,28.75,57.150000000000006,57.150000000000006,Persistence
OPFI,OppFi Inc. Class A Common Stock,Financial Services,Credit Services,United States,その他,9.399999618530273,1.353895936,4.351588823404312,0.1351558949964161,0.03342967566494875,0.12385753623092398,0.8324059961477264,0.22971981621385087,0.4412961317614608,51.72412772524715,0.03782538047460857,0.23202616059595296,True,49,40,49,100,100,S,-25,36.75,30.0,46.95,46.95,Persistence
OPLN,"OPENLANE, Inc. Common Stock",Consumer Cyclical,Auto & Truck Dealerships,United States,その他,36.97999954223633,4.541049856,32.80569719390869,0.08163265306122448,0.05472666155569971,0.10888046037143605,0.4047040578960972,0.4032527105921601,0.1245898863323667,42.089239958077,-0.05608364694875535,0.13799537932583542,True,30,24,46,85,90,S,0,44.25,39.75,64.55,64.55,Persistence
OPY,"Oppenheimer Holdings, Inc. Class A Common Stock (DE)",Financial Services,Capital Markets,United States,その他,111.63999938964844,1.195441664,13.862338724212647,0.14350825412426982,0.14707505054751466,0.12411460194555786,0.36245010136923245,2.619885982562039,0.16883313655248006,56.140351356423295,0.03695666706136498,0.062085184116911836,True,24,46,64,100,87,S,-25,16.700000000000003,33.2,52.60000000000001,52.60000000000001,Persistence
ORA,"Ormat Technologies, Inc. Common Stock",Utilities,Utilities - Renewable,United States,その他,108.08999633789062,6.64720384,96.46707903167724,0.12492298108119783,0.060560099538957156,0.1297607194081936,0.2755665999355258,-2.708685626441199,0.45736850092883896,56.321516254250675,-0.07716977862282147,0.25506552866180954,False,23,14,22,85,63,B,0,36.3,29.55,45.95,45.95,Persistence
ORCL,Oracle Corporation Common Stock,Technology,Software - Infrastructure,United States,ソフトウェア,147.02000427246094,423.486849024,5526.4128611997985,0.17348734298506943,0.08379751137629576,0.06019537974936942,0.658224089552682,-59.11675126903553,0.5966900851546652,71.82498691742606,-0.08067445927898784,0.5471151709296453,False,47,14,34,10,20,D,0,38.75,14.0,25.200000000000003,38.75,Acceleration
ORI,Old Republic International Corporation Common Stock,Financial Services,Insurance - Property & Casualty,United States,その他,43.029998779296875,10.38885888,54.340649108428956,0.10986928422177948,0.13412601093950208,-0.10209812702575649,,,0.053236981250858094,56.466870518184784,0.05951753271422131,0.03498545341898764,True,5,14,10,65,72,A,-20,0.6999999999999993,7.449999999999999,16.15,16.15,Persistence
OSK,Oshkosh Corporation (Holding Company)Common Stock,Industrials,Farm & Heavy Construction Machinery,United States,その他,155.25999450683594,9.585713152,152.24096391365052,-0.02869471212092971,0.11102827736878618,0.16613136923448443,0.17452961438454084,1.183346065699007,0.10929867757436162,64.18485409305646,0.08746809043897891,0.12357137344535869,True,12,12,30,85,65,A,-20,8.25,8.25,30.75,30.75,Persistence
OTF,Blue Owl Technology Finance Corp. Common Stock,Financial Services,Asset Management,United States,その他,11.699999809265137,5.360769024,31.342193489055635,1.2048944717931307,-0.09810465721546893,3.0,,,0.4273323343081429,76.271208357943,0.12578729843609773,0.1450005658953021,True,43,22,10,85,35,C,-30,18.5,2.75,3.75,18.5,Acceleration
OTIS,Otis Worldwide Corporation Common Stock ,Industrials,Specialty Industrial Machinery,United States,その他,73.98999786376953,28.16572416,291.9637916704559,0.01192062267723161,0.0036596523330283625,0.03829009864815491,0.30282031737232346,0.0048712595685455815,0.79892987890735,52.20395357210211,0.025826576297025297,0.20488896504567494,False,24,12,36,65,90,S,-10,26.75,17.75,44.05,44.05,Persistence
OVV,Ovintiv Inc. (DE),Energy,Oil & Gas E&P,United States,電力/エネルギー,59.36000061035156,16.418975744,210.1272789605713,,,,,0.0613540197461213,0.3150564001961746,54.06649671262841,0.04320957482750531,0.05971804837601639,True,2,24,26,65,87,S,0,19.950000000000003,36.45,47.95,47.95,Persistence
OWL,Blue Owl Capital Inc. Class A Common Stock,Financial Services,Asset Management,United States,その他,11.869999885559082,28.99057664,236.44185132041932,0.25038957893237296,0.3256042938124564,0.26420397715740856,0.544613609330153,0.2810829534471994,0.309806777265128,83.87095864514679,0.22730467424539885,0.3741978869758857,True,22,17,89,65,18,D,-20,8.05,4.300000000000001,48.8,48.8,Persistence
OXY,Occidental Petroleum Corporation Common Stock,Energy,Oil & Gas E&P,United States,電力/エネルギー,55.90999984741211,55.889727488,493.9704396518707,-0.019346927653390255,-0.04910174468820176,-0.3679095921821259,0.3493261705182235,-0.20691653786707884,0.27737391015133156,52.400005289716226,0.027299022239296904,0.1520494392054144,True,34,0,25,40,100,S,0,41.5,16.0,43.75,43.75,Persistence
PAG,"Penske Automotive Group, Inc. Common Stock",Consumer Cyclical,Auto & Truck Dealerships,United States,その他,216.41000366210938,14.210102272,120.80980249435424,-0.0017668398985714645,0.030672941633108533,0.11151257603865568,0.1640127638838675,-0.237218574108818,0.49559317410798004,73.9409006415184,0.13169166923726058,0.03146257922701368,True,0,0,17,65,22,D,0,11.95,11.95,30.0,30.0,Persistence
PARR,"Par Pacific Holdings, Inc.  Common Stock",Energy,Oil & Gas Refining & Marketing,United States,電力/エネルギー,66.29000091552734,3.321104384,72.57760750236511,-0.06392999548433204,-0.03128029732912777,0.12430985067165999,0.16216473645783794,3.0,0.32002595933055605,33.661934849081106,0.022479446631691838,0.2294548197589881,True,18,74,26,85,90,S,0,35.25,77.25,53.55,77.25,Transition
PATH,"UiPath, Inc. Class A Common Stock",Technology,Software - Infrastructure,United States,ソフトウェア,15.050000190734863,7.797709824,1249.165667831192,0.12653882310808692,0.09295512785228947,0.23568437370404344,0.8317467334586718,0.15219766916850433,0.025555485656769,68.50191729997664,0.2962293225960642,0.21980303388060096,True,50,71,72,85,50,B,0,55.25,71.0,70.85,71.0,Transition
PAY,"Paymentus Holdings, Inc. Class A Common Stock",Technology,Software - Infrastructure,United States,ソフトウェア,38.56999969482422,4.857491968,48.02871356998443,0.37254242926543885,0.41864798450747776,0.2363959026239384,0.24767260032745317,3.0,0.01026224574589937,65.76895789348681,0.42240742427085237,0.1352017709775427,True,26,32,85,85,50,B,0,37.25,41.75,78.0,78.0,Persistence
PAYC,"Paycom Software, Inc. Common Stock",Technology,Software - Application,United States,ソフトウェア,214.94000244140625,9.687694336,204.94744172790527,0.08947536108751063,0.11188522170396174,0.23160267597440373,0.8316518009455574,0.19875222816399288,0.011883611670417309,81.02939556120363,0.48585761038076786,0.0723733795288226,True,17,12,65,85,22,D,0,27.7,23.95,61.4,61.4,Persistence
PB,"Prosperity Bancshares, Inc. Common Stock",Financial Services,Banks - Regional,United States,その他,73.94999694824219,8.887071744,73.25819472679139,0.04906096397916514,0.07197264747296205,-0.04034385354598969,,0.14489961333528215,0.05069751328697327,58.43471568933146,0.027373580105974803,0.017275788063226744,True,2,24,30,85,75,A,-20,1.75,18.25,32.75,32.75,Persistence
PBF,PBF Energy Inc. Class A Common Stock,Energy,Oil & Gas Refining & Marketing,United States,電力/エネルギー,61.709999084472656,7.314908672,212.62303604553222,-0.11423722569325961,-0.13593025925771302,-0.1816238631825976,-0.0194665948459548,-1.2538129496402877,0.2237882011382576,46.86032970265511,0.1981826116518849,0.1558139483912675,True,30,18,10,85,70,A,-10,32.25,23.25,30.75,32.25,Acceleration
PBI,Pitney Bowes Inc. Common Stock,Industrials,Integrated Freight & Logistics,United States,その他,17.420000076293945,2.38811136,30.681149334373472,-0.06610536475413477,-0.025170220185913392,-0.1626971548800326,0.5409734290238605,1.0219752881665147,0.6693669293087838,37.52858843822454,-0.00546934110968126,0.05888709557588893,True,26,54,28,100,77,A,-10,32.2,53.2,45.800000000000004,53.2,Transition
PBT,Permian Basin Royalty Trust Common Stock,Energy,Oil & Gas Midstream,United States,電力/エネルギー,32.0099983215332,1.49194752,4.760847050361633,-0.4051790460358992,-0.06813305191197193,-0.46578670731521926,,,,62.60330837718101,0.15030287205995727,0.07298003321316614,True,0,0,0,100,37,C,-5,13.7,13.7,27.4,27.4,Persistence
PCG,Pacific Gas & Electric Co. Common Stock,Utilities,Utilities - Regulated Electric,United States,電力/エネルギー,17.459999084472656,38.453325824,418.58016895145414,0.02113108644907654,-0.000368429670869494,0.12675276752767528,0.39582915580509326,-0.3157669237360754,0.4331231330899436,50.42733231390884,0.02313187415812858,0.08105618525705441,True,22,12,6,40,100,S,0,32.5,25.0,33.3,33.3,Persistence
PCOR,"Procore Technologies, Inc. Common Stock",Technology,Software - Application,United States,ソフトウェア,57.060001373291016,8.670572544,219.13665287406923,0.14830234747001844,0.2123114493531647,0.3190864242442756,0.7952134919308678,0.6980941176470589,0.03234028489570424,74.9884180935705,0.2421089440556209,0.2831657981520954,False,32,32,92,85,8,D,0,37.55,37.55,73.44999999999999,73.44999999999999,Persistence
PEG,Public Service Enterprise Group Incorporated Common Stock,Utilities,Utilities - Regulated Electric,United States,電力/エネルギー,75.66000366210938,37.710462976,232.78691626739501,0.1825072886297376,-0.08427516240989588,0.1466326530612245,0.3482084155161078,1.020850040096231,0.4203487564262887,36.719714471946794,-0.04463810846756056,0.11522631395062922,False,39,39,26,40,80,S,0,43.25,43.25,40.3,43.25,Acceleration
PFGC,Performance Food Group Company Common Stock,Consumer Defensive,Food Distribution,United States,その他,114.9000015258789,18.049624064,185.82547446777343,0.08609465831177121,0.017928659131914063,0.12497715845255147,0.11716791287052382,-0.08248631743549648,0.4471623828378409,66.41175536054243,0.06307191076510299,0.015002142967068552,True,18,0,29,65,40,C,-20,7.25,0.0,20.200000000000003,20.200000000000003,Persistence
PFS,"Provident Financial Services, Inc Common Stock",Financial Services,Banks - Regional,United States,その他,24.459999084472656,3.190147584,26.092581723365782,0.2528676732011279,0.4495131268999735,-0.051565180739342346,,0.013294155841100608,0.09701605759003647,58.16021941849119,0.04004553786526426,0.0324367713568152,True,11,29,45,85,87,S,-20,9.700000000000003,23.200000000000003,43.400000000000006,43.400000000000006,Persistence
PFSI,"PennyMac Financial Services, Inc. Common Stock",Financial Services,Mortgage Finance,United States,その他,77.41000366210938,4.021571328,51.4470754838562,0.5528853551652252,0.07629970858577323,0.1392563249084503,0.5925503376050335,0.6261137686601321,0.7846472838580857,35.617717839696624,-0.05845115284984235,0.5112409037040505,False,53,34,35,85,45,C,-40,17.0,2.75,9.5,17.0,Acceleration
PG,Procter & Gamble Company (The) Common Stock,Consumer Defensive,Household & Personal Products,United States,その他,145.7899932861328,338.879086592,1196.615106893921,0.03260405296378909,0.0029153131284284676,0.024790868960807746,0.5017694641051568,0.078538877812589,0.27683941796223555,44.02972238186657,-0.006299709803733413,0.11492627514349515,False,28,24,46,10,90,S,0,31.5,28.5,45.8,45.8,Persistence
PGR,Progressive Corporation (The) Common Stock,Financial Services,Insurance - Property & Casualty,United States,その他,215.3300018310547,125.18678528,629.2384080007172,0.16317375204066734,0.2135850393827618,0.2520015326597697,,0.15949844950788727,0.056055397069221954,54.12673895768977,0.015786478380000427,0.0924483686875787,True,7,26,85,25,100,S,-20,0.0,13.25,53.0,53.0,Persistence
PH,Parker-Hannifin Corporation Common Stock,Industrials,Specialty Industrial Machinery,United States,その他,1073.8699951171875,135.400390656,713.6403052551269,-0.004014049172102358,0.045371098872279046,0.2019588430126378,0.3685138539042821,0.11963806970509383,0.31480979182206553,78.88388681596493,0.13517680365525897,0.0,True,6,24,30,25,10,D,0,9.25,22.75,24.75,24.75,Persistence
PHIN,PHINIA Inc. Common Stock,Consumer Cyclical,Auto Parts,United States,その他,74.91000366210938,2.74455936,26.488926394958497,0.023508668821627974,-0.027714285714285716,0.04540023894862605,0.21877691645133507,-0.07389162561576355,0.26722556981922974,46.0195551189136,-0.056129542109887715,0.12036166697067181,True,18,12,21,100,90,S,0,37.5,33.0,54.55,54.55,Persistence
PII,Polaris Inc. Common Stock,Consumer Cyclical,Recreational Vehicles,United States,その他,71.56999969482422,4.072585216,61.19270758907318,-0.0032611422359729073,-0.1968794770773639,0.04021422750029107,0.19137304250559284,3.0,0.3401720579520608,47.68011456465976,0.02915775215493173,0.04190090202529282,True,30,25,26,85,87,S,0,43.95,40.2,52.95,52.95,Persistence
PINS,"Pinterest, Inc. Class A Common Stock",Communication Services,Internet Content & Information,United States,その他,23.68000030517578,13.410292736,281.74843243103027,0.15786472694880047,0.19347995513033903,0.09009467725027065,0.8006709039129825,0.3318138103890688,0.0477078846611844,55.36375196761413,0.0726386634129158,0.3760210848717352,True,28,14,65,65,68,A,0,37.55,27.05,65.6,65.6,Persistence
PIPR,Piper Sandler Companies Common Stock,Financial Services,Capital Markets,United States,その他,74.79000091552734,5.285430784,44.45181099414825,0.24444983589581637,0.1352363352684939,-0.05370859630206926,,0.8537330776438505,0.04487731838438414,44.8170689157882,-0.02070413107968532,0.19155353591183458,False,48,29,38,85,90,S,-20,37.75,23.5,40.150000000000006,40.150000000000006,Persistence
PJT,PJT Partners Inc. Class A Common Stock,Financial Services,Capital Markets,United States,その他,171.33999633789062,11.238900736,75.2328222920227,0.1476676911042696,0.294832038654783,0.12450158702297892,0.32428511657138387,-0.08948132481256586,0.22455879560558795,60.05198214430533,0.06399640054350406,0.10195085439103191,True,9,14,66,65,65,A,-20,3.0,6.75,45.55000000000001,45.55000000000001,Persistence
PKG,Packaging Corporation of America Common Stock,Consumer Cyclical,Packaging & Containers,United States,その他,256.0400085449219,22.812819456,189.29549911743163,0.07228656972791145,0.07445145083564031,-0.07968860580325549,0.21020546649906,0.39712368168744006,0.4069647102699175,75.82787071976321,0.09435435373295806,0.0,True,5,12,22,65,25,D,0,16.0,21.25,33.35,33.35,Persistence
PL,Planet Labs PBC Class A Common Stock,Industrials,Aerospace & Defense,United States,防衛/宇宙,23.93000030517578,8.528712704,177.2064382598877,0.2593594486642221,0.10718816834016022,0.1539298113523236,0.5605130521533697,1.747535549158161,0.4036708138180968,58.04701699212589,-0.17074995132881507,0.5344358055490039,False,57,52,67,85,43,C,0,59.8,56.05,66.7,66.7,Persistence
PLNT,"Planet Fitness, Inc. Common Stock",Consumer Cyclical,Leisure,United States,その他,50.0099983215332,3.793219584,104.5959114894867,0.1205852136073673,0.10298265887320947,0.14363580465684286,0.5193626977126354,0.3492309810817109,0.9349032269498404,29.689912371361146,-0.05071223426786285,0.5533625276741856,False,39,26,58,85,28,D,-20,24.799999999999997,15.049999999999997,38.75000000000001,38.75000000000001,Persistence
PLOW,"Douglas Dynamics, Inc. Common Stock",Consumer Cyclical,Auto Parts,United States,その他,44.36000061035156,1.023697792,15.39913061187744,0.1539989164544137,0.0005737638556931103,-0.07773492536538175,0.2662589760278514,0.9074157438252153,0.34952872262849427,43.26242055758961,-0.04065719514726441,0.18154981575786666,True,47,14,26,100,100,S,-5,55.25,30.5,54.3,55.25,Acceleration
PM,Philip Morris International Inc Common Stock,Consumer Defensive,Tobacco,United States,その他,189.57000732421875,295.466336256,1009.484933102417,0.07312952109403875,0.076874964462387,0.10742396574523015,0.6711769336744735,-0.010117887310869766,0.705861097058611,46.14443889126705,0.034389194906379615,0.052954943006893934,True,12,12,39,25,87,S,-10,11.450000000000003,11.450000000000003,35.10000000000001,35.10000000000001,Persistence
PNC,"PNC Financial Services Group, Inc. (The) Common Stock",Financial Services,Banks - Regional,United States,その他,252.55999755859375,100.771438592,460.78308754577637,0.10899130184054977,-0.03254451624901204,0.01870796627829876,,,0.099553325476139,55.157709881461486,0.046339309501620025,0.011003632424804887,True,23,14,10,25,75,A,-20,8.5,1.75,6.75,8.5,Acceleration
PNFP,"Pinnacle Financial Partners, Inc. Common stock",Financial Services,Banks - Regional,United States,その他,104.68000030517578,15.818471424,141.38604241218567,0.1775920255682453,0.09966321837169444,0.060350959489580365,,-0.17603193891669794,0.03821146804131622,64.63582536031588,0.05505935204785835,0.03536548266853998,True,35,14,45,65,52,B,-20,21.200000000000003,5.449999999999999,31.4,31.4,Persistence
PNW,Pinnacle West Capital Corporation Common Stock,Utilities,Utilities - Regulated Electric,United States,電力/エネルギー,101.02999877929688,12.244555776,129.45933528579712,0.041956598304557245,0.09133833518846182,0.08593268175705909,0.41600737386700487,-0.28176241687155523,0.47615286818394187,28.67185854973937,-0.023000867239006875,0.06785557713928847,True,4,12,18,65,60,B,0,18.75,24.75,38.15,38.15,Persistence
POR,Portland General Electric Co Common Stock,Utilities,Utilities - Regulated Electric,United States,電力/エネルギー,49.04999923706055,5.768659968,53.124582673683165,0.03953488372093023,0.17687307560725282,0.10426898375519456,0.479586129753915,0.8551020408163266,0.3743008314436886,26.809631047785018,-0.03555977734365297,0.08567886772384212,False,17,12,34,85,63,B,0,31.8,28.05,52.550000000000004,52.550000000000004,Persistence
POST,"Post Holdings, Inc. Common Stock",Consumer Defensive,Packaged Foods,United States,その他,78.69000244140625,3.566434304,78.34337298065185,0.02971209309957464,0.13327134887712774,0.1947976483456385,0.2867579460903887,-0.028076463560334528,0.5692321338813163,37.047028968850405,-0.12347337919312035,0.3134106795013927,False,0,0,37,85,41,C,-20,0.0,0.0,29.800000000000004,29.800000000000004,Persistence
PPG,"PPG Industries, Inc. Common Stock",Basic Materials,Specialty Chemicals,United States,その他,119.72000122070312,26.613755904,228.95612193450927,0.0018933417481855476,-0.024442802610515946,0.04022031510183169,0.41316535433070867,0.6638054363376252,0.357317404289981,56.161871358378576,0.02346131235507384,0.07879989451831007,True,31,24,30,65,87,S,0,41.7,36.45,50.150000000000006,50.150000000000006,Persistence
PR,Permian Resources Corporation Class A Common Stock,Energy,Oil & Gas E&P,United States,電力/エネルギー,20.149999618530273,16.8767744,179.4340338530445,0.012893507233138176,0.6023407402945247,0.46433831550745686,0.4105420287526028,0.9132592816344464,0.20545768146097196,49.00152763722513,0.02990790122082846,0.09760047246893806,True,13,12,54,65,100,S,0,29.5,28.75,65.95,65.95,Persistence
PRG,"PROG Holdings, Inc. Common Stock",Industrials,Rental & Leasing Services,United States,その他,42.849998474121094,1.706785408,22.687360192108155,0.00422745209519812,0.02553228415390245,-0.0994962711128459,,1.4953728236911428,0.3738953110019324,41.57567094128614,0.023337316800184665,0.09846413686874102,True,12,12,26,100,100,S,-5,29.0,29.0,54.3,54.3,Persistence
PRI,"Primerica, Inc. Common Stock",Financial Services,Insurance - Life,United States,その他,321.3800048828125,9.891224576,57.339013571166994,0.06557482123682846,0.12393492175934062,0.03426441353010836,,0.05074802487813078,0.12123356418348218,63.69252294753363,0.0907866712687987,0.015410063180857015,True,2,24,42,85,40,C,-20,0.0,14.75,32.35,32.35,Persistence
PRIM,Primoris Services Corporation Common Stock,Industrials,Engineering & Construction,United States,その他,82.62999725341797,4.483085312,119.49991517787933,0.18974995288056795,0.11399226637271884,0.292879087200626,0.10734135104093784,-0.10817181770560502,0.21573120377512592,46.10452319376936,-0.13958502535498216,0.5924599085585203,False,23,14,62,85,43,C,0,34.3,27.55,63.95,63.95,Persistence
PRK,Park National Corporation Common Stock,Financial Services,Banks - Regional,United States,その他,203.39999389648438,3.674249984,23.58626329223633,0.07027373815565292,0.1177892718578971,-0.03570851811823749,,0.1313293843750921,0.001740232266902655,66.49515324099139,0.09656213661888982,0.043093732439399145,True,2,24,30,85,52,B,-20,0.0,15.950000000000003,28.15,28.15,Persistence
PRLB,"Proto Labs, Inc. Common stock",Industrials,Metal Fabrication,United States,その他,88.91000366210938,2.126895872,17.481484920043947,0.06435944019645032,-0.005928034024176535,0.031693413977944215,0.4448039585314569,-0.1310515584037285,0.003991276042519468,66.48967088678852,0.13729687783616987,0.015502092064348128,True,22,12,29,100,25,D,0,34.0,26.5,45.95,45.95,Persistence
PRM,"Perimeter Solutions, SA Common Stock",Basic Materials,Specialty Chemicals,United States,その他,35.2599983215332,5.771600896,63.21641689073562,0.16381326564082085,0.7415525227563426,-0.10650892498023606,0.5746237336527474,0.1184505111161249,0.26652473966333295,51.35882051234294,0.035688012940223945,0.06670197298006826,True,15,14,42,85,87,S,0,32.7,31.950000000000003,61.75,61.75,Persistence
PRMB,Primo Brands Corporation Class A Common Stock,Consumer Defensive,Beverages - Non-Alcoholic,United States,その他,23.56999969482422,8.5406848,86.99899017356873,0.29335274138767586,0.09657990508012855,0.058003647744928055,0.30315126050420166,-0.09893733968486625,0.5399705738106915,45.63679258545003,-0.01665454827028496,0.07168175417783731,True,43,40,41,85,87,S,-20,33.7,31.450000000000003,41.2,41.2,Persistence
PRSU,"Pursuit Attractions and Hospitality, Inc. Common Stock",Consumer Cyclical,Travel Services,United States,その他,45.66999816894531,1.253607808,10.834065315628052,0.23446606710178777,0.04625661960974635,0.1702419093499751,0.9234710455177414,3.0,0.20221249708677524,27.789622830272265,-0.09710967803992714,0.18402720791701313,True,60,31,72,100,63,B,-5,61.3,39.55,72.19999999999999,72.19999999999999,Persistence
PRU,"Prudential Financial, Inc. Common Stock",Financial Services,Insurance - Life,United States,その他,121.27999877929688,41.841598464,247.32387591064452,-0.13736116024053768,0.30240486501428177,-0.047748569824167336,,,0.029671465867087136,60.024223682276975,0.0782955561797123,0.02138305107200288,True,0,12,10,40,40,C,-20,0.0,0.0,3.5,3.5,Persistence
PSN,Parsons Corporation Common Stock,Technology,Information Technology Services,United States,その他,47.54999923706055,5.078596096,94.04866799098968,-0.057229338651990584,0.24028795007816822,0.2973530679298029,0.22493382954301727,-0.13486919073426462,0.2396125926287981,39.682539367417384,-0.1250055344600462,0.46746557565784835,False,0,12,40,85,33,D,0,16.05,25.05,49.85,49.85,Persistence
PSX,Phillips 66 Common Stock,Energy,Oil & Gas Refining & Marketing,United States,電力/エネルギー,203.91000366210938,81.754660864,528.0535018835449,-0.07528308872325414,-0.028806165577785467,-0.1328960527089829,0.09844684837130598,0.1702401372212693,0.26758957654723126,42.24547740967281,0.08098681951614854,0.039383805728957416,True,2,24,26,40,72,A,0,14.7,31.2,38.7,38.7,Persistence
PUMP,ProPetro Holding Corp. Common Stock,Energy,Oil & Gas Equipment & Services,United States,電力/エネルギー,10.979999542236328,1.348606592,48.4070298818779,-0.12125576236285611,-0.11415181191843224,0.27404682812625764,0.09934696862014028,-0.5956088501580385,0.16517673852923176,33.21678613157768,-0.18573783569755448,0.3967033471451918,False,0,35,25,100,41,C,-5,14.100000000000001,40.35,41.95,41.95,Persistence
PWR,"Quanta Services, Inc. Common Stock",Industrials,Engineering & Construction,United States,その他,671.8599853515625,101.009711104,771.7790023730469,0.20305595515865363,0.13363477977374613,0.22304818060639092,0.1501097782044521,0.09728268154609178,0.2575111121916038,57.14701478372736,-0.00676280794357024,0.14425828242859765,True,29,29,63,25,100,S,0,35.5,35.5,60.900000000000006,60.900000000000006,Persistence
QSR,Restaurant Brands International Inc. Common Shares,Consumer Cyclical,Restaurants,United States,その他,73.88999938964844,33.849819136,180.0817509124756,0.12229359980965977,0.19709484477356878,0.07947732513451192,0.3384566461734153,0.11290322580645161,0.6130782744485653,49.692714023426745,0.004934789294864143,0.087001849298003,True,11,14,44,40,100,S,-30,0.0,0.0,24.200000000000003,24.200000000000003,Persistence
QTWO,"Q2 Holdings, Inc. Common Stock",Technology,Software - Application,United States,ソフトウェア,62.810001373291016,3.916498432,63.771308444309234,0.14120614992303981,0.11501319193626885,0.10421391864204231,0.5406116438037315,0.6245127436281859,0.271744300022644,70.41220065873011,0.22571885195319166,0.2543921775156557,True,62,63,64,85,18,D,0,61.05,61.8,60.050000000000004,61.8,Transition
QXO,"QXO, Inc. Common Stock",Industrials,Industrial Distribution,United States,その他,16.15999984741211,17.44004096,352.0344462759781,3.0,0.04371113597593411,0.21188541779759226,0.2298529712665517,1.1629279811097992,0.2463917720443373,69.78852481664453,0.03455780608931254,0.4030291825048709,False,65,52,50,65,45,C,0,63.0,53.25,52.75,63.0,Acceleration
R,"Ryder System, Inc. Common Stock",Industrials,Rental & Leasing Services,United States,その他,262.19000244140625,10.054165504,95.08320438537598,-0.0016525023607176581,0.0608564988730278,-0.038680683733247734,0.20320012611334437,2.098086124401914,0.5296881674498077,44.45787252467179,-0.013406434651113259,0.06474279137325946,True,12,37,22,65,87,S,0,27.450000000000003,46.2,45.75,46.2,Transition
RAL,Ralliant Corporation Common Stock,Technology,Electronic Components,United States,半導体,67.44999694824219,7.462668288,124.73898910621644,-0.039866338701443356,-0.0004638864405993413,0.03158348088242331,0.5028518948182521,-0.14707282246549264,0.32002302700439605,40.67253480260707,0.0012319386878085522,0.0839331866862035,True,8,0,29,85,100,S,0,28.75,22.75,57.2,57.2,Persistence
RAMP,"LiveRamp Holdings, Inc. Common Stock",Technology,Software - Infrastructure,United States,ソフトウェア,37.810001373291016,2.298658304,31.841881706523896,0.09034577107755036,0.13024720272988702,0.10573214456328793,0.70709154427141,0.08371978707853904,0.022844634080191505,51.61304877498534,0.0035034063025245433,0.005261693161635485,True,20,61,62,100,75,A,0,37.5,68.25,74.1,74.1,Persistence
RBA,"RB Global, Inc. Common Stock",Industrials,Specialty Business Services,United States,その他,94.72000122070312,17.542144,133.6215057220459,0.07154194482050324,0.1643113381889336,1.1222747721767217,0.4637201298276951,-0.07998778812395055,0.34493123610310467,30.05780623903958,-0.1324831389430599,0.202619002553453,False,8,12,49,65,58,B,0,21.55,24.55,54.800000000000004,54.800000000000004,Persistence
RBC,RBC Bearings Incorporated Common Stock,Industrials,Tools & Accessories,United States,その他,567.25,17.958705152,142.3854225,0.14337224225386544,0.04870858168300968,0.06193425440686041,0.4437436527874285,0.4052502050861362,0.19353075526577782,49.362186035757595,-0.04664346504012821,0.1258148727911452,True,32,26,46,65,100,S,0,43.75,39.25,61.55,61.55,Persistence
RBLX,Roblox Corporation Class A Common Stock,Communication Services,Electronic Gaming & Multimedia,United States,その他,37.790000915527344,26.996267008,511.89692810157777,0.3577400090339227,0.2867547085422863,0.2580712720421815,0.7807406568298746,1.1095898955247154,0.18862422751293853,21.285297632762635,-0.2129477066803082,0.7330460471371122,False,74,27,100,65,16,D,0,66.85,31.6,74.45,74.45,Persistence
RBRK,"Rubrik, Inc. Class A Common Stock",Technology,Software - Infrastructure,United States,ソフトウェア,90.06999969482422,18.538979328,229.6204040719986,0.48463133245501633,0.4119370847215763,0.04680245207304203,0.8010341964046251,3.0,0.4133074718709607,69.29567420195971,0.16730559481855112,0.08558375944340894,True,81,68,64,65,50,B,0,75.5,65.75,61.45,75.5,Acceleration
RCL,Royal Caribbean Cruises Ltd. Common Stock,Consumer Cyclical,Travel Services,United States,その他,320.0,85.584666624,763.4736,0.08789808917197452,0.18597122302158273,0.5723981900452488,0.4935318389650942,-0.3810716074111167,0.5294456858646291,74.80210769009852,0.06789689031532958,0.1103453272885885,True,11,12,52,40,50,B,0,19.25,20.0,48.6,48.6,Persistence
RDDT,"Reddit, Inc. Class A Common Stock",Communication Services,Internet Content & Information,United States,その他,161.6999969482422,31.110514688,995.2368007169342,0.6939682588514888,0.6171120693407824,0.20598139195831414,0.9118204445300035,2.1700908164210917,0.007166644078596605,40.91157439850178,-0.0819635832187328,0.40268182907066863,False,85,87,90,40,55,B,0,75.25,76.75,70.5,76.75,Transition
RDN,Radian Group Inc. Common Stock,Financial Services,Insurance - Specialty,United States,その他,36.90999984741211,4.929551872,52.12559363451004,-0.007639067925945392,0.02463004394794199,-0.011273794307002618,,1.1738834973351275,0.13927354203445116,37.780549221506526,0.0029315031284949163,0.07051118865815835,True,12,25,30,85,77,A,-20,9.45,19.200000000000003,33.15,33.15,Persistence
RDW,Redwire Corporation Common Stock,Industrials,Aerospace & Defense,United States,防衛/宇宙,13.59000015258789,3.245636352,245.6354475579834,0.10286056277355221,0.24733798195242002,0.5185395113018455,0.051538399611188467,-6.09775686385508,0.08542946595111435,77.32749018932367,0.06794286327003403,0.4752895616699213,True,5,2,47,85,25,D,-10,9.0,6.75,42.1,42.1,Persistence
RES,"RPC, Inc. Common Stock",Energy,Oil & Gas Equipment & Services,United States,電力/エネルギー,5.869999885559082,1.301126656,8.19504814023018,0.14951742015365382,-0.12517975559421665,0.009809197621119741,0.14293364056546123,-0.5911815597577555,0.0527014372933529,50.48543644373911,-0.04235188210332537,0.2619082765467404,False,23,2,25,100,73,A,-5,34.55,18.8,48.35,48.35,Persistence
REX,REX American Resources Corporation,Basic Materials,Chemicals,United States,その他,42.79999923706055,1.409734272,7.17135387216568,0.012445310517968345,-0.22905767329346377,-0.02528187134502924,0.14405514637494676,3.0,0.026661869728016086,34.41556879023041,-0.04954366432983153,0.1634089256310748,True,30,37,30,100,90,S,-5,41.5,46.75,54.5,54.5,Persistence
REZI,"Resideo Technologies, Inc. Common Stock ",Industrials,Industrial Distribution,United States,その他,26.079999923706055,3.9491968,63.060851711522965,0.10516195829019376,0.08314642742710669,-0.020094191522762952,0.29389721627408993,-4.4423076923076925,0.3823076010909522,59.64266748621092,0.13345163698647208,0.1578211210055815,True,35,2,6,85,70,A,-10,36.0,11.25,28.549999999999997,36.0,Acceleration
RF,Regions Financial Corporation Common Stock,Financial Services,Banks - Regional,United States,その他,31.43000030517578,26.77614592,318.26144029022214,0.0625441197232811,-0.06507391763463569,0.05736217725052338,,0.48140495867768596,0.030752956288488422,54.57141424688231,0.04757475802589727,0.029938307871015202,True,23,24,30,65,75,A,-20,14.5,15.25,27.75,27.75,Persistence
RGA,"Reinsurance Group of America, Incorporated Common Stock",Financial Services,Insurance - Reinsurance,United States,その他,246.3300018310547,16.083378176,89.94986346862792,0.0742051072708305,0.19846705805609915,0.15843828715365238,,,0.0364646529152564,58.11252614866753,0.11051703395554602,0.0,True,0,12,30,65,45,C,-20,0.0,3.25,21.75,21.75,Persistence
RH,RH Common Stock,Consumer Cyclical,Specialty Retail,United States,その他,196.14999389648438,3.712377856,148.45906513046265,0.08135903668093687,0.050056352888588986,-0.1563444077207569,0.44068647631540997,2.166608171535801,0.8208345827189802,56.72546712168254,0.19073920919402063,0.21852592073113794,True,46,37,24,85,70,A,-20,34.25,27.5,28.450000000000003,34.25,Acceleration
RHI,Robert Half Inc. Common Stock,Industrials,Staffing & Employment Services,United States,その他,42.7400016784668,4.374944768,113.91770457372665,-0.07200530311670256,-0.09334038532865849,-0.1168290149599165,0.3722805180472049,-0.24662079169619738,0.08596438159337542,52.151299332455196,0.2356672830962539,0.0,True,34,0,29,85,45,C,0,42.75,17.25,46.2,46.2,Persistence
RHLD,Resolute Holdings Management Common Stock ,Industrials,Specialty Business Services,United States,その他,129.4499969482422,1.068925824,18.45050806503296,0.09863732877445187,0.0766507350964726,0.03211035838467961,0.563162394087284,0.30674667260678284,0.5859394448360151,45.91065687797014,-0.005104767426789689,0.4281486074104991,False,43,12,42,100,65,A,-5,48.75,25.5,56.1,56.1,Persistence
RJF,"Raymond James Financial, Inc. Common Stock",Financial Services,Asset Management,United States,その他,176.55999755859375,33.917175808,214.21053423797608,0.0951815808212675,0.10211021974189048,0.05686111879089485,,0.1517948717948718,0.047829536438852994,65.3845978528296,0.09293896956160547,0.022099171563127903,True,2,24,42,40,40,C,-20,0.0,8.0,21.1,21.1,Persistence
RKT,"Rocket Companies, Inc. Class A Common Stock",Financial Services,Mortgage Finance,United States,その他,13.720000267028809,38.850134016,410.7982111952591,0.2686536901865369,0.35271530444322546,-0.3586515287787976,,-0.32945285215366704,0.25642250968114033,47.783255011449576,-0.01795170738188678,0.4146757698621184,False,9,5,6,40,65,A,-30,0.0,0.0,0.0,0.0,Acceleration
RL,Ralph Lauren Corporation Common Stock,Consumer Cyclical,Apparel Manufacturing,United States,その他,395.5299987792969,23.566563328,246.13040764038087,0.14627772284220936,0.0674970594444612,0.029145198336333725,0.6986505638055333,-0.3081754833644126,0.38883648814522903,62.6915329057212,0.023491364418283367,0.042856219737841504,True,50,14,45,65,67,A,0,53.95,26.95,54.4,54.4,Persistence
RLI,RLI Corp. Common Stock (DE),Financial Services,Insurance - Property & Casualty,United States,その他,64.2300033569336,5.894578176,60.22205114746094,0.06329926162911549,0.1708935352918067,-0.10953997427549718,,0.09574822370114616,0.016229851045673073,57.36843749024017,0.11098816439327532,0.021629826899326975,True,2,24,30,85,45,C,-20,0.0,15.25,26.75,26.75,Persistence
RNG,"RingCentral, Inc. Class A Common Stock",Technology,Software - Application,United States,ソフトウェア,63.0099983215332,5.283930624,165.84609618217468,0.04780338235998659,0.08988530390764016,0.10767779996278284,0.7124484422748298,0.3248435813377044,0.870401733430985,80.46702735619456,0.44434513330500564,0.0,True,20,54,44,85,10,D,-20,8.75,34.25,27.450000000000003,34.25,Transition
RNST,Renasant Corporation Common Stock,Financial Services,Banks - Regional,United States,その他,42.72999954223633,3.90571264,24.403957338562012,0.48818403172461056,0.04854364321870518,0.0019522608004745056,,1.562800474291258,0.03924112307134581,45.26110744234607,0.006321946570049804,0.03544017430841819,True,56,20,57,85,87,S,-20,43.45,16.450000000000003,50.0,50.0,Persistence
ROG,Rogers Corporation Common Stock,Technology,Electronic Components,United States,半導体,134.49000549316406,2.403112704,34.73675106880188,-0.023250210817973738,-0.08619550858652576,-0.06466227347611203,0.31672422298963987,0.0014084507042253522,0.015245821386110917,54.00742245477514,-0.055383199565535765,0.19510438421940365,True,24,12,34,100,90,S,0,42.0,33.0,61.7,61.7,Persistence
ROK,"Rockwell Automation, Inc. Common Stock",Industrials,Specialty Industrial Machinery,United States,ロボティクス,441.0400085449219,49.07626496,393.8046236297607,0.009438528557599225,-0.08765731949657761,0.16720787588268646,0.48141932390314074,1.1251956181533647,0.3250735359657724,41.86838984540939,-0.04948397052077325,0.10915403468739422,True,41,12,34,40,100,S,0,46.75,25.0,48.7,48.7,Persistence
ROL,"Rollins, Inc. Common Stock",Consumer Cyclical,Personal Services,United States,その他,37.7400016784668,18.15842816,240.56477179899215,0.10987727476076428,0.10263633813797515,0.14001475616166195,0.5275239627231757,0.12056936876056965,0.330519789219821,15.95327808202201,-0.13133941162614174,0.42098150371928383,False,33,26,64,65,16,D,0,36.1,30.85,54.650000000000006,54.650000000000006,Persistence
RPM,RPM International Inc. Common Stock,Basic Materials,Specialty Chemicals,United States,その他,117.36000061035156,14.98018304,126.70185665893554,0.06656743496634315,0.005094149818745768,0.010868040329562232,0.41435204672978254,0.2544142236094081,0.34451085461804365,73.98597578185004,0.09370737895660644,0.06623756494709111,True,27,12,42,65,37,C,0,33.7,22.45,46.75,46.75,Persistence
RRC,Range Resources Corporation Common Stock,Energy,Oil & Gas E&P,United States,電力/エネルギー,38.279998779296875,8.945251328,123.34466366668701,0.2732398255058379,-0.07646545173505724,-0.5233022089460854,0.37034546965963044,0.6761508539227618,0.18494160832169668,58.44700696572058,0.008661932259097201,0.1945225227539253,False,62,51,34,85,90,S,0,68.25,60.0,57.95,68.25,Acceleration
RRX,Regal Rexnord Corporation Common Stock,Industrials,Specialty Industrial Machinery,United States,その他,178.0,11.849383936,214.58434,-0.016457290596307468,-0.034700113587278224,0.19793403476494376,0.3737130339539978,0.7865573114622925,0.35494576539041733,37.56312590060673,-0.157105684383052,0.252697434084005,False,31,24,30,65,41,C,0,37.1,31.85,40.95,40.95,Persistence
RS,"Reliance, Inc. Common Stock",Basic Materials,Steel,United States,その他,423.8800048828125,21.641005056,146.8723022918701,0.03319840983014095,-0.06557520988254682,-0.13034361233480177,0.28735230126693856,-0.497097678142514,0.16769012753897025,75.38348715189125,0.07247534122092025,0.0,True,30,0,25,65,25,D,0,34.75,12.25,35.0,35.0,Persistence
RSG,"Republic Services, Inc. Common Stock",Industrials,Waste Management,United States,その他,214.55999755859375,65.701060608,305.41864692474365,0.03486776447105788,0.07129969929836284,0.1076160165790837,0.4195648243023326,0.15761653051417587,0.40173427224582436,40.429614307952875,0.01037443151993681,0.08436606983844191,True,6,24,38,40,100,S,0,20.5,34.0,50.900000000000006,50.900000000000006,Persistence
RSI,"Rush Street Interactive, Inc. Class A Common Stock",Consumer Cyclical,Gambling,United States,その他,24.8799991607666,6.076865536,80.01270890107155,0.22762565700267184,0.33700107500278514,0.16708374703653422,0.34622206080950046,0.7091518117964764,0.009311903199941686,15.273777988239587,-0.16206388837010807,0.2792584347961386,True,25,36,89,85,34,D,0,34.9,43.15,77.0,77.0,Persistence
RTX,RTX Corporation Common Stock,Industrials,Aerospace & Defense,United States,防衛/宇宙,223.02999877929688,300.590497792,1190.583200083618,0.09741385716762863,0.17147417295414974,0.02752184154814086,0.20077198288996986,0.8985470303339281,0.23092255624594485,86.68205727781958,0.14469338325915718,0.0009854477971024637,True,12,24,42,10,10,D,0,11.5,20.5,27.6,27.6,Persistence
RVLV,"Revolve Group, Inc. Class A Common Stock",Consumer Cyclical,Internet Retail,United States,その他,24.270000457763672,1.725243264,22.265055719947814,0.08475977311487365,0.05725733331212414,-0.029686331050211727,0.5350360044448723,1.280615881765908,0.04242478114407693,40.32966947745567,0.05950147853698737,0.22829889128768044,False,50,24,38,100,75,A,-5,55.0,35.5,55.900000000000006,55.900000000000006,Persistence
RVT,"Royce Small-Cap Trust, Inc. Common Stock",Financial Services,Asset Management,United States,その他,18.81999969482422,2.302886912,6.515577994346619,3.0,-0.8674107337109764,1.1613129676578728,,,,71.01447005185777,0.04097219111751056,0.0,True,43,22,8,100,40,C,-20,31.25,15.5,17.4,31.25,Acceleration
RXO,"RXO, Inc. Common Stock",Industrials,Trucking,United States,その他,21.700000762939453,3.578897152,49.29003273296356,0.261978021978022,0.1586452762923351,-0.1811926605504587,0.14367816091954022,0.8596491228070176,0.20445529447665547,25.628818993098662,-0.16775967375093648,0.2593856202053453,True,48,35,10,85,34,D,0,52.15,42.4,33.55,52.15,Acceleration
RYAN,"Ryan Specialty Holdings, Inc. Class A Common Stock",Financial Services,Insurance - Specialty,United States,その他,42.84000015258789,16.70786048,99.1940925533104,0.2128289826728836,0.21090284753813268,0.20424149645865708,,0.23050781525519004,0.3342169489683573,52.650820671717135,0.10795587467726267,0.2904867822450497,True,44,17,81,65,53,B,-20,28.049999999999997,7.800000000000001,51.400000000000006,51.400000000000006,Persistence
RYZ,Ryerson Holding Corporation Common Stock,Industrials,Metal Fabrication,United States,その他,28.079999923706055,1.457314176,13.759480762615205,-0.0059582055798377805,-0.09982970227259381,-0.19212157631728763,0.17111106249863278,-0.6628679962013295,0.3392107123549715,45.8298270227241,0.0070405935257211805,0.09506931026943403,True,30,0,21,100,100,S,-5,42.5,20.0,51.55,51.55,Persistence
S,"SentinelOne, Inc. Class A Common Stock",Technology,Software - Infrastructure,United States,ソフトウェア,21.399999618530273,7.335999488,144.06554643193246,0.21889901042167553,0.3224755857645608,0.4713048256782076,0.741153805436652,3.0,0.0061527368420189145,64.22287447439552,0.22234026056325798,0.0,True,39,31,97,85,25,D,0,44.5,38.5,79.6,79.6,Persistence
SAH,"Sonic Automotive, Inc. Common Stock",Consumer Cyclical,Auto & Truck Dealerships,United States,その他,82.44000244140625,2.60632448,25.377505951538087,0.06533186167333366,-0.01030447246110601,0.026519344908614323,0.15724976243268926,3.0,0.7081414239536403,36.675616385298554,-0.07330561480466144,0.2682407264191039,True,30,25,20,100,63,B,-10,33.8,30.049999999999997,38.6,38.6,Persistence
SAM,"Boston Beer Company, Inc. (The) Common Stock",Consumer Defensive,Beverages - Brewers,United States,その他,186.61000061035156,1.92053056,60.65944679840088,-0.023812102382303173,0.002141265791275126,-0.039088968557177944,0.4847750171247342,0.24899342467340613,0.0317301932397505,57.29520191626014,0.04829187560405254,0.28240719334732023,False,13,24,38,100,73,A,-25,7.049999999999997,15.299999999999997,35.50000000000001,35.50000000000001,Persistence
SARO,"StandardAero, Inc. Common Stock",Industrials,Aerospace & Defense,United States,防衛/宇宙,29.190000534057617,9.704856576,98.18406959636688,0.1575953078394955,0.14767369289310067,0.09945986944154384,0.14803316710413653,3.0,0.37351296113664373,64.04867620734734,0.046371591338392915,0.1186593757418187,True,47,39,46,85,80,S,0,56.0,50.0,62.55,62.55,Persistence
SBH,"Sally Beauty Holdings, Inc. (Name to be changed from Sally Holdings, Inc.) Common Stock",Consumer Cyclical,Specialty Retail,United States,その他,16.829999923706055,1.575663104,24.906043687095643,-0.00419878123157972,-0.0029773631881497725,-0.022915085970229836,0.5162197035519303,0.18796392479516796,0.5443795679419985,68.37120907666801,0.1817824295936335,0.010000004487879136,True,10,24,30,100,25,D,-5,20.0,30.5,41.5,41.5,Persistence
SBR,Sabine Royalty Trust Common Stock,Energy,Oil & Gas Midstream,United States,電力/エネルギー,72.20999908447266,1.052774464,2.8707085136032107,-0.06670472181531319,-0.11226935298830762,-0.2603378221620821,,,,43.31476989088266,-0.01581298891070906,0.0766842884099683,True,30,0,0,100,87,S,-5,41.2,18.700000000000003,37.400000000000006,41.2,Acceleration
SCCO,Southern Copper Corporation Common Stock,Basic Materials,Copper,United States,その他,199.05999755859375,166.08206848,234.27669702667237,0.17375408889744084,0.1553790496978516,-0.0151374914161168,0.535946348733234,0.009545133160499647,0.3467265941425725,65.66130786097628,0.09220716512566922,0.07651585527537365,True,48,33,42,25,52,B,0,44.95,33.7,39.75,44.95,Acceleration
SCHW,Charles Schwab Corporation (The) Common Stock,Financial Services,Capital Markets,United States,その他,107.5999984741211,187.130970112,905.1284971643448,0.22008568805467715,0.040823910389127784,-0.09271746459878624,,3.0,0.06303730180551737,67.64295275732985,0.10973367355578807,0.0038881520273799357,True,51,29,30,25,25,D,-20,24.5,8.0,7.75,24.5,Acceleration
SCI,Service Corporation International Common Stock,Consumer Cyclical,Personal Services,United States,その他,85.01000213623047,11.586148352,109.13881609256744,0.029346363528003558,0.02112333887347071,-0.0021620182341643666,0.26456534966539297,-0.029773147799661445,0.27965202198803163,79.57803380751415,0.0993598628370845,0.026447757819068708,True,30,12,21,65,25,D,0,34.75,21.25,32.8,34.75,Acceleration
SCL,Stepan Company Common Stock,Basic Materials,Specialty Chemicals,United States,その他,65.1500015258789,1.479773056,10.59860224822998,0.06964262289969059,-0.06255740039419237,-0.16136257919351524,0.11572676121321684,-0.354125824273748,0.2867410724510562,72.82208910569472,0.14935737538789168,0.016003620095540287,True,30,0,21,100,10,D,-5,33.5,11.0,33.55,33.55,Persistence
SEB,Seaboard Corporation Common Stock,Industrials,Conglomerates,United States,その他,4240.64013671875,4.061664,26.991674470214843,0.07098901098901099,-0.048316251830161056,-0.14951525393578227,0.07110609480812641,-0.25,0.22107688576279408,30.536103881847666,-0.10616105236579511,0.2880107198077059,False,30,12,25,85,53,B,0,40.55,27.05,45.6,45.6,Persistence
SEI,"Solaris Energy Infrastructure, Inc. Class A Common Stock",Energy,Oil & Gas Equipment & Services,United States,電力/エネルギー,57.959999084472656,5.832303616,234.26649169956207,0.987297622735882,0.06876329165343902,-0.08455492882923704,0.3232471613053576,-2.3912918823420015,0.5034491994329725,47.172290544500015,-0.13904474711426884,0.3006756635470039,False,62,36,14,85,51,B,0,64.35,44.85,39.150000000000006,64.35,Acceleration
SF,Stifel Financial Corporation Common Stock,Financial Services,Capital Markets,United States,その他,83.08999633789062,12.595528704,97.71342024337768,0.11330765968883934,0.1437787255861651,-0.00994234239805505,,1.5319657553480268,0.03703205817616928,70.81479673032408,0.10123307763374623,0.05554935987435968,True,17,14,30,65,22,D,-20,4.699999999999999,2.4499999999999993,17.15,17.15,Persistence
SFBS,"ServisFirst Bancshares, Inc. Common Stock",Financial Services,Banks - Regional,United States,その他,88.91999816894531,4.861347328,23.737638111190797,0.16357378531830438,0.11992534706347141,-0.1331845646381689,,0.406800687963459,0.0019602655581623485,65.12680420777949,0.05286332691583177,0.021566891986222428,True,40,26,30,85,40,C,-20,26.75,16.25,25.75,26.75,Acceleration
SGI,Somnigroup International Inc. Common Stock,Consumer Cyclical,"Furnishings, Fixtures & Appliances",United States,その他,65.25,13.726348288,159.9101325,0.5162546391125352,0.0011166605757907987,0.000853450377956596,0.42576071691299405,0.11243851018973998,0.5754049324609721,39.055046708944154,-0.09342262791191774,0.33106194142061485,False,54,22,53,65,53,B,0,55.55,31.55,56.00000000000001,56.00000000000001,Persistence
SHAK,"Shake Shack, Inc. Class A Common Stock",Consumer Cyclical,Restaurants,United States,その他,71.12999725341797,3.043049472,157.3943240224457,0.15383743357858165,0.1517884974524911,0.2077178323705199,0.47595388104664343,0.5847543190486875,0.4757524091489915,77.93999517066172,0.20858801604689553,0.3552393269562789,False,40,26,75,85,8,D,-20,23.549999999999997,13.049999999999997,44.099999999999994,44.099999999999994,Persistence
SHW,Sherwin-Williams Company (The) Common Stock,Basic Materials,Specialty Chemicals,United States,その他,369.7300109863281,89.754968064,798.9847050914002,0.02059874017793363,0.0020215253406443722,0.040769519028033,0.48847685827362847,0.2740015360983103,0.4996814880876545,69.81020010610257,0.12486822158737608,0.0076045913914400305,True,31,12,42,40,25,D,0,31.75,17.5,38.1,38.1,Persistence
SITE,"SiteOne Landscape Supply, Inc. Common Stock",Industrials,Industrial Distribution,United States,その他,103.86000061035156,4.53404928,98.2588307774353,0.03616262167995419,0.05565888589230912,0.0714161165774069,0.3475599387859208,0.028499580888516344,0.3043856379674494,51.37265062619585,-0.015470361350651963,0.36379785231025075,False,6,24,42,85,73,A,0,24.55,38.05,58.95,58.95,Persistence
SJM,The J.M. Smucker Company Common Stock,Consumer Defensive,Packaged Foods,United States,その他,120.16000366210938,12.842783744,170.13815398529053,0.037221668328348285,0.06692995219289129,-0.041094123716175025,0.3352705255830912,0.41587068332108745,0.4370691887492756,62.41089356871226,0.0628286275374722,0.04899085782956736,True,9,30,26,65,52,B,-20,1.6999999999999993,17.450000000000003,20.950000000000003,20.950000000000003,Persistence
SKY,"Champion Homes, Inc. Common Stock",Consumer Cyclical,Residential Construction,United States,その他,94.66000366210938,5.13815808,63.43545485412598,0.07255678395521066,0.22650127937108577,-0.22318189491130072,0.26441984067660823,0.41730723761986077,0.05555967358902881,75.10599570695703,0.16092260392214733,0.028729688576504174,True,5,24,30,85,10,D,0,17.5,31.75,39.75,39.75,Persistence
SLB,SLB Limited Common Shares,Energy,Oil & Gas Equipment & Services,United States,電力/エネルギー,50.529998779296875,74.993754112,643.2926141093445,-0.01601036126649949,0.09518635883506865,0.1795592894521377,0.18222807214069675,0.01564945226917058,0.2120726106291463,62.59124299304398,0.007714916503308056,0.1289432814801473,True,2,12,30,40,80,S,0,15.5,23.0,42.5,42.5,Persistence
SLGN,Silgan Holdings Inc. Common Stock,Consumer Cyclical,Packaging & Containers,United States,その他,41.709999084472656,4.40790272,70.35726065567016,0.10734497823455846,-0.022295662890632503,-0.06602106621244111,0.17729362475062338,-0.07915275318185877,0.46257418392494776,35.62004699426436,-0.023476637537010042,0.13778099231914046,True,35,14,17,85,90,S,0,48.0,32.25,48.6,48.6,Persistence
SLVM,Sylvamo Corporation Common Stock,Basic Materials,Paper & Paper Products,United States,その他,41.06999969482422,1.631963136,11.934120511322021,-0.11184733633713226,0.013974737973662993,0.025633958103638367,0.21933751119068934,-0.8225806451612904,0.3087224031849439,66.05503215288817,0.06415489021633161,0.23277655718063509,False,0,0,21,100,55,B,-5,15.5,15.5,42.55,42.55,Persistence
SM,SM Energy Company Common Stock,Energy,Oil & Gas E&P,United States,電力/エネルギー,28.8799991607666,6.86922496,102.76774421363831,0.17484088356420815,0.12986463620981387,-0.2934649090560225,0.3333333333333333,1.3302696078431373,0.2934183508051443,40.86757102698711,-0.03436120083882862,0.16464779619252368,True,51,27,30,85,100,S,0,61.0,43.0,57.75,61.0,Acceleration
SMG,Scotts Miracle-Gro Company (The) Common Stock,Basic Materials,Agricultural Inputs,United States,その他,62.90999984741211,3.662637312,71.60258907632827,-0.03929405804036367,0.0003942218342578774,-0.09500267577278866,0.3059388825407987,-0.5305912596401028,0.8680525164113786,36.97512733669622,-0.03322771299673169,0.1437321518692899,True,7,42,19,85,90,S,-20,7.0,33.25,29.700000000000003,33.25,Transition
SMR,NuScale Power Corporation Class A Common Stock,Industrials,Specialty Industrial Machinery,United States,電力/エネルギー,9.819999694824219,4.030025216,306.86949126342773,-0.15024969631529222,0.6240683910565541,0.9323957980345645,0.3631309762063598,-3.232526906448349,,65.92465677926177,0.0058795458331473175,0.8162081295389221,False,4,0,12,85,45,C,-10,10.25,7.25,26.85,26.85,Persistence
SN,"SharkNinja, Inc. Ordinary Shares",Consumer Cyclical,"Furnishings, Fixtures & Appliances",United States,その他,185.52000427246094,26.254862336,320.7399697865295,0.1574617188787331,0.29972165474374135,0.14428065463556722,0.4901387488537608,0.605586940112849,0.16852680115316873,78.27365838259469,0.27685935672655343,0.0,True,25,26,85,65,10,D,0,29.5,30.25,65.0,65.0,Persistence
SNA,Snap-On Incorporated Common Stock,Industrials,Tools & Accessories,United States,その他,416.3500061035156,21.536587776,166.985496947937,0.009337561663143059,1.957598418260478e-05,0.05488900361383583,0.517290199957332,-0.11313932980599647,0.15357274467149293,57.30002749573726,0.047039456865775445,0.007059195994163006,True,26,0,45,65,75,A,0,36.75,17.25,56.0,56.0,Persistence
SNAP,Snap Inc. Class A Common Stock,Communication Services,Internet Content & Information,United States,その他,5.329999923706055,9.014083584,216.73258764767647,0.10632469367131483,0.16397397807045633,0.0009274536941362892,0.5499285418886825,0.9994557611568963,0.539624621734189,65.46184546685896,0.0733416396731173,0.41364138237240594,False,28,39,42,85,30,D,0,36.75,45.0,50.35,50.35,Persistence
SNDR,"Schneider National, Inc. Common Stock",Industrials,Trucking,United States,その他,35.630001068115234,6.245970944,36.71689425069809,0.07254512805972971,-0.03789848878866683,-0.1673884077281812,0.08626614736619495,0.2452316076294278,0.0830561352038181,41.5750924068325,-0.02497555468491809,0.07833489901362142,True,35,12,30,85,87,S,0,47.7,30.450000000000003,55.150000000000006,55.150000000000006,Persistence
SNOW,Snowflake Inc. Common Stock,Technology,Software - Application,United States,ソフトウェア,330.489990234375,114.547826688,1687.7793311279297,0.2916256250006894,0.2921468781812435,0.35864099544019606,0.6716860100436683,0.26374127313777923,0.3001495210235538,81.42839134220904,0.26044712402808107,0.0,True,32,31,93,25,10,D,0,28.75,28.0,59.400000000000006,59.400000000000006,Persistence
SO,Southern Company (The) Common Stock,Utilities,Utilities - Regulated Electric,United States,電力/エネルギー,92.69000244140625,106.62715392,487.94241845214844,0.10585990121239336,0.05825050489050806,-0.13750469619864067,0.4846885256995906,-4.523409363745499,0.47569355253018236,41.315026770278735,-0.01826621597406928,0.05703301880568494,True,43,2,10,25,87,S,0,44.7,13.950000000000001,29.150000000000002,44.7,Acceleration
SON,Sonoco Products Company Common Stock,Consumer Cyclical,Packaging & Containers,United States,その他,58.02000045776367,5.736727552,74.37264748678207,0.4171980627157604,-0.025004658705273214,-0.07132235493939833,0.20939815418860017,-0.2152720092598897,0.4112148050757127,61.486939836118765,0.07804592199006913,0.041941889992221315,True,44,20,25,85,52,B,0,50.95,32.95,45.4,50.95,Acceleration
SPB,"Spectrum Brands Holdings, Inc. Common Stock",Consumer Defensive,Household & Personal Products,United States,その他,90.12999725341797,2.072593024,30.2088711794281,-0.052262222072269646,0.015451555433739893,-0.06822027134876296,0.3673549305802777,0.39376053962900504,0.19357320392945912,55.57823037454626,0.058084870771721746,0.009233856832069455,True,9,12,34,100,60,B,0,27.75,30.0,55.7,55.7,Persistence
SPGI,S&P Global Inc. Common Stock,Financial Services,Financial Data & Stock Exchanges,United States,その他,408.19000244140625,120.334409728,820.8394806594848,0.07939189189189189,0.13691285908618067,0.11769966908147751,0.7024647887323944,-0.01958670260557053,0.2219281045751634,28.71979816228324,-0.010744310059290833,0.22879427425916665,False,12,12,57,25,63,B,-20,0.0,0.0,30.200000000000003,30.200000000000003,Persistence
SPH,"Suburban Propane Partners, L.P. Common Stock",Utilities,Utilities - Regulated Gas,United States,その他,17.709999084472656,1.181476352,2.8422777530670165,0.07937629787246868,-0.07138429072610157,-0.0481336561291805,0.6064929027069816,0.129898374787457,0.5790937841041618,49.422472519122344,-0.009298235521569297,0.11833637092021886,False,32,24,34,100,90,S,-5,43.0,37.0,56.7,56.7,Persistence
SPHR,Sphere Entertainment Co. Class A Common Stock,Communication Services,Entertainment,United States,その他,159.5399932861328,5.729656832,116.01429231781006,0.18809822678010962,0.7895321096280961,-0.05937825278048701,0.5164284923916741,1.6172986739320838,0.2283798125754767,66.9230689776757,0.07056865321869076,0.0779633912520038,True,31,76,46,85,52,B,0,41.2,74.95,56.949999999999996,74.95,Transition
SPXC,"SPX Technologies, Inc. Common Stock",Industrials,Building Products & Equipment,United States,その他,215.67999267578125,10.802518016,120.95118309265136,0.1417410151721357,0.13938662991040662,0.1918680265589705,0.4051476755993113,-0.02702702702702703,0.13915552349775287,51.71407260742969,-0.03601709930646391,0.12471089050616128,True,27,14,66,65,100,S,0,40.0,30.25,72.55000000000001,72.55000000000001,Persistence
SR,Spire Inc. Common Stock,Utilities,Utilities - Regulated Gas,United States,その他,81.97000122070312,4.845476864,34.72618116714477,-0.04496721943694562,-0.027491280051007014,0.21278144189219922,0.41544177031174284,-7.739726027397261,0.4469776161308994,53.861377762065764,0.021957463949709672,0.12993665462363266,False,7,12,6,85,90,S,0,27.0,30.75,42.55,42.55,Persistence
SRE,DBA Sempra Common Stock,Utilities,Utilities - Diversified,United States,その他,83.87999725341797,54.849159168,281.93367216831206,0.03921122487675389,-0.21142344497607657,0.1579749290117044,0.4661363304627062,-0.8279927448609432,0.31585165677591587,25.73059632625916,-0.07704150422080663,0.15308816124166583,False,26,0,14,40,53,B,0,30.8,11.3,28.300000000000004,30.8,Acceleration
SSB,SouthState Bank Corporation Common Stock,Financial Services,Banks - Regional,United States,その他,108.12000274658203,10.484887552,99.32660292320251,0.5699702063005246,-0.019702605727967976,0.05414539021599394,,-0.5157207872259547,0.010212089715597976,71.30821303609858,0.08314328263855146,0.005926978114478115,True,36,22,33,65,25,D,-20,19.25,8.75,19.400000000000006,19.400000000000006,Persistence
ST,Sensata Technologies Holding plc Ordinary Shares,Technology,Scientific & Technical Instruments,United States,その他,46.66999816894531,6.792158208,82.01132098236084,-0.058050244100895036,-0.02992032756962088,0.006164404300340856,0.2926980699149683,0.24790022906592007,0.42441162966364027,57.83581877105201,-0.021072055603871535,0.12847807966640953,True,8,12,22,85,100,S,0,28.75,31.75,53.35,53.35,Persistence
STC,Stewart Information Services Corporation Common Stock,Financial Services,Insurance - Property & Casualty,United States,その他,68.19000244140625,2.081308928,17.1317152633667,0.17315038152214546,0.10325334098835755,-0.26454111952708376,,0.39034695872441955,0.23633725353963733,46.00000228881924,0.0158436743221865,0.09542745450241374,True,40,26,30,100,100,S,-20,35.0,24.5,41.5,41.5,Persistence
STT,State Street Corporation Common Stock,Financial Services,Asset Management,United States,その他,184.67999267578125,50.731917312,422.75466483398435,0.0809660190417215,0.08154039347007117,-0.014845360824742268,,1.7670486700622523,0.0791264509748748,53.67130992338066,0.062035058553339975,0.012670464246508282,True,12,37,30,40,60,B,-20,1.0,19.75,18.5,19.75,Transition
STUB,"StubHub Holdings, Inc. Class A Common Stock",Communication Services,Internet Content & Information,United States,その他,8.949999809265137,3.36016384,47.14452674529552,-0.014377246709532401,0.2945970627007448,0.3192815769039707,0.8200858589447096,-0.3799184665438438,0.29816802475162013,44.80518575743549,-0.13914165910025666,0.5931818268515847,False,15,0,51,85,43,C,0,28.3,17.05,57.9,57.9,Persistence
STZ,"Constellation Brands, Inc. Common Stock",Consumer Defensive,Beverages - Brewers,United States,その他,135.75999450683594,23.18839808,259.9545950816345,-0.10478317513493393,0.024784677467927483,0.053868776844466074,0.5155378050114893,-0.07435116867034725,0.5115225679779001,56.33595098840678,0.0013917226574671872,0.1809652608567935,False,8,35,25,65,90,S,-20,4.75,25.0,28.0,28.0,Persistence
SVV,"Savers Value Village, Inc. Common Stock",Consumer Cyclical,Specialty Retail,United States,その他,12.220000267028809,1.881710976,12.419552871389389,0.09191950921458335,0.024907865294361137,0.04384826635143042,0.552771547046554,0.7126307264340294,0.6868924012139916,76.17021423381296,0.24346218187493213,0.10867977877260099,True,35,12,40,100,35,C,-15,29.75,12.5,39.0,39.0,Persistence
SWK,"Stanley Black & Decker, Inc. Common Stock",Industrials,Tools & Accessories,United States,その他,103.88999938964844,15.68911872,221.53607359848021,-0.015313327736451967,-0.026322626432884907,-0.0688188158655605,0.30325040977105694,-0.08645418326693227,0.2822860424502323,78.50436189302495,0.17697090392487672,0.0,True,34,12,25,65,10,D,0,36.25,19.75,32.0,36.25,Acceleration
SWX,"Southwest Gas Holdings, Inc. Common Stock (DE)",Utilities,Utilities - Regulated Gas,United States,その他,92.08999633789062,6.671538688,45.19684930267334,-0.2160764959502524,-0.023466324955734336,-0.48897350791097355,0.46314639400529795,-1.4944912508101102,0.3363555046911748,51.633364741752864,0.025722663987763753,0.013735562698211214,True,14,26,14,85,75,A,0,30.75,39.75,43.95,43.95,Persistence
SXI,Standex International Corporation Common Stock,Industrials,Specialty Industrial Machinery,United States,その他,340.1199951171875,4.120527104,51.0333046673584,0.09640386603481652,-0.027546123867819627,0.007763766099717274,0.39899406029816215,-0.4298902678349319,0.3852885989992852,66.40512256348248,0.10088715543054613,0.04810908542115617,True,22,0,25,85,37,C,0,32.95,16.45,42.4,42.4,Persistence
SXT,Sensient Technologies Corporation Common Stock,Basic Materials,Specialty Chemicals,United States,その他,129.8699951171875,5.527632384,76.40186877746582,0.03524403619765378,0.06919427374781147,0.013507636188022733,0.3345303145999252,-0.6077456375907453,0.31619459952756895,79.82315091151781,0.09606793695689257,0.0027643447912318025,True,4,12,37,85,25,D,0,18.25,24.25,46.6,46.6,Persistence
SYF,Synchrony Financial Common Stock,Financial Services,Credit Services,United States,その他,78.58999633789062,25.570893824,296.6878458250427,-0.004981402763018066,0.10486534086739561,0.16729484324139113,,,0.1274780637306352,65.01038380701247,0.06207997790681024,0.10057391200632929,True,0,12,10,65,65,A,-20,0.0,5.25,14.75,14.75,Persistence
SYY,Sysco Corporation Common Stock,Consumer Defensive,Food Distribution,United States,その他,84.29000091552734,40.336441344,298.25595373954775,0.032037948353711126,0.03300360301342942,0.11202575907686928,0.1839621482118717,-0.2563745943439963,0.54134608201987,66.66669081798337,0.04290815189995436,0.06221660490780309,True,0,0,29,40,67,A,-20,0.0,0.0,19.35,19.35,Persistence
T,AT&T Inc.,Communication Services,Telecom Services,United States,その他,23.790000915527344,163.01826048,1824.2257156529618,0.027072979335600315,-0.0007514620838370308,0.013972055888223553,0.5955367375525277,0.05046466392911174,0.3689760541459026,65.43622550211856,0.05680440384361716,0.16285677869708537,False,28,24,34,25,55,B,0,30.25,27.25,35.95,35.95,Persistence
TALO,"Talos Energy, Inc. Common Stock",Energy,Oil & Gas E&P,United States,電力/エネルギー,14.380000114440918,2.400963584,30.24106834066868,-0.0980447595421085,0.3537190150670217,-0.11749173718810155,0.09924047930699355,,0.22366521092993102,51.43884719328229,0.006650337839709889,0.1332127798565591,True,0,0,10,100,100,S,0,25.0,25.0,50.5,50.5,Persistence
TAP,Molson Coors Beverage Company Class B Common Stock,Consumer Defensive,Beverages - Brewers,United States,その他,43.369998931884766,8.086507008,135.15891522130966,-0.041816461684011354,-0.006417651532630895,0.0935520044855621,0.3836887835703002,-0.1362239119883514,0.27936442317841187,60.32862809255744,0.07439774588538017,0.18460549612423172,False,4,0,25,85,55,B,-20,1.25,0.0,26.0,26.0,Persistence
TDAY,"USA TODAY Co., Inc. Common Stock",Communication Services,Publishing,United States,その他,7.25,1.064430016,13.884475,-0.08252810029828858,-0.05790580240656267,-0.09566180457494526,0.3872069901043599,0.2388333070742083,0.6173089086512973,32.110082645977855,-0.12384589206187799,0.19712068500643334,True,9,47,24,100,68,A,-15,13.55,42.05,36.800000000000004,42.05,Transition
TDC,Teradata Corporation Common Stock,Technology,Software - Infrastructure,United States,ソフトウェア,27.389999389648438,2.547269888,94.15846395179749,-0.04971428571428571,-0.045280960174577195,0.02116991643454039,0.5935057125676488,0.02888086642599278,0.31309724564362,42.08969652850311,-0.1490935032486362,0.2769271748330692,False,10,24,34,100,51,B,0,27.6,38.1,53.900000000000006,53.900000000000006,Persistence
TDG,Transdigm Group Incorporated Common Stock,Industrials,Aerospace & Defense,United States,防衛/宇宙,1225.25,67.727560704,535.64866875,0.11221662468513854,0.20577069096431283,0.21293055811383313,0.6014041444909977,-0.03404255319148936,1.3108385350735519,53.49502919939921,-0.03364363623468818,0.155,False,20,14,64,40,90,S,-20,10.0,5.5,43.2,43.2,Persistence
TDW,Tidewater Inc. Common Stock,Energy,Oil & Gas Equipment & Services,United States,電力/エネルギー,82.83999633789062,4.12180608,53.54818783279419,0.005164823325296192,0.3325296910350154,0.5593792651972258,0.2982326842530896,0.38626163237763445,0.28457826873310316,58.964432383279714,0.13271833183704262,0.09086925108770362,True,5,24,53,85,70,A,0,23.5,37.75,64.4,64.4,Persistence
TDY,Teledyne Technologies Incorporated Common Stock,Technology,Scientific & Technical Instruments,United States,その他,691.2999877929688,32.045674496,310.487020017395,0.07855379188712522,0.006121905775885015,0.032407577034404424,0.4275762828269614,-0.03086085544125609,0.1728523483346745,78.19114312334875,0.0856526872535142,0.0,True,22,12,41,40,25,D,0,25.0,17.5,37.55,37.55,Persistence
TE,T1 Energy Inc. Common Stock,Industrials,Electrical Equipment & Parts,United States,電力/エネルギー,5.849999904632568,1.6337376,269.52025960624695,3.0,,,0.0735884654340357,1.1084563968056649,0.39983951700595,48.11715132649036,-0.23391216906965354,0.5141196077103459,False,47,83,26,100,43,C,-5,49.55,76.55,42.9,76.55,Transition
TEX,Terex Corporation Common Stock,Industrials,Farm & Heavy Construction Machinery,United States,その他,67.7300033569336,7.741539328,97.96603145553588,0.05734347571679345,-0.004852484472049689,0.16613852421910366,0.19387566869581258,0.7037037037037037,0.42091545854373674,61.19125698192129,0.03200679329284906,0.09184765762862711,True,27,12,22,85,80,S,-20,21.0,9.75,29.35,29.35,Persistence
TFC,Truist Financial Corporation Common Stock,Financial Services,Banks - Regional,United States,その他,52.349998474121094,63.952130048,411.3783285092926,0.5302756439222774,-0.33682948756368,0.0024533119711610675,,,0.11744390343683908,61.82135455846375,0.033935170910332,0.04252435405178972,True,36,22,10,40,67,A,-20,19.700000000000003,9.2,8.899999999999999,19.700000000000003,Acceleration
TFIN,"Triumph Financial, Inc. Common Stock",Financial Services,Banks - Regional,United States,その他,76.01000213623047,1.816223744,22.616396085624693,0.019954709643573078,-0.004589694267912624,-0.13783823972837558,,2.0928331936295055,0.061572695181071085,46.19206354118575,0.005101570061361622,0.06253082856841209,True,42,37,30,100,87,S,-25,30.200000000000003,26.450000000000003,33.900000000000006,33.900000000000006,Persistence
TGLS,Tecnoglass Holdings Inc. Common Stock,Basic Materials,Building Materials,United States,その他,44.13999938964844,1.95825408,11.566445440063477,0.10495505970134164,0.06830480099368148,0.16285219866865763,0.4284320004879983,-0.6208268750893161,0.13617112771264814,44.729799455941375,-0.010253268651719551,0.4649859822232193,False,27,2,49,100,65,A,-5,36.75,18.0,59.95,59.95,Persistence
THG,Hanover Insurance Group Inc,Financial Services,Insurance - Property & Casualty,United States,その他,229.0800018310547,7.976615936,76.01332620758056,0.05637948783940291,0.042475056594281885,0.09766423088958015,,0.46998241647827177,0.07189349636195186,69.61382497879822,0.093064284361005,0.015260297370264547,True,23,24,42,85,40,C,-20,14.0,14.75,32.35,32.35,Persistence
THO,"Thor Industries, Inc. Common Stock",Consumer Cyclical,Recreational Vehicles,United States,その他,79.55000305175781,4.141164032,46.87404379821778,-0.046191292836057246,-0.09694616919050802,-0.31821683031903397,0.13994909958672122,0.12077218517268479,0.1306357960982177,58.06867041325431,0.04722728625531556,0.3298463003475978,False,32,12,30,85,73,A,0,44.05,29.05,52.35,52.35,Persistence
TIC,"TIC Solutions, Inc. Common Stock",Industrials,Specialty Business Services,United States,その他,10.0600004196167,2.195296768,22.91376355576515,0.45734564885525264,,-1.0,0.29364188366172295,-0.16843134060921974,0.3896063720725727,90.5529903285583,0.273675729417739,0.3057280484111154,True,14,8,21,100,18,D,0,27.3,22.8,40.15,40.15,Persistence
TJX,"TJX Companies, Inc. (The) Common Stock",Consumer Cyclical,Apparel Retail,United States,その他,161.36000061035156,178.255101952,821.5604091075897,0.07118523775727466,0.039526347824483096,0.08572973405959629,0.30963029218843174,0.1712720343020486,0.3771353482260184,63.60576605656017,0.023106123468489097,0.04186213941247004,True,24,24,42,25,67,A,0,28.45,28.45,42.75,42.75,Persistence
TKO,"TKO Group Holdings, Inc. Class A Common Stock",Communication Services,Entertainment,United States,その他,186.55999755859375,35.310157824,205.1926773147583,-0.030524701790923092,0.5145891399021829,1.8284037058379314,0.5980797655660822,1.4798979596204302,0.26220198336054606,57.27519482791011,-0.03812417297662921,0.1641119329035935,False,30,46,42,40,90,S,0,37.5,49.5,51.1,51.1,Persistence
TKR,Timken Company (The) Common Stock,Industrials,Tools & Accessories,United States,その他,130.3300018310547,9.031457792,120.54026374351501,0.001924338508637656,-0.04109876284336339,0.06055551849133809,0.30409446069230434,0.328426561988878,0.3079169662113587,45.15665892109701,-0.04964479801070313,0.10315169789195199,True,27,12,30,85,100,S,0,43.0,31.75,57.75,57.75,Persistence
TMP,Tompkins Financial Corporation Common Stock,Financial Services,Banks - Regional,United States,その他,98.7300033569336,1.42002432,9.693805379600525,-0.13924235032658483,0.36961817397235486,-0.2903458426766504,,-0.6400396588438095,0.0651163531169087,65.03389300476178,0.06767750580276807,0.020811930581497808,True,0,12,25,100,40,C,-25,0.0,3.0,21.75,21.75,Persistence
TNC,Tennant Company Common Stock,Industrials,Specialty Industrial Machinery,United States,その他,73.88999938964844,1.259773056,13.988115784454346,-0.06466153726587394,0.03465744612415568,0.13861930049441495,0.40240963855421685,-0.3718887262079063,0.2606982425723067,31.804273068951787,-0.143304356418237,0.1893582210344789,False,4,0,25,100,58,B,-5,18.8,15.8,45.35,45.35,Persistence
TNET,"TriNet Group, Inc. Common Stock",Industrials,Staffing & Employment Services,United States,その他,68.5,3.144474368,31.280525,-0.008509796160696616,0.011814177012414898,0.017729773792541266,0.17684630738522955,0.16417910447761194,0.24809059784040033,63.7161924691967,0.25105378234901443,0.044230476488541004,True,2,12,30,85,37,C,0,17.95,25.45,45.15,45.15,Persistence
TNL,Travel   Leisure Co. Common  Stock,Consumer Cyclical,Travel Services,United States,その他,76.69999694824219,4.700335616,69.00200175453186,0.040631469979296064,0.0304,0.051303616484440706,0.8985327033076349,0.36553524804177545,0.848224852071006,61.681713048674844,0.03208875301595684,0.022307202907280825,True,38,12,47,85,55,B,-20,26.75,7.25,38.1,38.1,Persistence
TOST,"Toast, Inc. Class A Common Stock",Technology,Software - Infrastructure,United States,ソフトウェア,34.47999954223633,19.929440256,357.96187324762343,0.24052419354838708,0.2833117723156533,0.4152325155620652,0.25889809848854217,0.9869281045751634,0.006359300476947536,67.5701864863283,0.21475175277957642,0.2354767026872217,True,21,36,85,65,50,B,0,30.5,41.75,73.0,73.0,Persistence
TPB,"Turning Point Brands, Inc. Common Stock",Consumer Defensive,Tobacco,United States,その他,86.86000061035156,1.741449344,34.25758424072266,0.283929462651805,0.10950458986538035,0.011938523607768913,0.5707961352907386,-0.2977946475760342,0.40454860883797056,59.32456370966436,0.05313685086806673,0.39132109821580086,False,47,17,45,100,58,B,-5,51.05,28.549999999999997,56.35,56.35,Persistence
TPC,Tutor Perini Corporation Common Stock,Industrials,Engineering & Construction,United States,その他,99.11000061035156,5.2146432,112.11521489044189,0.28105822106337947,0.11512084215691505,0.023602686008460057,0.11681588384999636,0.21683846954208544,0.07894199350363207,71.64839899254298,0.24932246579646006,0.0,True,50,66,50,85,10,D,0,51.25,63.25,50.75,63.25,Transition
TPL,Texas Pacific Land Corporation Common Stock,Energy,Oil & Gas E&P,United States,電力/エネルギー,340.6499938964844,23.496224768,108.91772579849243,0.1308642535026487,0.11752467958106065,-0.05367968092151592,0.8545947706686378,-0.508631630453065,0.009964405357554282,28.708540199376458,-0.13342827141574073,0.3679562924378316,False,50,14,40,65,24,D,0,49.65,22.65,43.05,49.65,Acceleration
TPR,"Tapestry, Inc. Common Stock",Consumer Cyclical,Luxury Goods,United States,その他,162.36000061035156,32.803981312,348.64537091064454,0.05089039453171843,0.0015463375820084374,-0.003530555763333084,0.7544039824839175,-0.046045173105432984,0.5925385608996276,82.73738268390164,0.11420168026713998,0.0,True,45,0,32,40,10,D,0,40.75,7.0,29.6,40.75,Acceleration
TREX,"Trex Company, Inc. Common Stock",Industrials,Building Products & Equipment,United States,その他,49.16999816894531,5.008711168,126.12399550323487,0.019816770000234487,0.05170815381650419,-0.010131613327872425,0.3917030794529694,2.343278108551212,0.12888999278264476,70.9880843478684,0.0865049274105478,0.2530761537097539,True,16,25,34,85,33,D,0,28.05,34.8,46.550000000000004,46.550000000000004,Persistence
TRGP,"Targa Resources, Inc. Common Stock",Energy,Oil & Gas Midstream,United States,電力/エネルギー,256.8699951171875,55.080894464,313.6241361883545,0.03948356377621097,0.019999626407974945,-0.23265869716863039,0.2939342153943729,-0.14592776721742945,0.6948101386289376,32.9711927713538,-0.04064954186062115,0.09632260870470792,True,33,19,15,40,90,S,-10,29.75,19.25,26.25,29.75,Acceleration
TRIN,Trinity Capital Inc. Common Stock,Financial Services,Asset Management,United States,その他,18.049999237060547,1.622471936,20.420234886875154,0.16593159880109862,0.40901317532577014,3.0,,-0.6899936658798912,0.5209040462157867,54.36891540864242,0.04891835052195431,0.0060573023830304785,True,5,14,40,100,75,A,-35,0.0,0.0,27.0,27.0,Persistence
TROX,Tronox Holdings plc Ordinary Shares (UK),Basic Materials,Chemicals,United States,その他,6.510000228881836,1.039647232,18.7559942094326,-0.057254391672088484,0.07859649122807018,-0.17486971627099016,0.09282263630089717,-3.0142857142857142,0.5456007720765642,57.0707105979681,-0.034554321722381834,0.37527524119640004,True,0,0,2,100,83,S,-5,18.3,18.3,37.7,37.7,Persistence
TRU,TransUnion Common Stock,Financial Services,Financial Data & Stock Exchanges,United States,その他,80.0199966430664,15.331831808,178.5362154101944,0.0938142358621349,0.09203382752140321,0.03269629909161972,0.5909359089220549,0.28043352041803754,0.4641812668160426,51.886429483828934,0.08175769586224774,0.14190893618490438,True,43,24,42,65,85,S,-20,30.5,16.25,36.35,36.35,Persistence
TRV,"The Travelers Companies, Inc. Common Stock",Financial Services,Insurance - Property & Casualty,United States,その他,384.30999755859375,80.157466624,844.3213784362792,0.051692943913155855,0.12218113262272497,0.12134106678230702,,,0.06448492777020068,61.97908766347879,0.14186882423139793,0.03250089024327938,True,0,12,22,40,37,C,-20,0.0,0.0,9.5,9.5,Persistence
TSLX,"Sixth Street Specialty Lending, Inc. Common Stock",Financial Services,Asset Management,United States,その他,19.100000381469727,1.814874368,9.318985686120987,-0.14390016365318176,-0.07473135190888276,1.0030917562934092,,,0.509471001605948,74.27885254635638,0.11692539196778333,0.15404678233435554,True,0,0,10,100,35,C,-25,0.0,0.0,12.5,12.5,Persistence
TSN,"Tyson Foods, Inc. Common Stock",Consumer Defensive,Farm Products,United States,その他,58.040000915527344,20.41856,185.98163773368836,0.021234688326548987,0.008093644220041225,-0.007525993769002665,0.06542862915817123,-0.19272976680384088,0.24087511593649408,50.155766664329526,-0.00076845434650946,0.1486664163650271,False,30,0,25,65,90,S,-20,21.25,0.0,28.0,28.0,Persistence
TTI,"Tetra Technologies, Inc. Common Stock",Industrials,Conglomerates,United States,その他,8.510000228881836,1.260099456,15.408334064416886,0.05311369679408323,-0.04335405948309174,0.13204498086632094,0.24717243696626578,1.8087334437086093,0.3334714492253918,45.45455202254717,-0.10030867861115078,0.3092532110648517,False,30,25,26,100,63,B,-5,38.8,35.05,46.9,46.9,Persistence
TWLO,Twilio Inc. Class A Common Stock,Technology,Software - Infrastructure,United States,ソフトウェア,241.27999877929688,36.619997184,537.8661988787842,0.13664851517574106,0.07320535057637981,0.08562376235553681,0.4891703932333706,0.43801020602170493,0.11069329406021355,67.93034219613264,0.1869401093547123,0.0,True,39,56,50,40,25,D,0,37.75,50.5,42.5,50.5,Transition
TXNM,"TXNM Energy, Inc. Common Stock",Utilities,Utilities - Regulated Electric,United States,電力/エネルギー,57.599998474121094,5.935455744,50.542558661079404,0.09862373103882459,0.01650218286116219,-0.13796373060449735,0.6239500629385031,0.17248785663726635,0.47313485003464134,55.023050061420825,0.0061947905073826024,0.024482876225792878,True,44,12,14,85,75,A,0,53.25,29.25,43.95,53.25,Acceleration
TXT,Textron Inc. Common Stock,Industrials,Aerospace & Defense,United States,防衛/宇宙,89.43000030517578,15.380789248,164.9080262627411,0.08006130491898993,0.0013885843747716143,0.06325277799362809,0.18210689911480504,0.42923076923076925,0.21391141265375918,47.40853445789409,-0.012962925279455553,0.11215010397334671,False,23,24,42,65,90,S,0,36.0,36.75,57.35,57.35,Persistence
TYL,"Tyler Technologies, Inc. Common Stock",Technology,Software - Application,United States,ソフトウェア,312.45001220703125,12.795537408,268.1071064746094,0.09099856254294712,0.09532568447512003,0.05488421817269879,0.46464066131010057,0.08013440125840225,0.1139596531810769,47.9079731100429,0.02461170605885835,0.4742996129527831,False,10,24,50,65,65,A,0,23.75,34.25,56.75,56.75,Persistence
UA,"Under Armour, Inc. Class C Common Stock",Consumer Cyclical,Apparel Manufacturing,United States,その他,5.929999828338623,2.528106496,16.234536810043334,-0.038328450460952186,-0.0942792717979459,-0.034097979643123645,0.4548307919063622,0.2887681302439003,0.4392589250976177,26.37794233460646,-0.04824578301529491,0.24746196164752804,True,31,12,10,100,73,A,-10,35.55,21.3,35.1,35.55,Acceleration
UAA,"Under Armour, Inc. Class A Common Stock",Consumer Cyclical,Apparel Manufacturing,United States,その他,6.110000133514404,2.604845056,48.633279262723924,-0.038328450460952186,-0.0942792717979459,-0.034097979643123645,0.4548307919063622,0.2887681302439003,0.4392589250976177,26.877466407478323,-0.04468555391925146,0.24938576464232703,True,31,12,10,100,73,A,-10,35.55,21.3,35.1,35.55,Acceleration
UBER,"Uber Technologies, Inc. Common Stock",Technology,Software - Application,United States,ソフトウェア,75.0199966430664,153.232850944,1527.4213854521943,0.18279594342625857,0.17963573938467317,0.16952661793769802,0.39754311090604993,0.4159535895576505,0.1954629300022653,55.79033127598871,0.045621498939337125,0.25054947266096744,False,47,33,79,25,73,A,0,46.3,35.8,64.30000000000001,64.30000000000001,Persistence
UGI,UGI Corporation Common Stock,Utilities,Utilities - Regulated Gas,United States,その他,34.18000030517578,7.331437568,42.70397968128204,0.010679611650485437,-0.19242831541218638,-0.1165644171779141,0.49855907780979825,0.010362694300518135,0.46138921226232055,22.92996106743425,-0.030678349207975797,0.140970692316638,False,28,24,30,85,63,B,0,40.05,37.05,50.35,50.35,Persistence
UHAL,U-Haul Holding Company Common Stock,Industrials,Rental & Leasing Services,United States,その他,75.2699966430664,14.714848256,13.208002660942078,0.03588368863195946,0.03608296534779655,-0.04075525888746739,0.8583448758566629,0.3194666605273536,0.3778268484148731,71.85631432554733,0.13662441773149933,0.0,True,20,12,21,65,10,D,0,25.75,19.75,29.8,29.8,Persistence
UHAL-B,U-Haul Holding Company Series N Non-Voting Common Stock ,Industrials,Rental & Leasing Services,United States,その他,66.0199966430664,12.90652672,20.79544728460922,0.03588368863195946,0.03608296534779655,-0.04075525888746739,0.8583448758566629,0.3194666605273536,0.3778268484148731,74.17379335075239,0.13141990802939804,0.0,True,20,12,21,65,10,D,0,25.75,19.75,29.8,29.8,Persistence
UI,Ubiquiti Inc. Common Stock,Technology,Communication Equipment,United States,通信/光通信,566.27001953125,34.271842304,48.35945966796875,0.334487085751028,-0.006195272175590772,0.14708351165578604,0.43420690137534024,0.18487709166995567,0.2028134591609266,65.06765415091583,0.022634633789260176,0.4771804229095147,False,44,46,49,40,45,C,0,43.5,45.0,45.95,45.95,Persistence
ULS,UL Solutions Inc. Class A Common Stock,Industrials,Specialty Business Services,United States,その他,78.20999908447266,15.790455808,80.02212476325988,0.06376306620209059,0.07169529499626587,0.0626984126984127,0.4945954798558795,0.40418118466898956,0.23382403286545703,36.544733633074586,-0.14786192578487695,0.25327428276601,False,16,12,50,65,41,C,0,25.85,22.85,51.95,51.95,Persistence
UMAC,"Unusual Machines, Inc. Common Stock",Technology,Computer Hardware,United States,その他,26.110000610351562,1.304364288,93.48006858520507,1.0123225640794355,,,0.34885001335361215,,0.014394821466733328,67.73669353204272,0.15065622488117367,0.2187312375554341,True,29,28,14,100,50,B,-15,26.75,26.0,27.700000000000003,27.700000000000003,Persistence
UNF,Unifirst Corporation Common Stock,Industrials,Specialty Business Services,United States,その他,290.3699951171875,5.251101184,44.35837230407715,0.0020272460885602927,0.08704877237245791,0.11606479736828164,0.3658812540290221,0.056914246729748166,0.026074499083024526,49.98208061537789,0.05125679152576655,0.035924191495445415,True,6,24,46,85,72,A,0,24.45,37.95,60.949999999999996,60.949999999999996,Persistence
UNM,Unum Group Common Stock,Financial Services,Insurance - Life,United States,その他,90.55999755859375,14.335647744,138.0184170791626,0.015167981485680332,0.03911054782389692,0.0365221052631579,,-0.5997117117117117,0.05931416228742715,55.173902572058005,0.0281513954878772,0.017662962631008215,True,0,0,37,65,75,A,-20,0.0,0.0,31.6,31.6,Persistence
USB,U.S. Bancorp Common Stock,Financial Services,Banks - Regional,United States,その他,63.939998626708984,99.62180608,537.6711287520027,0.04408267788549479,-0.02420304858458573,0.1583278200463116,,,0.09881345283059746,54.93826550002897,0.06004285193429114,0.008220918007737558,True,18,12,10,40,60,B,-20,5.5,1.0,7.5,7.5,Persistence
USFD,US Foods Holding Corp. Common Stock,Consumer Defensive,Food Distribution,United States,その他,108.87999725341797,23.977734144,269.72678399593354,0.04084272777675106,0.06405034132089783,0.045218310479490265,0.17410714285714285,0.15126050420168066,0.41045686007315496,81.37747579729358,0.13739399053973766,0.0,True,2,24,34,65,10,D,-20,0.0,8.75,16.950000000000003,16.950000000000003,Persistence
UTI,Universal Technical Institute Inc Common Stock,Consumer Defensive,Education & Training Services,United States,その他,28.950000762939453,1.594027008,37.832295247020724,0.1404815425959516,0.20625181097384296,0.45047460986472126,0.4967891950369548,-0.10138480770167378,0.33759936281908975,34.61538159232481,-0.29759944543421285,0.43457030602439783,False,13,14,76,100,25,D,-5,22.25,23.0,66.80000000000001,66.80000000000001,Persistence
UTZ,Utz Brands Inc Class A Common Stock ,Consumer Defensive,Packaged Foods,United States,その他,14.109999656677246,2.031306752,99.61758527611732,0.021004825432869714,-0.020164094006396883,0.021158036667113984,0.24902696691687518,3.0,0.36801975945017185,97.84481967199638,0.5246691315798957,0.004234327402515573,True,30,25,26,100,10,D,-20,18.5,14.75,21.299999999999997,21.299999999999997,Persistence
UUUU,Energy Fuels Inc Ordinary Shares (Canada),Energy,Uranium,United States,電力/エネルギー,14.140000343322754,3.53450496,104.79762274451255,-0.15607957600430142,1.0595338536173804,2.0306032760687174,0.20862534510482084,-0.8837655843722915,0.4785827409671835,65.34526718543117,0.005246640637789374,0.4898989648780181,False,0,0,10,85,45,C,-10,7.25,7.25,25.75,25.75,Persistence
UVE,UNIVERSAL INSURANCE HOLDINGS INC Common Stock,Financial Services,Insurance - Property & Casualty,United States,その他,44.150001525878906,1.228710272,10.3028443560791,0.0548352686158039,0.09266719460297704,0.13816128467649988,,1.9006462035541196,0.03538443389166794,70.71501891128158,0.10256424868591923,0.020629997058587587,True,12,24,42,100,10,D,-25,0.0,9.0,25.1,25.1,Persistence
UVV,Universal Corporation Common Stock,Consumer Defensive,Tobacco,United States,その他,50.84000015258789,1.265878144,12.722201638183593,-0.0077406860010776025,0.07229606053759532,0.06955690350778886,0.17507992901277838,-0.696372171136992,0.33968238019320024,38.246627316704235,-0.02550501085499336,0.10685396412686059,False,0,0,21,100,80,S,-5,18.0,18.0,47.55,47.55,Persistence
UWMC,UWM Holdings Corporation Class A Common Stock,Financial Services,Mortgage Finance,United States,その他,1.2799999713897705,2.068106368,27.85860417731166,0.09766002898728926,0.7829349635186401,-0.568800246867703,,0.5666889562884595,0.25953216896584236,30.065357083669895,-0.39855872430305933,0.7936038483031771,False,9,24,14,100,25,D,-30,0.0,5.5,7.700000000000003,7.700000000000003,Persistence
V,Visa Inc.,Financial Services,Credit Services,United States,その他,362.5,676.804624384,2596.8176875,0.1133997661860491,0.10023581294214927,0.11405663596042306,0.803625,0.15428235168244797,0.2526523934274845,52.19168074833619,0.05291163742411954,0.021513216169843374,True,40,26,71,10,60,B,-20,17.5,7.0,33.550000000000004,33.550000000000004,Persistence
VAC,Marriott Vacations Worldwide Corporation Common Stock,Consumer Cyclical,Resorts & Casinos,United States,その他,123.47000122070312,4.246790144,61.84056746139527,0.013086370042279041,0.05077215993230379,0.01524914089347079,0.3751987281399046,-1.195945945945946,0.582146151480988,77.22397237437332,0.2715076080820437,0.010260511256888778,True,4,0,18,85,10,D,0,16.75,13.75,33.15,33.15,Persistence
VFC,V.F. Corporation Common Stock,Consumer Cyclical,Apparel Manufacturing,United States,その他,14.989999771118164,5.89308672,131.41410514344216,0.010575409553030183,-0.041448199507890436,-0.10583848895143534,0.5477981890447545,0.49011977724910305,0.536411093136331,38.48964920579015,-0.0980502771757646,0.300708378408535,False,46,47,30,85,53,B,0,52.55,53.3,48.35,53.3,Transition
VG,"Venture Global, Inc. Class A common stock",Energy,Oil & Gas Midstream,United States,電力/エネルギー,13.260000228881836,32.942589952,205.07067713973998,1.7693081255028158,-0.37039382043814106,0.22472084367245657,0.50170673251507,0.4122579529737206,0.653014257381282,43.52201254843798,0.06175120229130683,0.24254005803584416,True,56,34,16,40,85,S,-10,46.5,30.0,25.799999999999997,46.5,Acceleration
VIA,"Via Transportation, Inc. Class A Common Stock",Technology,Software - Application,United States,ソフトウェア,22.209999084472656,1.891004928,18.724583928146362,0.28642893107839945,0.3567392929187395,,0.3955453944747972,0.5056912098692433,0.026090752221744794,70.33707788113657,0.26779532735619915,0.5881698691119586,False,28,31,14,100,0,D,-15,21.0,23.25,17.700000000000003,23.25,Transition
VIRT,"Virtu Financial, Inc. Class A Common Stock",Financial Services,Capital Markets,United States,その他,55.849998474121094,4.931592704,65.66144695606232,0.2624895331825486,0.2544618777669398,-0.030209166732915765,0.6426715761987909,-0.16485152695721142,0.445499161916468,46.9294865139303,-0.04215759511925416,0.1641724224903408,True,57,24,44,85,100,S,-20,45.5,20.75,45.45,45.5,Acceleration
VLO,Valero Energy Corporation Common Stock,Energy,Oil & Gas Refining & Marketing,United States,電力/エネルギー,298.30999755859375,85.891637248,866.4324386090088,-0.05538916392697931,-0.10282110440296754,-0.1792519687271449,0.04376176775045441,-0.1291551246537396,0.20181761743809065,37.57867822775849,0.08333325658585601,0.048720207978976325,True,30,0,25,40,62,B,0,34.7,12.2,36.15,36.15,Persistence
VLTO,Veralto Corp Common Stock ,Industrials,Pollution & Treatment Controls,United States,その他,98.33999633789062,23.974637568,172.80254986495973,0.05969574427113422,0.03425612427803226,0.031006160164271046,0.599491186625477,0.23658536585365852,0.3742363187313142,62.68947102752065,0.09796325474592218,0.09918716891619098,True,43,24,46,65,65,A,0,48.5,34.25,54.55,54.55,Persistence
VMC,Vulcan Materials Company (Holding Company) Common Stock,Basic Materials,Building Materials,United States,その他,284.69000244140625,36.889772032,307.7328112390137,0.07056095555226014,-0.04680090980351842,0.06379866579177602,0.2738411555074234,0.40838605632055575,0.2924900002395152,53.01080735492517,-0.013129609568665584,0.1349201300412643,False,23,24,26,40,90,S,0,32.25,33.0,42.3,42.3,Persistence
VMI,"Valmont Industries, Inc. Common Stock",Industrials,Conglomerates,United States,その他,493.6400146484375,9.529650176,111.19241329956054,0.007133192017538995,-0.02384996112200504,-0.039273229388412635,0.30212114611186563,-0.3685483560307931,0.2747342274975225,39.22604221142918,-0.07012755424206588,0.15295644748937162,True,34,0,25,85,80,S,0,46.25,20.75,51.0,51.0,Persistence
VNT,Vontier Corporation Common Stock ,Technology,Scientific & Technical Instruments,United States,その他,35.09000015258789,4.744167936,54.689870637817386,0.0324269889224572,-0.037542000516929436,-0.028011556337143573,0.47171283651970347,0.279292343387471,0.48880699505585057,82.96019050709847,0.1673826507953096,0.19495326971935575,False,31,12,30,85,25,D,0,38.5,24.25,42.75,42.75,Persistence
VOYA,"Voya Financial, Inc. Common Stock",Financial Services,Financial Conglomerates,United States,その他,101.4000015258789,9.19356416,101.47605152702332,0.012165758459003929,0.0939969499514765,0.2410529938059188,,,0.0181036458886609,61.27729885855015,0.08232733707567565,0.0009852066415871306,True,0,0,30,85,40,C,-20,0.0,0.0,25.75,25.75,Persistence
VOYG,"Voyager Technologies, Inc. Class A Common Stock",Industrials,Aerospace & Defense,United States,防衛/宇宙,41.849998474121094,2.535036928,72.87926134277343,0.15424469413233458,0.05966397671649689,,0.17951676190819557,-0.9002449055034425,0.4443802394012494,80.65335727292478,0.218730842745387,0.19161680308919002,True,5,2,2,100,35,C,-10,12.25,10.0,23.1,23.1,Persistence
VRT,"Vertiv Holdings, LLC Class A Common Stock",Industrials,Electrical Equipment & Parts,United States,電力/エネルギー,272.3999938964844,104.870772736,1756.680320639038,0.27685414014328863,0.16735633523720714,0.20586840024598085,0.363170705480992,0.6626145172656801,0.26431332088696735,43.99650537741753,-0.09409189269138242,0.27582416958332723,True,40,29,85,25,73,A,0,41.05,32.8,67.60000000000001,67.60000000000001,Persistence
VRTS,"Virtus Investment Partners, Inc. Common Stock",Financial Services,Asset Management,United States,その他,165.16000366210938,1.103619328,25.725322170410156,-0.060835208946230464,0.07288424630266731,-0.04563131791421076,0.5273931970189635,-18.37473849372385,0.6625209731543624,56.538311626421816,0.09080728593059469,0.12933816619378133,True,8,12,8,100,85,S,-45,0.0,0.0,1.3999999999999986,1.3999999999999986,Persistence
VSH,"Vishay Intertechnology, Inc. Common Stock",Technology,Semiconductors,United States,半導体,35.40999984741211,5.431156224,205.90932616270067,0.04475135544921734,-0.13652317944060116,-0.02726481750305441,0.19383307136284605,0.39208345573416586,0.2534712906456062,46.92404418247902,-0.2633323730947677,0.4543913865195773,True,23,30,6,85,45,C,0,34.5,39.75,33.55,39.75,Transition
VST,Vistra Corp. Common Stock,Utilities,Utilities - Independent Power Producers,United States,電力/エネルギー,140.58999633789062,47.40448256,704.5435692979431,0.029842080817464003,0.16543744502334393,0.07655885780885781,0.3288984101928064,-0.46961770623742455,0.4829843561973526,37.22466116409116,-0.09316825432277331,0.35216825600506246,False,4,0,33,40,53,B,0,14.3,11.3,38.75,38.75,Persistence
VSTS,Vestis Corporation Common Stock,Industrials,Rental & Leasing Services,United States,その他,14.210000038146973,1.877213184,16.958782445526122,-0.025297773912795547,-0.006889921940646009,0.05146287409215837,0.265009018812442,-0.9853162391857118,0.48803502012453126,13.857652351416846,0.0050926586132394504,0.13878787647594104,True,0,0,17,100,73,A,-5,17.3,17.3,43.95,43.95,Persistence
VSXY,Victorias Secret & Co. Common Stock ,Consumer Cyclical,Apparel Retail,United States,その他,98.54000091552734,7.833114112,167.9732563606262,0.05184590690208668,0.007764477515367195,-0.0255359394703657,0.3638028383946284,0.2631578947368421,0.5677239178136845,74.18512868343718,0.21996817544468203,0.0,True,39,12,26,85,10,D,0,43.0,22.75,37.55,43.0,Acceleration
VTOL,"Bristow Group, Inc. Common Stock",Energy,Oil & Gas Equipment & Services,United States,電力/エネルギー,45.7599983215332,1.35641792,8.822298876399994,0.05299998375122131,0.09099688692020912,0.09468834057259341,0.6677369923891925,1.7231349313223807,0.3950380333506255,56.96863706265543,0.05503907186956973,0.08229144440931253,True,24,37,50,100,85,S,-5,36.5,46.25,64.5,64.5,Persistence
VVV,Valvoline Inc. Common Stock,Consumer Cyclical,Auto & Truck Dealerships,United States,その他,35.34000015258789,4.507125248,75.38587472549439,0.05639283508338481,0.12157949428472463,0.16778577784968854,0.38502017189966675,-0.06633906633906633,0.520259137207909,28.483598948612965,-0.06777738347993874,0.13105478869746515,True,4,0,41,85,63,B,0,22.05,19.05,56.4,56.4,Persistence
VVX,"V2X, Inc. Common Stock",Industrials,Aerospace & Defense,United States,防衛/宇宙,84.41000366210938,2.645861888,74.7070737411499,0.036528768635090594,0.09059237581646408,0.37091592121375644,0.0833434894971873,-0.2985399051350794,0.33472190048889916,59.95181163223665,0.04033153210418466,0.0704767544163282,True,0,12,48,100,87,S,0,23.700000000000003,32.7,68.80000000000001,68.80000000000001,Persistence
VYX,NCR Voyix Corporation Common Stock,Technology,Information Technology Services,United States,その他,8.25,1.139076736,15.88846875,-0.046486870120652946,-0.10991787744788377,-0.002520478890989288,0.23595087458131744,-0.07449856733524356,0.33817903596021426,51.70939961938623,0.050607440538926844,0.398688058350409,False,21,0,6,100,58,B,-15,21.549999999999997,5.800000000000001,24.900000000000006,24.900000000000006,Persistence
VZ,Verizon Communications Inc. Common Stock,Communication Services,Telecom Services,United States,その他,47.060001373291016,195.523723264,1265.1681359197617,0.025247054633943673,0.006075805753355128,-0.020908393320422408,0.5892279526163064,0.03984779621604482,0.44932444132212596,67.0498172489379,0.04813918151179261,0.05445465669602088,True,40,12,30,25,67,A,0,40.45,19.45,36.15,40.45,Acceleration
W,Wayfair Inc. Class A Common Stock,Consumer Cyclical,Internet Retail,United States,その他,106.5999984741211,14.600795136,431.05841382980344,0.051134925322757575,-0.0126635007914688,-0.017596988050417418,0.30223970458376814,2.963855421686747,1.2491279069767443,62.76422463334971,0.23162952994156927,0.1045779442124331,True,49,37,24,65,50,B,-20,31.5,22.5,19.450000000000003,31.5,Acceleration
WAL,Western Alliance Bancorporation Common Stock (DE),Financial Services,Banks - Regional,United States,その他,81.33000183105469,8.873172992,81.46500963409424,0.12275371687136392,0.20821618244298656,0.030337169067353342,,0.01153655601953429,0.06980403992497898,51.10429511026569,0.00030996221486274966,0.14480932731132068,True,7,26,30,85,100,S,-30,0.0,12.25,27.75,27.75,Persistence
WBI,WaterBridge Infrastructure LLC Class A Shares Representing Limited Liability Company Interests,Energy,Oil & Gas Equipment & Services,United States,電力/エネルギー,32.0,1.50451392,19.49264,0.6615859827503351,0.5754381945240005,,0.27065015326713004,-0.3812600218447166,0.3923719331246858,36.76612049303955,-0.01035628609688847,0.1162662024556074,True,18,22,6,100,90,S,-5,32.5,35.5,41.3,41.3,Persistence
WBS,Webster Financial Corporation Common Stock,Financial Services,Banks - Regional,United States,その他,79.02999877929688,12.805502976,364.6187296180725,0.1190612383082341,-0.027264997502742458,0.07214781997807096,,-0.2629868991038075,0.04424895820228506,69.70020739854911,0.04628378164081654,0.0011375627421732414,True,23,14,25,65,55,B,-20,12.5,5.75,21.0,21.0,Persistence
WCC,"WESCO International, Inc. Common Stock",Industrials,Industrial Distribution,United States,その他,363.739990234375,17.726089216,270.04966224975584,0.07755238601572956,-0.025302431963976198,0.04505581206436945,0.21147637904121067,-0.9749627421758569,0.3960981879247525,68.17404466013441,0.056757293263270746,0.027693172146792077,True,18,0,21,65,40,C,0,27.25,13.75,35.8,35.8,Persistence
WD,"Walker & Dunlop, Inc Common Stock",Financial Services,Mortgage Finance,United States,その他,44.43000030517578,1.525092864,15.086428753623963,0.08990454661851319,0.07402033306778953,-0.16231381375059284,0.4227330985995369,-6.842729256516435,0.4888199928925474,39.23240816768073,-0.12314978675398106,0.4723316410155067,False,34,0,6,100,33,D,-35,8.799999999999997,0.0,0.0,8.799999999999997,Acceleration
WEC,"WEC Energy Group, Inc. Common Stock",Utilities,Utilities - Regulated Electric,United States,電力/エネルギー,107.62999725341797,35.071168512,221.65967414352417,0.13955976232281772,-0.03295850669065557,-0.07339487777939858,0.4217814103937715,-3.3652194102623634,0.43313152802014043,30.81120937808531,-0.04988147015784135,0.09440472330461339,False,39,14,6,40,80,S,0,43.25,24.5,29.3,43.25,Acceleration
WEX,WEX Inc. common stock,Technology,Software - Infrastructure,United States,ソフトウェア,185.22000122070312,6.312595968,163.71873737899782,0.012403926641808082,0.031475667189952906,0.08397855866587255,0.5863650030066145,-0.26869300911854105,0.33739365950206607,71.06026166775855,0.1968703840525468,0.022791981737111035,True,8,0,41,85,10,D,0,19.75,13.75,45.8,45.8,Persistence
WFC,Wells Fargo & Company Common Stock,Financial Services,Banks - Diversified,United States,その他,87.25,263.843938304,1448.39144375,0.01704821619519782,-0.0036442001525479133,0.11065243115318417,,,0.08984092661792556,54.90617076576206,0.03706077384387836,0.07992172115623812,True,18,12,10,25,87,S,-30,0.0,0.0,0.0,0.0,Acceleration
WH,"Wyndham Hotels & Resorts, Inc. Common Stock ",Consumer Cyclical,Lodging,United States,その他,73.80999755859375,5.477522432,100.33362018127441,0.014914772727272728,0.007874015748031496,-0.06742323097463285,,0.33195020746887965,0.6128646580583453,37.1268480119793,-0.06996656190851273,0.17459741631476544,False,35,12,20,85,70,A,-10,36.0,18.75,36.25,36.25,Persistence
WHD,"Cactus, Inc. Class A Common Stock",Energy,Oil & Gas Equipment & Services,United States,電力/エネルギー,67.9000015258789,5.444182528,59.303521832695004,-0.044930404473656725,0.029950043757292884,0.5935639170270596,0.37015673957950085,-0.20699653711855043,0.020169190598290143,75.64749007972719,0.20451178096820394,0.009337604042888907,True,4,0,37,85,10,D,0,16.75,13.75,43.6,43.6,Persistence
WHR,Whirlpool Corporation Common Stock,Consumer Cyclical,"Furnishings, Fixtures & Appliances",United States,その他,43.279998779296875,2.821828864,107.52006816741944,-0.0652134642018426,-0.14638910305833977,-0.01363820726019063,0.15369750064416388,-0.7890625,0.44934058378648667,69.24471065116539,0.09595698867321054,0.5350641295264646,False,18,35,17,100,30,D,0,31.5,44.25,40.35,44.25,Transition
WK,Workiva Inc. Class A Common Stock,Technology,Software - Application,United States,ソフトウェア,65.13999938964844,3.54468992,51.84036571426392,0.19749824010396924,0.1724353571763018,0.17134836160818034,0.7847197728156569,0.5972235119323985,0.533853429130587,64.83762900947295,0.23696382630944726,0.30189689107274964,False,65,39,82,85,23,D,0,63.8,44.3,70.94999999999999,70.94999999999999,Persistence
WKC,World Kinect Corporation Common Stock,Energy,Oil & Gas Refining & Marketing,United States,電力/エネルギー,36.43000030517578,1.863453568,55.40329091411591,-0.12453519256308102,-0.11617124915637196,-0.19193606026783824,0.025674086996093897,0.18570683359415754,0.11887992632889374,54.006585065894626,0.07152920079222501,0.09490682471612966,True,2,12,30,100,85,S,-5,20.0,27.5,53.5,53.5,Persistence
WLK,Westlake Corporation Common Stock,Basic Materials,Specialty Chemicals,United States,その他,77.47000122070312,9.900398592,89.50883941040038,-0.0800527096030308,-0.03235575390500478,-0.20552108395593263,0.07278424350940017,-2.7320261437908497,0.3211261960823606,51.22914390629302,-0.016046546874408665,0.36838227729144074,False,0,0,6,85,73,A,0,20.05,20.05,39.150000000000006,39.150000000000006,Persistence
WLY,"John Wiley & Sons, Inc. Common Stock",Communication Services,Publishing,United States,その他,52.33000183105469,2.656289536,22.631114027874755,-0.0006443694567685318,-0.10431359107137422,-0.07273280855487896,0.7426174808890755,0.4745236485640602,0.2966624199693034,56.46671166485239,0.08507787218100397,0.06083990156821571,True,38,24,38,100,72,A,0,50.7,40.2,60.300000000000004,60.300000000000004,Persistence
WM,"Waste Management, Inc. Common Stock",Industrials,Waste Management,United States,その他,227.67999267578125,91.007156224,448.93371755828855,0.1423650455513756,0.08014295505727993,0.03695806680881308,0.4043802571020473,0.30430754979157015,0.4997709174211847,33.92706074302495,0.00677292483358441,0.06869543589338695,True,44,14,38,40,77,A,0,46.7,24.2,46.300000000000004,46.7,Acceleration
WMB,"Williams Companies, Inc. (The) Common Stock",Energy,Oil & Gas Midstream,United States,電力/エネルギー,70.4000015258789,86.110994432,492.6314026774979,0.1377701609064077,-0.037040432749610344,-0.005289557683538532,0.619581589958159,-0.6084494773519163,0.5018182439007733,35.670726565929996,-0.03489099323068852,0.10680265833458283,True,41,21,29,40,90,S,0,45.75,30.75,43.95,45.75,Acceleration
WMS,"Advanced Drainage Systems, Inc. Common Stock",Industrials,Building Products & Equipment,United States,その他,143.9499969482422,10.854598656,97.00718319343567,0.05031634727786395,0.010357376813071474,-0.06403134230139418,0.38270232915548774,0.5446822250622038,0.3979909104689851,51.18336127143774,0.0039868183851503895,0.17716513936870135,False,43,12,30,65,90,S,0,51.0,27.75,50.75,51.0,Acceleration
WOR,"Worthington Enterprises, Inc. Common Shares",Industrials,Metal Fabrication,United States,その他,58.41999816894531,2.858748416,12.38095021194458,0.1972070496341533,-0.07380651728381485,-0.1218142314112976,0.2738559261908416,0.06937498429293056,0.18925805599806067,71.85038727062536,0.03269994735179432,0.12133584222012153,True,37,26,30,100,65,A,0,49.25,41.0,54.5,54.5,Persistence
WRB,W.R. Berkley Corporation Common Stock,Financial Services,Insurance - Property & Casualty,United States,その他,71.5999984741211,26.579890176,149.33647481746672,0.06929465563392585,0.13045750692812624,0.07967155397194847,,-0.04481792011464574,0.06443512570865365,44.68482603097408,0.022324499559283915,0.06331048589654106,True,0,12,37,65,87,S,-20,0.0,7.450000000000003,34.0,34.0,Persistence
WS,"Worthington Steel, Inc. Common Shares",Basic Materials,Steel,United States,その他,38.2599983215332,1.949275904,8.610603922252656,0.11330941066175282,-0.09832099341223109,-0.049089447570474266,0.11710900749172426,-0.1991991991991992,0.15729888119339372,62.883943381045256,0.01792785231285811,0.20743109433159512,True,23,2,25,100,80,S,-5,35.25,19.5,49.75,49.75,Persistence
WSM,"Williams-Sonoma, Inc. Common Stock (DE)",Consumer Cyclical,Specialty Retail,United States,その他,251.77999877929688,29.646241792,231.05095147979736,0.012354858775956712,-0.00504615611693055,-0.10649303578557498,0.46152631239163316,-0.07307217726176937,0.2692033795080186,73.84306674110147,0.12332503863969235,0.0,True,38,0,29,65,10,D,0,39.25,10.75,34.2,39.25,Acceleration
WSO,"Watsco, Inc. Common Stock",Industrials,Industrial Distribution,United States,その他,330.1000061035156,13.596251136,179.89129932617186,-0.049752064662050684,0.045930903610727804,0.0012953745382401492,0.28047833420128215,-0.2798730033969842,0.10845054311572085,34.36612534184738,-0.1108389876408252,0.27124885289601103,False,0,0,25,65,53,B,0,15.05,15.05,40.6,40.6,Persistence
WT,"WisdomTree, Inc. Common Stock",Financial Services,Asset Management,United States,その他,21.25,3.219632384,57.27820625,0.15433782908656488,0.22548455026000258,0.15825714712372863,0.5406043102522922,0.30435918690982483,0.6322698637950852,55.79793660286426,0.12164430361623603,0.05091556144371728,True,21,33,73,85,57,B,-30,4.200000000000003,13.200000000000003,42.80000000000001,42.80000000000001,Persistence
WTRG,"Essential Utilities, Inc. Common Stock",Utilities,Utilities - Regulated Water,United States,その他,40.040000915527344,11.356664832,83.40011870697022,0.18623248117431798,0.01572140553426194,-0.10236220472440945,0.578350167601829,0.2500572037382643,0.42660170168321404,55.813963010428644,0.04283870878157135,0.029797891006041622,True,48,26,10,65,75,A,0,53.25,36.75,36.75,53.25,Acceleration
WTS,"Watts Water Technologies, Inc. Class A Common Stock",Industrials,Specialty Industrial Machinery,United States,その他,392.2300109863281,13.093833728,81.42891143081665,0.08271911908356273,0.09526820016534553,0.03879767618085375,0.4945663317613287,0.09361571516267649,0.06861724281549354,85.61983255687261,0.13961147432880955,0.0,True,10,24,50,65,10,D,0,18.25,28.75,45.75,45.75,Persistence
WTTR,"Select Water Solutions, Inc. Class A common stock",Energy,Oil & Gas Equipment & Services,United States,電力/エネルギー,20.229999542236328,2.887503872,40.42672073522568,-0.03080488266790627,-0.08406834313872052,0.14266264000807255,0.1438155845337032,-2.294105259747623,0.22105812691305907,49.49709176497921,0.06342581201211737,0.08811131453931823,True,18,0,10,100,85,S,0,37.0,23.5,47.5,47.5,Persistence
WU,Western Union Company (The) Common Stock,Financial Services,Credit Services,United States,その他,7.079999923706055,2.208103168,95.40250337194443,-0.037769912345297765,-0.03380766582510902,-0.026477488548765502,0.3703310538919199,0.42509974610083423,0.37365005598430034,28.415300688834293,-0.07352654887667923,0.2709213940679019,False,9,12,30,100,36,C,-20,5.350000000000001,7.600000000000001,28.700000000000003,28.700000000000003,Persistence
XPO,"XPO, Inc. Common Stock",Industrials,Trucking,United States,その他,202.5800018310547,23.719376896,210.1028101990509,0.010530227948463826,0.042355371900826444,0.0033687483804094327,0.12001961505455437,3.0,0.49914571637783745,41.21636959166151,-0.033248823585891,0.11293074325678705,True,12,12,34,65,100,S,0,28.75,28.75,54.95,54.95,Persistence
XPRO,Expro Ltd Ordinary Shares,Energy,Oil & Gas Equipment & Services,United States,電力/エネルギー,16.959999084472656,1.905441536,17.116285476036072,-0.061715831719019475,0.13223344817830143,0.18238449044800056,0.11935573192623958,2.7750453615411343,0.07458236240476049,59.108510727169026,0.10181377507062402,0.07775967116022393,True,12,12,30,100,57,B,-5,24.7,24.7,47.9,47.9,Persistence
XXI,"Twenty One Capital, Inc. Class A Common Stock",Consumer Defensive,Education & Training Services,United States,その他,4.550000190734863,1.57797568,8.044832587237359,,,,,,0.12333634268776654,31.753556108927683,-0.15386614335164372,0.8470588171181559,False,0,0,10,100,33,D,-5,13.3,13.3,32.1,32.1,Persistence
XYL,Xylem Inc. Common Stock New,Industrials,Specialty Industrial Machinery,United States,その他,120.31999969482422,28.0931328,243.75929538173676,0.055244101845363235,0.16268332428028245,0.3335747917421224,0.38461538461538464,-0.03397027600849257,0.11698990586367244,49.4795229432407,0.03658903611242258,0.20533460273540222,False,7,12,56,65,90,S,0,24.0,27.75,65.05000000000001,65.05000000000001,Persistence
XYZ,"Block, Inc. Class A Common Stock,",Technology,Software - Infrastructure,United States,ソフトウェア,79.0,47.462805504,421.597325,0.003011062576745717,0.1006327769007525,0.2500649827080686,0.428208016117265,0.5608802094498336,0.22671053396435747,49.37794714539093,0.030777190815794973,0.0666351539498973,True,19,19,54,40,87,S,0,28.950000000000003,28.950000000000003,57.10000000000001,57.10000000000001,Persistence
YELP,Yelp Inc. Common Stock,Communication Services,Internet Content & Information,United States,その他,25.559999465942383,1.405562368,26.020462856321334,0.03745651755161239,0.056094631363392274,0.12028092024673524,0.9026618565075377,0.30268686510939036,0.025954690665826445,46.04316137783946,0.030578655629285606,0.24445763870815843,False,20,24,57,100,90,S,-5,34.0,37.0,69.35,69.35,Persistence
YETI,"YETI Holdings, Inc. Common Stock",Consumer Cyclical,Leisure,United States,その他,52.20000076293945,3.95458432,59.96396787641525,0.02110583630667265,0.10318843585358045,0.039800729929752726,0.5740901496071168,-0.07949332337961013,0.18492688304687158,55.847466311834914,0.055633093234851695,0.005903591096985939,True,8,0,45,85,60,B,0,24.75,18.75,58.0,58.0,Persistence
YOU,"Clear Secure, Inc. Class A Common Stock",Technology,Software - Application,United States,ソフトウェア,51.290000915527344,6.964570624,71.26668692211152,0.1691019198222425,0.2557274613374969,0.4026778896930737,0.6442368216843422,0.21091229927651314,0.0861774508359726,36.35942475981008,-0.05557225704466393,0.17519159173506194,True,25,21,97,85,80,S,0,39.5,36.5,90.6,90.6,Persistence
YUM,"Yum! Brands, Inc.",Consumer Cyclical,Restaurants,United States,その他,150.75999450683594,41.142566912,424.02303775009153,0.08809113789905948,0.06684567552289429,0.034200526161940956,0.4616508400292184,0.14455307262569833,1.609003293888008,55.991510316798944,-0.01727785087322404,0.09988662270962158,False,40,24,40,40,90,S,-40,5.0,0.0,10.0,10.0,Persistence
ZETA,Zeta Global Holdings Corp. Class A Common Stock,Technology,Software - Infrastructure,United States,ソフトウェア,26.639999389648438,6.64022272,254.3643085722351,0.2972038888237084,0.3801595393585766,0.2331152140327365,0.6063465954557021,0.791582513518796,0.13108071437502827,68.71468677321059,0.244638777755009,0.015884754710876383,True,36,49,97,85,25,D,0,42.25,52.0,79.6,79.6,Persistence
ZWS,Zurn Elkay Water Solutions Corporation Common Stock,Industrials,Pollution & Treatment Controls,United States,その他,51.41999816894531,8.528731648,54.80471954841614,0.08260453239706352,0.02352172492649461,0.1940240287096271,0.4509699864378796,0.1652557968347442,0.20646413376128983,66.36527342856738,0.05334744879219524,0.03309518853197854,True,28,24,58,85,52,B,0,38.95,35.95,63.550000000000004,63.550000000000004,Persistence
